BookingID,BookingDate,TravelStartDate,CustomerID,PackageID,AgentID,Adults,Children,UnitPriceUSD,DiscountPct,Status,PaymentMethod
BK-2026-00001,2026-01-01,2026-03-11,C00374,PK06,AG06,2,0,1440,0.0,Completed,Bank Transfer
BK-2026-00002,2026-01-01,2026-02-17,C00383,PK05,AG00,2,1,895,0.0,Completed,Card
BK-2026-00003,2026-01-01,2026-02-23,C00641,PK04,AG06,2,0,575,0.05,Completed,M-Pesa
BK-2026-00004,2026-01-01,2026-04-11,C00686,PK13,AG03,2,0,7130,0.0,Cancelled,Bank Transfer
BK-2026-00005,2026-01-01,2026-03-01,C01099,PK06,AG00,2,1,1440,0.0,Completed,Bank Transfer
BK-2026-00006,2026-01-01,2026-02-08,C01171,PK09,AG00,2,0,2990,0.15,Completed,Bank Transfer
BK-2026-00007,2026-01-01,2026-10-27,C01259,PK12,AG00,9,0,6350,0.05,Confirmed ,PayPal
BK-2026-00008,2026-01-01,2026-01-14,C01864,PK04,AG02,2,0,660,0.0,Completed,Bank Transfer
BK-2026-00009,2026-01-01,2026-02-20,C02448,PK18,AG04,1,0,5980,0.15,Completed,Card
BK-2026-00010,2026-01-01,2026-01-26,C02705,PK11,AG10,9,0,5160,0.1,Completed,Bank Transfer
BK-2026-00011,2026-01-01,2026-05-24,C03701,PK12,AG04,2,3,5520,0.0,Completed,PayPal
BK-2026-00012,2026-01-01,2026-01-31,C04311,PK05,AG00,2,0,1030,0.05,Completed,Card
BK-2026-00013,2026-01-01,2026-02-18,C04421,PK16,AG05,1,0,5290,0.0,Completed,PayPal
BK-2026-00014,2026-01-01,2026-06-07,C04633,PK12,AG00,2,0,5520,0.0,Completed,PayPal
BK-2026-00015,2026-01-01,2026-03-10,C05367,PK12,AG06,2,1,5520,0.0,Cancelled,Card
BK-2026-00016,2026-01-02,2026-04-26,C00212,PK13,AG03,2,0,7130,0.05,Completed,Bank Transfer
BK-2026-00017,2026-01-02,2026-05-11,C01190,PK09,AG01,2,0,2990,0.15,Completed,Bank Transfer
BK-2026-00018,2026-01-02,2026-07-04,C01195,PK10,AG03,9,0,1175,0.1,Confirmed,Bank Transfer
BK-2026-00019,2026-01-02,2026-01-16,C01412,PK06,AG01,1,0,1655,0.0,Completed,PayPal
BK-2026-00020,2026-01-02,2026-02-11,C02450,PK01,AG02,2,0,485,0.0,Completed,Bank Transfer
BK-2026-00021,2026-01-02,2026-02-27,C02600,PK03,AG03,2,0,620,0.0,Completed,M-Pesa
BK-2026-00022,2026-01-02,2026-03-31,C03248,PK08,AG00,8,0,1355,0.0,Completed,Bank Transfer
BK-2026-00023,2026-01-02,2026-01-05,C05690,PK02,AG02,2,3,505,0.0,Cancelled,Card
BK-2026-00024,2026-01-02,2026-01-15,C06166,PK10,AG03,2,0,1175,0.0,Completed,Bank Transfer
BK-2026-00025,2026-01-03,2026-01-16,C00698,PK05,AG05,7,0,1030,,Completed,M-Pesa
BK-2026-00026,2026-01-03,2026-02-24,C00872,PK14,AG12,8,0,4715,0.1,Completed,Card
BK-2026-00027,2026-01-03,2026-01-29,C01567,PK01,AG03,9,0,555,0.1,Completed,Card
BK-2026-00028,2026-01-03,2026-02-24,C02306,PK01,AG05,2,1,485,0.0,Completed,M-Pesa
BK-2026-00029,2026-01-03,2026-11-22,C02489,PK16,AG06,2,0,5290,0.1,Confirmed,Card
BK-2026-00030,2026-01-03,2026-07-06,C02520,PK16,AG00,1,0,6085,0.0,Confirmed ,Bank Transfer
BK-2026-00031,2026-01-03,2026-07-05,C02639,PK18,AG04,4,0,6875,0.1,Confirmed,Card
BK-2026-00032,2026-01-03,2026-02-23,C03206,PK05,AG02,1,0,895,0.0,Completed,Card
BK-2026-00033,2026-01-03,2026-01-15,C03746,PK02,AG01,2,0,505,0.0,Cancelled,Card
BK-2026-00034,2026-01-03,2026-02-08,C04244,PK01,AG00,1,0,485,0.0,Completed,Bank Transfer
BK-2026-00035,2026-01-03,2026-08-31,C04367,PK18,AG09,5,0,6875,0.05,Confirmed,Bank Transfer
BK-2026-00036,2026-01-03,2026-01-22,C05357,PK02,AG00,1,0,505,0.0,Completed,Card
BK-2026-00037,2026-01-03,2026-09-19,C05559,PK16,AG03,2,0,6085,0.0,Cancelled,M-Pesa
BK-2026-00038,2026-01-03,2026-02-08,C06101,PK05,AG00,2,0,895,0.0,Completed,M-Pesa
BK-2026-00039,2026-01-04,2026-06-15,C00302,PK12,AG13,12,0,5520,,Completed,Card
BK-2026-00040,2026-01-04,2026-03-18,C00535,PK14,AG02,2,3,4715,0.0,completed,Card
BK-2026-00041,2026-01-04,2026-02-22,C01172,PK16,AG01,7,0,5290,0.05,Completed,M-Pesa
BK-2026-00042,2026-01-04,2026-03-28,C01463,PK13,AG00,6,0,7130,0.1,Completed,PayPal
BK-2026-00043,2026-01-04,2026-10-01,C02036,PK13,AG01,2,2,8200,0.1,Confirmed,PayPal
BK-2026-00044,2026-01-04,2026-02-28,C04068,PK06,AG10,9,0,1440,0.15,Completed,PayPal
BK-2026-00045,2026-01-04,2026-05-01,C04359,PK08,AG04,1,0,1355,0.1,Cancelled,Card
BK-2026-00046,2026-01-04,2026-07-14,C04627,PK06,AG06,2,0,1655,0.0,Confirmed,Card
BK-2026-00047,2026-01-04,2026-05-02,C06034,PK01,AG09,2,0,485,0.1,Completed,Card
BK-2026-00048,2026-01-04,2026-03-16,C06062,PK03,AG00,9,0,620,0.1,Completed,PayPal
BK-2026-00049,2026-01-04,2026-02-26,C06081,PK07,AG02,7,0,2700,0.15,Completed,Bank Transfer
BK-2026-00050,2026-01-04,2026-06-29,C06321,PK15,AG03,2,1,4485,,Confirmed,Card
BK-2026-00051,2026-01-05,2026-03-02,C00434,PK04,AG04,2,1,575,0.1,Completed,Bank Transfer
BK-2026-00052,2026-01-05,2026-02-28,C00891,PK16,AG00,1,0,5290,0.0,Completed,Card
BK-2026-00053,2026-01-05,2026-02-16,C01069,PK03,AG03,2,2,620,0.05,cancelled,Card
BK-2026-00054,2026-01-05,2026-02-15,C01224,PK16,AG07,2,2,5290,0.05,Completed,Bank Transfer
BK-2026-00055,2026-01-05,2026-01-26,C02085,PK10,AG00,2,0,1175,0.0,Completed,Card
BK-2026-00056,2026-01-05,2026-02-18,C02218,PK04,AG00,2,0,575,0.1,COMPLETED,Bank Transfer
BK-2026-00057,2026-01-05,2026-02-24,C02486,PK05,AG03,7,0,895,0.05,Completed,Card
BK-2026-00058,2026-01-05,2026-07-19,C03383,PK15,AG06,2,0,5160,0.0,Confirmed,Card
BK-2026-00059,2026-01-05,2026-02-07,C03955,PK06,AG06,2,3,1440,0.0,Completed,Card
BK-2026-00060,2026-01-05,2026-06-22,C04336,PK12,AG02,2,3,5520,0.0,Completed,Card
BK-2026-00061,2026-01-05,2026-04-21,C04644,PK18,AG00,4,0,5980,0.1,Completed,PayPal
BK-2026-00062,2026-01-05,2026-04-19,C04684,PK06,AG00,2,3,1440,0.1,Completed,Card
BK-2026-00063,2026-01-05,2026-01-20,C04866,PK05,AG03,2,0,1030,0.1,Completed,PayPal
BK-2026-00064,2026-01-05,2026-01-24,C05066,PK10,AG10,2,1,1175,0.1,Completed,Bank Transfer
BK-2026-00065,2026-01-05,2026-02-02,C05705,PK08,AG03,2,2,1355,0.0,Completed,M-Pesa
BK-2026-00066,2026-01-05,2026-02-21,C05857,PK15,AG01,2,0,4485,0.1,Completed,Card
BK-2026-00067,2026-01-05,2026-07-20,C06130,PK07,AG03,5,0,3110,0.1,Confirmed,M-Pesa
BK-2026-00068,2026-01-05,2026-03-25,C06270,PK17,AG11,10,0,11270,0.0,Completed,Card
BK-2026-00069,2026-01-06,2026-08-09,C01699,PK13,AG02,1,0,8200,0.05,Confirmed,Bank Transfer
BK-2026-00070,2026-01-06,2026-03-14,C02288,PK06,AG12,5,0,1440,0.05,Completed,M-Pesa
BK-2026-00071,2026-01-07,2026-02-06,C00113,PK01,AG02,2,2,485,0.05,Completed,Card
BK-2026-00072,2026-01-07,2026-03-06,C00155,PK05,AG00,2,2,895,0.0,Completed,Bank Transfer
BK-2026-00073,2026-01-07,2026-09-11,C00452,PK18,AG12,11,0,6875,0.0,Confirmed,Card
BK-2026-00074,2026-01-07,2026-11-20,C00469,PK17,AG00,2,0,11270,0.0,Confirmed,Card
BK-2026-00075,2026-01-07,2026-02-07,C00504,PK05,AG00,9,0,895,,Completed,Bank Transfer
BK-2026-00076,2026-01-07,2026-02-07,C00963,PK05,AG03,2,0,895,0.05,Completed,Card
BK-2026-00077,2026-01-07,2026-07-05,C01280,PK15,AG09,5,0,5160,0.1,Confirmed,Bank Transfer
BK-2026-00078,2026-01-07,2026-08-01,C02067,PK12,AG10,1,0,6350,0.1,Confirmed,Bank Transfer
BK-2026-00079,2026-01-07,2026-08-25,C03211,PK13,AG04,1,0,8200,,Confirmed,Card
BK-2026-00080,2026-01-07,2026-01-28,C03218,PK01,AG01,9,0,555,0.0,Completed,Bank Transfer
BK-2026-00081,2026-01-07,2026-02-05,C03309,PK11,AG08,1,0,4485,0.0,Completed,M-Pesa
BK-2026-00082,2026-01-07,2026-07-15,C04723,PK12,AG13,11,0,6350,0.1,Confirmed,PayPal
BK-2026-00083,2026-01-07,2026-10-05,C04932,PK13,AG11,1,0,8200,0.0,Confirmed,Card
BK-2026-00084,2026-01-07,2026-03-08,C06329,PK12,AG12,9,0,5520,0.0,Completed,M-Pesa
BK-2026-00085,2026-01-07,2026-03-28,C06397,PK13,AG00,1,0,7130,0.0,Completed,Bank Transfer
BK-2026-00086,2026-01-08,2026-02-16,C00873,PK08,AG07,1,0,1355,0.0,Completed,M-Pesa
BK-2026-00087,2026-01-08,2026-01-22,C01434,PK10,AG00,8,0,1175,0.1,completed,Card
BK-2026-00088,2026-01-08,2026-08-10,C01545,PK07,AG00,2,0,3110,0.05,Confirmed,PayPal
BK-2026-00089,2026-01-08,2026-12-02,C01587,PK12,AG03,2,0,6350,0.15,Confirmed,Bank Transfer
BK-2026-00090,2026-01-08,2026-02-10,C01711,PK03,AG00,1,0,620,0.0,cancelled,M-Pesa
BK-2026-00091,2026-01-08,2026-11-05,C02833,PK18,AG03,1,0,5980,0.15,Confirmed,Card
BK-2026-00092,2026-01-08,2026-10-02,C03254,PK13,AG00,6,0,8200,0.15,Confirmed,PayPal
BK-2026-00093,2026-01-08,2026-08-04,C04654,PK16,AG00,2,0,6085,0.0,Confirmed,Bank Transfer
BK-2026-00094,2026-01-08,2026-01-27,C04901,PK08,AG05,8,0,1560,0.15,Completed,Bank Transfer
BK-2026-00095,2026-01-08,2026-03-05,C05281,PK15,AG02,9,0,4485,0.0,Completed,Card
BK-2026-00096,2026-01-08,2026-01-11,C05389,PK01,AG00,4,0,555,0.15,Completed,Card
BK-2026-00097,2026-01-08,2026-07-06,C05637,PK07,AG06,4,0,3110,0.0,CONFIRMED,Bank Transfer
BK-2026-00098,2026-01-08,2026-02-17,C06495,PK03,AG00,1,0,620,0.05,Completed,M-Pesa
BK-2026-00099,2026-01-09,2026-02-23,C00608,PK05,AG07,6,0,895,0.05,Completed,Bank Transfer
BK-2026-00100,2026-01-09,2026-02-23,C00965,PK11,AG00,1,0,4485,0.05,Completed,PayPal
BK-2026-00101,2026-01-09,2026-01-16,C01330,PK02,AG12,3,0,505,0.1,completed,Card
BK-2026-00102,2026-01-09,2026-01-24,C01705,PK04,AG12,6,0,660,0.15,Completed,Card
BK-2026-00103,2026-01-09,2026-01-14,C01716,PK06,AG00,1,0,1655,0.1,Completed,PayPal
BK-2026-00104,2026-01-09,2026-06-05,C01828,PK13,AG01,2,0,7130,0.0,Completed,Card
BK-2026-00105,2026-01-09,2026-09-15,C02311,PK12,AG00,1,0,6350,0.0,Confirmed,Bank Transfer
BK-2026-00106,2026-01-09,2026-02-10,C02829,PK01,AG00,2,2,485,0.05,Completed,Card
BK-2026-00107,2026-01-09,2026-01-17,C03640,PK02,AG00,2,0,505,0.05,Completed,PayPal
BK-2026-00108,2026-01-09,2026-03-05,C03668,PK18,AG00,1,0,5980,0.05,Completed,Card
BK-2026-00109,2026-01-09,2026-10-19,C04125,PK13,AG02,2,0,8200,0.15,Confirmed,PayPal
BK-2026-00110,2026-01-09,2026-02-18,C04162,PK04,AG00,6,0,575,0.0,Completed,Card
BK-2026-00111,2026-01-09,2026-04-10,C04594,PK16,AG00,2,0,5290,0.0,Completed,PayPal
BK-2026-00112,2026-01-09,2026-02-15,C05077,PK03,AG00,2,0,620,0.05,COMPLETED,Bank Transfer
BK-2026-00113,2026-01-10,2026-07-20,C00190,PK17,AG02,2,3,12960,0.05,Confirmed,Bank Transfer
BK-2026-00114,2026-01-10,2026-02-26,C00514,PK02,AG00,1,0,435,0.0,Completed,M-Pesa
BK-2026-00115,2026-01-10,2026-08-14,C00684,PK13,AG02,2,2,8200,0.0,Confirmed,Bank Transfer
BK-2026-00116,2026-01-10,2026-03-12,C01648,PK07,AG07,2,0,2700,0.1,Completed,Card
BK-2026-00117,2026-01-10,2026-08-10,C02691,PK18,AG00,1,0,6875,0.05,Confirmed,Card
BK-2026-00118,2026-01-10,2026-07-08,C02924,PK14,AG00,1,0,5420,0.1,Confirmed,PayPal
BK-2026-00119,2026-01-10,2026-02-19,C02945,PK07,AG00,5,0,2700,0.0,Completed,PayPal
BK-2026-00120,2026-01-10,2026-04-25,C03123,PK07,AG00,5,0,2700,0.1,Completed,Card
BK-2026-00121,2026-01-10,2026-10-24,C03736,PK13,AG01,2,2,8200,0.0,Confirmed,Card
BK-2026-00122,2026-01-10,2026-05-15,C04461,PK12,AG00,2,2,5520,0.05,Completed,M-Pesa
BK-2026-00123,2026-01-10,2026-02-17,C04512,PK07,AG03,1,0,2700,0.0,Completed,Card
BK-2026-00124,2026-01-10,2026-03-23,C05861,PK07,AG00,1,0,2700,0.1,Completed,Bank Transfer
BK-2026-00125,2026-01-11,2026-05-19,C00749,PK16,AG01,2,0,5290,0.05,Completed,Bank Transfer
BK-2026-00126,2026-01-11,2026-02-13,C02710,PK03,AG00,2,0,620,0.0,Completed,Bank Transfer
BK-2026-00127,2026-01-11,2026-09-22,C02981,PK14,AG00,7,0,5420,0.0,confirmed,Bank Transfer
BK-2026-00128,2026-01-11,2026-01-19,C03072,PK01,AG02,1,0,555,0.0,completed,M-Pesa
BK-2026-00129,2026-01-11,2026-03-04,C03358,PK05,AG04,2,0,895,0.0,completed,M-Pesa
BK-2026-00130,2026-01-11,2026-01-27,C03432,PK12,AG02,2,2,6350,0.0,Completed,PayPal
BK-2026-00131,2026-01-11,2026-02-10,C03813,PK11,AG02,2,0,4485,0.0,Completed,PayPal
BK-2026-00132,2026-01-11,2026-02-02,C03888,PK16,AG00,6,0,5290,0.0,Completed,Card
BK-2026-00133,2026-01-11,2026-02-22,C03954,PK03,AG09,2,0,620,0.0,Completed,M-Pesa
BK-2026-00134,2026-01-11,2026-09-14,C04528,PK13,AG02,2,0,8200,0.1,Confirmed,Card
BK-2026-00135,2026-01-11,2026-06-14,C04705,PK07,AG00,2,2,2700,0.1,Completed,Bank Transfer
BK-2026-00136,2026-01-11,2026-02-07,C05167,PK06,AG00,2,0,1440,0.0,completed,Bank Transfer
BK-2026-00137,2026-01-11,2026-01-30,C05885,PK12,AG05,4,0,6350,0.1,Completed,PayPal
BK-2026-00138,2026-01-11,2026-04-22,C05946,PK10,AG00,2,2,1025,0.05,Completed,Bank Transfer
BK-2026-00139,2026-01-11,2026-04-04,C06131,PK14,AG00,1,0,4715,0.15,Completed,PayPal
BK-2026-00140,2026-01-12,2026-09-01,C01405,PK15,AG04,2,0,5160,0.05,Confirmed,Bank Transfer
BK-2026-00141,2026-01-12,2026-02-06,C01921,PK01,AG00,2,0,485,0.05,Completed,Bank Transfer
BK-2026-00142,2026-01-12,2026-06-04,C02106,PK16,AG00,2,3,5290,0.05,Completed,Bank Transfer
BK-2026-00143,2026-01-12,2026-07-20,C02222,PK12,AG00,2,3,6350,0.0,Confirmed,Bank Transfer
BK-2026-00144,2026-01-12,2026-07-12,C02484,PK12,AG10,2,2,6350,0.0,Canceled,M-Pesa
BK-2026-00145,2026-01-12,2026-02-10,C02848,PK04,AG02,2,0,575,0.1,Completed,Card
BK-2026-00146,2026-01-12,2026-01-25,C03141,PK05,AG13,10,0,1030,0.0,Cancelled,Bank Transfer
BK-2026-00147,2026-01-12,2026-02-02,C03155,PK04,AG05,2,0,575,0.0,Completed,Bank Transfer
BK-2026-00148,2026-01-12,2026-02-11,C03888,PK04,AG02,7,0,575,0.1,Completed,Bank Transfer
BK-2026-00149,2026-01-12,2026-07-21,C03958,PK07,AG06,2,3,3110,0.0,Confirmed,Bank Transfer
BK-2026-00150,2026-01-12,2026-02-23,C04365,PK04,AG03,2,0,575,0.15,Completed,Card
BK-2026-00151,2026-01-12,2026-02-20,C04432,PK06,AG04,2,0,1440,0.0,Completed,Card
BK-2026-00152,2026-01-12,2026-09-06,C04526,PK16,AG10,2,1,6085,0.0,Confirmed,Card
BK-2026-00153,2026-01-12,2026-08-13,C04952,PK17,AG00,2,0,12960,0.0,Confirmed,Bank Transfer
BK-2026-00154,2026-01-12,2026-08-16,C05534,PK15,AG00,2,0,5160,0.0,Confirmed ,Card
BK-2026-00155,2026-01-12,2026-07-16,C05683,PK17,AG00,2,2,12960,0.1,Confirmed ,Bank Transfer
BK-2026-00156,2026-01-12,2026-02-19,C05784,PK13,AG10,2,0,7130,0.1,Completed,Bank Transfer
BK-2026-00157,2026-01-12,2026-02-13,C06208,PK02,AG07,2,1,435,0.0,Completed,Card
BK-2026-00158,2026-01-13,2026-02-16,C00954,PK06,AG00,2,0,1440,0.0,Completed,PayPal
BK-2026-00159,2026-01-13,2026-05-22,C02955,PK17,AG12,9,0,11270,0.1,Completed,Card
BK-2026-00160,2026-01-13,2026-06-28,C03144,PK08,AG05,2,0,1355,0.1,Confirmed,Bank Transfer
BK-2026-00161,2026-01-13,2026-03-19,C03272,PK08,AG04,2,0,1355,0.0,Completed,Bank Transfer
BK-2026-00162,2026-01-13,2026-06-23,C03381,PK12,AG08,2,1,5520,0.1,Completed,Bank Transfer
BK-2026-00163,2026-01-13,2026-03-21,C03801,PK07,AG12,12,0,2700,0.1,Completed,Card
BK-2026-00164,2026-01-13,2026-03-14,C04292,PK13,AG06,9,0,7130,0.05,Completed,PayPal
BK-2026-00165,2026-01-13,2026-01-22,C04605,PK01,AG05,2,0,555,0.0,completed,Card
BK-2026-00166,2026-01-13,2026-03-21,C04682,PK04,AG04,2,1,575,,Completed,Card
BK-2026-00167,2026-01-13,2026-01-19,C05029,PK03,AG07,2,1,715,0.1,Completed,PayPal
BK-2026-00168,2026-01-13,2026-08-07,C05291,PK09,AG08,2,1,3440,0.0,Canceled,Bank Transfer
BK-2026-00169,2026-01-14,2026-03-03,C00157,PK18,AG07,7,0,5980,0.05,Completed,Bank Transfer
BK-2026-00170,2026-01-14,2026-02-23,C00188,PK12,AG02,2,0,5520,0.0,Completed,Card
BK-2026-00171,2026-01-14,2026-06-05,C00237,PK16,AG00,4,0,5290,0.05,Completed,Card
BK-2026-00172,2026-01-14,2026-04-27,C01430,PK09,AG00,5,0,2990,0.0,Completed,Card
BK-2026-00173,2026-01-14,2026-04-17,C01964,PK17,AG02,2,1,11270,0.0,Completed,Card
BK-2026-00174,2026-01-14,2026-08-22,C02862,PK14,AG01,2,0,5420,0.0,Cancelled,Card
BK-2026-00175,2026-01-14,2026-01-27,C03308,PK02,AG00,2,0,505,0.0,Completed,Card
BK-2026-00176,2026-01-14,2026-08-26,C03348,PK13,AG00,2,2,8200,0.0,Confirmed,Card
BK-2026-00177,2026-01-14,2026-02-08,C03648,PK02,AG13,12,0,435,0.0,Completed,PayPal
BK-2026-00178,2026-01-14,2026-09-27,C06181,PK12,AG01,6,0,6350,0.1,Confirmed,M-Pesa
BK-2026-00179,2026-01-14,2026-02-04,C06233,PK06,AG03,2,0,1440,0.05,Canceled,Bank Transfer
BK-2026-00180,2026-01-14,2026-02-11,C06403,PK02,AG10,2,1,435,0.0,Completed,M-Pesa
BK-2026-00181,2026-01-15,2026-10-29,C00292,PK14,AG03,2,2,5420,0.05,Confirmed,M-Pesa
BK-2026-00182,2026-01-15,2026-02-22,C00410,PK03,AG02,2,1,620,0.0,Completed,PayPal
BK-2026-00183,2026-01-15,2026-03-24,C00725,PK01,AG00,2,2,485,,Completed,Bank Transfer
BK-2026-00184,2026-01-15,2026-08-24,C01070,PK13,AG03,11,0,8200,0.05,Confirmed ,Bank Transfer
BK-2026-00185,2026-01-15,2026-04-06,C01403,PK04,AG00,2,0,575,0.0,Completed,PayPal
BK-2026-00186,2026-01-15,2026-03-11,C01871,PK02,AG11,1,0,435,0.15,Completed,PayPal
BK-2026-00187,2026-01-15,2026-01-31,C02319,PK11,AG00,2,0,5160,0.1,Completed,Card
BK-2026-00188,2026-01-15,2026-04-27,C02459,PK18,AG00,1,0,5980,0.0,Completed ,Card
BK-2026-00189,2026-01-15,2026-07-05,C02541,PK14,AG00,7,0,5420,0.0,Confirmed,PayPal
BK-2026-00190,2026-01-15,2026-02-02,C03150,PK03,AG07,2,0,620,0.1,Completed,PayPal
BK-2026-00191,2026-01-15,2026-03-11,C03330,PK15,AG01,1,0,4485,0.15,Completed,Bank Transfer
BK-2026-00192,2026-01-15,2026-04-12,C03792,PK18,AG04,1,0,5980,0.0,Canceled,Card
BK-2026-00193,2026-01-15,2026-08-20,C04044,PK08,AG00,2,1,1560,0.0,Canceled,Bank Transfer
BK-2026-00194,2026-01-15,2026-09-18,C04633,PK12,AG08,2,0,6350,0.1,Confirmed,Card
BK-2026-00195,2026-01-15,2026-04-15,C05646,PK09,AG08,7,0,2990,0.1,Completed,Card
BK-2026-00196,2026-01-15,2026-02-20,C05952,PK01,AG00,2,0,485,0.1,Completed,Card
BK-2026-00197,2026-01-15,2026-03-01,C06347,PK16,AG00,2,0,5290,0.05,Completed,Bank Transfer
BK-2026-00198,2026-01-15,2026-03-13,C06484,PK12,AG01,2,0,5520,0.0,Completed,Card
BK-2026-00199,2026-01-16,2026-07-25,C00051,PK16,AG07,2,0,6085,0.0,Confirmed,Card
BK-2026-00200,2026-01-16,2026-02-20,C00053,PK01,AG04,2,0,485,0.05,Completed,Card
BK-2026-00201,2026-01-16,2026-02-18,C00401,PK01,AG02,2,0,485,0.05,Completed,Card
BK-2026-00202,2026-01-16,2026-08-12,C00986,PK18,AG00,1,0,6875,0.0,Confirmed,Card
BK-2026-00203,2026-01-16,2026-02-09,C01380,PK07,AG00,2,0,2700,0.0,Completed,Card
BK-2026-00204,2026-01-16,2026-02-28,C01435,PK09,AG06,2,2,2990,0.0,Completed,Bank Transfer
BK-2026-00205,2026-01-16,2026-03-18,C01923,PK18,AG03,2,3,5980,0.0,Completed,Bank Transfer
BK-2026-00206,2026-01-16,2026-02-15,C02041,PK09,AG03,4,0,2990,0.15,Completed,PayPal
BK-2026-00207,2026-01-16,2026-02-16,C02931,PK10,AG00,6,0,1025,0.0,Completed ,PayPal
BK-2026-00208,2026-01-16,2026-10-03,C03288,PK12,AG00,2,0,6350,0.05,Confirmed,PayPal
BK-2026-00209,2026-01-16,2026-01-30,C03943,PK02,AG00,2,0,505,0.0,Canceled,Card
BK-2026-00210,2026-01-16,2026-06-11,C04256,PK09,AG00,4,0,2990,0.05,Completed,Card
BK-2026-00211,2026-01-16,2026-05-17,C04275,PK18,AG06,8,0,5980,0.0,Completed,Card
BK-2026-00212,2026-01-16,2026-02-16,C04858,PK04,AG12,11,0,575,0.05,Completed,Bank Transfer
BK-2026-00213,2026-01-16,2026-03-04,C05289,PK14,AG00,2,1,4715,0.0,Completed,M-Pesa
BK-2026-00214,2026-01-16,2026-02-01,C05372,PK01,AG00,2,3,485,0.05,Completed,M-Pesa
BK-2026-00215,2026-01-17,2026-01-22,C00046,PK18,AG03,1,0,6875,0.0,Completed,Card
BK-2026-00216,2026-01-17,2026-02-27,C00076,PK11,AG06,2,3,4485,0.15,Completed,M-Pesa
BK-2026-00217,2026-01-17,2026-03-08,C00401,PK06,AG00,2,0,1440,0.05,Completed,Card
BK-2026-00218,2026-01-17,2026-06-05,C00841,PK06,AG03,2,0,1440,0.05,Completed,PayPal
BK-2026-00219,2026-01-17,2026-02-09,C01061,PK02,AG04,7,0,435,0.1,Completed,Card
BK-2026-00220,2026-01-17,2026-03-06,C01553,PK05,AG04,2,3,895,0.15,Completed ,Card
BK-2026-00221,2026-01-17,2026-08-10,C01898,PK14,AG07,2,0,5420,0.1,Confirmed,Card
BK-2026-00222,2026-01-17,2026-05-22,C02832,PK18,AG00,2,1,5980,0.0,completed,Bank Transfer
BK-2026-00223,2026-01-17,2026-04-25,C04046,PK16,AG09,2,3,5290,0.0,Completed,Bank Transfer
BK-2026-00224,2026-01-17,2026-03-19,C04055,PK18,AG00,1,0,5980,0.1,Completed,Card
BK-2026-00225,2026-01-17,2026-09-17,C04597,PK12,AG09,2,0,6350,0.0,Confirmed,Bank Transfer
BK-2026-00226,2026-01-17,2026-02-02,C04607,PK16,AG02,2,0,5290,0.0,Cancelled,Card
BK-2026-00227,2026-01-17,2026-08-17,C05349,PK09,AG04,5,0,3440,0.1,Cancelled,Bank Transfer
BK-2026-00228,2026-01-17,2026-07-16,C06237,PK08,AG00,2,0,1560,0.0,Confirmed,PayPal
BK-2026-00229,2026-01-18,2026-06-07,C00178,PK08,AG00,1,0,1355,0.0,Completed,Bank Transfer
BK-2026-00230,2026-01-18,2026-02-14,C01063,PK05,AG00,2,3,895,0.1,Canceled,M-Pesa
BK-2026-00231,2026-01-18,2026-01-30,C01652,PK01,AG02,2,0,555,0.0,Completed,Card
BK-2026-00232,2026-01-18,2026-02-03,C01767,PK02,AG03,2,0,435,0.0,Completed,Bank Transfer
BK-2026-00233,2026-01-18,2026-02-24,C02379,PK10,AG04,2,0,1025,0.1,Completed,PayPal
BK-2026-00234,2026-01-18,2026-04-03,C02506,PK13,AG06,6,0,7130,0.1,Completed,Bank Transfer
BK-2026-00235,2026-01-18,2026-04-24,C02911,PK13,AG05,2,0,7130,0.0,Completed,Card
BK-2026-00236,2026-01-18,2026-02-08,C02928,PK05,AG01,1,0,895,0.0,Completed,Card
BK-2026-00237,2026-01-18,2026-01-31,C03028,PK02,AG00,2,0,505,0.05,Completed,Card
BK-2026-00238,2026-01-18,2026-07-11,C03479,PK15,AG05,7,0,5160,0.0,Confirmed,Card
BK-2026-00239,2026-01-18,2026-02-26,C03498,PK09,AG01,2,2,2990,0.15,Completed,Bank Transfer
BK-2026-00240,2026-01-18,2026-01-30,C06010,PK03,AG12,7,0,715,0.05,Completed,Bank Transfer
BK-2026-00241,2026-01-19,2026-01-25,C00169,PK04,AG02,1,0,660,0.0,Completed,Card
BK-2026-00242,2026-01-19,2026-01-25,C00383,PK10,AG04,2,1,1175,0.0,completed,Card
BK-2026-00243,2026-01-19,2026-02-24,C00936,PK06,AG03,2,0,1440,0.0,Completed,PayPal
BK-2026-00244,2026-01-19,2026-01-27,C00996,PK01,AG03,2,0,555,0.0,Completed,Card
BK-2026-00245,2026-01-19,2026-02-07,C01156,PK07,AG12,12,0,2700,,Completed,PayPal
BK-2026-00246,2026-01-19,2026-02-05,C01183,PK04,AG09,2,0,575,0.05,Completed,M-Pesa
BK-2026-00247,2026-01-19,2026-03-10,C01243,PK10,AG00,9,0,1025,0.1,Completed,Card
BK-2026-00248,2026-01-19,2026-07-09,C01253,PK18,AG03,1,0,6875,0.05,Confirmed,Bank Transfer
BK-2026-00249,2026-01-19,2026-02-24,C02167,PK02,AG01,2,1,435,0.0,Completed,Bank Transfer
BK-2026-00250,2026-01-19,2026-02-24,C02414,PK18,AG02,9,0,5980,0.1,Completed,M-Pesa
BK-2026-00251,2026-01-19,2026-09-11,C02679,PK18,AG00,2,0,6875,0.0,Confirmed,Card
BK-2026-00252,2026-01-19,2026-02-19,C02740,PK01,AG08,2,0,485,0.0,Completed,Card
BK-2026-00253,2026-01-19,2026-01-25,C02787,PK01,AG03,2,1,555,0.0,Completed,M-Pesa
BK-2026-00254,2026-01-19,2026-10-22,C03598,PK18,AG00,2,0,6875,0.0,Confirmed,PayPal
BK-2026-00255,2026-01-19,2026-08-28,C03683,PK18,AG02,2,0,6875,0.0,Canceled,PayPal
BK-2026-00256,2026-01-19,2026-08-16,C03841,PK13,AG05,2,2,8200,0.0,Cancelled ,Bank Transfer
BK-2026-00257,2026-01-19,2026-02-05,C04026,PK01,AG10,2,0,485,0.0,Completed,PayPal
BK-2026-00258,2026-01-19,2026-02-23,C04262,PK12,AG00,2,0,5520,0.0,Cancelled,Card
BK-2026-00259,2026-01-19,2026-02-18,C05292,PK13,AG04,2,2,7130,0.05,Completed,M-Pesa
BK-2026-00260,2026-01-19,2026-04-10,C05607,PK12,AG00,10,0,5520,0.0,Completed,Bank Transfer
BK-2026-00261,2026-01-20,2026-02-02,C00295,PK01,AG11,8,0,485,0.1,Completed,PayPal
BK-2026-00262,2026-01-20,2026-03-02,C00461,PK18,AG00,4,0,5980,0.1,Completed,M-Pesa
BK-2026-00263,2026-01-20,2026-03-24,C00580,PK07,AG00,2,3,2700,0.05,Completed,Card
BK-2026-00264,2026-01-20,2026-08-14,C00947,PK18,AG00,2,2,6875,0.0,Confirmed,Bank Transfer
BK-2026-00265,2026-01-20,2026-03-31,C00952,PK18,AG03,2,1,5980,0.0,Completed ,Card
BK-2026-00266,2026-01-20,2026-03-06,C00955,PK03,AG00,4,0,620,0.0,Completed,Card
BK-2026-00267,2026-01-20,2026-10-02,C01536,PK12,AG06,2,0,6350,0.1,Confirmed,Bank Transfer
BK-2026-00268,2026-01-20,2026-03-07,C02836,PK13,AG01,2,0,7130,0.0,Completed,PayPal
BK-2026-00269,2026-01-20,2026-03-02,C03532,PK18,AG04,2,0,5980,0.05,COMPLETED,Card
BK-2026-00270,2026-01-20,2026-10-27,C03915,PK16,AG08,2,0,6085,0.0,cancelled,Card
BK-2026-00271,2026-01-20,2026-05-27,C04667,PK15,AG00,1,0,4485,0.0,Completed,Bank Transfer
BK-2026-00272,2026-01-20,2026-04-25,C04967,PK02,AG02,4,0,435,0.1,Completed,Card
BK-2026-00273,2026-01-20,2026-02-24,C05349,PK09,AG12,3,0,2990,0.0,Completed,Card
BK-2026-00274,2026-01-20,2026-02-08,C05868,PK04,AG05,1,0,575,0.1,Completed,PayPal
BK-2026-00275,2026-01-21,2026-05-12,C00480,PK18,AG00,9,0,5980,0.1,Completed,Card
BK-2026-00276,2026-01-21,2026-03-03,C00561,PK18,AG12,8,0,5980,0.0,Completed,Card
BK-2026-00277,2026-01-21,2026-02-16,C00589,PK09,AG00,2,1,2990,0.0,Completed,M-Pesa
BK-2026-00278,2026-01-21,2026-06-05,C01848,PK16,AG00,1,0,5290,0.0,Completed,Bank Transfer
BK-2026-00279,2026-01-21,2026-06-09,C02170,PK18,AG08,2,2,5980,0.05,Canceled,Bank Transfer
BK-2026-00280,2026-01-21,2026-02-23,C03361,PK13,AG00,5,0,7130,0.1,Completed,Bank Transfer
BK-2026-00281,2026-01-21,2026-06-18,C03401,PK16,AG08,2,0,5290,0.05,Completed,Card
BK-2026-00282,2026-01-21,2026-03-01,C04054,PK09,AG00,2,0,2990,0.0,Completed,Bank Transfer
BK-2026-00283,2026-01-21,2026-07-08,C05853,PK16,AG00,2,0,6085,0.0,Confirmed,Bank Transfer
BK-2026-00284,2026-01-22,2026-03-01,C00922,PK12,AG00,1,0,5520,0.05,Completed,PayPal
BK-2026-00285,2026-01-22,2026-10-27,C02189,PK09,AG07,1,0,3440,0.1,Confirmed,Card
BK-2026-00286,2026-01-22,2026-02-19,C02331,PK01,AG05,6,0,485,0.0,Completed,Bank Transfer
BK-2026-00287,2026-01-22,2026-06-18,C02714,PK06,AG00,1,0,1440,0.1,Completed,Bank Transfer
BK-2026-00288,2026-01-22,2026-03-23,C02814,PK13,AG01,1,0,7130,0.0,Completed,Bank Transfer
BK-2026-00289,2026-01-22,2026-02-13,C03218,PK06,AG02,5,0,1440,0.1,Cancelled,M-Pesa
BK-2026-00290,2026-01-22,2026-02-26,C03464,PK04,AG10,1,0,575,0.05,Completed,PayPal
BK-2026-00291,2026-01-22,2026-07-18,C03690,PK16,AG04,2,2,6085,0.0,Confirmed,Card
BK-2026-00292,2026-01-22,2026-02-10,C04623,PK06,AG06,2,3,1440,0.0,Completed,Card
BK-2026-00293,2026-01-22,2026-02-12,C04955,PK02,AG00,2,2,435,0.05,Completed,Bank Transfer
BK-2026-00294,2026-01-23,2026-02-28,C00594,PK05,AG10,1,0,895,0.0,Completed,Bank Transfer
BK-2026-00295,2026-01-23,2026-02-22,C00932,PK03,AG01,2,2,620,0.0,Completed,Card
BK-2026-00296,2026-01-23,2026-04-14,C01836,PK09,AG06,2,0,2990,0.0,Completed,Card
BK-2026-00297,2026-01-23,2026-03-11,C01889,PK11,AG02,2,0,4485,0.0,COMPLETED,Card
BK-2026-00298,2026-01-23,2026-07-10,C02112,PK12,AG09,2,3,6350,0.0,Confirmed,Bank Transfer
BK-2026-00299,2026-01-23,2026-07-15,C02116,PK12,AG06,2,0,6350,0.0,Confirmed,Card
BK-2026-00300,2026-01-23,2026-01-31,C02203,PK11,AG00,2,1,5160,0.0,Completed,Card
BK-2026-00301,2026-01-23,2026-06-22,C02221,PK17,AG01,2,0,11270,0.05,Confirmed,PayPal
BK-2026-00302,2026-01-23,2026-02-12,C02372,PK17,AG00,2,3,11270,0.1,Completed,M-Pesa
BK-2026-00303,2026-01-23,2026-07-28,C02788,PK10,AG00,2,3,1175,0.05,Confirmed,M-Pesa
BK-2026-00304,2026-01-23,2026-02-16,C03678,PK05,AG04,1,0,895,0.05,Cancelled,Card
BK-2026-00305,2026-01-23,2026-07-27,C04001,PK16,AG05,2,3,6085,0.0,Confirmed,M-Pesa
BK-2026-00306,2026-01-23,2026-04-16,C04263,PK04,AG00,2,1,575,0.15,Completed,Card
BK-2026-00307,2026-01-23,2026-02-17,C04685,PK03,AG00,9,0,620,0.05,Completed,Bank Transfer
BK-2026-00308,2026-01-23,2026-03-10,C05219,PK01,AG00,2,0,485,0.1,Completed,Card
BK-2026-00309,2026-01-24,2026-08-01,C00441,PK18,AG11,2,2,6875,0.1,Confirmed,Card
BK-2026-00310,2026-01-24,2026-03-23,C00617,PK09,AG06,2,1,2990,0.15,Cancelled,Card
BK-2026-00311,2026-01-24,2026-04-19,C01108,PK16,AG08,3,0,5290,0.15,Completed,PayPal
BK-2026-00312,2026-01-24,2026-07-28,C01362,PK18,AG00,2,0,6875,0.05,Confirmed,Card
BK-2026-00313,2026-01-24,2026-03-03,C02046,PK12,AG11,4,0,5520,0.1,Completed,Card
BK-2026-00314,2026-01-24,2026-05-11,C02082,PK04,AG10,7,0,575,0.1,Canceled,Card
BK-2026-00315,2026-01-24,2026-03-22,C02736,PK10,AG00,7,0,1025,0.05,Completed,M-Pesa
BK-2026-00316,2026-01-24,2026-03-30,C03061,PK18,AG00,2,1,5980,0.05,Completed,Card
BK-2026-00317,2026-01-24,2026-02-24,C03112,PK06,AG06,1,0,1440,0.0,Completed,Bank Transfer
BK-2026-00318,2026-01-24,2026-01-28,C03148,PK03,AG12,3,0,715,0.0,Completed,Card
BK-2026-00319,2026-01-24,2026-02-23,C03458,PK05,AG10,2,0,895,0.0,Completed,PayPal
BK-2026-00320,2026-01-24,2026-04-10,C04290,PK07,AG08,12,0,2700,0.1,Completed ,Card
BK-2026-00321,2026-01-24,2026-04-26,C06162,PK12,AG02,2,0,5520,0.05,Completed,Card
BK-2026-00322,2026-01-24,2026-02-15,C06450,PK02,AG04,2,2,435,0.0,Completed,M-Pesa
BK-2026-00323,2026-01-25,2026-02-26,C00587,PK03,AG06,7,0,620,0.15,Completed,Card
BK-2026-00324,2026-01-25,2026-02-13,C00594,PK05,AG10,1,0,895,0.0,Completed,PayPal
BK-2026-00325,2026-01-25,2026-09-02,C01294,PK12,AG02,2,0,6350,0.0,Confirmed,Card
BK-2026-00326,2026-01-25,2026-09-19,C02052,PK18,AG07,2,0,6875,0.05,Confirmed,Card
BK-2026-00327,2026-01-25,2026-07-19,C02359,PK14,AG07,2,3,5420,0.0,Confirmed,Card
BK-2026-00328,2026-01-25,2026-04-08,C03932,PK01,AG02,2,3,485,0.0,Completed,Card
BK-2026-00329,2026-01-25,2026-02-15,C04052,PK03,AG05,9,0,620,0.1,Completed,PayPal
BK-2026-00330,2026-01-25,2026-07-13,C04271,PK12,AG07,2,3,6350,0.05,Confirmed,Bank Transfer
BK-2026-00331,2026-01-25,2026-02-26,C04942,PK05,AG04,2,0,895,0.0,Completed,Card
BK-2026-00332,2026-01-25,2026-09-17,C04995,PK16,AG13,4,0,6085,0.1,Confirmed,Bank Transfer
BK-2026-00333,2026-01-25,2026-02-22,C05363,PK02,AG06,2,3,435,0.1,Completed,Card
BK-2026-00334,2026-01-25,2026-04-04,C06434,PK11,AG03,2,3,4485,0.0,Completed,M-Pesa
BK-2026-00335,2026-01-25,2026-10-09,C06467,PK18,AG04,2,0,6875,0.0,Confirmed,PayPal
BK-2026-00336,2026-01-26,2026-02-11,C00026,PK02,AG01,2,3,435,0.0,completed,Card
BK-2026-00337,2026-01-26,2026-02-12,C00536,PK06,AG03,2,0,1440,0.0,Completed,Bank Transfer
BK-2026-00338,2026-01-26,2026-03-21,C00766,PK01,AG01,2,0,485,0.15,Completed,Bank Transfer
BK-2026-00339,2026-01-26,2026-03-06,C01299,PK08,AG03,2,3,1355,,Completed,Bank Transfer
BK-2026-00340,2026-01-26,2026-03-14,C01993,PK03,AG08,1,0,620,0.0,COMPLETED,Card
BK-2026-00341,2026-01-26,2026-07-04,C02234,PK18,AG08,2,0,6875,0.15,CONFIRMED,Bank Transfer
BK-2026-00342,2026-01-26,2026-03-04,C03278,PK03,AG10,2,0,620,0.05,Completed,Card
BK-2026-00343,2026-01-26,2026-02-16,C03844,PK03,AG08,2,3,620,0.0,completed,Bank Transfer
BK-2026-00344,2026-01-26,2026-02-06,C04210,PK02,AG07,2,0,435,0.0,Completed,Card
BK-2026-00345,2026-01-26,2026-02-20,C04467,PK09,AG04,2,0,2990,0.05,completed,PayPal
BK-2026-00346,2026-01-26,2026-02-24,C04881,PK05,AG00,7,0,895,0.05,Completed,PayPal
BK-2026-00347,2026-01-26,2026-08-16,C05839,PK12,AG00,2,1,6350,0.1,Confirmed,PayPal
BK-2026-00348,2026-01-26,2026-02-22,C06004,PK06,AG03,6,0,1440,0.05,completed,Bank Transfer
BK-2026-00349,2026-01-26,2026-03-04,C06177,PK03,AG00,2,3,620,0.0,Completed,Card
BK-2026-00350,2026-01-26,2026-03-26,C06270,PK09,AG12,7,0,2990,0.1,Completed,PayPal
BK-2026-00351,2026-01-26,2026-11-27,C06407,PK15,AG00,1,0,4485,0.0,Confirmed,Bank Transfer
BK-2026-00352,2026-01-26,2026-02-24,C06445,PK01,AG03,2,1,485,0.05,Completed,Bank Transfer
BK-2026-00353,2026-01-27,2026-08-18,C00694,PK06,AG00,2,0,1655,0.05,Confirmed,Card
BK-2026-00354,2026-01-27,2026-02-14,C00983,PK11,AG05,2,0,4485,0.0,Completed,Card
BK-2026-00355,2026-01-27,2026-02-24,C01068,PK02,AG03,1,0,435,0.0,Completed,Card
BK-2026-00356,2026-01-27,2026-02-16,C02304,PK05,AG05,2,0,895,0.05,Completed,PayPal
BK-2026-00357,2026-01-27,2026-02-28,C02436,PK02,AG11,2,0,435,0.1,Cancelled ,PayPal
BK-2026-00358,2026-01-27,2026-08-16,C03189,PK15,AG00,1,0,5160,0.0,Confirmed,Card
BK-2026-00359,2026-01-27,2026-03-03,C03592,PK11,AG00,2,0,4485,0.05,Completed,Card
BK-2026-00360,2026-01-27,2026-03-07,C04711,PK06,AG00,1,0,1440,0.1,Completed,Bank Transfer
BK-2026-00361,2026-01-27,2026-09-15,C04861,PK18,AG04,2,0,6875,0.0,Confirmed,Card
BK-2026-00362,2026-01-28,2026-02-21,C00835,PK09,AG04,2,1,2990,0.0,Completed,Card
BK-2026-00363,2026-01-28,2026-02-18,C01513,PK05,AG08,2,3,895,0.1,Completed,PayPal
BK-2026-00364,2026-01-28,2026-07-10,C01978,PK13,AG11,8,0,8200,0.1,Confirmed,M-Pesa
BK-2026-00365,2026-01-28,2026-05-03,C01993,PK18,AG00,1,0,5980,0.0,Completed,Card
BK-2026-00366,2026-01-28,2026-03-12,C03790,PK04,AG08,2,0,575,0.0,Completed,Card
BK-2026-00367,2026-01-28,2026-07-22,C03936,PK16,AG00,7,0,6085,0.1,confirmed,PayPal
BK-2026-00368,2026-01-28,2026-08-31,C03977,PK14,AG02,1,0,5420,0.05,Confirmed,M-Pesa
BK-2026-00369,2026-01-28,2026-02-17,C04070,PK07,AG12,11,0,2700,0.1,COMPLETED,Card
BK-2026-00370,2026-01-28,2026-04-07,C04953,PK09,AG06,2,2,2990,0.0,Completed,Card
BK-2026-00371,2026-01-28,2026-12-16,C06235,PK18,AG07,8,0,6875,0.1,Confirmed,Card
BK-2026-00372,2026-01-29,2026-04-15,C00197,PK02,AG00,2,1,435,0.15,Completed,Bank Transfer
BK-2026-00373,2026-01-29,2026-08-24,C00299,PK14,AG12,7,0,5420,0.05,Confirmed,PayPal
BK-2026-00374,2026-01-29,2026-09-06,C01015,PK13,AG08,2,0,8200,0.0,Confirmed,PayPal
BK-2026-00375,2026-01-29,2026-03-16,C01517,PK18,AG00,2,0,5980,0.05,Completed,Bank Transfer
BK-2026-00376,2026-01-29,2026-02-23,C02853,PK07,AG11,2,0,2700,0.1,Completed,Bank Transfer
BK-2026-00377,2026-01-29,2026-06-03,C04690,PK09,AG13,9,0,2990,0.0,Completed,Bank Transfer
BK-2026-00378,2026-01-29,2026-02-11,C04946,PK04,AG00,2,1,575,0.0,Completed,Card
BK-2026-00379,2026-01-29,2026-03-20,C04960,PK16,AG01,2,1,5290,0.0,Completed,PayPal
BK-2026-00380,2026-01-29,2026-02-15,C05620,PK18,AG00,2,0,5980,0.0,Completed,Card
BK-2026-00381,2026-01-29,2026-02-22,C05671,PK02,AG00,2,0,435,0.05,Completed,Card
BK-2026-00382,2026-01-29,2026-02-09,C06497,PK03,AG00,2,0,620,0.0,completed,Card
BK-2026-00383,2026-01-30,2026-05-25,C00379,PK18,AG00,1,0,5980,0.05,Completed,Card
BK-2026-00384,2026-01-30,2026-03-05,C00617,PK16,AG06,2,2,5290,0.0,Completed,M-Pesa
BK-2026-00385,2026-01-30,2026-03-07,C01424,PK02,AG05,2,3,435,0.05,Completed,PayPal
BK-2026-00386,2026-01-30,2026-03-14,C01936,PK11,AG07,2,0,4485,0.0,Completed,M-Pesa
BK-2026-00387,2026-01-30,2026-07-14,C02321,PK10,AG03,2,0,1175,0.15,Confirmed,Card
BK-2026-00388,2026-01-30,2026-07-30,C03408,PK12,AG01,2,0,6350,0.0,Confirmed,Card
BK-2026-00389,2026-01-30,2026-02-25,C03854,PK06,AG00,2,0,1440,0.0,Completed,Card
BK-2026-00390,2026-01-30,2026-02-08,C04920,PK02,AG00,1,0,435,0.0,Completed,M-Pesa
BK-2026-00391,2026-01-30,2026-03-09,C05184,PK04,AG00,2,0,575,0.05,Completed,Card
BK-2026-00392,2026-01-30,2026-04-06,C05230,PK18,AG03,1,0,5980,0.0,Completed,Bank Transfer
BK-2026-00393,2026-01-30,2026-02-15,C05434,PK03,AG01,8,0,620,0.1,COMPLETED,M-Pesa
BK-2026-00394,2026-01-30,2026-03-09,C05489,PK06,AG00,2,0,1440,0.0,Completed,Bank Transfer
BK-2026-00395,2026-01-30,2026-03-19,C05700,PK07,AG00,1,0,2700,0.05,Completed,PayPal
BK-2026-00396,2026-01-30,2026-03-13,C05870,PK13,AG05,2,0,7130,0.0,Completed,Bank Transfer
BK-2026-00397,2026-01-30,2026-07-30,C06084,PK18,AG05,2,1,6875,,Confirmed,M-Pesa
BK-2026-00398,2026-01-30,2026-06-04,C06312,PK17,AG04,1,0,11270,0.0,Completed,Card
BK-2026-00399,2026-01-31,2026-02-28,C00745,PK07,AG01,4,0,2700,0.05,completed,M-Pesa
BK-2026-00400,2026-01-31,2026-03-21,C00791,PK12,AG01,6,0,5520,0.1,Completed,Bank Transfer
BK-2026-00401,2026-01-31,2026-11-17,C00904,PK14,AG12,12,0,4715,0.1,Confirmed,PayPal
BK-2026-00402,2026-01-31,2026-02-12,C01451,PK05,AG00,2,1,895,0.0,Completed,Bank Transfer
BK-2026-00403,2026-01-31,2026-07-07,C02220,PK18,AG00,2,0,6875,0.0,Confirmed,Bank Transfer
BK-2026-00404,2026-01-31,2026-06-15,C02367,PK16,AG00,2,0,5290,0.0,Completed,Card
BK-2026-00405,2026-01-31,2026-07-01,C02861,PK17,AG02,7,0,12960,0.1,Confirmed,M-Pesa
BK-2026-00406,2026-01-31,2026-03-16,C02922,PK09,AG00,4,0,2990,0.05,Completed,Bank Transfer
BK-2026-00407,2026-01-31,2026-02-26,C02986,PK01,AG04,2,2,485,0.0,Canceled,Card
BK-2026-00408,2026-01-31,2026-07-03,C03873,PK12,AG00,2,0,6350,0.05,Confirmed,M-Pesa
BK-2026-00409,2026-01-31,2026-03-28,C03875,PK09,AG03,1,0,2990,0.0,Completed,Card
BK-2026-00410,2026-01-31,2026-03-07,C05586,PK13,AG04,1,0,7130,0.1,Completed,PayPal
BK-2026-00411,2026-01-31,2026-12-22,C05889,PK06,AG01,2,1,1655,0.0,Confirmed,M-Pesa
BK-2026-00412,2026-01-31,2026-03-07,C05978,PK07,AG07,2,2,2700,0.0,Completed,Card
BK-2026-00413,2026-02-01,2026-03-25,C00335,PK03,AG00,2,0,620,0.0,Completed,Card
BK-2026-00414,2026-02-01,2026-02-07,C00373,PK05,AG00,2,0,895,0.0,Completed,PayPal
BK-2026-00415,2026-02-01,2026-09-08,C00447,PK09,AG06,2,2,3440,0.05,Confirmed,PayPal
BK-2026-00416,2026-02-01,2026-07-26,C01286,PK17,AG04,2,0,12960,0.0,Confirmed,Bank Transfer
BK-2026-00417,2026-02-01,2026-07-30,C01355,PK06,AG00,2,0,1655,0.05,Confirmed,M-Pesa
BK-2026-00418,2026-02-01,2026-03-15,C01745,PK11,AG09,1,0,4485,0.0,Completed,PayPal
BK-2026-00419,2026-02-01,2026-02-26,C02269,PK05,AG00,2,0,895,0.0,Completed,Bank Transfer
BK-2026-00420,2026-02-01,2026-02-10,C02470,PK05,AG03,1,0,895,0.0,Completed,M-Pesa
BK-2026-00421,2026-02-01,2026-02-20,C03634,PK02,AG10,2,1,435,0.1,Cancelled,Card
BK-2026-00422,2026-02-01,2026-02-11,C03645,PK05,AG11,1,0,895,0.1,Completed,Card
BK-2026-00423,2026-02-01,2026-07-09,C04257,PK08,AG00,2,3,1560,0.1,Confirmed,M-Pesa
BK-2026-00424,2026-02-02,2026-09-01,C00428,PK14,AG00,2,0,5420,0.05,Confirmed,Card
BK-2026-00425,2026-02-02,2026-03-08,C00839,PK12,AG11,2,0,5520,0.05,Completed,Card
BK-2026-00426,2026-02-02,2026-03-11,C01212,PK07,AG00,2,0,2700,0.0,Completed,M-Pesa
BK-2026-00427,2026-02-02,2026-07-19,C01496,PK16,AG11,2,2,6085,0.0,Confirmed,Card
BK-2026-00428,2026-02-02,2026-06-24,C02021,PK18,AG01,2,3,5980,0.0,Completed,M-Pesa
BK-2026-00429,2026-02-02,2026-06-23,C02512,PK16,AG00,1,0,5290,0.0,Cancelled,PayPal
BK-2026-00430,2026-02-02,2026-04-16,C04037,PK11,AG00,2,0,4485,0.05,Completed,Card
BK-2026-00431,2026-02-02,2026-03-04,C04318,PK01,AG09,2,0,485,0.05,Completed,Bank Transfer
BK-2026-00432,2026-02-02,2026-06-02,C05418,PK13,AG04,1,0,7130,0.0,Completed,Card
BK-2026-00433,2026-02-02,2026-09-05,C05706,PK15,AG00,1,0,5160,0.1,Confirmed,Bank Transfer
BK-2026-00434,2026-02-02,2026-03-30,C05727,PK10,AG02,2,0,1025,0.0,Completed,Bank Transfer
BK-2026-00435,2026-02-02,2026-06-15,C05868,PK11,AG01,1,0,4485,0.0,Completed,Card
BK-2026-00436,2026-02-02,2026-05-11,C06162,PK15,AG00,2,0,4485,0.0,Completed,Bank Transfer
BK-2026-00437,2026-02-03,2026-09-12,C00850,PK16,AG02,9,0,6085,0.1,Confirmed,Bank Transfer
BK-2026-00438,2026-02-03,2026-03-17,C00874,PK10,AG09,2,3,1025,0.0,Completed,PayPal
BK-2026-00439,2026-02-03,2026-04-24,C01340,PK06,AG00,1,0,1440,0.05,Completed,Card
BK-2026-00440,2026-02-03,2026-03-14,C02153,PK03,AG00,2,1,620,,Completed,PayPal
BK-2026-00441,2026-02-03,2026-04-23,C02257,PK13,AG00,2,0,7130,0.0,Completed,Card
BK-2026-00442,2026-02-03,2026-04-06,C02586,PK16,AG01,7,0,5290,0.15,Completed,Card
BK-2026-00443,2026-02-03,2026-03-26,C04105,PK09,AG07,2,0,2990,0.05,Completed,Card
BK-2026-00444,2026-02-03,2026-10-13,C04488,PK18,AG02,2,0,6875,0.0,Confirmed,M-Pesa
BK-2026-00445,2026-02-03,2026-04-02,C05098,PK18,AG07,2,2,5980,0.0,Completed,Card
BK-2026-00446,2026-02-03,2026-06-02,C05257,PK12,AG01,8,0,5520,0.1,Completed,Card
BK-2026-00447,2026-02-04,2026-04-28,C00361,PK12,AG07,7,0,5520,0.1,Completed,Bank Transfer
BK-2026-00448,2026-02-04,2026-08-10,C00369,PK13,AG03,2,0,8200,0.0,Confirmed,M-Pesa
BK-2026-00449,2026-02-04,2026-03-14,C01074,PK03,AG11,2,0,620,0.05,Completed ,Card
BK-2026-00450,2026-02-04,2026-04-26,C01117,PK18,AG03,5,0,5980,0.0,Completed,Card
BK-2026-00451,2026-02-04,2026-08-30,C01836,PK15,AG05,2,0,5160,0.0,Confirmed,PayPal
BK-2026-00452,2026-02-04,2026-02-28,C01958,PK09,AG07,2,0,2990,0.1,Completed,Card
BK-2026-00453,2026-02-04,2026-03-21,C02290,PK01,AG00,2,3,485,0.15,Completed,Card
BK-2026-00454,2026-02-04,2026-06-07,C04803,PK15,AG00,2,0,4485,0.15,Completed,Card
BK-2026-00455,2026-02-04,2026-04-05,C05629,PK13,AG04,2,0,7130,0.1,Completed,M-Pesa
BK-2026-00456,2026-02-04,2026-07-03,C06238,PK15,AG04,4,0,5160,0.1,Confirmed,Bank Transfer
BK-2026-00457,2026-02-05,2026-06-02,C01253,PK16,AG10,1,0,5290,0.1,Completed,Bank Transfer
BK-2026-00458,2026-02-05,2026-02-22,C02003,PK02,AG00,2,2,435,0.05,completed,Card
BK-2026-00459,2026-02-05,2026-02-11,C02298,PK04,AG08,2,0,575,0.05,Completed,Bank Transfer
BK-2026-00460,2026-02-05,2026-05-17,C02681,PK06,AG03,2,1,1440,0.05,Cancelled ,Card
BK-2026-00461,2026-02-05,2026-07-20,C02692,PK14,AG00,1,0,5420,0.0,Confirmed ,M-Pesa
BK-2026-00462,2026-02-05,2026-02-23,C02871,PK10,AG08,1,0,1025,0.1,Completed,Bank Transfer
BK-2026-00463,2026-02-05,2026-05-03,C02872,PK03,AG00,1,0,620,0.0,Completed,Bank Transfer
BK-2026-00464,2026-02-05,2026-12-24,C03074,PK12,AG05,2,2,6350,0.05,confirmed,Card
BK-2026-00465,2026-02-05,2026-08-05,C03197,PK16,AG03,1,0,6085,0.0,confirmed,M-Pesa
BK-2026-00466,2026-02-05,2026-07-10,C03564,PK12,AG00,2,1,6350,0.0,Confirmed,PayPal
BK-2026-00467,2026-02-05,2026-02-11,C04185,PK07,AG10,2,0,2700,0.0,Completed,Bank Transfer
BK-2026-00468,2026-02-05,2026-02-08,C04565,PK09,AG13,12,0,2990,0.05,Completed,M-Pesa
BK-2026-00469,2026-02-05,2026-03-28,C04742,PK02,AG00,2,1,435,0.05,Completed,Card
BK-2026-00470,2026-02-05,2026-06-12,C04883,PK17,AG04,1,0,11270,0.1,Completed,PayPal
BK-2026-00471,2026-02-05,2026-02-23,C04886,PK02,AG02,2,0,435,0.0,Completed,Card
BK-2026-00472,2026-02-05,2026-04-07,C05868,PK12,AG05,1,0,5520,0.0,Completed,Bank Transfer
BK-2026-00473,2026-02-06,2026-05-22,C02212,PK17,AG13,7,0,11270,0.05,Completed,Bank Transfer
BK-2026-00474,2026-02-06,2026-09-14,C02281,PK16,AG00,2,0,6085,0.1,Confirmed,M-Pesa
BK-2026-00475,2026-02-06,2026-02-19,C02414,PK12,AG06,8,0,5520,,Completed,M-Pesa
BK-2026-00476,2026-02-06,2026-03-28,C03647,PK06,AG07,2,1,1440,0.0,Completed,Bank Transfer
BK-2026-00477,2026-02-06,2026-04-06,C03791,PK09,AG03,1,0,2990,0.0,Completed,Bank Transfer
BK-2026-00478,2026-02-06,2026-06-13,C04477,PK07,AG10,2,1,2700,0.0,Cancelled,Card
BK-2026-00479,2026-02-06,2026-03-11,C05446,PK03,AG03,2,0,620,0.05,Completed,M-Pesa
BK-2026-00480,2026-02-06,2026-06-18,C05618,PK15,AG01,1,0,4485,0.05,Completed,Card
BK-2026-00481,2026-02-06,2026-07-08,C05719,PK10,AG10,1,0,1175,0.15,Confirmed,Card
BK-2026-00482,2026-02-06,2026-03-05,C05743,PK10,AG12,3,0,1025,0.0,Completed,PayPal
BK-2026-00483,2026-02-06,2026-07-12,C05768,PK12,AG00,11,0,6350,0.15,Confirmed,Card
BK-2026-00484,2026-02-06,2026-07-08,C06155,PK14,AG04,2,0,5420,0.0,Confirmed,Bank Transfer
BK-2026-00485,2026-02-06,2026-02-24,C06156,PK02,AG00,2,0,435,0.0,Completed,Bank Transfer
BK-2026-00486,2026-02-07,2026-02-27,C01608,PK04,AG12,7,0,575,0.1,Completed,Card
BK-2026-00487,2026-02-07,2026-07-02,C02236,PK13,AG13,9,0,8200,0.05,Confirmed,Bank Transfer
BK-2026-00488,2026-02-07,2026-07-20,C02675,PK18,AG10,2,2,6875,0.05,Confirmed,Card
BK-2026-00489,2026-02-07,2026-03-31,C03226,PK10,AG03,1,0,1025,0.1,Completed,M-Pesa
BK-2026-00490,2026-02-07,2026-07-04,C03945,PK18,AG10,1,0,6875,0.05,cancelled,Bank Transfer
BK-2026-00491,2026-02-07,2026-06-04,C05307,PK18,AG04,2,1,5980,0.0,Completed,Card
BK-2026-00492,2026-02-07,2026-03-21,C05332,PK02,AG00,1,0,435,0.0,Completed,Card
BK-2026-00493,2026-02-07,2026-11-01,C05963,PK18,AG02,1,0,5980,0.0,Confirmed,Bank Transfer
BK-2026-00494,2026-02-08,2026-06-18,C01161,PK18,AG00,2,0,5980,0.0,Completed,PayPal
BK-2026-00495,2026-02-08,2026-03-23,C01774,PK10,AG00,2,3,1025,0.05,Completed,Card
BK-2026-00496,2026-02-08,2026-09-13,C01881,PK12,AG03,2,0,6350,0.1,Confirmed,PayPal
BK-2026-00497,2026-02-08,2026-02-20,C01954,PK13,AG04,2,2,7130,0.0,Canceled,PayPal
BK-2026-00498,2026-02-08,2026-03-22,C02974,PK05,AG10,2,0,895,0.05,Completed,M-Pesa
BK-2026-00499,2026-02-08,2026-09-10,C03409,PK15,AG01,2,0,5160,0.1,Confirmed ,M-Pesa
BK-2026-00500,2026-02-08,2026-03-11,C04527,PK11,AG10,2,0,4485,0.0,Completed,Card
BK-2026-00501,2026-02-08,2026-03-29,C04973,PK17,AG03,2,0,11270,0.0,Completed,PayPal
BK-2026-00502,2026-02-08,2026-08-22,C05082,PK15,AG04,4,0,5160,0.1,Confirmed,Bank Transfer
BK-2026-00503,2026-02-08,2026-08-02,C05729,PK16,AG03,1,0,6085,0.0,Confirmed,Card
BK-2026-00504,2026-02-08,2026-03-27,C05745,PK11,AG03,2,0,4485,0.05,Canceled,Card
BK-2026-00505,2026-02-08,2026-03-11,C05908,PK06,AG00,2,3,1440,0.05,Completed,Card
BK-2026-00506,2026-02-08,2026-07-12,C06315,PK02,AG05,2,0,505,0.0,Confirmed,Card
BK-2026-00507,2026-02-08,2026-03-23,C06454,PK01,AG07,2,0,485,0.05,Cancelled,M-Pesa
BK-2026-00508,2026-02-09,2026-10-25,C00434,PK12,AG03,2,1,6350,0.0,Cancelled,Card
BK-2026-00509,2026-02-09,2026-06-20,C00439,PK13,AG07,1,0,7130,0.1,Completed,Bank Transfer
BK-2026-00510,2026-02-09,2026-06-17,C00965,PK14,AG06,1,0,4715,0.0,Completed,PayPal
BK-2026-00511,2026-02-09,2026-03-17,C01136,PK01,AG00,2,1,485,0.05,Completed,Bank Transfer
BK-2026-00512,2026-02-09,2026-03-26,C01720,PK09,AG06,1,0,2990,0.0,Completed,Bank Transfer
BK-2026-00513,2026-02-09,2026-06-12,C01765,PK17,AG11,2,1,11270,,Completed,Card
BK-2026-00514,2026-02-09,2026-06-11,C03755,PK02,AG01,2,3,435,0.0,Completed,M-Pesa
BK-2026-00515,2026-02-09,2026-11-23,C04393,PK10,AG00,2,0,1025,0.0,Confirmed,Card
BK-2026-00516,2026-02-09,2026-02-17,C04991,PK03,AG04,5,0,620,0.1,Completed,M-Pesa
BK-2026-00517,2026-02-09,2026-02-19,C05602,PK10,AG04,2,0,1025,0.05,Completed,PayPal
BK-2026-00518,2026-02-09,2026-02-15,C05820,PK03,AG02,2,0,620,0.0,Completed,Card
BK-2026-00519,2026-02-09,2026-08-16,C06042,PK12,AG02,2,0,6350,0.0,Confirmed,Bank Transfer
BK-2026-00520,2026-02-10,2026-07-29,C00624,PK15,AG02,2,2,5160,0.1,Confirmed,Card
BK-2026-00521,2026-02-10,2026-08-26,C00695,PK10,AG10,2,2,1175,0.15,cancelled,M-Pesa
BK-2026-00522,2026-02-10,2026-08-05,C00926,PK12,AG12,11,0,6350,0.0,Confirmed,Bank Transfer
BK-2026-00523,2026-02-10,2026-05-04,C01297,PK07,AG00,2,0,2700,0.0,Completed ,PayPal
BK-2026-00524,2026-02-10,2026-02-18,C01512,PK09,AG04,2,0,2990,0.1,Completed,Card
BK-2026-00525,2026-02-10,2026-02-13,C02444,PK05,AG04,9,0,895,0.0,Completed,Bank Transfer
BK-2026-00526,2026-02-10,2026-07-05,C02615,PK08,AG02,2,1,1560,0.1,Cancelled,Card
BK-2026-00527,2026-02-10,2026-08-19,C02832,PK15,AG08,2,2,5160,0.0,Confirmed,Card
BK-2026-00528,2026-02-10,2026-09-22,C02910,PK12,AG02,2,3,6350,0.05,Confirmed,PayPal
BK-2026-00529,2026-02-10,2026-03-02,C04122,PK01,AG04,1,0,485,0.0,Completed,Bank Transfer
BK-2026-00530,2026-02-10,2026-02-27,C04426,PK02,AG00,2,0,435,0.05,Completed,M-Pesa
BK-2026-00531,2026-02-11,2026-03-19,C00955,PK06,AG11,4,0,1440,0.1,Completed,PayPal
BK-2026-00532,2026-02-11,2026-04-02,C01397,PK02,AG07,3,0,435,0.05,Cancelled,Card
BK-2026-00533,2026-02-11,2026-03-30,C02264,PK02,AG00,2,1,435,0.0,Completed,Card
BK-2026-00534,2026-02-11,2026-03-02,C04014,PK03,AG00,2,0,620,0.05,Completed,Bank Transfer
BK-2026-00535,2026-02-11,2026-07-15,C04107,PK13,AG01,9,0,8200,0.1,Confirmed,PayPal
BK-2026-00536,2026-02-11,2026-03-08,C04903,PK06,AG06,2,1,1440,0.1,Completed,M-Pesa
BK-2026-00537,2026-02-11,2026-03-22,C05281,PK06,AG02,8,0,1440,0.05,Completed,Card
BK-2026-00538,2026-02-11,2026-07-15,C05355,PK12,AG03,2,0,6350,0.1,Confirmed,Card
BK-2026-00539,2026-02-11,2026-03-19,C05768,PK11,AG00,7,0,4485,0.1,Canceled,Bank Transfer
BK-2026-00540,2026-02-11,2026-06-03,C06256,PK18,AG09,1,0,5980,0.0,Completed,Bank Transfer
BK-2026-00541,2026-02-11,2026-07-14,C06420,PK13,AG00,2,0,8200,0.05,Confirmed,Bank Transfer
BK-2026-00542,2026-02-12,2026-07-02,C00553,PK13,AG02,4,0,8200,0.1,Confirmed,Card
BK-2026-00543,2026-02-12,2026-06-13,C01203,PK06,AG06,2,0,1440,0.1,Completed,M-Pesa
BK-2026-00544,2026-02-12,2026-03-03,C01480,PK01,AG00,1,0,485,0.0,Completed,PayPal
BK-2026-00545,2026-02-12,2026-06-07,C02569,PK18,AG13,11,0,5980,0.1,Completed,Bank Transfer
BK-2026-00546,2026-02-12,2026-02-15,C02659,PK01,AG05,1,0,485,0.05,Completed,Card
BK-2026-00547,2026-02-12,2026-07-02,C03694,PK15,AG05,9,0,5160,0.0,Confirmed,M-Pesa
BK-2026-00548,2026-02-12,2026-02-27,C04051,PK01,AG00,6,0,485,0.1,Completed,Card
BK-2026-00549,2026-02-12,2026-06-13,C04189,PK12,AG05,2,3,5520,0.1,Completed,Bank Transfer
BK-2026-00550,2026-02-12,2026-08-12,C04337,PK16,AG02,2,1,6085,0.05,Confirmed,Card
BK-2026-00551,2026-02-12,2026-02-16,C05026,PK09,AG06,1,0,2990,0.0,Completed,M-Pesa
BK-2026-00552,2026-02-12,2026-06-15,C05080,PK18,AG02,2,0,5980,0.0,Completed,Bank Transfer
BK-2026-00553,2026-02-12,2026-03-30,C05707,PK03,AG13,3,0,620,0.1,Completed,PayPal
BK-2026-00554,2026-02-13,2026-03-22,C00254,PK15,AG10,2,0,4485,0.05,Completed,PayPal
BK-2026-00555,2026-02-13,2026-04-05,C00405,PK02,AG04,2,2,435,0.05,Completed,Bank Transfer
BK-2026-00556,2026-02-13,2026-04-06,C00470,PK01,AG00,2,0,485,0.0,Completed ,Card
BK-2026-00557,2026-02-13,2026-02-22,C00709,PK02,AG11,6,0,435,0.1,completed,Bank Transfer
BK-2026-00558,2026-02-13,2026-06-21,C02170,PK06,AG05,2,2,1440,0.0,Completed,Card
BK-2026-00559,2026-02-13,2026-06-24,C02327,PK17,AG05,1,0,11270,0.0,Confirmed,Card
BK-2026-00560,2026-02-13,2026-05-19,C02361,PK11,AG00,1,0,4485,0.1,Completed,Card
BK-2026-00561,2026-02-13,2026-03-17,C03099,PK12,AG07,2,2,5520,0.0,Completed,Bank Transfer
BK-2026-00562,2026-02-13,2026-03-17,C03123,PK13,AG00,4,0,7130,0.0,Completed,Bank Transfer
BK-2026-00563,2026-02-13,2026-06-21,C03244,PK14,AG09,1,0,4715,0.1,Completed,Card
BK-2026-00564,2026-02-13,2026-07-30,C03751,PK08,AG03,1,0,1560,0.0,Confirmed,Bank Transfer
BK-2026-00565,2026-02-13,2026-03-22,C04089,PK12,AG04,1,0,5520,0.0,Completed,Card
BK-2026-00566,2026-02-13,2026-08-29,C04551,PK12,AG01,1,0,6350,0.1,Confirmed,Card
BK-2026-00567,2026-02-13,2026-07-14,C04888,PK15,AG06,2,2,5160,0.05,Confirmed,Card
BK-2026-00568,2026-02-13,2026-02-26,C05747,PK04,AG08,2,0,575,0.0,Completed,PayPal
BK-2026-00569,2026-02-13,2026-03-28,C06217,PK01,AG00,4,0,485,0.1,Completed,Card
BK-2026-00570,2026-02-14,2026-03-05,C00054,PK05,AG00,2,2,895,0.1,Completed,PayPal
BK-2026-00571,2026-02-14,2026-05-05,C00407,PK05,AG01,1,0,895,0.05,Completed,Card
BK-2026-00572,2026-02-14,2026-11-11,C00726,PK12,AG00,2,0,5520,0.0,Confirmed,Card
BK-2026-00573,2026-02-14,2026-03-01,C00897,PK10,AG04,2,1,1025,0.0,Completed,Bank Transfer
BK-2026-00574,2026-02-14,2026-04-14,C01211,PK07,AG00,2,1,2700,0.1,Completed,Card
BK-2026-00575,2026-02-14,2026-03-03,C01447,PK01,AG00,2,0,485,0.0,Completed,Bank Transfer
BK-2026-00576,2026-02-14,2026-02-23,C01604,PK06,AG02,2,0,1440,0.0,Completed,Card
BK-2026-00577,2026-02-14,2026-07-29,C02478,PK18,AG13,10,0,6875,0.1,Cancelled,Bank Transfer
BK-2026-00578,2026-02-14,2026-06-30,C03165,PK13,AG00,2,0,7130,0.05,Confirmed,Card
BK-2026-00579,2026-02-14,2026-05-17,C03816,PK17,AG06,2,0,11270,0.0,COMPLETED,Bank Transfer
BK-2026-00580,2026-02-14,2026-08-28,C03819,PK14,AG04,2,0,5420,0.05,Confirmed,Card
BK-2026-00581,2026-02-14,2026-08-10,C03919,PK14,AG01,9,0,5420,0.0,Confirmed,Card
BK-2026-00582,2026-02-14,2026-06-25,C04987,PK16,AG00,2,0,5290,0.05,Completed,PayPal
BK-2026-00583,2026-02-14,2026-04-30,C05817,PK04,AG07,1,0,575,0.05,Completed,M-Pesa
BK-2026-00584,2026-02-15,2026-08-22,C00149,PK17,AG06,2,0,12960,0.05,Confirmed,PayPal
BK-2026-00585,2026-02-15,2026-09-16,C00361,PK12,AG11,7,0,6350,0.0,Confirmed,Card
BK-2026-00586,2026-02-15,2026-07-01,C00568,PK11,AG00,2,0,5160,0.0,Confirmed,M-Pesa
BK-2026-00587,2026-02-15,2026-07-12,C00989,PK13,AG03,6,0,8200,0.0,Confirmed,PayPal
BK-2026-00588,2026-02-15,2026-07-08,C01248,PK06,AG01,2,0,1655,0.0,Confirmed,Card
BK-2026-00589,2026-02-15,2026-02-26,C01416,PK01,AG01,2,0,485,0.0,Completed,Card
BK-2026-00590,2026-02-15,2026-02-21,C02502,PK04,AG11,2,0,575,0.05,Completed,Card
BK-2026-00591,2026-02-15,2026-10-10,C02794,PK10,AG02,9,0,1175,0.05,Confirmed,Card
BK-2026-00592,2026-02-15,2026-11-08,C02941,PK15,AG02,2,1,4485,0.0,Canceled,Card
BK-2026-00593,2026-02-15,2026-02-23,C03097,PK02,AG02,2,1,435,0.05,Completed ,Bank Transfer
BK-2026-00594,2026-02-15,2026-10-09,C03500,PK18,AG09,2,0,6875,0.0,Confirmed,Bank Transfer
BK-2026-00595,2026-02-15,2026-05-10,C04886,PK05,AG00,2,0,895,0.1,Completed,M-Pesa
BK-2026-00596,2026-02-15,2026-03-12,C05321,PK12,AG00,2,0,5520,0.0,Completed,Card
BK-2026-00597,2026-02-15,2026-10-08,C05486,PK18,AG02,2,0,6875,0.0,Confirmed,PayPal
BK-2026-00598,2026-02-15,2026-07-19,C05834,PK14,AG06,2,0,5420,0.05,Confirmed,Bank Transfer
BK-2026-00599,2026-02-15,2026-09-07,C05954,PK17,AG02,6,0,12960,0.0,Confirmed,PayPal
BK-2026-00600,2026-02-16,2026-06-18,C00373,PK13,AG00,2,0,7130,0.0,Completed,M-Pesa
BK-2026-00601,2026-02-16,2026-12-06,C00453,PK13,AG04,2,2,8200,0.1,Cancelled,Bank Transfer
BK-2026-00602,2026-02-16,2026-11-29,C00563,PK12,AG00,6,0,5520,0.1,Confirmed,Card
BK-2026-00603,2026-02-16,2026-09-04,C01114,PK14,AG00,2,0,5420,0.1,Confirmed,Card
BK-2026-00604,2026-02-16,2026-06-14,C01475,PK06,AG12,10,0,1440,0.0,Completed,Card
BK-2026-00605,2026-02-16,2026-07-14,C02242,PK17,AG00,2,0,12960,0.0,Confirmed,Card
BK-2026-00606,2026-02-16,2026-09-25,C02325,PK14,AG13,3,0,5420,0.0,Confirmed,Card
BK-2026-00607,2026-02-16,2026-06-14,C02431,PK09,AG00,4,0,2990,0.1,Completed,Bank Transfer
BK-2026-00608,2026-02-16,2026-05-01,C02449,PK18,AG00,2,0,5980,0.05,Completed,PayPal
BK-2026-00609,2026-02-16,2026-03-30,C03026,PK07,AG09,2,1,2700,0.0,Completed,Bank Transfer
BK-2026-00610,2026-02-16,2026-05-14,C03079,PK16,AG00,2,0,5290,0.0,Completed,Card
BK-2026-00611,2026-02-16,2026-06-29,C03102,PK06,AG03,5,0,1440,0.05,Confirmed,Card
BK-2026-00612,2026-02-16,2026-09-06,C03267,PK17,AG00,1,0,12960,0.0,Confirmed,Bank Transfer
BK-2026-00613,2026-02-16,2026-09-08,C03331,PK13,AG04,2,0,8200,0.05,Confirmed,Card
BK-2026-00614,2026-02-16,2026-10-25,C03722,PK12,AG00,2,0,6350,0.0,Confirmed,Card
BK-2026-00615,2026-02-16,2026-10-04,C04325,PK16,AG00,1,0,6085,0.05,Confirmed,M-Pesa
BK-2026-00616,2026-02-16,2026-11-21,C04759,PK13,AG00,2,3,7130,0.0,confirmed,PayPal
BK-2026-00617,2026-02-16,2026-07-03,C04760,PK10,AG05,2,1,1175,0.15,Confirmed,Card
BK-2026-00618,2026-02-16,2026-09-14,C04992,PK17,AG07,7,0,12960,0.1,Confirmed,Bank Transfer
BK-2026-00619,2026-02-16,2026-03-07,C05651,PK06,AG04,2,0,1440,0.05,Completed,Bank Transfer
BK-2026-00620,2026-02-16,2026-07-05,C05927,PK12,AG02,5,0,6350,0.1,confirmed,M-Pesa
BK-2026-00621,2026-02-17,2026-08-18,C00831,PK12,AG02,2,0,6350,0.15,CONFIRMED,Bank Transfer
BK-2026-00622,2026-02-17,2026-03-30,C01113,PK11,AG00,1,0,4485,0.0,Completed ,Bank Transfer
BK-2026-00623,2026-02-17,2026-09-02,C01527,PK13,AG00,2,0,8200,0.0,Confirmed,Card
BK-2026-00624,2026-02-17,2026-05-17,C01560,PK18,AG05,2,1,5980,0.1,Completed,Card
BK-2026-00625,2026-02-17,2026-02-26,C01614,PK06,AG11,2,1,1440,0.1,Completed,M-Pesa
BK-2026-00626,2026-02-17,2026-03-29,C01665,PK16,AG07,4,0,5290,0.0,Completed,Card
BK-2026-00627,2026-02-17,2026-06-28,C02392,PK15,AG04,1,0,4485,0.05,confirmed,Bank Transfer
BK-2026-00628,2026-02-17,2026-03-10,C03452,PK06,AG00,2,0,1440,0.0,Completed,M-Pesa
BK-2026-00629,2026-02-17,2026-10-20,C03735,PK16,AG01,5,0,6085,0.1,Confirmed,Card
BK-2026-00630,2026-02-17,2026-02-22,C04143,PK05,AG04,1,0,895,0.0,Completed,Card
BK-2026-00631,2026-02-17,2026-02-24,C05261,PK06,AG03,2,0,1440,0.0,Completed,Card
BK-2026-00632,2026-02-17,2026-05-02,C05316,PK09,AG04,2,0,2990,0.0,Completed,Bank Transfer
BK-2026-00633,2026-02-17,2026-03-06,C06107,PK03,AG00,2,0,620,0.05,Completed,M-Pesa
BK-2026-00634,2026-02-17,2026-03-30,C06416,PK10,AG07,2,0,1025,0.0,Completed,Bank Transfer
BK-2026-00635,2026-02-18,2026-03-12,C00997,PK06,AG00,1,0,1440,0.1,Completed,Bank Transfer
BK-2026-00636,2026-02-18,2026-07-21,C02214,PK13,AG11,11,0,8200,0.1,Confirmed,Bank Transfer
BK-2026-00637,2026-02-18,2026-09-02,C02254,PK08,AG12,10,0,1560,0.1,Confirmed ,Card
BK-2026-00638,2026-02-18,2026-02-24,C02453,PK02,AG00,1,0,435,0.0,Completed,PayPal
BK-2026-00639,2026-02-18,2026-07-29,C02763,PK12,AG01,2,0,6350,0.05,Confirmed,Bank Transfer
BK-2026-00640,2026-02-18,2026-03-20,C04733,PK04,AG01,1,0,575,0.0,Completed,PayPal
BK-2026-00641,2026-02-18,2026-03-15,C05107,PK07,AG05,2,0,2700,0.0,Completed,Card
BK-2026-00642,2026-02-18,2026-08-12,C05470,PK12,AG10,2,3,6350,0.1,Confirmed,Bank Transfer
BK-2026-00643,2026-02-18,2026-08-27,C06054,PK18,AG01,4,0,6875,0.15,Confirmed,Card
BK-2026-00644,2026-02-18,2026-07-31,C06138,PK17,AG04,2,0,12960,0.0,Cancelled,PayPal
BK-2026-00645,2026-02-19,2026-05-06,C01405,PK12,AG00,2,0,5520,0.0,Completed,Bank Transfer
BK-2026-00646,2026-02-19,2026-08-07,C01896,PK16,AG11,2,2,6085,0.1,Confirmed,Bank Transfer
BK-2026-00647,2026-02-19,2026-10-31,C03431,PK12,AG00,8,0,6350,0.1,Confirmed,Card
BK-2026-00648,2026-02-19,2026-09-03,C03478,PK09,AG02,2,3,3440,0.05,Confirmed,M-Pesa
BK-2026-00649,2026-02-19,2026-05-06,C03645,PK07,AG00,1,0,2700,0.05,Cancelled,Bank Transfer
BK-2026-00650,2026-02-19,2026-10-19,C03667,PK17,AG00,2,0,12960,,CANCELLED,Bank Transfer
BK-2026-00651,2026-02-19,2026-08-22,C03788,PK08,AG00,8,0,1560,0.1,Confirmed,Bank Transfer
BK-2026-00652,2026-02-19,2026-04-02,C04565,PK04,AG00,11,0,575,0.0,Completed,Card
BK-2026-00653,2026-02-19,2026-03-05,C05364,PK02,AG08,5,0,435,0.05,Completed,PayPal
BK-2026-00654,2026-02-19,2026-03-10,C05857,PK09,AG08,2,0,2990,0.0,Completed,Card
BK-2026-00655,2026-02-20,2026-04-12,C00265,PK06,AG02,2,0,1440,0.1,Completed,Card
BK-2026-00656,2026-02-20,2026-06-24,C00945,PK15,AG05,7,0,4485,0.15,Completed,Card
BK-2026-00657,2026-02-20,2026-02-24,C01111,PK06,AG12,4,0,1440,0.1,Cancelled,Card
BK-2026-00658,2026-02-20,2026-07-21,C01460,PK14,AG06,1,0,5420,0.0,Confirmed ,Card
BK-2026-00659,2026-02-20,2026-07-16,C01762,PK12,AG00,2,0,6350,0.05,Confirmed,Card
BK-2026-00660,2026-02-20,2026-03-20,C02378,PK04,AG00,2,0,575,0.1,Completed,Card
BK-2026-00661,2026-02-20,2026-09-02,C03648,PK15,AG10,3,0,5160,0.0,confirmed,Card
BK-2026-00662,2026-02-20,2026-03-25,C06070,PK01,AG11,1,0,485,0.0,Completed,PayPal
BK-2026-00663,2026-02-20,2026-06-22,C06275,PK10,AG00,2,0,1025,0.15,Completed,Bank Transfer
BK-2026-00664,2026-02-21,2026-03-27,C00033,PK06,AG03,2,3,1440,0.0,Completed,Card
BK-2026-00665,2026-02-21,2026-04-25,C00729,PK17,AG10,2,2,11270,0.1,Completed,M-Pesa
BK-2026-00666,2026-02-21,2026-07-11,C00884,PK06,AG00,2,0,1655,0.1,Confirmed,PayPal
BK-2026-00667,2026-02-21,2026-08-30,C01044,PK17,AG04,6,0,12960,0.1,Confirmed,Bank Transfer
BK-2026-00668,2026-02-21,2026-07-21,C01195,PK14,AG09,6,0,5420,0.15,Confirmed,M-Pesa
BK-2026-00669,2026-02-21,2026-06-06,C02471,PK18,AG04,2,0,5980,0.0,Cancelled,Card
BK-2026-00670,2026-02-21,2026-07-23,C04047,PK06,AG08,4,0,1655,0.15,Confirmed,Bank Transfer
BK-2026-00671,2026-02-21,2026-09-25,C04240,PK15,AG06,1,0,5160,0.05,Confirmed,M-Pesa
BK-2026-00672,2026-02-21,2026-05-15,C04298,PK11,AG00,2,0,4485,0.15,Completed,PayPal
BK-2026-00673,2026-02-21,2026-07-09,C05396,PK12,AG00,2,0,6350,0.0,Confirmed,Card
BK-2026-00674,2026-02-21,2026-08-22,C05500,PK13,AG00,2,0,8200,0.0,Confirmed,M-Pesa
BK-2026-00675,2026-02-21,2026-10-28,C05673,PK17,AG00,2,3,12960,0.05,Confirmed,Bank Transfer
BK-2026-00676,2026-02-21,2026-04-15,C05965,PK06,AG02,5,0,1440,0.1,Completed,M-Pesa
BK-2026-00677,2026-02-22,2026-09-19,C00021,PK12,AG02,2,0,6350,0.0,Confirmed,Card
BK-2026-00678,2026-02-22,2026-08-08,C01821,PK11,AG06,12,0,5160,0.1,Confirmed,M-Pesa
BK-2026-00679,2026-02-22,2026-06-19,C02011,PK08,AG08,4,0,1355,0.1,Completed,M-Pesa
BK-2026-00680,2026-02-22,2026-08-01,C02336,PK12,AG00,2,0,6350,0.1,Confirmed,PayPal
BK-2026-00681,2026-02-22,2026-09-30,C02825,PK13,AG07,2,0,8200,0.0,Cancelled,Card
BK-2026-00682,2026-02-22,2026-09-11,C03900,PK15,AG06,2,1,5160,0.0,Cancelled,Card
BK-2026-00683,2026-02-22,2026-08-05,C04699,PK18,AG04,1,0,6875,0.0,Confirmed,Card
BK-2026-00684,2026-02-22,2026-03-21,C05213,PK02,AG00,6,0,435,0.15,completed,Bank Transfer
BK-2026-00685,2026-02-22,2026-06-27,C05996,PK07,AG00,2,1,2700,0.0,Confirmed,Card
BK-2026-00686,2026-02-23,2026-09-22,C00378,PK15,AG00,5,0,5160,0.1,Cancelled,Card
BK-2026-00687,2026-02-23,2026-03-18,C00473,PK06,AG00,5,0,1440,0.05,Completed ,Card
BK-2026-00688,2026-02-23,2026-05-18,C01544,PK01,AG00,2,3,485,0.0,Completed,M-Pesa
BK-2026-00689,2026-02-23,2026-06-23,C02468,PK14,AG11,1,0,4715,0.1,Completed,Card
BK-2026-00690,2026-02-23,2026-07-13,C04777,PK08,AG11,1,0,1560,0.0,Confirmed,Bank Transfer
BK-2026-00691,2026-02-23,2026-04-19,C04791,PK12,AG00,2,2,5520,0.05,Completed,Bank Transfer
BK-2026-00692,2026-02-23,2026-06-14,C04896,PK06,AG06,9,0,1440,0.0,Completed,Bank Transfer
BK-2026-00693,2026-02-23,2026-05-01,C06068,PK03,AG07,2,2,620,0.0,Completed,Card
BK-2026-00694,2026-02-23,2026-03-19,C06478,PK04,AG06,8,0,575,0.1,Completed,Bank Transfer
BK-2026-00695,2026-02-24,2026-08-27,C00688,PK09,AG00,2,0,3440,0.05,Confirmed,Bank Transfer
BK-2026-00696,2026-02-24,2026-12-07,C01498,PK13,AG00,7,0,8200,0.0,Confirmed,Card
BK-2026-00697,2026-02-24,2026-06-13,C02037,PK13,AG06,2,0,7130,0.0,Completed,Card
BK-2026-00698,2026-02-24,2026-03-12,C02087,PK02,AG00,6,0,435,0.05,Completed,PayPal
BK-2026-00699,2026-02-24,2026-07-04,C02401,PK14,AG04,2,2,5420,0.15,Confirmed,Card
BK-2026-00700,2026-02-24,2026-03-15,C02412,PK02,AG00,2,0,435,0.0,Completed,Card
BK-2026-00701,2026-02-24,2026-03-09,C03249,PK05,AG00,2,0,895,0.05,Completed,Bank Transfer
BK-2026-00702,2026-02-24,2026-09-18,C03399,PK10,AG04,2,0,1175,0.0,Confirmed,Bank Transfer
BK-2026-00703,2026-02-24,2026-05-19,C04118,PK10,AG00,2,0,1025,0.1,Completed,Bank Transfer
BK-2026-00704,2026-02-24,2026-04-04,C04251,PK13,AG00,1,0,7130,0.0,Completed,Bank Transfer
BK-2026-00705,2026-02-24,2026-10-14,C04613,PK18,AG07,2,0,6875,0.05,Confirmed,M-Pesa
BK-2026-00706,2026-02-24,2026-04-11,C04737,PK07,AG01,2,1,2700,0.1,Completed,Card
BK-2026-00707,2026-02-24,2026-10-31,C05556,PK08,AG01,2,0,1560,0.05,Cancelled,Bank Transfer
BK-2026-00708,2026-02-25,2026-08-20,C00207,PK18,AG01,1,0,6875,0.1,Confirmed,M-Pesa
BK-2026-00709,2026-02-25,2026-07-21,C01631,PK13,AG00,2,0,8200,0.15,Confirmed,M-Pesa
BK-2026-00710,2026-02-25,2026-03-06,C02053,PK03,AG00,2,0,620,,Completed,M-Pesa
BK-2026-00711,2026-02-25,2026-12-25,C02222,PK17,AG03,2,2,12960,0.0,Confirmed,PayPal
BK-2026-00712,2026-02-25,2026-07-16,C02249,PK10,AG00,2,3,1175,0.05,Confirmed,Bank Transfer
BK-2026-00713,2026-02-25,2026-07-28,C02985,PK13,AG00,5,0,8200,0.1,Confirmed,Card
BK-2026-00714,2026-02-25,2026-04-01,C03504,PK01,AG00,2,0,485,0.1,Completed,Bank Transfer
BK-2026-00715,2026-02-25,2026-07-10,C04891,PK06,AG00,2,1,1655,0.0,Canceled,Card
BK-2026-00716,2026-02-25,2026-06-13,C05050,PK06,AG12,6,0,1440,0.1,Cancelled,Card
BK-2026-00717,2026-02-25,2026-06-08,C05560,PK02,AG00,2,2,435,0.0,Completed,Card
BK-2026-00718,2026-02-25,2026-03-13,C05889,PK12,AG00,2,2,5520,,Completed,Bank Transfer
BK-2026-00719,2026-02-26,2026-08-05,C00943,PK15,AG00,2,0,5160,0.0,Confirmed,Card
BK-2026-00720,2026-02-26,2026-03-24,C01059,PK02,AG01,2,0,435,0.05,Cancelled,PayPal
BK-2026-00721,2026-02-26,2026-07-09,C01537,PK16,AG04,2,0,6085,0.0,Confirmed ,Bank Transfer
BK-2026-00722,2026-02-26,2026-03-17,C02228,PK10,AG02,1,0,1025,0.0,Completed,Bank Transfer
BK-2026-00723,2026-02-26,2026-04-12,C02808,PK04,AG00,8,0,575,0.05,Completed,Card
BK-2026-00724,2026-02-26,2026-07-27,C03083,PK13,AG00,9,0,8200,0.0,Confirmed,PayPal
BK-2026-00725,2026-02-26,2026-07-17,C03587,PK15,AG06,2,0,5160,0.0,Confirmed,Card
BK-2026-00726,2026-02-26,2026-04-19,C04358,PK14,AG00,2,0,4715,0.0,Completed,Card
BK-2026-00727,2026-02-26,2026-08-22,C05352,PK06,AG00,2,0,1655,0.0,Confirmed,M-Pesa
BK-2026-00728,2026-02-27,2026-03-06,C01961,PK02,AG03,2,0,435,0.0,Completed,Bank Transfer
BK-2026-00729,2026-02-27,2026-03-11,C02133,PK01,AG00,1,0,485,0.0,Completed,Bank Transfer
BK-2026-00730,2026-02-27,2026-08-10,C03012,PK15,AG06,2,2,5160,0.0,Confirmed,Card
BK-2026-00731,2026-02-27,2026-07-26,C03333,PK18,AG02,2,0,6875,0.0,Confirmed,PayPal
BK-2026-00732,2026-02-27,2026-05-03,C03601,PK13,AG02,2,0,7130,0.0,Completed,Card
BK-2026-00733,2026-02-27,2026-09-22,C04061,PK13,AG00,2,0,8200,0.1,Confirmed,Bank Transfer
BK-2026-00734,2026-02-28,2026-06-18,C01295,PK17,AG00,2,0,11270,0.0,Completed,Bank Transfer
BK-2026-00735,2026-02-28,2026-08-02,C01353,PK18,AG00,2,0,6875,,CONFIRMED,Bank Transfer
BK-2026-00736,2026-02-28,2026-08-29,C01711,PK16,AG00,1,0,6085,0.05,Confirmed,Card
BK-2026-00737,2026-02-28,2026-07-20,C01730,PK12,AG10,2,2,6350,0.0,Confirmed,Card
BK-2026-00738,2026-02-28,2026-06-11,C02992,PK08,AG06,2,2,1355,0.1,Completed,Bank Transfer
BK-2026-00739,2026-02-28,2026-04-12,C03373,PK05,AG03,1,0,895,0.0,Completed,Card
BK-2026-00740,2026-02-28,2026-05-27,C03601,PK11,AG07,2,0,4485,,Completed,PayPal
BK-2026-00741,2026-02-28,2026-06-06,C03814,PK13,AG04,2,0,7130,0.1,Cancelled,M-Pesa
BK-2026-00742,2026-02-28,2026-03-31,C04152,PK07,AG02,2,0,2700,0.0,Completed,Card
BK-2026-00743,2026-02-28,2026-06-17,C04868,PK13,AG03,2,0,7130,0.0,Completed,PayPal
BK-2026-00744,2026-02-28,2026-08-22,C05136,PK12,AG09,12,0,6350,0.15,Confirmed,Card
BK-2026-00745,2026-02-28,2026-05-29,C05198,PK05,AG00,2,0,895,0.0,Completed,Bank Transfer
BK-2026-00746,2026-02-28,2026-04-23,C05266,PK06,AG06,2,0,1440,0.1,Completed,Card
BK-2026-00747,2026-02-28,2026-09-06,C05551,PK15,AG00,1,0,5160,0.15,Confirmed,Card
BK-2026-00748,2026-02-28,2026-09-21,C05559,PK11,AG00,2,0,5160,0.05,Confirmed,PayPal
BK-2026-00749,2026-02-28,2026-06-22,C05681,PK13,AG00,2,3,7130,0.15,Completed,Bank Transfer
BK-2026-00750,2026-02-28,2026-06-06,C06376,PK16,AG11,2,2,5290,0.0,Completed ,Bank Transfer
BK-2026-00751,2026-03-01,2026-03-07,C00157,PK06,AG00,6,0,1440,0.1,Completed,M-Pesa
BK-2026-00752,2026-03-01,2026-03-27,C00420,PK18,AG00,6,0,5980,0.0,Completed,M-Pesa
BK-2026-00753,2026-03-01,2026-08-15,C00443,PK11,AG00,2,2,5160,0.15,Confirmed,M-Pesa
BK-2026-00754,2026-03-01,2026-08-06,C00590,PK17,AG02,2,0,12960,0.0,Confirmed,Bank Transfer
BK-2026-00755,2026-03-01,2026-05-04,C00674,PK09,AG02,2,1,2990,0.0,Completed,Card
BK-2026-00756,2026-03-01,2026-06-07,C01205,PK06,AG05,2,2,1440,0.0,Completed,PayPal
BK-2026-00757,2026-03-01,2026-06-29,C01971,PK11,AG00,1,0,4485,0.0,Confirmed,Card
BK-2026-00758,2026-03-01,2026-08-23,C02593,PK17,AG00,2,0,12960,0.0,confirmed,Card
BK-2026-00759,2026-03-01,2026-03-23,C02607,PK04,AG10,7,0,575,0.15,Completed,Bank Transfer
BK-2026-00760,2026-03-01,2026-08-18,C02943,PK12,AG02,2,0,6350,0.1,Cancelled,M-Pesa
BK-2026-00761,2026-03-01,2026-06-07,C03322,PK13,AG03,5,0,7130,0.05,Completed,PayPal
BK-2026-00762,2026-03-01,2026-03-13,C03892,PK01,AG10,2,0,485,0.1,Completed,Card
BK-2026-00763,2026-03-01,2026-03-18,C04108,PK05,AG06,2,0,895,0.1,Completed,Bank Transfer
BK-2026-00764,2026-03-01,2026-09-19,C04453,PK06,AG10,2,1,1655,0.0,Confirmed,Bank Transfer
BK-2026-00765,2026-03-01,2026-04-09,C05672,PK02,AG13,3,0,435,0.05,Cancelled,Card
BK-2026-00766,2026-03-01,2026-08-13,C05879,PK18,AG03,1,0,6875,0.0,Confirmed,Bank Transfer
BK-2026-00767,2026-03-02,2026-11-10,C00532,PK14,AG00,2,0,4715,0.0,Confirmed,Card
BK-2026-00768,2026-03-02,2026-03-12,C01230,PK10,AG00,2,1,1025,0.1,Completed,Bank Transfer
BK-2026-00769,2026-03-02,2026-03-16,C01341,PK13,AG00,2,0,7130,0.1,Cancelled,PayPal
BK-2026-00770,2026-03-02,2026-03-15,C02026,PK01,AG11,1,0,485,0.0,Completed,Bank Transfer
BK-2026-00771,2026-03-02,2026-09-25,C02602,PK15,AG10,2,0,5160,0.0,Confirmed,Card
BK-2026-00772,2026-03-02,2026-04-12,C02993,PK11,AG11,2,0,4485,0.0,Completed,Bank Transfer
BK-2026-00773,2026-03-02,2026-06-30,C05808,PK16,AG04,1,0,5290,0.0,Confirmed,M-Pesa
BK-2026-00774,2026-03-03,2026-03-19,C00055,PK10,AG02,2,1,1025,0.0,Completed,Card
BK-2026-00775,2026-03-03,2026-03-14,C00364,PK13,AG04,8,0,7130,0.1,Completed,Bank Transfer
BK-2026-00776,2026-03-03,2026-09-21,C00557,PK18,AG03,1,0,6875,0.0,Confirmed,Bank Transfer
BK-2026-00777,2026-03-03,2026-07-29,C00863,PK13,AG00,2,2,8200,0.0,Confirmed,Card
BK-2026-00778,2026-03-03,2026-07-29,C01874,PK14,AG00,1,0,5420,0.05,Confirmed,PayPal
BK-2026-00779,2026-03-03,2026-05-31,C01945,PK16,AG00,2,0,5290,0.05,Completed,Card
BK-2026-00780,2026-03-03,2026-07-04,C02479,PK18,AG00,1,0,6875,0.0,Confirmed,Card
BK-2026-00781,2026-03-03,2026-03-27,C03562,PK01,AG02,2,0,485,,Cancelled,PayPal
BK-2026-00782,2026-03-03,2026-04-30,C03722,PK06,AG04,2,0,1440,0.0,Completed,Card
BK-2026-00783,2026-03-03,2026-06-30,C03988,PK15,AG00,2,0,4485,0.0,Confirmed,Card
BK-2026-00784,2026-03-03,2026-03-07,C05237,PK01,AG00,4,0,485,0.1,Completed,PayPal
BK-2026-00785,2026-03-03,2026-06-28,C05782,PK12,AG03,11,0,5520,0.15,Confirmed,Bank Transfer
BK-2026-00786,2026-03-04,2026-03-15,C00083,PK03,AG00,2,0,620,0.0,Completed,Card
BK-2026-00787,2026-03-04,2026-09-17,C01290,PK14,AG00,8,0,5420,0.1,Cancelled,Bank Transfer
BK-2026-00788,2026-03-04,2026-05-23,C01313,PK07,AG03,6,0,2700,0.1,Completed,Bank Transfer
BK-2026-00789,2026-03-04,2026-08-05,C01367,PK12,AG00,2,0,6350,0.0,Canceled,PayPal
BK-2026-00790,2026-03-04,2026-03-16,C01853,PK03,AG05,2,0,620,0.05,Completed,Card
BK-2026-00791,2026-03-04,2026-07-06,C01862,PK13,AG00,1,0,8200,0.0,Confirmed,Card
BK-2026-00792,2026-03-04,2026-04-15,C02342,PK07,AG00,4,0,2700,0.0,Completed,Card
BK-2026-00793,2026-03-04,2026-04-25,C03814,PK14,AG00,2,0,4715,0.05,completed,Card
BK-2026-00794,2026-03-04,2026-04-03,C03969,PK01,AG03,2,2,485,0.0,Completed,Bank Transfer
BK-2026-00795,2026-03-04,2026-07-10,C04088,PK17,AG00,1,0,12960,0.0,Confirmed,Card
BK-2026-00796,2026-03-04,2026-04-17,C04395,PK04,AG03,2,1,575,0.05,Completed,M-Pesa
BK-2026-00797,2026-03-04,2026-03-22,C04703,PK03,AG00,2,0,620,0.05,completed,Bank Transfer
BK-2026-00798,2026-03-04,2026-03-31,C04808,PK04,AG04,1,0,575,0.15,completed,Bank Transfer
BK-2026-00799,2026-03-04,2026-04-18,C04904,PK07,AG00,2,3,2700,0.05,Completed,Card
BK-2026-00800,2026-03-04,2026-08-14,C05036,PK12,AG00,2,1,6350,0.1,Confirmed,Bank Transfer
BK-2026-00801,2026-03-05,2026-07-16,C00392,PK12,AG12,3,0,6350,0.1,Confirmed,M-Pesa
BK-2026-00802,2026-03-05,2026-04-11,C01016,PK14,AG00,2,1,4715,0.0,Completed,Bank Transfer
BK-2026-00803,2026-03-05,2026-03-09,C01513,PK04,AG01,2,2,575,0.0,Completed,Card
BK-2026-00804,2026-03-05,2026-07-27,C01624,PK14,AG11,2,3,5420,0.0,Confirmed,Bank Transfer
BK-2026-00805,2026-03-05,2026-08-15,C02830,PK18,AG03,2,0,6875,0.15,Confirmed,Card
BK-2026-00806,2026-03-05,2026-10-22,C04348,PK13,AG08,2,3,8200,0.05,confirmed,Card
BK-2026-00807,2026-03-05,2026-06-04,C04701,PK01,AG00,2,0,485,0.05,Completed,Bank Transfer
BK-2026-00808,2026-03-05,2026-04-07,C05228,PK08,AG00,2,1,1355,0.1,Completed,Card
BK-2026-00809,2026-03-05,2026-07-30,C05744,PK12,AG06,6,0,6350,0.15,Confirmed,Bank Transfer
BK-2026-00810,2026-03-06,2026-12-22,C00356,PK12,AG00,2,0,6350,0.05,Confirmed,Card
BK-2026-00811,2026-03-06,2026-04-09,C00502,PK10,AG00,2,0,1025,0.05,Completed,Card
BK-2026-00812,2026-03-06,2026-03-23,C00971,PK16,AG00,2,0,5290,0.0,Completed,PayPal
BK-2026-00813,2026-03-06,2026-04-24,C01065,PK05,AG00,2,3,895,0.05,Completed,Card
BK-2026-00814,2026-03-06,2026-07-10,C01489,PK14,AG02,2,3,5420,0.0,Confirmed,Card
BK-2026-00815,2026-03-06,2026-07-16,C01540,PK15,AG13,6,0,5160,0.0,Confirmed,PayPal
BK-2026-00816,2026-03-06,2026-04-27,C02338,PK13,AG00,5,0,7130,0.0,COMPLETED,Bank Transfer
BK-2026-00817,2026-03-06,2026-03-20,C03088,PK01,AG00,2,1,485,0.1,Completed,Bank Transfer
BK-2026-00818,2026-03-06,2026-08-25,C03238,PK18,AG02,2,0,6875,0.0,CONFIRMED,PayPal
BK-2026-00819,2026-03-06,2026-12-14,C03238,PK13,AG00,2,0,8200,0.0,Confirmed,Bank Transfer
BK-2026-00820,2026-03-06,2026-09-04,C04295,PK12,AG00,2,2,6350,0.0,Confirmed,Bank Transfer
BK-2026-00821,2026-03-06,2026-09-19,C04965,PK12,AG00,2,0,6350,0.0,Confirmed,Card
BK-2026-00822,2026-03-06,2026-04-09,C05494,PK09,AG00,2,3,2990,,COMPLETED,Bank Transfer
BK-2026-00823,2026-03-06,2026-12-19,C05903,PK12,AG00,1,0,6350,0.0,Confirmed,M-Pesa
BK-2026-00824,2026-03-07,2026-06-06,C00619,PK07,AG02,2,3,2700,0.0,Cancelled,Card
BK-2026-00825,2026-03-07,2026-07-12,C00858,PK13,AG09,2,0,8200,0.0,Confirmed,Card
BK-2026-00826,2026-03-07,2026-04-16,C01187,PK08,AG10,2,0,1355,0.1,Completed,M-Pesa
BK-2026-00827,2026-03-07,2026-05-28,C01330,PK10,AG03,12,0,1025,0.05,Completed,Bank Transfer
BK-2026-00828,2026-03-07,2026-08-10,C02426,PK13,AG09,1,0,8200,0.05,Confirmed,PayPal
BK-2026-00829,2026-03-07,2026-10-20,C02652,PK10,AG02,1,0,1175,0.0,Confirmed,Bank Transfer
BK-2026-00830,2026-03-07,2026-07-07,C02897,PK09,AG03,8,0,3440,0.0,Confirmed,Bank Transfer
BK-2026-00831,2026-03-07,2026-03-18,C03416,PK07,AG00,1,0,2700,,Completed,M-Pesa
BK-2026-00832,2026-03-07,2026-07-30,C03640,PK06,AG05,2,0,1655,0.0,Confirmed,Bank Transfer
BK-2026-00833,2026-03-07,2026-07-16,C04043,PK18,AG01,5,0,6875,0.0,confirmed,Card
BK-2026-00834,2026-03-07,2026-11-24,C04575,PK12,AG10,2,1,5520,0.0,Canceled,M-Pesa
BK-2026-00835,2026-03-07,2026-04-19,C04927,PK10,AG00,1,0,1025,0.05,Completed,Bank Transfer
BK-2026-00836,2026-03-07,2026-05-30,C05062,PK03,AG00,2,2,620,0.0,Completed,M-Pesa
BK-2026-00837,2026-03-07,2026-04-25,C06237,PK01,AG00,2,0,485,,Completed,Bank Transfer
BK-2026-00838,2026-03-08,2026-10-23,C00426,PK13,AG05,2,0,8200,0.05,Confirmed,Card
BK-2026-00839,2026-03-08,2026-10-15,C01012,PK18,AG00,1,0,6875,0.0,Confirmed,Card
BK-2026-00840,2026-03-08,2026-05-20,C01451,PK06,AG02,2,2,1440,0.0,Completed,Card
BK-2026-00841,2026-03-08,2026-05-15,C02400,PK02,AG02,2,3,435,0.05,Completed,M-Pesa
BK-2026-00842,2026-03-08,2026-04-03,C02574,PK01,AG05,1,0,485,0.0,Completed,Card
BK-2026-00843,2026-03-08,2026-10-22,C04911,PK14,AG03,2,2,5420,0.0,Confirmed,Card
BK-2026-00844,2026-03-09,2026-06-25,C01300,PK08,AG01,1,0,1355,0.0,Completed,Card
BK-2026-00845,2026-03-09,2026-08-04,C01560,PK14,AG05,2,3,5420,0.05,Confirmed,Card
BK-2026-00846,2026-03-09,2026-08-25,C02079,PK12,AG06,2,0,6350,0.0,Confirmed ,M-Pesa
BK-2026-00847,2026-03-09,2026-09-18,C02356,PK14,AG03,1,0,5420,0.0,Confirmed,Bank Transfer
BK-2026-00848,2026-03-09,2026-09-18,C03624,PK12,AG11,2,2,6350,,Confirmed,M-Pesa
BK-2026-00849,2026-03-09,2026-06-11,C04120,PK02,AG00,2,2,435,0.05,Completed,M-Pesa
BK-2026-00850,2026-03-09,2026-09-01,C04263,PK13,AG06,2,1,8200,0.0,Confirmed,M-Pesa
BK-2026-00851,2026-03-09,2026-07-22,C04391,PK16,AG03,7,0,6085,0.05,confirmed,Card
BK-2026-00852,2026-03-09,2026-07-23,C04803,PK18,AG10,2,0,6875,0.0,Confirmed,M-Pesa
BK-2026-00853,2026-03-09,2026-04-05,C05936,PK05,AG02,1,0,895,0.05,Completed,M-Pesa
BK-2026-00854,2026-03-09,2026-04-23,C06410,PK03,AG04,9,0,620,0.1,Completed,Card
BK-2026-00855,2026-03-10,2026-05-06,C00446,PK18,AG07,2,0,5980,,Completed,Bank Transfer
BK-2026-00856,2026-03-10,2026-08-18,C00616,PK15,AG01,2,2,5160,0.05,Confirmed,Card
BK-2026-00857,2026-03-10,2026-07-23,C01204,PK13,AG00,2,0,8200,0.05,Confirmed,Card
BK-2026-00858,2026-03-10,2026-03-31,C01298,PK05,AG00,8,0,895,0.1,Completed,Card
BK-2026-00859,2026-03-10,2026-04-28,C01337,PK11,AG05,2,1,4485,,Completed,Bank Transfer
BK-2026-00860,2026-03-10,2026-07-30,C01660,PK09,AG02,1,0,3440,0.0,Cancelled,Bank Transfer
BK-2026-00861,2026-03-10,2026-07-26,C02642,PK14,AG02,2,0,5420,0.0,Confirmed,Bank Transfer
BK-2026-00862,2026-03-10,2026-08-18,C03412,PK07,AG03,2,0,3110,0.1,Confirmed,Card
BK-2026-00863,2026-03-10,2026-05-21,C03587,PK09,AG06,2,0,2990,0.05,Completed,Bank Transfer
BK-2026-00864,2026-03-10,2026-03-24,C04248,PK05,AG05,2,3,895,0.05,completed,Bank Transfer
BK-2026-00865,2026-03-10,2026-05-30,C05045,PK12,AG01,2,0,5520,0.0,Completed,Card
BK-2026-00866,2026-03-10,2026-03-27,C05940,PK03,AG00,2,0,620,0.15,Completed,Bank Transfer
BK-2026-00867,2026-03-11,2026-10-17,C00374,PK15,AG00,2,0,5160,0.0,Confirmed,Card
BK-2026-00868,2026-03-11,2026-03-27,C00641,PK01,AG03,2,0,485,0.0,Completed,Bank Transfer
BK-2026-00869,2026-03-11,2026-10-17,C01026,PK13,AG02,2,0,8200,0.05,Confirmed,Bank Transfer
BK-2026-00870,2026-03-11,2026-06-23,C01217,PK09,AG00,4,0,2990,0.0,Completed,Card
BK-2026-00871,2026-03-11,2026-06-03,C02319,PK06,AG00,2,0,1440,0.0,Completed,Card
BK-2026-00872,2026-03-11,2026-06-03,C02463,PK03,AG00,9,0,620,0.05,Completed,PayPal
BK-2026-00873,2026-03-11,2026-08-13,C03885,PK13,AG04,8,0,8200,0.05,Confirmed,M-Pesa
BK-2026-00874,2026-03-11,2026-04-14,C04617,PK07,AG02,2,0,2700,0.05,Completed,Card
BK-2026-00875,2026-03-11,2026-03-16,C04826,PK01,AG03,9,0,485,0.1,Canceled,PayPal
BK-2026-00876,2026-03-11,2026-05-25,C04929,PK09,AG00,5,0,2990,0.0,Completed,Card
BK-2026-00877,2026-03-11,2026-08-09,C05602,PK12,AG00,2,0,6350,0.1,Confirmed,Card
BK-2026-00878,2026-03-11,2026-06-17,C06088,PK08,AG06,2,3,1355,0.0,Completed,Card
BK-2026-00879,2026-03-12,2026-05-15,C00566,PK07,AG00,2,0,2700,0.15,Completed,PayPal
BK-2026-00880,2026-03-12,2026-04-21,C01170,PK17,AG03,8,0,11270,,Completed,Card
BK-2026-00881,2026-03-12,2026-03-20,C02021,PK02,AG03,2,1,435,0.0,Completed,Card
BK-2026-00882,2026-03-12,2026-08-16,C02226,PK12,AG04,2,2,6350,0.0,CANCELLED,M-Pesa
BK-2026-00883,2026-03-12,2026-10-16,C02283,PK06,AG00,1,0,1655,0.05,Confirmed,Card
BK-2026-00884,2026-03-12,2026-08-27,C02422,PK10,AG10,2,3,1175,0.15,Confirmed,M-Pesa
BK-2026-00885,2026-03-12,2026-09-19,C02554,PK13,AG01,2,0,8200,0.1,Confirmed,PayPal
BK-2026-00886,2026-03-12,2026-07-06,C04547,PK12,AG00,2,0,6350,0.15,Cancelled,M-Pesa
BK-2026-00887,2026-03-12,2026-04-30,C05437,PK02,AG13,10,0,435,0.0,Completed,Bank Transfer
BK-2026-00888,2026-03-12,2026-07-13,C05619,PK12,AG11,2,0,6350,0.0,Confirmed,Bank Transfer
BK-2026-00889,2026-03-12,2026-03-27,C05807,PK06,AG06,2,0,1440,0.0,Completed,Bank Transfer
BK-2026-00890,2026-03-12,2026-04-03,C06189,PK03,AG00,2,0,620,0.15,Completed,Card
BK-2026-00891,2026-03-12,2026-07-01,C06403,PK16,AG00,2,1,6085,0.0,Confirmed,M-Pesa
BK-2026-00892,2026-03-12,2026-07-08,C06459,PK12,AG03,2,0,6350,0.0,Canceled,Bank Transfer
BK-2026-00893,2026-03-13,2026-12-27,C00215,PK13,AG11,1,0,8200,0.05,Confirmed,Card
BK-2026-00894,2026-03-13,2026-09-13,C00215,PK16,AG02,1,0,6085,0.15,Confirmed,M-Pesa
BK-2026-00895,2026-03-13,2026-04-13,C00422,PK18,AG09,2,0,5980,0.05,COMPLETED,Card
BK-2026-00896,2026-03-13,2026-08-08,C00502,PK12,AG00,2,0,6350,,Confirmed,Bank Transfer
BK-2026-00897,2026-03-13,2026-05-20,C01612,PK09,AG02,2,0,2990,0.15,Completed,M-Pesa
BK-2026-00898,2026-03-13,2026-12-01,C03450,PK18,AG11,2,0,6875,0.0,Confirmed,Card
BK-2026-00899,2026-03-13,2026-09-24,C03625,PK15,AG04,2,0,5160,0.05,Confirmed,Card
BK-2026-00900,2026-03-13,2026-06-24,C04084,PK14,AG00,2,0,4715,0.0,COMPLETED,Card
BK-2026-00901,2026-03-13,2026-03-31,C04715,PK08,AG00,2,3,1355,0.1,Completed,Card
BK-2026-00902,2026-03-13,2026-03-28,C04841,PK01,AG00,4,0,485,0.1,Completed,Card
BK-2026-00903,2026-03-13,2026-08-09,C05296,PK10,AG04,2,0,1175,0.0,Confirmed,Bank Transfer
BK-2026-00904,2026-03-13,2026-07-18,C05585,PK14,AG06,2,0,5420,,Confirmed,Bank Transfer
BK-2026-00905,2026-03-13,2026-03-25,C05927,PK05,AG04,7,0,895,0.0,Completed,Bank Transfer
BK-2026-00906,2026-03-13,2026-07-10,C06345,PK12,AG00,2,2,6350,0.1,Confirmed,Card
BK-2026-00907,2026-03-14,2026-04-12,C00194,PK06,AG02,2,0,1440,0.0,completed,PayPal
BK-2026-00908,2026-03-14,2026-05-23,C01416,PK13,AG00,2,0,7130,0.05,Completed,Bank Transfer
BK-2026-00909,2026-03-14,2026-05-09,C01567,PK14,AG00,4,0,4715,0.15,Completed,PayPal
BK-2026-00910,2026-03-14,2026-04-02,C02254,PK18,AG12,10,0,5980,0.1,Completed,M-Pesa
BK-2026-00911,2026-03-14,2026-03-27,C02348,PK04,AG00,2,3,575,0.05,Completed,Card
BK-2026-00912,2026-03-14,2026-03-28,C02605,PK18,AG00,2,0,5980,0.0,Completed,Card
BK-2026-00913,2026-03-14,2026-09-20,C03678,PK18,AG00,1,0,6875,0.0,Confirmed,M-Pesa
BK-2026-00914,2026-03-14,2026-11-20,C04457,PK12,AG10,4,0,5520,0.05,Confirmed,Bank Transfer
BK-2026-00915,2026-03-14,2026-10-12,C04861,PK15,AG02,2,0,5160,0.0,Confirmed,PayPal
BK-2026-00916,2026-03-14,2026-07-06,C05198,PK15,AG00,2,0,5160,,Confirmed,Card
BK-2026-00917,2026-03-14,2026-06-02,C06360,PK06,AG00,5,0,1440,0.15,Completed,Bank Transfer
BK-2026-00918,2026-03-15,2026-06-01,C00285,PK12,AG04,2,0,5520,0.15,Completed,Card
BK-2026-00919,2026-03-15,2026-06-16,C00703,PK14,AG00,2,3,4715,0.15,Completed,Card
BK-2026-00920,2026-03-15,2026-07-21,C00917,PK06,AG00,2,3,1655,0.0,Confirmed,Card
BK-2026-00921,2026-03-15,2026-04-01,C01100,PK03,AG02,1,0,620,0.0,Completed,Card
BK-2026-00922,2026-03-15,2026-07-29,C01477,PK13,AG00,2,0,8200,0.0,Confirmed,Card
BK-2026-00923,2026-03-15,2026-08-01,C02302,PK16,AG01,2,2,6085,0.0,Confirmed,Bank Transfer
BK-2026-00924,2026-03-15,2026-08-26,C03159,PK10,AG01,2,1,1175,0.0,Confirmed,Card
BK-2026-00925,2026-03-15,2026-03-30,C04010,PK07,AG01,2,0,2700,0.0,Completed,Card
BK-2026-00926,2026-03-15,2026-07-26,C04223,PK18,AG11,5,0,6875,0.1,Confirmed,M-Pesa
BK-2026-00927,2026-03-15,2026-07-29,C04247,PK12,AG01,1,0,6350,0.1,Confirmed,PayPal
BK-2026-00928,2026-03-15,2026-03-31,C04492,PK03,AG04,9,0,620,0.05,Completed,Bank Transfer
BK-2026-00929,2026-03-15,2026-06-15,C05085,PK11,AG00,1,0,4485,0.0,Completed,Bank Transfer
BK-2026-00930,2026-03-15,2026-04-08,C05130,PK07,AG01,4,0,2700,0.15,COMPLETED,Bank Transfer
BK-2026-00931,2026-03-15,2026-04-22,C05255,PK11,AG01,2,0,4485,0.1,Completed ,Card
BK-2026-00932,2026-03-15,2026-07-10,C05404,PK18,AG00,2,3,6875,0.0,Confirmed,M-Pesa
BK-2026-00933,2026-03-15,2026-05-15,C05796,PK17,AG00,2,0,11270,0.0,Completed,Card
BK-2026-00934,2026-03-15,2026-03-20,C05975,PK02,AG12,11,0,435,0.1,Cancelled,Card
BK-2026-00935,2026-03-16,2026-05-08,C00270,PK01,AG00,2,2,485,0.0,Completed,Bank Transfer
BK-2026-00936,2026-03-16,2026-07-03,C00887,PK11,AG10,2,0,5160,,Confirmed,Card
BK-2026-00937,2026-03-16,2026-09-13,C01967,PK08,AG00,1,0,1560,0.0,Confirmed,PayPal
BK-2026-00938,2026-03-16,2026-04-30,C03007,PK01,AG12,8,0,485,0.1,Completed,Card
BK-2026-00939,2026-03-16,2026-07-09,C03923,PK14,AG01,2,3,5420,0.05,Confirmed,PayPal
BK-2026-00940,2026-03-16,2026-10-02,C05398,PK14,AG05,2,0,5420,0.0,Confirmed,PayPal
BK-2026-00941,2026-03-16,2026-04-06,C05454,PK02,AG00,2,0,435,0.0,Completed,Card
BK-2026-00942,2026-03-16,2026-09-16,C05957,PK15,AG11,1,0,5160,0.0,Confirmed,PayPal
BK-2026-00943,2026-03-17,2026-05-06,C01082,PK03,AG00,2,0,620,0.1,Completed,Card
BK-2026-00944,2026-03-17,2026-10-03,C01726,PK13,AG03,2,2,8200,0.0,Confirmed,Card
BK-2026-00945,2026-03-17,2026-08-15,C01814,PK12,AG00,2,0,6350,0.05,Confirmed,M-Pesa
BK-2026-00946,2026-03-17,2026-09-05,C01977,PK12,AG08,1,0,6350,0.0,CONFIRMED,Card
BK-2026-00947,2026-03-17,2026-11-12,C02417,PK16,AG00,2,2,5290,0.05,Confirmed,Card
BK-2026-00948,2026-03-17,2026-12-12,C04713,PK17,AG04,2,0,12960,,Cancelled,Card
BK-2026-00949,2026-03-17,2026-08-07,C05215,PK12,AG02,2,3,6350,0.1,Cancelled,Card
BK-2026-00950,2026-03-17,2026-07-31,C05249,PK13,AG00,2,0,8200,,Confirmed,PayPal
BK-2026-00951,2026-03-18,2026-12-27,C00967,PK15,AG00,6,0,5160,0.1,confirmed,Card
BK-2026-00952,2026-03-18,2026-07-13,C01758,PK13,AG00,2,0,8200,0.0,Canceled,Bank Transfer
BK-2026-00953,2026-03-18,2026-11-01,C02076,PK14,AG07,2,1,4715,0.0,Confirmed,M-Pesa
BK-2026-00954,2026-03-18,2026-07-13,C03390,PK14,AG00,4,0,5420,0.1,Confirmed,PayPal
BK-2026-00955,2026-03-18,2026-04-17,C03558,PK04,AG00,2,3,575,0.0,Completed,Bank Transfer
BK-2026-00956,2026-03-18,2026-07-29,C04835,PK09,AG00,2,2,3440,0.0,Confirmed,Card
BK-2026-00957,2026-03-18,2026-04-24,C05100,PK01,AG01,2,0,485,0.0,Completed,Card
BK-2026-00958,2026-03-18,2026-06-24,C06021,PK06,AG00,2,0,1440,0.15,completed,Bank Transfer
BK-2026-00959,2026-03-18,2026-04-19,C06447,PK04,AG00,4,0,575,,Cancelled,Bank Transfer
BK-2026-00960,2026-03-19,2026-09-05,C00202,PK18,AG00,2,0,6875,0.0,Confirmed,Bank Transfer
BK-2026-00961,2026-03-19,2026-04-25,C00283,PK05,AG03,2,0,895,0.05,Completed,Card
BK-2026-00962,2026-03-19,2026-04-18,C00718,PK02,AG00,1,0,435,0.0,Completed,Bank Transfer
BK-2026-00963,2026-03-19,2026-06-11,C00741,PK18,AG03,8,0,5980,0.1,Completed,Card
BK-2026-00964,2026-03-19,2026-07-21,C02238,PK07,AG07,2,0,3110,0.15,Confirmed,Card
BK-2026-00965,2026-03-19,2026-04-25,C02609,PK01,AG00,2,2,485,0.1,Completed,Card
BK-2026-00966,2026-03-19,2026-06-02,C03855,PK06,AG00,2,1,1440,0.0,Completed,Card
BK-2026-00967,2026-03-19,2026-06-10,C03962,PK07,AG11,2,0,2700,0.1,Completed,M-Pesa
BK-2026-00968,2026-03-19,2026-04-24,C04446,PK05,AG12,8,0,895,0.1,Completed,Card
BK-2026-00969,2026-03-19,2026-08-06,C04588,PK16,AG00,2,0,6085,0.1,Confirmed,M-Pesa
BK-2026-00970,2026-03-19,2026-06-05,C04891,PK07,AG00,2,1,2700,0.1,Completed,Card
BK-2026-00971,2026-03-19,2026-04-10,C04925,PK05,AG00,2,3,895,0.05,Completed,Bank Transfer
BK-2026-00972,2026-03-19,2026-10-05,C05825,PK15,AG11,2,0,5160,0.05,Confirmed,Card
BK-2026-00973,2026-03-19,2026-08-21,C06135,PK18,AG05,2,2,6875,0.05,Confirmed,PayPal
BK-2026-00974,2026-03-20,2026-09-10,C00242,PK15,AG12,7,0,5160,0.05,Confirmed,Card
BK-2026-00975,2026-03-20,2026-09-26,C01266,PK15,AG02,2,2,5160,0.1,Confirmed,M-Pesa
BK-2026-00976,2026-03-20,2026-07-26,C01363,PK10,AG09,2,1,1175,0.0,Confirmed,Bank Transfer
BK-2026-00977,2026-03-20,2026-08-05,C01418,PK18,AG00,2,2,6875,0.1,Cancelled,Card
BK-2026-00978,2026-03-20,2026-09-13,C02393,PK17,AG00,7,0,12960,0.1,Confirmed,Card
BK-2026-00979,2026-03-20,2026-05-13,C02875,PK13,AG00,8,0,7130,0.1,Completed,M-Pesa
BK-2026-00980,2026-03-20,2026-08-18,C03284,PK08,AG00,4,0,1560,0.1,Confirmed,Card
BK-2026-00981,2026-03-20,2026-06-07,C03660,PK12,AG06,7,0,5520,0.1,Completed,PayPal
BK-2026-00982,2026-03-20,2026-08-11,C04638,PK18,AG00,2,0,6875,0.05,cancelled,Card
BK-2026-00983,2026-03-20,2026-08-15,C04769,PK18,AG02,9,0,6875,0.1,Canceled,PayPal
BK-2026-00984,2026-03-20,2026-03-26,C05614,PK01,AG11,2,0,485,0.0,Completed,Bank Transfer
BK-2026-00985,2026-03-21,2026-08-25,C00270,PK15,AG01,2,2,5160,0.15,Confirmed,Bank Transfer
BK-2026-00986,2026-03-21,2026-04-15,C00525,PK08,AG00,2,0,1355,0.15,Cancelled,Card
BK-2026-00987,2026-03-21,2026-09-10,C00863,PK13,AG00,2,3,8200,0.0,Confirmed,Bank Transfer
BK-2026-00988,2026-03-21,2026-08-21,C01031,PK18,AG08,2,3,6875,0.0,Confirmed,Card
BK-2026-00989,2026-03-21,2026-08-29,C02706,PK18,AG10,2,0,6875,0.0,Confirmed,Bank Transfer
BK-2026-00990,2026-03-21,2026-05-27,C03083,PK12,AG06,9,0,5520,0.0,Completed,Card
BK-2026-00991,2026-03-21,2026-08-05,C03114,PK18,AG00,2,0,6875,0.0,Confirmed,Bank Transfer
BK-2026-00992,2026-03-21,2026-06-15,C03421,PK10,AG00,2,1,1025,0.0,COMPLETED,Card
BK-2026-00993,2026-03-21,2026-05-01,C03740,PK07,AG11,1,0,2700,0.0,Completed,PayPal
BK-2026-00994,2026-03-21,2026-06-24,C05504,PK13,AG00,2,1,7130,0.1,Completed,Card
BK-2026-00995,2026-03-21,2026-07-15,C05914,PK13,AG02,7,0,8200,0.05,Confirmed,Card
BK-2026-00996,2026-03-22,2026-07-22,C00032,PK12,AG07,2,0,6350,0.0,Confirmed,Card
BK-2026-00997,2026-03-22,2026-10-02,C01048,PK06,AG00,1,0,1655,0.1,Confirmed,Card
BK-2026-00998,2026-03-22,2026-09-13,C02237,PK12,AG00,1,0,6350,0.1,Canceled,M-Pesa
BK-2026-00999,2026-03-22,2026-08-22,C03571,PK16,AG05,2,0,6085,0.0,Confirmed,Bank Transfer
BK-2026-01000,2026-03-22,2026-07-10,C03876,PK12,AG00,8,0,6350,0.0,Confirmed,Card
BK-2026-01001,2026-03-22,2026-04-19,C05037,PK02,AG07,9,0,435,0.1,cancelled,Card
BK-2026-01002,2026-03-23,2026-05-17,C00372,PK08,AG01,1,0,1355,0.0,cancelled,Card
BK-2026-01003,2026-03-23,2026-06-07,C00855,PK01,AG10,1,0,485,0.0,Completed,Bank Transfer
BK-2026-01004,2026-03-23,2026-07-10,C01073,PK09,AG00,8,0,3440,0.05,Confirmed,Card
BK-2026-01005,2026-03-23,2026-05-04,C01470,PK01,AG04,2,0,485,0.0,Completed,Bank Transfer
BK-2026-01006,2026-03-23,2026-10-01,C01829,PK13,AG00,2,3,8200,0.0,confirmed,Card
BK-2026-01007,2026-03-23,2026-09-03,C02312,PK16,AG00,2,2,6085,0.05,Confirmed,PayPal
BK-2026-01008,2026-03-23,2026-06-07,C03143,PK06,AG06,2,0,1440,0.0,Completed,Card
BK-2026-01009,2026-03-23,2026-06-09,C03184,PK06,AG08,2,0,1440,0.0,Completed,Bank Transfer
BK-2026-01010,2026-03-23,2026-06-26,C03321,PK01,AG02,2,3,485,0.0,Completed,Card
BK-2026-01011,2026-03-23,2026-07-31,C04107,PK12,AG02,8,0,6350,0.0,Confirmed,PayPal
BK-2026-01012,2026-03-23,2026-09-11,C04650,PK13,AG10,2,0,8200,0.0,Confirmed,M-Pesa
BK-2026-01013,2026-03-23,2026-04-25,C04850,PK03,AG04,5,0,620,0.05,Completed,Bank Transfer
BK-2026-01014,2026-03-23,2026-06-25,C04913,PK13,AG04,2,0,7130,0.05,Confirmed,Card
BK-2026-01015,2026-03-23,2026-06-06,C05238,PK16,AG00,2,0,5290,0.0,Completed,Bank Transfer
BK-2026-01016,2026-03-23,2026-04-07,C06493,PK02,AG00,1,0,435,0.1,Completed,Card
BK-2026-01017,2026-03-24,2026-06-01,C01486,PK06,AG11,2,3,1440,0.05,Completed,PayPal
BK-2026-01018,2026-03-24,2026-08-07,C01835,PK17,AG04,2,0,12960,0.1,Confirmed,M-Pesa
BK-2026-01019,2026-03-24,2026-07-30,C02678,PK13,AG00,2,0,8200,0.15,Cancelled,Card
BK-2026-01020,2026-03-24,2026-04-25,C03515,PK16,AG00,2,0,5290,0.0,Completed,PayPal
BK-2026-01021,2026-03-24,2026-06-09,C03947,PK09,AG06,2,0,2990,0.0,Canceled,Card
BK-2026-01022,2026-03-24,2026-08-09,C04924,PK11,AG01,9,0,5160,0.0,Confirmed,Bank Transfer
BK-2026-01023,2026-03-24,2026-04-30,C06293,PK05,AG02,2,2,895,0.1,Completed,Card
BK-2026-01024,2026-03-25,2026-04-20,C01251,PK09,AG11,2,0,2990,0.0,Cancelled,Bank Transfer
BK-2026-01025,2026-03-25,2026-06-21,C01281,PK18,AG03,2,2,5980,0.0,Completed,PayPal
BK-2026-01026,2026-03-25,2026-08-09,C02805,PK18,AG10,7,0,6875,0.1,Confirmed,M-Pesa
BK-2026-01027,2026-03-25,2026-07-28,C02840,PK09,AG10,2,0,3440,0.05,Confirmed,M-Pesa
BK-2026-01028,2026-03-25,2026-06-21,C03026,PK10,AG02,2,1,1025,0.05,Completed,Card
BK-2026-01029,2026-03-25,2026-04-22,C04484,PK01,AG00,2,0,485,0.15,Completed,Bank Transfer
BK-2026-01030,2026-03-25,2026-05-19,C04706,PK12,AG04,2,2,5520,0.0,Completed,Bank Transfer
BK-2026-01031,2026-03-26,2026-05-25,C00554,PK06,AG00,2,0,1440,0.15,Completed,Bank Transfer
BK-2026-01032,2026-03-26,2026-05-01,C00772,PK15,AG00,2,0,4485,0.0,Completed,Bank Transfer
BK-2026-01033,2026-03-26,2026-07-17,C00862,PK16,AG00,2,0,6085,0.0,Confirmed,PayPal
BK-2026-01034,2026-03-26,2026-08-11,C01008,PK18,AG05,2,0,6875,0.0,Confirmed,PayPal
BK-2026-01035,2026-03-26,2026-04-17,C01063,PK03,AG00,2,2,620,0.15,Completed,Bank Transfer
BK-2026-01036,2026-03-26,2026-05-10,C05013,PK02,AG03,3,0,435,0.1,Completed,Card
BK-2026-01037,2026-03-26,2026-06-26,C06004,PK13,AG10,5,0,7130,0.0,Confirmed,Card
BK-2026-01038,2026-03-27,2026-05-15,C00202,PK10,AG00,2,0,1025,0.0,Completed,Bank Transfer
BK-2026-01039,2026-03-27,2026-06-07,C00467,PK06,AG00,2,1,1440,0.05,Completed,PayPal
BK-2026-01040,2026-03-27,2026-10-06,C00523,PK15,AG00,2,0,5160,0.0,Confirmed,Card
BK-2026-01041,2026-03-27,2026-06-16,C01245,PK04,AG11,1,0,575,,Completed,M-Pesa
BK-2026-01042,2026-03-27,2026-06-23,C02183,PK06,AG07,2,1,1440,0.0,Completed,Card
BK-2026-01043,2026-03-27,2026-04-23,C02581,PK06,AG00,5,0,1440,0.1,Completed,PayPal
BK-2026-01044,2026-03-27,2026-10-02,C02957,PK07,AG00,2,0,3110,0.0,Confirmed,Bank Transfer
BK-2026-01045,2026-03-27,2026-05-24,C03324,PK18,AG01,1,0,5980,0.1,Completed,Card
BK-2026-01046,2026-03-27,2026-08-01,C03393,PK18,AG02,2,1,6875,0.0,Confirmed,M-Pesa
BK-2026-01047,2026-03-27,2026-07-01,C03524,PK13,AG00,2,0,8200,0.1,Cancelled,Card
BK-2026-01048,2026-03-27,2026-08-27,C04164,PK16,AG12,4,0,6085,0.1,Confirmed,Bank Transfer
BK-2026-01049,2026-03-27,2026-07-10,C04538,PK12,AG00,2,3,6350,0.0,Confirmed,PayPal
BK-2026-01050,2026-03-27,2026-09-03,C04786,PK14,AG00,5,0,5420,0.0,Cancelled,PayPal
BK-2026-01051,2026-03-27,2026-09-14,C05266,PK16,AG00,2,0,6085,0.15,confirmed,Bank Transfer
BK-2026-01052,2026-03-27,2026-06-24,C06246,PK12,AG00,5,0,5520,0.1,Completed,Card
BK-2026-01053,2026-03-28,2026-06-14,C00158,PK12,AG06,2,0,5520,,Completed ,Card
BK-2026-01054,2026-03-28,2026-06-07,C00594,PK07,AG02,1,0,2700,0.0,Completed,M-Pesa
BK-2026-01055,2026-03-28,2026-04-30,C01803,PK03,AG06,2,0,620,0.1,Completed,Card
BK-2026-01056,2026-03-28,2026-08-27,C01858,PK07,AG00,2,0,3110,0.0,Confirmed,Bank Transfer
BK-2026-01057,2026-03-28,2026-07-15,C03690,PK15,AG11,2,2,5160,0.0,Cancelled,Bank Transfer
BK-2026-01058,2026-03-28,2026-04-06,C04373,PK04,AG00,2,3,575,0.0,Completed,Card
BK-2026-01059,2026-03-28,2026-05-28,C05457,PK08,AG00,4,0,1355,0.0,Completed,Bank Transfer
BK-2026-01060,2026-03-28,2026-08-08,C06349,PK13,AG13,5,0,8200,0.05,Cancelled,Card
BK-2026-01061,2026-03-29,2026-05-01,C00434,PK06,AG09,2,3,1440,0.15,Completed,Card
BK-2026-01062,2026-03-29,2026-04-19,C00573,PK01,AG10,2,0,485,0.15,cancelled,M-Pesa
BK-2026-01063,2026-03-29,2026-08-13,C01026,PK13,AG00,2,0,8200,0.0,Confirmed ,Card
BK-2026-01064,2026-03-29,2026-05-08,C01458,PK06,AG01,2,2,1440,0.0,CANCELLED,Card
BK-2026-01065,2026-03-29,2026-09-05,C02253,PK06,AG10,2,0,1655,0.0,Confirmed,Card
BK-2026-01066,2026-03-29,2026-07-28,C04013,PK17,AG04,2,3,12960,0.05,Confirmed,Card
BK-2026-01067,2026-03-29,2026-09-05,C04083,PK06,AG09,2,2,1655,0.05,Confirmed,Card
BK-2026-01068,2026-03-29,2026-04-09,C05177,PK01,AG09,2,3,485,0.0,Completed,Card
BK-2026-01069,2026-03-29,2026-10-22,C05614,PK17,AG04,2,0,12960,0.15,Confirmed,Card
BK-2026-01070,2026-03-29,2026-08-03,C05764,PK14,AG10,2,0,5420,0.0,Confirmed,PayPal
BK-2026-01071,2026-03-29,2026-06-03,C06488,PK02,AG10,2,0,435,0.0,Completed,Card
BK-2026-01072,2026-03-30,2026-07-28,C00113,PK13,AG03,2,1,8200,0.0,Confirmed,PayPal
BK-2026-01073,2026-03-30,2026-07-03,C00780,PK17,AG03,2,0,12960,0.0,Confirmed,Card
BK-2026-01074,2026-03-30,2026-06-02,C00835,PK01,AG04,2,2,485,0.0,Completed,Card
BK-2026-01075,2026-03-30,2026-07-01,C01013,PK14,AG03,2,2,5420,0.0,Confirmed,Bank Transfer
BK-2026-01076,2026-03-30,2026-06-27,C01266,PK16,AG08,2,1,5290,0.0,Completed,PayPal
BK-2026-01077,2026-03-30,2026-07-21,C01483,PK18,AG00,5,0,6875,0.15,Confirmed,Bank Transfer
BK-2026-01078,2026-03-30,2026-07-30,C02380,PK11,AG00,1,0,5160,0.0,Cancelled,Card
BK-2026-01079,2026-03-30,2026-04-25,C03409,PK17,AG10,2,0,11270,0.0,Completed,Card
BK-2026-01080,2026-03-30,2026-09-06,C03691,PK06,AG02,2,3,1655,0.0,Confirmed,Card
BK-2026-01081,2026-03-30,2026-06-01,C03902,PK10,AG03,9,0,1025,,Completed,Card
BK-2026-01082,2026-03-30,2026-08-22,C04059,PK13,AG02,2,3,8200,,Confirmed,Card
BK-2026-01083,2026-03-30,2026-08-25,C04217,PK17,AG00,2,1,12960,0.0,Confirmed,Bank Transfer
BK-2026-01084,2026-03-30,2026-05-15,C04739,PK01,AG00,2,0,485,0.0,Completed,Card
BK-2026-01085,2026-03-30,2026-07-15,C04878,PK06,AG03,2,1,1655,0.0,Confirmed,Bank Transfer
BK-2026-01086,2026-03-30,2026-07-08,C05261,PK06,AG04,2,0,1655,0.05,Confirmed,Card
BK-2026-01087,2026-03-30,2026-07-27,C05282,PK18,AG01,2,0,6875,0.05,Confirmed,Card
BK-2026-01088,2026-03-30,2026-07-30,C05544,PK07,AG00,2,0,3110,0.15,Confirmed,Card
BK-2026-01089,2026-03-31,2026-06-20,C00103,PK06,AG09,2,0,1440,0.1,Completed,Card
BK-2026-01090,2026-03-31,2026-05-15,C01607,PK18,AG06,1,0,5980,0.0,Completed,Bank Transfer
BK-2026-01091,2026-03-31,2026-06-14,C01663,PK18,AG00,1,0,5980,0.05,Completed,M-Pesa
BK-2026-01092,2026-03-31,2026-06-05,C02378,PK18,AG10,2,0,5980,0.0,Completed,Bank Transfer
BK-2026-01093,2026-03-31,2026-05-20,C03158,PK12,AG00,2,1,5520,0.05,Completed,Card
BK-2026-01094,2026-03-31,2026-07-12,C03247,PK18,AG03,2,0,6875,0.0,Confirmed ,PayPal
BK-2026-01095,2026-03-31,2026-06-07,C05068,PK14,AG00,5,0,4715,0.1,Completed,Card
BK-2026-01096,2026-03-31,2026-06-07,C05366,PK06,AG00,4,0,1440,0.05,Completed,Bank Transfer
BK-2026-01097,2026-03-31,2026-05-08,C05565,PK17,AG08,1,0,11270,0.0,Completed,Card
BK-2026-01098,2026-03-31,2026-06-05,C05940,PK18,AG01,2,0,5980,0.0,Completed,Card
BK-2026-01099,2026-03-31,2026-05-03,C06154,PK01,AG00,2,2,485,0.1,Completed,Card
BK-2026-01100,2026-03-31,2026-08-24,C06275,PK11,AG01,2,0,5160,0.0,Confirmed,Bank Transfer
BK-2026-01101,2026-04-01,2026-07-21,C02162,PK07,AG00,7,0,3110,0.05,Confirmed,Card
BK-2026-01102,2026-04-01,2026-10-15,C02553,PK12,AG03,2,3,6350,0.0,Confirmed,Card
BK-2026-01103,2026-04-01,2026-11-25,C02934,PK17,AG05,6,0,11270,0.05,Confirmed,PayPal
BK-2026-01104,2026-04-01,2026-06-13,C03963,PK15,AG04,1,0,4485,0.0,Completed,Card
BK-2026-01105,2026-04-01,2026-07-28,C04311,PK13,AG00,2,0,8200,0.05,Confirmed,Card
BK-2026-01106,2026-04-01,2026-10-03,C04546,PK06,AG00,2,0,1655,0.0,Confirmed ,Card
BK-2026-01107,2026-04-01,2026-06-02,C05109,PK08,AG07,4,0,1355,0.0,Completed,Card
BK-2026-01108,2026-04-01,2026-04-18,C06347,PK03,AG08,2,0,620,,Completed,Card
BK-2026-01109,2026-04-02,2026-08-09,C00970,PK18,AG02,2,2,6875,0.1,Cancelled,PayPal
BK-2026-01110,2026-04-02,2026-11-07,C02368,PK13,AG06,7,0,7130,0.0,Confirmed,Bank Transfer
BK-2026-01111,2026-04-02,2026-08-28,C03011,PK17,AG00,2,0,12960,0.1,confirmed,Bank Transfer
BK-2026-01112,2026-04-02,2026-07-31,C03793,PK18,AG11,2,0,6875,0.0,Confirmed,M-Pesa
BK-2026-01113,2026-04-02,2026-08-18,C04317,PK13,AG12,11,0,8200,0.0,Confirmed,Card
BK-2026-01114,2026-04-02,2026-07-02,C04603,PK06,AG01,2,2,1655,0.0,Cancelled,Card
BK-2026-01115,2026-04-02,2026-09-03,C05965,PK18,AG00,9,0,6875,0.05,Confirmed,Bank Transfer
BK-2026-01116,2026-04-02,2026-06-14,C06269,PK13,AG00,8,0,7130,0.0,Completed ,Bank Transfer
BK-2026-01117,2026-04-03,2026-08-06,C00606,PK16,AG01,1,0,6085,0.0,Confirmed,Bank Transfer
BK-2026-01118,2026-04-03,2026-08-19,C00997,PK14,AG00,1,0,5420,0.0,Confirmed,Card
BK-2026-01119,2026-04-03,2026-09-26,C02297,PK12,AG03,2,2,6350,0.15,Confirmed,Card
BK-2026-01120,2026-04-03,2026-05-30,C03268,PK06,AG10,2,0,1440,0.0,Cancelled ,PayPal
BK-2026-01121,2026-04-03,2026-08-28,C03367,PK17,AG07,2,2,12960,0.05,Confirmed,Bank Transfer
BK-2026-01122,2026-04-03,2026-06-09,C04085,PK14,AG03,2,0,4715,0.05,Completed,PayPal
BK-2026-01123,2026-04-03,2026-07-06,C04307,PK18,AG03,2,0,6875,0.0,Confirmed,Bank Transfer
BK-2026-01124,2026-04-03,2026-07-11,C04459,PK15,AG13,10,0,5160,0.05,Confirmed,PayPal
BK-2026-01125,2026-04-03,2026-07-11,C04921,PK14,AG05,9,0,5420,0.0,Confirmed,PayPal
BK-2026-01126,2026-04-03,2026-05-01,C05453,PK12,AG03,2,3,5520,0.1,Completed,Card
BK-2026-01127,2026-04-03,2026-07-24,C05819,PK14,AG04,2,1,5420,0.05,CONFIRMED,Card
BK-2026-01128,2026-04-03,2026-06-10,C05917,PK12,AG02,1,0,5520,0.0,Completed,M-Pesa
BK-2026-01129,2026-04-03,2026-07-04,C06428,PK16,AG00,2,1,6085,0.05,Confirmed,Card
BK-2026-01130,2026-04-04,2026-08-16,C01044,PK15,AG06,7,0,5160,0.1,Confirmed,Bank Transfer
BK-2026-01131,2026-04-04,2026-08-24,C01569,PK13,AG00,4,0,8200,0.0,Confirmed ,Bank Transfer
BK-2026-01132,2026-04-04,2026-07-14,C02853,PK06,AG00,2,0,1655,0.0,Confirmed,Card
BK-2026-01133,2026-04-04,2026-06-08,C03600,PK08,AG07,2,3,1355,0.1,Completed,Card
BK-2026-01134,2026-04-04,2026-05-24,C04261,PK06,AG08,2,2,1440,0.05,Completed,Card
BK-2026-01135,2026-04-04,2026-05-31,C04779,PK07,AG04,2,2,2700,0.0,Completed,Card
BK-2026-01136,2026-04-04,2026-05-04,C06462,PK04,AG00,2,1,575,0.05,Completed,M-Pesa
BK-2026-01137,2026-04-05,2026-12-11,C00366,PK16,AG04,2,1,6085,0.05,Confirmed,PayPal
BK-2026-01138,2026-04-05,2026-11-16,C00440,PK09,AG06,2,2,2990,0.0,Confirmed,PayPal
BK-2026-01139,2026-04-05,2026-10-05,C00606,PK17,AG03,1,0,12960,0.0,Confirmed,PayPal
BK-2026-01140,2026-04-05,2026-08-14,C01207,PK12,AG00,2,3,6350,0.05,Confirmed,Card
BK-2026-01141,2026-04-05,2026-07-29,C02011,PK09,AG01,7,0,3440,0.1,Confirmed,Card
BK-2026-01142,2026-04-05,2026-09-25,C02040,PK06,AG00,2,0,1655,0.15,Confirmed,Card
BK-2026-01143,2026-04-05,2026-06-04,C02970,PK15,AG08,8,0,4485,,Completed,Card
BK-2026-01144,2026-04-05,2026-08-06,C03216,PK13,AG08,2,0,8200,0.0,Confirmed,Bank Transfer
BK-2026-01145,2026-04-05,2026-09-24,C03657,PK14,AG08,2,0,5420,0.0,Confirmed,Bank Transfer
BK-2026-01146,2026-04-05,2026-07-17,C04044,PK12,AG02,2,3,6350,0.05,Confirmed ,Card
BK-2026-01147,2026-04-05,2026-06-29,C05110,PK12,AG10,2,2,5520,0.1,Confirmed,Card
BK-2026-01148,2026-04-05,2026-07-06,C05821,PK02,AG00,2,0,505,0.0,Confirmed,Card
BK-2026-01149,2026-04-05,2026-06-09,C06031,PK09,AG00,5,0,2990,0.0,Cancelled,Card
BK-2026-01150,2026-04-05,2026-08-03,C06322,PK18,AG00,8,0,6875,0.0,Cancelled,Bank Transfer
BK-2026-01151,2026-04-06,2026-05-26,C00743,PK02,AG00,1,0,435,0.05,Canceled,PayPal
BK-2026-01152,2026-04-06,2026-08-24,C01318,PK06,AG04,2,0,1655,0.05,Canceled,Card
BK-2026-01153,2026-04-06,2026-08-06,C01427,PK15,AG05,4,0,5160,0.1,Confirmed,Card
BK-2026-01154,2026-04-06,2026-06-20,C01492,PK07,AG02,1,0,2700,0.05,Completed,Card
BK-2026-01155,2026-04-06,2026-09-11,C02000,PK15,AG00,2,3,5160,0.0,Confirmed,Bank Transfer
BK-2026-01156,2026-04-06,2026-09-23,C02229,PK18,AG05,5,0,6875,0.1,Confirmed,Bank Transfer
BK-2026-01157,2026-04-06,2026-07-16,C04278,PK04,AG00,1,0,660,0.0,Confirmed,Card
BK-2026-01158,2026-04-06,2026-09-06,C04647,PK06,AG01,1,0,1655,0.1,CANCELLED,Card
BK-2026-01159,2026-04-06,2026-07-07,C04666,PK12,AG03,2,0,6350,0.15,Cancelled,PayPal
BK-2026-01160,2026-04-06,2026-10-02,C05002,PK15,AG04,1,0,5160,0.0,Confirmed,M-Pesa
BK-2026-01161,2026-04-07,2026-07-06,C00399,PK06,AG06,2,2,1655,0.05,Confirmed,Card
BK-2026-01162,2026-04-07,2026-05-30,C01058,PK06,AG00,1,0,1440,0.0,Completed,Bank Transfer
BK-2026-01163,2026-04-07,2026-09-26,C01431,PK15,AG02,2,2,5160,0.0,Confirmed ,Bank Transfer
BK-2026-01164,2026-04-07,2026-07-09,C01749,PK14,AG00,2,1,5420,0.05,Confirmed,Bank Transfer
BK-2026-01165,2026-04-07,2026-07-12,C02031,PK15,AG02,2,2,5160,0.05,Confirmed,Card
BK-2026-01166,2026-04-07,2026-04-21,C02049,PK07,AG02,8,0,2700,0.1,Completed,Card
BK-2026-01167,2026-04-07,2026-04-18,C02149,PK10,AG00,2,0,1025,0.05,Completed,Card
BK-2026-01168,2026-04-07,2026-06-14,C02530,PK15,AG00,2,0,4485,0.05,Completed,PayPal
BK-2026-01169,2026-04-07,2026-06-18,C03113,PK15,AG00,2,3,4485,0.0,Completed,Card
BK-2026-01170,2026-04-07,2026-09-14,C03194,PK12,AG06,9,0,6350,0.1,confirmed,Card
BK-2026-01171,2026-04-07,2026-07-01,C03383,PK12,AG04,2,0,6350,0.0,Confirmed,Card
BK-2026-01172,2026-04-07,2026-08-09,C03770,PK08,AG03,2,0,1560,,Confirmed,Card
BK-2026-01173,2026-04-07,2026-04-24,C03931,PK08,AG00,2,0,1355,,Completed,Bank Transfer
BK-2026-01174,2026-04-07,2026-07-01,C04092,PK18,AG03,2,0,6875,0.0,Confirmed,M-Pesa
BK-2026-01175,2026-04-07,2026-08-21,C04250,PK12,AG04,2,3,6350,0.0,confirmed,PayPal
BK-2026-01176,2026-04-07,2026-04-20,C05188,PK07,AG03,2,2,2700,0.05,Completed,PayPal
BK-2026-01177,2026-04-07,2026-07-09,C05845,PK01,AG03,2,0,555,0.0,CONFIRMED,M-Pesa
BK-2026-01178,2026-04-07,2026-08-12,C05942,PK18,AG04,2,0,6875,0.0,Confirmed,Card
BK-2026-01179,2026-04-08,2026-05-07,C00708,PK03,AG01,2,3,620,0.0,Completed,PayPal
BK-2026-01180,2026-04-08,2026-04-27,C00930,PK02,AG03,9,0,435,0.05,Completed,M-Pesa
BK-2026-01181,2026-04-08,2026-05-09,C01867,PK04,AG09,8,0,575,0.1,Completed,Card
BK-2026-01182,2026-04-08,2026-07-31,C02569,PK17,AG13,11,0,12960,0.1,Confirmed,Card
BK-2026-01183,2026-04-08,2026-06-22,C03617,PK18,AG01,2,0,5980,0.1,Completed,PayPal
BK-2026-01184,2026-04-08,2026-07-27,C04713,PK10,AG00,2,0,1175,0.0,Confirmed,PayPal
BK-2026-01185,2026-04-08,2026-09-28,C05169,PK13,AG03,9,0,8200,0.05,Confirmed,Card
BK-2026-01186,2026-04-08,2026-06-20,C05560,PK17,AG00,2,1,11270,0.1,Confirmed,Bank Transfer
BK-2026-01187,2026-04-08,2026-08-31,C05893,PK17,AG11,7,0,12960,0.0,CANCELLED,Card
BK-2026-01188,2026-04-08,2026-08-07,C06064,PK09,AG01,4,0,3440,0.1,Confirmed,Bank Transfer
BK-2026-01189,2026-04-08,2026-10-19,C06409,PK07,AG04,2,2,3110,0.0,Confirmed,Card
BK-2026-01190,2026-04-09,2026-09-14,C00192,PK15,AG03,1,0,5160,0.0,Confirmed,Card
BK-2026-01191,2026-04-09,2026-06-03,C00898,PK16,AG06,2,1,5290,0.15,Completed,Card
BK-2026-01192,2026-04-09,2026-08-07,C01101,PK10,AG00,8,0,1175,0.05,Confirmed,M-Pesa
BK-2026-01193,2026-04-09,2026-07-22,C02302,PK15,AG02,2,2,5160,0.05,Confirmed,Card
BK-2026-01194,2026-04-09,2026-07-24,C02743,PK18,AG04,2,0,6875,0.0,Cancelled,Card
BK-2026-01195,2026-04-09,2026-06-09,C02771,PK18,AG01,8,0,5980,0.0,COMPLETED,Bank Transfer
BK-2026-01196,2026-04-09,2026-06-14,C02798,PK16,AG00,1,0,5290,0.0,Completed,PayPal
BK-2026-01197,2026-04-09,2026-10-07,C02889,PK12,AG04,2,3,6350,0.0,Confirmed,Card
BK-2026-01198,2026-04-09,2026-09-25,C03320,PK18,AG00,1,0,6875,0.0,Confirmed,Bank Transfer
BK-2026-01199,2026-04-09,2026-08-09,C03369,PK09,AG00,2,0,3440,,Confirmed,Bank Transfer
BK-2026-01200,2026-04-09,2026-07-09,C03468,PK06,AG02,2,0,1655,0.0,Confirmed,Card
BK-2026-01201,2026-04-09,2026-10-25,C03870,PK14,AG10,2,0,5420,0.15,Confirmed,Card
BK-2026-01202,2026-04-09,2026-10-18,C03955,PK18,AG00,2,1,6875,0.05,Confirmed,PayPal
BK-2026-01203,2026-04-09,2026-07-06,C04326,PK03,AG00,2,2,715,0.0,Confirmed,Bank Transfer
BK-2026-01204,2026-04-09,2026-08-19,C05523,PK09,AG00,2,3,3440,0.0,Confirmed,Card
BK-2026-01205,2026-04-09,2026-06-14,C05776,PK14,AG00,2,0,4715,0.15,Completed,Bank Transfer
BK-2026-01206,2026-04-10,2026-09-17,C00006,PK12,AG00,2,0,6350,0.05,Confirmed,PayPal
BK-2026-01207,2026-04-10,2026-07-25,C00955,PK09,AG00,5,0,3440,0.05,Confirmed,PayPal
BK-2026-01208,2026-04-10,2026-08-22,C01702,PK13,AG08,2,2,8200,0.0,Confirmed,Card
BK-2026-01209,2026-04-10,2026-07-10,C01786,PK12,AG09,2,0,6350,0.0,confirmed,M-Pesa
BK-2026-01210,2026-04-10,2026-07-16,C01887,PK03,AG04,2,3,715,0.0,Confirmed,Card
BK-2026-01211,2026-04-10,2026-04-25,C02068,PK02,AG00,7,0,435,0.05,Completed,Card
BK-2026-01212,2026-04-10,2026-07-22,C02340,PK17,AG08,2,0,12960,0.0,Confirmed,Card
BK-2026-01213,2026-04-10,2026-09-17,C02411,PK14,AG00,2,1,5420,0.15,Confirmed,Card
BK-2026-01214,2026-04-10,2026-06-23,C03141,PK14,AG12,9,0,4715,0.1,Completed,PayPal
BK-2026-01215,2026-04-10,2026-08-03,C04645,PK18,AG00,2,3,6875,0.0,Confirmed,Card
BK-2026-01216,2026-04-10,2026-10-15,C04656,PK07,AG00,2,0,3110,0.0,Cancelled,Card
BK-2026-01217,2026-04-10,2026-06-07,C04690,PK06,AG12,9,0,1440,0.1,Completed,Bank Transfer
BK-2026-01218,2026-04-10,2026-08-09,C04975,PK15,AG00,1,0,5160,0.1,Confirmed,Card
BK-2026-01219,2026-04-10,2026-07-04,C05282,PK15,AG11,2,0,5160,0.0,Confirmed,Card
BK-2026-01220,2026-04-10,2026-08-19,C05655,PK12,AG07,6,0,6350,0.1,Confirmed,PayPal
BK-2026-01221,2026-04-10,2026-07-30,C06205,PK11,AG03,4,0,5160,0.15,Canceled,Bank Transfer
BK-2026-01222,2026-04-11,2026-11-30,C00563,PK16,AG00,9,0,5290,0.1,Confirmed,Card
BK-2026-01223,2026-04-11,2026-07-19,C00853,PK01,AG04,2,1,555,0.05,Confirmed,Card
BK-2026-01224,2026-04-11,2026-04-29,C01515,PK04,AG01,2,0,575,0.0,Completed,PayPal
BK-2026-01225,2026-04-11,2026-04-20,C01617,PK02,AG03,2,1,435,0.0,Completed,PayPal
BK-2026-01226,2026-04-11,2026-09-01,C02168,PK10,AG11,2,2,1175,0.05,Confirmed,Bank Transfer
BK-2026-01227,2026-04-11,2026-05-13,C02277,PK01,AG00,2,0,485,0.0,Completed,Bank Transfer
BK-2026-01228,2026-04-11,2026-07-02,C02408,PK18,AG05,3,0,6875,0.0,Confirmed ,PayPal
BK-2026-01229,2026-04-11,2026-07-26,C03670,PK18,AG09,8,0,6875,0.15,Confirmed,Card
BK-2026-01230,2026-04-11,2026-05-09,C03833,PK07,AG06,2,0,2700,0.0,Completed,Bank Transfer
BK-2026-01231,2026-04-11,2026-06-07,C05070,PK18,AG12,8,0,5980,0.1,Completed,Card
BK-2026-01232,2026-04-11,2026-10-21,C05076,PK13,AG04,2,3,8200,0.0,Cancelled,Card
BK-2026-01233,2026-04-11,2026-05-09,C05770,PK05,AG00,2,3,895,0.0,Completed,Card
BK-2026-01234,2026-04-11,2026-08-05,C06421,PK17,AG04,1,0,12960,0.0,Confirmed,Bank Transfer
BK-2026-01235,2026-04-11,2026-05-04,C06470,PK15,AG00,2,0,4485,0.0,Completed,Bank Transfer
BK-2026-01236,2026-04-12,2026-08-30,C00608,PK13,AG01,4,0,8200,,Confirmed,PayPal
BK-2026-01237,2026-04-12,2026-09-29,C00738,PK16,AG00,2,0,6085,0.15,Confirmed,M-Pesa
BK-2026-01238,2026-04-12,2026-12-23,C01412,PK13,AG00,1,0,8200,0.0,Confirmed,PayPal
BK-2026-01239,2026-04-12,2026-08-03,C01921,PK16,AG00,2,0,6085,0.0,CANCELLED,Bank Transfer
BK-2026-01240,2026-04-12,2026-05-09,C01982,PK04,AG04,1,0,575,0.0,Completed,Card
BK-2026-01241,2026-04-12,2026-09-25,C02558,PK16,AG10,2,0,6085,0.05,Confirmed,Card
BK-2026-01242,2026-04-12,2026-06-14,C03124,PK06,AG00,8,0,1440,0.05,Cancelled,Card
BK-2026-01243,2026-04-12,2026-08-04,C03881,PK14,AG00,2,0,5420,0.0,Confirmed,Bank Transfer
BK-2026-01244,2026-04-12,2026-07-13,C05066,PK03,AG11,2,3,715,0.05,Confirmed,M-Pesa
BK-2026-01245,2026-04-12,2026-06-20,C05559,PK18,AG00,2,0,5980,0.0,Completed,Card
BK-2026-01246,2026-04-13,2026-06-05,C00253,PK01,AG00,2,2,485,0.15,Completed,M-Pesa
BK-2026-01247,2026-04-13,2026-07-26,C00804,PK10,AG05,2,0,1175,0.15,Confirmed,M-Pesa
BK-2026-01248,2026-04-13,2026-06-14,C00875,PK02,AG00,2,0,435,0.0,Completed,Card
BK-2026-01249,2026-04-13,2026-07-24,C01397,PK18,AG13,7,0,6875,,Confirmed,Card
BK-2026-01250,2026-04-13,2026-07-13,C01512,PK12,AG11,2,0,6350,0.0,Confirmed,Bank Transfer
BK-2026-01251,2026-04-13,2026-08-08,C01786,PK06,AG00,2,0,1655,0.0,Confirmed,Card
BK-2026-01252,2026-04-13,2026-05-19,C02018,PK15,AG06,2,1,4485,0.0,Completed,Card
BK-2026-01253,2026-04-13,2026-05-23,C02576,PK15,AG00,1,0,4485,,Completed,Card
BK-2026-01254,2026-04-13,2026-07-23,C02685,PK10,AG00,6,0,1175,0.1,Confirmed,Bank Transfer
BK-2026-01255,2026-04-13,2026-07-18,C02994,PK11,AG11,2,0,5160,0.0,Confirmed ,Bank Transfer
BK-2026-01256,2026-04-13,2026-08-25,C04496,PK14,AG03,2,3,5420,0.05,Confirmed,Card
BK-2026-01257,2026-04-13,2026-11-24,C06117,PK16,AG00,2,0,5290,0.0,Confirmed,PayPal
BK-2026-01258,2026-04-14,2026-04-29,C00372,PK01,AG11,1,0,485,0.05,Completed,Bank Transfer
BK-2026-01259,2026-04-14,2026-04-25,C01282,PK01,AG00,1,0,485,,Completed,Card
BK-2026-01260,2026-04-14,2026-08-19,C01464,PK14,AG00,2,0,5420,0.0,Confirmed,Card
BK-2026-01261,2026-04-14,2026-10-04,C02054,PK18,AG01,2,0,6875,0.0,Confirmed,Bank Transfer
BK-2026-01262,2026-04-14,2026-04-19,C02260,PK02,AG04,4,0,435,0.1,Completed,M-Pesa
BK-2026-01263,2026-04-14,2026-05-01,C02499,PK18,AG00,2,0,5980,,Completed,Card
BK-2026-01264,2026-04-14,2026-09-24,C02911,PK09,AG03,2,0,3440,0.0,Confirmed,Card
BK-2026-01265,2026-04-14,2026-08-02,C02978,PK13,AG00,1,0,8200,0.0,Confirmed,M-Pesa
BK-2026-01266,2026-04-14,2026-05-28,C03068,PK18,AG02,7,0,5980,0.1,Completed,Card
BK-2026-01267,2026-04-14,2026-06-12,C03143,PK02,AG02,2,0,435,0.05,Completed,Bank Transfer
BK-2026-01268,2026-04-14,2026-07-08,C03187,PK09,AG10,2,2,3440,0.05,Confirmed,Card
BK-2026-01269,2026-04-14,2026-07-26,C03407,PK12,AG02,2,2,6350,0.05,Confirmed,Card
BK-2026-01270,2026-04-14,2026-09-22,C03496,PK12,AG03,1,0,6350,0.05,Confirmed,Bank Transfer
BK-2026-01271,2026-04-14,2026-06-13,C03908,PK02,AG04,2,3,435,0.15,Completed,Bank Transfer
BK-2026-01272,2026-04-14,2026-07-09,C05114,PK12,AG07,2,0,6350,,Confirmed,M-Pesa
BK-2026-01273,2026-04-14,2026-05-16,C05182,PK08,AG06,2,0,1355,0.05,Completed,PayPal
BK-2026-01274,2026-04-14,2026-06-25,C05610,PK14,AG05,2,0,4715,0.0,Completed,Card
BK-2026-01275,2026-04-14,2026-07-25,C05863,PK18,AG02,2,3,6875,0.05,Cancelled,Card
BK-2026-01276,2026-04-14,2026-08-18,C06282,PK13,AG06,1,0,8200,0.0,Confirmed,Card
BK-2026-01277,2026-04-15,2026-08-23,C01226,PK12,AG00,5,0,6350,0.05,Confirmed,PayPal
BK-2026-01278,2026-04-15,2026-08-26,C01249,PK13,AG03,2,3,8200,0.15,Confirmed,Card
BK-2026-01279,2026-04-15,2026-08-10,C01698,PK13,AG00,9,0,8200,0.05,Confirmed,Bank Transfer
BK-2026-01280,2026-04-15,2026-04-28,C02031,PK02,AG08,2,1,435,0.15,Completed,Card
BK-2026-01281,2026-04-15,2026-11-09,C02223,PK12,AG07,2,0,5520,0.0,Confirmed,Bank Transfer
BK-2026-01282,2026-04-15,2026-05-18,C02346,PK13,AG05,2,0,7130,0.1,Completed,Bank Transfer
BK-2026-01283,2026-04-15,2026-05-07,C02385,PK03,AG03,2,3,620,0.1,Completed,Bank Transfer
BK-2026-01284,2026-04-15,2026-08-19,C02387,PK17,AG10,2,2,12960,0.0,Confirmed,Bank Transfer
BK-2026-01285,2026-04-15,2026-09-22,C02520,PK13,AG02,1,0,8200,0.05,Confirmed,Card
BK-2026-01286,2026-04-15,2026-07-20,C02620,PK14,AG11,1,0,5420,0.0,Confirmed,Card
BK-2026-01287,2026-04-15,2026-06-29,C02820,PK07,AG01,1,0,2700,0.0,Confirmed,PayPal
BK-2026-01288,2026-04-15,2026-09-03,C03041,PK12,AG00,2,0,6350,,Confirmed,M-Pesa
BK-2026-01289,2026-04-15,2026-04-27,C03577,PK02,AG00,2,0,435,0.0,Cancelled,Bank Transfer
BK-2026-01290,2026-04-15,2026-04-29,C03674,PK04,AG04,1,0,575,0.0,Cancelled,Bank Transfer
BK-2026-01291,2026-04-15,2026-07-20,C03734,PK14,AG00,2,0,5420,0.15,Confirmed,Card
BK-2026-01292,2026-04-15,2026-10-27,C04324,PK12,AG01,2,0,6350,0.0,confirmed,PayPal
BK-2026-01293,2026-04-15,2026-08-10,C04472,PK13,AG01,2,0,8200,0.0,Confirmed,Card
BK-2026-01294,2026-04-15,2026-07-28,C04892,PK13,AG00,2,3,8200,0.0,Confirmed,PayPal
BK-2026-01295,2026-04-15,2026-07-12,C05437,PK06,AG13,6,0,1655,0.05,Confirmed,Bank Transfer
BK-2026-01296,2026-04-15,2026-12-07,C05496,PK13,AG00,2,2,8200,0.05,Confirmed,Card
BK-2026-01297,2026-04-15,2026-06-03,C06083,PK02,AG03,2,0,435,0.15,Completed,PayPal
BK-2026-01298,2026-04-15,2026-07-18,C06311,PK01,AG07,9,0,555,0.1,Confirmed,Bank Transfer
BK-2026-01299,2026-04-15,2026-07-29,C06366,PK07,AG08,1,0,3110,0.0,Canceled,PayPal
BK-2026-01300,2026-04-16,2026-07-03,C00975,PK01,AG01,2,1,555,0.0,Confirmed,M-Pesa
BK-2026-01301,2026-04-16,2026-05-10,C01348,PK05,AG00,2,3,895,0.0,Completed,Card
BK-2026-01302,2026-04-16,2026-08-29,C01357,PK13,AG08,2,1,8200,0.0,Confirmed,Card
BK-2026-01303,2026-04-16,2026-07-28,C01934,PK16,AG00,7,0,6085,0.0,Confirmed,Bank Transfer
BK-2026-01304,2026-04-16,2026-05-15,C02583,PK07,AG02,6,0,2700,0.05,Completed,Bank Transfer
BK-2026-01305,2026-04-16,2026-08-10,C03016,PK14,AG02,2,2,5420,0.15,Confirmed,Bank Transfer
BK-2026-01306,2026-04-16,2026-04-27,C03170,PK01,AG11,2,0,485,0.05,Completed,PayPal
BK-2026-01307,2026-04-16,2026-08-07,C04943,PK08,AG00,2,1,1560,0.0,Confirmed,Card
BK-2026-01308,2026-04-16,2026-06-16,C05576,PK17,AG12,9,0,11270,0.0,Completed,M-Pesa
BK-2026-01309,2026-04-16,2026-08-18,C06293,PK12,AG09,2,1,6350,0.05,Confirmed,M-Pesa
BK-2026-01310,2026-04-16,2026-04-23,C06396,PK01,AG03,2,0,485,0.15,Completed,Card
BK-2026-01311,2026-04-16,2026-07-21,C06396,PK16,AG06,2,0,6085,0.0,Confirmed,PayPal
BK-2026-01312,2026-04-17,2026-09-21,C00069,PK13,AG13,11,0,8200,0.1,Confirmed,Bank Transfer
BK-2026-01313,2026-04-17,2026-08-21,C01310,PK13,AG05,1,0,8200,0.15,Confirmed,Bank Transfer
BK-2026-01314,2026-04-17,2026-05-26,C02360,PK08,AG03,2,2,1355,0.0,Completed,M-Pesa
BK-2026-01315,2026-04-17,2026-07-08,C02645,PK07,AG03,2,0,3110,0.1,Confirmed,Card
BK-2026-01316,2026-04-17,2026-07-04,C02809,PK08,AG06,1,0,1560,0.0,Confirmed,Bank Transfer
BK-2026-01317,2026-04-17,2026-06-27,C02913,PK06,AG00,2,2,1440,0.0,Confirmed,Card
BK-2026-01318,2026-04-17,2026-07-16,C03042,PK16,AG00,9,0,6085,0.1,Confirmed,Bank Transfer
BK-2026-01319,2026-04-17,2026-08-05,C03239,PK15,AG04,2,0,5160,0.0,Confirmed,M-Pesa
BK-2026-01320,2026-04-17,2026-10-28,C03810,PK12,AG02,2,2,6350,0.0,Confirmed,Card
BK-2026-01321,2026-04-17,2026-09-13,C04063,PK17,AG00,2,0,12960,0.05,Confirmed,PayPal
BK-2026-01322,2026-04-17,2026-07-04,C05753,PK06,AG01,6,0,1655,0.1,Confirmed,Card
BK-2026-01323,2026-04-17,2026-08-01,C06485,PK15,AG00,2,3,5160,0.0,Confirmed,Bank Transfer
BK-2026-01324,2026-04-18,2026-06-29,C00089,PK16,AG00,2,0,5290,0.0,Confirmed,Card
BK-2026-01325,2026-04-18,2026-06-05,C00483,PK02,AG00,2,0,435,0.0,Completed,Bank Transfer
BK-2026-01326,2026-04-18,2026-04-26,C00832,PK03,AG00,2,0,620,0.1,Completed,M-Pesa
BK-2026-01327,2026-04-18,2026-08-20,C01037,PK17,AG03,2,0,12960,0.0,Confirmed,Card
BK-2026-01328,2026-04-18,2026-07-06,C01189,PK12,AG09,2,0,6350,0.0,Confirmed,Card
BK-2026-01329,2026-04-18,2026-08-19,C01822,PK11,AG02,2,0,5160,0.05,Confirmed,PayPal
BK-2026-01330,2026-04-18,2026-08-04,C01876,PK12,AG00,2,0,6350,0.0,Confirmed,Card
BK-2026-01331,2026-04-18,2026-08-28,C02401,PK13,AG04,2,3,8200,,Confirmed,Bank Transfer
BK-2026-01332,2026-04-18,2026-07-16,C03620,PK07,AG03,2,1,3110,0.0,Confirmed,PayPal
BK-2026-01333,2026-04-18,2026-10-11,C03975,PK13,AG00,2,0,8200,0.05,cancelled,PayPal
BK-2026-01334,2026-04-18,2026-08-07,C04768,PK12,AG00,7,0,6350,0.0,Confirmed ,Card
BK-2026-01335,2026-04-18,2026-06-17,C05020,PK18,AG04,2,0,5980,0.0,Completed,M-Pesa
BK-2026-01336,2026-04-18,2026-12-29,C05706,PK12,AG04,1,0,6350,0.0,confirmed,Card
BK-2026-01337,2026-04-18,2026-10-06,C05798,PK14,AG03,2,0,5420,0.15,Confirmed,M-Pesa
BK-2026-01338,2026-04-18,2026-06-25,C05805,PK13,AG00,2,0,7130,0.0,Confirmed,M-Pesa
BK-2026-01339,2026-04-18,2026-09-24,C06397,PK12,AG11,1,0,6350,0.0,Confirmed,Card
BK-2026-01340,2026-04-18,2026-07-22,C06475,PK12,AG04,2,3,6350,0.05,Confirmed,M-Pesa
BK-2026-01341,2026-04-18,2026-06-13,C06480,PK01,AG00,2,0,485,0.0,Completed,Card
BK-2026-01342,2026-04-19,2026-07-04,C00755,PK06,AG03,5,0,1655,0.1,Cancelled,M-Pesa
BK-2026-01343,2026-04-19,2026-07-14,C01016,PK17,AG01,2,1,12960,0.15,Confirmed,Bank Transfer
BK-2026-01344,2026-04-19,2026-10-19,C01048,PK11,AG09,1,0,5160,0.15,Confirmed,PayPal
BK-2026-01345,2026-04-19,2026-07-20,C01157,PK06,AG00,2,0,1655,0.1,Confirmed,Card
BK-2026-01346,2026-04-19,2026-06-06,C01173,PK07,AG00,2,0,2700,0.1,Completed,Card
BK-2026-01347,2026-04-19,2026-07-05,C01790,PK03,AG03,2,0,715,0.05,Confirmed,Card
BK-2026-01348,2026-04-19,2026-07-24,C02297,PK07,AG01,2,3,3110,0.1,Confirmed,PayPal
BK-2026-01349,2026-04-19,2026-06-05,C02540,PK10,AG00,2,0,1025,0.0,Completed,Bank Transfer
BK-2026-01350,2026-04-19,2026-07-10,C03493,PK18,AG01,2,1,6875,0.1,Confirmed,Bank Transfer
BK-2026-01351,2026-04-19,2026-10-03,C04078,PK15,AG07,1,0,5160,0.15,Confirmed,Bank Transfer
BK-2026-01352,2026-04-19,2026-07-12,C04671,PK06,AG08,2,2,1655,0.0,Cancelled,Bank Transfer
BK-2026-01353,2026-04-19,2026-07-13,C05436,PK14,AG04,2,0,5420,0.0,Confirmed,Bank Transfer
BK-2026-01354,2026-04-19,2026-07-06,C05875,PK06,AG00,2,0,1655,0.05,Confirmed,Card
BK-2026-01355,2026-04-20,2026-10-10,C00126,PK16,AG01,2,0,6085,0.15,Confirmed,PayPal
BK-2026-01356,2026-04-20,2026-07-02,C00344,PK16,AG00,2,0,6085,0.0,Confirmed,M-Pesa
BK-2026-01357,2026-04-20,2026-10-13,C01110,PK17,AG00,5,0,12960,0.0,Confirmed,M-Pesa
BK-2026-01358,2026-04-20,2026-07-18,C01646,PK04,AG03,6,0,660,0.0,Cancelled,Bank Transfer
BK-2026-01359,2026-04-20,2026-06-10,C03604,PK05,AG02,2,0,895,0.1,Completed,Bank Transfer
BK-2026-01360,2026-04-20,2026-04-25,C04458,PK02,AG10,2,0,435,0.1,Completed,M-Pesa
BK-2026-01361,2026-04-20,2026-05-29,C04933,PK01,AG02,5,0,485,0.1,Cancelled,Card
BK-2026-01362,2026-04-20,2026-06-29,C06088,PK04,AG05,2,2,575,0.0,Confirmed,Card
BK-2026-01363,2026-04-20,2026-09-18,C06156,PK18,AG06,2,0,6875,0.0,Confirmed,M-Pesa
BK-2026-01364,2026-04-20,2026-07-01,C06372,PK04,AG04,1,0,660,0.05,Confirmed,Bank Transfer
BK-2026-01365,2026-04-21,2026-06-29,C00102,PK18,AG07,7,0,5980,0.0,Confirmed,Card
BK-2026-01366,2026-04-21,2026-08-07,C00332,PK12,AG05,2,2,6350,,Confirmed,PayPal
BK-2026-01367,2026-04-21,2026-07-02,C00966,PK18,AG10,2,0,6875,0.0,Confirmed,Bank Transfer
BK-2026-01368,2026-04-21,2026-12-26,C01045,PK12,AG00,2,0,6350,0.1,Confirmed,Bank Transfer
BK-2026-01369,2026-04-21,2026-07-19,C01561,PK13,AG01,2,0,8200,0.0,Confirmed,Bank Transfer
BK-2026-01370,2026-04-21,2026-06-05,C01625,PK08,AG09,9,0,1355,0.0,Completed,Card
BK-2026-01371,2026-04-21,2026-08-21,C01790,PK13,AG00,2,0,8200,0.0,Confirmed,PayPal
BK-2026-01372,2026-04-21,2026-09-07,C02073,PK12,AG04,1,0,6350,0.0,Confirmed,Bank Transfer
BK-2026-01373,2026-04-21,2026-05-15,C03145,PK09,AG03,2,0,2990,0.1,Cancelled,PayPal
BK-2026-01374,2026-04-21,2026-05-08,C03352,PK11,AG00,2,0,4485,0.0,Cancelled,Bank Transfer
BK-2026-01375,2026-04-21,2026-11-21,C04409,PK13,AG00,1,0,7130,0.15,Confirmed,Card
BK-2026-01376,2026-04-21,2026-06-27,C04611,PK02,AG02,9,0,435,0.0,Cancelled,Card
BK-2026-01377,2026-04-21,2026-08-24,C04629,PK12,AG01,2,1,6350,0.05,Confirmed,Card
BK-2026-01378,2026-04-21,2026-07-10,C04860,PK14,AG00,1,0,5420,0.0,Confirmed,Bank Transfer
BK-2026-01379,2026-04-21,2026-07-09,C04941,PK17,AG02,1,0,12960,0.0,Confirmed,Bank Transfer
BK-2026-01380,2026-04-21,2026-10-13,C05873,PK18,AG06,2,0,6875,0.0,Canceled,Bank Transfer
BK-2026-01381,2026-04-21,2026-05-28,C06107,PK04,AG00,2,0,575,0.1,Completed,M-Pesa
BK-2026-01382,2026-04-22,2026-06-21,C00257,PK07,AG02,1,0,2700,0.0,Completed,PayPal
BK-2026-01383,2026-04-22,2026-11-06,C02297,PK17,AG10,2,3,11270,0.0,Confirmed,Card
BK-2026-01384,2026-04-22,2026-08-01,C02737,PK15,AG03,2,2,5160,0.05,Confirmed,Bank Transfer
BK-2026-01385,2026-04-22,2026-08-24,C02899,PK06,AG01,12,0,1655,0.0,confirmed,Bank Transfer
BK-2026-01386,2026-04-22,2026-05-10,C03049,PK01,AG00,11,0,485,0.05,Completed,Bank Transfer
BK-2026-01387,2026-04-22,2026-07-14,C03638,PK14,AG00,2,0,5420,0.1,Confirmed,PayPal
BK-2026-01388,2026-04-22,2026-08-13,C04209,PK14,AG02,1,0,5420,0.0,Cancelled,Card
BK-2026-01389,2026-04-22,2026-12-05,C05538,PK15,AG13,9,0,5160,0.05,Confirmed,Bank Transfer
BK-2026-01390,2026-04-22,2026-05-05,C06318,PK18,AG03,7,0,5980,0.05,Completed,Card
BK-2026-01391,2026-04-23,2026-09-15,C00014,PK13,AG00,2,0,8200,0.0,Confirmed,Card
BK-2026-01392,2026-04-23,2026-09-27,C00344,PK13,AG02,2,0,8200,0.0,Confirmed,Card
BK-2026-01393,2026-04-23,2026-06-25,C00466,PK06,AG03,1,0,1440,0.05,Completed,PayPal
BK-2026-01394,2026-04-23,2026-08-24,C00742,PK18,AG01,2,2,6875,0.1,Confirmed,Card
BK-2026-01395,2026-04-23,2026-05-05,C01482,PK05,AG00,2,1,895,0.0,Completed,Bank Transfer
BK-2026-01396,2026-04-23,2026-07-23,C01825,PK11,AG02,6,0,5160,0.0,Confirmed,M-Pesa
BK-2026-01397,2026-04-23,2026-12-31,C02063,PK18,AG00,7,0,6875,0.1,Confirmed,Bank Transfer
BK-2026-01398,2026-04-23,2026-05-21,C03308,PK05,AG00,2,0,895,0.0,Completed,Card
BK-2026-01399,2026-04-23,2026-08-11,C04079,PK16,AG03,2,2,6085,0.1,Confirmed,Bank Transfer
BK-2026-01400,2026-04-23,2026-05-02,C04583,PK06,AG00,2,0,1440,0.0,Completed,Bank Transfer
BK-2026-01401,2026-04-23,2026-10-01,C05132,PK06,AG01,2,3,1655,0.0,Confirmed,Bank Transfer
BK-2026-01402,2026-04-23,2026-08-22,C06219,PK17,AG00,2,1,12960,0.0,Confirmed,Bank Transfer
BK-2026-01403,2026-04-24,2026-07-03,C00362,PK13,AG06,2,0,8200,0.0,Confirmed ,Card
BK-2026-01404,2026-04-24,2026-08-14,C00969,PK06,AG02,2,3,1655,0.0,Confirmed,PayPal
BK-2026-01405,2026-04-24,2026-05-21,C00975,PK01,AG00,2,1,485,0.0,Completed,M-Pesa
BK-2026-01406,2026-04-24,2026-08-15,C01575,PK01,AG00,2,0,555,0.05,Confirmed,Bank Transfer
BK-2026-01407,2026-04-24,2026-08-22,C01630,PK15,AG00,2,0,5160,0.05,CONFIRMED,Card
BK-2026-01408,2026-04-24,2026-09-05,C02653,PK12,AG00,2,1,6350,0.0,Confirmed,Card
BK-2026-01409,2026-04-24,2026-07-05,C02655,PK02,AG05,2,2,505,0.0,Confirmed,Bank Transfer
BK-2026-01410,2026-04-24,2026-12-27,C02786,PK13,AG05,2,0,8200,0.0,Confirmed,Card
BK-2026-01411,2026-04-24,2026-08-21,C03153,PK14,AG01,9,0,5420,0.0,Confirmed,M-Pesa
BK-2026-01412,2026-04-24,2026-07-04,C03205,PK09,AG00,2,0,3440,0.0,Confirmed,M-Pesa
BK-2026-01413,2026-04-24,2026-06-08,C04207,PK04,AG02,2,0,575,0.0,Completed,Bank Transfer
BK-2026-01414,2026-04-24,2026-08-21,C04210,PK12,AG00,2,0,6350,0.05,Confirmed ,Card
BK-2026-01415,2026-04-24,2026-09-14,C04258,PK12,AG00,2,0,6350,0.0,Confirmed,Card
BK-2026-01416,2026-04-24,2026-06-26,C04383,PK04,AG00,7,0,575,0.0,Completed,Card
BK-2026-01417,2026-04-24,2026-09-25,C04487,PK18,AG04,2,2,6875,0.0,Confirmed ,Bank Transfer
BK-2026-01418,2026-04-24,2026-08-10,C05088,PK13,AG01,2,0,8200,0.0,Confirmed,Card
BK-2026-01419,2026-04-24,2026-08-16,C05688,PK06,AG00,1,0,1655,0.0,Confirmed,PayPal
BK-2026-01420,2026-04-24,2026-08-09,C06100,PK14,AG00,2,0,5420,0.0,Confirmed,Bank Transfer
BK-2026-01421,2026-04-24,2026-04-27,C06148,PK02,AG10,2,2,435,0.05,Completed,M-Pesa
BK-2026-01422,2026-04-24,2026-07-10,C06397,PK06,AG04,1,0,1655,0.0,Confirmed,PayPal
BK-2026-01423,2026-04-24,2026-07-13,C06448,PK10,AG00,1,0,1175,0.0,Cancelled,Card
BK-2026-01424,2026-04-25,2026-06-14,C00240,PK03,AG03,1,0,620,0.0,Completed,Card
BK-2026-01425,2026-04-25,2026-12-02,C00620,PK14,AG06,2,0,5420,0.05,Confirmed,Bank Transfer
BK-2026-01426,2026-04-25,2026-08-08,C01247,PK14,AG04,2,2,5420,0.1,Confirmed,M-Pesa
BK-2026-01427,2026-04-25,2026-10-10,C01897,PK12,AG00,2,0,6350,0.0,Canceled,Card
BK-2026-01428,2026-04-25,2026-07-23,C02737,PK06,AG05,2,1,1655,0.0,confirmed,M-Pesa
BK-2026-01429,2026-04-25,2026-07-22,C02877,PK12,AG11,2,0,6350,0.0,Confirmed,M-Pesa
BK-2026-01430,2026-04-25,2026-07-17,C03864,PK03,AG11,2,3,715,0.0,Confirmed,PayPal
BK-2026-01431,2026-04-25,2026-08-23,C03876,PK14,AG00,4,0,5420,0.15,Confirmed,PayPal
BK-2026-01432,2026-04-25,2026-09-13,C04817,PK12,AG01,2,0,6350,0.0,Confirmed,PayPal
BK-2026-01433,2026-04-25,2026-09-23,C05045,PK06,AG00,2,0,1655,0.0,Confirmed,Card
BK-2026-01434,2026-04-25,2026-09-05,C05328,PK09,AG11,2,2,3440,0.05,Confirmed,Bank Transfer
BK-2026-01435,2026-04-25,2026-09-02,C06212,PK13,AG03,2,0,8200,0.05,Confirmed,Card
BK-2026-01436,2026-04-25,2026-06-21,C06458,PK03,AG01,1,0,620,0.0,Completed,Bank Transfer
BK-2026-01437,2026-04-26,2026-08-01,C00618,PK14,AG11,1,0,5420,0.0,Confirmed,Bank Transfer
BK-2026-01438,2026-04-26,2026-06-04,C00732,PK15,AG00,2,3,4485,0.1,Completed,Card
BK-2026-01439,2026-04-26,2026-06-11,C01141,PK06,AG00,4,0,1440,0.0,Completed,Card
BK-2026-01440,2026-04-26,2026-08-03,C01340,PK16,AG07,1,0,6085,,confirmed,Card
BK-2026-01441,2026-04-26,2026-06-27,C02208,PK02,AG03,6,0,435,0.1,Completed,Card
BK-2026-01442,2026-04-26,2026-06-22,C02214,PK03,AG12,3,0,620,0.05,Cancelled,Card
BK-2026-01443,2026-04-26,2026-07-03,C02432,PK14,AG00,7,0,5420,0.1,Confirmed,Card
BK-2026-01444,2026-04-26,2026-05-08,C02531,PK01,AG00,2,3,485,0.05,Completed,Card
BK-2026-01445,2026-04-26,2026-07-22,C03682,PK06,AG00,7,0,1655,0.1,Confirmed,Bank Transfer
BK-2026-01446,2026-04-26,2026-06-18,C04032,PK07,AG08,1,0,2700,0.0,Completed,Bank Transfer
BK-2026-01447,2026-04-26,2026-07-15,C04178,PK11,AG00,2,0,5160,0.15,Confirmed,PayPal
BK-2026-01448,2026-04-26,2026-07-06,C04399,PK14,AG13,6,0,5420,0.05,Confirmed,Bank Transfer
BK-2026-01449,2026-04-26,2026-10-10,C05296,PK12,AG02,2,0,6350,0.05,Confirmed,Bank Transfer
BK-2026-01450,2026-04-26,2026-07-29,C06260,PK18,AG00,9,0,6875,0.0,Confirmed,Bank Transfer
BK-2026-01451,2026-04-27,2026-10-23,C00312,PK13,AG00,2,3,8200,0.0,Confirmed,Card
BK-2026-01452,2026-04-27,2026-10-10,C00331,PK14,AG01,1,0,5420,0.0,Confirmed,Bank Transfer
BK-2026-01453,2026-04-27,2026-07-28,C00713,PK07,AG00,6,0,3110,0.1,Confirmed,Bank Transfer
BK-2026-01454,2026-04-27,2026-07-07,C01494,PK09,AG08,2,1,3440,0.0,Confirmed,Card
BK-2026-01455,2026-04-27,2026-06-09,C02387,PK10,AG10,2,2,1025,0.0,Completed,Bank Transfer
BK-2026-01456,2026-04-27,2026-08-12,C02558,PK01,AG10,2,0,555,0.0,Confirmed,M-Pesa
BK-2026-01457,2026-04-27,2026-08-03,C02942,PK09,AG00,2,0,3440,0.0,Confirmed,M-Pesa
BK-2026-01458,2026-04-27,2026-07-16,C03104,PK06,AG00,2,1,1655,0.0,Confirmed,PayPal
BK-2026-01459,2026-04-27,2026-07-06,C03285,PK12,AG01,2,2,6350,0.0,Confirmed,Bank Transfer
BK-2026-01460,2026-04-27,2026-07-01,C03335,PK15,AG10,1,0,5160,0.0,Confirmed,Card
BK-2026-01461,2026-04-27,2026-07-18,C03600,PK08,AG02,2,3,1560,0.0,Confirmed,Card
BK-2026-01462,2026-04-27,2026-10-28,C04334,PK06,AG00,9,0,1655,0.05,Confirmed,Card
BK-2026-01463,2026-04-27,2026-08-19,C04795,PK13,AG07,1,0,8200,0.0,Confirmed,Card
BK-2026-01464,2026-04-27,2026-09-08,C04839,PK12,AG00,7,0,6350,0.1,Confirmed,Card
BK-2026-01465,2026-04-27,2026-05-18,C04997,PK06,AG08,2,3,1440,,Completed ,Card
BK-2026-01466,2026-04-27,2026-08-20,C05209,PK16,AG03,2,0,6085,0.1,Confirmed,Card
BK-2026-01467,2026-04-27,2026-07-03,C05659,PK16,AG07,2,0,6085,0.0,Confirmed,PayPal
BK-2026-01468,2026-04-27,2026-07-20,C05662,PK16,AG00,2,0,6085,0.0,Confirmed,Card
BK-2026-01469,2026-04-28,2026-09-28,C00173,PK14,AG11,2,0,5420,0.0,Confirmed,Bank Transfer
BK-2026-01470,2026-04-28,2026-09-04,C00333,PK11,AG11,1,0,5160,0.15,Confirmed,PayPal
BK-2026-01471,2026-04-28,2026-05-17,C00352,PK03,AG00,8,0,620,0.1,Completed,Card
BK-2026-01472,2026-04-28,2026-07-14,C00441,PK10,AG03,2,2,1175,0.0,Confirmed,Bank Transfer
BK-2026-01473,2026-04-28,2026-08-10,C00979,PK17,AG08,2,0,12960,0.1,Confirmed,Card
BK-2026-01474,2026-04-28,2026-08-29,C01019,PK13,AG04,2,0,8200,0.0,Confirmed,Bank Transfer
BK-2026-01475,2026-04-28,2026-07-13,C01351,PK18,AG10,6,0,6875,0.05,Confirmed,Card
BK-2026-01476,2026-04-28,2026-08-27,C01688,PK16,AG10,8,0,6085,0.0,Confirmed,Card
BK-2026-01477,2026-04-28,2026-08-05,C02453,PK06,AG00,1,0,1655,0.0,Confirmed,Bank Transfer
BK-2026-01478,2026-04-28,2026-10-24,C03509,PK15,AG00,2,0,5160,0.0,Confirmed,Card
BK-2026-01479,2026-04-28,2026-06-01,C04333,PK02,AG03,1,0,435,0.1,Completed ,Bank Transfer
BK-2026-01480,2026-04-28,2026-08-29,C05011,PK12,AG04,2,1,6350,,Confirmed,Card
BK-2026-01481,2026-04-28,2026-06-12,C05259,PK08,AG00,2,0,1355,0.0,Completed,M-Pesa
BK-2026-01482,2026-04-28,2026-08-21,C05649,PK16,AG08,2,0,6085,0.0,Confirmed,Card
BK-2026-01483,2026-04-28,2026-08-27,C06221,PK16,AG02,2,0,6085,0.0,Confirmed,Card
BK-2026-01484,2026-04-29,2026-06-09,C00160,PK11,AG10,1,0,4485,0.0,Completed,Bank Transfer
BK-2026-01485,2026-04-29,2026-08-08,C00848,PK18,AG00,2,2,6875,0.0,Confirmed,PayPal
BK-2026-01486,2026-04-29,2026-06-19,C01319,PK03,AG06,2,0,620,0.0,Completed,Bank Transfer
BK-2026-01487,2026-04-29,2026-12-22,C02777,PK10,AG03,1,0,1175,0.05,Confirmed,Bank Transfer
BK-2026-01488,2026-04-29,2026-09-30,C03177,PK17,AG07,2,0,12960,0.0,Confirmed,Card
BK-2026-01489,2026-04-29,2026-06-09,C03618,PK05,AG00,2,0,895,0.0,Completed ,Bank Transfer
BK-2026-01490,2026-04-29,2026-07-06,C03949,PK08,AG02,2,0,1560,0.05,Confirmed,M-Pesa
BK-2026-01491,2026-04-29,2026-09-02,C04063,PK09,AG00,2,0,3440,0.0,Confirmed,Bank Transfer
BK-2026-01492,2026-04-29,2026-12-22,C04223,PK17,AG00,5,0,12960,0.1,Confirmed,Card
BK-2026-01493,2026-04-29,2026-07-13,C04335,PK12,AG04,2,0,6350,0.0,Confirmed,M-Pesa
BK-2026-01494,2026-04-29,2026-07-02,C04495,PK15,AG00,2,2,5160,0.0,Confirmed,PayPal
BK-2026-01495,2026-04-29,2026-09-20,C04745,PK17,AG07,1,0,12960,0.0,Confirmed,Card
BK-2026-01496,2026-04-29,2026-07-16,C06247,PK12,AG13,10,0,6350,0.1,Confirmed,Card
BK-2026-01497,2026-04-30,2026-07-09,C00121,PK07,AG07,7,0,3110,0.05,Confirmed,PayPal
BK-2026-01498,2026-04-30,2026-08-12,C00226,PK13,AG09,2,0,8200,,Canceled,Card
BK-2026-01499,2026-04-30,2026-07-06,C00777,PK07,AG03,2,0,3110,0.15,Confirmed,Card
BK-2026-01500,2026-04-30,2026-07-15,C01477,PK12,AG02,2,0,6350,0.1,Cancelled,M-Pesa
BK-2026-01501,2026-04-30,2026-07-17,C02608,PK12,AG05,2,0,6350,0.1,Confirmed,M-Pesa
BK-2026-01502,2026-04-30,2026-08-24,C02749,PK15,AG00,2,0,5160,0.0,Confirmed,M-Pesa
BK-2026-01503,2026-04-30,2026-12-14,C03922,PK06,AG07,2,0,1655,0.0,Confirmed,Bank Transfer
BK-2026-01504,2026-04-30,2026-06-06,C04061,PK05,AG00,2,0,895,0.0,Completed,Card
BK-2026-01505,2026-04-30,2026-08-31,C04318,PK06,AG01,2,0,1655,0.0,Confirmed,M-Pesa
BK-2026-01506,2026-04-30,2026-06-09,C04441,PK18,AG03,2,0,5980,0.0,Completed,Card
BK-2026-01507,2026-04-30,2026-09-23,C04473,PK16,AG00,2,0,6085,0.1,Confirmed,Card
BK-2026-01508,2026-04-30,2026-06-23,C04484,PK10,AG01,2,0,1025,0.0,Completed,Card
BK-2026-01509,2026-04-30,2026-08-15,C05176,PK06,AG00,9,0,1655,0.0,Confirmed,Card
BK-2026-01510,2026-04-30,2026-07-14,C05378,PK16,AG00,2,0,6085,0.1,Confirmed,Bank Transfer
BK-2026-01511,2026-04-30,2026-08-22,C05469,PK18,AG00,5,0,6875,0.0,Confirmed,Bank Transfer
BK-2026-01512,2026-04-30,2026-07-12,C05608,PK05,AG13,4,0,1030,0.05,Confirmed,Bank Transfer
BK-2026-01513,2026-04-30,2026-08-05,C05991,PK07,AG00,2,3,3110,0.0,Confirmed,Card
BK-2026-01514,2026-04-30,2026-07-11,C06361,PK18,AG00,2,0,6875,0.0,Confirmed,Card
BK-2026-01515,2026-04-30,2026-06-15,C06481,PK05,AG09,2,0,895,0.05,Completed,Card
BK-2026-01516,2026-05-01,2026-10-31,C00412,PK12,AG02,2,1,6350,0.0,Confirmed,PayPal
BK-2026-01517,2026-05-01,2026-06-25,C00738,PK05,AG00,2,0,895,0.0,Completed,Card
BK-2026-01518,2026-05-01,2026-06-06,C02154,PK03,AG09,8,0,620,0.1,Completed,Card
BK-2026-01519,2026-05-01,2026-08-11,C03014,PK17,AG07,2,3,12960,0.05,Confirmed,M-Pesa
BK-2026-01520,2026-05-01,2026-08-11,C03244,PK14,AG02,1,0,5420,0.0,Confirmed,Card
BK-2026-01521,2026-05-01,2026-09-02,C03554,PK13,AG00,2,2,8200,,Confirmed,Bank Transfer
BK-2026-01522,2026-05-01,2026-07-24,C04281,PK08,AG00,8,0,1560,0.0,Confirmed,Bank Transfer
BK-2026-01523,2026-05-01,2026-07-22,C04290,PK12,AG13,7,0,6350,0.1,Confirmed,Bank Transfer
BK-2026-01524,2026-05-01,2026-08-22,C04637,PK18,AG09,1,0,6875,0.0,Confirmed,Card
BK-2026-01525,2026-05-01,2026-10-07,C05264,PK12,AG00,1,0,6350,0.0,Confirmed,Card
BK-2026-01526,2026-05-01,2026-08-18,C05586,PK18,AG02,1,0,6875,,Confirmed,Card
BK-2026-01527,2026-05-01,2026-07-27,C06095,PK15,AG08,8,0,5160,0.05,Confirmed,Card
BK-2026-01528,2026-05-02,2026-08-08,C00695,PK11,AG01,2,2,5160,0.0,Confirmed,Card
BK-2026-01529,2026-05-02,2026-06-30,C00897,PK07,AG00,2,1,2700,0.1,Confirmed,Card
BK-2026-01530,2026-05-02,2026-08-25,C01145,PK06,AG00,6,0,1655,0.05,Confirmed,Card
BK-2026-01531,2026-05-02,2026-06-09,C01197,PK11,AG01,5,0,4485,0.1,Completed,PayPal
BK-2026-01532,2026-05-02,2026-08-29,C01266,PK11,AG00,2,2,5160,0.05,Confirmed,M-Pesa
BK-2026-01533,2026-05-02,2026-07-24,C01381,PK13,AG00,2,0,8200,0.0,Confirmed,Card
BK-2026-01534,2026-05-02,2026-07-29,C02259,PK18,AG03,1,0,6875,0.0,Confirmed ,PayPal
BK-2026-01535,2026-05-02,2026-08-29,C02564,PK18,AG00,2,3,6875,0.0,Confirmed,Bank Transfer
BK-2026-01536,2026-05-02,2026-09-03,C02952,PK17,AG00,2,0,12960,0.15,Confirmed ,Bank Transfer
BK-2026-01537,2026-05-02,2026-08-03,C03287,PK13,AG01,7,0,8200,0.1,Confirmed,Bank Transfer
BK-2026-01538,2026-05-02,2026-06-20,C03326,PK01,AG04,2,0,485,0.1,Completed,Card
BK-2026-01539,2026-05-02,2026-11-02,C03561,PK15,AG02,1,0,4485,0.0,Confirmed,Bank Transfer
BK-2026-01540,2026-05-02,2026-06-20,C04444,PK05,AG00,2,3,895,0.15,Completed,Bank Transfer
BK-2026-01541,2026-05-02,2026-08-06,C04685,PK16,AG02,8,0,6085,,Confirmed,PayPal
BK-2026-01542,2026-05-02,2026-06-18,C04885,PK13,AG12,10,0,7130,0.0,Completed,Card
BK-2026-01543,2026-05-02,2026-07-30,C05129,PK01,AG09,2,0,555,0.0,Confirmed,Bank Transfer
BK-2026-01544,2026-05-02,2026-05-22,C05576,PK02,AG01,8,0,435,0.15,Completed,Bank Transfer
BK-2026-01545,2026-05-02,2026-07-09,C05587,PK12,AG00,4,0,6350,0.0,Confirmed,Card
BK-2026-01546,2026-05-03,2026-06-06,C00210,PK06,AG02,2,0,1440,0.0,Canceled,Card
BK-2026-01547,2026-05-03,2026-09-20,C00399,PK12,AG03,2,2,6350,0.05,Confirmed,Bank Transfer
BK-2026-01548,2026-05-03,2026-06-17,C00612,PK09,AG00,2,0,2990,0.05,Completed,Card
BK-2026-01549,2026-05-03,2026-07-03,C01089,PK12,AG01,9,0,6350,0.1,Confirmed,Bank Transfer
BK-2026-01550,2026-05-03,2026-09-08,C01322,PK06,AG00,4,0,1655,0.0,Confirmed,Card
BK-2026-01551,2026-05-03,2026-07-06,C01383,PK16,AG00,2,2,6085,0.1,Confirmed,M-Pesa
BK-2026-01552,2026-05-03,2026-07-06,C02007,PK03,AG03,2,0,715,0.1,Confirmed,PayPal
BK-2026-01553,2026-05-03,2026-07-16,C02203,PK18,AG04,2,1,6875,0.15,Confirmed,Card
BK-2026-01554,2026-05-03,2026-09-02,C03445,PK12,AG00,2,2,6350,0.0,Confirmed,Card
BK-2026-01555,2026-05-03,2026-08-12,C03445,PK12,AG01,2,2,6350,0.1,Cancelled,PayPal
BK-2026-01556,2026-05-03,2026-06-19,C04125,PK15,AG07,2,0,4485,0.1,Completed,M-Pesa
BK-2026-01557,2026-05-03,2026-07-20,C04368,PK04,AG04,8,0,660,0.0,Confirmed,M-Pesa
BK-2026-01558,2026-05-03,2026-05-19,C04560,PK02,AG01,2,2,435,0.0,Completed,M-Pesa
BK-2026-01559,2026-05-03,2026-08-01,C04934,PK12,AG00,2,1,6350,0.0,Canceled,Card
BK-2026-01560,2026-05-03,2026-09-14,C05457,PK15,AG00,5,0,5160,0.1,Confirmed,Bank Transfer
BK-2026-01561,2026-05-03,2026-06-01,C05927,PK01,AG00,8,0,485,0.05,Completed,Card
BK-2026-01562,2026-05-03,2026-07-11,C06140,PK13,AG00,2,2,8200,0.1,Confirmed,Bank Transfer
BK-2026-01563,2026-05-03,2026-09-21,C06166,PK13,AG02,2,0,8200,0.1,Confirmed,Bank Transfer
BK-2026-01564,2026-05-03,2026-07-19,C06233,PK07,AG00,2,0,3110,0.05,Confirmed,Bank Transfer
BK-2026-01565,2026-05-04,2026-09-01,C00290,PK12,AG00,2,0,6350,0.05,Confirmed,Card
BK-2026-01566,2026-05-04,2026-06-29,C00378,PK12,AG06,7,0,5520,0.05,Confirmed,Bank Transfer
BK-2026-01567,2026-05-04,2026-07-03,C01544,PK16,AG10,2,3,6085,0.05,confirmed,Card
BK-2026-01568,2026-05-04,2026-07-05,C02255,PK07,AG00,1,0,3110,0.0,Confirmed,Card
BK-2026-01569,2026-05-04,2026-06-26,C02343,PK12,AG01,2,0,5520,0.0,Confirmed,M-Pesa
BK-2026-01570,2026-05-04,2026-09-03,C02346,PK11,AG01,2,0,5160,0.0,Confirmed,Card
BK-2026-01571,2026-05-04,2026-06-27,C03246,PK01,AG00,1,0,485,0.0,Completed,Card
BK-2026-01572,2026-05-04,2026-07-15,C04045,PK13,AG07,2,0,8200,0.0,Confirmed,PayPal
BK-2026-01573,2026-05-04,2026-06-05,C04121,PK02,AG05,2,0,435,0.0,Completed,Card
BK-2026-01574,2026-05-04,2026-12-07,C05052,PK12,AG02,2,0,6350,0.05,Cancelled,M-Pesa
BK-2026-01575,2026-05-04,2026-07-20,C05605,PK15,AG07,4,0,5160,0.1,confirmed,PayPal
BK-2026-01576,2026-05-04,2026-06-03,C05659,PK01,AG01,2,0,485,0.05,Completed,Card
BK-2026-01577,2026-05-04,2026-05-15,C05697,PK17,AG00,2,0,11270,0.0,Completed ,Bank Transfer
BK-2026-01578,2026-05-04,2026-09-29,C05745,PK17,AG00,2,0,12960,0.0,Confirmed,Bank Transfer
BK-2026-01579,2026-05-04,2026-08-24,C05847,PK09,AG02,1,0,3440,0.05,Confirmed,PayPal
BK-2026-01580,2026-05-04,2026-10-02,C05865,PK18,AG05,4,0,6875,0.05,CONFIRMED,Card
BK-2026-01581,2026-05-04,2026-07-02,C06069,PK02,AG00,11,0,505,0.15,Confirmed,Bank Transfer
BK-2026-01582,2026-05-04,2026-06-03,C06218,PK12,AG10,6,0,5520,0.1,Completed,PayPal
BK-2026-01583,2026-05-04,2026-10-03,C06447,PK08,AG02,6,0,1560,0.05,Cancelled,Card
BK-2026-01584,2026-05-05,2026-10-24,C00075,PK18,AG00,8,0,6875,,Confirmed,M-Pesa
BK-2026-01585,2026-05-05,2026-07-04,C00535,PK18,AG00,2,1,6875,,Confirmed,Card
BK-2026-01586,2026-05-05,2026-06-23,C00559,PK08,AG00,2,2,1355,0.05,completed,Card
BK-2026-01587,2026-05-05,2026-05-29,C00861,PK04,AG00,2,2,575,0.0,Completed,Card
BK-2026-01588,2026-05-05,2026-12-30,C01302,PK16,AG04,2,0,6085,0.0,Confirmed,Card
BK-2026-01589,2026-05-05,2026-09-06,C02711,PK12,AG00,2,0,6350,0.0,Confirmed,Card
BK-2026-01590,2026-05-05,2026-08-23,C03387,PK08,AG03,1,0,1560,0.1,Canceled,Bank Transfer
BK-2026-01591,2026-05-05,2026-06-19,C04081,PK14,AG10,2,3,4715,0.0,Completed,Card
BK-2026-01592,2026-05-05,2026-07-24,C05159,PK12,AG01,2,0,6350,0.0,Confirmed,PayPal
BK-2026-01593,2026-05-05,2026-09-08,C05209,PK14,AG02,2,0,5420,0.0,Confirmed,Bank Transfer
BK-2026-01594,2026-05-05,2026-08-01,C05258,PK07,AG03,2,0,3110,0.0,Confirmed,Bank Transfer
BK-2026-01595,2026-05-05,2026-08-26,C05394,PK12,AG00,2,3,6350,0.0,Confirmed,Card
BK-2026-01596,2026-05-05,2026-08-08,C05750,PK18,AG03,2,0,6875,0.0,Confirmed,Card
BK-2026-01597,2026-05-05,2026-09-29,C06028,PK16,AG02,2,0,6085,0.05,Confirmed,Bank Transfer
BK-2026-01598,2026-05-05,2026-07-21,C06115,PK06,AG00,2,0,1655,0.05,Confirmed,PayPal
BK-2026-01599,2026-05-05,2026-07-24,C06461,PK06,AG13,4,0,1655,0.05,Confirmed,PayPal
BK-2026-01600,2026-05-06,2026-06-12,C00211,PK03,AG01,2,0,620,0.05,COMPLETED,Card
BK-2026-01601,2026-05-06,2026-06-15,C00227,PK05,AG00,2,0,895,0.0,Completed,Bank Transfer
BK-2026-01602,2026-05-06,2026-10-18,C00834,PK15,AG00,2,2,5160,0.0,Confirmed,Card
BK-2026-01603,2026-05-06,2026-07-24,C00859,PK13,AG00,2,1,8200,0.0,Confirmed,PayPal
BK-2026-01604,2026-05-06,2026-09-11,C01476,PK17,AG00,2,2,12960,0.05,Confirmed,PayPal
BK-2026-01605,2026-05-06,2026-06-07,C01655,PK08,AG01,1,0,1355,0.05,Completed,Card
BK-2026-01606,2026-05-06,2026-07-18,C01682,PK13,AG02,1,0,8200,0.0,Confirmed,Card
BK-2026-01607,2026-05-06,2026-05-25,C01894,PK05,AG00,2,2,895,0.0,Completed,Card
BK-2026-01608,2026-05-06,2026-06-24,C02017,PK01,AG01,2,0,485,0.05,Completed,PayPal
BK-2026-01609,2026-05-06,2026-09-15,C02832,PK13,AG00,2,2,8200,0.0,Confirmed,Card
BK-2026-01610,2026-05-06,2026-09-07,C03415,PK14,AG00,2,3,5420,0.1,Confirmed,Bank Transfer
BK-2026-01611,2026-05-06,2026-07-05,C03996,PK07,AG03,1,0,3110,0.0,Cancelled,Bank Transfer
BK-2026-01612,2026-05-06,2026-09-02,C04066,PK13,AG09,7,0,8200,0.1,Confirmed,Card
BK-2026-01613,2026-05-06,2026-08-23,C04222,PK12,AG12,3,0,6350,0.15,Confirmed,Card
BK-2026-01614,2026-05-06,2026-09-23,C04313,PK12,AG08,2,1,6350,0.0,Confirmed,Card
BK-2026-01615,2026-05-06,2026-06-03,C04409,PK04,AG04,1,0,575,0.0,Completed,Card
BK-2026-01616,2026-05-06,2026-08-03,C04923,PK02,AG05,8,0,505,0.1,Confirmed,Bank Transfer
BK-2026-01617,2026-05-06,2026-05-31,C04932,PK03,AG03,1,0,620,0.0,Cancelled,Card
BK-2026-01618,2026-05-06,2026-11-18,C05358,PK18,AG07,1,0,5980,,Confirmed ,Card
BK-2026-01619,2026-05-06,2026-06-28,C05779,PK06,AG05,2,0,1440,0.15,Confirmed,Card
BK-2026-01620,2026-05-06,2026-06-08,C06014,PK06,AG07,9,0,1440,0.1,Completed,Bank Transfer
BK-2026-01621,2026-05-06,2026-06-21,C06158,PK06,AG00,2,0,1440,0.1,Cancelled,Card
BK-2026-01622,2026-05-06,2026-12-01,C06187,PK13,AG12,10,0,8200,0.0,Confirmed,Card
BK-2026-01623,2026-05-07,2026-06-13,C00703,PK16,AG00,2,1,5290,0.0,Completed,Bank Transfer
BK-2026-01624,2026-05-07,2026-08-31,C01112,PK07,AG00,2,1,3110,0.05,Confirmed,Card
BK-2026-01625,2026-05-07,2026-08-09,C01666,PK12,AG00,1,0,6350,0.15,Confirmed,PayPal
BK-2026-01626,2026-05-07,2026-08-20,C02453,PK17,AG01,1,0,12960,0.0,Confirmed,Card
BK-2026-01627,2026-05-07,2026-08-21,C02734,PK06,AG02,2,0,1655,0.0,Cancelled,PayPal
BK-2026-01628,2026-05-07,2026-08-14,C02903,PK13,AG02,2,3,8200,0.05,Confirmed,Card
BK-2026-01629,2026-05-07,2026-07-07,C03214,PK01,AG00,9,0,555,0.15,Confirmed,M-Pesa
BK-2026-01630,2026-05-07,2026-08-08,C03272,PK08,AG03,2,0,1560,,Confirmed,Card
BK-2026-01631,2026-05-07,2026-10-09,C03351,PK06,AG02,2,0,1655,0.05,Canceled,Card
BK-2026-01632,2026-05-07,2026-09-25,C03675,PK15,AG00,2,0,5160,0.05,Confirmed,Card
BK-2026-01633,2026-05-07,2026-08-21,C03790,PK11,AG05,2,0,5160,0.0,Confirmed,M-Pesa
BK-2026-01634,2026-05-07,2026-06-06,C03854,PK13,AG06,2,0,7130,0.0,Completed,PayPal
BK-2026-01635,2026-05-07,2026-07-28,C04225,PK12,AG01,2,0,6350,0.15,Confirmed,PayPal
BK-2026-01636,2026-05-07,2026-06-01,C04295,PK06,AG05,2,3,1440,0.15,Completed,Bank Transfer
BK-2026-01637,2026-05-07,2026-08-10,C05621,PK15,AG00,2,0,5160,0.15,Confirmed,Card
BK-2026-01638,2026-05-07,2026-06-29,C05645,PK14,AG13,10,0,4715,0.05,Confirmed,Bank Transfer
BK-2026-01639,2026-05-07,2026-08-30,C05770,PK01,AG06,2,1,555,0.0,Cancelled,Card
BK-2026-01640,2026-05-07,2026-08-10,C05815,PK18,AG08,2,0,6875,0.0,Confirmed,Card
BK-2026-01641,2026-05-07,2026-09-13,C06066,PK06,AG00,2,1,1655,0.0,Confirmed,Card
BK-2026-01642,2026-05-08,2026-05-16,C00461,PK01,AG13,3,0,485,0.1,Canceled,Card
BK-2026-01643,2026-05-08,2026-06-27,C00935,PK13,AG00,2,0,7130,0.05,Confirmed,Card
BK-2026-01644,2026-05-08,2026-06-11,C02115,PK01,AG02,2,2,485,0.0,Completed ,PayPal
BK-2026-01645,2026-05-08,2026-07-19,C02387,PK17,AG01,2,2,12960,,Confirmed,Card
BK-2026-01646,2026-05-08,2026-08-29,C02658,PK16,AG00,1,0,6085,0.0,Confirmed,Bank Transfer
BK-2026-01647,2026-05-08,2026-05-29,C03861,PK01,AG00,9,0,485,0.1,Completed,Card
BK-2026-01648,2026-05-08,2026-06-12,C03952,PK03,AG02,2,1,620,0.1,Completed,M-Pesa
BK-2026-01649,2026-05-08,2026-05-21,C04199,PK06,AG00,2,1,1440,0.05,Completed,Card
BK-2026-01650,2026-05-08,2026-08-18,C04223,PK12,AG11,9,0,6350,0.1,Confirmed,M-Pesa
BK-2026-01651,2026-05-08,2026-06-22,C04243,PK01,AG02,2,2,485,0.0,Cancelled,M-Pesa
BK-2026-01652,2026-05-08,2026-09-14,C04321,PK15,AG02,1,0,5160,0.0,Confirmed,Bank Transfer
BK-2026-01653,2026-05-08,2026-06-24,C04451,PK06,AG07,2,1,1440,0.0,Completed,Card
BK-2026-01654,2026-05-08,2026-09-17,C04535,PK07,AG01,8,0,3110,0.1,CONFIRMED,Card
BK-2026-01655,2026-05-08,2026-08-25,C04578,PK12,AG03,7,0,6350,0.05,Confirmed,Card
BK-2026-01656,2026-05-08,2026-12-09,C04616,PK09,AG00,2,2,3440,0.0,Confirmed,Card
BK-2026-01657,2026-05-08,2026-06-04,C05252,PK01,AG09,2,3,485,0.0,Completed,Card
BK-2026-01658,2026-05-08,2026-07-15,C05518,PK04,AG05,4,0,660,0.1,Confirmed,Card
BK-2026-01659,2026-05-08,2026-07-09,C05591,PK18,AG12,6,0,6875,0.1,Confirmed,Card
BK-2026-01660,2026-05-08,2026-12-28,C05675,PK13,AG00,1,0,8200,0.05,Confirmed,Bank Transfer
BK-2026-01661,2026-05-08,2026-06-11,C06198,PK06,AG00,1,0,1440,0.05,Completed ,Bank Transfer
BK-2026-01662,2026-05-08,2026-06-06,C06258,PK06,AG04,2,3,1440,0.05,Completed ,M-Pesa
BK-2026-01663,2026-05-09,2026-06-12,C00649,PK03,AG06,2,0,620,0.0,Completed,Card
BK-2026-01664,2026-05-09,2026-06-21,C00966,PK01,AG10,2,0,485,0.0,Completed,Bank Transfer
BK-2026-01665,2026-05-09,2026-07-11,C01310,PK18,AG02,1,0,6875,0.1,Canceled,Bank Transfer
BK-2026-01666,2026-05-09,2026-07-15,C02380,PK07,AG01,1,0,3110,0.0,Confirmed,Card
BK-2026-01667,2026-05-09,2026-08-08,C02698,PK05,AG08,2,0,1030,0.1,Confirmed,Bank Transfer
BK-2026-01668,2026-05-09,2026-07-05,C03515,PK13,AG04,2,0,8200,0.1,Cancelled,Bank Transfer
BK-2026-01669,2026-05-09,2026-11-26,C03697,PK15,AG00,2,3,4485,0.0,Confirmed,M-Pesa
BK-2026-01670,2026-05-09,2026-06-26,C03719,PK18,AG13,3,0,5980,0.0,Confirmed,M-Pesa
BK-2026-01671,2026-05-09,2026-09-23,C03788,PK12,AG01,8,0,6350,0.1,Confirmed,M-Pesa
BK-2026-01672,2026-05-09,2026-08-21,C03940,PK16,AG00,2,1,6085,0.0,Confirmed,Card
BK-2026-01673,2026-05-09,2026-06-20,C04172,PK10,AG00,9,0,1025,0.1,Completed,M-Pesa
BK-2026-01674,2026-05-09,2026-06-18,C04276,PK01,AG09,1,0,485,0.0,Completed,Card
BK-2026-01675,2026-05-09,2026-06-17,C04279,PK07,AG01,4,0,2700,0.0,Completed,M-Pesa
BK-2026-01676,2026-05-09,2026-07-04,C06060,PK10,AG00,4,0,1175,0.05,Confirmed,Bank Transfer
BK-2026-01677,2026-05-09,2026-08-29,C06127,PK15,AG02,1,0,5160,0.0,Confirmed,Bank Transfer
BK-2026-01678,2026-05-09,2026-06-10,C06208,PK03,AG00,2,3,620,0.0,Canceled,M-Pesa
BK-2026-01679,2026-05-10,2026-11-09,C00411,PK18,AG13,9,0,5980,0.1,Confirmed,Card
BK-2026-01680,2026-05-10,2026-08-20,C00830,PK12,AG00,1,0,6350,0.05,Confirmed,PayPal
BK-2026-01681,2026-05-10,2026-07-11,C01326,PK15,AG04,6,0,5160,0.1,Confirmed,PayPal
BK-2026-01682,2026-05-10,2026-07-07,C01912,PK16,AG03,2,2,6085,0.0,Confirmed,PayPal
BK-2026-01683,2026-05-10,2026-08-31,C01919,PK16,AG00,2,0,6085,0.0,Confirmed,Card
BK-2026-01684,2026-05-10,2026-07-12,C02667,PK12,AG01,1,0,6350,0.0,Confirmed,Card
BK-2026-01685,2026-05-10,2026-11-30,C02769,PK14,AG04,2,1,4715,0.1,Confirmed,Bank Transfer
BK-2026-01686,2026-05-10,2026-09-18,C03121,PK13,AG00,2,0,8200,0.0,Confirmed,Card
BK-2026-01687,2026-05-10,2026-06-08,C03306,PK01,AG00,9,0,485,0.0,Cancelled,PayPal
BK-2026-01688,2026-05-10,2026-08-20,C03557,PK13,AG03,2,2,8200,0.0,Confirmed,Card
BK-2026-01689,2026-05-10,2026-08-16,C05322,PK09,AG00,2,2,3440,0.0,Confirmed,M-Pesa
BK-2026-01690,2026-05-10,2026-06-08,C05390,PK11,AG03,2,1,4485,0.0,Completed,Card
BK-2026-01691,2026-05-10,2026-07-24,C05783,PK16,AG00,2,1,6085,0.0,Confirmed,Bank Transfer
BK-2026-01692,2026-05-10,2026-09-15,C05796,PK09,AG03,2,0,3440,0.05,Confirmed,Card
BK-2026-01693,2026-05-11,2026-09-22,C00009,PK12,AG05,2,2,6350,0.05,Confirmed,Card
BK-2026-01694,2026-05-11,2026-07-21,C01044,PK08,AG03,6,0,1560,0.0,Confirmed,Bank Transfer
BK-2026-01695,2026-05-11,2026-11-13,C01184,PK12,AG04,6,0,5520,0.1,Canceled,M-Pesa
BK-2026-01696,2026-05-11,2026-07-11,C01502,PK11,AG11,5,0,5160,0.05,Confirmed,M-Pesa
BK-2026-01697,2026-05-11,2026-07-31,C01553,PK04,AG00,2,3,660,0.0,Confirmed,Bank Transfer
BK-2026-01698,2026-05-11,2026-06-22,C01555,PK05,AG03,9,0,895,0.0,Completed,PayPal
BK-2026-01699,2026-05-11,2026-07-18,C01934,PK16,AG01,5,0,6085,0.05,Confirmed,Bank Transfer
BK-2026-01700,2026-05-11,2026-08-30,C02117,PK18,AG09,6,0,6875,0.0,Confirmed,M-Pesa
BK-2026-01701,2026-05-11,2026-10-14,C02672,PK18,AG00,1,0,6875,0.0,CANCELLED,Card
BK-2026-01702,2026-05-11,2026-06-12,C02771,PK03,AG04,11,0,620,0.1,Completed,PayPal
BK-2026-01703,2026-05-11,2026-07-06,C03200,PK16,AG00,2,3,6085,0.1,Confirmed,Bank Transfer
BK-2026-01704,2026-05-11,2026-07-27,C03285,PK12,AG02,2,3,6350,0.05,Confirmed,M-Pesa
BK-2026-01705,2026-05-11,2026-07-11,C03301,PK04,AG00,1,0,660,0.0,Cancelled,M-Pesa
BK-2026-01706,2026-05-11,2026-08-02,C03342,PK11,AG09,2,3,5160,0.0,Confirmed,PayPal
BK-2026-01707,2026-05-11,2026-10-05,C04110,PK13,AG00,2,0,8200,0.0,CONFIRMED,Bank Transfer
BK-2026-01708,2026-05-11,2026-08-25,C04317,PK15,AG13,3,0,5160,,Confirmed,PayPal
BK-2026-01709,2026-05-11,2026-07-26,C04466,PK05,AG03,4,0,1030,0.15,Confirmed,Bank Transfer
BK-2026-01710,2026-05-11,2026-09-09,C04794,PK16,AG00,2,0,6085,0.05,Confirmed,Card
BK-2026-01711,2026-05-11,2026-07-22,C04867,PK03,AG07,1,0,715,0.1,Confirmed,Card
BK-2026-01712,2026-05-11,2026-06-10,C04955,PK03,AG04,2,1,620,0.0,Completed,M-Pesa
BK-2026-01713,2026-05-11,2026-07-03,C05700,PK13,AG01,1,0,8200,0.0,Confirmed,PayPal
BK-2026-01714,2026-05-11,2026-07-25,C05751,PK03,AG01,2,2,715,0.05,Confirmed,Card
BK-2026-01715,2026-05-11,2026-07-15,C06353,PK12,AG00,2,0,6350,0.05,Confirmed,M-Pesa
BK-2026-01716,2026-05-12,2026-08-17,C00176,PK03,AG00,2,0,715,0.0,Confirmed,M-Pesa
BK-2026-01717,2026-05-12,2026-08-28,C00192,PK18,AG00,1,0,6875,0.0,Confirmed,Card
BK-2026-01718,2026-05-12,2026-07-03,C00268,PK08,AG05,2,1,1560,0.0,Confirmed,M-Pesa
BK-2026-01719,2026-05-12,2026-09-12,C00271,PK17,AG09,2,0,12960,0.15,Confirmed,Card
BK-2026-01720,2026-05-12,2026-06-04,C00605,PK02,AG02,1,0,435,0.0,Completed,PayPal
BK-2026-01721,2026-05-12,2026-07-11,C00612,PK03,AG06,2,0,715,0.0,Confirmed,Bank Transfer
BK-2026-01722,2026-05-12,2026-06-26,C00686,PK04,AG04,2,0,575,0.05,Completed,PayPal
BK-2026-01723,2026-05-12,2026-08-06,C01238,PK03,AG05,5,0,715,0.05,Confirmed,M-Pesa
BK-2026-01724,2026-05-12,2026-12-06,C01979,PK16,AG07,2,0,6085,0.0,Confirmed,Card
BK-2026-01725,2026-05-12,2026-07-25,C02020,PK12,AG08,5,0,6350,,CONFIRMED,Bank Transfer
BK-2026-01726,2026-05-12,2026-10-02,C02495,PK15,AG04,2,0,5160,0.05,Confirmed,Card
BK-2026-01727,2026-05-12,2026-08-19,C02503,PK13,AG00,2,2,8200,0.0,Confirmed ,Card
BK-2026-01728,2026-05-12,2026-07-15,C02647,PK18,AG11,2,3,6875,0.0,Confirmed,M-Pesa
BK-2026-01729,2026-05-12,2026-12-16,C02754,PK16,AG00,9,0,6085,0.05,Confirmed,Card
BK-2026-01730,2026-05-12,2026-07-17,C02913,PK01,AG00,2,3,555,0.0,Confirmed,Card
BK-2026-01731,2026-05-12,2026-12-06,C03674,PK16,AG00,1,0,6085,0.0,Confirmed,Card
BK-2026-01732,2026-05-12,2026-08-21,C03918,PK15,AG00,2,2,5160,0.1,Confirmed,M-Pesa
BK-2026-01733,2026-05-12,2026-06-22,C04361,PK06,AG00,3,0,1440,0.1,Completed,Bank Transfer
BK-2026-01734,2026-05-12,2026-09-01,C04553,PK06,AG00,1,0,1655,0.15,Confirmed,Bank Transfer
BK-2026-01735,2026-05-12,2026-07-21,C05294,PK06,AG04,6,0,1655,0.0,Confirmed,Bank Transfer
BK-2026-01736,2026-05-12,2026-06-17,C05414,PK14,AG01,2,3,4715,0.0,Completed,Card
BK-2026-01737,2026-05-12,2026-08-23,C06099,PK18,AG03,1,0,6875,0.1,Confirmed,Bank Transfer
BK-2026-01738,2026-05-12,2026-07-06,C06118,PK06,AG02,2,1,1655,0.0,Confirmed,Card
BK-2026-01739,2026-05-13,2026-07-01,C00088,PK18,AG13,11,0,6875,0.0,Confirmed,Card
BK-2026-01740,2026-05-13,2026-09-12,C00098,PK16,AG05,5,0,6085,0.05,Confirmed,M-Pesa
BK-2026-01741,2026-05-13,2026-06-25,C00993,PK07,AG00,2,0,2700,0.05,Confirmed,Bank Transfer
BK-2026-01742,2026-05-13,2026-08-01,C01452,PK18,AG06,2,0,6875,0.0,Confirmed,Bank Transfer
BK-2026-01743,2026-05-13,2026-09-25,C02340,PK06,AG09,2,0,1655,0.0,Confirmed,Card
BK-2026-01744,2026-05-13,2026-08-07,C02704,PK15,AG00,2,2,5160,0.0,Confirmed,Card
BK-2026-01745,2026-05-13,2026-09-04,C03079,PK12,AG00,2,0,6350,0.05,Confirmed,Card
BK-2026-01746,2026-05-13,2026-06-16,C03106,PK05,AG04,1,0,895,,Completed,PayPal
BK-2026-01747,2026-05-13,2026-09-05,C03358,PK12,AG01,2,0,6350,0.05,Confirmed,Bank Transfer
BK-2026-01748,2026-05-13,2026-07-24,C03666,PK03,AG05,2,0,715,0.0,Confirmed,M-Pesa
BK-2026-01749,2026-05-13,2026-08-10,C03932,PK07,AG04,2,2,3110,,Confirmed,Card
BK-2026-01750,2026-05-13,2026-08-09,C04985,PK13,AG00,2,0,8200,0.0,Confirmed,Card
BK-2026-01751,2026-05-13,2026-07-25,C05842,PK08,AG00,11,0,1560,0.15,Confirmed,Bank Transfer
BK-2026-01752,2026-05-13,2026-08-22,C06080,PK09,AG02,6,0,3440,0.05,Confirmed,Bank Transfer
BK-2026-01753,2026-05-13,2026-06-16,C06247,PK05,AG02,12,0,895,0.1,Completed,Card
BK-2026-01754,2026-05-13,2026-07-12,C06318,PK04,AG07,6,0,660,0.0,Confirmed,PayPal
BK-2026-01755,2026-05-14,2026-08-09,C00629,PK06,AG00,1,0,1655,0.0,CONFIRMED,Card
BK-2026-01756,2026-05-14,2026-09-05,C01007,PK13,AG01,2,1,8200,0.05,Confirmed,Card
BK-2026-01757,2026-05-14,2026-07-23,C01575,PK10,AG00,2,0,1175,0.0,Confirmed,Bank Transfer
BK-2026-01758,2026-05-14,2026-06-03,C01593,PK02,AG00,2,1,435,0.0,Completed,Bank Transfer
BK-2026-01759,2026-05-14,2026-10-25,C01984,PK12,AG00,2,0,6350,0.0,Confirmed,Bank Transfer
BK-2026-01760,2026-05-14,2026-06-17,C02089,PK06,AG00,2,0,1440,0.0,Completed,Card
BK-2026-01761,2026-05-14,2026-08-21,C02189,PK09,AG02,1,0,3440,0.0,Confirmed,Card
BK-2026-01762,2026-05-14,2026-06-10,C02864,PK06,AG11,2,0,1440,0.0,Completed,Card
BK-2026-01763,2026-05-14,2026-07-30,C02916,PK07,AG00,2,1,3110,0.1,Confirmed,Bank Transfer
BK-2026-01764,2026-05-14,2026-05-28,C03159,PK16,AG02,2,2,5290,0.1,Completed,M-Pesa
BK-2026-01765,2026-05-14,2026-08-15,C03218,PK13,AG02,4,0,8200,0.0,Confirmed,Card
BK-2026-01766,2026-05-14,2026-07-05,C03949,PK17,AG03,2,0,12960,0.0,Confirmed,Bank Transfer
BK-2026-01767,2026-05-14,2026-08-04,C04566,PK17,AG00,2,0,12960,0.05,Confirmed,Bank Transfer
BK-2026-01768,2026-05-14,2026-10-01,C04676,PK13,AG00,1,0,8200,0.15,Canceled,PayPal
BK-2026-01769,2026-05-14,2026-08-17,C04839,PK12,AG13,6,0,6350,0.1,Confirmed,Bank Transfer
BK-2026-01770,2026-05-14,2026-07-19,C05529,PK09,AG00,2,3,3440,0.0,Confirmed,Bank Transfer
BK-2026-01771,2026-05-14,2026-05-27,C05873,PK03,AG04,2,0,620,0.0,Cancelled,Card
BK-2026-01772,2026-05-14,2026-06-23,C06013,PK06,AG02,1,0,1440,0.1,Completed,Card
BK-2026-01773,2026-05-14,2026-07-12,C06342,PK17,AG01,2,1,12960,0.0,Confirmed,Bank Transfer
BK-2026-01774,2026-05-15,2026-08-16,C00559,PK06,AG00,2,1,1655,0.15,confirmed,Card
BK-2026-01775,2026-05-15,2026-07-19,C01073,PK07,AG00,5,0,3110,0.05,Confirmed,Card
BK-2026-01776,2026-05-15,2026-10-07,C01343,PK06,AG00,2,1,1655,0.0,Confirmed,M-Pesa
BK-2026-01777,2026-05-15,2026-06-08,C01678,PK13,AG12,3,0,7130,0.0,Completed,Card
BK-2026-01778,2026-05-15,2026-08-02,C02427,PK11,AG04,2,1,5160,0.0,Confirmed,Card
BK-2026-01779,2026-05-15,2026-05-30,C03054,PK11,AG00,2,0,4485,,Cancelled,Bank Transfer
BK-2026-01780,2026-05-15,2026-08-19,C03507,PK12,AG12,4,0,6350,0.0,Confirmed,Card
BK-2026-01781,2026-05-15,2026-06-27,C03567,PK06,AG06,2,1,1440,0.05,Confirmed,M-Pesa
BK-2026-01782,2026-05-15,2026-07-27,C04520,PK06,AG11,1,0,1655,0.0,Confirmed,Card
BK-2026-01783,2026-05-15,2026-07-05,C04723,PK03,AG12,5,0,715,0.1,Confirmed,Card
BK-2026-01784,2026-05-15,2026-11-02,C05266,PK10,AG00,2,0,1025,0.0,Cancelled,Bank Transfer
BK-2026-01785,2026-05-15,2026-09-25,C05682,PK15,AG04,2,1,5160,,Confirmed,PayPal
BK-2026-01786,2026-05-15,2026-06-11,C05698,PK16,AG03,8,0,5290,0.0,Completed,M-Pesa
BK-2026-01787,2026-05-15,2026-11-22,C05981,PK18,AG05,2,1,5980,0.0,Confirmed,Bank Transfer
BK-2026-01788,2026-05-16,2026-06-16,C01061,PK16,AG00,9,0,5290,0.05,Completed,Card
BK-2026-01789,2026-05-16,2026-08-27,C02293,PK09,AG04,2,1,3440,0.0,Confirmed,PayPal
BK-2026-01790,2026-05-16,2026-10-25,C02347,PK06,AG10,2,0,1655,0.0,Cancelled,Card
BK-2026-01791,2026-05-16,2026-07-19,C02543,PK16,AG09,2,2,6085,0.15,Confirmed,Card
BK-2026-01792,2026-05-16,2026-09-16,C02548,PK12,AG04,2,0,6350,0.0,Confirmed,Card
BK-2026-01793,2026-05-16,2026-07-17,C02619,PK13,AG04,1,0,8200,0.05,Confirmed,Card
BK-2026-01794,2026-05-16,2026-08-14,C03372,PK13,AG11,2,3,8200,0.0,Confirmed,Bank Transfer
BK-2026-01795,2026-05-16,2026-11-05,C03383,PK15,AG00,2,0,4485,0.0,Confirmed,Bank Transfer
BK-2026-01796,2026-05-16,2026-09-09,C03689,PK12,AG00,6,0,6350,0.1,Confirmed,Bank Transfer
BK-2026-01797,2026-05-16,2026-07-26,C03854,PK01,AG01,2,0,555,0.05,Confirmed,PayPal
BK-2026-01798,2026-05-16,2026-07-07,C04469,PK01,AG04,2,0,555,0.0,Confirmed,Bank Transfer
BK-2026-01799,2026-05-16,2026-07-09,C04837,PK13,AG10,2,0,8200,0.0,Confirmed,Card
BK-2026-01800,2026-05-16,2026-05-24,C04844,PK02,AG00,2,2,435,0.0,Completed,Card
BK-2026-01801,2026-05-16,2026-07-25,C06003,PK06,AG04,2,0,1655,0.1,Confirmed,PayPal
BK-2026-01802,2026-05-16,2026-08-20,C06294,PK12,AG04,2,2,6350,0.05,Confirmed,Bank Transfer
BK-2026-01803,2026-05-17,2026-06-24,C00041,PK02,AG00,8,0,435,0.0,Completed,Card
BK-2026-01804,2026-05-17,2026-06-09,C00076,PK03,AG00,2,3,620,0.0,Completed,PayPal
BK-2026-01805,2026-05-17,2026-07-05,C01388,PK16,AG00,1,0,6085,0.0,Confirmed,M-Pesa
BK-2026-01806,2026-05-17,2026-07-12,C01398,PK02,AG03,2,2,505,0.0,Confirmed,M-Pesa
BK-2026-01807,2026-05-17,2026-08-01,C01805,PK06,AG00,2,3,1655,0.0,Confirmed,Bank Transfer
BK-2026-01808,2026-05-17,2026-12-02,C03225,PK07,AG10,9,0,3110,0.1,Confirmed,PayPal
BK-2026-01809,2026-05-17,2026-09-04,C03517,PK09,AG02,1,0,3440,0.0,Confirmed,Bank Transfer
BK-2026-01810,2026-05-17,2026-10-03,C04552,PK18,AG02,1,0,6875,0.05,Confirmed,Bank Transfer
BK-2026-01811,2026-05-17,2026-07-01,C04563,PK04,AG06,2,1,660,0.0,Confirmed,PayPal
BK-2026-01812,2026-05-17,2026-12-23,C05296,PK13,AG00,2,0,8200,0.0,Confirmed,Bank Transfer
BK-2026-01813,2026-05-17,2026-07-11,C05372,PK13,AG00,2,1,8200,0.0,Confirmed,M-Pesa
BK-2026-01814,2026-05-17,2026-07-25,C05470,PK03,AG00,2,3,715,0.05,Confirmed ,M-Pesa
BK-2026-01815,2026-05-17,2026-05-21,C05698,PK01,AG00,6,0,485,0.05,Completed,Card
BK-2026-01816,2026-05-17,2026-10-07,C05703,PK09,AG00,2,0,3440,0.0,Confirmed,Bank Transfer
BK-2026-01817,2026-05-18,2026-07-19,C00075,PK09,AG03,8,0,3440,0.05,Confirmed,Card
BK-2026-01818,2026-05-18,2026-06-24,C00223,PK05,AG08,2,0,895,0.0,Completed,Card
BK-2026-01819,2026-05-18,2026-07-12,C00315,PK11,AG00,1,0,5160,0.0,Confirmed,Card
BK-2026-01820,2026-05-18,2026-07-20,C01002,PK06,AG04,2,0,1655,0.0,Confirmed,Card
BK-2026-01821,2026-05-18,2026-08-30,C01254,PK15,AG11,2,0,5160,0.1,Confirmed,PayPal
BK-2026-01822,2026-05-18,2026-08-23,C01608,PK12,AG04,10,0,6350,0.1,Confirmed,Card
BK-2026-01823,2026-05-18,2026-07-19,C02617,PK10,AG10,1,0,1175,0.05,Confirmed,Card
BK-2026-01824,2026-05-18,2026-08-05,C03764,PK11,AG04,2,0,5160,0.0,Confirmed,Card
BK-2026-01825,2026-05-18,2026-10-17,C03845,PK10,AG01,2,1,1175,,Confirmed,Bank Transfer
BK-2026-01826,2026-05-18,2026-08-02,C04727,PK16,AG00,2,0,6085,0.0,Confirmed,Card
BK-2026-01827,2026-05-18,2026-07-07,C04823,PK12,AG03,2,0,6350,0.0,Confirmed,M-Pesa
BK-2026-01828,2026-05-18,2026-10-12,C05347,PK15,AG00,2,0,5160,0.05,Confirmed,Card
BK-2026-01829,2026-05-18,2026-06-05,C05500,PK05,AG05,2,0,895,0.0,Completed,Card
BK-2026-01830,2026-05-18,2026-07-27,C05957,PK02,AG00,1,0,505,0.05,Confirmed,Card
BK-2026-01831,2026-05-19,2026-08-07,C00154,PK03,AG10,2,2,715,0.15,Confirmed,Card
BK-2026-01832,2026-05-19,2026-07-28,C00621,PK17,AG00,2,0,12960,0.1,confirmed,Card
BK-2026-01833,2026-05-19,2026-09-09,C01148,PK12,AG00,2,0,6350,0.0,Confirmed,Card
BK-2026-01834,2026-05-19,2026-06-12,C01610,PK10,AG01,2,2,1025,0.0,Completed,Card
BK-2026-01835,2026-05-19,2026-12-16,C02001,PK14,AG01,3,0,5420,0.1,Confirmed,Card
BK-2026-01836,2026-05-19,2026-08-25,C02229,PK15,AG11,8,0,5160,0.15,Confirmed,Card
BK-2026-01837,2026-05-19,2026-10-19,C03300,PK16,AG00,1,0,6085,,Confirmed,Bank Transfer
BK-2026-01838,2026-05-19,2026-07-02,C04104,PK18,AG00,7,0,6875,0.0,Confirmed,Bank Transfer
BK-2026-01839,2026-05-19,2026-06-30,C04691,PK07,AG04,2,0,2700,0.05,Confirmed,Card
BK-2026-01840,2026-05-19,2026-10-25,C05461,PK18,AG05,2,0,6875,0.05,Cancelled,Card
BK-2026-01841,2026-05-19,2026-05-27,C05482,PK05,AG04,8,0,895,0.1,Completed,Bank Transfer
BK-2026-01842,2026-05-19,2026-09-07,C05580,PK06,AG04,9,0,1655,0.1,Confirmed,Card
BK-2026-01843,2026-05-19,2026-07-31,C05842,PK16,AG11,3,0,6085,0.1,Canceled,PayPal
BK-2026-01844,2026-05-19,2026-06-25,C05948,PK15,AG04,2,0,4485,0.0,Completed,Card
BK-2026-01845,2026-05-20,2026-08-06,C00039,PK07,AG00,2,0,3110,0.0,Confirmed,PayPal
BK-2026-01846,2026-05-20,2026-07-19,C00067,PK07,AG02,1,0,3110,0.15,Confirmed,Card
BK-2026-01847,2026-05-20,2026-06-12,C00529,PK16,AG00,8,0,5290,0.05,Completed,M-Pesa
BK-2026-01848,2026-05-20,2026-06-28,C01076,PK18,AG11,1,0,5980,0.0,Confirmed,Bank Transfer
BK-2026-01849,2026-05-20,2026-07-10,C01130,PK17,AG00,1,0,12960,0.0,Confirmed,PayPal
BK-2026-01850,2026-05-20,2026-06-09,C01168,PK01,AG04,2,1,485,0.0,Completed,PayPal
BK-2026-01851,2026-05-20,2026-08-24,C01325,PK10,AG01,2,0,1175,0.0,Cancelled,Card
BK-2026-01852,2026-05-20,2026-08-01,C01699,PK18,AG00,1,0,6875,0.0,Confirmed,PayPal
BK-2026-01853,2026-05-20,2026-08-22,C01958,PK14,AG02,2,0,5420,0.0,Confirmed,Card
BK-2026-01854,2026-05-20,2026-07-22,C02179,PK16,AG00,2,1,6085,0.0,Confirmed,Card
BK-2026-01855,2026-05-20,2026-07-11,C02581,PK02,AG02,8,0,505,0.1,Cancelled,Bank Transfer
BK-2026-01856,2026-05-20,2026-07-10,C02735,PK14,AG01,7,0,5420,0.1,Confirmed,M-Pesa
BK-2026-01857,2026-05-20,2026-10-14,C03330,PK13,AG01,1,0,8200,0.05,Confirmed,Card
BK-2026-01858,2026-05-20,2026-09-09,C03355,PK18,AG00,2,3,6875,0.0,confirmed,Card
BK-2026-01859,2026-05-20,2026-06-18,C03996,PK18,AG07,1,0,5980,0.0,Completed,Card
BK-2026-01860,2026-05-20,2026-09-04,C04220,PK18,AG09,4,0,6875,0.1,Confirmed,Bank Transfer
BK-2026-01861,2026-05-20,2026-06-16,C05145,PK06,AG03,8,0,1440,0.1,Cancelled,Card
BK-2026-01862,2026-05-20,2026-09-26,C05366,PK13,AG02,4,0,8200,0.1,Confirmed,Bank Transfer
BK-2026-01863,2026-05-20,2026-10-08,C05733,PK14,AG11,2,0,5420,0.05,Confirmed,Card
BK-2026-01864,2026-05-20,2026-07-10,C06380,PK03,AG01,2,0,715,0.0,Cancelled,Card
BK-2026-01865,2026-05-20,2026-07-28,C06395,PK06,AG00,2,0,1655,0.0,Confirmed,Card
BK-2026-01866,2026-05-21,2026-07-17,C00276,PK07,AG02,2,0,3110,0.1,Confirmed,Card
BK-2026-01867,2026-05-21,2026-07-12,C00635,PK10,AG04,2,0,1175,0.0,Confirmed,Bank Transfer
BK-2026-01868,2026-05-21,2026-09-11,C00908,PK16,AG09,2,0,6085,0.0,Confirmed,Card
BK-2026-01869,2026-05-21,2026-07-23,C00948,PK01,AG00,2,0,555,0.05,Confirmed,PayPal
BK-2026-01870,2026-05-21,2026-08-20,C01664,PK14,AG00,2,0,5420,0.0,Confirmed,Card
BK-2026-01871,2026-05-21,2026-06-25,C01966,PK06,AG00,2,2,1440,0.0,Completed,Card
BK-2026-01872,2026-05-21,2026-06-13,C01981,PK07,AG12,11,0,2700,0.1,Cancelled,Card
BK-2026-01873,2026-05-21,2026-08-07,C01999,PK06,AG00,2,2,1655,0.05,Confirmed,Bank Transfer
BK-2026-01874,2026-05-21,2026-07-08,C02105,PK03,AG11,2,2,715,0.05,Confirmed,Bank Transfer
BK-2026-01875,2026-05-21,2026-09-16,C02287,PK15,AG05,2,0,5160,0.05,Confirmed,Card
BK-2026-01876,2026-05-21,2026-07-03,C03047,PK06,AG04,2,0,1655,0.0,Confirmed,M-Pesa
BK-2026-01877,2026-05-21,2026-06-01,C03273,PK01,AG00,2,0,485,0.0,Completed,PayPal
BK-2026-01878,2026-05-21,2026-11-26,C04011,PK13,AG00,2,2,7130,0.05,Confirmed,M-Pesa
BK-2026-01879,2026-05-21,2026-06-16,C04139,PK06,AG03,9,0,1440,0.15,Completed,PayPal
BK-2026-01880,2026-05-21,2026-09-13,C04203,PK16,AG00,2,0,6085,0.0,Confirmed,M-Pesa
BK-2026-01881,2026-05-21,2026-08-28,C04412,PK09,AG01,2,2,3440,0.1,Confirmed,Card
BK-2026-01882,2026-05-21,2026-08-24,C05128,PK09,AG02,2,0,3440,0.15,confirmed,Bank Transfer
BK-2026-01883,2026-05-21,2026-09-11,C05435,PK10,AG05,1,0,1175,0.0,Confirmed,Bank Transfer
BK-2026-01884,2026-05-21,2026-09-01,C05484,PK18,AG00,2,0,6875,0.0,Confirmed,Card
BK-2026-01885,2026-05-21,2026-10-14,C05813,PK12,AG09,5,0,6350,,Confirmed,Bank Transfer
BK-2026-01886,2026-05-21,2026-09-23,C05831,PK02,AG01,2,0,505,0.0,Confirmed,Bank Transfer
BK-2026-01887,2026-05-21,2026-07-15,C06432,PK05,AG06,5,0,1030,0.1,Confirmed,Card
BK-2026-01888,2026-05-22,2026-09-08,C00597,PK12,AG00,2,3,6350,0.0,Confirmed,Card
BK-2026-01889,2026-05-22,2026-12-15,C01477,PK13,AG00,2,0,8200,0.0,Confirmed,PayPal
BK-2026-01890,2026-05-22,2026-12-03,C01486,PK12,AG04,2,1,6350,,Confirmed,M-Pesa
BK-2026-01891,2026-05-22,2026-07-12,C01567,PK09,AG00,6,0,3440,0.0,Confirmed,PayPal
BK-2026-01892,2026-05-22,2026-07-23,C02288,PK18,AG11,5,0,6875,0.05,Confirmed,Card
BK-2026-01893,2026-05-22,2026-07-18,C02566,PK05,AG00,2,1,1030,0.1,Confirmed,Bank Transfer
BK-2026-01894,2026-05-22,2026-07-10,C02829,PK14,AG01,2,3,5420,0.0,Cancelled,Card
BK-2026-01895,2026-05-22,2026-06-19,C03229,PK01,AG13,3,0,485,0.1,Completed,Bank Transfer
BK-2026-01896,2026-05-22,2026-08-14,C03307,PK16,AG00,2,3,6085,0.0,Confirmed,Bank Transfer
BK-2026-01897,2026-05-22,2026-07-08,C03404,PK15,AG00,1,0,5160,0.1,Confirmed,Card
BK-2026-01898,2026-05-22,2026-08-21,C03847,PK12,AG10,2,1,6350,0.0,Confirmed,Card
BK-2026-01899,2026-05-22,2026-08-06,C04367,PK08,AG04,5,0,1560,0.1,Confirmed,Card
BK-2026-01900,2026-05-22,2026-07-26,C05275,PK12,AG00,2,3,6350,0.15,Confirmed,Bank Transfer
BK-2026-01901,2026-05-22,2026-08-08,C05433,PK15,AG00,1,0,5160,0.0,Confirmed,Bank Transfer
BK-2026-01902,2026-05-22,2026-07-19,C05525,PK07,AG03,2,0,3110,0.15,Confirmed,PayPal
BK-2026-01903,2026-05-22,2026-12-24,C05833,PK18,AG01,9,0,6875,0.1,Confirmed,Bank Transfer
BK-2026-01904,2026-05-22,2026-06-16,C06466,PK07,AG03,4,0,2700,0.0,Completed,Card
BK-2026-01905,2026-05-23,2026-07-20,C00328,PK04,AG06,2,0,660,0.0,Confirmed,Card
BK-2026-01906,2026-05-23,2026-06-15,C01040,PK07,AG05,2,0,2700,0.0,Completed,PayPal
BK-2026-01907,2026-05-23,2026-08-20,C01221,PK09,AG00,2,0,3440,,Confirmed,Card
BK-2026-01908,2026-05-23,2026-08-30,C01230,PK06,AG00,2,2,1655,0.0,Confirmed,Card
BK-2026-01909,2026-05-23,2026-06-23,C01444,PK02,AG13,10,0,435,0.1,Completed,Bank Transfer
BK-2026-01910,2026-05-23,2026-08-03,C01875,PK03,AG07,2,1,715,0.0,Confirmed,Card
BK-2026-01911,2026-05-23,2026-07-29,C02039,PK10,AG07,2,0,1175,0.0,Confirmed,PayPal
BK-2026-01912,2026-05-23,2026-09-22,C02057,PK06,AG00,2,2,1655,0.0,Confirmed,M-Pesa
BK-2026-01913,2026-05-23,2026-09-29,C02135,PK13,AG01,2,0,8200,0.0,Confirmed,Card
BK-2026-01914,2026-05-23,2026-07-22,C02734,PK01,AG11,2,0,555,0.0,Confirmed,Card
BK-2026-01915,2026-05-23,2026-10-02,C02969,PK13,AG07,2,0,8200,0.0,Confirmed,Bank Transfer
BK-2026-01916,2026-05-23,2026-06-15,C02987,PK01,AG03,9,0,485,0.0,Canceled,Card
BK-2026-01917,2026-05-23,2026-07-17,C03940,PK11,AG00,2,3,5160,0.05,Confirmed,Card
BK-2026-01918,2026-05-23,2026-07-27,C04335,PK15,AG00,2,0,5160,0.0,Confirmed,Card
BK-2026-01919,2026-05-23,2026-07-15,C04674,PK08,AG00,1,0,1560,0.0,Confirmed,Card
BK-2026-01920,2026-05-23,2026-08-05,C05068,PK12,AG07,5,0,6350,0.0,Confirmed,Card
BK-2026-01921,2026-05-23,2026-09-03,C05592,PK13,AG00,2,0,8200,0.05,Confirmed,Card
BK-2026-01922,2026-05-23,2026-09-17,C06419,PK09,AG04,2,0,3440,0.0,Confirmed,Card
BK-2026-01923,2026-05-23,2026-07-30,C06494,PK01,AG02,2,0,555,0.0,Cancelled,Bank Transfer
BK-2026-01924,2026-05-24,2026-09-14,C00034,PK15,AG00,1,0,5160,0.0,Confirmed,Bank Transfer
BK-2026-01925,2026-05-24,2026-07-11,C00109,PK10,AG00,2,0,1175,0.05,Confirmed,Card
BK-2026-01926,2026-05-24,2026-07-30,C00252,PK13,AG01,2,0,8200,0.0,Canceled,Bank Transfer
BK-2026-01927,2026-05-24,2026-12-12,C00379,PK18,AG02,1,0,6875,0.0,Confirmed,Card
BK-2026-01928,2026-05-24,2026-09-17,C00724,PK15,AG04,2,2,5160,0.05,Confirmed,Card
BK-2026-01929,2026-05-24,2026-06-24,C01099,PK06,AG03,2,2,1440,0.15,Completed,Card
BK-2026-01930,2026-05-24,2026-12-10,C02986,PK16,AG03,2,1,6085,,Confirmed,PayPal
BK-2026-01931,2026-05-24,2026-08-13,C03584,PK05,AG03,2,0,1030,0.05,Confirmed,Bank Transfer
BK-2026-01932,2026-05-24,2026-06-29,C03747,PK01,AG01,1,0,485,0.05,Confirmed,Bank Transfer
BK-2026-01933,2026-05-24,2026-06-08,C04283,PK16,AG07,2,0,5290,0.1,Completed,Card
BK-2026-01934,2026-05-24,2026-09-10,C04479,PK13,AG00,2,0,8200,0.0,Confirmed,Card
BK-2026-01935,2026-05-24,2026-08-08,C04620,PK16,AG11,2,2,6085,0.0,Confirmed,Card
BK-2026-01936,2026-05-24,2026-06-03,C04790,PK02,AG06,1,0,435,0.0,Completed,Card
BK-2026-01937,2026-05-24,2026-06-10,C04857,PK01,AG08,7,0,485,0.05,Completed,Card
BK-2026-01938,2026-05-24,2026-07-22,C04931,PK17,AG04,2,1,12960,0.05,Confirmed ,Card
BK-2026-01939,2026-05-24,2026-07-01,C04953,PK08,AG01,2,2,1560,0.0,Confirmed,Card
BK-2026-01940,2026-05-24,2026-07-20,C04967,PK12,AG00,6,0,6350,0.1,Confirmed,M-Pesa
BK-2026-01941,2026-05-24,2026-08-20,C05037,PK10,AG03,3,0,1175,0.1,Confirmed,Bank Transfer
BK-2026-01942,2026-05-24,2026-08-28,C05078,PK09,AG03,7,0,3440,0.1,Confirmed,Bank Transfer
BK-2026-01943,2026-05-24,2026-12-22,C05238,PK18,AG00,2,0,6875,0.0,CONFIRMED,Card
BK-2026-01944,2026-05-24,2026-07-02,C05298,PK06,AG01,2,0,1655,0.05,Confirmed,Bank Transfer
BK-2026-01945,2026-05-24,2026-07-17,C05740,PK03,AG00,2,0,715,0.0,Confirmed,Bank Transfer
BK-2026-01946,2026-05-24,2026-08-02,C05982,PK06,AG00,5,0,1655,0.1,Confirmed,PayPal
BK-2026-01947,2026-05-25,2026-09-15,C00275,PK09,AG11,1,0,3440,0.1,Confirmed,M-Pesa
BK-2026-01948,2026-05-25,2026-06-06,C01532,PK08,AG02,1,0,1355,0.0,Canceled,Card
BK-2026-01949,2026-05-25,2026-06-09,C01682,PK09,AG00,1,0,2990,0.05,Cancelled,Card
BK-2026-01950,2026-05-25,2026-08-02,C02156,PK13,AG01,2,3,8200,0.05,Confirmed,Card
BK-2026-01951,2026-05-25,2026-08-03,C02284,PK13,AG02,1,0,8200,0.05,Cancelled,Card
BK-2026-01952,2026-05-25,2026-07-19,C03330,PK14,AG02,1,0,5420,0.0,Confirmed,Card
BK-2026-01953,2026-05-25,2026-07-10,C03620,PK15,AG11,2,2,5160,0.0,Confirmed,Bank Transfer
BK-2026-01954,2026-05-25,2026-10-06,C05061,PK09,AG00,2,0,3440,0.15,Confirmed,Bank Transfer
BK-2026-01955,2026-05-25,2026-08-30,C05267,PK18,AG00,2,0,6875,0.1,Confirmed,Bank Transfer
BK-2026-01956,2026-05-25,2026-07-08,C05463,PK03,AG00,2,0,715,0.15,Confirmed,PayPal
BK-2026-01957,2026-05-25,2026-09-22,C05624,PK13,AG04,6,0,8200,0.1,Confirmed,M-Pesa
BK-2026-01958,2026-05-26,2026-10-12,C00334,PK16,AG05,4,0,6085,0.05,Confirmed,Card
BK-2026-01959,2026-05-26,2026-07-17,C00397,PK06,AG09,2,0,1655,0.15,Confirmed,Card
BK-2026-01960,2026-05-26,2026-08-20,C00454,PK14,AG00,2,0,5420,0.05,Confirmed,Card
BK-2026-01961,2026-05-26,2026-08-06,C00490,PK01,AG06,2,0,555,0.0,Confirmed,Bank Transfer
BK-2026-01962,2026-05-26,2026-08-04,C01393,PK16,AG09,2,3,6085,0.0,Confirmed ,PayPal
BK-2026-01963,2026-05-26,2026-08-02,C01803,PK11,AG04,2,0,5160,0.05,Confirmed,PayPal
BK-2026-01964,2026-05-26,2026-07-15,C01832,PK05,AG04,2,0,1030,0.0,Confirmed,Card
BK-2026-01965,2026-05-26,2026-08-21,C01981,PK14,AG12,10,0,5420,0.1,Confirmed,Bank Transfer
BK-2026-01966,2026-05-26,2026-08-17,C02059,PK02,AG04,4,0,505,0.1,Cancelled,Card
BK-2026-01967,2026-05-26,2026-09-18,C02368,PK13,AG04,7,0,8200,0.1,Confirmed,Bank Transfer
BK-2026-01968,2026-05-26,2026-07-28,C02507,PK15,AG13,7,0,5160,0.0,Confirmed,PayPal
BK-2026-01969,2026-05-26,2026-07-01,C02832,PK01,AG05,2,3,555,0.0,Confirmed,Card
BK-2026-01970,2026-05-26,2026-08-12,C02985,PK07,AG00,9,0,3110,0.1,Confirmed ,Bank Transfer
BK-2026-01971,2026-05-26,2026-06-14,C03356,PK16,AG05,2,3,5290,0.0,Completed,PayPal
BK-2026-01972,2026-05-26,2026-07-02,C03586,PK01,AG00,2,0,555,0.05,Confirmed,Card
BK-2026-01973,2026-05-26,2026-06-03,C03768,PK02,AG02,2,0,435,0.1,Completed,Bank Transfer
BK-2026-01974,2026-05-26,2026-07-01,C05055,PK06,AG00,2,0,1655,0.05,Confirmed,PayPal
BK-2026-01975,2026-05-26,2026-07-02,C05174,PK06,AG04,2,0,1655,0.0,Confirmed,Bank Transfer
BK-2026-01976,2026-05-26,2026-08-07,C05587,PK12,AG07,6,0,6350,0.1,Confirmed,Bank Transfer
BK-2026-01977,2026-05-26,2026-07-27,C06159,PK13,AG11,1,0,8200,0.1,Confirmed,Bank Transfer
BK-2026-01978,2026-05-26,2026-07-01,C06191,PK08,AG03,2,0,1560,0.0,Confirmed,PayPal
BK-2026-01979,2026-05-26,2026-09-21,C06308,PK10,AG00,2,3,1175,0.15,Confirmed,Bank Transfer
BK-2026-01980,2026-05-26,2026-09-16,C06452,PK16,AG09,2,0,6085,0.0,Confirmed,Bank Transfer
BK-2026-01981,2026-05-27,2026-07-07,C00634,PK03,AG03,2,2,715,,Confirmed,Card
BK-2026-01982,2026-05-27,2026-07-22,C01074,PK18,AG04,2,0,6875,0.15,Confirmed,Card
BK-2026-01983,2026-05-27,2026-07-03,C01186,PK01,AG10,4,0,555,0.05,Confirmed,Card
BK-2026-01984,2026-05-27,2026-10-31,C02179,PK07,AG11,2,1,3110,,Confirmed,Bank Transfer
BK-2026-01985,2026-05-27,2026-08-05,C02689,PK08,AG00,2,3,1560,0.0,Confirmed,Card
BK-2026-01986,2026-05-27,2026-11-26,C02834,PK14,AG00,4,0,4715,0.1,Confirmed ,Bank Transfer
BK-2026-01987,2026-05-27,2026-06-25,C02981,PK01,AG06,5,0,485,0.05,Completed ,PayPal
BK-2026-01988,2026-05-27,2026-07-15,C03335,PK07,AG04,1,0,3110,0.0,Confirmed,Card
BK-2026-01989,2026-05-27,2026-07-20,C03493,PK07,AG06,2,1,3110,0.0,Confirmed,Card
BK-2026-01990,2026-05-27,2026-08-19,C04337,PK09,AG05,2,3,3440,0.05,Confirmed,Bank Transfer
BK-2026-01991,2026-05-27,2026-07-09,C05149,PK02,AG00,2,1,505,0.0,Confirmed,Card
BK-2026-01992,2026-05-27,2026-08-17,C05250,PK15,AG00,2,0,5160,0.0,Confirmed,Card
BK-2026-01993,2026-05-27,2026-06-07,C05496,PK01,AG09,2,1,485,0.0,Completed,Card
BK-2026-01994,2026-05-27,2026-07-21,C05681,PK06,AG04,2,3,1655,0.0,Confirmed,Card
BK-2026-01995,2026-05-27,2026-08-25,C06429,PK17,AG00,1,0,12960,0.1,Confirmed,Card
BK-2026-01996,2026-05-28,2026-07-09,C00246,PK09,AG04,2,1,3440,0.05,Confirmed,Card
BK-2026-01997,2026-05-28,2026-07-22,C00424,PK07,AG00,4,0,3110,0.1,Confirmed,PayPal
BK-2026-01998,2026-05-28,2026-07-23,C00433,PK07,AG00,7,0,3110,0.05,Confirmed,Bank Transfer
BK-2026-01999,2026-05-28,2026-07-25,C00891,PK12,AG02,1,0,6350,0.05,Confirmed ,Card
BK-2026-02000,2026-05-28,2026-10-15,C00901,PK13,AG07,1,0,8200,0.0,Confirmed,Bank Transfer
BK-2026-02001,2026-05-28,2026-12-08,C01764,PK16,AG02,2,1,6085,0.0,Confirmed,Card
BK-2026-02002,2026-05-28,2026-07-19,C02426,PK04,AG01,1,0,660,0.0,Confirmed,Card
BK-2026-02003,2026-05-28,2026-06-26,C02937,PK18,AG03,1,0,5980,0.1,Confirmed,Card
BK-2026-02004,2026-05-28,2026-08-07,C03416,PK06,AG00,1,0,1655,0.0,Confirmed,Card
BK-2026-02005,2026-05-28,2026-08-28,C03858,PK17,AG05,2,0,12960,0.0,Confirmed,Card
BK-2026-02006,2026-05-28,2026-09-08,C04050,PK10,AG07,10,0,1175,0.0,Confirmed,PayPal
BK-2026-02007,2026-05-28,2026-06-30,C04099,PK09,AG00,1,0,2990,,Confirmed,PayPal
BK-2026-02008,2026-05-28,2026-09-13,C04144,PK18,AG00,2,0,6875,0.15,Confirmed,PayPal
BK-2026-02009,2026-05-28,2026-06-01,C04287,PK03,AG02,2,0,620,0.0,Completed,Bank Transfer
BK-2026-02010,2026-05-28,2026-07-03,C04371,PK16,AG00,1,0,6085,0.0,confirmed,Bank Transfer
BK-2026-02011,2026-05-28,2026-06-28,C04379,PK08,AG02,2,3,1355,0.0,Confirmed,Bank Transfer
BK-2026-02012,2026-05-28,2026-06-11,C04432,PK04,AG06,2,0,575,0.0,completed,Bank Transfer
BK-2026-02013,2026-05-28,2026-09-26,C04930,PK14,AG02,2,2,5420,0.0,confirmed,Card
BK-2026-02014,2026-05-28,2026-06-15,C05865,PK01,AG00,7,0,485,0.1,Completed,Card
BK-2026-02015,2026-05-28,2026-12-24,C06012,PK13,AG02,2,0,8200,0.1,Confirmed,Bank Transfer
BK-2026-02016,2026-05-29,2026-07-01,C00085,PK03,AG06,2,0,715,0.0,Confirmed,PayPal
BK-2026-02017,2026-05-29,2026-09-16,C00097,PK17,AG00,2,0,12960,0.0,Confirmed,Card
BK-2026-02018,2026-05-29,2026-09-22,C00345,PK17,AG00,1,0,12960,0.0,Confirmed,PayPal
BK-2026-02019,2026-05-29,2026-07-24,C00471,PK03,AG00,8,0,715,0.1,Confirmed,Bank Transfer
BK-2026-02020,2026-05-29,2026-07-28,C00708,PK09,AG02,2,2,3440,0.0,Confirmed,Card
BK-2026-02021,2026-05-29,2026-08-15,C01617,PK15,AG08,2,3,5160,0.0,Confirmed,Bank Transfer
BK-2026-02022,2026-05-29,2026-08-03,C01645,PK07,AG00,2,1,3110,0.1,Cancelled,PayPal
BK-2026-02023,2026-05-29,2026-06-28,C01684,PK08,AG06,8,0,1355,0.15,Confirmed,Bank Transfer
BK-2026-02024,2026-05-29,2026-08-21,C01801,PK15,AG00,2,1,5160,0.05,Confirmed,M-Pesa
BK-2026-02025,2026-05-29,2026-10-21,C01886,PK06,AG02,1,0,1655,0.0,Confirmed,Card
BK-2026-02026,2026-05-29,2026-06-13,C02066,PK01,AG02,2,0,485,0.05,Completed ,Card
BK-2026-02027,2026-05-29,2026-08-23,C02420,PK01,AG00,2,0,555,0.0,Confirmed,M-Pesa
BK-2026-02028,2026-05-29,2026-10-01,C02555,PK15,AG00,1,0,5160,0.05,Confirmed,Card
BK-2026-02029,2026-05-29,2026-10-27,C02741,PK18,AG07,2,0,6875,0.0,Confirmed,Card
BK-2026-02030,2026-05-29,2026-07-20,C02810,PK03,AG00,2,0,715,0.1,Confirmed,PayPal
BK-2026-02031,2026-05-29,2026-07-16,C03540,PK06,AG03,2,0,1655,0.0,Confirmed,M-Pesa
BK-2026-02032,2026-05-29,2026-08-22,C04312,PK07,AG08,6,0,3110,0.05,Confirmed,Card
BK-2026-02033,2026-05-29,2026-07-05,C04738,PK09,AG02,2,1,3440,0.0,Confirmed,PayPal
BK-2026-02034,2026-05-29,2026-07-02,C04763,PK18,AG02,2,0,6875,0.0,Confirmed,Bank Transfer
BK-2026-02035,2026-05-29,2026-09-08,C04897,PK18,AG10,2,0,6875,0.0,Confirmed,M-Pesa
BK-2026-02036,2026-05-29,2026-08-31,C05030,PK12,AG02,1,0,6350,0.05,Confirmed,Card
BK-2026-02037,2026-05-29,2026-09-30,C05312,PK16,AG00,1,0,6085,0.0,Confirmed,Card
BK-2026-02038,2026-05-29,2026-12-15,C05407,PK06,AG07,2,0,1655,,Confirmed,Bank Transfer
BK-2026-02039,2026-05-29,2026-07-04,C06047,PK04,AG12,4,0,660,0.1,Confirmed,Card
BK-2026-02040,2026-05-29,2026-10-30,C06252,PK12,AG05,2,0,6350,0.05,Confirmed,Card
BK-2026-02041,2026-05-29,2026-09-24,C06344,PK12,AG07,7,0,6350,0.0,Confirmed,Card
BK-2026-02042,2026-05-30,2026-10-07,C00420,PK15,AG05,9,0,5160,0.0,Confirmed,Card
BK-2026-02043,2026-05-30,2026-06-18,C00993,PK01,AG00,2,0,485,0.0,Completed,PayPal
BK-2026-02044,2026-05-30,2026-07-08,C01386,PK10,AG00,3,0,1175,0.1,Confirmed,Card
BK-2026-02045,2026-05-30,2026-07-08,C01430,PK18,AG03,9,0,6875,0.1,Confirmed,M-Pesa
BK-2026-02046,2026-05-30,2026-08-28,C01578,PK12,AG06,2,0,6350,0.0,Confirmed,Card
BK-2026-02047,2026-05-30,2026-10-08,C01948,PK18,AG08,2,3,6875,0.05,Confirmed,Card
BK-2026-02048,2026-05-30,2026-07-17,C02026,PK10,AG05,1,0,1175,0.05,Confirmed,Bank Transfer
BK-2026-02049,2026-05-30,2026-09-23,C02208,PK07,AG04,7,0,3110,0.05,Confirmed,Card
BK-2026-02050,2026-05-30,2026-07-22,C02409,PK04,AG06,2,3,660,0.0,Confirmed,Bank Transfer
BK-2026-02051,2026-05-30,2026-12-30,C02504,PK18,AG01,2,0,6875,0.1,Confirmed,Bank Transfer
BK-2026-02052,2026-05-30,2026-11-17,C02933,PK09,AG00,9,0,2990,0.05,Confirmed,Bank Transfer
BK-2026-02053,2026-05-30,2026-07-19,C03186,PK07,AG00,2,0,3110,0.0,Confirmed ,Card
BK-2026-02054,2026-05-30,2026-07-08,C04390,PK07,AG03,1,0,3110,0.0,Confirmed,Card
BK-2026-02055,2026-05-30,2026-07-04,C04726,PK01,AG01,2,1,555,0.05,cancelled,PayPal
BK-2026-02056,2026-05-30,2026-06-26,C04878,PK11,AG08,2,1,4485,0.0,Confirmed,Bank Transfer
BK-2026-02057,2026-05-30,2026-10-02,C05059,PK01,AG01,2,0,555,0.05,Confirmed,M-Pesa
BK-2026-02058,2026-05-30,2026-08-02,C05289,PK01,AG02,2,1,555,0.15,Confirmed,M-Pesa
BK-2026-02059,2026-05-30,2026-06-26,C05846,PK02,AG11,2,0,435,0.05,Completed,Card
BK-2026-02060,2026-05-30,2026-06-06,C06275,PK09,AG04,2,0,2990,0.1,Completed ,Card
BK-2026-02061,2026-05-30,2026-06-21,C06361,PK09,AG00,2,0,2990,0.05,Completed,PayPal
BK-2026-02062,2026-05-30,2026-06-06,C06396,PK13,AG00,2,0,7130,0.0,completed,Card
BK-2026-02063,2026-05-31,2026-07-21,C00003,PK11,AG00,2,0,5160,0.0,CONFIRMED,Bank Transfer
BK-2026-02064,2026-05-31,2026-08-20,C00261,PK13,AG00,2,3,8200,0.05,Confirmed,Bank Transfer
BK-2026-02065,2026-05-31,2026-07-14,C00467,PK10,AG00,2,2,1175,0.0,Confirmed,M-Pesa
BK-2026-02066,2026-05-31,2026-06-17,C00573,PK01,AG07,2,0,485,0.0,Completed,PayPal
BK-2026-02067,2026-05-31,2026-07-26,C00821,PK18,AG00,2,0,6875,0.0,Confirmed,M-Pesa
BK-2026-02068,2026-05-31,2026-07-31,C01538,PK12,AG05,2,3,6350,0.0,Confirmed,Card
BK-2026-02069,2026-05-31,2026-07-06,C01843,PK02,AG12,8,0,505,0.1,Confirmed,Bank Transfer
BK-2026-02070,2026-05-31,2026-06-13,C02000,PK11,AG04,2,2,4485,0.15,Completed,Card
BK-2026-02071,2026-05-31,2026-08-16,C02047,PK06,AG00,2,3,1655,0.05,Confirmed,Card
BK-2026-02072,2026-05-31,2026-07-07,C02706,PK09,AG00,2,0,3440,0.0,Confirmed,Card
BK-2026-02073,2026-05-31,2026-11-26,C02978,PK15,AG00,1,0,4485,0.05,Confirmed,Card
BK-2026-02074,2026-05-31,2026-07-12,C03238,PK14,AG11,2,0,5420,0.0,Confirmed,Bank Transfer
BK-2026-02075,2026-05-31,2026-07-21,C04123,PK11,AG09,5,0,5160,0.15,Confirmed,Bank Transfer
BK-2026-02076,2026-05-31,2026-06-29,C04921,PK09,AG02,6,0,2990,0.0,Confirmed ,Bank Transfer
BK-2026-02077,2026-05-31,2026-07-05,C05237,PK01,AG01,4,0,555,0.0,Confirmed,PayPal
BK-2026-02078,2026-05-31,2026-06-26,C05778,PK09,AG01,5,0,2990,0.1,Confirmed,Bank Transfer
BK-2026-02079,2026-06-01,2026-09-22,C00458,PK15,AG00,6,0,5160,0.05,Confirmed,Bank Transfer
BK-2026-02080,2026-06-01,2026-08-24,C01033,PK10,AG12,7,0,1175,0.1,Confirmed ,Bank Transfer
BK-2026-02081,2026-06-01,2026-11-21,C01126,PK17,AG06,2,0,11270,0.0,Confirmed,Card
BK-2026-02082,2026-06-01,2026-07-13,C01183,PK06,AG00,2,0,1655,0.0,CONFIRMED,PayPal
BK-2026-02083,2026-06-01,2026-10-14,C01504,PK12,AG01,2,1,6350,0.1,Confirmed,Card
BK-2026-02084,2026-06-01,2026-07-10,C01858,PK03,AG00,2,0,715,0.1,Confirmed,M-Pesa
BK-2026-02085,2026-06-01,2026-10-30,C02324,PK16,AG00,2,3,6085,0.0,Confirmed,Card
BK-2026-02086,2026-06-01,2026-08-16,C02428,PK17,AG00,1,0,12960,0.0,Confirmed,Card
BK-2026-02087,2026-06-01,2026-07-02,C02579,PK01,AG04,2,1,555,,Confirmed,M-Pesa
BK-2026-02088,2026-06-01,2026-06-23,C02852,PK01,AG00,6,0,485,0.1,Completed,Bank Transfer
BK-2026-02089,2026-06-01,2026-09-10,C03488,PK15,AG01,2,0,5160,0.05,Confirmed,M-Pesa
BK-2026-02090,2026-06-01,2026-09-20,C03540,PK16,AG00,2,0,6085,0.0,Confirmed,Card
BK-2026-02091,2026-06-01,2026-08-29,C03905,PK05,AG08,1,0,1030,0.0,Confirmed,Card
BK-2026-02092,2026-06-01,2026-08-24,C04049,PK02,AG00,6,0,505,0.1,Confirmed,Card
BK-2026-02093,2026-06-01,2026-07-26,C04217,PK11,AG02,2,3,5160,,Confirmed,Card
BK-2026-02094,2026-06-01,2026-07-13,C04257,PK01,AG07,2,3,555,0.0,Confirmed,M-Pesa
BK-2026-02095,2026-06-01,2026-12-17,C05060,PK18,AG03,2,0,6875,0.05,Confirmed,Card
BK-2026-02096,2026-06-01,2026-07-20,C05193,PK07,AG09,2,0,3110,,Canceled,PayPal
BK-2026-02097,2026-06-01,2026-07-18,C05476,PK11,AG13,8,0,5160,0.05,Confirmed,PayPal
BK-2026-02098,2026-06-01,2026-07-11,C05700,PK06,AG02,1,0,1655,0.0,Confirmed,Bank Transfer
BK-2026-02099,2026-06-01,2026-10-19,C05726,PK15,AG02,1,0,5160,0.1,Confirmed,Card
BK-2026-02100,2026-06-01,2026-08-10,C06008,PK11,AG00,2,0,5160,0.05,Confirmed,Card
BK-2026-02101,2026-06-01,2026-12-28,C06347,PK13,AG00,2,0,8200,0.0,CANCELLED,Bank Transfer
BK-2026-02102,2026-06-02,2026-12-30,C00036,PK13,AG04,1,0,8200,0.0,Confirmed,Bank Transfer
BK-2026-02103,2026-06-02,2026-07-01,C00184,PK11,AG00,1,0,5160,0.0,Confirmed,Bank Transfer
BK-2026-02104,2026-06-02,2026-06-16,C00266,PK02,AG00,2,1,435,0.05,Completed,M-Pesa
BK-2026-02105,2026-06-02,2026-08-30,C00310,PK10,AG06,1,0,1175,0.0,Canceled,Card
BK-2026-02106,2026-06-02,2026-08-15,C00948,PK18,AG03,2,0,6875,0.0,Confirmed,Card
BK-2026-02107,2026-06-02,2026-07-15,C01215,PK04,AG10,1,0,660,0.15,Confirmed,Card
BK-2026-02108,2026-06-02,2026-07-03,C01803,PK06,AG06,2,0,1655,0.0,Confirmed,Card
BK-2026-02109,2026-06-02,2026-08-24,C01853,PK12,AG03,2,0,6350,0.0,Confirmed,Card
BK-2026-02110,2026-06-02,2026-10-11,C02226,PK18,AG05,2,2,6875,0.0,Confirmed,PayPal
BK-2026-02111,2026-06-02,2026-08-12,C02229,PK17,AG02,7,0,12960,0.1,Confirmed,Card
BK-2026-02112,2026-06-02,2026-08-03,C02979,PK13,AG01,8,0,8200,0.1,Confirmed,PayPal
BK-2026-02113,2026-06-02,2026-07-16,C03026,PK11,AG04,2,2,5160,0.0,Confirmed,PayPal
BK-2026-02114,2026-06-02,2026-12-08,C03235,PK17,AG09,7,0,12960,0.1,Confirmed,Card
BK-2026-02115,2026-06-02,2026-07-04,C03274,PK04,AG00,2,3,660,0.0,Confirmed,PayPal
BK-2026-02116,2026-06-02,2026-07-30,C03453,PK09,AG07,2,0,3440,0.15,Confirmed,Bank Transfer
BK-2026-02117,2026-06-02,2026-08-15,C03985,PK09,AG10,2,1,3440,0.0,Confirmed,M-Pesa
BK-2026-02118,2026-06-02,2026-09-14,C04076,PK18,AG04,2,0,6875,0.05,Cancelled,Bank Transfer
BK-2026-02119,2026-06-02,2026-08-11,C04689,PK17,AG04,2,0,12960,0.1,Confirmed,Card
BK-2026-02120,2026-06-02,2026-07-22,C04746,PK07,AG13,9,0,3110,0.1,Confirmed ,M-Pesa
BK-2026-02121,2026-06-02,2026-12-09,C05012,PK18,AG04,6,0,6875,0.05,Canceled,M-Pesa
BK-2026-02122,2026-06-02,2026-06-06,C05572,PK06,AG00,9,0,1440,0.05,Completed,Card
BK-2026-02123,2026-06-02,2026-09-13,C05660,PK09,AG04,2,0,3440,0.0,Confirmed,Card
BK-2026-02124,2026-06-02,2026-09-15,C05731,PK06,AG06,2,0,1655,0.1,Confirmed,Card
BK-2026-02125,2026-06-02,2026-09-05,C06233,PK03,AG00,2,0,715,0.0,Confirmed,Bank Transfer
BK-2026-02126,2026-06-02,2026-09-06,C06262,PK10,AG01,1,0,1175,0.0,Cancelled,Card
BK-2026-02127,2026-06-02,2026-07-03,C06342,PK12,AG01,2,3,6350,0.15,Confirmed,Card
BK-2026-02128,2026-06-02,2026-09-21,C06390,PK13,AG00,2,0,8200,0.0,Confirmed,Bank Transfer
BK-2026-02129,2026-06-02,2026-06-23,C06438,PK01,AG03,2,2,485,0.0,Completed,Card
BK-2026-02130,2026-06-03,2026-07-05,C00200,PK02,AG03,2,3,505,0.0,Confirmed,PayPal
BK-2026-02131,2026-06-03,2026-09-20,C00250,PK12,AG00,2,2,6350,0.05,Confirmed,Card
BK-2026-02132,2026-06-03,2026-06-13,C00425,PK02,AG11,2,1,435,0.0,Completed,M-Pesa
BK-2026-02133,2026-06-03,2026-10-15,C00597,PK13,AG00,2,3,8200,0.0,Confirmed,Bank Transfer
BK-2026-02134,2026-06-03,2026-08-02,C00916,PK15,AG00,4,0,5160,0.05,Confirmed,M-Pesa
BK-2026-02135,2026-06-03,2026-11-06,C01157,PK12,AG03,2,0,5520,0.05,Confirmed,PayPal
BK-2026-02136,2026-06-03,2026-08-29,C01645,PK14,AG02,2,2,5420,0.0,Confirmed,M-Pesa
BK-2026-02137,2026-06-03,2026-07-30,C01801,PK05,AG00,2,3,1030,0.1,Confirmed,Bank Transfer
BK-2026-02138,2026-06-03,2026-08-01,C02309,PK10,AG02,9,0,1175,,Confirmed,Card
BK-2026-02139,2026-06-03,2026-10-31,C02560,PK14,AG02,2,0,5420,0.0,Canceled,Card
BK-2026-02140,2026-06-03,2026-07-02,C02886,PK07,AG07,2,1,3110,0.05,Confirmed,Bank Transfer
BK-2026-02141,2026-06-03,2026-07-09,C02980,PK07,AG00,2,0,3110,0.0,Confirmed,Bank Transfer
BK-2026-02142,2026-06-03,2026-09-19,C03042,PK18,AG07,5,0,6875,0.1,Confirmed,Bank Transfer
BK-2026-02143,2026-06-03,2026-09-09,C03168,PK13,AG10,2,0,8200,0.0,Confirmed,Bank Transfer
BK-2026-02144,2026-06-03,2026-07-19,C03253,PK01,AG01,4,0,555,0.0,Confirmed,Bank Transfer
BK-2026-02145,2026-06-03,2026-07-28,C03335,PK07,AG00,1,0,3110,0.1,Confirmed,M-Pesa
BK-2026-02146,2026-06-03,2026-07-21,C03474,PK08,AG08,2,0,1560,0.05,Confirmed,Card
BK-2026-02147,2026-06-03,2026-08-02,C04013,PK07,AG00,2,1,3110,0.0,Confirmed,M-Pesa
BK-2026-02148,2026-06-03,2026-11-14,C04665,PK12,AG00,7,0,5520,0.05,Canceled,Bank Transfer
BK-2026-02149,2026-06-03,2026-07-08,C04720,PK04,AG03,2,0,660,0.0,Confirmed,Card
BK-2026-02150,2026-06-03,2026-07-24,C05498,PK10,AG01,5,0,1175,0.1,Confirmed,PayPal
BK-2026-02151,2026-06-03,2026-09-01,C05530,PK06,AG07,1,0,1655,0.0,Confirmed,Card
BK-2026-02152,2026-06-03,2026-07-19,C06282,PK09,AG00,1,0,3440,0.1,Confirmed,M-Pesa
BK-2026-02153,2026-06-03,2026-09-16,C06366,PK01,AG00,1,0,555,0.0,Confirmed,Card
BK-2026-02154,2026-06-04,2026-12-07,C00120,PK16,AG04,6,0,6085,0.1,Confirmed,Bank Transfer
BK-2026-02155,2026-06-04,2026-09-15,C00355,PK11,AG09,2,0,5160,0.0,Confirmed,Card
BK-2026-02156,2026-06-04,2026-12-09,C01151,PK14,AG05,2,3,5420,0.05,Confirmed,Card
BK-2026-02157,2026-06-04,2026-08-16,C01158,PK02,AG02,2,0,505,0.0,Confirmed,Bank Transfer
BK-2026-02158,2026-06-04,2026-09-14,C01786,PK12,AG00,2,0,6350,0.0,Confirmed,Card
BK-2026-02159,2026-06-04,2026-08-16,C02021,PK18,AG00,2,3,6875,0.0,Confirmed,Card
BK-2026-02160,2026-06-04,2026-08-25,C02056,PK02,AG04,2,0,505,0.0,Confirmed,Bank Transfer
BK-2026-02161,2026-06-04,2026-08-17,C02102,PK18,AG09,2,2,6875,0.0,Confirmed,Bank Transfer
BK-2026-02162,2026-06-04,2026-07-17,C02234,PK05,AG02,2,0,1030,0.0,Cancelled,Card
BK-2026-02163,2026-06-04,2026-12-05,C02405,PK15,AG00,2,0,5160,0.0,Confirmed,Bank Transfer
BK-2026-02164,2026-06-04,2026-08-04,C03059,PK15,AG00,9,0,5160,0.1,Confirmed,Bank Transfer
BK-2026-02165,2026-06-04,2026-07-03,C03497,PK02,AG04,2,1,505,0.15,Confirmed,Card
BK-2026-02166,2026-06-04,2026-11-23,C04188,PK15,AG12,12,0,4485,0.0,Confirmed,M-Pesa
BK-2026-02167,2026-06-04,2026-09-02,C04659,PK18,AG00,2,2,6875,0.1,Confirmed ,Card
BK-2026-02168,2026-06-04,2026-06-23,C05247,PK18,AG03,6,0,5980,0.0,Completed,PayPal
BK-2026-02169,2026-06-04,2026-09-23,C05644,PK13,AG03,2,2,8200,0.1,Confirmed,Card
BK-2026-02170,2026-06-04,2026-07-04,C05855,PK09,AG00,2,0,3440,0.0,confirmed,Card
BK-2026-02171,2026-06-05,2026-06-29,C00345,PK02,AG04,1,0,435,0.05,Confirmed,Bank Transfer
BK-2026-02172,2026-06-05,2026-09-22,C00862,PK17,AG00,2,0,12960,0.05,Confirmed,Bank Transfer
BK-2026-02173,2026-06-05,2026-07-30,C01512,PK09,AG11,2,0,3440,0.1,Confirmed,M-Pesa
BK-2026-02174,2026-06-05,2026-09-07,C01629,PK14,AG00,1,0,5420,0.0,Confirmed,Card
BK-2026-02175,2026-06-05,2026-07-11,C01665,PK01,AG02,8,0,555,0.0,Confirmed,Bank Transfer
BK-2026-02176,2026-06-05,2026-08-05,C01818,PK08,AG06,2,3,1560,0.0,Confirmed,M-Pesa
BK-2026-02177,2026-06-05,2026-07-20,C02118,PK18,AG07,2,3,6875,0.05,Confirmed,M-Pesa
BK-2026-02178,2026-06-05,2026-06-29,C02531,PK06,AG06,2,3,1440,0.05,Cancelled,Card
BK-2026-02179,2026-06-05,2026-08-07,C02646,PK08,AG00,2,3,1560,,Confirmed,Card
BK-2026-02180,2026-06-05,2026-07-17,C02839,PK05,AG10,2,2,1030,0.0,Confirmed,Card
BK-2026-02181,2026-06-05,2026-08-03,C03393,PK01,AG00,2,1,555,0.1,Cancelled ,PayPal
BK-2026-02182,2026-06-05,2026-07-28,C03905,PK02,AG11,1,0,505,0.05,Confirmed,PayPal
BK-2026-02183,2026-06-05,2026-06-23,C04405,PK06,AG00,2,2,1440,0.0,Completed,Bank Transfer
BK-2026-02184,2026-06-05,2026-12-22,C04433,PK16,AG00,2,0,6085,0.0,Confirmed,Card
BK-2026-02185,2026-06-05,2026-07-16,C05034,PK02,AG03,1,0,505,0.0,Confirmed,PayPal
BK-2026-02186,2026-06-05,2026-07-15,C05035,PK03,AG02,2,1,715,,Confirmed,Bank Transfer
BK-2026-02187,2026-06-05,2026-06-26,C05106,PK01,AG00,1,0,485,0.0,Cancelled,Card
BK-2026-02188,2026-06-05,2026-07-01,C05153,PK02,AG07,1,0,505,0.0,Confirmed,Bank Transfer
BK-2026-02189,2026-06-05,2026-07-28,C05348,PK09,AG00,2,0,3440,,Cancelled,M-Pesa
BK-2026-02190,2026-06-05,2026-08-07,C06063,PK03,AG02,2,2,715,0.0,Confirmed,Card
BK-2026-02191,2026-06-05,2026-08-24,C06473,PK10,AG12,12,0,1175,0.1,Confirmed,PayPal
BK-2026-02192,2026-06-06,2026-08-06,C00359,PK01,AG05,2,2,555,0.1,Confirmed,M-Pesa
BK-2026-02193,2026-06-06,2026-10-12,C00417,PK12,AG03,1,0,6350,,Confirmed,Card
BK-2026-02194,2026-06-06,2026-08-02,C01165,PK11,AG02,2,0,5160,0.0,Confirmed,Card
BK-2026-02195,2026-06-06,2026-09-14,C01862,PK16,AG00,1,0,6085,0.05,Confirmed,Card
BK-2026-02196,2026-06-06,2026-09-18,C02258,PK06,AG03,2,0,1655,,Confirmed,M-Pesa
BK-2026-02197,2026-06-06,2026-09-07,C02688,PK15,AG03,9,0,5160,0.1,confirmed,M-Pesa
BK-2026-02198,2026-06-06,2026-07-23,C02907,PK08,AG00,2,3,1560,0.0,Confirmed,Card
BK-2026-02199,2026-06-06,2026-07-12,C03049,PK06,AG13,9,0,1655,0.05,Confirmed,Bank Transfer
BK-2026-02200,2026-06-06,2026-07-14,C03292,PK12,AG01,2,1,6350,0.0,Confirmed,Card
BK-2026-02201,2026-06-06,2026-07-07,C04569,PK13,AG02,2,0,8200,0.1,Confirmed,Card
BK-2026-02202,2026-06-06,2026-11-04,C05487,PK15,AG08,9,0,4485,0.1,Confirmed,M-Pesa
BK-2026-02203,2026-06-06,2026-08-11,C05604,PK16,AG01,8,0,6085,0.05,Confirmed,Bank Transfer
BK-2026-02204,2026-06-06,2026-06-15,C05612,PK02,AG00,2,0,435,0.05,Completed,Card
BK-2026-02205,2026-06-07,2026-07-04,C00276,PK03,AG00,2,0,715,0.1,Confirmed,Card
BK-2026-02206,2026-06-07,2026-08-12,C00531,PK01,AG11,1,0,555,0.0,Confirmed,Card
BK-2026-02207,2026-06-07,2026-06-20,C00963,PK01,AG10,2,0,485,0.0,Completed,Card
BK-2026-02208,2026-06-07,2026-07-23,C01250,PK13,AG00,1,0,8200,0.15,Confirmed,Bank Transfer
BK-2026-02209,2026-06-07,2026-12-05,C01389,PK14,AG07,2,0,5420,0.0,Confirmed,Bank Transfer
BK-2026-02210,2026-06-07,2026-12-04,C02242,PK12,AG02,2,0,6350,0.0,Confirmed,Card
BK-2026-02211,2026-06-07,2026-07-15,C02532,PK06,AG10,2,0,1655,0.0,Confirmed,Bank Transfer
BK-2026-02212,2026-06-07,2026-09-05,C03107,PK17,AG06,2,2,12960,0.0,Confirmed,Card
BK-2026-02213,2026-06-07,2026-09-15,C03251,PK13,AG04,1,0,8200,0.0,Confirmed,Bank Transfer
BK-2026-02214,2026-06-07,2026-07-18,C03966,PK09,AG07,8,0,3440,0.0,Confirmed,Card
BK-2026-02215,2026-06-07,2026-07-31,C04103,PK02,AG00,9,0,505,0.05,Confirmed,M-Pesa
BK-2026-02216,2026-06-07,2026-10-06,C04161,PK15,AG00,9,0,5160,0.0,Confirmed,Bank Transfer
BK-2026-02217,2026-06-07,2026-12-11,C04182,PK12,AG02,2,0,6350,0.05,Confirmed,Bank Transfer
BK-2026-02218,2026-06-07,2026-08-15,C04726,PK15,AG02,2,1,5160,0.15,CONFIRMED,Bank Transfer
BK-2026-02219,2026-06-07,2026-08-22,C05274,PK05,AG00,6,0,1030,0.0,CONFIRMED,Bank Transfer
BK-2026-02220,2026-06-07,2026-10-08,C05295,PK02,AG00,2,1,505,0.0,Canceled,Card
BK-2026-02221,2026-06-07,2026-08-14,C05734,PK07,AG09,2,0,3110,0.0,Confirmed,Card
BK-2026-02222,2026-06-07,2026-07-09,C06168,PK01,AG10,5,0,555,0.1,Confirmed,M-Pesa
BK-2026-02223,2026-06-08,2026-07-06,C00010,PK07,AG06,2,0,3110,0.0,Confirmed,Card
BK-2026-02224,2026-06-08,2026-09-02,C00022,PK09,AG05,2,2,3440,0.0,Confirmed,PayPal
BK-2026-02225,2026-06-08,2026-08-07,C00307,PK11,AG05,2,2,5160,0.0,Confirmed,M-Pesa
BK-2026-02226,2026-06-08,2026-08-14,C00623,PK06,AG02,2,0,1655,0.0,Confirmed,Card
BK-2026-02227,2026-06-08,2026-10-12,C00776,PK02,AG05,2,1,505,0.05,Confirmed,Bank Transfer
BK-2026-02228,2026-06-08,2026-07-27,C00814,PK17,AG00,1,0,12960,0.0,Confirmed,Card
BK-2026-02229,2026-06-08,2026-07-02,C00981,PK01,AG07,8,0,555,0.0,Confirmed,PayPal
BK-2026-02230,2026-06-08,2026-06-30,C01243,PK10,AG00,9,0,1025,0.1,Confirmed,Bank Transfer
BK-2026-02231,2026-06-08,2026-10-02,C01374,PK15,AG00,2,3,5160,0.0,Confirmed,PayPal
BK-2026-02232,2026-06-08,2026-10-24,C02125,PK04,AG07,2,0,660,0.0,Confirmed,Card
BK-2026-02233,2026-06-08,2026-07-30,C02134,PK03,AG12,4,0,715,0.1,Confirmed,Card
BK-2026-02234,2026-06-08,2026-09-22,C02223,PK13,AG00,2,0,8200,0.05,Confirmed,Card
BK-2026-02235,2026-06-08,2026-07-07,C02273,PK08,AG03,2,0,1560,0.0,Cancelled,Card
BK-2026-02236,2026-06-08,2026-07-19,C02274,PK03,AG00,1,0,715,0.0,Confirmed,Card
BK-2026-02237,2026-06-08,2026-11-06,C02993,PK18,AG02,2,0,5980,0.0,Confirmed,Card
BK-2026-02238,2026-06-08,2026-08-08,C03358,PK08,AG11,2,0,1560,0.0,Confirmed,Card
BK-2026-02239,2026-06-08,2026-08-25,C03367,PK11,AG00,2,1,5160,0.0,Confirmed,Bank Transfer
BK-2026-02240,2026-06-08,2026-07-11,C03941,PK05,AG01,2,0,1030,0.0,Confirmed,Card
BK-2026-02241,2026-06-08,2026-10-09,C04321,PK13,AG00,1,0,8200,0.0,Confirmed,Bank Transfer
BK-2026-02242,2026-06-08,2026-12-23,C04331,PK12,AG01,2,0,6350,0.1,Confirmed,Card
BK-2026-02243,2026-06-08,2026-07-06,C05214,PK05,AG13,5,0,1030,0.0,Confirmed,Bank Transfer
BK-2026-02244,2026-06-08,2026-09-26,C05217,PK06,AG01,2,2,1655,0.05,Confirmed,PayPal
BK-2026-02245,2026-06-08,2026-06-20,C05652,PK07,AG00,2,3,2700,0.05,Completed,PayPal
BK-2026-02246,2026-06-08,2026-10-18,C05890,PK12,AG03,2,2,6350,0.05,Confirmed,Card
BK-2026-02247,2026-06-08,2026-07-23,C06111,PK07,AG01,2,0,3110,0.1,Confirmed,Card
BK-2026-02248,2026-06-09,2026-08-01,C00485,PK18,AG00,2,2,6875,0.0,Confirmed,Bank Transfer
BK-2026-02249,2026-06-09,2026-07-20,C00564,PK18,AG00,1,0,6875,,Confirmed,Bank Transfer
BK-2026-02250,2026-06-09,2026-09-27,C01155,PK09,AG09,2,0,3440,0.1,Confirmed,Card
BK-2026-02251,2026-06-09,2026-09-01,C01296,PK06,AG01,1,0,1655,0.05,Confirmed,Card
BK-2026-02252,2026-06-09,2026-09-16,C01355,PK15,AG03,2,0,5160,0.0,Confirmed,Card
BK-2026-02253,2026-06-09,2026-11-17,C01856,PK13,AG00,2,1,7130,0.0,Confirmed,Card
BK-2026-02254,2026-06-09,2026-07-22,C02114,PK04,AG02,2,2,660,0.15,Confirmed,Card
BK-2026-02255,2026-06-09,2026-08-28,C02240,PK12,AG10,2,0,6350,0.05,Confirmed,Bank Transfer
BK-2026-02256,2026-06-09,2026-07-30,C02490,PK01,AG03,2,0,555,0.0,Confirmed,Bank Transfer
BK-2026-02257,2026-06-09,2026-09-04,C02540,PK03,AG01,2,0,715,0.0,Confirmed,M-Pesa
BK-2026-02258,2026-06-09,2026-08-29,C02936,PK18,AG03,2,0,6875,0.0,Confirmed,Bank Transfer
BK-2026-02259,2026-06-09,2026-08-23,C03519,PK12,AG04,2,3,6350,0.0,Confirmed,Card
BK-2026-02260,2026-06-09,2026-10-05,C04390,PK18,AG00,1,0,6875,0.0,Confirmed,PayPal
BK-2026-02261,2026-06-09,2026-08-31,C04465,PK15,AG08,1,0,5160,0.0,Confirmed,Bank Transfer
BK-2026-02262,2026-06-09,2026-06-14,C04948,PK01,AG00,2,0,485,0.1,Completed,Bank Transfer
BK-2026-02263,2026-06-09,2026-09-18,C05076,PK15,AG03,2,3,5160,0.0,Confirmed,Card
BK-2026-02264,2026-06-09,2026-07-15,C05425,PK09,AG04,1,0,3440,0.1,Confirmed,Bank Transfer
BK-2026-02265,2026-06-09,2026-11-28,C05531,PK08,AG00,2,0,1355,0.15,Confirmed,Card
BK-2026-02266,2026-06-09,2026-10-18,C06236,PK16,AG00,2,0,6085,0.1,Confirmed,Card
BK-2026-02267,2026-06-10,2026-10-19,C00130,PK18,AG09,2,3,6875,0.0,Confirmed,Bank Transfer
BK-2026-02268,2026-06-10,2026-08-15,C00495,PK07,AG02,8,0,3110,0.1,Cancelled,Card
BK-2026-02269,2026-06-10,2026-08-08,C00986,PK05,AG00,1,0,1030,0.1,Confirmed,Bank Transfer
BK-2026-02270,2026-06-10,2026-08-26,C01116,PK10,AG10,2,0,1175,0.15,Confirmed,Card
BK-2026-02271,2026-06-10,2026-08-24,C01145,PK01,AG00,4,0,555,0.0,Confirmed,Bank Transfer
BK-2026-02272,2026-06-10,2026-07-07,C01544,PK15,AG10,2,1,5160,0.15,Confirmed,Bank Transfer
BK-2026-02273,2026-06-10,2026-06-20,C01547,PK09,AG00,2,1,2990,0.05,Completed ,Card
BK-2026-02274,2026-06-10,2026-07-15,C01652,PK12,AG00,2,0,6350,0.1,Confirmed,Card
BK-2026-02275,2026-06-10,2026-07-30,C01825,PK06,AG00,7,0,1655,,Confirmed,Bank Transfer
BK-2026-02276,2026-06-10,2026-10-29,C02524,PK06,AG11,2,0,1655,0.0,Canceled,Bank Transfer
BK-2026-02277,2026-06-10,2026-11-01,C02676,PK18,AG00,1,0,5980,0.0,Confirmed,M-Pesa
BK-2026-02278,2026-06-10,2026-08-06,C02760,PK05,AG03,9,0,1030,0.0,Confirmed,Card
BK-2026-02279,2026-06-10,2026-06-30,C02827,PK14,AG03,6,0,4715,0.1,Confirmed,Bank Transfer
BK-2026-02280,2026-06-10,2026-08-06,C03077,PK12,AG00,6,0,6350,0.0,Confirmed,PayPal
BK-2026-02281,2026-06-10,2026-06-17,C03579,PK13,AG05,2,2,7130,0.1,Completed,Card
BK-2026-02282,2026-06-10,2026-07-07,C03734,PK03,AG07,2,0,715,0.0,Confirmed,Card
BK-2026-02283,2026-06-10,2026-10-25,C03962,PK16,AG05,2,0,6085,0.0,Confirmed,Card
BK-2026-02284,2026-06-10,2026-08-25,C04355,PK18,AG04,2,0,6875,0.1,confirmed,PayPal
BK-2026-02285,2026-06-10,2026-07-16,C04593,PK02,AG02,4,0,505,0.1,Confirmed,Card
BK-2026-02286,2026-06-10,2026-11-23,C05070,PK13,AG02,4,0,7130,0.0,Confirmed,Card
BK-2026-02287,2026-06-10,2026-08-18,C05175,PK06,AG00,1,0,1655,0.0,Confirmed,Bank Transfer
BK-2026-02288,2026-06-10,2026-07-17,C05563,PK04,AG04,2,3,660,0.0,Cancelled,PayPal
BK-2026-02289,2026-06-10,2026-07-04,C05643,PK14,AG04,2,2,5420,0.15,Confirmed,PayPal
BK-2026-02290,2026-06-10,2026-07-03,C05863,PK06,AG03,2,2,1655,0.0,Confirmed,PayPal
BK-2026-02291,2026-06-10,2026-06-14,C05961,PK07,AG00,8,0,2700,0.1,Completed,PayPal
BK-2026-02292,2026-06-10,2026-08-14,C06306,PK17,AG00,9,0,12960,0.1,Confirmed,PayPal
BK-2026-02293,2026-06-10,2026-07-21,C06490,PK03,AG01,2,3,715,0.0,Cancelled,Card
BK-2026-02294,2026-06-11,2026-08-03,C00040,PK02,AG00,1,0,505,0.0,Canceled,PayPal
BK-2026-02295,2026-06-11,2026-12-01,C00760,PK13,AG05,1,0,8200,0.0,Confirmed,Card
BK-2026-02296,2026-06-11,2026-09-27,C00772,PK09,AG04,2,0,3440,0.0,Confirmed,PayPal
BK-2026-02297,2026-06-11,2026-09-14,C01014,PK13,AG02,2,1,8200,0.05,Cancelled,PayPal
BK-2026-02298,2026-06-11,2026-08-07,C01343,PK06,AG04,2,1,1655,0.1,Confirmed,Card
BK-2026-02299,2026-06-11,2026-07-21,C01432,PK05,AG00,2,2,1030,0.0,Confirmed,M-Pesa
BK-2026-02300,2026-06-11,2026-07-31,C02025,PK06,AG02,2,1,1655,0.0,Confirmed,Card
BK-2026-02301,2026-06-11,2026-10-19,C02386,PK14,AG12,9,0,5420,0.1,Confirmed ,Card
BK-2026-02302,2026-06-11,2026-07-18,C02881,PK06,AG00,2,0,1655,,Confirmed,Card
BK-2026-02303,2026-06-11,2026-07-21,C03447,PK18,AG04,2,1,6875,0.1,Confirmed,PayPal
BK-2026-02304,2026-06-11,2026-10-05,C03452,PK12,AG10,2,0,6350,0.0,Confirmed,M-Pesa
BK-2026-02305,2026-06-11,2026-07-08,C03491,PK15,AG01,2,2,5160,0.15,Confirmed,Bank Transfer
BK-2026-02306,2026-06-11,2026-08-30,C03977,PK14,AG00,1,0,5420,0.1,Confirmed,Card
BK-2026-02307,2026-06-11,2026-09-28,C04018,PK07,AG03,2,3,3110,0.1,Confirmed,Card
BK-2026-02308,2026-06-11,2026-07-04,C04600,PK08,AG02,2,0,1560,0.0,Confirmed,PayPal
BK-2026-02309,2026-06-11,2026-07-02,C04750,PK04,AG03,7,0,660,0.0,Confirmed,Card
BK-2026-02310,2026-06-11,2026-07-20,C04877,PK04,AG06,2,0,660,0.05,Confirmed,M-Pesa
BK-2026-02311,2026-06-11,2026-07-12,C05691,PK01,AG01,2,3,555,0.1,Confirmed,Bank Transfer
BK-2026-02312,2026-06-11,2026-09-09,C06142,PK16,AG00,2,0,6085,,Confirmed,M-Pesa
BK-2026-02313,2026-06-12,2026-07-20,C00208,PK02,AG05,6,0,505,0.1,Confirmed,Bank Transfer
BK-2026-02314,2026-06-12,2026-07-21,C00397,PK13,AG01,2,0,8200,0.05,Confirmed,Card
BK-2026-02315,2026-06-12,2026-07-07,C00938,PK06,AG04,1,0,1655,0.0,Confirmed,Card
BK-2026-02316,2026-06-12,2026-08-17,C01075,PK08,AG00,2,0,1560,0.1,Confirmed,Card
BK-2026-02317,2026-06-12,2026-07-25,C01408,PK04,AG02,1,0,660,0.05,Confirmed,Card
BK-2026-02318,2026-06-12,2026-09-10,C01503,PK09,AG06,2,0,3440,0.05,confirmed,M-Pesa
BK-2026-02319,2026-06-12,2026-06-29,C02448,PK15,AG07,1,0,4485,0.05,Confirmed,Card
BK-2026-02320,2026-06-12,2026-08-10,C02577,PK09,AG00,2,0,3440,0.0,Confirmed,Card
BK-2026-02321,2026-06-12,2026-06-21,C02722,PK16,AG10,2,0,5290,,Completed,Card
BK-2026-02322,2026-06-12,2026-08-10,C02854,PK05,AG10,2,0,1030,0.05,Canceled,Card
BK-2026-02323,2026-06-12,2026-07-09,C03594,PK02,AG00,2,1,505,0.1,Confirmed,Card
BK-2026-02324,2026-06-12,2026-09-05,C03811,PK02,AG00,1,0,505,0.0,Confirmed,Card
BK-2026-02325,2026-06-12,2026-09-18,C03868,PK06,AG00,2,0,1655,,Confirmed,Card
BK-2026-02326,2026-06-12,2026-11-02,C04865,PK14,AG00,2,2,4715,0.15,Confirmed,Card
BK-2026-02327,2026-06-12,2026-08-15,C05139,PK01,AG02,2,0,555,0.0,Cancelled,Card
BK-2026-02328,2026-06-12,2026-08-04,C05448,PK14,AG02,2,1,5420,0.0,Canceled,Bank Transfer
BK-2026-02329,2026-06-12,2026-07-17,C06335,PK02,AG01,2,0,505,0.0,Confirmed,Bank Transfer
BK-2026-02330,2026-06-13,2026-07-26,C00288,PK03,AG03,2,0,715,,Confirmed,PayPal
BK-2026-02331,2026-06-13,2026-08-16,C00306,PK16,AG04,2,0,6085,0.1,Confirmed,Bank Transfer
BK-2026-02332,2026-06-13,2026-10-31,C00928,PK10,AG03,6,0,1175,0.0,Confirmed,M-Pesa
BK-2026-02333,2026-06-13,2026-08-06,C01057,PK18,AG08,2,1,6875,0.15,Confirmed,Bank Transfer
BK-2026-02334,2026-06-13,2026-09-05,C01335,PK07,AG01,2,0,3110,0.0,Confirmed,Card
BK-2026-02335,2026-06-13,2026-08-19,C01495,PK15,AG00,2,2,5160,0.05,Confirmed,PayPal
BK-2026-02336,2026-06-13,2026-06-27,C01967,PK05,AG06,1,0,895,0.0,Confirmed,Bank Transfer
BK-2026-02337,2026-06-13,2026-06-26,C02355,PK06,AG05,2,0,1440,0.0,Completed,Bank Transfer
BK-2026-02338,2026-06-13,2026-08-08,C02380,PK17,AG00,1,0,12960,0.1,Confirmed,Bank Transfer
BK-2026-02339,2026-06-13,2026-07-22,C02988,PK10,AG03,1,0,1175,0.1,confirmed,Card
BK-2026-02340,2026-06-13,2026-07-31,C03224,PK06,AG09,2,0,1655,0.0,Confirmed,Card
BK-2026-02341,2026-06-13,2026-08-09,C03726,PK07,AG03,1,0,3110,0.1,Cancelled,PayPal
BK-2026-02342,2026-06-13,2026-07-09,C04053,PK06,AG00,2,2,1655,0.05,Confirmed,Card
BK-2026-02343,2026-06-13,2026-08-23,C04152,PK18,AG00,2,0,6875,0.0,Confirmed,Card
BK-2026-02344,2026-06-14,2026-07-04,C00060,PK04,AG02,2,0,660,0.1,Confirmed,Card
BK-2026-02345,2026-06-14,2026-09-01,C01038,PK17,AG00,2,3,12960,0.1,Confirmed,Card
BK-2026-02346,2026-06-14,2026-06-30,C01078,PK01,AG12,10,0,485,,Confirmed,Bank Transfer
BK-2026-02347,2026-06-14,2026-09-11,C01129,PK12,AG03,2,0,6350,0.0,Confirmed,Card
BK-2026-02348,2026-06-14,2026-07-17,C01285,PK09,AG04,1,0,3440,0.05,Confirmed,Card
BK-2026-02349,2026-06-14,2026-08-04,C02001,PK11,AG13,3,0,5160,0.1,Confirmed,Bank Transfer
BK-2026-02350,2026-06-14,2026-07-12,C02442,PK01,AG04,1,0,555,0.0,Confirmed,Bank Transfer
BK-2026-02351,2026-06-14,2026-06-26,C02577,PK09,AG05,2,0,2990,0.0,Confirmed,Card
BK-2026-02352,2026-06-14,2026-07-09,C02957,PK01,AG09,2,0,555,,Confirmed,Card
BK-2026-02353,2026-06-14,2026-07-25,C03404,PK03,AG00,1,0,715,0.0,Confirmed,Card
BK-2026-02354,2026-06-14,2026-07-15,C03785,PK06,AG07,2,0,1655,0.0,Confirmed,Bank Transfer
BK-2026-02355,2026-06-14,2026-07-12,C04314,PK08,AG04,1,0,1560,0.0,Confirmed,PayPal
BK-2026-02356,2026-06-14,2026-10-02,C05138,PK18,AG07,2,2,6875,0.1,Confirmed,Card
BK-2026-02357,2026-06-14,2026-08-30,C05518,PK14,AG00,4,0,5420,0.0,Confirmed,Card
BK-2026-02358,2026-06-14,2026-12-13,C06131,PK16,AG10,1,0,6085,0.05,Confirmed,M-Pesa
BK-2026-02359,2026-06-14,2026-07-24,C06413,PK08,AG00,2,0,1560,0.0,Confirmed,Bank Transfer
BK-2026-02360,2026-06-15,2026-09-01,C00716,PK15,AG00,2,0,5160,0.0,Confirmed,Bank Transfer
BK-2026-02361,2026-06-15,2026-08-20,C00853,PK17,AG03,2,3,12960,0.0,Confirmed,Card
BK-2026-02362,2026-06-15,2026-08-27,C00946,PK08,AG08,2,3,1560,0.0,Confirmed,Card
BK-2026-02363,2026-06-15,2026-07-17,C00969,PK01,AG00,2,2,555,0.0,Confirmed,Card
BK-2026-02364,2026-06-15,2026-08-26,C00974,PK04,AG01,2,0,660,0.1,Confirmed,Bank Transfer
BK-2026-02365,2026-06-15,2026-09-05,C01116,PK01,AG03,2,0,555,0.1,cancelled,M-Pesa
BK-2026-02366,2026-06-15,2026-08-07,C02118,PK09,AG11,2,3,3440,0.0,Confirmed,Card
BK-2026-02367,2026-06-15,2026-08-18,C02230,PK04,AG03,2,0,660,0.05,confirmed,Bank Transfer
BK-2026-02368,2026-06-15,2026-07-04,C02471,PK14,AG11,2,0,5420,0.0,Confirmed,Card
BK-2026-02369,2026-06-15,2026-10-30,C02484,PK13,AG10,2,3,8200,0.0,Confirmed,M-Pesa
BK-2026-02370,2026-06-15,2026-07-24,C02856,PK14,AG00,2,0,5420,0.1,Confirmed,M-Pesa
BK-2026-02371,2026-06-15,2026-08-27,C03463,PK06,AG02,2,0,1655,0.0,Confirmed,Card
BK-2026-02372,2026-06-15,2026-10-07,C04050,PK18,AG13,12,0,6875,0.0,Confirmed,Card
BK-2026-02373,2026-06-15,2026-07-03,C04419,PK10,AG11,2,3,1175,0.05,Confirmed,Card
BK-2026-02374,2026-06-15,2026-10-06,C04496,PK18,AG01,2,1,6875,0.0,Confirmed,Bank Transfer
BK-2026-02375,2026-06-15,2026-07-23,C05059,PK10,AG00,2,0,1175,0.0,Confirmed,PayPal
BK-2026-02376,2026-06-15,2026-08-04,C05107,PK12,AG03,2,0,6350,0.1,Confirmed,M-Pesa
BK-2026-02377,2026-06-15,2026-08-17,C05746,PK07,AG00,8,0,3110,0.0,Confirmed,PayPal
BK-2026-02378,2026-06-15,2026-07-03,C05821,PK01,AG00,2,0,555,0.0,Confirmed,Bank Transfer
BK-2026-02379,2026-06-15,2026-07-11,C05928,PK02,AG10,2,0,505,,Confirmed,M-Pesa
BK-2026-02380,2026-06-16,2026-08-27,C00663,PK16,AG04,2,0,6085,0.0,Confirmed,M-Pesa
BK-2026-02381,2026-06-16,2026-08-20,C00694,PK13,AG00,2,0,8200,0.0,Confirmed,Bank Transfer
BK-2026-02382,2026-06-16,2026-10-02,C01069,PK15,AG10,2,3,5160,0.0,Confirmed,Card
BK-2026-02383,2026-06-16,2026-07-10,C02234,PK01,AG01,2,0,555,0.0,Confirmed,Bank Transfer
BK-2026-02384,2026-06-16,2026-07-08,C02345,PK02,AG00,2,2,505,0.0,Canceled,M-Pesa
BK-2026-02385,2026-06-16,2026-09-24,C03219,PK14,AG11,8,0,5420,0.1,Confirmed,Bank Transfer
BK-2026-02386,2026-06-16,2026-08-30,C03787,PK12,AG04,2,0,6350,0.0,Confirmed,PayPal
BK-2026-02387,2026-06-16,2026-08-06,C04166,PK16,AG02,1,0,6085,0.1,Confirmed,Card
BK-2026-02388,2026-06-16,2026-08-10,C05471,PK09,AG04,2,0,3440,0.15,Confirmed,PayPal
BK-2026-02389,2026-06-16,2026-08-10,C05581,PK01,AG10,1,0,555,0.0,Confirmed,M-Pesa
BK-2026-02390,2026-06-16,2026-10-22,C05970,PK09,AG08,1,0,3440,0.0,Canceled,M-Pesa
BK-2026-02391,2026-06-17,2026-08-19,C00047,PK18,AG01,9,0,6875,0.05,Confirmed,M-Pesa
BK-2026-02392,2026-06-17,2026-12-07,C00727,PK14,AG00,2,0,5420,0.0,Confirmed,Bank Transfer
BK-2026-02393,2026-06-17,2026-07-17,C01155,PK11,AG01,2,0,5160,0.1,Confirmed,Bank Transfer
BK-2026-02394,2026-06-17,2026-07-10,C01716,PK16,AG01,1,0,6085,0.0,Confirmed,M-Pesa
BK-2026-02395,2026-06-17,2026-11-08,C02557,PK18,AG00,1,0,5980,0.05,Confirmed,Bank Transfer
BK-2026-02396,2026-06-17,2026-10-03,C02648,PK18,AG10,2,0,6875,0.0,Confirmed,Card
BK-2026-02397,2026-06-17,2026-09-29,C02735,PK07,AG02,5,0,3110,0.0,Confirmed,Card
BK-2026-02398,2026-06-17,2026-07-26,C02754,PK04,AG00,8,0,660,0.1,Confirmed,M-Pesa
BK-2026-02399,2026-06-17,2026-07-21,C02887,PK04,AG01,2,0,660,0.1,Confirmed,Card
BK-2026-02400,2026-06-17,2026-09-12,C03699,PK13,AG08,8,0,8200,0.0,Confirmed,Bank Transfer
BK-2026-02401,2026-06-17,2026-07-30,C04025,PK14,AG10,2,0,5420,0.15,Confirmed,Card
BK-2026-02402,2026-06-17,2026-08-30,C04088,PK07,AG00,1,0,3110,0.05,Confirmed,Card
BK-2026-02403,2026-06-17,2026-08-31,C04151,PK18,AG02,2,0,6875,0.0,Confirmed,Bank Transfer
BK-2026-02404,2026-06-17,2026-12-13,C04162,PK12,AG00,7,0,6350,0.05,Confirmed,Card
BK-2026-02405,2026-06-17,2026-09-10,C04584,PK16,AG00,2,3,6085,0.05,Confirmed,PayPal
BK-2026-02406,2026-06-17,2026-09-25,C04934,PK14,AG11,2,3,5420,0.1,Confirmed,Card
BK-2026-02407,2026-06-17,2026-08-20,C05307,PK05,AG00,2,1,1030,0.0,Confirmed,Card
BK-2026-02408,2026-06-17,2026-08-21,C05327,PK13,AG05,2,0,8200,0.05,Confirmed,Card
BK-2026-02409,2026-06-17,2026-08-28,C05537,PK12,AG04,2,0,6350,0.0,confirmed,Bank Transfer
BK-2026-02410,2026-06-17,2026-08-15,C05622,PK07,AG06,2,0,3110,0.0,Confirmed,Card
BK-2026-02411,2026-06-17,2026-09-08,C05956,PK10,AG00,1,0,1175,0.0,Confirmed,Bank Transfer
BK-2026-02412,2026-06-17,2026-10-27,C05967,PK16,AG00,1,0,6085,0.0,Confirmed,Card
BK-2026-02413,2026-06-17,2026-07-16,C06219,PK01,AG02,2,2,555,0.0,Confirmed,Card
BK-2026-02414,2026-06-17,2026-09-09,C06260,PK12,AG12,11,0,6350,0.0,Confirmed,Bank Transfer
BK-2026-02415,2026-06-18,2026-09-21,C00413,PK11,AG06,2,0,5160,0.0,Confirmed,Card
BK-2026-02416,2026-06-18,2026-10-21,C00476,PK13,AG09,2,0,8200,0.0,Confirmed,PayPal
BK-2026-02417,2026-06-18,2026-11-23,C00754,PK07,AG07,2,3,2700,0.0,Confirmed,Card
BK-2026-02418,2026-06-18,2026-10-13,C00979,PK15,AG07,2,0,5160,0.0,Confirmed,Bank Transfer
BK-2026-02419,2026-06-18,2026-08-18,C01284,PK06,AG02,2,0,1655,0.0,Confirmed,Card
BK-2026-02420,2026-06-18,2026-08-08,C01418,PK12,AG02,2,2,6350,0.1,Confirmed,Bank Transfer
BK-2026-02421,2026-06-18,2026-07-07,C01570,PK01,AG03,2,0,555,0.0,Canceled,Bank Transfer
BK-2026-02422,2026-06-18,2026-08-07,C01923,PK16,AG00,2,2,6085,0.0,Confirmed,Bank Transfer
BK-2026-02423,2026-06-18,2026-10-04,C02023,PK02,AG11,2,0,505,0.0,Confirmed,M-Pesa
BK-2026-02424,2026-06-18,2026-11-23,C02394,PK11,AG10,2,2,4485,0.0,Confirmed,M-Pesa
BK-2026-02425,2026-06-18,2026-08-24,C02452,PK13,AG12,9,0,8200,0.05,Confirmed,Card
BK-2026-02426,2026-06-18,2026-09-06,C02840,PK17,AG00,2,0,12960,0.0,Confirmed,M-Pesa
BK-2026-02427,2026-06-18,2026-07-24,C03060,PK16,AG03,6,0,6085,0.05,confirmed,Card
BK-2026-02428,2026-06-18,2026-11-07,C03100,PK12,AG00,2,0,5520,0.1,Confirmed,PayPal
BK-2026-02429,2026-06-18,2026-08-03,C03995,PK06,AG04,2,0,1655,0.15,Confirmed,Card
BK-2026-02430,2026-06-18,2026-08-13,C04107,PK15,AG00,5,0,5160,0.1,Confirmed ,Card
BK-2026-02431,2026-06-18,2026-07-22,C04226,PK16,AG01,2,1,6085,0.0,confirmed,Bank Transfer
BK-2026-02432,2026-06-18,2026-07-23,C04312,PK07,AG03,5,0,3110,0.0,Cancelled,Card
BK-2026-02433,2026-06-18,2026-08-19,C04427,PK02,AG00,1,0,505,0.0,Confirmed,Bank Transfer
BK-2026-02434,2026-06-18,2026-07-14,C04430,PK10,AG02,1,0,1175,0.05,Confirmed,Bank Transfer
BK-2026-02435,2026-06-18,2026-12-19,C04713,PK16,AG00,2,0,6085,0.0,Cancelled,Card
BK-2026-02436,2026-06-18,2026-10-10,C04887,PK13,AG08,1,0,8200,0.0,Confirmed,Bank Transfer
BK-2026-02437,2026-06-18,2026-12-10,C05337,PK13,AG02,4,0,8200,0.1,Confirmed,Card
BK-2026-02438,2026-06-18,2026-08-02,C05610,PK10,AG02,2,0,1175,0.0,Confirmed,Card
BK-2026-02439,2026-06-18,2026-12-28,C05619,PK12,AG00,2,0,6350,0.0,Confirmed,Bank Transfer
BK-2026-02440,2026-06-18,2026-10-13,C05756,PK14,AG00,2,2,5420,0.1,Confirmed,Bank Transfer
BK-2026-02441,2026-06-18,2026-12-24,C05767,PK16,AG05,2,0,6085,0.05,Confirmed,Card
BK-2026-02442,2026-06-18,2026-07-22,C06127,PK12,AG00,1,0,6350,0.0,Confirmed,Card
BK-2026-02443,2026-06-19,2026-08-25,C00205,PK18,AG00,2,0,6875,0.0,Confirmed,Bank Transfer
BK-2026-02444,2026-06-19,2026-07-08,C00924,PK07,AG01,2,1,3110,0.1,confirmed,Card
BK-2026-02445,2026-06-19,2026-09-03,C01063,PK13,AG00,2,2,8200,0.0,Confirmed,M-Pesa
BK-2026-02446,2026-06-19,2026-08-04,C02072,PK14,AG04,2,0,5420,0.0,Confirmed,Card
BK-2026-02447,2026-06-19,2026-07-02,C02224,PK12,AG11,1,0,6350,0.15,Confirmed,PayPal
BK-2026-02448,2026-06-19,2026-08-19,C02729,PK06,AG03,1,0,1655,0.0,Confirmed,Card
BK-2026-02449,2026-06-19,2026-09-25,C03161,PK09,AG02,6,0,3440,0.1,Confirmed ,Card
BK-2026-02450,2026-06-19,2026-08-21,C03248,PK09,AG00,6,0,3440,0.0,Confirmed,M-Pesa
BK-2026-02451,2026-06-19,2026-09-19,C03262,PK16,AG05,1,0,6085,0.1,Confirmed,PayPal
BK-2026-02452,2026-06-19,2026-10-16,C03305,PK12,AG00,2,0,6350,0.05,Confirmed,M-Pesa
BK-2026-02453,2026-06-19,2026-08-16,C03805,PK07,AG06,2,1,3110,0.0,Confirmed,Card
BK-2026-02454,2026-06-19,2026-08-14,C04246,PK03,AG04,1,0,715,0.15,Confirmed ,Card
BK-2026-02455,2026-06-19,2026-10-18,C05069,PK12,AG02,1,0,6350,0.1,Confirmed ,Bank Transfer
BK-2026-02456,2026-06-19,2026-07-13,C05215,PK03,AG00,2,1,715,0.0,Confirmed,Card
BK-2026-02457,2026-06-19,2026-07-26,C05628,PK05,AG00,2,0,1030,0.1,Confirmed,Bank Transfer
BK-2026-02458,2026-06-19,2026-08-01,C06175,PK08,AG03,4,0,1560,0.0,Confirmed,M-Pesa
BK-2026-02459,2026-06-19,2026-07-28,C06297,PK07,AG00,1,0,3110,0.0,Confirmed,Bank Transfer
BK-2026-02460,2026-06-20,2026-09-08,C00040,PK15,AG00,1,0,5160,0.1,Confirmed,Card
BK-2026-02461,2026-06-20,2026-07-18,C00175,PK01,AG00,2,0,555,0.0,Cancelled,Bank Transfer
BK-2026-02462,2026-06-20,2026-07-18,C00207,PK13,AG01,1,0,8200,0.0,Confirmed ,Bank Transfer
BK-2026-02463,2026-06-20,2026-07-30,C00461,PK09,AG03,6,0,3440,0.05,Confirmed,Bank Transfer
BK-2026-02464,2026-06-20,2026-07-01,C00770,PK03,AG11,7,0,715,0.15,Confirmed ,M-Pesa
BK-2026-02465,2026-06-20,2026-08-10,C00985,PK10,AG02,2,3,1175,0.0,Cancelled ,Card
BK-2026-02466,2026-06-20,2026-08-01,C01062,PK09,AG03,2,3,3440,0.0,Confirmed,Bank Transfer
BK-2026-02467,2026-06-20,2026-07-22,C01449,PK04,AG04,2,3,660,0.15,Canceled,Card
BK-2026-02468,2026-06-20,2026-09-15,C02623,PK10,AG00,8,0,1175,0.1,Cancelled,Bank Transfer
BK-2026-02469,2026-06-20,2026-09-09,C02737,PK13,AG04,2,2,8200,0.0,Confirmed,Bank Transfer
BK-2026-02470,2026-06-20,2026-09-11,C03007,PK06,AG05,7,0,1655,0.0,Confirmed,M-Pesa
BK-2026-02471,2026-06-20,2026-07-27,C03171,PK18,AG04,1,0,6875,0.05,Confirmed,M-Pesa
BK-2026-02472,2026-06-20,2026-08-07,C04494,PK05,AG13,3,0,1030,0.05,Confirmed,Card
BK-2026-02473,2026-06-20,2026-09-10,C04583,PK15,AG11,2,0,5160,0.0,Confirmed,Bank Transfer
BK-2026-02474,2026-06-20,2026-07-30,C05267,PK07,AG03,2,0,3110,0.0,Confirmed,M-Pesa
BK-2026-02475,2026-06-20,2026-07-27,C05431,PK03,AG00,2,0,715,0.0,Confirmed,PayPal
BK-2026-02476,2026-06-20,2026-06-26,C05552,PK05,AG00,2,2,895,0.05,Confirmed,PayPal
BK-2026-02477,2026-06-21,2026-09-28,C00927,PK14,AG00,1,0,5420,0.0,Confirmed,PayPal
BK-2026-02478,2026-06-21,2026-09-07,C01941,PK02,AG06,1,0,505,0.05,Confirmed,Bank Transfer
BK-2026-02479,2026-06-21,2026-06-26,C02063,PK09,AG12,9,0,2990,0.1,Confirmed,Bank Transfer
BK-2026-02480,2026-06-21,2026-07-30,C02305,PK03,AG00,1,0,715,0.0,Confirmed,Card
BK-2026-02481,2026-06-21,2026-07-17,C02864,PK12,AG07,2,0,6350,0.0,Confirmed,Card
BK-2026-02482,2026-06-21,2026-09-14,C02979,PK06,AG00,9,0,1655,0.1,Confirmed,Card
BK-2026-02483,2026-06-21,2026-08-08,C03286,PK06,AG00,2,1,1655,0.1,Confirmed,M-Pesa
BK-2026-02484,2026-06-21,2026-08-03,C03649,PK11,AG00,5,0,5160,0.1,Confirmed,Card
BK-2026-02485,2026-06-21,2026-08-18,C03757,PK01,AG04,2,1,555,,Confirmed,Card
BK-2026-02486,2026-06-21,2026-08-08,C03835,PK06,AG04,2,0,1655,0.0,Canceled,PayPal
BK-2026-02487,2026-06-21,2026-07-11,C03864,PK02,AG06,2,2,505,0.05,Confirmed,Bank Transfer
BK-2026-02488,2026-06-21,2026-10-28,C04641,PK17,AG04,2,2,12960,0.0,Cancelled,Bank Transfer
BK-2026-02489,2026-06-21,2026-12-14,C05018,PK12,AG09,6,0,6350,0.1,Confirmed,Bank Transfer
BK-2026-02490,2026-06-21,2026-07-23,C05250,PK06,AG03,2,0,1655,0.0,Confirmed,Card
BK-2026-02491,2026-06-21,2026-09-26,C05512,PK07,AG11,1,0,3110,0.05,Confirmed,Card
BK-2026-02492,2026-06-21,2026-08-13,C06175,PK06,AG00,7,0,1655,0.0,Confirmed,M-Pesa
BK-2026-02493,2026-06-21,2026-07-22,C06464,PK04,AG09,1,0,660,0.0,Confirmed,Bank Transfer
BK-2026-02494,2026-06-21,2026-11-16,C06484,PK17,AG07,2,0,11270,,Confirmed,Bank Transfer
BK-2026-02495,2026-06-22,2026-10-04,C00377,PK09,AG03,2,0,3440,0.05,Confirmed,PayPal
BK-2026-02496,2026-06-22,2026-08-24,C00407,PK03,AG07,1,0,715,0.0,confirmed,Card
BK-2026-02497,2026-06-22,2026-08-26,C00884,PK04,AG00,2,0,660,0.0,Confirmed,Bank Transfer
BK-2026-02498,2026-06-22,2026-06-30,C00969,PK05,AG06,2,3,895,0.0,Confirmed,Bank Transfer
BK-2026-02499,2026-06-22,2026-07-10,C01531,PK05,AG12,12,0,1030,0.1,Confirmed,PayPal
BK-2026-02500,2026-06-22,2026-07-14,C01636,PK06,AG00,2,0,1655,0.0,Confirmed,Bank Transfer
BK-2026-02501,2026-06-22,2026-09-23,C01696,PK08,AG02,2,0,1560,,Confirmed,PayPal
BK-2026-02502,2026-06-22,2026-11-22,C01736,PK18,AG11,1,0,5980,0.0,Confirmed,Card
BK-2026-02503,2026-06-22,2026-08-02,C01738,PK06,AG06,2,3,1655,0.05,Confirmed,PayPal
BK-2026-02504,2026-06-22,2026-11-26,C02025,PK10,AG00,2,2,1025,0.0,Cancelled,Card
BK-2026-02505,2026-06-22,2026-07-22,C02120,PK12,AG09,2,2,6350,0.0,Confirmed,Bank Transfer
BK-2026-02506,2026-06-22,2026-08-16,C02186,PK01,AG03,5,0,555,0.1,Confirmed,Card
BK-2026-02507,2026-06-22,2026-11-06,C02222,PK12,AG03,2,1,5520,0.1,Confirmed,Card
BK-2026-02508,2026-06-22,2026-08-14,C02463,PK10,AG00,9,0,1175,0.1,Cancelled,Card
BK-2026-02509,2026-06-22,2026-07-20,C03878,PK07,AG03,2,0,3110,0.1,Confirmed,Card
BK-2026-02510,2026-06-22,2026-07-31,C03879,PK03,AG02,2,0,715,0.05,Confirmed,Card
BK-2026-02511,2026-06-22,2026-07-22,C04156,PK06,AG00,2,2,1655,0.05,Confirmed,Bank Transfer
BK-2026-02512,2026-06-22,2026-08-09,C04468,PK15,AG01,2,0,5160,0.0,Confirmed,M-Pesa
BK-2026-02513,2026-06-22,2026-08-19,C05011,PK03,AG00,2,3,715,0.0,Confirmed,Card
BK-2026-02514,2026-06-22,2026-09-23,C06213,PK16,AG02,2,0,6085,0.0,confirmed,Bank Transfer
BK-2026-02515,2026-06-22,2026-08-22,C06274,PK05,AG03,2,0,1030,0.0,Canceled,Bank Transfer
BK-2026-02516,2026-06-22,2026-07-31,C06439,PK03,AG09,7,0,715,0.05,Confirmed,Card
BK-2026-02517,2026-06-23,2026-08-07,C00089,PK12,AG01,2,0,6350,0.0,Confirmed,Bank Transfer
BK-2026-02518,2026-06-23,2026-09-07,C00805,PK13,AG01,8,0,8200,0.1,Confirmed,M-Pesa
BK-2026-02519,2026-06-23,2026-07-03,C00879,PK12,AG00,7,0,6350,0.1,Cancelled,Bank Transfer
BK-2026-02520,2026-06-23,2026-08-29,C01227,PK17,AG00,12,0,12960,0.0,Confirmed,Card
BK-2026-02521,2026-06-23,2026-08-24,C01688,PK07,AG00,9,0,3110,0.05,Confirmed,Bank Transfer
BK-2026-02522,2026-06-23,2026-07-30,C01900,PK10,AG12,6,0,1175,0.1,Confirmed,Card
BK-2026-02523,2026-06-23,2026-11-28,C02147,PK16,AG03,5,0,5290,0.1,Confirmed,PayPal
BK-2026-02524,2026-06-23,2026-12-27,C02234,PK09,AG03,2,0,3440,0.1,Confirmed,Card
BK-2026-02525,2026-06-23,2026-08-16,C02259,PK05,AG02,1,0,1030,0.0,Confirmed,M-Pesa
BK-2026-02526,2026-06-23,2026-11-05,C02437,PK15,AG00,1,0,4485,0.1,Confirmed,Card
BK-2026-02527,2026-06-23,2026-07-14,C02684,PK02,AG02,2,2,505,0.0,Confirmed,M-Pesa
BK-2026-02528,2026-06-23,2026-07-14,C02959,PK13,AG05,8,0,8200,0.1,Confirmed,Card
BK-2026-02529,2026-06-23,2026-09-27,C03129,PK09,AG00,1,0,3440,0.0,Confirmed,M-Pesa
BK-2026-02530,2026-06-23,2026-07-29,C03441,PK06,AG10,5,0,1655,0.1,Confirmed,Card
BK-2026-02531,2026-06-23,2026-08-16,C03585,PK07,AG00,2,3,3110,0.15,Confirmed,Card
BK-2026-02532,2026-06-23,2026-06-30,C04283,PK03,AG00,2,0,620,0.05,Confirmed,Bank Transfer
BK-2026-02533,2026-06-23,2026-07-19,C04432,PK07,AG00,2,0,3110,0.0,Confirmed,M-Pesa
BK-2026-02534,2026-06-23,2026-09-07,C04580,PK01,AG01,2,0,555,0.15,Cancelled,Bank Transfer
BK-2026-02535,2026-06-23,2026-08-02,C04837,PK17,AG01,2,0,12960,0.1,Confirmed,Bank Transfer
BK-2026-02536,2026-06-23,2026-10-01,C04889,PK10,AG00,2,0,1175,0.0,Confirmed,PayPal
BK-2026-02537,2026-06-23,2026-09-03,C05277,PK13,AG01,1,0,8200,0.1,CONFIRMED,PayPal
BK-2026-02538,2026-06-23,2026-08-17,C05318,PK16,AG08,1,0,6085,0.0,Confirmed,M-Pesa
BK-2026-02539,2026-06-23,2026-07-02,C05625,PK09,AG13,9,0,3440,0.05,Confirmed,Bank Transfer
BK-2026-02540,2026-06-23,2026-08-06,C05989,PK01,AG00,2,3,555,0.15,Confirmed,Card
BK-2026-02541,2026-06-23,2026-07-29,C06448,PK04,AG00,1,0,660,0.0,Confirmed,Card
BK-2026-02542,2026-06-24,2026-09-10,C00658,PK13,AG01,1,0,8200,0.0,Confirmed,Bank Transfer
BK-2026-02543,2026-06-24,2026-10-17,C00753,PK13,AG00,2,0,8200,0.05,Confirmed,M-Pesa
BK-2026-02544,2026-06-24,2026-06-28,C00804,PK04,AG00,2,0,575,0.0,Confirmed,Bank Transfer
BK-2026-02545,2026-06-24,2026-07-18,C00812,PK01,AG00,2,0,555,0.0,Confirmed,PayPal
BK-2026-02546,2026-06-24,2026-09-09,C00866,PK01,AG10,4,0,555,,Confirmed,Bank Transfer
BK-2026-02547,2026-06-24,2026-08-09,C01240,PK06,AG03,2,0,1655,0.0,Confirmed,Card
BK-2026-02548,2026-06-24,2026-07-24,C01247,PK04,AG07,2,3,660,0.0,Confirmed,Card
BK-2026-02549,2026-06-24,2026-10-25,C01283,PK15,AG12,6,0,5160,0.05,Confirmed,Card
BK-2026-02550,2026-06-24,2026-09-15,C01425,PK18,AG05,2,0,6875,0.0,Confirmed,Bank Transfer
BK-2026-02551,2026-06-24,2026-08-01,C01698,PK09,AG00,8,0,3440,0.1,Confirmed,Card
BK-2026-02552,2026-06-24,2026-08-29,C02222,PK18,AG06,2,3,6875,0.05,Cancelled,Bank Transfer
BK-2026-02553,2026-06-24,2026-09-29,C02292,PK06,AG08,2,1,1655,0.0,Confirmed,Card
BK-2026-02554,2026-06-24,2026-08-19,C02595,PK12,AG11,2,0,6350,0.0,Confirmed,Bank Transfer
BK-2026-02555,2026-06-24,2026-10-23,C02944,PK14,AG00,2,0,5420,0.0,Confirmed,PayPal
BK-2026-02556,2026-06-24,2026-09-18,C03007,PK13,AG13,12,0,8200,0.1,Confirmed,PayPal
BK-2026-02557,2026-06-24,2026-09-04,C03074,PK11,AG02,2,2,5160,0.0,Canceled,M-Pesa
BK-2026-02558,2026-06-24,2026-07-02,C03183,PK09,AG00,1,0,3440,0.0,Confirmed,M-Pesa
BK-2026-02559,2026-06-24,2026-07-04,C03549,PK11,AG00,5,0,5160,0.05,Confirmed,Card
BK-2026-02560,2026-06-24,2026-07-12,C03595,PK09,AG02,8,0,3440,0.15,Confirmed,Bank Transfer
BK-2026-02561,2026-06-24,2026-08-12,C03798,PK09,AG00,2,1,3440,0.05,Confirmed ,Card
BK-2026-02562,2026-06-24,2026-07-22,C03991,PK01,AG03,1,0,555,0.05,Confirmed,Bank Transfer
BK-2026-02563,2026-06-24,2026-07-05,C04048,PK01,AG00,8,0,555,0.1,Confirmed,Card
BK-2026-02564,2026-06-24,2026-07-31,C04050,PK12,AG11,8,0,6350,0.1,Confirmed,Bank Transfer
BK-2026-02565,2026-06-24,2026-08-30,C04102,PK02,AG08,4,0,505,0.0,Confirmed,Card
BK-2026-02566,2026-06-24,2026-10-18,C04223,PK11,AG00,4,0,5160,0.1,Confirmed,Card
BK-2026-02567,2026-06-24,2026-08-16,C04910,PK12,AG00,2,0,6350,0.0,Confirmed,PayPal
BK-2026-02568,2026-06-24,2026-12-24,C05353,PK18,AG02,2,2,6875,0.0,Confirmed,Bank Transfer
BK-2026-02569,2026-06-24,2026-08-02,C05676,PK05,AG03,2,0,1030,0.0,Confirmed,Bank Transfer
BK-2026-02570,2026-06-24,2026-08-11,C05863,PK01,AG00,2,2,555,0.0,Confirmed,Card
BK-2026-02571,2026-06-24,2026-12-15,C06282,PK13,AG01,1,0,8200,0.05,Cancelled,PayPal
BK-2026-02572,2026-06-24,2026-09-03,C06384,PK07,AG04,2,0,3110,0.1,Confirmed,PayPal
BK-2026-02573,2026-06-25,2026-08-23,C00683,PK04,AG07,1,0,660,0.0,Confirmed,Card
BK-2026-02574,2026-06-25,2026-10-22,C00851,PK18,AG04,2,2,6875,0.05,Confirmed,M-Pesa
BK-2026-02575,2026-06-25,2026-08-30,C00925,PK06,AG02,1,0,1655,0.0,Cancelled,Card
BK-2026-02576,2026-06-25,2026-08-13,C01837,PK07,AG02,8,0,3110,0.15,Confirmed,Card
BK-2026-02577,2026-06-25,2026-12-14,C02005,PK18,AG00,2,0,6875,0.0,Confirmed,Bank Transfer
BK-2026-02578,2026-06-25,2026-08-31,C02561,PK06,AG00,12,0,1655,0.1,confirmed,Card
BK-2026-02579,2026-06-25,2026-08-06,C02733,PK14,AG00,2,0,5420,0.0,Confirmed,Card
BK-2026-02580,2026-06-25,2026-08-23,C02888,PK15,AG04,2,0,5160,0.0,Confirmed,Card
BK-2026-02581,2026-06-25,2026-08-23,C03164,PK16,AG12,3,0,6085,0.1,Confirmed,M-Pesa
BK-2026-02582,2026-06-25,2026-09-14,C03205,PK06,AG00,2,0,1655,0.0,Confirmed,Card
BK-2026-02583,2026-06-25,2026-08-17,C03394,PK06,AG00,2,0,1655,0.1,Confirmed,PayPal
BK-2026-02584,2026-06-25,2026-09-03,C03496,PK12,AG02,1,0,6350,0.0,Confirmed,Card
BK-2026-02585,2026-06-25,2026-06-29,C03919,PK05,AG03,8,0,895,0.0,Confirmed,PayPal
BK-2026-02586,2026-06-25,2026-08-15,C04389,PK08,AG01,2,0,1560,0.0,Confirmed,PayPal
BK-2026-02587,2026-06-25,2026-07-28,C04461,PK09,AG03,2,1,3440,0.0,Confirmed,Card
BK-2026-02588,2026-06-25,2026-10-18,C04559,PK07,AG06,7,0,3110,0.0,Confirmed,Card
BK-2026-02589,2026-06-25,2026-08-01,C04958,PK01,AG04,10,0,555,0.15,confirmed,Bank Transfer
BK-2026-02590,2026-06-25,2026-09-28,C05129,PK07,AG00,2,0,3110,0.1,Confirmed,M-Pesa
BK-2026-02591,2026-06-25,2026-10-14,C05730,PK11,AG00,2,0,5160,0.0,Confirmed,Card
BK-2026-02592,2026-06-25,2026-09-30,C06232,PK18,AG02,1,0,6875,0.0,Confirmed,PayPal
BK-2026-02593,2026-06-26,2026-08-31,C00045,PK18,AG00,8,0,6875,0.0,Confirmed,M-Pesa
BK-2026-02594,2026-06-26,2026-07-14,C00065,PK01,AG00,2,2,555,0.05,Confirmed,Card
BK-2026-02595,2026-06-26,2026-07-22,C00243,PK04,AG00,2,0,660,0.15,Cancelled,Bank Transfer
BK-2026-02596,2026-06-26,2026-07-13,C00426,PK07,AG05,2,0,3110,0.0,Confirmed,Bank Transfer
BK-2026-02597,2026-06-26,2026-07-09,C00449,PK07,AG02,2,2,3110,0.05,Confirmed,Card
BK-2026-02598,2026-06-26,2026-07-10,C00736,PK06,AG04,2,2,1655,0.0,Confirmed,Card
BK-2026-02599,2026-06-26,2026-07-25,C00791,PK01,AG00,5,0,555,,Confirmed,Card
BK-2026-02600,2026-06-26,2026-09-17,C00979,PK18,AG02,2,0,6875,0.05,Cancelled,Bank Transfer
BK-2026-02601,2026-06-26,2026-08-18,C01048,PK02,AG00,1,0,505,0.0,Confirmed,PayPal
BK-2026-02602,2026-06-26,2026-12-09,C01078,PK18,AG01,12,0,6875,0.1,Confirmed,Card
BK-2026-02603,2026-06-26,2026-10-12,C01399,PK12,AG03,2,2,6350,0.0,Confirmed,Card
BK-2026-02604,2026-06-26,2026-08-13,C01466,PK06,AG02,2,0,1655,0.05,Confirmed,Card
BK-2026-02605,2026-06-26,2026-07-14,C01862,PK07,AG04,1,0,3110,0.0,Confirmed,Bank Transfer
BK-2026-02606,2026-06-26,2026-08-05,C01879,PK04,AG06,1,0,660,0.0,Confirmed,Card
BK-2026-02607,2026-06-26,2026-07-27,C02538,PK04,AG00,2,2,660,0.0,Cancelled,Bank Transfer
BK-2026-02608,2026-06-26,2026-08-24,C02810,PK18,AG03,2,0,6875,0.05,Confirmed,Card
BK-2026-02609,2026-06-26,2026-07-12,C03092,PK08,AG05,6,0,1560,0.05,Confirmed,Card
BK-2026-02610,2026-06-26,2026-09-20,C04108,PK12,AG05,2,0,6350,0.0,Confirmed,Bank Transfer
BK-2026-02611,2026-06-26,2026-09-14,C04827,PK11,AG00,2,2,5160,0.05,confirmed,Card
BK-2026-02612,2026-06-26,2026-08-31,C04911,PK05,AG02,2,3,1030,0.0,Confirmed,Bank Transfer
BK-2026-02613,2026-06-26,2026-07-14,C05621,PK17,AG00,2,0,12960,0.0,Confirmed,PayPal
BK-2026-02614,2026-06-26,2026-08-02,C05692,PK05,AG00,5,0,1030,0.1,Confirmed,Card
BK-2026-02615,2026-06-26,2026-12-18,C06067,PK18,AG04,2,3,6875,0.0,Confirmed,PayPal
BK-2026-02616,2026-06-27,2026-08-10,C00243,PK10,AG00,2,0,1175,0.0,Confirmed,Bank Transfer
BK-2026-02617,2026-06-27,2026-07-05,C00429,PK03,AG00,2,2,715,0.0,Confirmed,Bank Transfer
BK-2026-02618,2026-06-27,2026-09-16,C00652,PK18,AG00,2,3,6875,0.0,Confirmed,M-Pesa
BK-2026-02619,2026-06-27,2026-08-26,C01114,PK14,AG02,2,0,5420,0.0,Confirmed,Bank Transfer
BK-2026-02620,2026-06-27,2026-09-26,C01468,PK05,AG01,2,1,1030,0.0,Confirmed,M-Pesa
BK-2026-02621,2026-06-27,2026-08-05,C01807,PK01,AG01,2,0,555,0.0,Confirmed,PayPal
BK-2026-02622,2026-06-27,2026-08-08,C02146,PK06,AG08,2,0,1655,0.0,Confirmed,Bank Transfer
BK-2026-02623,2026-06-27,2026-08-06,C02284,PK01,AG00,1,0,555,0.0,confirmed,Bank Transfer
BK-2026-02624,2026-06-27,2026-08-30,C02335,PK17,AG01,2,1,12960,0.0,Confirmed,Bank Transfer
BK-2026-02625,2026-06-27,2026-09-30,C02374,PK11,AG00,2,0,5160,0.05,Confirmed,Card
BK-2026-02626,2026-06-27,2026-07-08,C02911,PK07,AG00,2,0,3110,,Cancelled,Card
BK-2026-02627,2026-06-27,2026-09-26,C02980,PK18,AG02,2,0,6875,0.05,Cancelled,PayPal
BK-2026-02628,2026-06-27,2026-11-22,C03183,PK16,AG00,1,0,5290,0.1,Confirmed,PayPal
BK-2026-02629,2026-06-27,2026-09-22,C03306,PK16,AG02,3,0,6085,0.0,Canceled,Bank Transfer
BK-2026-02630,2026-06-27,2026-08-11,C03940,PK05,AG00,2,1,1030,0.0,Confirmed,Card
BK-2026-02631,2026-06-27,2026-08-26,C04002,PK18,AG00,9,0,6875,0.1,Confirmed,Card
BK-2026-02632,2026-06-27,2026-08-29,C04697,PK13,AG06,1,0,8200,0.0,confirmed,Card
BK-2026-02633,2026-06-27,2026-07-13,C04943,PK06,AG00,2,1,1655,,Confirmed,Bank Transfer
BK-2026-02634,2026-06-27,2026-08-19,C04985,PK06,AG11,2,0,1655,0.1,Confirmed ,Bank Transfer
BK-2026-02635,2026-06-27,2026-08-23,C05494,PK14,AG00,2,3,5420,0.0,Confirmed,Card
BK-2026-02636,2026-06-27,2026-10-10,C05544,PK10,AG02,2,0,1175,0.0,Confirmed,PayPal
BK-2026-02637,2026-06-28,2026-08-07,C00101,PK06,AG11,5,0,1655,0.05,Confirmed,Bank Transfer
BK-2026-02638,2026-06-28,2026-12-12,C00182,PK06,AG00,2,3,1655,0.05,Confirmed,Bank Transfer
BK-2026-02639,2026-06-28,2026-08-12,C00278,PK14,AG00,2,0,5420,0.0,cancelled,PayPal
BK-2026-02640,2026-06-28,2026-09-04,C00800,PK06,AG03,2,0,1655,0.05,Confirmed,Card
BK-2026-02641,2026-06-28,2026-07-20,C00882,PK01,AG04,2,3,555,0.1,Confirmed,Card
BK-2026-02642,2026-06-28,2026-10-06,C01056,PK06,AG00,2,0,1655,0.05,confirmed,Card
BK-2026-02643,2026-06-28,2026-08-08,C01418,PK02,AG09,2,2,505,0.0,Confirmed,Card
BK-2026-02644,2026-06-28,2026-07-16,C01556,PK05,AG00,1,0,1030,0.0,Confirmed,Card
BK-2026-02645,2026-06-28,2026-07-15,C01732,PK11,AG00,6,0,5160,0.1,Confirmed,PayPal
BK-2026-02646,2026-06-28,2026-10-08,C01864,PK12,AG10,2,0,6350,0.0,confirmed,Card
BK-2026-02647,2026-06-28,2026-08-22,C02319,PK01,AG00,2,0,555,0.0,Cancelled,PayPal
BK-2026-02648,2026-06-28,2026-10-29,C02596,PK14,AG00,1,0,5420,0.0,Confirmed,M-Pesa
BK-2026-02649,2026-06-28,2026-12-15,C03811,PK17,AG01,1,0,12960,0.05,Confirmed,M-Pesa
BK-2026-02650,2026-06-28,2026-07-18,C04149,PK08,AG06,9,0,1560,0.05,Confirmed,Card
BK-2026-02651,2026-06-28,2026-09-27,C04153,PK17,AG03,5,0,12960,,Confirmed,M-Pesa
BK-2026-02652,2026-06-28,2026-11-18,C04585,PK18,AG00,2,0,5980,0.0,Confirmed,M-Pesa
BK-2026-02653,2026-06-28,2026-08-06,C04636,PK02,AG00,2,0,505,0.0,Confirmed,PayPal
BK-2026-02654,2026-06-28,2026-09-02,C04758,PK08,AG04,6,0,1560,0.1,Confirmed,Card
BK-2026-02655,2026-06-28,2026-08-27,C04891,PK11,AG09,2,1,5160,0.1,Confirmed,Bank Transfer
BK-2026-02656,2026-06-28,2026-08-01,C04928,PK10,AG06,1,0,1175,0.0,Confirmed,Card
BK-2026-02657,2026-06-28,2026-07-31,C04941,PK01,AG03,1,0,555,0.0,Confirmed,Card
BK-2026-02658,2026-06-28,2026-07-06,C05438,PK01,AG06,2,0,555,0.0,Confirmed,Card
BK-2026-02659,2026-06-28,2026-10-18,C05588,PK18,AG10,2,3,6875,0.05,Confirmed,Card
BK-2026-02660,2026-06-28,2026-08-11,C05957,PK12,AG11,1,0,6350,0.0,Confirmed ,Card
BK-2026-02661,2026-06-28,2026-10-10,C06202,PK15,AG03,2,3,5160,0.0,Confirmed,Card
BK-2026-02662,2026-06-28,2026-09-18,C06371,PK13,AG02,2,1,8200,0.1,Confirmed,Bank Transfer
BK-2026-02663,2026-06-29,2026-07-14,C00049,PK02,AG05,1,0,505,0.0,Confirmed,M-Pesa
BK-2026-02664,2026-06-29,2026-11-24,C00417,PK12,AG00,1,0,5520,0.0,Confirmed,PayPal
BK-2026-02665,2026-06-29,2026-08-21,C01063,PK15,AG02,2,3,5160,0.0,CONFIRMED,Card
BK-2026-02666,2026-06-29,2026-08-29,C01928,PK06,AG02,2,0,1655,0.1,Confirmed,PayPal
BK-2026-02667,2026-06-29,2026-12-08,C02100,PK18,AG00,2,0,6875,0.05,Confirmed,Card
BK-2026-02668,2026-06-29,2026-08-25,C02262,PK03,AG10,2,0,715,0.05,Confirmed,PayPal
BK-2026-02669,2026-06-29,2026-10-21,C02703,PK18,AG04,2,0,6875,0.1,Confirmed,Bank Transfer
BK-2026-02670,2026-06-29,2026-07-06,C02822,PK11,AG00,5,0,5160,0.1,Cancelled,Card
BK-2026-02671,2026-06-29,2026-08-06,C03008,PK05,AG00,2,2,1030,0.0,Confirmed,Card
BK-2026-02672,2026-06-29,2026-07-23,C03310,PK05,AG01,2,2,1030,0.1,Cancelled,Card
BK-2026-02673,2026-06-29,2026-08-14,C04188,PK17,AG00,5,0,12960,0.0,confirmed,Card
BK-2026-02674,2026-06-29,2026-09-10,C04222,PK06,AG13,12,0,1655,0.15,Confirmed,Bank Transfer
BK-2026-02675,2026-06-29,2026-10-24,C04228,PK09,AG06,2,1,3440,0.1,Confirmed,Card
BK-2026-02676,2026-06-29,2026-07-18,C04530,PK05,AG02,5,0,1030,0.05,Confirmed,Card
BK-2026-02677,2026-06-29,2026-08-19,C04678,PK10,AG11,2,0,1175,0.0,Confirmed,Card
BK-2026-02678,2026-06-29,2026-09-20,C05098,PK12,AG01,2,2,6350,0.0,Confirmed,PayPal
BK-2026-02679,2026-06-29,2026-12-25,C05889,PK18,AG00,2,3,6875,0.0,Confirmed,Bank Transfer
BK-2026-02680,2026-06-29,2026-07-04,C06278,PK04,AG01,2,1,660,0.05,Confirmed,PayPal
BK-2026-02681,2026-06-29,2026-07-14,C06378,PK02,AG00,1,0,505,0.0,Confirmed,Card
BK-2026-02682,2026-06-30,2026-11-19,C00137,PK12,AG07,1,0,5520,0.0,Confirmed,Card
BK-2026-02683,2026-06-30,2026-10-17,C00138,PK15,AG07,2,0,5160,0.0,Confirmed,Card
BK-2026-02684,2026-06-30,2026-07-27,C00209,PK13,AG08,4,0,8200,0.1,Confirmed,PayPal
BK-2026-02685,2026-06-30,2026-11-02,C00257,PK12,AG08,1,0,5520,0.05,Confirmed,PayPal
BK-2026-02686,2026-06-30,2026-11-26,C00482,PK12,AG07,1,0,5520,0.0,Confirmed,PayPal
BK-2026-02687,2026-06-30,2026-07-21,C00668,PK10,AG04,6,0,1175,0.0,Confirmed,Card
BK-2026-02688,2026-06-30,2026-10-25,C00867,PK12,AG00,2,0,6350,0.0,Confirmed,Card
BK-2026-02689,2026-06-30,2026-08-05,C00917,PK16,AG00,2,2,6085,0.0,Confirmed,Bank Transfer
BK-2026-02690,2026-06-30,2026-10-06,C00941,PK13,AG08,2,2,8200,0.0,Confirmed,Card
BK-2026-02691,2026-06-30,2026-11-10,C01233,PK18,AG09,8,0,5980,0.1,Confirmed,Card
BK-2026-02692,2026-06-30,2026-07-11,C01278,PK01,AG02,1,0,555,0.15,Confirmed,PayPal
BK-2026-02693,2026-06-30,2026-07-22,C01412,PK07,AG05,1,0,3110,,CONFIRMED,Bank Transfer
BK-2026-02694,2026-06-30,2026-11-08,C01725,PK08,AG05,1,0,1355,0.0,Confirmed,Bank Transfer
BK-2026-02695,2026-06-30,2026-08-12,C01949,PK02,AG00,2,0,505,0.1,Confirmed,M-Pesa
BK-2026-02696,2026-06-30,2026-07-20,C02565,PK02,AG00,8,0,505,0.1,Confirmed,Bank Transfer
BK-2026-02697,2026-06-30,2026-08-17,C02893,PK14,AG04,7,0,5420,0.05,Confirmed,PayPal
BK-2026-02698,2026-06-30,2026-08-04,C03068,PK03,AG00,8,0,715,0.1,Confirmed,Card
BK-2026-02699,2026-06-30,2026-09-21,C03167,PK06,AG02,2,0,1655,0.0,Confirmed,Card
BK-2026-02700,2026-06-30,2026-07-17,C04308,PK08,AG12,3,0,1560,0.1,Confirmed,Card
BK-2026-02701,2026-06-30,2026-10-14,C04377,PK12,AG02,2,0,6350,0.1,Confirmed,M-Pesa
BK-2026-02702,2026-06-30,2026-08-13,C04429,PK04,AG13,6,0,660,0.0,Confirmed,Bank Transfer
BK-2026-02703,2026-06-30,2026-08-14,C04697,PK02,AG00,1,0,505,0.0,Confirmed,Card
BK-2026-02704,2026-06-30,2026-10-16,C04839,PK18,AG12,9,0,6875,0.05,Confirmed,Card
BK-2026-02705,2026-06-30,2026-07-06,C05063,PK10,AG00,1,0,1175,0.0,Confirmed,PayPal
BK-2026-02706,2026-06-30,2026-09-17,C05074,PK12,AG02,2,3,6350,0.0,Confirmed,Card
BK-2026-02707,2026-06-30,2026-12-23,C05111,PK15,AG08,5,0,5160,0.05,Confirmed,Card
BK-2026-02708,2026-06-30,2026-10-13,C05829,PK07,AG05,4,0,3110,0.1,Confirmed,PayPal
