BookingID,BookingDate,TravelStartDate,CustomerID,PackageID,AgentID,Adults,Children,UnitPriceUSD,DiscountPct,Status,PaymentMethod
BK-2025-00001,2025-01-01,2025-02-24,C01216,PK13,AG13,7,0,6820,0.0,Completed,Card
BK-2025-00002,2025-01-01,2025-07-12,C01412,PK13,AG02,1,0,7845,0.0,Completed,M-Pesa
BK-2025-00003,2025-01-01,2025-01-06,C01629,PK02,AG05,1,0,480,0.0,Completed,Bank Transfer
BK-2025-00004,2025-01-01,2025-07-11,C03350,PK17,AG03,1,0,12395,0.15,Completed ,M-Pesa
BK-2025-00005,2025-01-01,2025-04-13,C03986,PK10,AG00,2,0,980,0.05,Completed,Card
BK-2025-00006,2025-01-01,2025-01-23,C04314,PK03,AG03,1,0,685,0.05,Completed,PayPal
BK-2025-00007,2025-01-01,2025-02-28,C05247,PK16,AG08,4,0,5060,0.0,Completed,Bank Transfer
BK-2025-00008,2025-01-01,2025-02-15,C05521,PK07,AG06,1,0,2585,0.0,Completed,Card
BK-2025-00009,2025-01-02,2025-02-27,C01131,PK03,AG00,1,0,595,0.05,Cancelled,Card
BK-2025-00010,2025-01-02,2025-01-31,C01475,PK07,AG12,3,0,2975,0.0,COMPLETED,Bank Transfer
BK-2025-00011,2025-01-02,2025-02-27,C01496,PK14,AG02,2,3,4510,0.0,Completed,Card
BK-2025-00012,2025-01-02,2025-07-14,C01554,PK18,AG00,1,0,6580,0.0,Completed,Card
BK-2025-00013,2025-01-02,2025-02-11,C02257,PK01,AG07,2,0,460,0.0,Completed,Bank Transfer
BK-2025-00014,2025-01-02,2025-03-02,C02310,PK14,AG01,2,0,4510,,Completed,Bank Transfer
BK-2025-00015,2025-01-02,2025-07-28,C02413,PK18,AG05,5,0,6580,0.05,Completed,PayPal
BK-2025-00016,2025-01-02,2025-02-16,C02696,PK01,AG10,4,0,460,0.0,Completed,M-Pesa
BK-2025-00017,2025-01-02,2025-01-17,C03413,PK17,AG00,1,0,12395,0.0,Completed,Card
BK-2025-00018,2025-01-02,2025-03-15,C03573,PK06,AG03,2,0,1375,0.0,Completed,M-Pesa
BK-2025-00019,2025-01-02,2025-04-26,C04325,PK13,AG02,1,0,6820,0.1,Completed,Bank Transfer
BK-2025-00020,2025-01-02,2025-01-22,C04759,PK04,AG04,2,3,630,0.05,Completed,Card
BK-2025-00021,2025-01-03,2025-05-07,C00135,PK14,AG07,2,0,4510,0.0,Completed,PayPal
BK-2025-00022,2025-01-03,2025-01-28,C00344,PK07,AG04,2,0,2975,0.0,Completed,Card
BK-2025-00023,2025-01-03,2025-01-25,C00797,PK08,AG06,9,0,1495,0.05,Canceled,Card
BK-2025-00024,2025-01-03,2025-02-26,C01059,PK09,AG04,2,0,2860,,Completed,Card
BK-2025-00025,2025-01-03,2025-01-28,C01345,PK05,AG05,2,3,985,0.0,Completed,Card
BK-2025-00026,2025-01-03,2025-03-05,C01933,PK09,AG07,2,0,2860,0.05,Completed,Card
BK-2025-00027,2025-01-03,2025-08-11,C02752,PK06,AG03,2,0,1580,0.0,Completed,PayPal
BK-2025-00028,2025-01-03,2025-07-29,C03511,PK07,AG13,8,0,2975,0.05,Completed,Card
BK-2025-00029,2025-01-03,2025-02-20,C04913,PK01,AG04,2,0,460,0.0,Completed,PayPal
BK-2025-00030,2025-01-03,2025-03-26,C05059,PK13,AG00,2,0,6820,0.0,Completed,Card
BK-2025-00031,2025-01-03,2025-01-13,C05292,PK06,AG04,2,2,1580,0.0,Completed,Bank Transfer
BK-2025-00032,2025-01-03,2025-05-14,C06077,PK10,AG11,2,3,980,0.05,Completed,Card
BK-2025-00033,2025-01-03,2025-02-01,C06474,PK01,AG00,2,3,460,0.0,Completed,Card
BK-2025-00034,2025-01-04,2025-06-19,C00906,PK13,AG01,2,0,6820,0.05,Cancelled,Bank Transfer
BK-2025-00035,2025-01-04,2025-05-16,C01977,PK06,AG00,1,0,1375,0.1,Cancelled,Bank Transfer
BK-2025-00036,2025-01-04,2025-04-30,C02077,PK10,AG00,2,0,980,0.05,Canceled,M-Pesa
BK-2025-00037,2025-01-04,2025-03-07,C03242,PK08,AG07,8,0,1300,0.0,Completed,Bank Transfer
BK-2025-00038,2025-01-04,2025-02-22,C03631,PK02,AG00,2,0,420,0.1,Completed,PayPal
BK-2025-00039,2025-01-04,2025-08-12,C04030,PK15,AG12,8,0,4935,0.0,Completed,M-Pesa
BK-2025-00040,2025-01-04,2025-03-31,C04366,PK02,AG04,2,1,420,0.0,Completed,Card
BK-2025-00041,2025-01-04,2025-07-30,C04566,PK18,AG01,2,0,6580,0.05,Completed,Bank Transfer
BK-2025-00042,2025-01-04,2025-06-02,C04997,PK15,AG00,2,3,4290,0.1,Completed,Card
BK-2025-00043,2025-01-04,2025-03-16,C05331,PK08,AG05,7,0,1300,0.05,Completed,PayPal
BK-2025-00044,2025-01-04,2025-07-16,C05809,PK18,AG07,5,0,6580,0.1,Completed,Bank Transfer
BK-2025-00045,2025-01-05,2025-02-27,C00332,PK15,AG09,2,3,4290,0.05,Completed,PayPal
BK-2025-00046,2025-01-05,2025-07-12,C00413,PK07,AG06,2,0,2975,0.0,Completed,Card
BK-2025-00047,2025-01-05,2025-03-10,C01278,PK17,AG11,1,0,10780,0.1,Completed,Card
BK-2025-00048,2025-01-05,2025-03-15,C01678,PK06,AG06,6,0,1375,0.05,Completed,Bank Transfer
BK-2025-00049,2025-01-05,2025-02-05,C02071,PK02,AG00,2,3,420,0.1,Completed,Card
BK-2025-00050,2025-01-05,2025-01-21,C02092,PK02,AG02,1,0,480,0.0,Completed,Card
BK-2025-00051,2025-01-05,2025-02-08,C02226,PK09,AG02,2,3,2860,0.0,Completed,Bank Transfer
BK-2025-00052,2025-01-05,2025-03-16,C02308,PK06,AG00,2,0,1375,0.05,Completed ,PayPal
BK-2025-00053,2025-01-05,2025-03-21,C02486,PK06,AG03,4,0,1375,0.15,Cancelled,Card
BK-2025-00054,2025-01-05,2025-03-13,C04588,PK03,AG05,2,0,595,0.05,Completed,Card
BK-2025-00055,2025-01-05,2025-02-01,C05780,PK07,AG12,6,0,2585,0.05,Completed,Card
BK-2025-00056,2025-01-06,2025-02-18,C00201,PK02,AG03,6,0,420,0.1,Cancelled,M-Pesa
BK-2025-00057,2025-01-06,2025-03-17,C00331,PK06,AG04,1,0,1375,0.1,Completed,Card
BK-2025-00058,2025-01-06,2025-01-16,C01628,PK01,AG13,6,0,530,0.05,Canceled,Card
BK-2025-00059,2025-01-06,2025-02-24,C02434,PK04,AG05,2,0,550,0.0,Completed,Card
BK-2025-00060,2025-01-06,2025-02-14,C02868,PK09,AG00,2,1,2860,0.05,Completed,Card
BK-2025-00061,2025-01-06,2025-03-08,C03027,PK03,AG12,11,0,595,0.05,Completed,Card
BK-2025-00062,2025-01-06,2025-02-27,C03791,PK03,AG02,1,0,595,0.0,Completed,Card
BK-2025-00063,2025-01-06,2025-03-26,C03935,PK02,AG07,2,0,420,0.1,Completed,Bank Transfer
BK-2025-00064,2025-01-06,2025-02-27,C04837,PK09,AG03,2,0,2860,0.05,Cancelled,M-Pesa
BK-2025-00065,2025-01-06,2025-02-24,C04923,PK09,AG03,5,0,2860,0.05,Completed,Card
BK-2025-00066,2025-01-06,2025-02-08,C05289,PK08,AG09,2,2,1300,0.0,Completed,PayPal
BK-2025-00067,2025-01-06,2025-05-04,C05301,PK14,AG00,9,0,4510,0.0,Completed,Card
BK-2025-00068,2025-01-06,2025-03-17,C06211,PK16,AG10,2,1,5060,0.15,Completed,Card
BK-2025-00069,2025-01-06,2025-01-12,C06247,PK02,AG13,5,0,480,0.0,Completed,Bank Transfer
BK-2025-00070,2025-01-07,2025-02-19,C00125,PK15,AG10,2,0,4290,0.0,Cancelled,Bank Transfer
BK-2025-00071,2025-01-07,2025-06-13,C00193,PK18,AG00,2,3,5720,0.0,Cancelled,M-Pesa
BK-2025-00072,2025-01-07,2025-01-30,C00707,PK04,AG04,2,1,630,0.0,Completed,Bank Transfer
BK-2025-00073,2025-01-07,2025-01-14,C00949,PK02,AG00,2,0,480,0.0,Cancelled,M-Pesa
BK-2025-00074,2025-01-07,2025-11-04,C01072,PK16,AG02,1,0,5060,0.0,Completed,Card
BK-2025-00075,2025-01-07,2025-09-28,C01722,PK14,AG00,2,0,5185,0.05,Completed,Bank Transfer
BK-2025-00076,2025-01-07,2025-01-29,C01834,PK12,AG00,2,0,6070,0.0,Completed,Card
BK-2025-00077,2025-01-07,2025-06-27,C02189,PK18,AG08,1,0,5720,0.0,Completed,Card
BK-2025-00078,2025-01-07,2025-03-31,C02315,PK18,AG00,2,2,5720,0.1,Completed,PayPal
BK-2025-00079,2025-01-07,2025-07-26,C02376,PK16,AG04,2,2,5820,0.1,Completed,M-Pesa
BK-2025-00080,2025-01-07,2025-05-30,C02473,PK13,AG01,2,1,6820,0.15,Completed,Bank Transfer
BK-2025-00081,2025-01-07,2025-12-18,C03595,PK18,AG09,9,0,6580,0.0,Completed,Card
BK-2025-00082,2025-01-07,2025-09-02,C04562,PK17,AG00,2,0,12395,0.15,Completed,Card
BK-2025-00083,2025-01-07,2025-02-28,C05152,PK10,AG05,2,0,980,0.0,Completed,PayPal
BK-2025-00084,2025-01-07,2025-02-11,C05749,PK08,AG04,1,0,1300,0.0,Completed,Bank Transfer
BK-2025-00085,2025-01-07,2025-03-19,C05787,PK08,AG00,5,0,1300,0.1,Completed,PayPal
BK-2025-00086,2025-01-07,2025-02-08,C06393,PK10,AG03,2,0,980,0.0,Completed,Card
BK-2025-00087,2025-01-08,2025-01-29,C00286,PK04,AG07,9,0,630,0.1,Completed,Card
BK-2025-00088,2025-01-08,2025-02-08,C00486,PK01,AG00,5,0,460,0.1,Completed,Bank Transfer
BK-2025-00089,2025-01-08,2025-10-13,C00503,PK14,AG04,2,1,5185,0.0,Completed,Bank Transfer
BK-2025-00090,2025-01-08,2025-02-14,C00881,PK06,AG07,1,0,1375,0.05,Completed,Bank Transfer
BK-2025-00091,2025-01-08,2025-01-17,C01249,PK03,AG00,2,1,685,0.0,Completed,Card
BK-2025-00092,2025-01-08,2025-06-17,C01705,PK07,AG12,10,0,2585,0.1,Completed,PayPal
BK-2025-00093,2025-01-08,2025-02-06,C03640,PK03,AG01,2,0,595,0.1,Completed,Card
BK-2025-00094,2025-01-08,2025-01-23,C05383,PK01,AG00,2,0,530,0.15,Completed,Card
BK-2025-00095,2025-01-09,2025-01-26,C00132,PK08,AG02,2,0,1495,0.1,Completed,Card
BK-2025-00096,2025-01-09,2025-03-14,C00536,PK15,AG05,2,0,4290,0.0,Completed,PayPal
BK-2025-00097,2025-01-09,2025-10-13,C00606,PK18,AG11,1,0,6580,0.1,Completed,Card
BK-2025-00098,2025-01-09,2025-03-28,C00842,PK02,AG00,2,0,420,0.1,Completed,Card
BK-2025-00099,2025-01-09,2025-10-10,C00891,PK07,AG01,1,0,2975,0.05,Completed,Bank Transfer
BK-2025-00100,2025-01-09,2025-02-05,C01502,PK03,AG02,8,0,595,0.1,Completed,Card
BK-2025-00101,2025-01-09,2025-09-10,C01691,PK12,AG00,10,0,6070,0.1,Completed,M-Pesa
BK-2025-00102,2025-01-09,2025-03-11,C04972,PK07,AG13,10,0,2585,,Completed ,Card
BK-2025-00103,2025-01-09,2025-02-06,C04998,PK15,AG00,2,0,4290,0.1,Completed,Card
BK-2025-00104,2025-01-09,2025-01-30,C05510,PK09,AG09,2,0,3290,0.05,Completed,PayPal
BK-2025-00105,2025-01-09,2025-07-28,C05677,PK12,AG10,2,2,6070,0.0,Completed,Bank Transfer
BK-2025-00106,2025-01-10,2026-01-06,C02212,PK15,AG00,4,0,5160,0.05,Completed,Bank Transfer
BK-2025-00107,2025-01-10,2025-01-19,C02367,PK06,AG05,2,0,1580,0.05,Completed,Card
BK-2025-00108,2025-01-10,2025-01-21,C02687,PK02,AG00,2,0,480,0.0,Completed,PayPal
BK-2025-00109,2025-01-10,2025-04-27,C02727,PK16,AG00,2,1,5060,0.0,completed,PayPal
BK-2025-00110,2025-01-10,2025-03-07,C03563,PK09,AG02,2,0,2860,0.0,Completed,Card
BK-2025-00111,2025-01-10,2025-02-01,C06072,PK03,AG00,2,1,595,0.0,Completed,PayPal
BK-2025-00112,2025-01-10,2025-02-18,C06434,PK09,AG04,2,2,2860,0.0,Completed,Card
BK-2025-00113,2025-01-11,2025-06-05,C00161,PK08,AG04,6,0,1300,0.1,Cancelled,Bank Transfer
BK-2025-00114,2025-01-11,2025-03-05,C00514,PK09,AG01,1,0,2860,0.0,Completed,Card
BK-2025-00115,2025-01-11,2025-06-22,C00732,PK14,AG02,2,1,4510,0.1,Completed,Card
BK-2025-00116,2025-01-11,2025-06-04,C01183,PK06,AG03,2,0,1375,0.05,Completed,Card
BK-2025-00117,2025-01-11,2025-02-13,C01576,PK07,AG07,1,0,2585,0.0,Completed,Card
BK-2025-00118,2025-01-11,2025-01-26,C01595,PK03,AG03,2,1,685,0.0,Completed,Card
BK-2025-00119,2025-01-11,2025-02-21,C02203,PK03,AG09,2,2,595,0.1,Completed,PayPal
BK-2025-00120,2025-01-11,2025-05-28,C04400,PK18,AG03,2,0,5720,0.05,Completed,Bank Transfer
BK-2025-00121,2025-01-11,2025-03-22,C06003,PK17,AG00,2,0,10780,,Completed,Card
BK-2025-00122,2025-01-11,2025-08-19,C06401,PK14,AG00,1,0,5185,,Completed,Card
BK-2025-00123,2025-01-12,2025-02-24,C01186,PK15,AG08,5,0,4290,0.0,Completed,Card
BK-2025-00124,2025-01-12,2025-04-30,C01417,PK17,AG11,5,0,10780,0.1,Completed,Card
BK-2025-00125,2025-01-12,2025-02-03,C02408,PK09,AG13,9,0,2860,0.1,Cancelled,Card
BK-2025-00126,2025-01-12,2025-04-02,C03471,PK02,AG00,1,0,420,0.0,Completed,Card
BK-2025-00127,2025-01-12,2025-02-02,C03484,PK06,AG00,1,0,1375,,Completed,PayPal
BK-2025-00128,2025-01-12,2025-08-02,C04511,PK14,AG00,2,0,5185,0.0,Completed,Bank Transfer
BK-2025-00129,2025-01-12,2025-03-30,C04574,PK12,AG03,2,3,5280,0.05,Completed,Bank Transfer
BK-2025-00130,2025-01-12,2025-10-15,C05614,PK09,AG11,2,0,3290,0.0,Completed,M-Pesa
BK-2025-00131,2025-01-12,2025-01-31,C05904,PK10,AG00,2,0,1125,0.0,Completed,Card
BK-2025-00132,2025-01-12,2025-02-18,C06123,PK16,AG01,2,0,5060,0.0,Completed,PayPal
BK-2025-00133,2025-01-12,2025-02-25,C06175,PK06,AG04,4,0,1375,0.0,Cancelled,PayPal
BK-2025-00134,2025-01-13,2025-02-17,C00183,PK01,AG10,2,1,460,0.0,Completed,Bank Transfer
BK-2025-00135,2025-01-13,2025-05-18,C00287,PK17,AG09,2,0,10780,0.0,Completed,Card
BK-2025-00136,2025-01-13,2025-02-08,C00378,PK05,AG05,5,0,860,0.0,Completed,Card
BK-2025-00137,2025-01-13,2025-08-13,C01420,PK12,AG04,2,3,6070,0.0,Completed,Bank Transfer
BK-2025-00138,2025-01-13,2025-03-24,C02130,PK13,AG07,2,1,6820,0.0,Canceled,Card
BK-2025-00139,2025-01-13,2025-03-02,C03429,PK07,AG00,1,0,2585,0.0,Completed,Bank Transfer
BK-2025-00140,2025-01-13,2025-03-04,C03549,PK12,AG00,10,0,5280,0.1,Completed,PayPal
BK-2025-00141,2025-01-13,2025-02-20,C03871,PK12,AG00,6,0,5280,0.05,Completed,Card
BK-2025-00142,2025-01-13,2025-03-03,C06029,PK17,AG00,1,0,10780,0.0,Completed,Bank Transfer
BK-2025-00143,2025-01-13,2025-02-26,C06494,PK18,AG04,2,0,5720,0.0,Completed,Bank Transfer
BK-2025-00144,2025-01-14,2025-02-26,C00155,PK01,AG00,2,1,460,0.05,Completed,PayPal
BK-2025-00145,2025-01-14,2025-02-03,C00319,PK03,AG13,6,0,595,0.1,Completed,Card
BK-2025-00146,2025-01-14,2025-03-11,C00488,PK15,AG00,2,2,4290,0.0,Completed,M-Pesa
BK-2025-00147,2025-01-14,2026-01-02,C01197,PK13,AG03,7,0,8200,0.05,Completed,Bank Transfer
BK-2025-00148,2025-01-14,2025-03-14,C01673,PK12,AG04,1,0,5280,0.05,Completed,PayPal
BK-2025-00149,2025-01-14,2025-06-01,C02076,PK17,AG04,2,3,10780,0.0,Cancelled,PayPal
BK-2025-00150,2025-01-14,2025-01-26,C03391,PK07,AG03,2,2,2975,0.15,Completed,PayPal
BK-2025-00151,2025-01-14,2025-12-07,C03474,PK13,AG08,2,0,7845,0.0,Completed,Bank Transfer
BK-2025-00152,2025-01-14,2025-07-15,C03504,PK18,AG00,2,0,6580,0.0,Canceled,PayPal
BK-2025-00153,2025-01-14,2025-02-13,C03976,PK06,AG03,2,3,1375,0.0,Completed,Bank Transfer
BK-2025-00154,2025-01-14,2025-02-03,C04243,PK12,AG10,2,3,5280,0.15,Completed,M-Pesa
BK-2025-00155,2025-01-14,2025-08-13,C05275,PK15,AG00,2,2,4935,0.1,Completed,Card
BK-2025-00156,2025-01-14,2025-05-11,C05670,PK08,AG11,2,0,1300,0.1,Completed,Bank Transfer
BK-2025-00157,2025-01-14,2025-02-14,C05722,PK01,AG04,2,0,460,0.0,Completed,Card
BK-2025-00158,2025-01-14,2025-06-11,C05858,PK06,AG00,2,0,1375,0.05,Completed,PayPal
BK-2025-00159,2025-01-14,2025-08-17,C06144,PK15,AG13,5,0,4935,0.1,Completed,PayPal
BK-2025-00160,2025-01-15,2025-01-24,C00619,PK05,AG00,2,1,985,0.05,Completed,Card
BK-2025-00161,2025-01-15,2025-06-18,C01617,PK12,AG07,2,3,5280,0.05,Completed,Bank Transfer
BK-2025-00162,2025-01-15,2025-07-02,C01663,PK15,AG00,1,0,4935,0.15,Completed,Card
BK-2025-00163,2025-01-15,2025-02-26,C01936,PK05,AG06,2,0,860,0.05,Completed,M-Pesa
BK-2025-00164,2025-01-15,2025-07-11,C02038,PK16,AG00,2,3,5820,0.1,Completed,Card
BK-2025-00165,2025-01-15,2025-04-11,C02554,PK12,AG08,2,0,5280,0.0,Completed,Bank Transfer
BK-2025-00166,2025-01-15,2025-05-28,C02737,PK16,AG03,2,2,5060,0.15,Completed,Bank Transfer
BK-2025-00167,2025-01-15,2025-02-16,C03175,PK03,AG00,2,1,595,0.05,Completed,Card
BK-2025-00168,2025-01-15,2025-07-13,C03830,PK16,AG01,2,0,5820,0.0,Completed,Bank Transfer
BK-2025-00169,2025-01-15,2025-03-30,C03980,PK09,AG00,2,3,2860,0.05,Completed,Card
BK-2025-00170,2025-01-15,2025-07-16,C04893,PK06,AG05,1,0,1580,0.1,Completed,PayPal
BK-2025-00171,2025-01-15,2025-02-06,C05139,PK02,AG00,2,0,420,0.05,Completed,Card
BK-2025-00172,2025-01-15,2025-02-23,C05157,PK05,AG00,2,1,860,0.0,Completed,PayPal
BK-2025-00173,2025-01-15,2025-03-14,C05419,PK07,AG10,1,0,2585,0.0,Completed,Card
BK-2025-00174,2025-01-15,2025-01-18,C06458,PK05,AG01,1,0,985,0.0,Completed,Card
BK-2025-00175,2025-01-16,2025-03-15,C00169,PK06,AG03,1,0,1375,0.0,Completed,PayPal
BK-2025-00176,2025-01-16,2025-06-08,C01121,PK11,AG00,2,0,4290,0.05,Completed,Card
BK-2025-00177,2025-01-16,2025-03-10,C01768,PK07,AG02,9,0,2585,0.0,Completed,Card
BK-2025-00178,2025-01-16,2025-02-04,C01999,PK07,AG06,2,3,2585,0.1,Completed,Card
BK-2025-00179,2025-01-16,2025-03-06,C02089,PK06,AG06,2,0,1375,0.05,Completed,Card
BK-2025-00180,2025-01-16,2025-02-01,C02472,PK01,AG06,4,0,460,0.1,Cancelled,PayPal
BK-2025-00181,2025-01-16,2025-02-22,C04093,PK07,AG10,2,0,2585,0.0,Completed,Card
BK-2025-00182,2025-01-16,2025-01-25,C04163,PK03,AG07,6,0,685,0.05,Completed,Card
BK-2025-00183,2025-01-17,2025-02-05,C00825,PK06,AG01,2,2,1375,0.0,Completed,Card
BK-2025-00184,2025-01-17,2025-04-29,C01122,PK14,AG01,8,0,4510,0.1,Completed,Bank Transfer
BK-2025-00185,2025-01-17,2025-03-02,C01311,PK11,AG09,2,0,4290,0.0,Completed,Card
BK-2025-00186,2025-01-17,2025-02-05,C01762,PK04,AG05,2,0,550,0.0,Completed,Card
BK-2025-00187,2025-01-17,2025-07-09,C01823,PK18,AG02,1,0,6580,0.0,Completed,PayPal
BK-2025-00188,2025-01-17,2025-03-24,C02574,PK09,AG00,1,0,2860,0.05,CANCELLED,Bank Transfer
BK-2025-00189,2025-01-17,2025-07-19,C04654,PK17,AG00,2,0,12395,0.0,Cancelled ,Card
BK-2025-00190,2025-01-17,2025-10-03,C05231,PK12,AG03,2,0,6070,0.0,Completed,Bank Transfer
BK-2025-00191,2025-01-17,2025-09-03,C05378,PK12,AG00,2,0,6070,0.05,Completed ,Bank Transfer
BK-2025-00192,2025-01-17,2025-02-06,C05901,PK07,AG04,1,0,2585,0.15,Completed,PayPal
BK-2025-00193,2025-01-17,2025-03-23,C06186,PK13,AG02,2,1,6820,0.0,Completed,Card
BK-2025-00194,2025-01-17,2025-02-07,C06197,PK18,AG01,8,0,5720,0.1,Completed,Card
BK-2025-00195,2025-01-17,2025-03-15,C06470,PK04,AG11,2,0,550,0.0,Completed,Card
BK-2025-00196,2025-01-18,2026-08-02,C01606,PK15,AG06,2,0,5160,0.0,Confirmed,M-Pesa
BK-2025-00197,2025-01-18,2025-08-05,C01863,PK18,AG00,2,0,6580,0.05,CANCELLED,Card
BK-2025-00198,2025-01-18,2025-04-02,C01940,PK11,AG02,4,0,4290,0.1,Canceled,Card
BK-2025-00199,2025-01-18,2025-02-12,C02328,PK08,AG02,1,0,1300,0.05,Cancelled,M-Pesa
BK-2025-00200,2025-01-18,2025-10-12,C02342,PK16,AG07,6,0,5820,0.0,Completed,Card
BK-2025-00201,2025-01-18,2025-02-05,C02730,PK05,AG00,1,0,860,0.05,Completed,Card
BK-2025-00202,2025-01-18,2025-02-04,C04142,PK09,AG11,1,0,2860,0.1,Completed,Card
BK-2025-00203,2025-01-18,2025-02-18,C04840,PK01,AG00,2,0,460,0.0,Completed,PayPal
BK-2025-00204,2025-01-18,2026-07-17,C04863,PK18,AG00,2,3,6875,0.05,Confirmed,Bank Transfer
BK-2025-00205,2025-01-18,2025-07-28,C04910,PK13,AG04,2,0,7845,0.0,Completed,Card
BK-2025-00206,2025-01-18,2025-02-11,C05177,PK01,AG05,2,3,460,0.05,Completed,PayPal
BK-2025-00207,2025-01-18,2025-02-16,C05617,PK03,AG02,4,0,595,0.1,Completed,Card
BK-2025-00208,2025-01-18,2025-02-13,C05714,PK02,AG00,2,1,420,0.0,Completed,M-Pesa
BK-2025-00209,2025-01-18,2025-02-11,C05745,PK03,AG00,2,0,595,0.0,Completed,Card
BK-2025-00210,2025-01-18,2025-02-07,C05996,PK01,AG10,2,1,460,0.15,Completed,M-Pesa
BK-2025-00211,2025-01-19,2025-01-26,C00513,PK01,AG00,2,0,530,0.15,Completed,Card
BK-2025-00212,2025-01-19,2025-10-15,C01453,PK18,AG09,2,0,6580,0.0,Completed,PayPal
BK-2025-00213,2025-01-19,2025-02-03,C02277,PK02,AG11,2,0,420,0.0,Completed,Card
BK-2025-00214,2025-01-19,2025-07-19,C02910,PK06,AG06,2,2,1580,0.05,Completed,Card
BK-2025-00215,2025-01-19,2025-02-06,C03796,PK04,AG00,2,3,550,0.05,Completed,M-Pesa
BK-2025-00216,2025-01-19,2025-03-19,C04769,PK16,AG02,7,0,5060,0.05,Completed,Bank Transfer
BK-2025-00217,2025-01-19,2025-01-23,C05049,PK01,AG05,2,1,530,0.05,Completed,M-Pesa
BK-2025-00218,2025-01-20,2025-02-11,C00618,PK01,AG11,1,0,460,0.1,Completed,Bank Transfer
BK-2025-00219,2025-01-20,2025-08-25,C00889,PK13,AG01,2,0,7845,0.0,Completed,Bank Transfer
BK-2025-00220,2025-01-20,2025-08-25,C01088,PK06,AG01,5,0,1580,0.0,Completed,Card
BK-2025-00221,2025-01-20,2025-03-12,C01722,PK05,AG00,2,0,860,0.0,Completed,Bank Transfer
BK-2025-00222,2025-01-20,2025-07-21,C01783,PK07,AG04,1,0,2975,0.0,Completed,Card
BK-2025-00223,2025-01-20,2025-02-03,C02623,PK04,AG04,8,0,550,0.1,Completed,Bank Transfer
BK-2025-00224,2025-01-20,2025-08-08,C03255,PK13,AG05,7,0,7845,0.0,Completed,Card
BK-2025-00225,2025-01-20,2025-03-13,C03501,PK13,AG13,4,0,6820,0.1,Completed,M-Pesa
BK-2025-00226,2025-01-20,2025-02-20,C03566,PK12,AG12,7,0,5280,0.1,Completed,Card
BK-2025-00227,2025-01-20,2025-07-18,C03879,PK06,AG00,2,0,1580,0.0,Completed,Card
BK-2025-00228,2025-01-20,2025-03-21,C05421,PK01,AG00,2,0,460,0.0,Completed,Card
BK-2025-00229,2025-01-20,2025-05-17,C05808,PK08,AG02,1,0,1300,0.0,Canceled,M-Pesa
BK-2025-00230,2025-01-20,2025-02-27,C06182,PK09,AG00,1,0,2860,0.0,completed,Card
BK-2025-00231,2025-01-20,2025-08-14,C06203,PK13,AG00,2,2,7845,0.0,Completed,Bank Transfer
BK-2025-00232,2025-01-20,2025-03-16,C06261,PK15,AG00,1,0,4290,0.05,Completed ,Bank Transfer
BK-2025-00233,2025-01-21,2025-07-03,C01290,PK14,AG00,8,0,5185,0.1,Cancelled,M-Pesa
BK-2025-00234,2025-01-21,2025-03-27,C03405,PK09,AG00,2,2,2860,,Completed,Bank Transfer
BK-2025-00235,2025-01-21,2025-08-03,C03587,PK13,AG01,2,0,7845,0.15,Completed,Card
BK-2025-00236,2025-01-21,2025-12-03,C04376,PK18,AG00,2,3,6580,0.1,Completed,Bank Transfer
BK-2025-00237,2025-01-21,2025-02-09,C04873,PK01,AG11,1,0,460,0.05,Completed,Card
BK-2025-00238,2025-01-21,2025-02-06,C04987,PK01,AG00,2,0,460,0.1,Completed,PayPal
BK-2025-00239,2025-01-21,2025-06-23,C05211,PK18,AG01,2,2,5720,0.0,Completed ,Card
BK-2025-00240,2025-01-22,2025-01-30,C00004,PK04,AG09,1,0,630,0.0,Cancelled,Card
BK-2025-00241,2025-01-22,2025-02-10,C01149,PK12,AG00,7,0,5280,0.15,Completed,M-Pesa
BK-2025-00242,2025-01-22,2025-02-17,C01184,PK03,AG04,4,0,595,0.05,Completed,Bank Transfer
BK-2025-00243,2025-01-22,2025-03-17,C01907,PK18,AG11,2,0,5720,0.0,Completed,Bank Transfer
BK-2025-00244,2025-01-22,2025-02-22,C03323,PK10,AG00,2,2,980,0.05,Completed,Card
BK-2025-00245,2025-01-22,2025-06-16,C03492,PK12,AG12,3,0,5280,0.1,Completed,Card
BK-2025-00246,2025-01-22,2025-07-01,C04245,PK13,AG05,2,1,7845,0.05,Completed,PayPal
BK-2025-00247,2025-01-22,2025-07-02,C04562,PK13,AG02,2,0,7845,0.1,Completed,Card
BK-2025-00248,2025-01-22,2025-02-04,C04746,PK03,AG13,12,0,595,0.0,Completed,Card
BK-2025-00249,2025-01-22,2025-01-30,C04759,PK18,AG00,2,3,6580,0.0,Completed,Bank Transfer
BK-2025-00250,2025-01-22,2025-03-05,C05069,PK15,AG00,1,0,4290,0.0,Completed,Card
BK-2025-00251,2025-01-22,2025-03-30,C05599,PK12,AG02,2,0,5280,0.1,Cancelled,M-Pesa
BK-2025-00252,2025-01-23,2025-02-18,C00149,PK09,AG00,2,0,2860,0.05,Completed,Bank Transfer
BK-2025-00253,2025-01-23,2025-02-22,C01626,PK05,AG10,2,0,860,0.05,Completed,Bank Transfer
BK-2025-00254,2025-01-23,2025-02-03,C01824,PK02,AG01,2,0,420,0.0,Completed,Card
BK-2025-00255,2025-01-23,2025-03-22,C01903,PK04,AG02,4,0,550,0.05,Completed,M-Pesa
BK-2025-00256,2025-01-23,2025-08-06,C03099,PK12,AG07,2,1,6070,0.05,Completed,Bank Transfer
BK-2025-00257,2025-01-23,2025-02-10,C03512,PK01,AG13,3,0,460,,Completed,M-Pesa
BK-2025-00258,2025-01-23,2025-02-12,C03536,PK05,AG03,4,0,860,0.1,Completed,Card
BK-2025-00259,2025-01-23,2025-02-11,C04903,PK01,AG11,2,2,460,0.05,Completed ,Bank Transfer
BK-2025-00260,2025-01-23,2025-02-04,C05659,PK03,AG03,2,0,595,0.0,Completed,Bank Transfer
BK-2025-00261,2025-01-23,2025-10-06,C05929,PK18,AG03,2,2,6580,0.05,Completed,Bank Transfer
BK-2025-00262,2025-01-24,2025-07-25,C00182,PK08,AG05,2,3,1495,0.0,Completed,M-Pesa
BK-2025-00263,2025-01-24,2025-02-27,C01091,PK14,AG03,6,0,4510,0.1,Completed,Bank Transfer
BK-2025-00264,2025-01-24,2025-02-09,C01216,PK04,AG00,6,0,550,0.1,Cancelled,Card
BK-2025-00265,2025-01-24,2025-02-11,C01353,PK06,AG00,2,0,1375,0.0,Completed,PayPal
BK-2025-00266,2025-01-24,2025-05-09,C02396,PK10,AG07,2,0,980,0.0,Completed,Bank Transfer
BK-2025-00267,2025-01-24,2025-02-22,C02590,PK04,AG04,5,0,550,0.05,Completed,Bank Transfer
BK-2025-00268,2025-01-24,2025-03-28,C02972,PK09,AG01,2,0,2860,0.1,Completed,Bank Transfer
BK-2025-00269,2025-01-24,2025-02-13,C03199,PK09,AG00,2,0,2860,0.15,Completed,Card
BK-2025-00270,2025-01-24,2025-08-04,C04592,PK15,AG03,2,2,4935,0.0,Completed,Card
BK-2025-00271,2025-01-24,2025-01-27,C04889,PK02,AG04,2,0,480,0.0,Completed,Bank Transfer
BK-2025-00272,2025-01-24,2025-09-02,C05503,PK14,AG11,2,0,5185,0.0,Completed ,M-Pesa
BK-2025-00273,2025-01-24,2025-02-03,C05548,PK02,AG02,2,0,420,0.1,Completed,Bank Transfer
BK-2025-00274,2025-01-24,2025-02-06,C05729,PK02,AG00,1,0,420,0.0,Completed,Bank Transfer
BK-2025-00275,2025-01-24,2025-06-27,C05929,PK07,AG02,2,1,2585,0.0,Completed,PayPal
BK-2025-00276,2025-01-24,2025-03-13,C05985,PK07,AG13,6,0,2585,0.05,Completed,Card
BK-2025-00277,2025-01-25,2025-06-02,C00304,PK10,AG01,2,0,980,0.1,Completed,Card
BK-2025-00278,2025-01-25,2025-09-01,C00394,PK13,AG01,2,1,7845,0.0,Completed,Card
BK-2025-00279,2025-01-25,2025-02-07,C00936,PK03,AG01,2,0,595,0.1,Completed,M-Pesa
BK-2025-00280,2025-01-25,2025-07-23,C01275,PK14,AG10,2,1,5185,0.0,Completed,M-Pesa
BK-2025-00281,2025-01-25,2025-02-12,C01623,PK07,AG10,1,0,2585,0.0,Completed,Bank Transfer
BK-2025-00282,2025-01-25,2025-03-10,C01922,PK10,AG00,2,2,980,0.05,Completed,Card
BK-2025-00283,2025-01-25,2025-02-23,C03522,PK12,AG02,2,0,5280,0.0,Completed,Bank Transfer
BK-2025-00284,2025-01-25,2025-08-31,C03712,PK15,AG04,2,0,4935,0.0,Completed,Bank Transfer
BK-2025-00285,2025-01-25,2025-07-19,C04285,PK12,AG05,2,0,6070,0.0,Completed ,Bank Transfer
BK-2025-00286,2025-01-25,2025-02-03,C04867,PK01,AG04,1,0,460,0.05,Completed,Bank Transfer
BK-2025-00287,2025-01-25,2025-03-15,C04979,PK16,AG10,1,0,5060,0.0,COMPLETED,Card
BK-2025-00288,2025-01-25,2025-03-24,C05411,PK06,AG03,9,0,1375,0.0,Completed,Card
BK-2025-00289,2025-01-25,2025-07-11,C05573,PK13,AG04,2,1,7845,0.0,Completed,Bank Transfer
BK-2025-00290,2025-01-25,2025-05-06,C05723,PK06,AG09,1,0,1375,0.0,Completed,Card
BK-2025-00291,2025-01-25,2025-03-29,C05937,PK01,AG10,1,0,460,0.05,Completed,Bank Transfer
BK-2025-00292,2025-01-25,2025-03-05,C06191,PK01,AG00,2,0,460,0.15,Completed ,Card
BK-2025-00293,2025-01-26,2025-03-19,C00394,PK08,AG06,2,1,1300,0.1,completed,Card
BK-2025-00294,2025-01-26,2025-08-06,C00643,PK15,AG00,2,3,4935,0.0,Completed,Card
BK-2025-00295,2025-01-26,2025-03-28,C01691,PK06,AG12,8,0,1375,0.1,Completed,Card
BK-2025-00296,2025-01-26,2025-02-12,C02250,PK01,AG06,2,0,460,0.0,Completed,Bank Transfer
BK-2025-00297,2025-01-26,2025-02-19,C02404,PK01,AG00,1,0,460,0.05,Completed,Card
BK-2025-00298,2025-01-26,2025-07-13,C02593,PK12,AG00,2,0,6070,0.05,Cancelled,Card
BK-2025-00299,2025-01-26,2025-06-09,C02865,PK06,AG04,2,0,1375,0.0,CANCELLED,Bank Transfer
BK-2025-00300,2025-01-26,2025-03-29,C03812,PK16,AG05,2,2,5060,0.0,Completed,PayPal
BK-2025-00301,2025-01-26,2025-02-08,C04313,PK01,AG00,2,2,460,0.1,Completed,PayPal
BK-2025-00302,2025-01-26,2025-03-07,C06355,PK15,AG05,2,0,4290,0.1,Completed,M-Pesa
BK-2025-00303,2025-01-27,2025-06-07,C00243,PK15,AG07,2,0,4290,0.1,Completed,Bank Transfer
BK-2025-00304,2025-01-27,2025-02-11,C00481,PK01,AG01,2,0,460,0.0,Completed,Bank Transfer
BK-2025-00305,2025-01-27,2025-04-26,C00930,PK15,AG00,5,0,4290,0.15,Completed,Card
BK-2025-00306,2025-01-27,2025-12-11,C01188,PK15,AG04,5,0,4935,0.1,Completed,Bank Transfer
BK-2025-00307,2025-01-27,2025-04-18,C01696,PK06,AG02,2,0,1375,0.0,Completed,Bank Transfer
BK-2025-00308,2025-01-27,2025-09-01,C01837,PK14,AG05,9,0,5185,0.0,Completed,PayPal
BK-2025-00309,2025-01-27,2025-02-09,C02571,PK02,AG00,11,0,420,0.15,Completed,Card
BK-2025-00310,2025-01-27,2025-02-24,C03123,PK05,AG12,3,0,860,0.1,Completed ,PayPal
BK-2025-00311,2025-01-27,2025-09-09,C03281,PK18,AG07,2,0,6580,0.1,Completed,Bank Transfer
BK-2025-00312,2025-01-27,2025-06-12,C04997,PK12,AG08,2,3,5280,0.05,COMPLETED,PayPal
BK-2025-00313,2025-01-27,2025-03-06,C05100,PK09,AG00,2,0,2860,0.0,Completed,Card
BK-2025-00314,2025-01-27,2025-08-18,C06187,PK12,AG12,5,0,6070,0.05,Completed,Card
BK-2025-00315,2025-01-28,2025-03-12,C00336,PK01,AG04,2,0,460,0.0,Completed ,M-Pesa
BK-2025-00316,2025-01-28,2025-05-31,C01004,PK08,AG00,2,1,1300,0.05,Completed,Bank Transfer
BK-2025-00317,2025-01-28,2025-03-06,C01373,PK04,AG00,2,0,550,0.0,Completed,Bank Transfer
BK-2025-00318,2025-01-28,2025-10-05,C02103,PK18,AG11,2,1,6580,0.0,Completed,M-Pesa
BK-2025-00319,2025-01-28,2025-03-31,C02714,PK12,AG00,1,0,5280,0.1,Completed,Card
BK-2025-00320,2025-01-28,2025-02-18,C02975,PK02,AG10,2,0,420,0.1,Completed,Card
BK-2025-00321,2025-01-28,2025-08-31,C04013,PK09,AG00,2,3,3290,0.0,Completed,Bank Transfer
BK-2025-00322,2025-01-28,2025-02-13,C04176,PK07,AG00,2,0,2585,0.0,Completed,Card
BK-2025-00323,2025-01-28,2025-02-16,C04407,PK06,AG00,2,0,1375,0.15,Completed,Card
BK-2025-00324,2025-01-28,2025-08-11,C04551,PK12,AG00,1,0,6070,0.0,Completed,Card
BK-2025-00325,2025-01-28,2025-09-12,C04558,PK16,AG01,1,0,5820,0.0,COMPLETED,Bank Transfer
BK-2025-00326,2025-01-28,2025-02-04,C04663,PK05,AG10,2,0,860,0.0,Completed,M-Pesa
BK-2025-00327,2025-01-29,2025-06-02,C00314,PK15,AG06,2,1,4290,0.0,Completed,Card
BK-2025-00328,2025-01-29,2025-09-09,C00513,PK15,AG00,2,0,4935,0.0,Completed,Card
BK-2025-00329,2025-01-29,2025-08-28,C01300,PK14,AG05,1,0,5185,0.0,Completed,PayPal
BK-2025-00330,2025-01-29,2025-03-09,C01433,PK06,AG06,2,0,1375,0.0,Cancelled,M-Pesa
BK-2025-00331,2025-01-29,2026-01-06,C02004,PK12,AG02,2,1,6350,0.0,Completed,Card
BK-2025-00332,2025-01-29,2025-03-12,C02895,PK08,AG11,2,3,1300,0.0,Completed,PayPal
BK-2025-00333,2025-01-29,2025-03-15,C03602,PK12,AG01,8,0,5280,0.1,Completed,Card
BK-2025-00334,2025-01-29,2025-02-27,C03904,PK03,AG07,2,0,595,0.0,completed,Card
BK-2025-00335,2025-01-29,2025-03-09,C04137,PK18,AG13,5,0,5720,,Completed,PayPal
BK-2025-00336,2025-01-29,2025-03-29,C04920,PK02,AG10,1,0,420,0.0,Completed,M-Pesa
BK-2025-00337,2025-01-29,2025-02-10,C05114,PK03,AG05,2,0,595,0.0,completed,Card
BK-2025-00338,2025-01-29,2025-04-15,C05877,PK06,AG00,2,2,1375,0.05,Completed,M-Pesa
BK-2025-00339,2025-01-29,2025-06-01,C06024,PK06,AG04,2,0,1375,0.0,Completed,PayPal
BK-2025-00340,2025-01-29,2025-09-09,C06025,PK12,AG09,2,2,6070,0.0,Completed,PayPal
BK-2025-00341,2025-01-29,2025-03-02,C06116,PK08,AG00,2,0,1300,0.0,Completed,Bank Transfer
BK-2025-00342,2025-01-30,2025-03-08,C00776,PK12,AG01,2,1,5280,0.0,Completed,Card
BK-2025-00343,2025-01-30,2025-02-24,C00796,PK02,AG05,1,0,420,0.0,Completed,Bank Transfer
BK-2025-00344,2025-01-30,2025-07-28,C01230,PK12,AG01,2,3,6070,0.0,Completed,Bank Transfer
BK-2025-00345,2025-01-30,2025-05-30,C01556,PK14,AG00,1,0,4510,0.0,Completed,Card
BK-2025-00346,2025-01-30,2025-02-16,C01642,PK02,AG07,2,0,420,0.15,Completed,Card
BK-2025-00347,2025-01-30,2025-02-26,C01851,PK09,AG00,1,0,2860,0.0,Completed,Card
BK-2025-00348,2025-01-30,2025-03-08,C02091,PK01,AG06,2,3,460,0.1,Completed,Bank Transfer
BK-2025-00349,2025-01-30,2025-02-16,C02391,PK01,AG04,2,0,460,0.1,Completed,Bank Transfer
BK-2025-00350,2025-01-30,2025-04-13,C02431,PK12,AG08,5,0,5280,0.05,Cancelled,Bank Transfer
BK-2025-00351,2025-01-30,2025-06-29,C03373,PK14,AG04,1,0,4510,0.1,Cancelled,Bank Transfer
BK-2025-00352,2025-01-30,2025-02-27,C04092,PK12,AG02,2,0,5280,0.0,Completed,Bank Transfer
BK-2025-00353,2025-01-30,2025-05-09,C04814,PK09,AG06,2,1,2860,0.0,Completed,Bank Transfer
BK-2025-00354,2025-01-30,2025-02-21,C05339,PK05,AG02,2,2,860,0.0,completed,Card
BK-2025-00355,2025-01-30,2025-08-30,C05345,PK16,AG11,2,3,5820,0.0,Completed,PayPal
BK-2025-00356,2025-01-31,2025-04-29,C00565,PK12,AG00,2,0,5280,0.0,Completed,Card
BK-2025-00357,2025-01-31,2025-02-19,C01344,PK02,AG01,2,3,420,0.1,Cancelled,Bank Transfer
BK-2025-00358,2025-01-31,2025-03-04,C02348,PK12,AG08,2,3,5280,0.05,Completed,PayPal
BK-2025-00359,2025-01-31,2025-02-23,C02447,PK07,AG06,2,2,2585,0.05,Completed,Bank Transfer
BK-2025-00360,2025-01-31,2025-03-28,C03780,PK07,AG00,2,0,2585,0.0,Completed,M-Pesa
BK-2025-00361,2025-01-31,2025-02-15,C03822,PK10,AG04,2,3,980,0.0,Completed,Bank Transfer
BK-2025-00362,2025-01-31,2025-06-22,C03878,PK16,AG05,2,0,5060,0.0,Completed,Card
BK-2025-00363,2025-01-31,2025-07-30,C04596,PK18,AG12,3,0,6580,0.05,Completed,PayPal
BK-2025-00364,2025-01-31,2025-02-19,C04937,PK03,AG03,2,0,595,0.0,Completed,Card
BK-2025-00365,2025-01-31,2025-04-06,C06459,PK01,AG02,2,0,460,0.0,Completed,Card
BK-2025-00366,2025-02-01,2025-07-18,C00268,PK12,AG03,2,2,6070,0.0,Completed,M-Pesa
BK-2025-00367,2025-02-01,2025-03-27,C00475,PK04,AG02,5,0,550,0.05,COMPLETED,Bank Transfer
BK-2025-00368,2025-02-01,2025-04-17,C01231,PK07,AG00,2,0,2585,0.0,Completed,Card
BK-2025-00369,2025-02-01,2025-02-09,C01533,PK02,AG11,9,0,420,0.05,Completed,Card
BK-2025-00370,2025-02-01,2025-03-01,C01730,PK06,AG04,2,1,1375,0.0,Completed,PayPal
BK-2025-00371,2025-02-01,2025-02-25,C02832,PK17,AG00,2,1,10780,0.0,Completed,Card
BK-2025-00372,2025-02-01,2025-03-18,C02859,PK10,AG09,2,0,980,0.0,Completed,Card
BK-2025-00373,2025-02-01,2025-02-26,C02879,PK15,AG02,2,0,4290,0.1,Cancelled ,PayPal
BK-2025-00374,2025-02-01,2025-07-19,C03226,PK14,AG00,1,0,5185,0.0,Cancelled,M-Pesa
BK-2025-00375,2025-02-01,2025-02-07,C03310,PK03,AG05,2,3,595,0.0,Completed,Card
BK-2025-00376,2025-02-01,2025-02-09,C04455,PK03,AG00,2,0,595,0.0,Cancelled,Card
BK-2025-00377,2025-02-01,2025-04-13,C05036,PK06,AG03,2,3,1375,0.0,Completed,Bank Transfer
BK-2025-00378,2025-02-02,2025-08-23,C00805,PK13,AG00,12,0,7845,0.1,Completed,Bank Transfer
BK-2025-00379,2025-02-02,2025-02-20,C01742,PK01,AG02,8,0,460,0.1,Completed,M-Pesa
BK-2025-00380,2025-02-02,2025-09-16,C02196,PK17,AG00,2,0,12395,0.0,Completed,Bank Transfer
BK-2025-00381,2025-02-02,2025-03-10,C02386,PK04,AG12,7,0,550,0.0,Completed,Card
BK-2025-00382,2025-02-02,2025-08-22,C02874,PK18,AG00,6,0,6580,0.1,Completed,Bank Transfer
BK-2025-00383,2025-02-02,2025-02-25,C03476,PK04,AG00,1,0,550,0.0,Completed,PayPal
BK-2025-00384,2025-02-02,2025-02-23,C03571,PK06,AG00,2,0,1375,0.0,Completed,Bank Transfer
BK-2025-00385,2025-02-02,2025-03-27,C03822,PK04,AG00,2,3,550,0.15,Completed,PayPal
BK-2025-00386,2025-02-02,2025-02-18,C04042,PK02,AG02,2,0,420,0.05,Completed,Card
BK-2025-00387,2025-02-02,2025-10-23,C04973,PK13,AG03,2,0,7845,0.0,Completed,Bank Transfer
BK-2025-00388,2025-02-02,2025-05-15,C05245,PK18,AG04,4,0,5720,0.0,Completed,Bank Transfer
BK-2025-00389,2025-02-02,2025-02-13,C05269,PK06,AG04,2,1,1375,0.0,Completed,Bank Transfer
BK-2025-00390,2025-02-02,2025-07-27,C05366,PK18,AG00,8,0,6580,0.0,Completed,PayPal
BK-2025-00391,2025-02-02,2025-03-17,C05924,PK09,AG02,2,0,2860,0.0,Completed,PayPal
BK-2025-00392,2025-02-02,2026-01-22,C06138,PK12,AG00,2,0,6350,0.0,Completed,PayPal
BK-2025-00393,2025-02-03,2025-02-28,C00728,PK09,AG04,2,0,2860,0.0,Completed,PayPal
BK-2025-00394,2025-02-03,2025-04-09,C01522,PK06,AG10,2,0,1375,0.0,Completed,Bank Transfer
BK-2025-00395,2025-02-03,2025-02-20,C02975,PK05,AG01,2,0,860,0.0,Cancelled,PayPal
BK-2025-00396,2025-02-03,2025-05-20,C03055,PK18,AG02,2,2,5720,0.0,completed,Card
BK-2025-00397,2025-02-03,2025-09-04,C03952,PK13,AG02,2,2,7845,0.0,Completed ,Card
BK-2025-00398,2025-02-03,2025-03-26,C04516,PK14,AG00,2,0,4510,0.0,Completed,Card
BK-2025-00399,2025-02-04,2026-02-02,C00226,PK12,AG00,2,0,5520,0.05,Completed,Bank Transfer
BK-2025-00400,2025-02-04,2025-03-26,C00344,PK04,AG00,2,0,550,0.0,Completed,PayPal
BK-2025-00401,2025-02-04,2025-07-16,C00561,PK06,AG13,6,0,1580,0.1,Completed,PayPal
BK-2025-00402,2025-02-04,2025-07-01,C01596,PK17,AG04,2,3,12395,0.0,Completed,Bank Transfer
BK-2025-00403,2025-02-04,2025-06-29,C01657,PK15,AG00,2,2,4290,0.0,Canceled,M-Pesa
BK-2025-00404,2025-02-04,2025-03-15,C02678,PK03,AG00,2,0,595,0.0,Completed,Bank Transfer
BK-2025-00405,2025-02-04,2025-03-04,C03199,PK10,AG06,2,0,980,0.0,Completed,M-Pesa
BK-2025-00406,2025-02-04,2025-02-19,C03940,PK14,AG00,2,2,4510,0.15,Completed,PayPal
BK-2025-00407,2025-02-04,2025-02-21,C03949,PK15,AG10,2,0,4290,0.0,Completed,Bank Transfer
BK-2025-00408,2025-02-04,2025-03-04,C04852,PK14,AG01,1,0,4510,0.0,Completed,Bank Transfer
BK-2025-00409,2025-02-04,2025-12-01,C05208,PK15,AG03,2,0,4935,0.0,Completed,Bank Transfer
BK-2025-00410,2025-02-05,2025-04-18,C00245,PK10,AG05,2,2,980,0.0,COMPLETED,Bank Transfer
BK-2025-00411,2025-02-05,2026-03-30,C01179,PK16,AG00,2,0,5290,0.0,Completed,Card
BK-2025-00412,2025-02-05,2025-02-20,C02421,PK12,AG00,2,0,5280,0.15,completed,Card
BK-2025-00413,2025-02-05,2025-02-21,C02715,PK01,AG06,2,1,460,0.0,Completed,PayPal
BK-2025-00414,2025-02-05,2026-06-20,C04124,PK12,AG00,1,0,5520,0.05,Completed,Card
BK-2025-00415,2025-02-05,2025-06-05,C04454,PK10,AG02,1,0,980,0.0,Cancelled,Card
BK-2025-00416,2025-02-05,2025-03-18,C04530,PK09,AG09,6,0,2860,0.0,Completed,Card
BK-2025-00417,2025-02-05,2025-06-05,C05145,PK18,AG01,4,0,5720,0.0,Completed,Bank Transfer
BK-2025-00418,2025-02-05,2025-02-26,C05967,PK14,AG03,1,0,4510,0.0,Completed,Bank Transfer
BK-2025-00419,2025-02-05,2025-06-28,C06229,PK14,AG03,2,1,4510,0.0,Completed,Card
BK-2025-00420,2025-02-06,2025-03-20,C00624,PK08,AG00,2,2,1300,0.1,Completed,Card
BK-2025-00421,2025-02-06,2025-05-05,C01104,PK14,AG11,2,0,4510,0.0,completed,Card
BK-2025-00422,2025-02-06,2025-06-01,C01995,PK10,AG09,2,0,980,0.15,Completed,Card
BK-2025-00423,2025-02-06,2025-06-14,C02423,PK12,AG00,2,1,5280,0.0,Completed,Card
BK-2025-00424,2025-02-06,2025-06-29,C02656,PK14,AG01,1,0,4510,0.0,Completed ,Card
BK-2025-00425,2025-02-06,2025-02-14,C03066,PK08,AG00,2,0,1300,0.05,Canceled,PayPal
BK-2025-00426,2025-02-06,2025-08-16,C03463,PK07,AG06,2,0,2975,0.0,Completed,PayPal
BK-2025-00427,2025-02-06,2025-05-05,C03643,PK12,AG12,8,0,5280,0.15,Completed,Card
BK-2025-00428,2025-02-06,2025-03-17,C03708,PK06,AG03,1,0,1375,0.0,Completed,PayPal
BK-2025-00429,2025-02-06,2025-02-21,C03963,PK01,AG07,1,0,460,0.0,Completed,Bank Transfer
BK-2025-00430,2025-02-06,2025-07-16,C04076,PK06,AG03,2,0,1580,0.0,Canceled,Card
BK-2025-00431,2025-02-06,2025-03-13,C04589,PK15,AG01,8,0,4290,0.1,Completed,Bank Transfer
BK-2025-00432,2025-02-06,2025-02-21,C04639,PK03,AG02,1,0,595,0.0,completed,Card
BK-2025-00433,2025-02-06,2025-07-10,C05039,PK15,AG00,2,3,4935,0.15,Completed,Bank Transfer
BK-2025-00434,2025-02-06,2025-07-14,C05223,PK13,AG03,2,2,7845,0.0,Completed,M-Pesa
BK-2025-00435,2025-02-06,2025-02-11,C05290,PK04,AG10,2,2,550,0.0,Completed,M-Pesa
BK-2025-00436,2025-02-06,2025-10-23,C05378,PK13,AG07,2,0,7845,0.0,completed,Card
BK-2025-00437,2025-02-06,2025-02-14,C06109,PK02,AG00,2,0,420,0.0,Completed,Bank Transfer
BK-2025-00438,2025-02-06,2025-07-13,C06340,PK09,AG12,5,0,3290,0.0,Canceled,M-Pesa
BK-2025-00439,2025-02-07,2025-05-26,C00700,PK09,AG00,4,0,2860,0.0,Completed,Card
BK-2025-00440,2025-02-07,2025-04-08,C01089,PK01,AG04,9,0,460,0.0,Cancelled,PayPal
BK-2025-00441,2025-02-07,2025-02-26,C01639,PK01,AG04,9,0,460,0.05,Completed,Card
BK-2025-00442,2025-02-07,2025-08-05,C02543,PK15,AG00,2,1,4935,0.05,Completed,M-Pesa
BK-2025-00443,2025-02-07,2025-08-22,C03081,PK18,AG02,2,2,6580,0.0,Completed,Card
BK-2025-00444,2025-02-07,2025-03-23,C03765,PK06,AG02,2,0,1375,0.0,completed,Bank Transfer
BK-2025-00445,2025-02-07,2025-08-04,C04351,PK15,AG07,5,0,4935,0.1,Completed,Bank Transfer
BK-2025-00446,2025-02-07,2025-05-24,C04556,PK06,AG04,2,0,1375,0.05,Completed,Card
BK-2025-00447,2025-02-07,2025-03-31,C05239,PK08,AG00,2,0,1300,0.0,Completed,Card
BK-2025-00448,2025-02-07,2025-03-02,C05848,PK02,AG05,2,0,420,0.0,Completed,PayPal
BK-2025-00449,2025-02-07,2025-03-04,C05896,PK04,AG00,2,0,550,0.05,Cancelled,M-Pesa
BK-2025-00450,2025-02-07,2025-06-08,C06215,PK07,AG05,2,0,2585,0.05,Completed,M-Pesa
BK-2025-00451,2025-02-07,2025-02-23,C06389,PK06,AG00,2,1,1375,0.1,Completed,Card
BK-2025-00452,2025-02-08,2025-02-24,C00145,PK04,AG09,2,2,550,0.1,Completed,Bank Transfer
BK-2025-00453,2025-02-08,2025-08-14,C00628,PK16,AG06,1,0,5820,0.05,Canceled,Bank Transfer
BK-2025-00454,2025-02-08,2025-02-13,C01025,PK05,AG04,1,0,860,0.15,Completed,Card
BK-2025-00455,2025-02-08,2025-09-25,C01283,PK14,AG07,7,0,5185,0.0,Cancelled,Bank Transfer
BK-2025-00456,2025-02-08,2025-04-28,C01395,PK14,AG00,2,0,4510,0.05,Completed ,Card
BK-2025-00457,2025-02-08,2025-02-15,C01759,PK03,AG07,2,2,595,0.0,Completed,Bank Transfer
BK-2025-00458,2025-02-08,2025-07-25,C02269,PK18,AG00,2,0,6580,0.05,Completed,PayPal
BK-2025-00459,2025-02-08,2025-03-19,C03693,PK04,AG07,1,0,550,0.0,Completed,PayPal
BK-2025-00460,2025-02-08,2025-02-21,C03734,PK12,AG00,2,0,5280,0.0,Completed,Card
BK-2025-00461,2025-02-08,2025-02-16,C04575,PK06,AG10,2,3,1375,0.05,Completed,M-Pesa
BK-2025-00462,2025-02-08,2025-03-08,C05433,PK06,AG10,1,0,1375,0.0,Cancelled,Bank Transfer
BK-2025-00463,2025-02-08,2025-05-15,C05715,PK10,AG00,1,0,980,0.05,Completed,Bank Transfer
BK-2025-00464,2025-02-09,2025-03-02,C02233,PK06,AG06,2,0,1375,0.0,Completed,PayPal
BK-2025-00465,2025-02-09,2025-05-30,C02735,PK15,AG04,5,0,4290,0.0,Completed,Bank Transfer
BK-2025-00466,2025-02-09,2025-03-04,C04352,PK01,AG11,2,0,460,0.0,Completed,Card
BK-2025-00467,2025-02-09,2025-07-07,C04724,PK10,AG07,2,3,1125,0.0,Cancelled,Card
BK-2025-00468,2025-02-09,2025-03-24,C04757,PK13,AG02,6,0,6820,0.1,Cancelled,Card
BK-2025-00469,2025-02-09,2025-03-08,C05773,PK08,AG07,6,0,1300,0.05,Completed,Bank Transfer
BK-2025-00470,2025-02-09,2025-02-24,C05834,PK13,AG00,2,0,6820,0.1,Completed,Bank Transfer
BK-2025-00471,2025-02-09,2025-03-18,C06101,PK12,AG02,2,0,5280,0.05,Completed,Bank Transfer
BK-2025-00472,2025-02-09,2025-07-29,C06189,PK13,AG04,2,0,7845,0.0,Canceled,Bank Transfer
BK-2025-00473,2025-02-10,2025-05-20,C00109,PK07,AG01,2,0,2585,0.0,Completed,PayPal
BK-2025-00474,2025-02-10,2025-05-29,C01054,PK16,AG02,2,0,5060,0.0,Completed,PayPal
BK-2025-00475,2025-02-10,2025-09-27,C01113,PK06,AG00,1,0,1580,0.0,Completed,Card
BK-2025-00476,2025-02-10,2025-03-16,C01303,PK15,AG00,6,0,4290,0.0,Completed ,PayPal
BK-2025-00477,2025-02-10,2025-03-30,C01719,PK06,AG00,2,0,1375,0.0,Completed ,M-Pesa
BK-2025-00478,2025-02-10,2025-10-21,C02064,PK12,AG04,2,3,6070,0.0,Completed,PayPal
BK-2025-00479,2025-02-10,2025-04-10,C02938,PK10,AG00,2,2,980,0.0,Completed,PayPal
BK-2025-00480,2025-02-10,2025-02-21,C03008,PK08,AG03,2,3,1300,0.0,Completed,Bank Transfer
BK-2025-00481,2025-02-10,2025-08-16,C03430,PK12,AG00,4,0,6070,0.05,cancelled,M-Pesa
BK-2025-00482,2025-02-10,2025-09-03,C04070,PK15,AG06,6,0,4935,0.1,Completed,Bank Transfer
BK-2025-00483,2025-02-10,2025-08-11,C04729,PK14,AG05,2,0,5185,0.0,Completed,Card
BK-2025-00484,2025-02-10,2025-04-23,C05620,PK18,AG00,2,0,5720,0.0,Completed,M-Pesa
BK-2025-00485,2025-02-10,2025-02-19,C06381,PK01,AG07,5,0,460,0.05,Completed,Card
BK-2025-00486,2025-02-10,2025-03-27,C06395,PK04,AG00,2,0,550,0.05,Completed,PayPal
BK-2025-00487,2025-02-11,2025-04-17,C00094,PK09,AG00,8,0,2860,0.0,Completed,PayPal
BK-2025-00488,2025-02-11,2025-09-12,C00586,PK18,AG07,2,3,6580,0.15,Completed,Card
BK-2025-00489,2025-02-11,2025-03-17,C00684,PK06,AG00,2,3,1375,0.05,Completed,Card
BK-2025-00490,2025-02-11,2025-02-15,C01135,PK01,AG00,2,0,460,0.15,Completed,Card
BK-2025-00491,2025-02-11,2025-07-12,C01552,PK18,AG00,2,0,6580,0.1,Completed,M-Pesa
BK-2025-00492,2025-02-11,2025-02-21,C01907,PK08,AG01,2,0,1300,0.0,Completed,Bank Transfer
BK-2025-00493,2025-02-11,2025-02-27,C02498,PK09,AG00,2,0,2860,0.0,Completed,PayPal
BK-2025-00494,2025-02-11,2025-03-28,C04358,PK01,AG04,2,0,460,0.0,Completed,Card
BK-2025-00495,2025-02-11,2025-02-24,C04566,PK04,AG09,2,0,550,0.1,Completed,Bank Transfer
BK-2025-00496,2025-02-11,2025-03-27,C04694,PK01,AG07,2,2,460,0.0,Completed,Card
BK-2025-00497,2025-02-11,2025-08-27,C04757,PK12,AG07,5,0,6070,0.1,completed,Card
BK-2025-00498,2025-02-11,2025-04-18,C04995,PK07,AG03,9,0,2585,0.05,Completed,Card
BK-2025-00499,2025-02-12,2025-03-06,C00499,PK01,AG08,2,2,460,0.05,Completed,Bank Transfer
BK-2025-00500,2025-02-12,2025-04-25,C00942,PK02,AG10,1,0,420,0.0,Completed,Bank Transfer
BK-2025-00501,2025-02-12,2025-05-13,C01234,PK16,AG03,1,0,5060,0.0,Completed,PayPal
BK-2025-00502,2025-02-12,2025-03-21,C01709,PK02,AG05,1,0,420,0.05,Completed,M-Pesa
BK-2025-00503,2025-02-12,2025-03-02,C02439,PK02,AG08,1,0,420,0.0,Completed,Bank Transfer
BK-2025-00504,2025-02-12,2025-03-21,C03086,PK01,AG04,2,0,460,0.0,Completed,Bank Transfer
BK-2025-00505,2025-02-12,2025-05-24,C03405,PK13,AG00,2,3,6820,0.0,Completed,Card
BK-2025-00506,2025-02-12,2025-07-04,C03611,PK12,AG04,2,3,6070,0.0,Completed,Bank Transfer
BK-2025-00507,2025-02-12,2025-06-16,C06153,PK15,AG00,2,2,4290,0.0,Cancelled,Card
BK-2025-00508,2025-02-12,2025-04-08,C06407,PK18,AG01,1,0,5720,0.05,Completed,Card
BK-2025-00509,2025-02-13,2025-12-31,C00275,PK14,AG00,1,0,5185,0.0,Completed,Bank Transfer
BK-2025-00510,2025-02-13,2025-04-02,C00732,PK07,AG01,2,2,2585,0.05,Completed,Bank Transfer
BK-2025-00511,2025-02-13,2025-03-25,C01041,PK06,AG01,2,0,1375,0.0,Completed,Bank Transfer
BK-2025-00512,2025-02-13,2025-09-25,C01875,PK14,AG01,2,1,5185,0.0,Completed,Card
BK-2025-00513,2025-02-13,2025-04-09,C02507,PK09,AG02,6,0,2860,0.05,completed,PayPal
BK-2025-00514,2025-02-13,2025-07-27,C03258,PK16,AG03,2,0,5820,0.1,Completed,Card
BK-2025-00515,2025-02-13,2025-09-08,C04319,PK08,AG00,11,0,1495,0.0,Completed,Bank Transfer
BK-2025-00516,2025-02-13,2025-07-10,C05005,PK15,AG06,2,0,4935,0.15,Completed,PayPal
BK-2025-00517,2025-02-13,2025-04-09,C05905,PK17,AG02,7,0,10780,0.05,Completed,Card
BK-2025-00518,2025-02-13,2025-05-21,C06316,PK08,AG00,1,0,1300,0.05,Completed,Card
BK-2025-00519,2025-02-14,2025-08-22,C00030,PK13,AG06,2,0,7845,0.0,Completed,Card
BK-2025-00520,2025-02-14,2025-04-19,C00903,PK03,AG00,2,0,595,0.0,Completed,Card
BK-2025-00521,2025-02-14,2025-04-23,C00908,PK01,AG04,2,0,460,0.0,Cancelled,Card
BK-2025-00522,2025-02-14,2025-03-28,C01024,PK03,AG05,2,0,595,0.0,Completed,Card
BK-2025-00523,2025-02-14,2025-07-13,C01033,PK06,AG07,8,0,1580,0.05,Completed,M-Pesa
BK-2025-00524,2025-02-14,2025-04-12,C01079,PK01,AG01,2,1,460,0.0,Cancelled,Bank Transfer
BK-2025-00525,2025-02-14,2025-04-07,C01529,PK06,AG00,2,3,1375,0.0,Completed,PayPal
BK-2025-00526,2025-02-14,2025-06-12,C02605,PK15,AG03,2,0,4290,0.0,Completed,Card
BK-2025-00527,2025-02-14,2025-06-05,C02879,PK18,AG03,2,0,5720,0.0,Completed,PayPal
BK-2025-00528,2025-02-14,2025-04-01,C03016,PK01,AG10,2,3,460,0.1,Completed,Bank Transfer
BK-2025-00529,2025-02-14,2025-08-14,C03828,PK14,AG03,5,0,5185,0.05,Completed,Bank Transfer
BK-2025-00530,2025-02-14,2025-06-26,C04027,PK15,AG02,2,3,4290,0.0,Completed ,Card
BK-2025-00531,2025-02-14,2025-03-22,C04434,PK05,AG06,9,0,860,0.1,Completed,Card
BK-2025-00532,2025-02-14,2025-08-06,C04531,PK16,AG00,2,0,5820,0.0,Cancelled,Bank Transfer
BK-2025-00533,2025-02-14,2025-12-23,C05433,PK18,AG00,1,0,6580,,Completed,Card
BK-2025-00534,2025-02-14,2025-02-28,C05761,PK06,AG03,7,0,1375,0.1,Completed,PayPal
BK-2025-00535,2025-02-14,2025-03-01,C06006,PK04,AG04,2,0,550,0.0,Completed,Card
BK-2025-00536,2025-02-14,2025-02-26,C06304,PK05,AG00,7,0,860,0.1,completed,Bank Transfer
BK-2025-00537,2025-02-14,2025-04-09,C06328,PK01,AG04,5,0,460,0.1,Completed,Card
BK-2025-00538,2025-02-15,2025-07-11,C00200,PK06,AG08,2,2,1580,0.0,Completed,Bank Transfer
BK-2025-00539,2025-02-15,2025-08-17,C00642,PK15,AG00,2,0,4935,0.0,Completed,M-Pesa
BK-2025-00540,2025-02-15,2025-03-14,C00920,PK04,AG02,2,0,550,0.15,Completed,Card
BK-2025-00541,2025-02-15,2025-02-20,C01354,PK09,AG00,2,3,2860,0.0,Completed,Card
BK-2025-00542,2025-02-15,2025-08-06,C01748,PK18,AG08,2,1,6580,0.0,Completed,Bank Transfer
BK-2025-00543,2025-02-15,2025-02-22,C02173,PK03,AG09,7,0,595,0.1,Completed,Bank Transfer
BK-2025-00544,2025-02-15,2025-03-11,C03173,PK02,AG12,12,0,420,0.05,Completed,Bank Transfer
BK-2025-00545,2025-02-15,2025-07-05,C03173,PK06,AG00,4,0,1580,0.0,Completed,Card
BK-2025-00546,2025-02-15,2025-08-06,C03343,PK12,AG00,1,0,6070,0.1,Completed,Bank Transfer
BK-2025-00547,2025-02-15,2025-03-15,C05427,PK06,AG04,2,0,1375,0.05,Completed ,Card
BK-2025-00548,2025-02-15,2025-07-29,C06499,PK14,AG03,7,0,5185,0.1,Completed,Card
BK-2025-00549,2025-02-16,2025-03-12,C00052,PK04,AG13,4,0,550,0.0,Completed,PayPal
BK-2025-00550,2025-02-16,2025-05-06,C00336,PK13,AG07,2,0,6820,0.0,Completed,PayPal
BK-2025-00551,2025-02-16,2025-03-07,C00973,PK05,AG10,2,1,860,0.0,Completed,Card
BK-2025-00552,2025-02-16,2025-06-27,C01049,PK18,AG12,11,0,5720,0.1,Completed,M-Pesa
BK-2025-00553,2025-02-16,2025-09-30,C01878,PK17,AG06,2,0,12395,0.1,Completed,Card
BK-2025-00554,2025-02-16,2025-05-12,C02240,PK17,AG03,2,0,10780,0.0,Completed,Card
BK-2025-00555,2025-02-16,2025-07-19,C03277,PK13,AG06,2,3,7845,0.0,Completed,Card
BK-2025-00556,2025-02-16,2025-04-03,C03716,PK03,AG12,7,0,595,0.0,Completed,Card
BK-2025-00557,2025-02-16,2025-07-14,C04313,PK15,AG03,2,3,4935,0.05,Completed,Bank Transfer
BK-2025-00558,2025-02-16,2025-06-16,C05422,PK04,AG04,1,0,550,0.0,Completed,Card
BK-2025-00559,2025-02-16,2025-10-24,C05963,PK12,AG02,1,0,6070,0.0,completed,Card
BK-2025-00560,2025-02-17,2025-08-20,C00157,PK13,AG07,8,0,7845,0.05,Completed,Card
BK-2025-00561,2025-02-17,2025-03-06,C00384,PK02,AG02,2,1,420,0.0,Completed,Bank Transfer
BK-2025-00562,2025-02-17,2025-10-15,C00650,PK14,AG02,2,0,5185,0.15,Canceled,Card
BK-2025-00563,2025-02-17,2025-05-04,C02804,PK18,AG04,6,0,5720,0.0,Completed,Bank Transfer
BK-2025-00564,2025-02-17,2025-03-25,C03064,PK02,AG05,9,0,420,0.15,Completed,PayPal
BK-2025-00565,2025-02-17,2025-05-08,C03111,PK12,AG08,2,3,5280,0.0,Completed,Bank Transfer
BK-2025-00566,2025-02-17,2025-08-31,C04325,PK13,AG04,1,0,7845,,Completed,PayPal
BK-2025-00567,2025-02-17,2025-05-31,C04651,PK02,AG10,2,1,420,0.1,Completed,M-Pesa
BK-2025-00568,2025-02-17,2025-02-24,C05128,PK02,AG00,2,0,420,0.0,Completed,Card
BK-2025-00569,2025-02-17,2025-04-14,C05444,PK05,AG00,2,1,860,0.05,Cancelled,Bank Transfer
BK-2025-00570,2025-02-17,2025-10-10,C05475,PK16,AG02,2,0,5820,0.1,Completed,PayPal
BK-2025-00571,2025-02-17,2025-05-07,C05544,PK03,AG11,2,0,595,0.05,Completed,Bank Transfer
BK-2025-00572,2025-02-17,2025-07-14,C05926,PK12,AG12,3,0,6070,0.05,Cancelled,Card
BK-2025-00573,2025-02-17,2025-03-09,C06000,PK02,AG00,2,1,420,,Completed,Bank Transfer
BK-2025-00574,2025-02-18,2025-06-02,C00156,PK11,AG02,2,0,4290,0.0,Completed,M-Pesa
BK-2025-00575,2025-02-18,2025-03-15,C00396,PK16,AG00,2,0,5060,0.0,Completed,Card
BK-2025-00576,2025-02-18,2025-03-12,C00509,PK01,AG11,7,0,460,0.1,Completed,Card
BK-2025-00577,2025-02-18,2025-06-23,C00669,PK09,AG04,2,0,2860,0.0,Cancelled,Card
BK-2025-00578,2025-02-18,2025-03-13,C01807,PK03,AG00,2,0,595,0.0,Completed,Bank Transfer
BK-2025-00579,2025-02-18,2025-03-21,C02368,PK09,AG08,4,0,2860,0.05,Completed,Bank Transfer
BK-2025-00580,2025-02-18,2025-08-19,C02565,PK06,AG00,6,0,1580,0.0,Completed,Bank Transfer
BK-2025-00581,2025-02-18,2025-03-10,C03125,PK03,AG11,5,0,595,0.1,Completed,Bank Transfer
BK-2025-00582,2025-02-18,2025-03-16,C03349,PK11,AG00,2,0,4290,0.0,Completed,M-Pesa
BK-2025-00583,2025-02-18,2025-06-09,C03398,PK11,AG00,2,1,4290,0.1,Completed,Bank Transfer
BK-2025-00584,2025-02-18,2025-08-17,C03773,PK12,AG00,2,0,6070,0.0,Completed,Card
BK-2025-00585,2025-02-18,2025-02-27,C05316,PK03,AG02,2,0,595,0.0,Completed,Card
BK-2025-00586,2025-02-18,2025-10-02,C06484,PK16,AG11,2,0,5820,0.05,Completed,Bank Transfer
BK-2025-00587,2025-02-19,2025-07-10,C00452,PK13,AG05,9,0,7845,0.0,Completed,M-Pesa
BK-2025-00588,2025-02-19,2025-12-08,C04018,PK18,AG00,2,1,6580,0.15,Completed,PayPal
BK-2025-00589,2025-02-19,2025-04-11,C04048,PK10,AG00,5,0,980,0.0,Completed,Bank Transfer
BK-2025-00590,2025-02-19,2025-08-20,C05282,PK14,AG00,2,0,5185,0.0,Completed,Card
BK-2025-00591,2025-02-19,2025-08-20,C05643,PK14,AG03,2,1,5185,0.0,Completed,Card
BK-2025-00592,2025-02-19,2025-07-04,C06183,PK07,AG00,2,0,2975,0.05,Completed,Card
BK-2025-00593,2025-02-19,2025-08-07,C06256,PK18,AG00,1,0,6580,0.0,Completed,Card
BK-2025-00594,2025-02-20,2025-03-31,C00142,PK09,AG04,5,0,2860,0.05,Completed ,Card
BK-2025-00595,2025-02-20,2025-12-14,C00580,PK13,AG00,2,3,7845,0.05,Completed,Bank Transfer
BK-2025-00596,2025-02-20,2025-10-11,C01304,PK14,AG00,2,0,5185,0.05,Cancelled,Bank Transfer
BK-2025-00597,2025-02-20,2025-05-03,C01457,PK18,AG00,2,0,5720,0.0,completed,M-Pesa
BK-2025-00598,2025-02-20,2025-03-13,C01613,PK07,AG07,2,2,2585,0.0,Completed,Bank Transfer
BK-2025-00599,2025-02-20,2025-03-25,C01821,PK06,AG12,12,0,1375,0.1,Completed,Card
BK-2025-00600,2025-02-20,2025-07-06,C01899,PK06,AG06,2,0,1580,0.0,Completed,Card
BK-2025-00601,2025-02-20,2025-04-14,C02681,PK08,AG03,2,3,1300,0.0,Completed,Bank Transfer
BK-2025-00602,2025-02-20,2025-07-15,C02945,PK15,AG00,4,0,4935,0.0,Completed,M-Pesa
BK-2025-00603,2025-02-20,2025-12-14,C04248,PK18,AG00,2,3,6580,0.05,Completed,Bank Transfer
BK-2025-00604,2025-02-20,2025-03-02,C04284,PK18,AG04,1,0,5720,0.0,Completed,M-Pesa
BK-2025-00605,2025-02-20,2025-06-03,C04596,PK06,AG12,5,0,1375,0.1,Completed,Card
BK-2025-00606,2025-02-21,2025-06-05,C00378,PK16,AG01,9,0,5060,0.1,Completed,PayPal
BK-2025-00607,2025-02-21,2025-04-25,C01670,PK15,AG05,2,0,4290,0.0,Completed,Bank Transfer
BK-2025-00608,2025-02-21,2025-04-14,C02512,PK01,AG00,1,0,460,0.0,Cancelled,PayPal
BK-2025-00609,2025-02-21,2025-06-11,C03700,PK10,AG02,2,1,980,0.0,Completed,M-Pesa
BK-2025-00610,2025-02-21,2025-11-07,C03925,PK10,AG00,2,0,980,0.0,Completed,Card
BK-2025-00611,2025-02-21,2025-04-28,C05218,PK01,AG11,2,0,460,0.0,Completed,Card
BK-2025-00612,2025-02-21,2025-06-14,C06024,PK09,AG06,2,0,2860,0.0,Completed,Card
BK-2025-00613,2025-02-21,2025-03-04,C06083,PK12,AG02,2,0,5280,0.05,Completed,PayPal
BK-2025-00614,2025-02-21,2025-08-11,C06468,PK12,AG05,5,0,6070,0.15,Completed,Bank Transfer
BK-2025-00615,2025-02-22,2025-05-21,C02237,PK07,AG00,1,0,2585,0.1,Completed,Bank Transfer
BK-2025-00616,2025-02-22,2025-07-03,C02937,PK13,AG02,1,0,7845,0.0,Completed,Card
BK-2025-00617,2025-02-22,2025-08-31,C02993,PK14,AG07,2,0,5185,0.0,Completed,Card
BK-2025-00618,2025-02-22,2026-05-31,C03803,PK13,AG02,4,0,7130,0.0,Completed,Card
BK-2025-00619,2025-02-22,2025-09-19,C04639,PK18,AG02,1,0,6580,0.1,Completed,Card
BK-2025-00620,2025-02-22,2025-07-10,C04679,PK14,AG00,2,0,5185,0.0,Completed,M-Pesa
BK-2025-00621,2025-02-22,2025-03-07,C05143,PK02,AG02,2,3,420,0.1,Cancelled,Card
BK-2025-00622,2025-02-22,2025-04-27,C06451,PK07,AG03,2,0,2585,0.05,Completed,Bank Transfer
BK-2025-00623,2025-02-23,2025-08-13,C02049,PK14,AG03,9,0,5185,0.1,Completed,Bank Transfer
BK-2025-00624,2025-02-23,2025-09-09,C02492,PK18,AG04,2,0,6580,0.0,Completed,Bank Transfer
BK-2025-00625,2025-02-23,2025-04-06,C02763,PK13,AG04,2,0,6820,0.1,Completed,Bank Transfer
BK-2025-00626,2025-02-23,2025-03-17,C03449,PK05,AG00,8,0,860,0.1,Completed,Bank Transfer
BK-2025-00627,2025-02-23,2025-08-18,C03805,PK09,AG02,2,3,3290,0.0,Cancelled,Card
BK-2025-00628,2025-02-23,2025-06-07,C04919,PK14,AG04,7,0,4510,0.1,Completed,Bank Transfer
BK-2025-00629,2025-02-23,2025-09-20,C05099,PK15,AG04,5,0,4935,0.1,Cancelled,M-Pesa
BK-2025-00630,2025-02-24,2025-03-14,C01055,PK03,AG06,2,1,595,0.0,Completed,Card
BK-2025-00631,2025-02-24,2025-03-18,C01300,PK03,AG00,1,0,595,0.05,Completed ,Card
BK-2025-00632,2025-02-24,2025-05-17,C03604,PK12,AG01,2,0,5280,0.05,Canceled,Bank Transfer
BK-2025-00633,2025-02-24,2025-06-07,C03809,PK13,AG00,2,3,6820,0.05,Completed,Bank Transfer
BK-2025-00634,2025-02-24,2025-11-02,C04052,PK18,AG03,7,0,5720,0.05,Completed,PayPal
BK-2025-00635,2025-02-24,2025-03-08,C05577,PK01,AG00,9,0,460,0.05,completed,Card
BK-2025-00636,2025-02-24,2025-03-13,C05821,PK06,AG00,2,0,1375,0.05,Completed,Bank Transfer
BK-2025-00637,2025-02-24,2025-03-25,C06309,PK05,AG00,2,3,860,0.0,Completed,M-Pesa
BK-2025-00638,2025-02-25,2025-08-24,C00090,PK15,AG07,2,0,4935,0.0,Completed,Card
BK-2025-00639,2025-02-25,2025-04-06,C00345,PK02,AG02,1,0,420,0.0,Cancelled,PayPal
BK-2025-00640,2025-02-25,2025-05-07,C01536,PK05,AG00,2,0,860,0.15,Completed,M-Pesa
BK-2025-00641,2025-02-25,2025-08-25,C01750,PK12,AG06,8,0,6070,0.0,Completed,Card
BK-2025-00642,2025-02-25,2025-03-12,C02123,PK01,AG00,1,0,460,0.0,Cancelled,Card
BK-2025-00643,2025-02-25,2025-07-27,C02353,PK15,AG00,2,0,4935,0.05,Completed,PayPal
BK-2025-00644,2025-02-25,2025-03-28,C03035,PK01,AG02,1,0,460,0.0,Completed,Bank Transfer
BK-2025-00645,2025-02-25,2025-08-20,C05376,PK12,AG02,2,0,6070,0.1,Completed,Bank Transfer
BK-2025-00646,2025-02-25,2025-09-27,C05699,PK18,AG04,1,0,6580,0.0,Completed ,Bank Transfer
BK-2025-00647,2025-02-25,2025-07-21,C06406,PK07,AG00,2,0,2975,0.0,Completed ,Card
BK-2025-00648,2025-02-26,2025-09-07,C00288,PK09,AG00,2,0,3290,0.0,Completed,M-Pesa
BK-2025-00649,2025-02-26,2025-10-01,C00883,PK16,AG05,7,0,5820,0.1,Completed,Bank Transfer
BK-2025-00650,2025-02-26,2025-05-12,C02136,PK08,AG00,2,1,1300,0.0,Cancelled,Card
BK-2025-00651,2025-02-26,2025-07-30,C02826,PK05,AG02,11,0,985,,Completed,M-Pesa
BK-2025-00652,2025-02-26,2025-04-17,C04187,PK16,AG04,9,0,5060,0.1,Completed,Bank Transfer
BK-2025-00653,2025-02-26,2025-03-28,C04952,PK02,AG04,2,0,420,0.0,Completed,Card
BK-2025-00654,2025-02-26,2025-09-22,C04957,PK15,AG00,2,2,4935,0.05,Completed,Card
BK-2025-00655,2025-02-26,2025-03-12,C05019,PK04,AG02,2,0,550,0.05,Completed ,Bank Transfer
BK-2025-00656,2025-02-26,2025-03-16,C06090,PK03,AG03,1,0,595,0.0,Completed,Card
BK-2025-00657,2025-02-27,2025-10-08,C00258,PK12,AG00,2,0,6070,0.0,Completed,Card
BK-2025-00658,2025-02-27,2025-06-08,C00652,PK03,AG01,2,2,595,0.15,Completed,Bank Transfer
BK-2025-00659,2025-02-27,2025-03-12,C00693,PK01,AG08,2,0,460,0.1,Completed,Card
BK-2025-00660,2025-02-27,2025-05-10,C01659,PK01,AG10,7,0,460,0.1,completed,PayPal
BK-2025-00661,2025-02-27,2025-03-24,C01889,PK06,AG02,2,0,1375,0.1,Completed,PayPal
BK-2025-00662,2025-02-27,2025-03-20,C02506,PK05,AG12,9,0,860,0.0,Completed,Card
BK-2025-00663,2025-02-27,2025-03-24,C02690,PK01,AG00,2,0,460,0.0,COMPLETED,Bank Transfer
BK-2025-00664,2025-02-27,2025-08-31,C02738,PK12,AG10,1,0,6070,0.05,cancelled,Card
BK-2025-00665,2025-02-27,2025-03-27,C03124,PK04,AG05,7,0,550,0.1,Completed,M-Pesa
BK-2025-00666,2025-02-27,2025-04-05,C03234,PK13,AG05,2,2,6820,0.0,Completed,Bank Transfer
BK-2025-00667,2025-02-27,2025-03-05,C03285,PK01,AG05,2,2,460,0.05,Completed,Card
BK-2025-00668,2025-02-27,2025-06-17,C03317,PK16,AG04,2,0,5060,0.05,Completed,Bank Transfer
BK-2025-00669,2025-02-27,2025-05-22,C04427,PK07,AG10,1,0,2585,,Completed,Card
BK-2025-00670,2025-02-27,2025-05-02,C04734,PK06,AG02,2,2,1375,0.1,Completed,Bank Transfer
BK-2025-00671,2025-02-27,2025-08-22,C05062,PK13,AG00,2,2,7845,0.15,Completed,Bank Transfer
BK-2025-00672,2025-02-27,2025-06-12,C05429,PK08,AG04,2,1,1300,0.0,Completed,Card
BK-2025-00673,2025-02-27,2025-07-21,C06483,PK08,AG04,2,1,1495,0.0,Completed,Bank Transfer
BK-2025-00674,2025-02-28,2025-03-21,C00471,PK02,AG01,5,0,420,0.0,Completed,Card
BK-2025-00675,2025-02-28,2025-04-17,C00671,PK06,AG13,3,0,1375,,Cancelled,Bank Transfer
BK-2025-00676,2025-02-28,2025-05-16,C01020,PK07,AG00,1,0,2585,0.0,Completed,M-Pesa
BK-2025-00677,2025-02-28,2025-06-29,C01714,PK17,AG11,2,2,10780,0.05,Cancelled,Card
BK-2025-00678,2025-02-28,2025-04-11,C01975,PK05,AG06,2,0,860,0.05,Completed,Bank Transfer
BK-2025-00679,2025-02-28,2025-06-23,C04388,PK17,AG00,5,0,10780,0.0,Cancelled,Bank Transfer
BK-2025-00680,2025-02-28,2025-04-15,C05170,PK09,AG11,2,2,2860,0.0,Completed,Bank Transfer
BK-2025-00681,2025-02-28,2025-03-28,C05181,PK07,AG12,9,0,2585,0.05,Completed,Card
BK-2025-00682,2025-02-28,2025-03-25,C05611,PK05,AG07,2,3,860,0.0,completed,PayPal
BK-2025-00683,2025-02-28,2025-04-03,C05728,PK10,AG02,11,0,980,0.1,CANCELLED,Bank Transfer
BK-2025-00684,2025-02-28,2025-05-16,C06099,PK12,AG06,1,0,5280,0.15,Completed ,Card
BK-2025-00685,2025-02-28,2025-06-13,C06434,PK06,AG11,2,2,1375,,completed,Card
BK-2025-00686,2025-03-01,2025-07-26,C00028,PK06,AG13,9,0,1580,0.0,Completed,PayPal
BK-2025-00687,2025-03-01,2025-08-03,C00747,PK09,AG00,1,0,3290,0.0,Canceled,Bank Transfer
BK-2025-00688,2025-03-01,2025-03-14,C01503,PK10,AG00,2,0,980,0.05,Completed,Bank Transfer
BK-2025-00689,2025-03-01,2025-05-05,C03500,PK08,AG00,2,0,1300,0.0,Completed,Bank Transfer
BK-2025-00690,2025-03-01,2025-09-24,C04788,PK16,AG03,2,0,5820,0.1,Completed,Card
BK-2025-00691,2025-03-01,2025-08-24,C06180,PK17,AG00,2,0,12395,0.1,Completed,Card
BK-2025-00692,2025-03-02,2025-06-26,C00331,PK07,AG00,1,0,2585,0.1,Completed,Card
BK-2025-00693,2025-03-02,2025-05-19,C00635,PK05,AG11,2,0,860,0.05,Completed,PayPal
BK-2025-00694,2025-03-02,2025-04-07,C00920,PK10,AG04,2,0,980,0.0,Completed,M-Pesa
BK-2025-00695,2025-03-02,2025-03-27,C01341,PK03,AG00,2,0,595,0.0,Completed,Bank Transfer
BK-2025-00696,2025-03-02,2025-12-23,C01946,PK12,AG05,2,0,6070,0.1,Completed,PayPal
BK-2025-00697,2025-03-02,2025-09-08,C02035,PK18,AG00,2,2,6580,0.1,Completed,PayPal
BK-2025-00698,2025-03-02,2025-07-18,C02801,PK09,AG00,1,0,3290,0.1,Cancelled ,Card
BK-2025-00699,2025-03-02,2025-06-05,C03250,PK10,AG04,2,0,980,0.05,Canceled,PayPal
BK-2025-00700,2025-03-02,2025-06-11,C04186,PK07,AG04,2,1,2585,0.1,Cancelled,Bank Transfer
BK-2025-00701,2025-03-02,2025-06-14,C05210,PK04,AG00,2,3,550,0.0,Completed,Bank Transfer
BK-2025-00702,2025-03-02,2025-10-08,C05387,PK14,AG02,5,0,5185,,Completed,Bank Transfer
BK-2025-00703,2025-03-03,2025-03-06,C00063,PK02,AG00,6,0,420,0.15,Completed,M-Pesa
BK-2025-00704,2025-03-03,2025-07-19,C01504,PK06,AG02,2,1,1580,0.0,Completed,Card
BK-2025-00705,2025-03-03,2025-07-09,C02521,PK18,AG00,2,0,6580,0.0,Completed,Bank Transfer
BK-2025-00706,2025-03-03,2025-09-28,C03594,PK16,AG00,2,1,5820,0.0,Completed,PayPal
BK-2025-00707,2025-03-03,2025-09-24,C04214,PK09,AG11,2,0,3290,0.0,Completed,PayPal
BK-2025-00708,2025-03-03,2025-05-09,C04636,PK14,AG07,2,0,4510,0.15,Completed,Card
BK-2025-00709,2025-03-03,2025-08-21,C05028,PK10,AG02,5,0,1125,0.05,Completed,Bank Transfer
BK-2025-00710,2025-03-03,2025-04-22,C06223,PK04,AG04,1,0,550,,Completed,Card
BK-2025-00711,2025-03-03,2025-12-23,C06478,PK12,AG04,5,0,6070,0.1,Cancelled,Card
BK-2025-00712,2025-03-04,2025-03-17,C00462,PK01,AG02,5,0,460,0.0,Completed,Bank Transfer
BK-2025-00713,2025-03-04,2025-05-07,C01159,PK11,AG02,2,0,4290,0.05,Completed,Card
BK-2025-00714,2025-03-04,2025-07-07,C02495,PK05,AG04,2,0,985,,Completed,Bank Transfer
BK-2025-00715,2025-03-04,2025-06-27,C03124,PK10,AG04,5,0,980,0.1,Completed,Card
BK-2025-00716,2025-03-04,2025-06-01,C03516,PK06,AG00,2,0,1375,0.1,Completed,Bank Transfer
BK-2025-00717,2025-03-05,2025-06-10,C00470,PK06,AG01,2,0,1375,0.0,Completed,Card
BK-2025-00718,2025-03-05,2025-06-09,C01511,PK12,AG02,2,2,5280,0.0,completed,M-Pesa
BK-2025-00719,2025-03-05,2025-04-25,C01878,PK07,AG05,2,0,2585,0.0,Completed,Bank Transfer
BK-2025-00720,2025-03-05,2025-05-01,C02444,PK03,AG07,4,0,595,0.15,Completed,Card
BK-2025-00721,2025-03-05,2025-10-04,C02686,PK12,AG06,2,1,6070,0.0,Completed,M-Pesa
BK-2025-00722,2025-03-05,2025-09-08,C03201,PK11,AG03,2,0,4935,0.05,Completed,M-Pesa
BK-2025-00723,2025-03-05,2025-04-18,C03643,PK02,AG00,9,0,420,0.05,Completed,Bank Transfer
BK-2025-00724,2025-03-05,2025-08-11,C03728,PK18,AG03,2,0,6580,0.0,Completed,Bank Transfer
BK-2025-00725,2025-03-05,2025-06-18,C04342,PK18,AG02,1,0,5720,0.0,Completed,Card
BK-2025-00726,2025-03-05,2025-03-13,C04626,PK07,AG04,2,0,2585,0.05,Completed,M-Pesa
BK-2025-00727,2025-03-05,2025-04-10,C04668,PK01,AG00,2,0,460,0.0,Completed,Bank Transfer
BK-2025-00728,2025-03-05,2026-02-10,C04916,PK12,AG00,2,0,5520,0.0,Completed,Card
BK-2025-00729,2025-03-05,2025-07-05,C06273,PK06,AG03,2,2,1580,0.15,Completed,M-Pesa
BK-2025-00730,2025-03-06,2025-07-15,C00189,PK14,AG00,2,0,5185,0.05,Completed,Card
BK-2025-00731,2025-03-06,2025-05-05,C01291,PK06,AG00,2,1,1375,0.0,Completed,Card
BK-2025-00732,2025-03-06,2025-07-24,C01326,PK12,AG00,7,0,6070,0.05,Completed,PayPal
BK-2025-00733,2025-03-06,2025-08-06,C01704,PK09,AG12,3,0,3290,0.1,Completed,Card
BK-2025-00734,2025-03-06,2025-07-13,C04791,PK15,AG03,2,3,4935,0.1,Cancelled,Card
BK-2025-00735,2025-03-07,2025-06-14,C00074,PK10,AG00,1,0,980,0.0,Completed,Card
BK-2025-00736,2025-03-07,2025-09-17,C00619,PK10,AG00,2,1,1125,0.05,completed,M-Pesa
BK-2025-00737,2025-03-07,2025-04-14,C00970,PK01,AG00,2,1,460,0.05,Completed,Bank Transfer
BK-2025-00738,2025-03-07,2025-06-28,C01476,PK11,AG01,2,3,4290,0.0,Completed,Card
BK-2025-00739,2025-03-07,2025-03-17,C01797,PK05,AG00,1,0,860,0.0,Completed,Card
BK-2025-00740,2025-03-07,2025-09-25,C03102,PK14,AG06,4,0,5185,0.1,Completed,Bank Transfer
BK-2025-00741,2025-03-07,2025-03-29,C03167,PK06,AG05,2,0,1375,0.05,Completed,PayPal
BK-2025-00742,2025-03-07,2025-03-30,C03312,PK01,AG03,2,3,460,0.0,Completed,PayPal
BK-2025-00743,2025-03-07,2025-09-06,C03363,PK18,AG02,2,0,6580,0.05,Completed,Card
BK-2025-00744,2025-03-07,2025-08-21,C03606,PK16,AG03,2,1,5820,0.1,Completed,Card
BK-2025-00745,2025-03-07,2025-03-18,C03835,PK01,AG00,2,0,460,0.0,Cancelled,PayPal
BK-2025-00746,2025-03-07,2025-03-11,C04141,PK01,AG00,1,0,460,0.0,Completed,Bank Transfer
BK-2025-00747,2025-03-07,2025-03-10,C04646,PK05,AG05,1,0,860,0.1,Cancelled,PayPal
BK-2025-00748,2025-03-07,2025-03-26,C04970,PK05,AG00,1,0,860,0.0,Completed,Bank Transfer
BK-2025-00749,2025-03-07,2026-02-22,C05044,PK12,AG08,2,0,5520,0.0,Completed,Card
BK-2025-00750,2025-03-07,2025-03-15,C05220,PK15,AG00,8,0,4290,0.0,Completed,Card
BK-2025-00751,2025-03-08,2025-03-14,C00711,PK05,AG05,4,0,860,0.0,Completed,Bank Transfer
BK-2025-00752,2025-03-08,2025-09-17,C02020,PK12,AG08,9,0,6070,0.0,Completed,Card
BK-2025-00753,2025-03-08,2025-03-23,C02702,PK01,AG03,2,2,460,0.0,Completed,M-Pesa
BK-2025-00754,2025-03-08,2025-03-22,C02869,PK10,AG04,12,0,980,0.1,Cancelled,Bank Transfer
BK-2025-00755,2025-03-08,2025-03-31,C03519,PK18,AG03,2,3,5720,0.0,Completed,Card
BK-2025-00756,2025-03-08,2025-08-05,C03740,PK17,AG00,1,0,12395,0.15,Completed,PayPal
BK-2025-00757,2025-03-08,2025-04-25,C04257,PK03,AG04,2,3,595,0.0,Completed,PayPal
BK-2025-00758,2025-03-08,2025-04-26,C04593,PK08,AG00,6,0,1300,0.1,Completed,Bank Transfer
BK-2025-00759,2025-03-08,2025-04-17,C04874,PK03,AG08,2,0,595,0.15,Completed,Bank Transfer
BK-2025-00760,2025-03-08,2025-08-19,C04946,PK16,AG04,2,1,5820,0.0,Completed,PayPal
BK-2025-00761,2025-03-08,2025-03-29,C05577,PK01,AG04,6,0,460,0.15,Cancelled,Card
BK-2025-00762,2025-03-08,2025-08-29,C05727,PK17,AG00,2,0,12395,0.1,Completed,Card
BK-2025-00763,2025-03-09,2025-05-01,C00223,PK07,AG04,2,0,2585,0.0,Completed,M-Pesa
BK-2025-00764,2025-03-09,2025-05-03,C01218,PK15,AG03,1,0,4290,0.05,Completed,Card
BK-2025-00765,2025-03-09,2025-07-22,C01863,PK12,AG00,2,0,6070,0.15,Completed,Bank Transfer
BK-2025-00766,2025-03-09,2025-08-05,C02257,PK07,AG04,2,0,2975,0.1,Completed ,Bank Transfer
BK-2025-00767,2025-03-09,2025-04-21,C02902,PK07,AG01,2,0,2585,0.1,Completed,Card
BK-2025-00768,2025-03-09,2025-08-01,C03085,PK14,AG09,2,2,5185,0.0,Completed,PayPal
BK-2025-00769,2025-03-09,2025-03-29,C03369,PK07,AG05,2,0,2585,0.0,Completed,Bank Transfer
BK-2025-00770,2025-03-09,2025-06-06,C04158,PK17,AG00,1,0,10780,0.0,Completed,Card
BK-2025-00771,2025-03-09,2025-07-27,C04467,PK01,AG00,2,0,530,0.0,Completed,Bank Transfer
BK-2025-00772,2025-03-09,2025-03-21,C05018,PK01,AG07,5,0,460,0.1,Completed,Card
BK-2025-00773,2025-03-09,2025-06-29,C05575,PK07,AG08,1,0,2585,0.0,Completed,Card
BK-2025-00774,2025-03-09,2025-09-15,C05796,PK13,AG00,2,0,7845,0.0,Completed,Card
BK-2025-00775,2025-03-09,2025-03-15,C06489,PK03,AG13,9,0,595,0.1,Cancelled,Bank Transfer
BK-2025-00776,2025-03-10,2025-07-22,C00681,PK08,AG05,2,0,1495,0.0,Completed,Card
BK-2025-00777,2025-03-10,2025-09-19,C00857,PK18,AG00,2,0,6580,0.1,Canceled,Card
BK-2025-00778,2025-03-10,2025-08-20,C01812,PK12,AG01,8,0,6070,0.05,Completed,Card
BK-2025-00779,2025-03-10,2025-03-29,C01855,PK17,AG00,2,2,10780,0.0,Completed,Bank Transfer
BK-2025-00780,2025-03-10,2025-07-06,C02281,PK07,AG03,2,0,2975,0.0,Completed,Bank Transfer
BK-2025-00781,2025-03-10,2025-10-18,C02866,PK14,AG00,9,0,5185,0.0,Completed,Card
BK-2025-00782,2025-03-10,2025-07-19,C03660,PK15,AG01,8,0,4935,0.1,Completed,M-Pesa
BK-2025-00783,2025-03-10,2025-07-01,C03693,PK13,AG09,1,0,7845,0.05,Completed,Card
BK-2025-00784,2025-03-10,2025-12-31,C04419,PK16,AG03,2,2,5820,0.0,Completed,Bank Transfer
BK-2025-00785,2025-03-10,2025-03-23,C04774,PK02,AG11,4,0,420,0.1,Completed,Card
BK-2025-00786,2025-03-10,2025-07-26,C04834,PK16,AG03,2,0,5820,0.1,Completed,PayPal
BK-2025-00787,2025-03-10,2025-07-28,C05013,PK16,AG13,6,0,5820,0.1,Completed,Card
BK-2025-00788,2025-03-10,2025-06-05,C05028,PK13,AG04,9,0,6820,0.15,Completed,Bank Transfer
BK-2025-00789,2025-03-10,2025-06-23,C05508,PK18,AG03,2,0,5720,0.0,Completed,M-Pesa
BK-2025-00790,2025-03-10,2025-04-12,C05697,PK07,AG09,2,0,2585,0.0,Completed,Bank Transfer
BK-2025-00791,2025-03-10,2025-09-04,C06298,PK15,AG04,2,0,4935,0.0,Completed,Card
BK-2025-00792,2025-03-11,2025-03-29,C00715,PK02,AG01,5,0,420,0.05,Completed,Bank Transfer
BK-2025-00793,2025-03-11,2025-07-14,C00941,PK12,AG03,2,3,6070,0.05,Completed,M-Pesa
BK-2025-00794,2025-03-11,2025-05-07,C01313,PK03,AG04,6,0,595,0.05,Cancelled,Card
BK-2025-00795,2025-03-11,2025-06-18,C01657,PK17,AG05,2,2,10780,0.15,Completed,Bank Transfer
BK-2025-00796,2025-03-11,2025-06-28,C02753,PK12,AG02,2,0,5280,0.1,Completed,Bank Transfer
BK-2025-00797,2025-03-11,2025-05-21,C02933,PK09,AG00,7,0,2860,0.1,Completed,Card
BK-2025-00798,2025-03-11,2025-07-15,C03210,PK16,AG02,2,1,5820,0.05,Completed,Card
BK-2025-00799,2025-03-11,2025-08-01,C03633,PK18,AG00,2,0,6580,0.0,Completed,PayPal
BK-2025-00800,2025-03-11,2025-09-02,C04306,PK13,AG00,2,0,7845,,Completed,Card
BK-2025-00801,2025-03-11,2025-05-06,C04835,PK08,AG07,2,2,1300,0.05,Completed,Card
BK-2025-00802,2025-03-11,2025-09-05,C05101,PK09,AG12,9,0,3290,0.1,Completed,Bank Transfer
BK-2025-00803,2025-03-11,2025-03-26,C06471,PK11,AG02,2,0,4290,0.0,Completed,PayPal
BK-2025-00804,2025-03-11,2025-03-26,C06499,PK01,AG11,8,0,460,0.1,completed,Bank Transfer
BK-2025-00805,2025-03-12,2025-07-01,C00228,PK14,AG02,5,0,5185,0.0,Completed,PayPal
BK-2025-00806,2025-03-12,2025-08-05,C00493,PK14,AG00,6,0,5185,0.1,Completed,Card
BK-2025-00807,2025-03-12,2025-03-16,C00648,PK02,AG00,2,0,420,0.05,Completed,PayPal
BK-2025-00808,2025-03-12,2025-06-02,C02290,PK13,AG00,2,3,6820,0.0,Completed,Bank Transfer
BK-2025-00809,2025-03-12,2025-08-09,C02501,PK18,AG03,1,0,6580,0.05,Canceled,Card
BK-2025-00810,2025-03-12,2025-06-09,C02954,PK06,AG00,2,1,1375,0.1,Completed,M-Pesa
BK-2025-00811,2025-03-12,2025-03-15,C04426,PK01,AG04,2,0,460,0.0,Completed,Card
BK-2025-00812,2025-03-12,2025-05-01,C05278,PK16,AG10,2,0,5060,0.15,Completed,Card
BK-2025-00813,2025-03-12,2025-07-07,C05863,PK13,AG04,2,2,7845,0.0,completed,M-Pesa
BK-2025-00814,2025-03-13,2025-07-04,C00865,PK09,AG03,1,0,3290,0.1,Completed,M-Pesa
BK-2025-00815,2025-03-13,2025-03-18,C01155,PK01,AG03,2,0,460,0.0,Completed,Card
BK-2025-00816,2025-03-13,2025-05-15,C01931,PK11,AG12,9,0,4290,0.05,Completed,Card
BK-2025-00817,2025-03-13,2025-04-16,C03124,PK08,AG04,9,0,1300,0.1,Completed,Bank Transfer
BK-2025-00818,2025-03-13,2025-07-22,C04002,PK15,AG11,9,0,4935,0.05,Completed ,Card
BK-2025-00819,2025-03-13,2025-07-28,C04403,PK13,AG04,2,1,7845,0.0,Completed,Card
BK-2025-00820,2025-03-13,2025-05-12,C04752,PK09,AG00,1,0,2860,0.0,Completed,Bank Transfer
BK-2025-00821,2025-03-13,2025-07-06,C04754,PK16,AG00,2,0,5820,0.0,Completed,Bank Transfer
BK-2025-00822,2025-03-14,2025-05-12,C00136,PK11,AG05,2,0,4290,0.0,Completed,Card
BK-2025-00823,2025-03-14,2025-04-06,C00431,PK15,AG00,2,0,4290,0.0,Cancelled,Bank Transfer
BK-2025-00824,2025-03-14,2025-08-11,C00702,PK14,AG03,1,0,5185,0.0,Completed,M-Pesa
BK-2025-00825,2025-03-14,2025-07-10,C00897,PK06,AG04,2,2,1580,0.0,Completed,Card
BK-2025-00826,2025-03-14,2025-07-24,C01276,PK12,AG00,2,2,6070,0.0,Completed,Card
BK-2025-00827,2025-03-14,2025-08-17,C03188,PK06,AG00,7,0,1580,0.0,Completed,Bank Transfer
BK-2025-00828,2025-03-14,2025-09-15,C03237,PK18,AG06,2,0,6580,0.0,Completed,PayPal
BK-2025-00829,2025-03-14,2025-07-10,C03608,PK13,AG00,2,1,7845,0.05,Completed,M-Pesa
BK-2025-00830,2025-03-14,2025-07-01,C04495,PK12,AG05,2,3,6070,0.0,Completed,Card
BK-2025-00831,2025-03-14,2025-07-08,C04655,PK12,AG00,2,2,6070,0.0,Completed,Card
BK-2025-00832,2025-03-14,2025-05-11,C04891,PK14,AG09,2,1,4510,0.0,Completed,Bank Transfer
BK-2025-00833,2025-03-14,2025-06-22,C05807,PK03,AG04,2,0,595,0.0,Completed,M-Pesa
BK-2025-00834,2025-03-14,2025-07-31,C05899,PK14,AG11,9,0,5185,0.0,Completed,Bank Transfer
BK-2025-00835,2025-03-14,2025-08-05,C06039,PK10,AG12,6,0,1125,0.05,Completed,Bank Transfer
BK-2025-00836,2025-03-14,2025-10-04,C06137,PK13,AG00,2,1,7845,0.0,Completed,Card
BK-2025-00837,2025-03-14,2025-04-11,C06294,PK03,AG10,2,2,595,0.1,Completed,Bank Transfer
BK-2025-00838,2025-03-15,2025-03-25,C00480,PK04,AG00,4,0,550,0.05,Completed,Card
BK-2025-00839,2025-03-15,2025-04-05,C00882,PK11,AG00,2,3,4290,0.15,Completed,Card
BK-2025-00840,2025-03-15,2025-03-21,C02137,PK02,AG00,5,0,420,0.1,Cancelled,PayPal
BK-2025-00841,2025-03-15,2025-07-23,C02264,PK14,AG00,2,1,5185,0.0,Cancelled,PayPal
BK-2025-00842,2025-03-15,2025-07-10,C02619,PK18,AG02,1,0,6580,0.1,Completed,Card
BK-2025-00843,2025-03-15,2025-08-07,C02931,PK09,AG00,8,0,3290,0.1,Completed,Bank Transfer
BK-2025-00844,2025-03-15,2025-09-25,C03157,PK09,AG01,2,0,3290,0.05,Completed,PayPal
BK-2025-00845,2025-03-15,2025-07-14,C03329,PK15,AG02,5,0,4935,0.05,Completed,M-Pesa
BK-2025-00846,2025-03-15,2025-06-08,C03508,PK07,AG07,7,0,2585,0.05,Completed,M-Pesa
BK-2025-00847,2025-03-15,2025-07-12,C03778,PK16,AG04,2,1,5820,0.0,Completed,Card
BK-2025-00848,2025-03-15,2025-03-30,C04030,PK04,AG00,8,0,550,0.1,Completed,Card
BK-2025-00849,2025-03-15,2025-06-02,C04034,PK03,AG04,5,0,595,0.1,Completed,Card
BK-2025-00850,2025-03-15,2025-08-26,C04624,PK10,AG00,2,3,1125,0.0,Completed,PayPal
BK-2025-00851,2025-03-15,2026-01-18,C04816,PK12,AG01,7,0,6350,0.1,Completed,Bank Transfer
BK-2025-00852,2025-03-15,2025-11-07,C05586,PK17,AG02,1,0,10780,0.05,Completed,Bank Transfer
BK-2025-00853,2025-03-16,2025-07-23,C01913,PK16,AG03,2,0,5820,0.0,Completed,Bank Transfer
BK-2025-00854,2025-03-16,2025-03-27,C01953,PK03,AG00,2,0,595,0.15,Completed,Bank Transfer
BK-2025-00855,2025-03-16,2025-04-18,C02068,PK01,AG00,8,0,460,0.0,Completed,Card
BK-2025-00856,2025-03-16,2025-03-30,C02692,PK04,AG00,1,0,550,0.0,Completed,Card
BK-2025-00857,2025-03-16,2025-05-06,C02960,PK01,AG00,2,0,460,0.1,completed,Card
BK-2025-00858,2025-03-16,2025-04-12,C03020,PK02,AG00,2,1,420,0.0,Completed,Bank Transfer
BK-2025-00859,2025-03-16,2025-04-14,C03049,PK06,AG06,11,0,1375,0.0,Completed,Card
BK-2025-00860,2025-03-16,2025-08-15,C03573,PK13,AG00,2,0,7845,,Completed,Card
BK-2025-00861,2025-03-16,2025-12-02,C04248,PK12,AG02,2,2,6070,0.05,Completed,Card
BK-2025-00862,2025-03-16,2025-07-26,C04849,PK07,AG00,2,0,2975,0.0,Completed,Card
BK-2025-00863,2025-03-16,2025-07-17,C04977,PK12,AG00,2,0,6070,0.0,Cancelled,Bank Transfer
BK-2025-00864,2025-03-16,2025-07-17,C05261,PK15,AG09,2,0,4935,0.0,Canceled,Card
BK-2025-00865,2025-03-16,2025-08-04,C06493,PK12,AG01,1,0,6070,0.0,Completed,Bank Transfer
BK-2025-00866,2025-03-17,2025-07-24,C01147,PK12,AG00,2,0,6070,0.0,Completed,PayPal
BK-2025-00867,2025-03-17,2025-05-12,C01910,PK05,AG04,2,0,860,0.0,Completed,Card
BK-2025-00868,2025-03-17,2025-07-05,C02070,PK12,AG00,2,0,6070,0.0,Completed,Bank Transfer
BK-2025-00869,2025-03-17,2025-05-13,C02430,PK12,AG11,1,0,5280,0.0,Completed ,Card
BK-2025-00870,2025-03-17,2025-06-12,C02743,PK08,AG00,2,0,1300,,Completed,Card
BK-2025-00871,2025-03-17,2025-07-22,C02959,PK16,AG04,7,0,5820,0.0,Completed,Bank Transfer
BK-2025-00872,2025-03-17,2025-05-01,C04245,PK17,AG00,2,1,10780,0.0,Completed,Card
BK-2025-00873,2025-03-17,2025-03-30,C04254,PK01,AG04,1,0,460,0.0,Completed,Card
BK-2025-00874,2025-03-18,2025-11-20,C00122,PK14,AG03,5,0,4510,0.05,Completed,Bank Transfer
BK-2025-00875,2025-03-18,2025-07-26,C00212,PK18,AG00,2,0,6580,0.05,Completed,Card
BK-2025-00876,2025-03-18,2025-04-01,C00268,PK01,AG02,2,2,460,0.0,Completed,PayPal
BK-2025-00877,2025-03-18,2025-06-01,C01043,PK03,AG00,1,0,595,0.0,Completed,Card
BK-2025-00878,2025-03-18,2025-06-24,C01662,PK17,AG13,11,0,10780,0.1,Completed,Card
BK-2025-00879,2025-03-18,2025-09-01,C01726,PK12,AG11,2,3,6070,0.05,Completed,Card
BK-2025-00880,2025-03-18,2025-08-21,C01922,PK06,AG00,2,1,1580,0.0,Completed,Card
BK-2025-00881,2025-03-18,2025-06-02,C02586,PK11,AG00,5,0,4290,0.1,Completed,M-Pesa
BK-2025-00882,2025-03-18,2025-08-11,C03233,PK18,AG00,2,0,6580,0.0,Completed,Card
BK-2025-00883,2025-03-18,2025-05-10,C03389,PK14,AG00,2,0,4510,0.05,Completed,PayPal
BK-2025-00884,2025-03-18,2025-07-12,C03865,PK15,AG02,2,2,4935,0.0,Completed ,Card
BK-2025-00885,2025-03-18,2025-06-23,C03912,PK09,AG09,2,0,2860,0.05,Cancelled,Bank Transfer
BK-2025-00886,2025-03-18,2025-09-01,C04307,PK12,AG02,2,0,6070,0.0,Completed,Card
BK-2025-00887,2025-03-18,2025-10-15,C04937,PK18,AG04,2,0,6580,0.1,Completed,PayPal
BK-2025-00888,2025-03-18,2025-05-17,C05645,PK07,AG13,8,0,2585,0.1,Canceled,Bank Transfer
BK-2025-00889,2025-03-19,2025-06-11,C00465,PK06,AG11,7,0,1375,0.05,Completed,Card
BK-2025-00890,2025-03-19,2025-04-22,C00506,PK10,AG12,10,0,980,0.05,Completed,M-Pesa
BK-2025-00891,2025-03-19,2025-06-15,C00928,PK09,AG13,12,0,2860,0.1,Completed,PayPal
BK-2025-00892,2025-03-19,2025-06-14,C02618,PK11,AG00,1,0,4290,0.1,CANCELLED,M-Pesa
BK-2025-00893,2025-03-19,2025-05-12,C02703,PK07,AG03,2,0,2585,0.0,Completed,Bank Transfer
BK-2025-00894,2025-03-19,2025-05-25,C05330,PK09,AG01,1,0,2860,0.0,Completed,Card
BK-2025-00895,2025-03-19,2025-09-02,C05837,PK16,AG01,2,0,5820,0.0,Completed,M-Pesa
BK-2025-00896,2025-03-19,2025-04-14,C06193,PK06,AG00,6,0,1375,0.05,Completed,Bank Transfer
BK-2025-00897,2025-03-20,2025-05-01,C00576,PK09,AG00,2,1,2860,0.05,Completed,Card
BK-2025-00898,2025-03-20,2025-08-08,C00746,PK06,AG10,2,0,1580,0.0,Completed,M-Pesa
BK-2025-00899,2025-03-20,2025-04-02,C00791,PK18,AG00,7,0,5720,0.1,completed,Card
BK-2025-00900,2025-03-20,2026-02-12,C01179,PK14,AG06,2,0,4715,0.05,Completed,PayPal
BK-2025-00901,2025-03-20,2025-10-08,C01766,PK18,AG00,2,3,6580,0.0,Completed,Card
BK-2025-00902,2025-03-20,2025-03-28,C02359,PK04,AG11,2,1,550,0.0,Completed,Bank Transfer
BK-2025-00903,2025-03-20,2025-06-07,C03681,PK15,AG01,2,0,4290,0.1,Completed ,Card
BK-2025-00904,2025-03-20,2025-05-21,C03800,PK01,AG06,2,0,460,0.1,Completed,Card
BK-2025-00905,2025-03-20,2025-06-11,C04624,PK18,AG01,2,2,5720,0.0,Completed,M-Pesa
BK-2025-00906,2025-03-20,2025-04-14,C05231,PK03,AG08,2,0,595,0.0,Completed,Card
BK-2025-00907,2025-03-20,2025-07-09,C06293,PK16,AG00,2,2,5820,0.05,Completed,Bank Transfer
BK-2025-00908,2025-03-21,2025-05-07,C00460,PK18,AG03,4,0,5720,0.05,Completed,M-Pesa
BK-2025-00909,2025-03-21,2025-05-01,C01498,PK01,AG13,5,0,460,0.0,Completed,Bank Transfer
BK-2025-00910,2025-03-21,2025-03-31,C03031,PK10,AG02,2,0,980,0.05,completed,Card
BK-2025-00911,2025-03-21,2025-08-03,C04208,PK16,AG02,2,0,5820,0.1,Completed,PayPal
BK-2025-00912,2025-03-21,2025-04-08,C04602,PK01,AG05,2,0,460,0.15,Completed,Bank Transfer
BK-2025-00913,2025-03-21,2025-04-25,C05174,PK08,AG00,2,0,1300,0.0,Completed,Card
BK-2025-00914,2025-03-21,2025-11-09,C06001,PK14,AG02,9,0,4510,0.05,Completed,Card
BK-2025-00915,2025-03-22,2025-08-07,C00507,PK13,AG13,12,0,7845,0.1,Completed,Bank Transfer
BK-2025-00916,2025-03-22,2025-08-30,C01139,PK16,AG00,2,0,5820,0.05,Cancelled,Card
BK-2025-00917,2025-03-22,2025-06-17,C01243,PK16,AG03,7,0,5060,0.1,Completed,Card
BK-2025-00918,2025-03-22,2025-07-24,C01268,PK13,AG01,1,0,7845,0.0,Completed,Card
BK-2025-00919,2025-03-22,2025-05-17,C02017,PK10,AG00,2,0,980,0.0,Completed,Card
BK-2025-00920,2025-03-22,2025-06-29,C02232,PK06,AG02,6,0,1375,0.1,Completed,Bank Transfer
BK-2025-00921,2025-03-22,2025-06-10,C03705,PK07,AG04,2,0,2585,0.15,Completed,Bank Transfer
BK-2025-00922,2025-03-22,2025-06-21,C04550,PK07,AG02,2,3,2585,0.0,Completed,PayPal
BK-2025-00923,2025-03-22,2025-09-20,C05433,PK16,AG02,1,0,5820,0.1,Completed,Card
BK-2025-00924,2025-03-22,2025-06-19,C05595,PK12,AG11,4,0,5280,0.1,Completed,Bank Transfer
BK-2025-00925,2025-03-22,2025-06-21,C06028,PK17,AG06,2,0,10780,0.05,Completed ,Card
BK-2025-00926,2025-03-23,2025-06-16,C00081,PK07,AG00,2,2,2585,0.0,Completed,M-Pesa
BK-2025-00927,2025-03-23,2025-07-06,C00302,PK02,AG12,10,0,480,0.1,Completed,Bank Transfer
BK-2025-00928,2025-03-23,2025-03-28,C00820,PK01,AG02,2,1,460,0.0,Completed,Card
BK-2025-00929,2025-03-23,2025-09-08,C00969,PK18,AG04,2,2,6580,0.05,completed,M-Pesa
BK-2025-00930,2025-03-23,2025-09-27,C01441,PK14,AG00,2,0,5185,0.05,Completed,Bank Transfer
BK-2025-00931,2025-03-23,2025-05-12,C01856,PK01,AG00,2,1,460,0.0,Completed,M-Pesa
BK-2025-00932,2025-03-23,2025-10-21,C02767,PK13,AG00,1,0,7845,0.0,Completed,PayPal
BK-2025-00933,2025-03-23,2025-06-24,C02780,PK13,AG00,1,0,6820,0.0,Completed,Bank Transfer
BK-2025-00934,2025-03-23,2025-10-05,C04348,PK16,AG00,2,1,5820,0.05,Completed,Card
BK-2025-00935,2025-03-23,2025-07-01,C04764,PK18,AG00,2,0,6580,0.05,Cancelled,PayPal
BK-2025-00936,2025-03-23,2025-07-18,C04825,PK18,AG00,2,0,6580,0.0,Completed,Card
BK-2025-00937,2025-03-23,2025-04-21,C05269,PK08,AG00,2,1,1300,0.0,Completed,PayPal
BK-2025-00938,2025-03-23,2025-07-14,C05341,PK11,AG03,2,2,4935,0.0,Completed,Card
BK-2025-00939,2025-03-23,2025-04-12,C05669,PK03,AG05,8,0,595,0.05,Completed,Card
BK-2025-00940,2025-03-24,2025-04-16,C02107,PK03,AG04,8,0,595,0.1,Cancelled,M-Pesa
BK-2025-00941,2025-03-24,2025-09-09,C03460,PK16,AG07,2,0,5820,0.0,Completed,Card
BK-2025-00942,2025-03-24,2026-07-08,C03579,PK12,AG00,2,3,6350,0.0,Confirmed,Bank Transfer
BK-2025-00943,2025-03-24,2025-04-04,C04375,PK14,AG00,2,3,4510,0.0,Completed,Card
BK-2025-00944,2025-03-24,2025-10-23,C04762,PK13,AG01,2,2,7845,0.0,Cancelled ,PayPal
BK-2025-00945,2025-03-24,2025-06-23,C06066,PK06,AG00,2,3,1375,0.0,Completed,Card
BK-2025-00946,2025-03-24,2025-05-09,C06374,PK14,AG04,2,0,4510,0.05,Cancelled,Bank Transfer
BK-2025-00947,2025-03-25,2025-09-08,C00119,PK07,AG03,2,3,2975,0.0,Canceled,Card
BK-2025-00948,2025-03-25,2025-06-10,C00159,PK16,AG00,8,0,5060,0.0,Completed,Card
BK-2025-00949,2025-03-25,2025-09-29,C00597,PK06,AG06,2,1,1580,0.05,Completed,Bank Transfer
BK-2025-00950,2025-03-25,2025-05-24,C00612,PK11,AG03,2,0,4290,0.0,Completed,PayPal
BK-2025-00951,2025-03-25,2025-07-23,C00967,PK13,AG03,6,0,7845,,Completed,Card
BK-2025-00952,2025-03-25,2025-06-09,C01485,PK13,AG03,8,0,6820,0.1,Completed,Bank Transfer
BK-2025-00953,2025-03-25,2025-10-01,C02474,PK17,AG00,1,0,12395,0.0,Completed,Card
BK-2025-00954,2025-03-25,2025-09-08,C03231,PK12,AG11,2,0,6070,0.0,COMPLETED,Card
BK-2025-00955,2025-03-25,2025-10-16,C03650,PK18,AG00,1,0,6580,0.0,Completed,Card
BK-2025-00956,2025-03-25,2025-03-30,C04411,PK01,AG00,2,0,460,0.05,Completed,Card
BK-2025-00957,2025-03-25,2026-01-01,C04467,PK15,AG06,2,0,5160,0.0,Completed,Bank Transfer
BK-2025-00958,2025-03-25,2025-04-09,C04649,PK03,AG00,2,0,595,0.05,Completed,Card
BK-2025-00959,2025-03-25,2025-04-20,C04830,PK02,AG00,2,0,420,0.05,Completed,Bank Transfer
BK-2025-00960,2025-03-25,2025-09-29,C05765,PK06,AG13,10,0,1580,0.15,Completed,Card
BK-2025-00961,2025-03-25,2025-07-19,C06415,PK14,AG07,2,3,5185,0.0,Completed,Card
BK-2025-00962,2025-03-26,2025-07-06,C00151,PK18,AG01,1,0,6580,0.0,Completed,Card
BK-2025-00963,2025-03-26,2025-05-08,C00382,PK16,AG10,1,0,5060,0.05,Completed,M-Pesa
BK-2025-00964,2025-03-26,2025-05-17,C01575,PK05,AG06,2,0,860,0.0,Completed,Bank Transfer
BK-2025-00965,2025-03-26,2025-05-10,C03121,PK03,AG00,2,0,595,0.0,Completed,Bank Transfer
BK-2025-00966,2025-03-26,2025-05-09,C03210,PK09,AG00,2,3,2860,0.0,Cancelled,M-Pesa
BK-2025-00967,2025-03-26,2025-07-05,C03388,PK14,AG00,2,0,5185,0.0,Completed,PayPal
BK-2025-00968,2025-03-26,2025-10-28,C04019,PK18,AG02,1,0,6580,0.05,Completed,PayPal
BK-2025-00969,2025-03-26,2025-08-07,C04449,PK09,AG06,2,0,3290,0.05,Completed,Card
BK-2025-00970,2025-03-26,2025-04-06,C04829,PK01,AG01,2,3,460,0.1,Completed,M-Pesa
BK-2025-00971,2025-03-26,2025-04-03,C05197,PK01,AG00,2,0,460,0.0,Completed,Card
BK-2025-00972,2025-03-26,2025-07-11,C05738,PK18,AG06,2,0,6580,0.0,Completed,Bank Transfer
BK-2025-00973,2025-03-26,2025-08-12,C05738,PK18,AG11,2,0,6580,0.1,Completed,Card
BK-2025-00974,2025-03-27,2025-07-15,C00429,PK04,AG03,2,2,630,0.05,cancelled,Card
BK-2025-00975,2025-03-27,2025-04-15,C01397,PK01,AG12,7,0,460,0.1,Completed,Card
BK-2025-00976,2025-03-27,2025-06-25,C02826,PK12,AG12,11,0,5280,0.1,Completed,Card
BK-2025-00977,2025-03-27,2025-06-04,C03647,PK03,AG02,2,1,595,0.05,Cancelled,PayPal
BK-2025-00978,2025-03-27,2025-10-25,C03674,PK14,AG04,1,0,5185,0.1,Completed,M-Pesa
BK-2025-00979,2025-03-27,2025-05-20,C03904,PK08,AG00,2,0,1300,0.1,Completed,PayPal
BK-2025-00980,2025-03-27,2025-07-07,C05661,PK18,AG00,8,0,6580,0.1,Completed,Card
BK-2025-00981,2025-03-27,2025-08-14,C05870,PK06,AG00,2,0,1580,0.0,Completed,Card
BK-2025-00982,2025-03-27,2025-05-11,C05989,PK05,AG00,2,1,860,0.0,Completed,PayPal
BK-2025-00983,2025-03-28,2025-12-29,C01660,PK12,AG04,1,0,6070,0.05,Canceled,Card
BK-2025-00984,2025-03-28,2025-05-26,C02111,PK15,AG01,2,3,4290,0.15,Completed,Card
BK-2025-00985,2025-03-28,2025-05-07,C02288,PK01,AG00,7,0,460,0.0,Completed,Card
BK-2025-00986,2025-03-28,2025-08-01,C02590,PK18,AG00,4,0,6580,0.0,Completed,Card
BK-2025-00987,2025-03-28,2025-04-20,C03351,PK03,AG03,2,0,595,0.0,Completed,Card
BK-2025-00988,2025-03-28,2025-04-21,C04537,PK04,AG01,2,0,550,0.15,Completed,PayPal
BK-2025-00989,2025-03-28,2025-05-14,C06399,PK10,AG03,8,0,980,0.05,COMPLETED,Card
BK-2025-00990,2025-03-29,2025-06-13,C00298,PK14,AG07,2,2,4510,0.0,Completed,Bank Transfer
BK-2025-00991,2025-03-29,2025-09-11,C00323,PK14,AG00,7,0,5185,0.05,Completed,Card
BK-2025-00992,2025-03-29,2025-10-15,C00348,PK15,AG00,2,0,4935,0.1,Completed,Bank Transfer
BK-2025-00993,2025-03-29,2025-07-10,C01573,PK10,AG05,2,3,1125,0.1,Completed,Card
BK-2025-00994,2025-03-29,2025-07-01,C02341,PK08,AG03,2,3,1495,0.15,Completed,Bank Transfer
BK-2025-00995,2025-03-29,2025-07-03,C02413,PK15,AG11,9,0,4935,0.1,Completed,Bank Transfer
BK-2025-00996,2025-03-29,2025-08-12,C03843,PK15,AG03,3,0,4935,0.0,Completed,M-Pesa
BK-2025-00997,2025-03-29,2025-05-12,C04740,PK08,AG02,2,0,1300,0.05,Completed,Bank Transfer
BK-2025-00998,2025-03-29,2025-05-12,C05116,PK10,AG01,2,0,980,0.0,Completed,Bank Transfer
BK-2025-00999,2025-03-29,2025-08-17,C05163,PK14,AG00,2,0,5185,0.0,Completed,PayPal
BK-2025-01000,2025-03-29,2025-06-28,C05308,PK11,AG00,5,0,4290,0.05,Completed,Card
BK-2025-01001,2025-03-29,2025-06-01,C06146,PK03,AG10,2,3,595,0.0,Completed,Card
BK-2025-01002,2025-03-30,2025-10-17,C00469,PK16,AG00,2,0,5820,0.0,Completed,Card
BK-2025-01003,2025-03-30,2025-08-11,C00943,PK08,AG05,2,0,1495,0.0,Completed,Bank Transfer
BK-2025-01004,2025-03-30,2025-06-29,C01768,PK17,AG12,3,0,10780,0.0,Completed,PayPal
BK-2025-01005,2025-03-30,2025-08-27,C01990,PK06,AG00,2,2,1580,0.15,Completed,Bank Transfer
BK-2025-01006,2025-03-30,2025-06-25,C02090,PK12,AG03,2,0,5280,0.1,Completed,PayPal
BK-2025-01007,2025-03-30,2025-06-07,C02187,PK15,AG00,2,3,4290,0.15,Completed,Bank Transfer
BK-2025-01008,2025-03-30,2025-08-21,C03206,PK13,AG04,1,0,7845,0.0,Completed,Card
BK-2025-01009,2025-03-30,2025-08-12,C03342,PK18,AG01,2,3,6580,0.05,Completed,PayPal
BK-2025-01010,2025-03-30,2025-08-09,C03616,PK04,AG09,2,0,630,0.0,Completed,Bank Transfer
BK-2025-01011,2025-03-30,2025-08-27,C03907,PK16,AG04,2,0,5820,0.05,Completed,M-Pesa
BK-2025-01012,2025-03-30,2025-09-19,C04193,PK15,AG09,2,2,4935,0.0,Completed,PayPal
BK-2025-01013,2025-03-30,2025-08-25,C04193,PK13,AG04,2,1,7845,0.15,Completed,Bank Transfer
BK-2025-01014,2025-03-30,2025-08-02,C05790,PK17,AG00,2,0,12395,0.1,Completed,Card
BK-2025-01015,2025-03-30,2025-05-23,C06302,PK03,AG00,2,2,595,0.0,COMPLETED,PayPal
BK-2025-01016,2025-03-31,2025-06-20,C00194,PK15,AG00,2,0,4290,0.05,Completed,M-Pesa
BK-2025-01017,2025-03-31,2025-06-20,C01144,PK11,AG00,1,0,4290,0.0,Completed,Card
BK-2025-01018,2025-03-31,2025-06-28,C01283,PK01,AG12,5,0,460,0.1,Completed,Bank Transfer
BK-2025-01019,2025-03-31,2025-06-07,C01717,PK02,AG06,2,3,420,0.0,Completed,PayPal
BK-2025-01020,2025-03-31,2025-08-13,C01718,PK13,AG13,7,0,7845,0.1,Completed,Card
BK-2025-01021,2025-03-31,2025-08-01,C02425,PK13,AG00,6,0,7845,0.1,Completed ,Card
BK-2025-01022,2025-03-31,2025-07-07,C02617,PK06,AG04,1,0,1580,0.1,Completed,PayPal
BK-2025-01023,2025-03-31,2025-06-06,C04991,PK04,AG09,4,0,550,0.1,Completed,Card
BK-2025-01024,2025-03-31,2025-05-15,C05265,PK03,AG03,6,0,595,0.1,Completed,Bank Transfer
BK-2025-01025,2025-03-31,2025-09-10,C05402,PK12,AG02,2,0,6070,0.0,Completed,Card
BK-2025-01026,2025-03-31,2025-06-19,C06219,PK09,AG11,2,1,2860,0.05,Completed,Card
BK-2025-01027,2025-04-01,2025-06-22,C00303,PK07,AG04,2,0,2585,0.0,Completed,Bank Transfer
BK-2025-01028,2025-04-01,2025-09-07,C01257,PK18,AG08,2,0,6580,0.0,Completed,Bank Transfer
BK-2025-01029,2025-04-01,2025-04-30,C01314,PK05,AG00,2,1,860,0.0,Completed,Card
BK-2025-01030,2025-04-01,2025-08-15,C01384,PK10,AG08,2,0,1125,0.05,Completed,PayPal
BK-2025-01031,2025-04-01,2025-08-08,C01652,PK17,AG05,2,0,12395,0.0,Completed,Bank Transfer
BK-2025-01032,2025-04-01,2025-04-20,C01753,PK11,AG11,6,0,4290,0.1,Completed,Card
BK-2025-01033,2025-04-01,2025-05-16,C02401,PK05,AG00,2,1,860,,Completed,PayPal
BK-2025-01034,2025-04-01,2025-10-09,C02457,PK18,AG04,2,0,6580,0.0,Completed,Bank Transfer
BK-2025-01035,2025-04-01,2025-09-15,C03268,PK13,AG00,2,0,7845,0.05,completed,Card
BK-2025-01036,2025-04-01,2026-01-23,C04478,PK18,AG00,2,3,6875,0.05,Completed,M-Pesa
BK-2025-01037,2025-04-01,2026-01-12,C05102,PK13,AG02,2,1,8200,0.1,Completed,Card
BK-2025-01038,2025-04-02,2025-06-01,C00004,PK01,AG02,1,0,460,0.0,Completed,Bank Transfer
BK-2025-01039,2025-04-02,2025-04-14,C00357,PK12,AG02,2,1,5280,0.15,Completed,PayPal
BK-2025-01040,2025-04-02,2025-05-11,C01730,PK02,AG02,2,3,420,0.05,COMPLETED,M-Pesa
BK-2025-01041,2025-04-02,2025-06-20,C03467,PK09,AG06,2,0,2860,,Completed,Card
BK-2025-01042,2025-04-02,2025-12-16,C03785,PK16,AG01,2,0,5820,0.0,Completed ,Card
BK-2025-01043,2025-04-03,2026-03-29,C00059,PK18,AG11,2,0,5980,0.0,Completed,Card
BK-2025-01044,2025-04-03,2025-06-12,C00288,PK01,AG06,2,0,460,0.05,Completed,M-Pesa
BK-2025-01045,2025-04-03,2025-07-08,C02634,PK07,AG05,2,0,2975,0.05,Cancelled,Bank Transfer
BK-2025-01046,2025-04-03,2025-06-18,C02767,PK09,AG03,1,0,2860,0.0,Completed,PayPal
BK-2025-01047,2025-04-03,2025-08-24,C04287,PK12,AG06,2,0,6070,0.0,Completed ,PayPal
BK-2025-01048,2025-04-03,2025-06-08,C04576,PK09,AG06,1,0,2860,0.0,Completed,Card
BK-2025-01049,2025-04-03,2025-07-25,C05271,PK12,AG10,2,1,6070,0.0,Completed,Card
BK-2025-01050,2025-04-03,2025-04-16,C05417,PK13,AG07,2,1,6820,0.0,Completed,M-Pesa
BK-2025-01051,2025-04-03,2025-06-12,C05626,PK07,AG00,2,0,2585,0.0,Completed,Card
BK-2025-01052,2025-04-03,2025-08-20,C06226,PK17,AG00,2,0,12395,0.0,Completed,Card
BK-2025-01053,2025-04-04,2025-07-29,C00763,PK18,AG13,7,0,6580,0.0,Completed,Card
BK-2025-01054,2025-04-04,2025-05-30,C01586,PK02,AG00,2,1,420,0.0,Cancelled,M-Pesa
BK-2025-01055,2025-04-04,2025-06-13,C02330,PK12,AG04,2,3,5280,0.0,Completed,Bank Transfer
BK-2025-01056,2025-04-04,2025-07-19,C02693,PK10,AG06,2,2,1125,0.0,Completed,PayPal
BK-2025-01057,2025-04-04,2025-07-22,C03293,PK12,AG00,2,1,6070,0.0,Completed,Bank Transfer
BK-2025-01058,2025-04-04,2025-05-23,C03593,PK06,AG00,2,1,1375,0.0,Completed,Card
BK-2025-01059,2025-04-04,2025-06-02,C04267,PK10,AG12,12,0,980,0.1,Completed,M-Pesa
BK-2025-01060,2025-04-04,2025-07-11,C04457,PK09,AG00,4,0,3290,,Completed,PayPal
BK-2025-01061,2025-04-04,2025-08-01,C05042,PK09,AG04,2,1,3290,0.0,Completed,Bank Transfer
BK-2025-01062,2025-04-04,2025-06-19,C05234,PK05,AG05,2,1,860,0.15,Completed,Card
BK-2025-01063,2025-04-05,2025-09-05,C00068,PK14,AG07,2,2,5185,0.0,Completed,PayPal
BK-2025-01064,2025-04-05,2025-09-05,C00862,PK17,AG01,2,0,12395,0.0,COMPLETED,Card
BK-2025-01065,2025-04-05,2025-08-03,C01606,PK06,AG04,2,0,1580,0.05,Completed,Card
BK-2025-01066,2025-04-05,2025-08-29,C03063,PK17,AG13,7,0,12395,0.0,Completed,Card
BK-2025-01067,2025-04-05,2025-06-01,C03559,PK09,AG07,2,2,2860,0.05,Completed ,PayPal
BK-2025-01068,2025-04-05,2025-05-31,C04006,PK10,AG03,2,3,980,0.0,Completed,Card
BK-2025-01069,2025-04-05,2025-08-15,C04278,PK13,AG04,1,0,7845,0.0,Completed,Card
BK-2025-01070,2025-04-05,2025-05-19,C05044,PK06,AG01,2,0,1375,0.1,Completed,M-Pesa
BK-2025-01071,2025-04-05,2025-09-24,C05999,PK12,AG13,8,0,6070,0.1,Completed,Card
BK-2025-01072,2025-04-05,2025-08-24,C06429,PK13,AG01,1,0,7845,0.0,Cancelled,Card
BK-2025-01073,2025-04-06,2025-06-08,C00336,PK01,AG00,2,0,460,0.0,Completed,PayPal
BK-2025-01074,2025-04-06,2025-12-27,C00394,PK18,AG00,2,3,6580,0.0,Completed,Card
BK-2025-01075,2025-04-06,2025-07-15,C01121,PK06,AG00,2,0,1580,0.15,Completed,Card
BK-2025-01076,2025-04-06,2025-08-10,C01487,PK07,AG00,5,0,2975,0.1,Cancelled,PayPal
BK-2025-01077,2025-04-06,2025-11-30,C01801,PK10,AG03,2,1,980,0.1,COMPLETED,Card
BK-2025-01078,2025-04-06,2025-05-09,C01868,PK01,AG00,4,0,460,0.0,Completed,Card
BK-2025-01079,2025-04-06,2025-07-25,C02683,PK13,AG10,1,0,7845,0.1,Completed,M-Pesa
BK-2025-01080,2025-04-06,2025-07-05,C03908,PK14,AG03,2,3,5185,0.05,Completed,M-Pesa
BK-2025-01081,2025-04-06,2025-05-18,C04030,PK05,AG02,6,0,860,0.1,Completed ,M-Pesa
BK-2025-01082,2025-04-06,2025-09-28,C04615,PK12,AG11,2,2,6070,0.0,Cancelled ,Bank Transfer
BK-2025-01083,2025-04-06,2025-07-07,C04698,PK06,AG00,7,0,1580,0.0,Completed,Card
BK-2025-01084,2025-04-06,2025-07-16,C04892,PK07,AG01,2,2,2975,0.0,Completed,PayPal
BK-2025-01085,2025-04-06,2025-08-09,C05058,PK18,AG02,5,0,6580,0.05,Completed,Card
BK-2025-01086,2025-04-06,2025-06-13,C05236,PK08,AG08,1,0,1300,0.0,Completed ,PayPal
BK-2025-01087,2025-04-06,2025-07-25,C05604,PK06,AG12,12,0,1580,0.1,Completed,Bank Transfer
BK-2025-01088,2025-04-06,2025-07-23,C06198,PK04,AG03,1,0,630,0.0,Completed,PayPal
BK-2025-01089,2025-04-07,2025-08-01,C00230,PK15,AG04,2,0,4935,0.0,Completed,Card
BK-2025-01090,2025-04-07,2025-08-14,C00438,PK15,AG00,9,0,4935,0.1,Completed,Bank Transfer
BK-2025-01091,2025-04-07,2025-09-01,C01894,PK16,AG04,2,1,5820,0.05,Completed,Bank Transfer
BK-2025-01092,2025-04-07,2025-08-08,C02096,PK13,AG04,7,0,7845,0.0,Completed,PayPal
BK-2025-01093,2025-04-07,2025-10-15,C02738,PK12,AG00,1,0,6070,0.0,Completed,M-Pesa
BK-2025-01094,2025-04-07,2025-06-02,C03087,PK05,AG07,2,0,860,0.0,Completed,Bank Transfer
BK-2025-01095,2025-04-07,2025-04-25,C03114,PK04,AG00,2,0,550,0.1,Cancelled,Bank Transfer
BK-2025-01096,2025-04-07,2025-05-26,C03240,PK09,AG02,2,0,2860,0.1,Completed,Bank Transfer
BK-2025-01097,2025-04-07,2025-07-07,C03469,PK15,AG00,4,0,4935,0.1,Completed,M-Pesa
BK-2025-01098,2025-04-07,2025-05-13,C04124,PK01,AG04,1,0,460,0.0,Completed,PayPal
BK-2025-01099,2025-04-07,2025-07-07,C06006,PK06,AG06,2,0,1580,0.0,completed,Bank Transfer
BK-2025-01100,2025-04-08,2025-08-16,C00893,PK14,AG07,2,0,5185,0.05,Completed,Bank Transfer
BK-2025-01101,2025-04-08,2025-08-31,C01137,PK12,AG01,1,0,6070,0.0,Completed,Card
BK-2025-01102,2025-04-08,2025-04-20,C01279,PK02,AG00,8,0,420,0.1,Completed,PayPal
BK-2025-01103,2025-04-08,2025-06-24,C02808,PK09,AG04,7,0,2860,0.1,Completed,Card
BK-2025-01104,2025-04-08,2025-08-02,C03649,PK06,AG07,8,0,1580,0.1,Completed,Card
BK-2025-01105,2025-04-08,2025-04-23,C03753,PK11,AG09,11,0,4290,0.1,Completed,Bank Transfer
BK-2025-01106,2025-04-08,2025-07-08,C05953,PK08,AG00,5,0,1495,0.1,Completed,Card
BK-2025-01107,2025-04-08,2025-05-09,C06309,PK11,AG11,2,1,4290,0.05,Completed,Card
BK-2025-01108,2025-04-09,2025-09-04,C00552,PK18,AG00,1,0,6580,0.05,Completed,Bank Transfer
BK-2025-01109,2025-04-09,2025-06-16,C01252,PK05,AG07,2,0,860,0.0,Completed,M-Pesa
BK-2025-01110,2025-04-09,2025-09-26,C01775,PK06,AG00,2,0,1580,,Completed,Card
BK-2025-01111,2025-04-09,2025-07-01,C02789,PK05,AG04,1,0,985,0.0,Completed,Card
BK-2025-01112,2025-04-09,2025-05-22,C03789,PK07,AG00,2,0,2585,0.0,Completed,PayPal
BK-2025-01113,2025-04-09,2025-09-09,C04322,PK16,AG06,2,0,5820,0.0,Completed,Bank Transfer
BK-2025-01114,2025-04-09,2025-12-13,C04689,PK18,AG00,2,0,6580,0.0,Completed,Card
BK-2025-01115,2025-04-09,2025-08-29,C05221,PK15,AG02,6,0,4935,0.0,Completed,PayPal
BK-2025-01116,2025-04-09,2025-07-14,C05996,PK17,AG10,2,2,12395,0.0,Completed,Card
BK-2025-01117,2025-04-09,2025-07-11,C06010,PK07,AG03,8,0,2975,0.1,Completed,Card
BK-2025-01118,2025-04-09,2025-07-24,C06060,PK14,AG07,5,0,5185,0.0,completed,Bank Transfer
BK-2025-01119,2025-04-10,2025-07-23,C00323,PK05,AG00,6,0,985,0.1,Completed,Bank Transfer
BK-2025-01120,2025-04-10,2025-07-23,C00392,PK13,AG12,10,0,7845,0.0,Completed,Bank Transfer
BK-2025-01121,2025-04-10,2025-08-24,C00854,PK12,AG04,2,3,6070,0.0,Cancelled,PayPal
BK-2025-01122,2025-04-10,2025-09-02,C00993,PK15,AG03,2,0,4935,0.15,Completed,Bank Transfer
BK-2025-01123,2025-04-10,2025-09-23,C01059,PK12,AG02,2,0,6070,0.0,Completed,Card
BK-2025-01124,2025-04-10,2025-05-19,C01140,PK09,AG10,2,3,2860,0.0,Completed,Bank Transfer
BK-2025-01125,2025-04-10,2025-07-15,C01392,PK12,AG11,2,3,6070,0.05,Completed,PayPal
BK-2025-01126,2025-04-10,2025-06-18,C02014,PK01,AG03,2,0,460,0.05,Completed,M-Pesa
BK-2025-01127,2025-04-10,2025-05-13,C02101,PK15,AG00,2,3,4290,0.0,Completed,Bank Transfer
BK-2025-01128,2025-04-10,2025-08-23,C02316,PK13,AG00,2,0,7845,0.0,Completed,PayPal
BK-2025-01129,2025-04-10,2025-11-01,C02866,PK17,AG05,4,0,10780,0.05,Completed,Bank Transfer
BK-2025-01130,2025-04-10,2025-06-30,C03197,PK15,AG00,1,0,4290,0.05,Completed,Bank Transfer
BK-2025-01131,2025-04-10,2025-12-26,C03223,PK14,AG10,2,3,5185,0.1,Completed,Card
BK-2025-01132,2025-04-10,2025-05-04,C04227,PK15,AG03,2,0,4290,0.05,Canceled,PayPal
BK-2025-01133,2025-04-10,2025-07-05,C04352,PK09,AG04,2,0,3290,0.0,Completed,Bank Transfer
BK-2025-01134,2025-04-10,2025-04-21,C05035,PK03,AG00,2,3,595,0.0,Completed,Bank Transfer
BK-2025-01135,2025-04-10,2025-09-30,C05092,PK12,AG00,2,0,6070,0.0,Completed,Bank Transfer
BK-2025-01136,2025-04-10,2025-05-21,C05519,PK04,AG08,2,0,550,0.15,Completed,Bank Transfer
BK-2025-01137,2025-04-10,2025-07-03,C05773,PK15,AG01,4,0,4935,0.1,Completed,Bank Transfer
BK-2025-01138,2025-04-10,2025-04-26,C06250,PK01,AG10,1,0,460,0.0,Completed,Card
BK-2025-01139,2025-04-11,2025-06-10,C00157,PK07,AG00,6,0,2585,0.1,Completed,Bank Transfer
BK-2025-01140,2025-04-11,2025-08-03,C00198,PK07,AG12,4,0,2975,0.0,Completed,Card
BK-2025-01141,2025-04-11,2025-08-07,C00959,PK18,AG11,2,0,6580,0.05,Completed,Card
BK-2025-01142,2025-04-11,2025-08-14,C01520,PK06,AG00,1,0,1580,0.05,Completed,Card
BK-2025-01143,2025-04-11,2025-06-06,C02098,PK06,AG04,2,1,1375,0.0,Completed,Card
BK-2025-01144,2025-04-11,2025-06-30,C03966,PK07,AG04,6,0,2585,0.0,Completed,Bank Transfer
BK-2025-01145,2025-04-11,2025-07-15,C04008,PK16,AG10,1,0,5820,0.0,Completed,Card
BK-2025-01146,2025-04-11,2025-05-31,C04126,PK04,AG06,2,1,550,0.0,Completed,PayPal
BK-2025-01147,2025-04-11,2025-08-17,C04146,PK12,AG01,2,2,6070,0.05,completed,Card
BK-2025-01148,2025-04-11,2025-05-08,C04316,PK06,AG00,2,0,1375,0.05,Completed,Bank Transfer
BK-2025-01149,2025-04-11,2025-06-10,C04494,PK14,AG10,6,0,4510,0.15,Completed,Bank Transfer
BK-2025-01150,2025-04-11,2025-09-01,C04501,PK06,AG03,2,0,1580,0.0,Completed,Bank Transfer
BK-2025-01151,2025-04-11,2025-06-03,C05548,PK08,AG00,2,0,1300,0.0,Completed,Card
BK-2025-01152,2025-04-11,2025-08-18,C05857,PK16,AG04,2,0,5820,0.15,Completed,PayPal
BK-2025-01153,2025-04-11,2025-07-22,C05882,PK06,AG11,2,3,1580,0.0,Completed,Card
BK-2025-01154,2025-04-11,2025-07-01,C06029,PK18,AG00,1,0,6580,0.05,Completed,Card
BK-2025-01155,2025-04-11,2025-06-05,C06105,PK06,AG00,2,1,1375,0.05,Completed,Bank Transfer
BK-2025-01156,2025-04-11,2025-07-07,C06261,PK14,AG11,1,0,5185,0.0,Completed,Bank Transfer
BK-2025-01157,2025-04-11,2025-06-27,C06416,PK14,AG07,2,0,4510,,Canceled,Bank Transfer
BK-2025-01158,2025-04-12,2025-10-18,C00602,PK16,AG06,2,0,5820,0.0,Completed,Card
BK-2025-01159,2025-04-12,2025-08-24,C00671,PK18,AG12,4,0,6580,0.1,Cancelled,Card
BK-2025-01160,2025-04-12,2025-07-06,C01965,PK14,AG00,2,0,5185,0.0,Completed,Card
BK-2025-01161,2025-04-12,2025-08-15,C02003,PK06,AG00,2,3,1580,0.1,Cancelled,Card
BK-2025-01162,2025-04-12,2025-05-31,C03004,PK06,AG05,2,0,1375,0.1,Completed,M-Pesa
BK-2025-01163,2025-04-12,2025-09-11,C04566,PK14,AG03,2,0,5185,0.0,Cancelled,Card
BK-2025-01164,2025-04-12,2025-07-01,C04711,PK02,AG00,1,0,480,0.0,Canceled,Card
BK-2025-01165,2025-04-12,2025-04-17,C05139,PK05,AG00,2,0,860,0.0,completed,PayPal
BK-2025-01166,2025-04-12,2025-05-01,C05773,PK01,AG00,9,0,460,0.0,Completed,Card
BK-2025-01167,2025-04-12,2025-08-03,C06215,PK15,AG03,2,0,4935,0.1,Completed,Card
BK-2025-01168,2025-04-13,2025-08-26,C00175,PK16,AG05,2,0,5820,0.0,cancelled,Bank Transfer
BK-2025-01169,2025-04-13,2025-12-09,C00242,PK18,AG12,8,0,6580,0.05,Completed,Card
BK-2025-01170,2025-04-13,2025-05-19,C00500,PK15,AG11,2,1,4290,0.05,Completed,Bank Transfer
BK-2025-01171,2025-04-13,2025-10-13,C01040,PK18,AG08,2,0,6580,0.0,Completed,Card
BK-2025-01172,2025-04-13,2025-08-29,C01345,PK06,AG05,2,2,1580,0.1,Completed ,Card
BK-2025-01173,2025-04-13,2025-07-08,C01517,PK07,AG01,2,0,2975,0.0,Completed,Card
BK-2025-01174,2025-04-13,2025-07-18,C01533,PK06,AG09,7,0,1580,0.1,Completed,Bank Transfer
BK-2025-01175,2025-04-13,2025-09-10,C01627,PK07,AG10,2,0,2975,0.0,Completed,Card
BK-2025-01176,2025-04-13,2025-06-17,C02176,PK13,AG03,2,1,6820,0.05,Cancelled,Card
BK-2025-01177,2025-04-13,2026-11-11,C02953,PK15,AG11,2,1,4485,0.0,Confirmed,Card
BK-2025-01178,2025-04-13,2025-07-20,C03430,PK18,AG02,8,0,6580,0.1,COMPLETED,Bank Transfer
BK-2025-01179,2025-04-13,2025-10-16,C04826,PK16,AG04,8,0,5820,,Completed,M-Pesa
BK-2025-01180,2025-04-13,2025-07-26,C05476,PK18,AG02,4,0,6580,0.05,Completed,Bank Transfer
BK-2025-01181,2025-04-13,2025-07-19,C05693,PK16,AG00,1,0,5820,0.0,Completed,Card
BK-2025-01182,2025-04-13,2025-07-02,C05762,PK09,AG04,2,0,3290,0.0,Cancelled,PayPal
BK-2025-01183,2025-04-13,2025-07-10,C06115,PK13,AG02,2,0,7845,0.0,Cancelled,Card
BK-2025-01184,2025-04-14,2026-09-06,C00641,PK18,AG04,2,0,6875,0.05,Cancelled,Bank Transfer
BK-2025-01185,2025-04-14,2025-06-06,C00990,PK14,AG00,12,0,4510,,Completed ,PayPal
BK-2025-01186,2025-04-14,2025-06-05,C01652,PK11,AG02,2,0,4290,0.0,Completed,Bank Transfer
BK-2025-01187,2025-04-14,2025-06-01,C01694,PK01,AG05,5,0,460,0.05,Completed,Bank Transfer
BK-2025-01188,2025-04-14,2025-07-17,C02193,PK12,AG06,2,0,6070,0.1,Completed,Card
BK-2025-01189,2025-04-14,2025-07-03,C03747,PK02,AG06,1,0,480,0.0,Completed,Bank Transfer
BK-2025-01190,2025-04-14,2025-07-31,C04067,PK07,AG06,2,0,2975,0.0,Completed,Bank Transfer
BK-2025-01191,2025-04-14,2025-06-23,C04955,PK10,AG00,2,2,980,0.0,Cancelled,M-Pesa
BK-2025-01192,2025-04-14,2025-06-05,C05701,PK08,AG00,1,0,1300,0.1,Completed,Card
BK-2025-01193,2025-04-15,2025-07-09,C00171,PK13,AG13,3,0,7845,0.1,Completed,M-Pesa
BK-2025-01194,2025-04-15,2025-04-27,C00240,PK01,AG00,1,0,460,0.0,Completed,Bank Transfer
BK-2025-01195,2025-04-15,2025-07-15,C00805,PK14,AG08,10,0,5185,0.1,Cancelled,Card
BK-2025-01196,2025-04-15,2025-09-03,C01102,PK12,AG01,2,3,6070,0.05,Canceled,Card
BK-2025-01197,2025-04-15,2025-11-27,C01166,PK18,AG04,2,2,5720,0.0,Completed,PayPal
BK-2025-01198,2025-04-15,2025-06-14,C03532,PK14,AG05,2,0,4510,0.0,Completed,Card
BK-2025-01199,2025-04-15,2025-09-18,C04784,PK13,AG12,10,0,7845,0.05,Completed,Card
BK-2025-01200,2025-04-15,2025-04-21,C06385,PK02,AG09,1,0,420,0.0,Completed,Card
BK-2025-01201,2025-04-16,2025-06-14,C00417,PK02,AG00,1,0,420,0.1,Completed,Card
BK-2025-01202,2025-04-16,2025-09-12,C00471,PK16,AG11,7,0,5820,0.1,Completed,Bank Transfer
BK-2025-01203,2025-04-16,2025-06-29,C01780,PK12,AG00,2,0,5280,0.1,Completed,Bank Transfer
BK-2025-01204,2025-04-16,2025-08-07,C02523,PK13,AG10,7,0,7845,0.05,Completed,Bank Transfer
BK-2025-01205,2025-04-16,2025-05-01,C02777,PK03,AG09,1,0,595,0.0,Canceled,M-Pesa
BK-2025-01206,2025-04-16,2025-08-04,C03142,PK07,AG00,4,0,2975,0.1,Completed,Card
BK-2025-01207,2025-04-16,2025-08-27,C03264,PK06,AG00,5,0,1580,0.1,Completed,Bank Transfer
BK-2025-01208,2025-04-16,2025-08-23,C03748,PK12,AG00,2,2,6070,0.0,COMPLETED,M-Pesa
BK-2025-01209,2025-04-16,2025-12-24,C03802,PK14,AG04,5,0,5185,0.1,Completed,Bank Transfer
BK-2025-01210,2025-04-16,2025-05-21,C03961,PK02,AG01,11,0,420,0.05,Cancelled,Card
BK-2025-01211,2025-04-16,2025-06-14,C04832,PK04,AG05,2,3,550,0.0,Completed,PayPal
BK-2025-01212,2025-04-16,2025-09-21,C04889,PK06,AG02,2,0,1580,0.0,Completed,Card
BK-2025-01213,2025-04-16,2025-08-29,C04951,PK09,AG00,2,2,3290,0.05,Cancelled,Card
BK-2025-01214,2025-04-16,2025-06-09,C04969,PK03,AG00,2,0,595,0.0,Cancelled,M-Pesa
BK-2025-01215,2025-04-16,2025-07-30,C06331,PK09,AG04,8,0,3290,0.1,Completed,Card
BK-2025-01216,2025-04-17,2025-05-03,C00103,PK10,AG08,2,0,980,0.05,Completed,PayPal
BK-2025-01217,2025-04-17,2025-08-21,C01365,PK18,AG02,2,0,6580,0.1,completed,Bank Transfer
BK-2025-01218,2025-04-17,2025-05-09,C01536,PK01,AG04,2,0,460,0.15,Completed,Card
BK-2025-01219,2025-04-17,2025-07-03,C01699,PK13,AG00,1,0,7845,0.0,Completed,Bank Transfer
BK-2025-01220,2025-04-17,2025-10-01,C01898,PK07,AG00,2,0,2975,0.0,Completed,Card
BK-2025-01221,2025-04-17,2025-09-14,C02618,PK16,AG00,1,0,5820,0.0,Completed,Bank Transfer
BK-2025-01222,2025-04-17,2025-05-29,C02777,PK03,AG00,1,0,595,0.0,COMPLETED,Bank Transfer
BK-2025-01223,2025-04-17,2025-08-24,C03025,PK17,AG04,1,0,12395,0.0,Completed,Bank Transfer
BK-2025-01224,2025-04-17,2025-12-13,C04122,PK16,AG00,1,0,5820,0.05,Completed ,Bank Transfer
BK-2025-01225,2025-04-17,2025-06-01,C04570,PK02,AG03,2,0,420,0.0,Completed,Bank Transfer
BK-2025-01226,2025-04-17,2025-06-21,C04704,PK01,AG06,8,0,460,0.0,Completed,Card
BK-2025-01227,2025-04-17,2025-06-12,C04784,PK01,AG12,11,0,460,0.1,Completed,Card
BK-2025-01228,2025-04-17,2025-05-26,C05359,PK16,AG01,1,0,5060,0.05,Completed ,Card
BK-2025-01229,2025-04-18,2025-12-10,C00961,PK12,AG12,12,0,6070,0.0,Completed,Bank Transfer
BK-2025-01230,2025-04-18,2025-07-16,C00980,PK09,AG03,1,0,3290,0.0,Completed,PayPal
BK-2025-01231,2025-04-18,2025-07-29,C01369,PK12,AG02,2,3,6070,0.0,Completed ,PayPal
BK-2025-01232,2025-04-18,2025-05-29,C01465,PK11,AG06,2,0,4290,0.0,Completed,PayPal
BK-2025-01233,2025-04-18,2025-05-30,C02192,PK10,AG03,2,0,980,0.05,Completed,Bank Transfer
BK-2025-01234,2025-04-18,2025-05-24,C03210,PK03,AG02,2,2,595,0.0,Completed,PayPal
BK-2025-01235,2025-04-18,2025-12-12,C03592,PK12,AG00,2,0,6070,0.1,Cancelled ,M-Pesa
BK-2025-01236,2025-04-18,2025-07-15,C03670,PK06,AG00,4,0,1580,0.0,Completed,Bank Transfer
BK-2025-01237,2025-04-18,2025-07-03,C04351,PK07,AG13,10,0,2975,0.1,Completed,M-Pesa
BK-2025-01238,2025-04-18,2025-07-24,C04734,PK07,AG06,2,2,2975,0.1,Completed,PayPal
BK-2025-01239,2025-04-18,2025-11-03,C05622,PK13,AG02,2,0,6820,0.0,Cancelled,Card
BK-2025-01240,2025-04-18,2026-02-20,C05770,PK15,AG06,2,3,4485,0.0,Completed,Bank Transfer
BK-2025-01241,2025-04-18,2025-08-04,C06178,PK12,AG04,2,1,6070,0.0,Completed,Bank Transfer
BK-2025-01242,2025-04-18,2025-07-22,C06215,PK08,AG00,2,0,1495,0.0,Completed,M-Pesa
BK-2025-01243,2025-04-19,2025-08-05,C00744,PK07,AG02,2,0,2975,0.1,Completed,Card
BK-2025-01244,2025-04-19,2025-06-04,C00779,PK01,AG00,2,0,460,0.05,Completed,PayPal
BK-2025-01245,2025-04-19,2025-09-10,C00792,PK18,AG00,12,0,6580,0.0,Completed,M-Pesa
BK-2025-01246,2025-04-19,2025-09-21,C00810,PK18,AG12,9,0,6580,0.1,Completed,Card
BK-2025-01247,2025-04-19,2025-06-15,C00902,PK03,AG07,2,0,595,0.0,Completed,M-Pesa
BK-2025-01248,2025-04-19,2025-09-06,C01160,PK13,AG11,2,0,7845,0.0,Completed,Card
BK-2025-01249,2025-04-19,2026-01-07,C01263,PK14,AG00,7,0,5420,0.1,Completed,Bank Transfer
BK-2025-01250,2025-04-19,2025-08-30,C01505,PK14,AG00,2,0,5185,,Completed,Bank Transfer
BK-2025-01251,2025-04-19,2025-08-03,C02801,PK13,AG00,1,0,7845,0.0,Completed,Bank Transfer
BK-2025-01252,2025-04-19,2025-08-21,C03485,PK18,AG02,2,0,6580,0.0,Completed,Card
BK-2025-01253,2025-04-19,2025-05-03,C04541,PK11,AG08,1,0,4290,0.15,Cancelled,Card
BK-2025-01254,2025-04-19,2025-12-14,C05237,PK17,AG11,6,0,12395,0.0,Completed,Card
BK-2025-01255,2025-04-19,2025-08-26,C05321,PK16,AG01,2,0,5820,0.0,Completed,Bank Transfer
BK-2025-01256,2025-04-19,2025-09-20,C05372,PK06,AG00,2,3,1580,0.0,Completed,Bank Transfer
BK-2025-01257,2025-04-20,2025-07-24,C00024,PK10,AG03,2,2,1125,0.05,Completed,Bank Transfer
BK-2025-01258,2025-04-20,2025-07-26,C00322,PK07,AG00,2,0,2975,0.0,Cancelled,Bank Transfer
BK-2025-01259,2025-04-20,2025-10-28,C01422,PK16,AG11,2,0,5820,0.0,Completed,Card
BK-2025-01260,2025-04-20,2025-07-27,C01764,PK11,AG00,2,1,4935,0.0,Completed,M-Pesa
BK-2025-01261,2025-04-20,2025-07-02,C03789,PK09,AG00,2,0,3290,0.1,Completed,PayPal
BK-2025-01262,2025-04-20,2025-09-27,C03830,PK12,AG00,2,0,6070,0.1,Completed,Bank Transfer
BK-2025-01263,2025-04-20,2025-06-06,C03916,PK04,AG00,2,1,550,0.05,Completed,Card
BK-2025-01264,2025-04-20,2025-08-17,C04295,PK18,AG01,2,1,6580,0.0,Canceled,Card
BK-2025-01265,2025-04-20,2025-07-07,C04793,PK06,AG02,2,0,1580,0.0,Completed,Card
BK-2025-01266,2025-04-20,2025-07-04,C04821,PK16,AG10,6,0,5820,0.1,Completed,M-Pesa
BK-2025-01267,2025-04-20,2025-09-13,C05090,PK09,AG03,2,0,3290,0.05,Completed,Bank Transfer
BK-2025-01268,2025-04-20,2025-09-07,C05502,PK11,AG12,6,0,4935,0.1,Cancelled,Card
BK-2025-01269,2025-04-20,2025-09-04,C06381,PK10,AG00,7,0,1125,0.1,Completed,Card
BK-2025-01270,2025-04-21,2025-08-06,C00503,PK13,AG06,2,2,7845,0.05,Completed,PayPal
BK-2025-01271,2025-04-21,2025-05-15,C00538,PK03,AG07,2,0,595,0.0,Completed,M-Pesa
BK-2025-01272,2025-04-21,2025-09-22,C00678,PK12,AG04,2,0,6070,0.0,Completed,Card
BK-2025-01273,2025-04-21,2025-06-15,C01466,PK09,AG00,2,0,2860,0.0,Completed,Bank Transfer
BK-2025-01274,2025-04-21,2025-10-05,C02242,PK12,AG00,2,0,6070,0.0,Canceled,PayPal
BK-2025-01275,2025-04-21,2025-06-06,C02388,PK07,AG00,2,0,2585,0.1,Completed,Bank Transfer
BK-2025-01276,2025-04-21,2025-09-09,C02822,PK12,AG00,8,0,6070,0.1,Cancelled,Card
BK-2025-01277,2025-04-21,2026-01-18,C03643,PK17,AG13,12,0,12960,0.0,Completed,PayPal
BK-2025-01278,2025-04-21,2025-09-18,C04390,PK13,AG03,1,0,7845,0.0,Completed,Card
BK-2025-01279,2025-04-21,2025-08-27,C04505,PK15,AG07,2,0,4935,0.0,Completed,Card
BK-2025-01280,2025-04-21,2025-06-06,C04831,PK18,AG00,7,0,5720,0.1,Completed,PayPal
BK-2025-01281,2025-04-21,2025-06-28,C05822,PK16,AG00,2,0,5060,0.05,Completed,M-Pesa
BK-2025-01282,2025-04-21,2025-09-06,C05960,PK15,AG02,1,0,4935,0.0,Completed,Card
BK-2025-01283,2025-04-21,2025-08-18,C06009,PK09,AG10,4,0,3290,0.1,Completed,Card
BK-2025-01284,2025-04-21,2025-10-14,C06014,PK18,AG03,7,0,6580,0.1,Completed,M-Pesa
BK-2025-01285,2025-04-22,2025-06-13,C00301,PK01,AG00,1,0,460,,Completed,Card
BK-2025-01286,2025-04-22,2025-05-20,C01141,PK06,AG02,8,0,1375,0.1,Completed,Bank Transfer
BK-2025-01287,2025-04-22,2025-08-23,C01287,PK18,AG00,2,3,6580,0.0,Canceled,PayPal
BK-2025-01288,2025-04-22,2025-12-09,C01795,PK08,AG01,4,0,1495,,Completed,PayPal
BK-2025-01289,2025-04-22,2025-10-02,C02096,PK16,AG00,4,0,5820,0.05,Completed,Bank Transfer
BK-2025-01290,2025-04-22,2025-06-14,C02475,PK02,AG11,2,0,420,0.0,Completed,Card
BK-2025-01291,2025-04-22,2025-04-30,C02569,PK09,AG12,12,0,2860,0.0,Completed,Bank Transfer
BK-2025-01292,2025-04-22,2025-08-19,C02641,PK11,AG00,2,1,4935,0.05,Completed,Card
BK-2025-01293,2025-04-22,2025-08-06,C02834,PK12,AG00,10,0,6070,0.15,Completed,Bank Transfer
BK-2025-01294,2025-04-22,2025-12-16,C03724,PK14,AG11,2,0,5185,0.0,Completed,Bank Transfer
BK-2025-01295,2025-04-22,2025-06-14,C05024,PK11,AG00,4,0,4290,0.05,Completed,Card
BK-2025-01296,2025-04-22,2026-03-20,C05260,PK15,AG00,2,2,4485,0.05,Completed,M-Pesa
BK-2025-01297,2025-04-22,2025-07-12,C06130,PK03,AG04,4,0,685,0.1,Completed,Bank Transfer
BK-2025-01298,2025-04-22,2025-08-17,C06395,PK07,AG00,2,0,2975,0.0,Completed,Card
BK-2025-01299,2025-04-23,2025-07-05,C01131,PK15,AG06,1,0,4935,0.0,Completed,Card
BK-2025-01300,2025-04-23,2025-10-09,C01707,PK16,AG01,2,3,5820,0.0,Completed,Bank Transfer
BK-2025-01301,2025-04-23,2025-06-27,C01722,PK12,AG00,2,0,5280,0.05,Completed,PayPal
BK-2025-01302,2025-04-23,2025-12-31,C02300,PK18,AG01,2,0,6580,0.0,Completed,Card
BK-2025-01303,2025-04-23,2025-09-26,C02941,PK12,AG05,2,3,6070,0.0,Completed,Card
BK-2025-01304,2025-04-23,2025-09-24,C03404,PK17,AG00,1,0,12395,0.1,Completed,Card
BK-2025-01305,2025-04-23,2026-04-04,C04155,PK12,AG03,2,3,5520,0.0,Completed,M-Pesa
BK-2025-01306,2025-04-23,2025-06-21,C05328,PK18,AG07,2,1,5720,0.0,Completed,Card
BK-2025-01307,2025-04-23,2025-07-10,C05772,PK12,AG04,2,0,6070,0.0,Completed,Card
BK-2025-01308,2025-04-23,2025-10-12,C05812,PK09,AG00,2,0,3290,0.0,Completed,Card
BK-2025-01309,2025-04-24,2025-06-21,C00096,PK09,AG10,2,0,2860,0.0,Completed,Card
BK-2025-01310,2025-04-24,2025-05-28,C00403,PK08,AG00,1,0,1300,0.1,Completed,Card
BK-2025-01311,2025-04-24,2025-06-19,C01126,PK10,AG02,2,0,980,0.05,Completed,Bank Transfer
BK-2025-01312,2025-04-24,2025-06-27,C01202,PK03,AG02,2,0,595,0.0,Completed,Bank Transfer
BK-2025-01313,2025-04-24,2025-05-18,C01806,PK06,AG05,2,0,1375,0.05,Completed,Bank Transfer
BK-2025-01314,2025-04-24,2025-07-01,C02639,PK12,AG00,5,0,6070,0.1,Completed,PayPal
BK-2025-01315,2025-04-24,2025-08-22,C05211,PK06,AG03,2,3,1580,0.0,Completed,Card
BK-2025-01316,2025-04-24,2025-11-06,C05561,PK14,AG08,9,0,4510,0.0,Completed,Bank Transfer
BK-2025-01317,2025-04-24,2025-08-07,C05995,PK13,AG01,2,1,7845,0.0,Completed,PayPal
BK-2025-01318,2025-04-24,2025-10-04,C06021,PK10,AG00,2,0,1125,0.05,Completed,Card
BK-2025-01319,2025-04-24,2025-08-30,C06110,PK10,AG05,2,3,1125,0.0,Completed,M-Pesa
BK-2025-01320,2025-04-25,2025-08-12,C00558,PK02,AG12,8,0,480,0.05,Completed ,Card
BK-2025-01321,2025-04-25,2026-03-10,C00628,PK14,AG00,1,0,4715,0.05,Completed,PayPal
BK-2025-01322,2025-04-25,2026-01-06,C01197,PK12,AG05,9,0,6350,0.05,Completed,Bank Transfer
BK-2025-01323,2025-04-25,2025-07-20,C02190,PK06,AG00,2,1,1580,0.0,Completed,Bank Transfer
BK-2025-01324,2025-04-25,2025-08-28,C02374,PK09,AG00,2,0,3290,0.1,Completed,Bank Transfer
BK-2025-01325,2025-04-25,2025-07-28,C03086,PK06,AG00,2,0,1580,0.1,Completed,Card
BK-2025-01326,2025-04-25,2025-05-05,C03357,PK05,AG02,1,0,860,0.0,Completed,Card
BK-2025-01327,2025-04-25,2025-08-14,C03441,PK15,AG12,9,0,4935,0.0,Completed,PayPal
BK-2025-01328,2025-04-25,2025-10-07,C03798,PK06,AG01,2,3,1580,0.0,Completed,Card
BK-2025-01329,2025-04-25,2025-08-21,C03823,PK06,AG00,5,0,1580,0.1,Completed,Card
BK-2025-01330,2025-04-25,2025-06-02,C04988,PK01,AG00,1,0,460,0.0,Completed,Card
BK-2025-01331,2025-04-25,2025-08-20,C06134,PK12,AG08,2,0,6070,0.05,Completed,M-Pesa
BK-2025-01332,2025-04-25,2025-06-26,C06409,PK02,AG06,2,2,420,0.15,Completed,Card
BK-2025-01333,2025-04-26,2025-09-06,C00716,PK15,AG11,2,0,4935,0.0,Completed,Bank Transfer
BK-2025-01334,2025-04-26,2025-06-03,C01065,PK02,AG09,2,3,420,0.15,Completed,M-Pesa
BK-2025-01335,2025-04-26,2025-06-06,C01189,PK02,AG00,2,0,420,0.0,Completed,Card
BK-2025-01336,2025-04-26,2025-07-29,C01207,PK09,AG00,2,2,3290,0.1,Completed,Bank Transfer
BK-2025-01337,2025-04-26,2025-07-09,C01362,PK11,AG07,2,0,4935,0.15,Cancelled,Card
BK-2025-01338,2025-04-26,2025-06-22,C01789,PK18,AG03,8,0,5720,0.1,Completed,Bank Transfer
BK-2025-01339,2025-04-26,2025-09-18,C02218,PK12,AG00,2,0,6070,0.05,completed,Bank Transfer
BK-2025-01340,2025-04-26,2025-08-29,C02826,PK18,AG13,3,0,6580,0.0,Cancelled,M-Pesa
BK-2025-01341,2025-04-26,2026-06-16,C03903,PK12,AG00,1,0,5520,0.1,completed,M-Pesa
BK-2025-01342,2025-04-26,2025-07-15,C04286,PK13,AG07,2,0,7845,0.0,Completed,Bank Transfer
BK-2025-01343,2025-04-26,2025-07-31,C04762,PK13,AG00,2,2,7845,0.05,Completed,Card
BK-2025-01344,2025-04-26,2025-08-21,C05562,PK09,AG09,2,0,3290,0.05,Completed,Card
BK-2025-01345,2025-04-26,2025-07-27,C06101,PK12,AG00,2,0,6070,0.0,Completed,M-Pesa
BK-2025-01346,2025-04-26,2025-06-10,C06461,PK01,AG04,12,0,460,0.1,Completed,M-Pesa
BK-2025-01347,2025-04-27,2025-06-04,C00080,PK01,AG00,7,0,460,0.1,Completed,PayPal
BK-2025-01348,2025-04-27,2025-10-03,C01721,PK14,AG01,2,0,5185,0.0,Completed,Card
BK-2025-01349,2025-04-27,2025-09-15,C02317,PK13,AG03,2,0,7845,0.0,Completed,Bank Transfer
BK-2025-01350,2025-04-27,2025-06-05,C02330,PK01,AG02,2,1,460,0.0,Cancelled,Bank Transfer
BK-2025-01351,2025-04-27,2025-06-13,C02566,PK06,AG00,2,3,1375,0.0,Completed,Card
BK-2025-01352,2025-04-27,2025-05-11,C02575,PK06,AG02,5,0,1375,0.1,Canceled,Bank Transfer
BK-2025-01353,2025-04-27,2025-08-29,C03041,PK12,AG00,2,0,6070,0.0,Completed,Card
BK-2025-01354,2025-04-27,2025-05-06,C03095,PK01,AG09,2,0,460,0.0,Completed,Bank Transfer
BK-2025-01355,2025-04-27,2025-10-23,C03331,PK16,AG00,2,0,5820,0.05,Completed,Card
BK-2025-01356,2025-04-27,2025-06-07,C04351,PK09,AG01,5,0,2860,0.1,Completed,M-Pesa
BK-2025-01357,2025-04-27,2025-09-01,C05329,PK17,AG08,2,0,12395,0.05,Completed,Bank Transfer
BK-2025-01358,2025-04-27,2025-08-25,C05957,PK06,AG01,1,0,1580,0.0,Completed,Bank Transfer
BK-2025-01359,2025-04-27,2025-11-04,C06365,PK13,AG00,1,0,6820,0.0,Completed,Card
BK-2025-01360,2025-04-28,2025-06-10,C00466,PK04,AG03,1,0,550,0.0,Completed,Card
BK-2025-01361,2025-04-28,2025-06-26,C01549,PK16,AG05,7,0,5060,0.0,Completed,Card
BK-2025-01362,2025-04-28,2025-07-06,C02132,PK06,AG02,7,0,1580,0.1,completed,Card
BK-2025-01363,2025-04-28,2025-07-19,C02186,PK10,AG00,6,0,1125,0.0,Completed,Card
BK-2025-01364,2025-04-28,2025-06-27,C02430,PK01,AG00,1,0,460,0.0,Completed,PayPal
BK-2025-01365,2025-04-28,2025-07-12,C03028,PK06,AG02,2,0,1580,0.05,Completed,Bank Transfer
BK-2025-01366,2025-04-28,2025-08-03,C03258,PK07,AG05,2,0,2975,0.05,Completed,Card
BK-2025-01367,2025-04-28,2025-07-07,C03700,PK08,AG00,2,1,1495,0.0,Completed,Bank Transfer
BK-2025-01368,2025-04-28,2025-09-13,C03790,PK15,AG00,2,0,4935,0.0,Completed,Bank Transfer
BK-2025-01369,2025-04-28,2025-06-30,C04319,PK18,AG12,10,0,5720,0.1,Completed,Card
BK-2025-01370,2025-04-28,2025-07-03,C04413,PK06,AG04,2,0,1580,,Completed,Card
BK-2025-01371,2025-04-28,2025-06-04,C04436,PK07,AG09,2,2,2585,0.05,Completed,Card
BK-2025-01372,2025-04-28,2025-07-06,C05300,PK11,AG05,2,0,4935,0.05,Completed,Bank Transfer
BK-2025-01373,2025-04-28,2025-10-29,C05705,PK16,AG11,2,2,5820,0.0,Completed,Bank Transfer
BK-2025-01374,2025-04-28,2025-06-26,C06037,PK16,AG04,2,3,5060,0.0,Completed,PayPal
BK-2025-01375,2025-04-28,2025-11-28,C06115,PK06,AG03,2,0,1375,0.0,Completed,Card
BK-2025-01376,2025-04-29,2025-12-02,C00784,PK14,AG06,4,0,5185,0.05,Completed,Card
BK-2025-01377,2025-04-29,2025-05-10,C01359,PK05,AG02,1,0,860,0.1,Completed,M-Pesa
BK-2025-01378,2025-04-29,2025-09-26,C01395,PK17,AG04,2,0,12395,0.15,Completed,Bank Transfer
BK-2025-01379,2025-04-29,2026-04-16,C01844,PK18,AG13,12,0,5980,,Completed,M-Pesa
BK-2025-01380,2025-04-29,2026-01-29,C02361,PK12,AG07,1,0,6350,0.0,Completed,Bank Transfer
BK-2025-01381,2025-04-29,2025-09-23,C03615,PK09,AG10,2,2,3290,0.1,Completed,Bank Transfer
BK-2025-01382,2025-04-29,2025-11-08,C04489,PK12,AG00,8,0,5280,0.05,completed,Card
BK-2025-01383,2025-04-29,2025-06-24,C04740,PK15,AG00,2,0,4290,0.0,Completed,Card
BK-2025-01384,2025-04-29,2025-08-17,C05004,PK15,AG00,2,0,4935,0.1,Completed,Card
BK-2025-01385,2025-04-29,2025-05-19,C05231,PK08,AG02,2,0,1300,0.15,Completed,PayPal
BK-2025-01386,2025-04-29,2025-10-19,C05800,PK13,AG00,6,0,7845,0.1,Completed,Bank Transfer
BK-2025-01387,2025-04-29,2025-06-09,C06085,PK10,AG11,4,0,980,0.0,Completed,Bank Transfer
BK-2025-01388,2025-04-29,2025-06-05,C06291,PK06,AG00,2,1,1375,0.0,Completed,Bank Transfer
BK-2025-01389,2025-04-30,2025-11-07,C00308,PK15,AG03,2,0,4290,0.0,Completed,Card
BK-2025-01390,2025-04-30,2025-09-26,C00415,PK06,AG00,2,0,1580,0.05,Completed,Bank Transfer
BK-2025-01391,2025-04-30,2025-07-16,C02107,PK15,AG10,7,0,4935,0.0,Completed,PayPal
BK-2025-01392,2025-04-30,2025-05-19,C02443,PK03,AG02,2,0,595,0.0,Completed,Bank Transfer
BK-2025-01393,2025-04-30,2025-07-12,C03773,PK05,AG07,2,0,985,0.05,Completed,Card
BK-2025-01394,2025-04-30,2025-07-16,C04261,PK03,AG01,2,3,685,0.1,Completed,Card
BK-2025-01395,2025-04-30,2025-06-15,C04570,PK06,AG09,2,0,1375,,Completed,Card
BK-2025-01396,2025-05-01,2025-08-27,C00554,PK13,AG06,2,0,7845,0.0,Completed,Card
BK-2025-01397,2025-05-01,2025-09-13,C01156,PK14,AG06,7,0,5185,0.0,Cancelled,Card
BK-2025-01398,2025-05-01,2025-05-11,C01525,PK04,AG11,2,1,550,0.0,Completed,M-Pesa
BK-2025-01399,2025-05-01,2025-10-19,C02038,PK16,AG04,2,3,5820,0.0,Completed,Card
BK-2025-01400,2025-05-01,2025-08-21,C02050,PK13,AG00,2,1,7845,0.0,Completed,Card
BK-2025-01401,2025-05-01,2025-07-09,C02286,PK10,AG00,2,0,1125,0.0,Completed,Card
BK-2025-01402,2025-05-01,2025-08-04,C02393,PK06,AG10,4,0,1580,,Completed,Bank Transfer
BK-2025-01403,2025-05-01,2025-06-17,C02526,PK06,AG00,2,3,1375,0.0,Completed,Card
BK-2025-01404,2025-05-01,2026-01-23,C02991,PK15,AG01,2,0,5160,0.0,Completed,Bank Transfer
BK-2025-01405,2025-05-01,2025-05-31,C03604,PK01,AG00,2,0,460,0.0,Completed,Card
BK-2025-01406,2025-05-01,2025-07-03,C04759,PK16,AG00,2,2,5820,0.0,Completed,Bank Transfer
BK-2025-01407,2025-05-01,2025-10-13,C05016,PK12,AG00,10,0,6070,0.0,Completed,Card
BK-2025-01408,2025-05-01,2025-08-05,C05471,PK12,AG04,2,0,6070,0.0,Completed,PayPal
BK-2025-01409,2025-05-01,2025-08-19,C05918,PK13,AG03,2,0,7845,0.0,Completed,PayPal
BK-2025-01410,2025-05-01,2025-06-21,C06135,PK12,AG00,2,1,5280,0.0,Completed,Card
BK-2025-01411,2025-05-01,2025-07-14,C06279,PK08,AG00,2,0,1495,,Completed,Card
BK-2025-01412,2025-05-02,2026-02-24,C00047,PK15,AG08,8,0,4485,0.0,Completed,Bank Transfer
BK-2025-01413,2025-05-02,2025-07-06,C00132,PK03,AG09,2,0,685,0.05,Completed,M-Pesa
BK-2025-01414,2025-05-02,2025-07-23,C00303,PK08,AG06,2,0,1495,0.0,Completed,PayPal
BK-2025-01415,2025-05-02,2025-08-28,C00511,PK17,AG00,2,0,12395,0.05,Completed,Card
BK-2025-01416,2025-05-02,2025-11-14,C00966,PK12,AG00,2,0,5280,0.0,Completed,Card
BK-2025-01417,2025-05-02,2025-08-22,C01122,PK16,AG11,7,0,5820,0.0,Completed,Card
BK-2025-01418,2025-05-02,2025-07-24,C01523,PK09,AG00,2,3,3290,0.0,Completed,PayPal
BK-2025-01419,2025-05-02,2025-08-31,C01574,PK18,AG03,5,0,6580,0.0,Completed,Card
BK-2025-01420,2025-05-02,2025-06-12,C02602,PK05,AG01,2,0,860,0.0,Completed,Card
BK-2025-01421,2025-05-02,2025-12-02,C02651,PK17,AG12,6,0,12395,0.1,Completed,PayPal
BK-2025-01422,2025-05-02,2025-08-27,C02766,PK09,AG04,2,3,3290,0.0,Completed,M-Pesa
BK-2025-01423,2025-05-02,2025-10-18,C02944,PK14,AG00,2,0,5185,0.0,COMPLETED,Card
BK-2025-01424,2025-05-02,2025-09-24,C03900,PK18,AG02,2,2,6580,0.0,Completed,M-Pesa
BK-2025-01425,2025-05-02,2025-09-17,C05664,PK18,AG00,2,0,6580,0.0,Completed,Card
BK-2025-01426,2025-05-02,2025-07-08,C06495,PK15,AG01,1,0,4935,0.05,Completed,Bank Transfer
BK-2025-01427,2025-05-03,2025-06-30,C00281,PK09,AG00,8,0,2860,0.1,Completed,Bank Transfer
BK-2025-01428,2025-05-03,2025-07-13,C00328,PK09,AG05,2,0,3290,0.0,Completed,Card
BK-2025-01429,2025-05-03,2025-08-10,C00618,PK15,AG00,1,0,4935,0.05,Completed,Bank Transfer
BK-2025-01430,2025-05-03,2025-06-10,C01098,PK04,AG04,1,0,550,0.0,Completed,PayPal
BK-2025-01431,2025-05-03,2025-05-11,C02138,PK03,AG00,1,0,595,0.15,Completed,Bank Transfer
BK-2025-01432,2025-05-03,2026-01-16,C02356,PK12,AG00,1,0,6350,0.0,Completed,M-Pesa
BK-2025-01433,2025-05-03,2025-08-14,C02432,PK18,AG01,4,0,6580,0.0,Completed,Card
BK-2025-01434,2025-05-03,2025-10-25,C03510,PK06,AG05,2,0,1580,0.0,Completed ,PayPal
BK-2025-01435,2025-05-03,2025-07-10,C04204,PK07,AG00,4,0,2975,,Completed,PayPal
BK-2025-01436,2025-05-03,2025-08-10,C04588,PK14,AG03,2,0,5185,0.05,Completed,Bank Transfer
BK-2025-01437,2025-05-03,2025-12-09,C05038,PK13,AG07,2,0,7845,0.1,Completed,Card
BK-2025-01438,2025-05-03,2025-08-28,C05390,PK12,AG00,2,1,6070,0.0,Completed,Card
BK-2025-01439,2025-05-03,2025-07-28,C05405,PK10,AG04,9,0,1125,0.1,Completed,Bank Transfer
BK-2025-01440,2025-05-03,2025-12-07,C05435,PK15,AG06,1,0,4935,0.05,cancelled,Card
BK-2025-01441,2025-05-03,2025-05-21,C05547,PK03,AG00,2,1,595,0.1,Completed,M-Pesa
BK-2025-01442,2025-05-04,2025-12-14,C00150,PK12,AG02,7,0,6070,0.1,Canceled,Card
BK-2025-01443,2025-05-04,2025-09-28,C01173,PK13,AG06,2,0,7845,0.0,Completed,PayPal
BK-2025-01444,2025-05-04,2025-08-07,C01374,PK09,AG00,2,2,3290,0.0,Completed,Bank Transfer
BK-2025-01445,2025-05-04,2025-10-30,C02494,PK12,AG00,2,0,6070,0.0,Completed,M-Pesa
BK-2025-01446,2025-05-04,2025-07-29,C03155,PK06,AG11,2,0,1580,0.0,completed,Bank Transfer
BK-2025-01447,2025-05-04,2025-08-15,C03460,PK16,AG03,2,0,5820,0.0,Completed,Card
BK-2025-01448,2025-05-04,2025-06-12,C03932,PK10,AG04,2,1,980,0.0,Completed,Bank Transfer
BK-2025-01449,2025-05-04,2025-05-11,C04250,PK12,AG05,2,3,5280,0.05,Completed,M-Pesa
BK-2025-01450,2025-05-04,2025-05-30,C04274,PK16,AG01,2,0,5060,0.0,Completed,Card
BK-2025-01451,2025-05-04,2025-08-29,C04294,PK18,AG02,2,1,6580,0.0,Completed,M-Pesa
BK-2025-01452,2025-05-04,2025-08-03,C04634,PK14,AG03,1,0,5185,0.05,Completed,Card
BK-2025-01453,2025-05-04,2025-06-08,C05085,PK15,AG05,1,0,4290,0.0,Completed,PayPal
BK-2025-01454,2025-05-04,2025-06-05,C06421,PK01,AG05,1,0,460,0.0,Completed,Card
BK-2025-01455,2025-05-05,2025-08-12,C01319,PK09,AG00,2,0,3290,0.0,Completed,Card
BK-2025-01456,2025-05-05,2025-05-20,C01384,PK01,AG08,2,0,460,0.0,COMPLETED,M-Pesa
BK-2025-01457,2025-05-05,2025-09-13,C01512,PK12,AG04,2,0,6070,0.0,Cancelled,PayPal
BK-2025-01458,2025-05-05,2025-07-07,C01637,PK06,AG03,2,1,1580,0.05,Completed,Card
BK-2025-01459,2025-05-05,2025-06-04,C02755,PK01,AG00,4,0,460,0.1,Completed,M-Pesa
BK-2025-01460,2025-05-05,2025-08-13,C03437,PK09,AG00,9,0,3290,0.0,completed,Bank Transfer
BK-2025-01461,2025-05-05,2025-07-01,C04398,PK17,AG04,1,0,12395,0.05,Cancelled,Bank Transfer
BK-2025-01462,2025-05-05,2025-08-25,C04990,PK12,AG00,2,1,6070,0.05,Completed,M-Pesa
BK-2025-01463,2025-05-05,2025-07-13,C05395,PK13,AG00,4,0,7845,0.0,Completed,Card
BK-2025-01464,2025-05-05,2025-06-16,C06168,PK05,AG10,5,0,860,0.1,Completed,Card
BK-2025-01465,2025-05-06,2025-09-27,C00769,PK13,AG03,2,0,7845,0.0,Completed,M-Pesa
BK-2025-01466,2025-05-06,2025-08-26,C02023,PK11,AG00,2,0,4935,0.0,Completed,Bank Transfer
BK-2025-01467,2025-05-06,2025-08-02,C02817,PK06,AG11,2,2,1580,0.05,Completed,Bank Transfer
BK-2025-01468,2025-05-06,2025-07-12,C03172,PK14,AG00,2,0,5185,0.0,Completed,PayPal
BK-2025-01469,2025-05-06,2025-06-19,C03250,PK03,AG11,2,0,595,0.1,Completed ,Card
BK-2025-01470,2025-05-06,2026-01-10,C04118,PK13,AG00,2,0,8200,0.0,Cancelled,Card
BK-2025-01471,2025-05-06,2025-08-08,C05254,PK18,AG04,1,0,6580,0.0,Cancelled,Bank Transfer
BK-2025-01472,2025-05-06,2025-08-11,C05442,PK16,AG02,8,0,5820,0.1,Completed,Card
BK-2025-01473,2025-05-06,2025-07-10,C06068,PK14,AG03,2,3,5185,0.0,Completed,Card
BK-2025-01474,2025-05-07,2025-08-15,C00112,PK01,AG06,1,0,530,0.0,Completed,M-Pesa
BK-2025-01475,2025-05-07,2025-10-25,C00141,PK18,AG00,7,0,6580,0.05,Completed,Bank Transfer
BK-2025-01476,2025-05-07,2025-07-04,C00541,PK01,AG00,2,0,530,0.1,COMPLETED,Card
BK-2025-01477,2025-05-07,2025-10-22,C00800,PK06,AG11,2,0,1580,0.1,Completed,Bank Transfer
BK-2025-01478,2025-05-07,2025-06-23,C00914,PK04,AG00,1,0,550,0.0,Completed,Card
BK-2025-01479,2025-05-07,2025-09-08,C00995,PK06,AG12,5,0,1580,0.1,Completed,M-Pesa
BK-2025-01480,2025-05-07,2025-08-08,C01930,PK01,AG13,12,0,530,0.0,Completed ,M-Pesa
BK-2025-01481,2025-05-07,2025-07-19,C02233,PK14,AG01,2,0,5185,0.0,Completed,Card
BK-2025-01482,2025-05-07,2025-07-12,C02438,PK07,AG02,2,0,2975,0.0,Completed,Bank Transfer
BK-2025-01483,2025-05-07,2025-07-13,C03302,PK16,AG03,2,0,5820,0.05,Completed,PayPal
BK-2025-01484,2025-05-07,2025-07-27,C03560,PK05,AG11,2,0,985,0.0,Completed,Card
BK-2025-01485,2025-05-07,2025-06-03,C03567,PK01,AG00,2,1,460,0.0,Completed,Bank Transfer
BK-2025-01486,2025-05-07,2025-06-04,C03659,PK01,AG00,2,2,460,0.0,Completed,PayPal
BK-2025-01487,2025-05-07,2025-08-01,C03686,PK18,AG03,2,0,6580,0.0,Completed,M-Pesa
BK-2025-01488,2025-05-07,2025-06-30,C04156,PK03,AG05,2,3,595,0.1,Completed,Card
BK-2025-01489,2025-05-07,2025-07-18,C04675,PK02,AG11,2,0,480,0.0,Cancelled,Card
BK-2025-01490,2025-05-07,2025-07-14,C05763,PK07,AG03,2,1,2975,,Completed ,Bank Transfer
BK-2025-01491,2025-05-07,2025-08-13,C05819,PK13,AG00,2,1,7845,0.1,Completed,Card
BK-2025-01492,2025-05-07,2025-06-02,C06006,PK06,AG00,2,0,1375,0.1,Completed,Bank Transfer
BK-2025-01493,2025-05-07,2025-07-19,C06245,PK16,AG02,2,2,5820,0.15,Cancelled,M-Pesa
BK-2025-01494,2025-05-08,2025-07-13,C00361,PK02,AG00,4,0,480,0.1,Completed,Card
BK-2025-01495,2025-05-08,2025-08-14,C00361,PK16,AG02,4,0,5820,0.05,Completed,M-Pesa
BK-2025-01496,2025-05-08,2025-06-14,C00758,PK08,AG02,1,0,1300,0.0,Completed,Card
BK-2025-01497,2025-05-08,2025-07-15,C00919,PK05,AG03,2,0,985,0.15,Completed,Card
BK-2025-01498,2025-05-08,2025-07-24,C00978,PK17,AG11,2,0,12395,0.1,Completed,Card
BK-2025-01499,2025-05-08,2025-06-30,C01274,PK18,AG12,9,0,5720,0.1,COMPLETED,Card
BK-2025-01500,2025-05-08,2025-09-20,C01675,PK12,AG02,5,0,6070,0.1,Completed,Bank Transfer
BK-2025-01501,2025-05-08,2025-07-17,C01850,PK01,AG03,2,3,530,0.15,Completed,PayPal
BK-2025-01502,2025-05-08,2025-09-08,C02370,PK14,AG05,6,0,5185,0.05,Completed,Card
BK-2025-01503,2025-05-08,2025-08-17,C02760,PK01,AG00,4,0,530,0.0,Completed,Card
BK-2025-01504,2025-05-08,2025-07-19,C02992,PK14,AG00,2,2,5185,0.0,Completed,Card
BK-2025-01505,2025-05-08,2026-02-05,C04078,PK15,AG02,1,0,4485,0.1,Completed,Bank Transfer
BK-2025-01506,2025-05-08,2025-08-28,C04121,PK08,AG06,2,0,1495,0.05,Completed,Card
BK-2025-01507,2025-05-08,2025-09-14,C04333,PK11,AG00,1,0,4935,0.0,Completed,PayPal
BK-2025-01508,2025-05-08,2025-06-03,C04361,PK03,AG12,8,0,595,0.1,Completed ,Bank Transfer
BK-2025-01509,2025-05-08,2026-06-04,C04894,PK14,AG00,2,2,4715,0.0,Completed,Card
BK-2025-01510,2025-05-08,2025-06-18,C05039,PK10,AG00,2,1,980,0.0,Completed,Bank Transfer
BK-2025-01511,2025-05-08,2025-05-26,C05350,PK11,AG00,2,0,4290,0.0,Completed,M-Pesa
BK-2025-01512,2025-05-08,2025-07-27,C06087,PK04,AG02,1,0,630,0.1,Completed,Card
BK-2025-01513,2025-05-08,2025-07-23,C06187,PK13,AG13,5,0,7845,0.0,Completed,Card
BK-2025-01514,2025-05-09,2025-08-31,C00753,PK09,AG04,2,0,3290,0.05,Completed,Card
BK-2025-01515,2025-05-09,2025-09-01,C02182,PK12,AG07,2,0,6070,0.0,Completed,Bank Transfer
BK-2025-01516,2025-05-09,2025-07-22,C02712,PK09,AG02,2,0,3290,0.0,Completed,Card
BK-2025-01517,2025-05-09,2025-06-28,C03273,PK09,AG02,2,0,2860,0.0,Completed ,PayPal
BK-2025-01518,2025-05-09,2025-05-29,C03451,PK03,AG00,2,3,595,0.0,Completed,Card
BK-2025-01519,2025-05-09,2025-09-16,C03459,PK12,AG00,2,3,6070,0.0,Cancelled,Bank Transfer
BK-2025-01520,2025-05-09,2025-06-17,C03695,PK13,AG08,1,0,6820,0.0,Completed,Bank Transfer
BK-2025-01521,2025-05-09,2025-07-10,C04317,PK16,AG12,6,0,5820,0.0,Completed,Card
BK-2025-01522,2025-05-09,2025-07-06,C04396,PK09,AG03,6,0,3290,0.0,Completed,Bank Transfer
BK-2025-01523,2025-05-09,2025-06-26,C04778,PK06,AG03,1,0,1375,0.0,Completed,Card
BK-2025-01524,2025-05-09,2025-10-07,C04849,PK12,AG00,2,0,6070,0.0,Completed,Bank Transfer
BK-2025-01525,2025-05-09,2025-06-01,C05409,PK01,AG09,1,0,460,,Completed,Bank Transfer
BK-2025-01526,2025-05-09,2025-08-08,C05433,PK04,AG00,1,0,630,0.0,Completed,Card
BK-2025-01527,2025-05-09,2025-08-13,C06389,PK14,AG02,2,2,5185,0.05,Canceled,PayPal
BK-2025-01528,2025-05-10,2025-07-10,C00223,PK03,AG05,2,0,685,0.0,Completed,M-Pesa
BK-2025-01529,2025-05-10,2025-08-24,C01086,PK16,AG00,2,0,5820,0.05,Completed,Bank Transfer
BK-2025-01530,2025-05-10,2025-07-05,C01246,PK01,AG02,8,0,530,0.05,Completed,Card
BK-2025-01531,2025-05-10,2025-08-24,C01538,PK05,AG02,2,1,985,0.0,Completed,Card
BK-2025-01532,2025-05-10,2026-06-03,C01921,PK16,AG03,2,0,5290,0.0,Completed ,Bank Transfer
BK-2025-01533,2025-05-10,2025-07-08,C02392,PK16,AG05,1,0,5820,0.1,Completed,Bank Transfer
BK-2025-01534,2025-05-10,2025-06-04,C02629,PK07,AG00,2,0,2585,0.0,Completed,Card
BK-2025-01535,2025-05-10,2025-07-29,C03032,PK10,AG03,9,0,1125,0.0,Completed,M-Pesa
BK-2025-01536,2025-05-10,2025-07-01,C03093,PK15,AG13,9,0,4935,0.0,Completed,Card
BK-2025-01537,2025-05-10,2025-07-11,C03332,PK10,AG07,2,0,1125,0.0,Completed,Card
BK-2025-01538,2025-05-10,2025-08-04,C03347,PK07,AG00,1,0,2975,0.1,Canceled,M-Pesa
BK-2025-01539,2025-05-10,2025-06-03,C03459,PK01,AG06,2,3,460,0.0,Completed,Bank Transfer
BK-2025-01540,2025-05-10,2025-08-07,C03661,PK09,AG00,2,1,3290,0.0,Completed,Card
BK-2025-01541,2025-05-10,2025-06-17,C05325,PK03,AG00,7,0,595,0.1,Completed,Card
BK-2025-01542,2025-05-10,2025-11-03,C05977,PK18,AG04,9,0,5720,0.15,Completed,Bank Transfer
BK-2025-01543,2025-05-10,2025-08-08,C06279,PK01,AG00,2,0,530,0.0,Completed,Bank Transfer
BK-2025-01544,2025-05-10,2025-06-04,C06344,PK03,AG00,7,0,595,0.05,completed,PayPal
BK-2025-01545,2025-05-11,2025-06-16,C00324,PK07,AG04,2,0,2585,0.0,Completed,Bank Transfer
BK-2025-01546,2025-05-11,2025-09-28,C00814,PK17,AG01,1,0,12395,0.0,Completed,Card
BK-2025-01547,2025-05-11,2025-08-14,C00943,PK12,AG00,2,0,6070,0.05,Completed,Card
BK-2025-01548,2025-05-11,2025-08-05,C01108,PK13,AG12,5,0,7845,0.0,Completed,Card
BK-2025-01549,2025-05-11,2025-05-26,C01133,PK06,AG00,2,1,1375,0.1,Completed,M-Pesa
BK-2025-01550,2025-05-11,2025-07-16,C01230,PK06,AG11,2,1,1580,0.05,Completed,Card
BK-2025-01551,2025-05-11,2025-06-04,C01349,PK06,AG00,11,0,1375,0.0,Completed,M-Pesa
BK-2025-01552,2025-05-11,2025-12-02,C01372,PK17,AG06,2,1,12395,0.05,Completed,Card
BK-2025-01553,2025-05-11,2025-07-20,C01490,PK11,AG04,1,0,4935,0.0,Completed,PayPal
BK-2025-01554,2025-05-11,2025-09-16,C01843,PK12,AG03,6,0,6070,0.0,Completed,M-Pesa
BK-2025-01555,2025-05-11,2025-11-13,C03900,PK12,AG11,2,1,5280,0.0,Canceled,Card
BK-2025-01556,2025-05-11,2025-08-13,C04024,PK18,AG00,4,0,6580,0.0,Completed,Bank Transfer
BK-2025-01557,2025-05-11,2025-07-23,C04104,PK01,AG07,9,0,530,0.05,Completed,M-Pesa
BK-2025-01558,2025-05-11,2025-08-18,C04331,PK18,AG00,2,0,6580,0.0,Completed,Bank Transfer
BK-2025-01559,2025-05-11,2025-10-09,C05349,PK17,AG12,4,0,12395,0.1,Completed,Card
BK-2025-01560,2025-05-11,2025-08-13,C05884,PK18,AG00,2,0,6580,0.0,Completed,Card
BK-2025-01561,2025-05-11,2025-07-02,C05898,PK09,AG03,2,0,3290,0.0,Cancelled,PayPal
BK-2025-01562,2025-05-11,2025-06-30,C06383,PK11,AG04,2,1,4290,0.0,Completed,Bank Transfer
BK-2025-01563,2025-05-12,2025-06-10,C00049,PK06,AG00,1,0,1375,0.0,Completed,Card
BK-2025-01564,2025-05-12,2025-06-30,C00141,PK04,AG13,11,0,550,0.0,Completed,Bank Transfer
BK-2025-01565,2025-05-12,2025-06-02,C00794,PK04,AG11,2,0,550,0.05,Completed,Card
BK-2025-01566,2025-05-12,2026-02-06,C01011,PK15,AG06,2,0,4485,0.0,Completed,Card
BK-2025-01567,2025-05-12,2026-03-26,C01322,PK12,AG00,5,0,5520,0.1,Completed,Bank Transfer
BK-2025-01568,2025-05-12,2025-09-24,C01631,PK11,AG03,2,0,4935,0.0,Completed,Bank Transfer
BK-2025-01569,2025-05-12,2025-12-07,C01732,PK15,AG00,7,0,4935,0.0,Completed,PayPal
BK-2025-01570,2025-05-12,2025-09-20,C01757,PK16,AG00,2,1,5820,0.0,Completed,Bank Transfer
BK-2025-01571,2025-05-12,2025-05-18,C02391,PK02,AG06,2,0,420,0.0,Completed,Card
BK-2025-01572,2025-05-12,2025-07-25,C02435,PK10,AG08,2,0,1125,0.15,Completed,Bank Transfer
BK-2025-01573,2025-05-12,2025-06-05,C02500,PK01,AG06,6,0,460,0.05,Completed,Bank Transfer
BK-2025-01574,2025-05-12,2025-11-10,C02835,PK07,AG00,1,0,2585,,Completed,M-Pesa
BK-2025-01575,2025-05-12,2025-10-26,C03263,PK17,AG11,2,0,12395,0.1,Completed,Card
BK-2025-01576,2025-05-12,2025-08-06,C04181,PK03,AG05,2,1,685,0.0,Completed,M-Pesa
BK-2025-01577,2025-05-12,2025-06-12,C04373,PK03,AG00,2,3,595,0.0,Completed,Bank Transfer
BK-2025-01578,2025-05-12,2025-08-16,C05007,PK18,AG00,1,0,6580,0.05,Completed,M-Pesa
BK-2025-01579,2025-05-12,2025-10-08,C05060,PK16,AG10,2,0,5820,0.0,Completed,M-Pesa
BK-2025-01580,2025-05-12,2025-08-06,C05858,PK14,AG01,2,0,5185,0.0,Cancelled,Card
BK-2025-01581,2025-05-12,2025-10-07,C06154,PK06,AG04,2,2,1580,0.0,Completed,PayPal
BK-2025-01582,2025-05-12,2025-09-30,C06414,PK16,AG00,1,0,5820,0.0,Completed,M-Pesa
BK-2025-01583,2025-05-13,2025-06-20,C00703,PK09,AG00,2,2,2860,,Completed,M-Pesa
BK-2025-01584,2025-05-13,2025-06-28,C00973,PK01,AG00,2,3,460,0.15,Completed,Card
BK-2025-01585,2025-05-13,2025-07-08,C01316,PK09,AG00,2,0,3290,0.1,Completed,Card
BK-2025-01586,2025-05-13,2025-07-25,C01673,PK02,AG06,1,0,480,0.0,Completed,Card
BK-2025-01587,2025-05-13,2025-12-23,C01723,PK13,AG00,2,0,7845,0.0,Completed,Card
BK-2025-01588,2025-05-13,2025-07-01,C02342,PK07,AG00,4,0,2975,0.05,Completed,Card
BK-2025-01589,2025-05-13,2025-06-17,C02634,PK04,AG02,2,0,550,0.0,Completed,Card
BK-2025-01590,2025-05-13,2025-08-06,C03358,PK12,AG01,2,0,6070,0.15,completed,Card
BK-2025-01591,2025-05-13,2025-11-23,C03605,PK11,AG02,2,0,4290,0.0,Completed,M-Pesa
BK-2025-01592,2025-05-13,2025-08-11,C03646,PK09,AG00,2,0,3290,0.0,Completed,Bank Transfer
BK-2025-01593,2025-05-13,2025-06-03,C03819,PK01,AG06,2,0,460,0.05,Completed,Card
BK-2025-01594,2025-05-13,2026-05-12,C05503,PK16,AG00,2,0,5290,0.1,Completed,Bank Transfer
BK-2025-01595,2025-05-13,2026-01-25,C06394,PK17,AG03,2,0,12960,0.15,Completed,Bank Transfer
BK-2025-01596,2025-05-14,2025-06-09,C00514,PK01,AG00,1,0,460,0.05,Completed,Bank Transfer
BK-2025-01597,2025-05-14,2025-08-08,C01204,PK15,AG00,2,0,4935,0.0,Completed,PayPal
BK-2025-01598,2025-05-14,2025-06-21,C02116,PK06,AG06,2,0,1375,0.0,Completed,PayPal
BK-2025-01599,2025-05-14,2025-06-09,C02503,PK02,AG07,2,1,420,0.0,Cancelled,Card
BK-2025-01600,2025-05-14,2025-07-11,C03226,PK05,AG00,1,0,985,0.1,Completed,PayPal
BK-2025-01601,2025-05-14,2025-07-31,C03417,PK06,AG04,4,0,1580,0.0,COMPLETED,Bank Transfer
BK-2025-01602,2025-05-14,2025-09-15,C03563,PK09,AG04,2,0,3290,0.0,Completed,Card
BK-2025-01603,2025-05-14,2025-08-02,C03820,PK15,AG02,2,0,4935,0.05,completed,PayPal
BK-2025-01604,2025-05-14,2025-07-02,C04349,PK01,AG00,8,0,530,0.0,Completed,PayPal
BK-2025-01605,2025-05-14,2025-05-31,C05092,PK04,AG00,2,0,550,0.1,Completed,Card
BK-2025-01606,2025-05-14,2025-07-29,C06197,PK18,AG02,7,0,6580,0.05,Completed,Card
BK-2025-01607,2025-05-15,2025-08-12,C01630,PK13,AG08,2,0,7845,,Completed ,Card
BK-2025-01608,2025-05-15,2025-08-20,C01791,PK12,AG03,2,0,6070,0.05,Completed,PayPal
BK-2025-01609,2025-05-15,2025-08-15,C01959,PK12,AG00,7,0,6070,0.0,Cancelled,Bank Transfer
BK-2025-01610,2025-05-15,2025-07-14,C02559,PK16,AG09,2,0,5820,0.1,Completed,Bank Transfer
BK-2025-01611,2025-05-15,2025-08-14,C03640,PK14,AG05,2,0,5185,0.0,Completed,Bank Transfer
BK-2025-01612,2025-05-15,2025-11-04,C03868,PK16,AG00,2,0,5060,0.05,Completed,Card
BK-2025-01613,2025-05-15,2025-08-23,C03902,PK16,AG00,6,0,5820,0.05,Completed,Card
BK-2025-01614,2025-05-15,2025-07-28,C03943,PK14,AG08,2,0,5185,0.0,completed,Card
BK-2025-01615,2025-05-15,2025-07-18,C04213,PK16,AG04,2,0,5820,0.0,completed,Card
BK-2025-01616,2025-05-15,2025-08-27,C04257,PK12,AG10,2,2,6070,0.0,Completed,Card
BK-2025-01617,2025-05-15,2025-09-27,C04713,PK12,AG03,2,0,6070,0.0,Completed,Bank Transfer
BK-2025-01618,2025-05-15,2025-06-05,C05512,PK03,AG00,1,0,595,0.0,Completed,Card
BK-2025-01619,2025-05-15,2025-06-26,C05541,PK06,AG04,1,0,1375,0.0,Completed,Bank Transfer
BK-2025-01620,2025-05-15,2025-07-03,C06011,PK07,AG02,2,2,2975,0.1,Completed,Card
BK-2025-01621,2025-05-15,2025-09-06,C06023,PK09,AG00,2,3,3290,0.0,completed,Bank Transfer
BK-2025-01622,2025-05-15,2025-06-09,C06319,PK04,AG07,2,1,550,0.05,Completed ,Bank Transfer
BK-2025-01623,2025-05-16,2025-11-22,C01072,PK18,AG11,1,0,5720,0.0,Completed ,Card
BK-2025-01624,2025-05-16,2025-07-26,C01375,PK16,AG10,2,2,5820,0.0,Completed,M-Pesa
BK-2025-01625,2025-05-16,2025-09-14,C01903,PK18,AG06,11,0,6580,0.1,Completed,Bank Transfer
BK-2025-01626,2025-05-16,2025-09-09,C01929,PK06,AG02,8,0,1580,0.1,Completed,Bank Transfer
BK-2025-01627,2025-05-16,2025-08-20,C01933,PK14,AG09,2,0,5185,0.0,Completed,Card
BK-2025-01628,2025-05-16,2025-06-08,C01939,PK07,AG02,1,0,2585,0.0,Completed,Card
BK-2025-01629,2025-05-16,2025-12-14,C02167,PK08,AG00,2,1,1495,0.0,Completed,Bank Transfer
BK-2025-01630,2025-05-16,2025-08-23,C03777,PK18,AG02,7,0,6580,0.1,Completed,Bank Transfer
BK-2025-01631,2025-05-16,2026-02-16,C03839,PK13,AG00,5,0,7130,,Completed,PayPal
BK-2025-01632,2025-05-16,2025-07-15,C04215,PK10,AG00,4,0,1125,0.1,Completed,Bank Transfer
BK-2025-01633,2025-05-16,2025-07-01,C04345,PK18,AG04,2,0,6580,0.05,Completed,M-Pesa
BK-2025-01634,2025-05-16,2025-07-19,C04639,PK02,AG05,1,0,480,0.05,Completed,Card
BK-2025-01635,2025-05-16,2025-08-24,C05199,PK09,AG00,1,0,3290,0.1,Completed,Card
BK-2025-01636,2025-05-16,2025-07-27,C05429,PK09,AG07,2,3,3290,0.05,Completed,Card
BK-2025-01637,2025-05-16,2025-07-14,C05761,PK02,AG08,6,0,480,0.0,Completed ,PayPal
BK-2025-01638,2025-05-16,2025-08-09,C06438,PK06,AG03,2,1,1580,0.0,Completed,Card
BK-2025-01639,2025-05-17,2025-08-14,C00066,PK12,AG00,2,2,6070,0.0,Completed,M-Pesa
BK-2025-01640,2025-05-17,2025-06-05,C00468,PK17,AG00,2,2,10780,0.0,Completed,Bank Transfer
BK-2025-01641,2025-05-17,2025-07-27,C00704,PK08,AG07,2,1,1495,0.05,Completed,M-Pesa
BK-2025-01642,2025-05-17,2025-06-10,C00990,PK09,AG13,6,0,2860,0.1,Completed,Card
BK-2025-01643,2025-05-17,2025-06-22,C01061,PK16,AG04,4,0,5060,0.0,Canceled,Bank Transfer
BK-2025-01644,2025-05-17,2025-07-28,C01333,PK15,AG02,2,0,4935,0.05,Cancelled,Bank Transfer
BK-2025-01645,2025-05-17,2025-08-24,C01642,PK15,AG11,2,0,4935,,Completed,Bank Transfer
BK-2025-01646,2025-05-17,2025-06-13,C02514,PK05,AG09,2,0,860,0.0,Completed,Card
BK-2025-01647,2025-05-17,2025-09-23,C04046,PK15,AG02,2,3,4935,0.05,Cancelled,Card
BK-2025-01648,2025-05-17,2025-07-30,C04660,PK18,AG00,2,0,6580,0.0,Completed,Card
BK-2025-01649,2025-05-17,2025-07-27,C05453,PK14,AG00,2,1,5185,0.1,Completed,PayPal
BK-2025-01650,2025-05-17,2025-11-03,C06369,PK13,AG03,2,3,6820,0.0,Completed,Bank Transfer
BK-2025-01651,2025-05-18,2025-09-16,C01320,PK12,AG09,9,0,6070,0.05,Completed,Card
BK-2025-01652,2025-05-18,2025-06-18,C01498,PK05,AG12,3,0,860,0.0,Completed,PayPal
BK-2025-01653,2025-05-18,2025-07-28,C02686,PK07,AG00,2,1,2975,0.0,Completed,M-Pesa
BK-2025-01654,2025-05-18,2025-05-26,C02863,PK07,AG03,7,0,2585,0.0,Completed,Card
BK-2025-01655,2025-05-18,2025-08-16,C02941,PK13,AG00,2,2,7845,0.0,Completed,Card
BK-2025-01656,2025-05-18,2025-06-05,C03054,PK07,AG03,2,0,2585,0.05,Completed,Card
BK-2025-01657,2025-05-18,2025-09-06,C03631,PK13,AG00,2,0,7845,0.0,COMPLETED,Card
BK-2025-01658,2025-05-18,2025-07-15,C03699,PK16,AG03,7,0,5820,0.0,Completed,Bank Transfer
BK-2025-01659,2025-05-18,2025-06-26,C03903,PK10,AG00,1,0,980,0.05,Completed,Bank Transfer
BK-2025-01660,2025-05-18,2026-03-27,C04289,PK18,AG04,2,1,5980,0.05,Cancelled,Bank Transfer
BK-2025-01661,2025-05-18,2025-07-12,C05203,PK01,AG02,1,0,530,0.05,Completed,Card
BK-2025-01662,2025-05-18,2025-08-01,C05636,PK09,AG00,2,2,3290,0.0,Completed,M-Pesa
BK-2025-01663,2025-05-18,2025-12-22,C05705,PK18,AG04,2,3,6580,0.0,COMPLETED,Bank Transfer
BK-2025-01664,2025-05-18,2025-06-28,C05932,PK06,AG01,1,0,1375,0.0,Completed,PayPal
BK-2025-01665,2025-05-18,2025-12-12,C06298,PK18,AG02,2,0,6580,0.05,Completed,Card
BK-2025-01666,2025-05-19,2025-06-25,C01421,PK13,AG04,2,0,6820,0.0,Completed,Bank Transfer
BK-2025-01667,2025-05-19,2025-06-04,C02271,PK11,AG06,2,1,4290,0.0,completed,PayPal
BK-2025-01668,2025-05-19,2025-08-07,C02446,PK06,AG04,7,0,1580,0.0,Completed,Card
BK-2025-01669,2025-05-19,2025-08-08,C03074,PK07,AG02,2,1,2975,0.0,COMPLETED,PayPal
BK-2025-01670,2025-05-19,2025-06-16,C03254,PK04,AG00,4,0,550,0.0,Completed,Card
BK-2025-01671,2025-05-19,2025-07-16,C04758,PK06,AG00,9,0,1580,0.05,Completed,Card
BK-2025-01672,2025-05-19,2026-03-25,C06018,PK16,AG00,2,0,5290,0.05,Completed,M-Pesa
BK-2025-01673,2025-05-20,2025-07-19,C00002,PK16,AG02,6,0,5820,0.1,Completed ,Card
BK-2025-01674,2025-05-20,2025-09-09,C00422,PK14,AG04,2,0,5185,0.0,Cancelled,Bank Transfer
BK-2025-01675,2025-05-20,2025-10-31,C00482,PK18,AG00,1,0,6580,0.05,Cancelled,Card
BK-2025-01676,2025-05-20,2025-06-01,C00493,PK06,AG03,4,0,1375,0.1,Completed,Bank Transfer
BK-2025-01677,2025-05-20,2025-06-09,C00796,PK01,AG04,1,0,460,0.0,Completed,Card
BK-2025-01678,2025-05-20,2025-09-01,C00825,PK18,AG00,2,3,6580,0.05,Completed ,Card
BK-2025-01679,2025-05-20,2025-11-03,C00863,PK06,AG00,2,2,1375,0.05,Completed,Card
BK-2025-01680,2025-05-20,2025-08-11,C00886,PK18,AG08,1,0,6580,0.0,Completed,Card
BK-2025-01681,2025-05-20,2025-06-09,C01038,PK12,AG01,2,3,5280,0.0,Completed,Card
BK-2025-01682,2025-05-20,2025-07-10,C01712,PK02,AG04,2,0,480,0.0,completed,Bank Transfer
BK-2025-01683,2025-05-20,2025-11-13,C02084,PK15,AG09,2,1,4290,0.0,Completed,Card
BK-2025-01684,2025-05-20,2025-06-17,C02303,PK03,AG11,2,0,595,0.0,Completed,Bank Transfer
BK-2025-01685,2025-05-20,2025-07-16,C02386,PK13,AG13,8,0,7845,0.0,COMPLETED,Card
BK-2025-01686,2025-05-20,2026-02-26,C02869,PK18,AG12,11,0,5980,0.0,Completed,M-Pesa
BK-2025-01687,2025-05-20,2025-08-16,C02968,PK10,AG02,2,0,1125,0.1,Completed,M-Pesa
BK-2025-01688,2025-05-20,2025-06-05,C03488,PK02,AG03,2,0,420,0.0,Completed,Card
BK-2025-01689,2025-05-20,2026-01-27,C03781,PK12,AG07,2,3,6350,0.0,Completed,Bank Transfer
BK-2025-01690,2025-05-20,2025-07-27,C04262,PK07,AG09,2,0,2975,0.0,Completed,PayPal
BK-2025-01691,2025-05-20,2025-07-22,C04412,PK13,AG11,2,1,7845,0.0,Completed,Bank Transfer
BK-2025-01692,2025-05-20,2025-07-18,C05120,PK11,AG12,6,0,4935,0.05,Completed,Bank Transfer
BK-2025-01693,2025-05-21,2025-08-31,C00616,PK09,AG00,2,1,3290,0.0,Completed,M-Pesa
BK-2025-01694,2025-05-21,2025-07-08,C00747,PK03,AG00,1,0,685,0.0,COMPLETED,Card
BK-2025-01695,2025-05-21,2025-06-20,C00790,PK06,AG10,2,1,1375,0.0,Completed,Bank Transfer
BK-2025-01696,2025-05-21,2025-08-20,C01146,PK14,AG00,2,0,5185,0.0,Completed,Card
BK-2025-01697,2025-05-21,2025-06-03,C01238,PK18,AG06,8,0,5720,,Completed,PayPal
BK-2025-01698,2025-05-21,2025-08-12,C01576,PK13,AG01,1,0,7845,0.1,Completed,Card
BK-2025-01699,2025-05-21,2025-07-04,C02066,PK09,AG00,2,0,3290,0.0,Completed,Card
BK-2025-01700,2025-05-21,2025-08-06,C02501,PK07,AG02,1,0,2975,0.1,Cancelled ,PayPal
BK-2025-01701,2025-05-21,2025-07-08,C02570,PK06,AG02,4,0,1580,0.0,Completed,Bank Transfer
BK-2025-01702,2025-05-21,2026-01-21,C03608,PK16,AG00,2,1,6085,0.15,Completed,Bank Transfer
BK-2025-01703,2025-05-21,2026-02-05,C04236,PK12,AG02,1,0,5520,0.0,Cancelled,Bank Transfer
BK-2025-01704,2025-05-21,2025-08-09,C04277,PK06,AG03,2,0,1580,0.0,Completed,PayPal
BK-2025-01705,2025-05-21,2025-08-05,C04576,PK18,AG00,1,0,6580,0.05,Completed,Card
BK-2025-01706,2025-05-21,2025-07-08,C04659,PK14,AG11,2,2,5185,0.1,Completed,Bank Transfer
BK-2025-01707,2025-05-21,2025-09-20,C04676,PK12,AG06,1,0,6070,0.0,Completed,PayPal
BK-2025-01708,2025-05-21,2025-08-18,C04768,PK12,AG08,5,0,6070,0.0,Completed,Bank Transfer
BK-2025-01709,2025-05-21,2025-10-19,C05384,PK13,AG00,1,0,7845,0.0,COMPLETED,Card
BK-2025-01710,2025-05-21,2025-07-22,C05798,PK05,AG02,2,0,985,0.0,Completed,M-Pesa
BK-2025-01711,2025-05-21,2025-08-02,C05816,PK06,AG03,1,0,1580,0.05,cancelled,M-Pesa
BK-2025-01712,2025-05-22,2025-07-30,C00311,PK16,AG04,6,0,5820,0.1,Completed,M-Pesa
BK-2025-01713,2025-05-22,2025-08-16,C00555,PK09,AG04,2,1,3290,0.0,Completed,Card
BK-2025-01714,2025-05-22,2025-11-26,C00591,PK14,AG01,2,0,4510,0.0,Completed,Bank Transfer
BK-2025-01715,2025-05-22,2025-10-09,C00703,PK08,AG00,2,2,1495,0.05,Completed,Card
BK-2025-01716,2025-05-22,2025-07-24,C00965,PK07,AG06,1,0,2975,0.0,Completed,PayPal
BK-2025-01717,2025-05-22,2025-07-10,C01114,PK03,AG09,2,0,685,0.0,Completed,Card
BK-2025-01718,2025-05-22,2025-06-15,C01274,PK05,AG10,4,0,860,0.0,Completed,M-Pesa
BK-2025-01719,2025-05-22,2025-07-26,C01455,PK06,AG00,2,2,1580,0.0,Completed,Bank Transfer
BK-2025-01720,2025-05-22,2025-09-26,C01484,PK16,AG00,7,0,5820,0.05,Completed ,M-Pesa
BK-2025-01721,2025-05-22,2025-07-26,C01960,PK13,AG02,2,0,7845,0.0,Completed,Card
BK-2025-01722,2025-05-22,2025-06-26,C02922,PK06,AG06,7,0,1375,0.1,Completed,M-Pesa
BK-2025-01723,2025-05-22,2025-07-07,C03243,PK12,AG06,1,0,6070,0.1,Completed,Card
BK-2025-01724,2025-05-22,2025-07-02,C03344,PK05,AG00,2,1,985,0.0,Completed,M-Pesa
BK-2025-01725,2025-05-22,2025-07-26,C03592,PK12,AG01,2,0,6070,0.0,Completed,Bank Transfer
BK-2025-01726,2025-05-22,2025-10-22,C03594,PK12,AG00,2,3,6070,0.1,Completed,Card
BK-2025-01727,2025-05-22,2025-09-29,C03922,PK15,AG01,2,0,4935,0.0,Completed,Card
BK-2025-01728,2025-05-22,2025-07-05,C04091,PK14,AG00,2,0,5185,0.0,Cancelled,Card
BK-2025-01729,2025-05-22,2025-08-29,C04508,PK15,AG00,2,1,4935,0.0,completed,Bank Transfer
BK-2025-01730,2025-05-22,2025-07-06,C05171,PK07,AG02,1,0,2975,0.0,Canceled,PayPal
BK-2025-01731,2025-05-22,2025-09-03,C05199,PK12,AG02,1,0,6070,0.05,Completed,Card
BK-2025-01732,2025-05-22,2025-07-27,C05409,PK01,AG02,1,0,530,0.0,Completed,M-Pesa
BK-2025-01733,2025-05-22,2025-07-04,C06214,PK07,AG02,2,0,2975,0.0,Completed,Card
BK-2025-01734,2025-05-23,2025-12-22,C00121,PK14,AG00,5,0,5185,0.05,Completed,M-Pesa
BK-2025-01735,2025-05-23,2025-10-10,C00508,PK16,AG11,2,0,5820,0.1,Completed,PayPal
BK-2025-01736,2025-05-23,2025-09-02,C00740,PK06,AG04,2,3,1580,0.0,Completed,Card
BK-2025-01737,2025-05-23,2025-11-08,C01277,PK07,AG12,5,0,2585,0.15,Completed,Bank Transfer
BK-2025-01738,2025-05-23,2025-09-01,C02902,PK18,AG04,2,0,6580,0.1,Completed,Card
BK-2025-01739,2025-05-23,2025-08-02,C03220,PK12,AG01,2,0,6070,0.1,Completed,PayPal
BK-2025-01740,2025-05-23,2025-06-23,C03648,PK16,AG13,4,0,5060,0.1,Completed,Card
BK-2025-01741,2025-05-23,2025-06-08,C04023,PK01,AG05,2,2,460,0.05,Completed,PayPal
BK-2025-01742,2025-05-23,2025-07-23,C04058,PK08,AG00,1,0,1495,0.0,Completed,M-Pesa
BK-2025-01743,2025-05-23,2025-11-18,C04603,PK08,AG02,2,2,1300,,Completed,Bank Transfer
BK-2025-01744,2025-05-23,2026-02-24,C05098,PK16,AG01,2,2,5290,0.0,Completed,Bank Transfer
BK-2025-01745,2025-05-23,2026-01-07,C05457,PK18,AG06,5,0,6875,0.1,Completed,PayPal
BK-2025-01746,2025-05-23,2025-06-16,C05672,PK03,AG12,9,0,595,0.0,Completed,Card
BK-2025-01747,2025-05-24,2025-10-18,C00214,PK15,AG03,2,0,4935,0.0,Completed,Card
BK-2025-01748,2025-05-24,2026-01-15,C00780,PK17,AG01,2,0,12960,0.1,Completed,M-Pesa
BK-2025-01749,2025-05-24,2025-07-16,C01563,PK09,AG00,2,0,3290,0.0,Completed,Bank Transfer
BK-2025-01750,2025-05-24,2025-07-15,C01921,PK08,AG02,2,0,1495,0.1,Cancelled,Bank Transfer
BK-2025-01751,2025-05-24,2025-07-02,C01973,PK06,AG10,7,0,1580,0.1,Completed,Bank Transfer
BK-2025-01752,2025-05-24,2025-08-03,C02251,PK06,AG00,1,0,1580,0.1,Completed,Bank Transfer
BK-2025-01753,2025-05-24,2025-06-17,C02821,PK03,AG00,1,0,595,0.15,Completed,Card
BK-2025-01754,2025-05-24,2025-06-24,C03012,PK07,AG00,2,2,2585,0.0,Completed,Bank Transfer
BK-2025-01755,2025-05-24,2025-09-20,C04465,PK15,AG03,1,0,4935,0.0,Completed,Bank Transfer
BK-2025-01756,2025-05-24,2025-08-18,C04590,PK09,AG11,2,1,3290,0.05,Completed ,PayPal
BK-2025-01757,2025-05-24,2025-06-28,C04820,PK02,AG04,7,0,420,0.05,Completed,Card
BK-2025-01758,2025-05-24,2025-06-19,C05124,PK01,AG10,2,3,460,0.0,Completed,Bank Transfer
BK-2025-01759,2025-05-24,2025-08-14,C05784,PK14,AG01,2,0,5185,0.05,Completed,Card
BK-2025-01760,2025-05-24,2025-12-17,C05805,PK17,AG02,2,0,12395,0.05,Completed,PayPal
BK-2025-01761,2025-05-24,2025-08-26,C05921,PK15,AG03,2,0,4935,0.0,Cancelled,Card
BK-2025-01762,2025-05-24,2025-07-19,C06288,PK03,AG00,2,2,685,0.1,Completed,M-Pesa
BK-2025-01763,2025-05-25,2025-09-16,C00964,PK07,AG00,2,2,2975,0.15,Completed,Bank Transfer
BK-2025-01764,2025-05-25,2026-07-25,C01264,PK13,AG00,2,3,8200,0.1,Confirmed,Card
BK-2025-01765,2025-05-25,2025-08-09,C01544,PK01,AG03,2,2,530,0.1,Completed,M-Pesa
BK-2025-01766,2025-05-25,2025-08-06,C02023,PK06,AG04,2,0,1580,0.15,Completed ,Bank Transfer
BK-2025-01767,2025-05-25,2025-09-25,C02737,PK14,AG04,2,2,5185,,Completed,Card
BK-2025-01768,2025-05-25,2025-12-06,C02992,PK17,AG04,2,1,12395,0.0,Completed,PayPal
BK-2025-01769,2025-05-25,2025-10-20,C03050,PK15,AG00,2,2,4935,0.0,Completed,Card
BK-2025-01770,2025-05-25,2025-07-24,C04301,PK06,AG01,8,0,1580,0.0,Completed,Bank Transfer
BK-2025-01771,2025-05-25,2025-09-17,C04869,PK12,AG03,9,0,6070,0.05,Cancelled,Card
BK-2025-01772,2025-05-25,2025-08-31,C04970,PK12,AG02,1,0,6070,0.0,Canceled,PayPal
BK-2025-01773,2025-05-25,2025-07-05,C05635,PK01,AG03,4,0,530,0.0,Completed,Card
BK-2025-01774,2025-05-25,2025-08-06,C05737,PK12,AG03,4,0,6070,0.1,Completed,PayPal
BK-2025-01775,2025-05-25,2025-06-03,C06050,PK01,AG02,9,0,460,0.1,Completed,Card
BK-2025-01776,2025-05-26,2025-09-17,C00113,PK14,AG00,2,2,5185,0.0,Completed,Bank Transfer
BK-2025-01777,2025-05-26,2025-07-06,C00302,PK06,AG01,12,0,1580,0.0,Completed,PayPal
BK-2025-01778,2025-05-26,2025-08-21,C00411,PK14,AG02,9,0,5185,0.05,Completed,PayPal
BK-2025-01779,2025-05-26,2025-06-16,C01279,PK10,AG00,8,0,980,0.1,Completed,Bank Transfer
BK-2025-01780,2025-05-26,2025-07-28,C01807,PK02,AG00,2,0,480,0.0,Completed,Card
BK-2025-01781,2025-05-26,2025-07-28,C02495,PK07,AG03,2,0,2975,0.1,Completed,Bank Transfer
BK-2025-01782,2025-05-26,2025-08-09,C02837,PK10,AG00,2,0,1125,0.05,Completed,Card
BK-2025-01783,2025-05-26,2025-06-10,C03053,PK01,AG00,2,0,460,0.0,Completed,M-Pesa
BK-2025-01784,2025-05-26,2025-09-15,C03253,PK11,AG13,6,0,4935,0.1,Completed,M-Pesa
BK-2025-01785,2025-05-26,2025-10-25,C03757,PK18,AG02,2,3,6580,0.0,completed,Bank Transfer
BK-2025-01786,2025-05-26,2025-07-05,C04207,PK18,AG03,2,0,6580,0.0,Completed,PayPal
BK-2025-01787,2025-05-26,2025-06-28,C04469,PK06,AG00,2,0,1375,0.1,COMPLETED,Bank Transfer
BK-2025-01788,2025-05-26,2025-06-14,C04497,PK09,AG10,2,3,2860,0.0,Completed,Card
BK-2025-01789,2025-05-26,2025-07-13,C04891,PK09,AG00,2,1,3290,0.1,Cancelled,Bank Transfer
BK-2025-01790,2025-05-26,2025-12-21,C04987,PK18,AG00,2,0,6580,0.05,Completed,M-Pesa
BK-2025-01791,2025-05-26,2025-07-17,C05224,PK15,AG07,2,0,4935,0.1,Completed,Bank Transfer
BK-2025-01792,2025-05-27,2025-07-18,C00209,PK05,AG08,9,0,985,0.0,Completed,Bank Transfer
BK-2025-01793,2025-05-27,2025-07-14,C01211,PK12,AG09,2,2,6070,0.1,Completed,Bank Transfer
BK-2025-01794,2025-05-27,2025-06-25,C01975,PK05,AG04,2,0,860,0.0,Completed,Bank Transfer
BK-2025-01795,2025-05-27,2025-07-26,C02178,PK15,AG00,2,2,4935,0.05,COMPLETED,Card
BK-2025-01796,2025-05-27,2025-06-03,C02890,PK06,AG00,1,0,1375,0.05,Completed,Card
BK-2025-01797,2025-05-27,2025-07-27,C03177,PK01,AG11,2,0,530,0.0,COMPLETED,Card
BK-2025-01798,2025-05-27,2025-08-19,C03688,PK03,AG01,12,0,685,0.15,Completed,M-Pesa
BK-2025-01799,2025-05-27,2025-06-07,C04124,PK01,AG00,1,0,460,0.0,Completed,Card
BK-2025-01800,2025-05-27,2025-08-31,C04505,PK16,AG00,2,0,5820,0.0,Completed,PayPal
BK-2025-01801,2025-05-27,2025-07-22,C04732,PK10,AG01,9,0,1125,0.1,Completed,Card
BK-2025-01802,2025-05-27,2025-06-30,C04987,PK05,AG11,2,0,860,0.0,Completed,PayPal
BK-2025-01803,2025-05-27,2025-07-16,C05308,PK03,AG04,9,0,685,0.1,Completed,PayPal
BK-2025-01804,2025-05-27,2025-07-02,C05425,PK11,AG05,1,0,4935,0.0,Completed,Card
BK-2025-01805,2025-05-27,2025-06-20,C05478,PK03,AG00,2,0,595,0.0,Completed,Card
BK-2025-01806,2025-05-27,2025-07-10,C05496,PK18,AG03,2,2,6580,0.05,Completed,Card
BK-2025-01807,2025-05-28,2025-10-12,C00091,PK07,AG00,6,0,2975,0.15,completed,Bank Transfer
BK-2025-01808,2025-05-28,2025-09-06,C00526,PK08,AG11,2,0,1495,0.0,Completed,Bank Transfer
BK-2025-01809,2025-05-28,2025-09-17,C00650,PK13,AG11,2,0,7845,0.0,Canceled,Bank Transfer
BK-2025-01810,2025-05-28,2025-08-04,C00997,PK05,AG06,1,0,985,0.15,Completed,Bank Transfer
BK-2025-01811,2025-05-28,2025-07-29,C01194,PK01,AG00,2,0,530,0.0,Completed,Card
BK-2025-01812,2025-05-28,2025-07-30,C01906,PK01,AG00,2,0,530,0.05,Completed,Card
BK-2025-01813,2025-05-28,2025-07-19,C02640,PK09,AG00,2,2,3290,0.0,Completed,Card
BK-2025-01814,2025-05-28,2025-08-02,C03624,PK05,AG11,2,1,985,0.0,Completed,Card
BK-2025-01815,2025-05-28,2025-10-23,C03839,PK17,AG00,8,0,12395,0.0,Completed,Bank Transfer
BK-2025-01816,2025-05-28,2025-08-19,C04641,PK01,AG02,2,2,530,0.0,Completed,PayPal
BK-2025-01817,2025-05-28,2025-07-10,C05615,PK02,AG03,2,2,480,0.0,Completed,Bank Transfer
BK-2025-01818,2025-05-28,2025-06-15,C05872,PK01,AG05,6,0,460,0.0,completed,Card
BK-2025-01819,2025-05-28,2026-01-06,C06197,PK16,AG04,4,0,6085,0.0,Completed,Bank Transfer
BK-2025-01820,2025-05-29,2025-12-11,C00129,PK08,AG09,1,0,1495,0.05,Completed,Card
BK-2025-01821,2025-05-29,2025-08-06,C00150,PK10,AG00,7,0,1125,0.05,Completed,Bank Transfer
BK-2025-01822,2025-05-29,2025-09-14,C01423,PK12,AG11,5,0,6070,0.0,Completed ,M-Pesa
BK-2025-01823,2025-05-29,2025-09-10,C01507,PK07,AG05,2,2,2975,0.05,Cancelled,Card
BK-2025-01824,2025-05-29,2025-08-29,C01576,PK06,AG03,1,0,1580,0.0,Completed,Bank Transfer
BK-2025-01825,2025-05-29,2025-06-21,C01661,PK01,AG13,3,0,460,0.15,Completed,Card
BK-2025-01826,2025-05-29,2026-03-30,C01679,PK15,AG00,6,0,4485,0.1,Completed,PayPal
BK-2025-01827,2025-05-29,2025-06-08,C01869,PK01,AG03,2,1,460,0.0,completed,Card
BK-2025-01828,2025-05-29,2025-08-15,C02025,PK13,AG04,2,3,7845,0.0,Completed,M-Pesa
BK-2025-01829,2025-05-29,2025-06-29,C02034,PK02,AG05,1,0,420,0.0,Completed,Bank Transfer
BK-2025-01830,2025-05-29,2025-06-12,C02181,PK03,AG03,2,1,595,0.0,Completed,Card
BK-2025-01831,2025-05-29,2025-08-08,C02329,PK13,AG00,8,0,7845,0.05,Completed,Card
BK-2025-01832,2025-05-29,2025-09-01,C02811,PK13,AG05,5,0,7845,0.0,Completed,PayPal
BK-2025-01833,2025-05-29,2025-08-02,C03354,PK09,AG09,2,0,3290,0.1,Completed,Bank Transfer
BK-2025-01834,2025-05-29,2025-07-12,C03521,PK07,AG00,2,1,2975,0.1,Completed,PayPal
BK-2025-01835,2025-05-29,2025-12-11,C03676,PK06,AG00,1,0,1580,0.0,Completed,Card
BK-2025-01836,2025-05-29,2025-09-20,C03824,PK10,AG00,2,2,1125,0.0,Completed,Card
BK-2025-01837,2025-05-29,2025-07-24,C03835,PK06,AG08,2,0,1580,0.0,Completed,Card
BK-2025-01838,2025-05-29,2025-10-30,C04046,PK08,AG00,2,1,1495,0.0,Completed,Bank Transfer
BK-2025-01839,2025-05-29,2025-06-20,C04233,PK05,AG09,2,0,860,0.0,Completed,PayPal
BK-2025-01840,2025-05-29,2025-10-02,C04379,PK06,AG05,2,2,1580,0.0,Completed,PayPal
BK-2025-01841,2025-05-29,2025-06-19,C04818,PK07,AG07,2,3,2585,0.0,Completed,Bank Transfer
BK-2025-01842,2025-05-29,2025-06-20,C05135,PK02,AG03,2,0,420,0.0,completed,Card
BK-2025-01843,2025-05-29,2025-10-01,C05294,PK13,AG01,10,0,7845,0.0,Completed ,PayPal
BK-2025-01844,2025-05-29,2025-06-30,C05970,PK03,AG00,1,0,595,0.15,Completed,Bank Transfer
BK-2025-01845,2025-05-29,2025-07-06,C06098,PK16,AG00,8,0,5820,,Completed,Card
BK-2025-01846,2025-05-30,2025-08-14,C00083,PK17,AG01,2,0,12395,0.0,Completed,PayPal
BK-2025-01847,2025-05-30,2025-07-03,C00745,PK03,AG09,7,0,685,0.0,Completed,Card
BK-2025-01848,2025-05-30,2025-09-07,C00806,PK06,AG00,1,0,1580,0.15,completed,Bank Transfer
BK-2025-01849,2025-05-30,2025-12-05,C00896,PK15,AG00,1,0,4935,0.1,Completed,Card
BK-2025-01850,2025-05-30,2025-07-02,C01273,PK18,AG13,7,0,6580,0.0,Completed,Card
BK-2025-01851,2025-05-30,2025-07-18,C02258,PK08,AG00,2,0,1495,0.0,Completed,Bank Transfer
BK-2025-01852,2025-05-30,2025-07-28,C02439,PK01,AG03,1,0,530,0.0,Completed,PayPal
BK-2025-01853,2025-05-30,2025-07-06,C02721,PK04,AG11,5,0,630,0.1,Completed,Card
BK-2025-01854,2025-05-30,2025-06-20,C02922,PK06,AG04,9,0,1375,0.05,Completed,PayPal
BK-2025-01855,2025-05-30,2025-08-17,C03033,PK15,AG01,2,0,4935,0.1,Completed,Card
BK-2025-01856,2025-05-30,2025-07-13,C03625,PK03,AG08,2,0,685,0.0,Completed,M-Pesa
BK-2025-01857,2025-05-30,2025-09-09,C03831,PK13,AG02,2,3,7845,0.0,Completed,Bank Transfer
BK-2025-01858,2025-05-30,2025-09-06,C04094,PK13,AG02,9,0,7845,0.0,Completed,Card
BK-2025-01859,2025-05-30,2025-08-22,C04364,PK17,AG00,2,3,12395,0.05,Completed,Card
BK-2025-01860,2025-05-30,2025-07-17,C04633,PK02,AG10,2,0,480,0.0,Completed,Card
BK-2025-01861,2025-05-30,2025-09-29,C04933,PK18,AG00,10,0,6580,0.1,Completed,Bank Transfer
BK-2025-01862,2025-05-30,2025-06-10,C05188,PK14,AG07,2,2,4510,0.0,Completed,PayPal
BK-2025-01863,2025-05-30,2025-09-28,C05406,PK06,AG02,1,0,1580,0.05,Canceled,Card
BK-2025-01864,2025-05-30,2025-06-26,C05526,PK10,AG02,2,0,980,0.0,Completed,Bank Transfer
BK-2025-01865,2025-05-30,2025-08-21,C05997,PK10,AG00,7,0,1125,0.1,Completed,Bank Transfer
BK-2025-01866,2025-05-30,2025-07-13,C06096,PK18,AG08,9,0,6580,0.0,Completed ,Bank Transfer
BK-2025-01867,2025-05-30,2025-06-08,C06130,PK03,AG00,4,0,595,0.1,Completed,Card
BK-2025-01868,2025-05-31,2026-05-08,C00436,PK18,AG00,2,3,5980,0.1,Completed,Card
BK-2025-01869,2025-05-31,2025-08-03,C00487,PK16,AG00,2,0,5820,0.0,Completed,Card
BK-2025-01870,2025-05-31,2025-08-28,C00579,PK04,AG00,2,0,630,0.1,Cancelled,Card
BK-2025-01871,2025-05-31,2025-09-08,C00813,PK18,AG04,2,0,6580,0.0,Completed,PayPal
BK-2025-01872,2025-05-31,2025-08-19,C00854,PK11,AG00,2,1,4935,,Completed,PayPal
BK-2025-01873,2025-05-31,2025-07-14,C00951,PK01,AG05,2,0,530,0.0,Completed,PayPal
BK-2025-01874,2025-05-31,2025-07-17,C01024,PK01,AG00,2,0,530,0.0,Completed,Card
BK-2025-01875,2025-05-31,2025-08-05,C01659,PK01,AG02,5,0,530,0.1,Completed,Card
BK-2025-01876,2025-05-31,2025-07-14,C02666,PK06,AG00,6,0,1580,0.05,Completed,PayPal
BK-2025-01877,2025-05-31,2025-08-10,C02839,PK12,AG00,2,2,6070,0.0,Completed,Bank Transfer
BK-2025-01878,2025-05-31,2025-07-31,C03030,PK14,AG04,1,0,5185,0.1,Completed,Bank Transfer
BK-2025-01879,2025-05-31,2025-08-27,C03089,PK16,AG00,1,0,5820,0.0,Completed,PayPal
BK-2025-01880,2025-05-31,2025-07-22,C03118,PK06,AG00,2,0,1580,0.0,Completed,Card
BK-2025-01881,2025-05-31,2025-06-24,C03354,PK06,AG04,2,0,1375,0.0,Completed,PayPal
BK-2025-01882,2025-05-31,2025-07-03,C03413,PK06,AG04,1,0,1580,0.1,Completed,Card
BK-2025-01883,2025-05-31,2025-07-19,C03595,PK06,AG00,4,0,1580,0.0,Completed,M-Pesa
BK-2025-01884,2025-05-31,2025-12-12,C03801,PK18,AG00,12,0,6580,0.05,completed,M-Pesa
BK-2025-01885,2025-05-31,2025-08-06,C03964,PK15,AG01,2,2,4935,0.1,Completed,M-Pesa
BK-2025-01886,2025-05-31,2025-10-16,C04006,PK15,AG06,2,2,4935,0.15,Completed,Card
BK-2025-01887,2025-05-31,2025-08-18,C04768,PK06,AG01,9,0,1580,0.05,Completed,PayPal
BK-2025-01888,2025-05-31,2025-07-22,C04791,PK06,AG05,2,1,1580,0.0,Completed,Card
BK-2025-01889,2025-05-31,2025-06-18,C05046,PK05,AG00,2,2,860,0.1,Completed,Bank Transfer
BK-2025-01890,2025-06-01,2025-06-13,C00229,PK03,AG11,2,0,595,0.0,Completed,PayPal
BK-2025-01891,2025-06-01,2025-07-08,C00255,PK05,AG09,2,0,985,0.0,Completed,Bank Transfer
BK-2025-01892,2025-06-01,2025-06-13,C00962,PK01,AG06,2,0,460,0.0,Cancelled,M-Pesa
BK-2025-01893,2025-06-01,2025-06-13,C01219,PK07,AG02,1,0,2585,0.0,Completed,Card
BK-2025-01894,2025-06-01,2025-10-05,C01297,PK09,AG00,2,0,3290,0.1,Completed,PayPal
BK-2025-01895,2025-06-01,2025-07-03,C01323,PK01,AG10,2,1,530,0.15,Completed,M-Pesa
BK-2025-01896,2025-06-01,2025-07-02,C02316,PK03,AG01,2,0,685,0.0,Completed,Bank Transfer
BK-2025-01897,2025-06-01,2025-07-07,C02447,PK04,AG00,2,1,630,0.0,Completed,Card
BK-2025-01898,2025-06-01,2025-09-03,C02496,PK09,AG04,4,0,3290,0.15,cancelled,Card
BK-2025-01899,2025-06-01,2025-07-11,C02521,PK09,AG00,2,0,3290,0.0,Completed,Card
BK-2025-01900,2025-06-01,2025-10-14,C02632,PK18,AG00,1,0,6580,0.0,Completed,Card
BK-2025-01901,2025-06-01,2025-08-20,C03707,PK15,AG10,2,0,4935,0.05,Completed,PayPal
BK-2025-01902,2025-06-01,2025-08-01,C04185,PK06,AG00,2,0,1580,,Completed ,Card
BK-2025-01903,2025-06-01,2025-08-17,C04479,PK09,AG00,2,0,3290,0.05,Completed,M-Pesa
BK-2025-01904,2025-06-01,2025-09-22,C05615,PK12,AG00,2,3,6070,0.0,Completed,Card
BK-2025-01905,2025-06-01,2025-08-06,C05711,PK03,AG00,1,0,685,0.15,Completed,PayPal
BK-2025-01906,2025-06-02,2025-10-02,C00030,PK10,AG05,2,0,1125,0.15,Completed,Card
BK-2025-01907,2025-06-02,2025-07-04,C00051,PK06,AG04,2,0,1580,0.05,Canceled,Card
BK-2025-01908,2025-06-02,2025-08-28,C00602,PK07,AG09,2,0,2975,0.0,Completed,Card
BK-2025-01909,2025-06-02,2025-09-17,C00696,PK13,AG00,2,3,7845,0.15,Completed,M-Pesa
BK-2025-01910,2025-06-02,2025-07-06,C00784,PK05,AG00,4,0,985,0.1,Completed,Bank Transfer
BK-2025-01911,2025-06-02,2025-07-13,C01071,PK17,AG01,1,0,12395,0.0,Completed,Card
BK-2025-01912,2025-06-02,2025-06-24,C01287,PK08,AG00,2,1,1300,0.0,Completed,Bank Transfer
BK-2025-01913,2025-06-02,2025-12-09,C01493,PK09,AG11,2,1,3290,0.0,Completed,Card
BK-2025-01914,2025-06-02,2025-10-26,C02058,PK15,AG00,6,0,4935,0.15,Completed,PayPal
BK-2025-01915,2025-06-02,2025-10-02,C02172,PK01,AG10,11,0,530,0.0,Completed,Bank Transfer
BK-2025-01916,2025-06-02,2025-08-04,C02486,PK14,AG04,5,0,5185,0.05,Completed,Card
BK-2025-01917,2025-06-02,2025-07-23,C02696,PK06,AG10,4,0,1580,0.1,completed,Bank Transfer
BK-2025-01918,2025-06-02,2025-08-07,C02855,PK03,AG00,1,0,685,0.1,Completed,Card
BK-2025-01919,2025-06-02,2025-08-29,C02870,PK08,AG04,9,0,1495,0.1,Completed,Bank Transfer
BK-2025-01920,2025-06-02,2025-08-15,C03010,PK12,AG03,1,0,6070,0.0,Completed,Card
BK-2025-01921,2025-06-02,2025-09-30,C03025,PK16,AG01,1,0,5820,0.0,Completed,Bank Transfer
BK-2025-01922,2025-06-02,2025-10-01,C03153,PK13,AG00,6,0,7845,0.05,Completed,Bank Transfer
BK-2025-01923,2025-06-02,2025-12-04,C03222,PK18,AG10,2,2,6580,0.0,Completed,PayPal
BK-2025-01924,2025-06-02,2025-07-19,C04035,PK09,AG03,2,0,3290,0.0,Completed,Bank Transfer
BK-2025-01925,2025-06-02,2025-09-19,C04662,PK13,AG03,5,0,7845,0.0,Completed,M-Pesa
BK-2025-01926,2025-06-02,2025-08-27,C05296,PK07,AG10,2,0,2975,0.0,Completed,Card
BK-2025-01927,2025-06-02,2025-12-05,C05439,PK17,AG04,2,0,12395,0.1,Cancelled,PayPal
BK-2025-01928,2025-06-02,2025-06-16,C05715,PK02,AG02,1,0,420,0.15,Completed,M-Pesa
BK-2025-01929,2025-06-02,2025-07-02,C06385,PK02,AG01,1,0,480,0.05,Completed,Card
BK-2025-01930,2025-06-02,2025-07-23,C06429,PK01,AG01,1,0,530,0.0,Completed,PayPal
BK-2025-01931,2025-06-02,2025-08-06,C06458,PK18,AG06,1,0,6580,0.0,COMPLETED,Card
BK-2025-01932,2025-06-03,2025-09-05,C00505,PK11,AG01,4,0,4935,0.1,Completed ,Card
BK-2025-01933,2025-06-03,2025-07-13,C00614,PK07,AG00,2,0,2975,0.0,Completed,Card
BK-2025-01934,2025-06-03,2025-10-19,C00640,PK07,AG03,9,0,2975,0.1,Completed,PayPal
BK-2025-01935,2025-06-03,2025-07-19,C00831,PK07,AG07,2,0,2975,0.0,Completed,Card
BK-2025-01936,2025-06-03,2025-07-01,C00986,PK04,AG06,1,0,630,0.0,Completed,PayPal
BK-2025-01937,2025-06-03,2025-07-13,C01058,PK03,AG00,1,0,685,,Completed,Card
BK-2025-01938,2025-06-03,2025-08-19,C01085,PK09,AG00,4,0,3290,0.1,Completed,PayPal
BK-2025-01939,2025-06-03,2025-10-26,C01518,PK16,AG05,2,0,5820,0.0,Completed,Bank Transfer
BK-2025-01940,2025-06-03,2026-01-13,C01591,PK18,AG00,6,0,6875,0.1,Completed,Bank Transfer
BK-2025-01941,2025-06-03,2025-12-10,C02295,PK08,AG05,9,0,1495,0.05,Completed,Bank Transfer
BK-2025-01942,2025-06-03,2025-07-09,C02341,PK03,AG11,2,3,685,0.0,Completed,M-Pesa
BK-2025-01943,2025-06-03,2025-11-09,C02591,PK18,AG11,2,0,5720,0.15,Completed,Card
BK-2025-01944,2025-06-03,2025-07-11,C02685,PK04,AG00,5,0,630,0.1,Completed,M-Pesa
BK-2025-01945,2025-06-03,2025-10-19,C03230,PK08,AG04,2,0,1495,0.1,Cancelled,PayPal
BK-2025-01946,2025-06-03,2025-06-24,C03544,PK09,AG00,2,1,2860,0.05,Completed,Card
BK-2025-01947,2025-06-03,2026-01-17,C03858,PK12,AG09,2,0,6350,0.0,Completed,Bank Transfer
BK-2025-01948,2025-06-03,2025-07-16,C03942,PK01,AG10,4,0,530,0.1,Completed,M-Pesa
BK-2025-01949,2025-06-03,2026-01-18,C06259,PK12,AG00,2,0,6350,0.0,Completed,Card
BK-2025-01950,2025-06-04,2025-08-10,C00528,PK04,AG00,2,1,630,0.0,Completed,Bank Transfer
BK-2025-01951,2025-06-04,2025-09-04,C00950,PK13,AG00,2,1,7845,0.0,Completed,Bank Transfer
BK-2025-01952,2025-06-04,2025-06-26,C01124,PK04,AG01,8,0,550,0.1,Completed,Bank Transfer
BK-2025-01953,2025-06-04,2025-06-30,C01214,PK08,AG04,2,0,1300,0.0,Completed,Card
BK-2025-01954,2025-06-04,2025-07-08,C01966,PK11,AG02,2,1,4935,0.0,Completed,Card
BK-2025-01955,2025-06-04,2025-06-21,C03319,PK03,AG02,1,0,595,0.0,Completed,Bank Transfer
BK-2025-01956,2025-06-04,2025-07-05,C04187,PK01,AG00,8,0,530,0.1,Completed,Card
BK-2025-01957,2025-06-04,2025-08-23,C04776,PK07,AG00,2,0,2975,0.0,Completed,PayPal
BK-2025-01958,2025-06-04,2025-09-04,C04853,PK10,AG11,1,0,1125,0.05,Completed,Card
BK-2025-01959,2025-06-04,2025-10-22,C05096,PK15,AG03,2,3,4935,0.0,Completed,Card
BK-2025-01960,2025-06-04,2025-08-14,C05143,PK12,AG07,2,3,6070,0.0,Completed,PayPal
BK-2025-01961,2025-06-05,2025-08-13,C00070,PK10,AG00,4,0,1125,0.1,Completed,Bank Transfer
BK-2025-01962,2025-06-05,2025-08-14,C00471,PK09,AG00,4,0,3290,0.05,Completed,Card
BK-2025-01963,2025-06-05,2025-10-03,C00595,PK02,AG05,1,0,480,0.0,Completed,Bank Transfer
BK-2025-01964,2025-06-05,2025-08-22,C00959,PK17,AG01,2,0,12395,0.05,Completed,PayPal
BK-2025-01965,2025-06-05,2025-06-23,C01092,PK01,AG01,2,0,460,0.05,Completed,Card
BK-2025-01966,2025-06-05,2025-07-02,C01142,PK03,AG02,2,0,685,0.05,Canceled,PayPal
BK-2025-01967,2025-06-05,2025-08-06,C01171,PK07,AG05,2,0,2975,0.1,Completed,Card
BK-2025-01968,2025-06-05,2025-11-05,C01493,PK10,AG02,2,1,980,0.0,Completed,Card
BK-2025-01969,2025-06-05,2025-11-18,C01778,PK16,AG00,2,0,5060,0.0,Completed,Bank Transfer
BK-2025-01970,2025-06-05,2025-09-01,C01871,PK12,AG11,1,0,6070,0.05,Completed,PayPal
BK-2025-01971,2025-06-05,2025-07-05,C01878,PK02,AG02,2,0,480,0.05,Completed,Bank Transfer
BK-2025-01972,2025-06-05,2025-07-15,C02260,PK17,AG02,9,0,12395,0.1,COMPLETED,Bank Transfer
BK-2025-01973,2025-06-05,2025-08-03,C02685,PK02,AG00,7,0,480,0.05,Completed,Card
BK-2025-01974,2025-06-05,2025-12-13,C02771,PK13,AG13,3,0,7845,0.0,Completed,PayPal
BK-2025-01975,2025-06-05,2025-08-03,C03011,PK01,AG02,2,0,530,0.05,Completed,Card
BK-2025-01976,2025-06-05,2025-07-14,C03839,PK05,AG06,9,0,985,0.15,Completed,Card
BK-2025-01977,2025-06-05,2025-10-19,C04262,PK17,AG02,2,0,12395,0.0,Completed,Card
BK-2025-01978,2025-06-05,2025-06-18,C04269,PK01,AG00,2,3,460,0.15,Completed,Bank Transfer
BK-2025-01979,2025-06-05,2025-07-16,C04288,PK09,AG00,4,0,3290,0.1,Cancelled,Bank Transfer
BK-2025-01980,2025-06-05,2025-06-24,C04308,PK01,AG12,11,0,460,0.15,Completed,Card
BK-2025-01981,2025-06-05,2025-06-24,C05349,PK06,AG09,12,0,1375,0.0,Completed,Card
BK-2025-01982,2025-06-05,2025-07-23,C05377,PK09,AG13,9,0,3290,0.1,Completed,Card
BK-2025-01983,2025-06-05,2025-09-15,C05400,PK17,AG11,2,0,12395,0.05,Completed,Bank Transfer
BK-2025-01984,2025-06-05,2025-09-03,C05550,PK13,AG02,1,0,7845,0.05,Completed,Bank Transfer
BK-2025-01985,2025-06-05,2025-12-24,C05596,PK17,AG08,5,0,12395,0.1,Cancelled,Bank Transfer
BK-2025-01986,2025-06-05,2025-12-26,C05705,PK14,AG04,2,2,5185,0.0,Completed,Bank Transfer
BK-2025-01987,2025-06-05,2025-10-21,C05840,PK15,AG00,1,0,4935,0.0,Completed,Card
BK-2025-01988,2025-06-05,2025-08-10,C05898,PK14,AG05,2,0,5185,0.0,Completed,Bank Transfer
BK-2025-01989,2025-06-05,2025-10-07,C06110,PK18,AG00,2,2,6580,0.0,Completed,Card
BK-2025-01990,2025-06-05,2025-07-21,C06496,PK09,AG00,1,0,3290,0.0,Completed,Card
BK-2025-01991,2025-06-06,2026-01-31,C00662,PK17,AG10,1,0,12960,0.0,Completed,PayPal
BK-2025-01992,2025-06-06,2025-08-25,C00847,PK06,AG03,2,2,1580,0.0,Completed,Bank Transfer
BK-2025-01993,2025-06-06,2025-12-10,C00870,PK14,AG00,6,0,5185,0.1,Completed,Card
BK-2025-01994,2025-06-06,2025-06-20,C00999,PK02,AG00,2,0,420,0.0,Completed,Card
BK-2025-01995,2025-06-06,2025-12-16,C01009,PK16,AG12,10,0,5820,0.0,Completed,PayPal
BK-2025-01996,2025-06-06,2026-01-27,C01169,PK18,AG00,2,0,6875,0.0,Completed,Card
BK-2025-01997,2025-06-06,2025-07-02,C01353,PK01,AG01,2,0,530,0.05,Completed,Card
BK-2025-01998,2025-06-06,2025-07-30,C01371,PK07,AG03,9,0,2975,0.1,Completed,Card
BK-2025-01999,2025-06-06,2025-08-29,C01384,PK13,AG01,2,0,7845,0.0,Canceled,Card
BK-2025-02000,2025-06-06,2025-07-07,C01498,PK16,AG13,10,0,5820,0.0,Completed,Card
BK-2025-02001,2025-06-06,2025-09-28,C01498,PK06,AG03,4,0,1580,0.05,Completed,Bank Transfer
BK-2025-02002,2025-06-06,2025-07-28,C01710,PK01,AG01,2,0,530,0.0,Completed,Card
BK-2025-02003,2025-06-06,2025-07-29,C01854,PK09,AG02,1,0,3290,0.0,Completed,M-Pesa
BK-2025-02004,2025-06-06,2025-07-16,C02150,PK04,AG10,2,0,630,0.05,Completed,Bank Transfer
BK-2025-02005,2025-06-06,2025-06-30,C04577,PK01,AG02,2,2,460,0.05,Completed,Bank Transfer
BK-2025-02006,2025-06-06,2026-01-29,C04904,PK13,AG00,2,3,8200,0.0,Completed,M-Pesa
BK-2025-02007,2025-06-06,2025-09-26,C05007,PK12,AG00,1,0,6070,0.0,Completed,PayPal
BK-2025-02008,2025-06-06,2025-12-09,C05271,PK16,AG00,2,2,5820,0.15,Completed,Card
BK-2025-02009,2025-06-06,2025-08-18,C05544,PK15,AG11,2,0,4935,0.05,Completed,Card
BK-2025-02010,2025-06-06,2025-06-29,C05660,PK01,AG00,2,0,460,0.0,Completed,PayPal
BK-2025-02011,2025-06-06,2025-08-24,C05804,PK16,AG04,2,1,5820,0.0,Completed,Bank Transfer
BK-2025-02012,2025-06-07,2025-06-21,C00416,PK01,AG02,2,0,460,0.0,Completed,PayPal
BK-2025-02013,2025-06-07,2025-10-15,C00438,PK07,AG01,8,0,2975,0.0,Completed,Card
BK-2025-02014,2025-06-07,2025-06-30,C01256,PK01,AG00,8,0,460,0.0,Cancelled,Bank Transfer
BK-2025-02015,2025-06-07,2025-07-18,C01558,PK12,AG00,2,0,6070,0.1,Canceled,PayPal
BK-2025-02016,2025-06-07,2025-08-07,C02225,PK07,AG05,2,0,2975,0.0,Completed,Card
BK-2025-02017,2025-06-07,2025-11-23,C02395,PK13,AG03,1,0,6820,0.0,Completed,Card
BK-2025-02018,2025-06-07,2025-07-28,C02680,PK04,AG03,2,2,630,0.15,Completed,Bank Transfer
BK-2025-02019,2025-06-07,2025-07-10,C03324,PK03,AG00,1,0,685,0.05,Completed,Bank Transfer
BK-2025-02020,2025-06-07,2025-06-21,C03597,PK03,AG00,2,0,595,0.0,Completed,Card
BK-2025-02021,2025-06-07,2026-01-22,C03847,PK15,AG04,2,2,5160,0.0,Completed,Bank Transfer
BK-2025-02022,2025-06-07,2025-07-01,C03868,PK05,AG00,2,0,985,0.05,Completed,Card
BK-2025-02023,2025-06-07,2025-07-30,C04114,PK09,AG11,2,0,3290,0.0,Completed,PayPal
BK-2025-02024,2025-06-07,2025-07-22,C04577,PK08,AG08,2,3,1495,0.0,Completed,Card
BK-2025-02025,2025-06-07,2025-06-15,C04741,PK03,AG01,2,0,595,0.0,Completed,Bank Transfer
BK-2025-02026,2025-06-07,2025-10-11,C04856,PK17,AG08,1,0,12395,0.0,Completed,Card
BK-2025-02027,2025-06-07,2025-09-10,C04929,PK09,AG00,4,0,3290,0.0,Completed,Card
BK-2025-02028,2025-06-07,2025-07-16,C04975,PK06,AG04,1,0,1580,0.05,Completed,Bank Transfer
BK-2025-02029,2025-06-07,2025-10-29,C05651,PK15,AG04,2,0,4935,0.0,Completed,M-Pesa
BK-2025-02030,2025-06-07,2025-10-09,C06020,PK09,AG12,10,0,3290,0.0,Completed,Bank Transfer
BK-2025-02031,2025-06-07,2025-07-26,C06047,PK09,AG00,11,0,3290,0.1,Completed,Card
BK-2025-02032,2025-06-07,2025-12-03,C06188,PK15,AG05,2,0,4935,0.1,Cancelled ,Card
BK-2025-02033,2025-06-08,2025-07-02,C00034,PK04,AG04,1,0,630,0.05,Completed,Card
BK-2025-02034,2025-06-08,2025-08-09,C00591,PK10,AG11,2,0,1125,0.0,Completed,Card
BK-2025-02035,2025-06-08,2026-02-23,C00955,PK15,AG02,8,0,4485,0.0,Completed,Bank Transfer
BK-2025-02036,2025-06-08,2025-08-29,C01359,PK07,AG01,1,0,2975,0.0,Completed ,Bank Transfer
BK-2025-02037,2025-06-08,2025-07-09,C01545,PK01,AG04,2,0,530,0.05,Completed,Card
BK-2025-02038,2025-06-08,2025-10-02,C01620,PK13,AG01,6,0,7845,0.1,Completed,Card
BK-2025-02039,2025-06-08,2025-06-11,C02058,PK06,AG03,9,0,1375,0.0,Completed,PayPal
BK-2025-02040,2025-06-08,2025-08-17,C02171,PK08,AG02,2,0,1495,0.05,Completed,Card
BK-2025-02041,2025-06-08,2025-10-13,C02538,PK13,AG05,2,2,7845,0.0,Completed,Card
BK-2025-02042,2025-06-08,2025-08-17,C02709,PK09,AG00,2,0,3290,0.0,Completed,Bank Transfer
BK-2025-02043,2025-06-08,2025-07-25,C02864,PK14,AG02,2,0,5185,0.0,Completed,Card
BK-2025-02044,2025-06-08,2025-09-08,C03339,PK16,AG06,2,3,5820,0.0,Completed,Bank Transfer
BK-2025-02045,2025-06-08,2025-09-01,C03960,PK01,AG11,2,3,530,0.1,Completed,Card
BK-2025-02046,2025-06-08,2025-07-25,C04218,PK06,AG01,9,0,1580,0.1,Completed,Bank Transfer
BK-2025-02047,2025-06-08,2026-02-13,C04529,PK18,AG00,5,0,5980,0.0,Completed,Bank Transfer
BK-2025-02048,2025-06-08,2025-08-11,C04932,PK08,AG03,1,0,1495,0.0,Completed,Card
BK-2025-02049,2025-06-08,2025-11-06,C05338,PK11,AG05,2,1,4290,0.0,Completed,M-Pesa
BK-2025-02050,2025-06-08,2025-10-14,C05685,PK08,AG06,2,2,1495,0.0,Completed,Card
BK-2025-02051,2025-06-08,2025-08-03,C05834,PK18,AG11,2,0,6580,0.0,Completed,Bank Transfer
BK-2025-02052,2025-06-08,2025-07-10,C05962,PK12,AG03,2,0,6070,0.0,Completed,Card
BK-2025-02053,2025-06-08,2026-02-05,C06106,PK12,AG00,2,2,5520,0.0,Completed,Bank Transfer
BK-2025-02054,2025-06-08,2025-08-20,C06246,PK08,AG00,8,0,1495,0.1,Completed,Card
BK-2025-02055,2025-06-08,2025-08-02,C06338,PK12,AG00,1,0,6070,0.0,Completed,Bank Transfer
BK-2025-02056,2025-06-09,2025-08-21,C00017,PK14,AG00,8,0,5185,0.0,Completed,Bank Transfer
BK-2025-02057,2025-06-09,2025-07-21,C00023,PK16,AG12,6,0,5820,0.1,Completed,PayPal
BK-2025-02058,2025-06-09,2025-07-05,C00162,PK08,AG07,2,0,1495,0.0,Completed,Card
BK-2025-02059,2025-06-09,2026-01-23,C00397,PK18,AG00,2,0,6875,0.05,Cancelled,Bank Transfer
BK-2025-02060,2025-06-09,2025-08-27,C00687,PK16,AG00,8,0,5820,0.1,Completed,Bank Transfer
BK-2025-02061,2025-06-09,2025-07-17,C00725,PK02,AG00,2,1,480,0.05,Completed,Card
BK-2025-02062,2025-06-09,2025-07-27,C01424,PK07,AG03,2,1,2975,0.0,Completed,Card
BK-2025-02063,2025-06-09,2025-06-19,C01431,PK01,AG00,2,2,460,0.05,Completed,Card
BK-2025-02064,2025-06-09,2025-06-13,C01549,PK02,AG11,11,0,420,0.0,Completed,Card
BK-2025-02065,2025-06-09,2025-07-28,C01768,PK11,AG12,3,0,4935,0.1,Completed,Bank Transfer
BK-2025-02066,2025-06-09,2025-08-11,C01800,PK18,AG00,2,1,6580,,Completed,Bank Transfer
BK-2025-02067,2025-06-09,2025-07-12,C01963,PK02,AG00,9,0,480,,Completed,Card
BK-2025-02068,2025-06-09,2025-09-09,C02598,PK10,AG00,1,0,1125,0.0,Completed,Bank Transfer
BK-2025-02069,2025-06-09,2025-08-09,C02691,PK02,AG00,1,0,480,0.0,Completed,M-Pesa
BK-2025-02070,2025-06-09,2025-07-18,C02831,PK07,AG03,1,0,2975,0.0,Completed,Bank Transfer
BK-2025-02071,2025-06-09,2025-09-02,C02871,PK16,AG08,1,0,5820,0.0,Completed,M-Pesa
BK-2025-02072,2025-06-09,2025-07-15,C03007,PK02,AG06,3,0,480,0.1,Completed,PayPal
BK-2025-02073,2025-06-09,2025-09-09,C03033,PK04,AG11,2,0,630,0.0,Completed,Bank Transfer
BK-2025-02074,2025-06-09,2025-06-27,C03055,PK04,AG11,2,3,550,0.0,Completed,Bank Transfer
BK-2025-02075,2025-06-09,2025-09-16,C03356,PK14,AG05,2,3,5185,0.0,Completed,Card
BK-2025-02076,2025-06-09,2025-06-12,C03834,PK02,AG00,2,1,420,0.0,Cancelled,M-Pesa
BK-2025-02077,2025-06-09,2025-06-22,C03880,PK12,AG02,2,1,5280,0.0,Cancelled,Bank Transfer
BK-2025-02078,2025-06-09,2025-08-02,C04031,PK01,AG10,2,0,530,0.0,Completed,Card
BK-2025-02079,2025-06-09,2025-07-19,C04632,PK07,AG07,9,0,2975,0.0,Completed,Card
BK-2025-02080,2025-06-09,2025-08-30,C05797,PK12,AG00,2,2,6070,0.0,Completed,Card
BK-2025-02081,2025-06-09,2025-07-24,C06400,PK10,AG06,2,0,1125,0.0,Completed,Card
BK-2025-02082,2025-06-10,2025-11-11,C00232,PK15,AG04,2,0,4290,0.0,COMPLETED,Bank Transfer
BK-2025-02083,2025-06-10,2025-08-30,C00886,PK05,AG03,1,0,985,0.1,Completed,PayPal
BK-2025-02084,2025-06-10,2025-07-01,C01226,PK01,AG02,6,0,530,0.0,Canceled,M-Pesa
BK-2025-02085,2025-06-10,2025-08-20,C01852,PK06,AG00,1,0,1580,0.0,Completed,Bank Transfer
BK-2025-02086,2025-06-10,2025-07-12,C01938,PK02,AG00,2,0,480,0.0,Completed,Bank Transfer
BK-2025-02087,2025-06-10,2025-09-29,C02567,PK14,AG09,2,0,5185,0.15,Completed,Card
BK-2025-02088,2025-06-10,2025-06-26,C02802,PK02,AG00,2,0,420,0.0,Completed,M-Pesa
BK-2025-02089,2025-06-10,2025-09-04,C02830,PK18,AG11,2,0,6580,0.0,Completed ,Bank Transfer
BK-2025-02090,2025-06-10,2025-07-09,C03457,PK04,AG02,2,2,630,0.0,Cancelled ,Card
BK-2025-02091,2025-06-10,2025-09-30,C03523,PK12,AG04,2,2,6070,0.0,Completed,Bank Transfer
BK-2025-02092,2025-06-10,2025-12-26,C03545,PK07,AG12,3,0,2975,0.0,Completed,Bank Transfer
BK-2025-02093,2025-06-10,2025-10-14,C04096,PK14,AG07,9,0,5185,0.1,Completed,Card
BK-2025-02094,2025-06-10,2025-07-21,C04110,PK01,AG00,2,0,530,0.0,Completed,Card
BK-2025-02095,2025-06-10,2025-08-21,C04253,PK02,AG02,2,2,480,0.1,Cancelled,M-Pesa
BK-2025-02096,2025-06-10,2025-10-02,C04260,PK06,AG01,2,0,1580,0.0,Completed,Card
BK-2025-02097,2025-06-10,2025-07-03,C04779,PK06,AG00,2,3,1580,0.0,Completed,PayPal
BK-2025-02098,2025-06-10,2025-07-06,C05228,PK02,AG05,2,2,480,0.0,Completed,Bank Transfer
BK-2025-02099,2025-06-10,2025-06-20,C05919,PK05,AG06,7,0,860,0.0,Completed,Card
BK-2025-02100,2025-06-10,2025-06-30,C06049,PK09,AG00,2,1,2860,0.0,Completed,Card
BK-2025-02101,2025-06-10,2025-09-04,C06110,PK06,AG05,2,3,1580,0.0,COMPLETED,Bank Transfer
BK-2025-02102,2025-06-10,2025-08-04,C06419,PK01,AG11,2,0,530,0.15,Completed,PayPal
BK-2025-02103,2025-06-11,2025-10-17,C01358,PK12,AG00,2,0,6070,0.0,Completed,PayPal
BK-2025-02104,2025-06-11,2025-07-19,C01489,PK06,AG04,2,3,1580,0.05,Completed,Card
BK-2025-02105,2025-06-11,2025-07-09,C01561,PK01,AG10,2,0,530,0.1,Completed,PayPal
BK-2025-02106,2025-06-11,2025-10-21,C01941,PK13,AG00,1,0,7845,0.0,Completed ,Card
BK-2025-02107,2025-06-11,2025-11-06,C02830,PK06,AG00,2,0,1375,0.0,Completed,Card
BK-2025-02108,2025-06-11,2025-08-30,C03106,PK10,AG05,1,0,1125,0.15,completed,Card
BK-2025-02109,2025-06-11,2025-08-14,C03372,PK12,AG00,2,3,6070,0.0,Canceled,Bank Transfer
BK-2025-02110,2025-06-11,2025-10-03,C03601,PK16,AG00,2,0,5820,0.0,Completed,Card
BK-2025-02111,2025-06-11,2025-06-16,C04696,PK01,AG06,1,0,460,0.0,Canceled,Card
BK-2025-02112,2025-06-11,2026-02-10,C05245,PK12,AG00,7,0,5520,0.05,Completed,Card
BK-2025-02113,2025-06-11,2025-08-11,C05454,PK08,AG04,2,0,1495,0.0,Completed,M-Pesa
BK-2025-02114,2025-06-11,2025-09-13,C05696,PK09,AG02,2,0,3290,0.05,Completed,PayPal
BK-2025-02115,2025-06-11,2025-08-26,C06042,PK18,AG07,2,0,6580,0.0,Completed,PayPal
BK-2025-02116,2025-06-11,2025-09-05,C06112,PK08,AG04,2,0,1495,0.0,Cancelled,Card
BK-2025-02117,2025-06-11,2025-07-04,C06212,PK03,AG04,2,0,685,0.0,Completed,Bank Transfer
BK-2025-02118,2025-06-12,2025-07-03,C00986,PK04,AG03,1,0,630,0.0,Completed,PayPal
BK-2025-02119,2025-06-12,2025-07-18,C01512,PK08,AG01,2,0,1495,0.0,Canceled,Bank Transfer
BK-2025-02120,2025-06-12,2025-07-29,C02080,PK03,AG00,3,0,685,0.05,Completed,Card
BK-2025-02121,2025-06-12,2025-09-12,C02157,PK13,AG02,8,0,7845,0.05,completed,Bank Transfer
BK-2025-02122,2025-06-12,2025-08-12,C02491,PK18,AG07,2,0,6580,0.1,Completed,Card
BK-2025-02123,2025-06-12,2025-12-16,C02507,PK06,AG03,5,0,1580,0.1,Cancelled,PayPal
BK-2025-02124,2025-06-12,2025-08-26,C03012,PK18,AG06,2,2,6580,0.0,Completed,Card
BK-2025-02125,2025-06-12,2025-12-31,C03373,PK12,AG10,1,0,6070,0.0,Completed,Bank Transfer
BK-2025-02126,2025-06-12,2025-07-22,C03948,PK06,AG09,1,0,1580,0.0,Completed,M-Pesa
BK-2025-02127,2025-06-12,2025-07-20,C04513,PK07,AG00,1,0,2975,0.0,Completed,Bank Transfer
BK-2025-02128,2025-06-12,2025-07-18,C05287,PK06,AG00,2,3,1580,0.1,Completed,Card
BK-2025-02129,2025-06-12,2025-10-26,C05750,PK18,AG09,2,0,6580,0.05,Completed,Card
BK-2025-02130,2025-06-12,2026-03-19,C05929,PK13,AG00,2,2,7130,0.0,Completed,Card
BK-2025-02131,2025-06-12,2025-08-26,C06213,PK06,AG03,2,0,1580,0.1,COMPLETED,PayPal
BK-2025-02132,2025-06-12,2025-08-19,C06484,PK06,AG11,2,0,1580,0.05,Completed,Card
BK-2025-02133,2025-06-13,2025-10-05,C00486,PK16,AG02,6,0,5820,0.05,Completed,Card
BK-2025-02134,2025-06-13,2025-09-06,C00571,PK13,AG00,2,0,7845,,Completed,Card
BK-2025-02135,2025-06-13,2025-08-20,C00747,PK06,AG02,1,0,1580,0.0,Completed,M-Pesa
BK-2025-02136,2025-06-13,2025-07-01,C01263,PK07,AG13,8,0,2975,0.15,Completed,Card
BK-2025-02137,2025-06-13,2026-03-22,C01722,PK12,AG06,2,0,5520,0.0,Completed,Bank Transfer
BK-2025-02138,2025-06-13,2025-06-18,C01955,PK06,AG00,4,0,1375,0.0,Completed,Card
BK-2025-02139,2025-06-13,2025-06-20,C01980,PK02,AG00,1,0,420,0.0,completed,Card
BK-2025-02140,2025-06-13,2025-07-29,C02241,PK10,AG00,2,0,1125,,Completed,PayPal
BK-2025-02141,2025-06-13,2025-12-12,C02300,PK10,AG04,2,0,1125,0.0,Completed,Card
BK-2025-02142,2025-06-13,2025-08-11,C02496,PK11,AG00,5,0,4935,0.1,Canceled,Bank Transfer
BK-2025-02143,2025-06-13,2026-06-30,C02675,PK17,AG00,2,2,11270,0.0,Confirmed,Bank Transfer
BK-2025-02144,2025-06-13,2025-08-04,C03004,PK13,AG05,2,0,7845,,Completed,Card
BK-2025-02145,2025-06-13,2026-03-26,C03237,PK13,AG04,2,0,7130,0.05,Completed,Card
BK-2025-02146,2025-06-13,2025-08-03,C04856,PK06,AG00,1,0,1580,0.15,Completed,Card
BK-2025-02147,2025-06-13,2025-10-12,C04904,PK13,AG00,2,2,7845,0.0,Completed,Card
BK-2025-02148,2025-06-13,2025-07-18,C05878,PK06,AG06,2,0,1580,0.0,Completed,Bank Transfer
BK-2025-02149,2025-06-13,2025-08-30,C05882,PK06,AG04,2,3,1580,0.05,Completed,Bank Transfer
BK-2025-02150,2025-06-13,2025-08-25,C06081,PK12,AG01,4,0,6070,0.0,Completed,Card
BK-2025-02151,2025-06-14,2025-08-24,C00539,PK07,AG00,2,3,2975,0.05,Completed,Bank Transfer
BK-2025-02152,2025-06-14,2025-06-18,C00913,PK02,AG00,2,3,420,0.05,Completed,Card
BK-2025-02153,2025-06-14,2025-08-05,C01291,PK15,AG04,2,1,4935,0.05,Completed,Bank Transfer
BK-2025-02154,2025-06-14,2025-09-12,C01337,PK18,AG09,2,1,6580,0.0,Completed,Bank Transfer
BK-2025-02155,2025-06-14,2025-07-04,C01728,PK03,AG02,2,0,685,0.0,Completed,Card
BK-2025-02156,2025-06-14,2025-07-06,C02436,PK15,AG00,2,0,4935,0.0,Cancelled,Bank Transfer
BK-2025-02157,2025-06-14,2025-10-15,C02705,PK06,AG13,9,0,1580,0.0,Completed,Bank Transfer
BK-2025-02158,2025-06-14,2025-08-02,C02857,PK11,AG04,2,0,4935,0.0,Cancelled,PayPal
BK-2025-02159,2025-06-14,2025-07-16,C03173,PK02,AG13,4,0,480,0.05,Completed,Card
BK-2025-02160,2025-06-14,2025-08-09,C03477,PK11,AG02,2,0,4935,0.05,Completed,PayPal
BK-2025-02161,2025-06-14,2025-08-25,C04006,PK08,AG00,2,1,1495,0.0,Completed,PayPal
BK-2025-02162,2025-06-14,2025-08-11,C04541,PK06,AG00,1,0,1580,0.0,Completed,Card
BK-2025-02163,2025-06-14,2025-06-18,C04865,PK05,AG04,2,1,860,0.0,Completed,Bank Transfer
BK-2025-02164,2025-06-14,2025-06-29,C05094,PK10,AG00,2,3,980,0.05,Completed,Bank Transfer
BK-2025-02165,2025-06-14,2025-07-28,C05182,PK01,AG00,2,0,530,0.0,Completed,M-Pesa
BK-2025-02166,2025-06-14,2025-07-16,C05928,PK01,AG04,2,0,530,0.15,Completed ,Card
BK-2025-02167,2025-06-14,2025-09-11,C05948,PK09,AG00,2,0,3290,0.0,Completed,Bank Transfer
BK-2025-02168,2025-06-14,2025-09-24,C06410,PK09,AG00,10,0,3290,0.0,Cancelled,Bank Transfer
BK-2025-02169,2025-06-15,2025-09-05,C00318,PK16,AG00,1,0,5820,0.05,Completed,Card
BK-2025-02170,2025-06-15,2025-10-22,C00409,PK06,AG00,2,3,1580,0.05,Completed,Bank Transfer
BK-2025-02171,2025-06-15,2025-08-19,C01461,PK08,AG00,2,0,1495,0.05,Completed,Bank Transfer
BK-2025-02172,2025-06-15,2025-08-07,C01474,PK06,AG03,2,2,1580,0.1,Completed,Card
BK-2025-02173,2025-06-15,2025-07-18,C01650,PK05,AG09,2,0,985,0.05,Completed,Bank Transfer
BK-2025-02174,2025-06-15,2025-07-16,C01917,PK14,AG00,2,3,5185,0.1,Completed,Card
BK-2025-02175,2025-06-15,2025-11-16,C02247,PK09,AG00,2,1,2860,0.0,Completed,Bank Transfer
BK-2025-02176,2025-06-15,2025-06-28,C02590,PK03,AG06,5,0,595,,Completed,Bank Transfer
BK-2025-02177,2025-06-15,2025-07-07,C02751,PK06,AG03,1,0,1580,0.05,Completed,Card
BK-2025-02178,2025-06-15,2025-07-01,C02832,PK07,AG03,2,2,2975,0.0,Completed,Card
BK-2025-02179,2025-06-15,2026-02-22,C02867,PK15,AG00,2,3,4485,0.1,Completed,Card
BK-2025-02180,2025-06-15,2025-07-25,C03034,PK03,AG12,7,0,685,0.1,Completed,Card
BK-2025-02181,2025-06-15,2025-10-06,C03244,PK06,AG07,1,0,1580,0.05,Completed,Card
BK-2025-02182,2025-06-15,2025-08-04,C03893,PK09,AG00,2,0,3290,0.05,Completed,Card
BK-2025-02183,2025-06-15,2025-11-05,C04943,PK14,AG00,2,3,4510,0.0,Completed,PayPal
BK-2025-02184,2025-06-15,2026-02-10,C05466,PK18,AG03,2,3,5980,0.0,Cancelled,Bank Transfer
BK-2025-02185,2025-06-15,2025-08-29,C05534,PK02,AG08,2,0,480,0.1,Completed,Bank Transfer
BK-2025-02186,2025-06-15,2025-07-19,C05779,PK04,AG05,2,0,630,0.0,Completed,PayPal
BK-2025-02187,2025-06-15,2025-06-29,C05929,PK06,AG03,2,2,1375,0.15,Completed,PayPal
BK-2025-02188,2025-06-15,2025-06-29,C06369,PK05,AG00,2,1,860,0.0,Completed,Card
BK-2025-02189,2025-06-15,2025-07-17,C06410,PK10,AG12,9,0,1125,0.1,Completed,Bank Transfer
BK-2025-02190,2025-06-16,2025-07-21,C00726,PK11,AG02,2,0,4935,0.0,Completed,Card
BK-2025-02191,2025-06-16,2025-07-21,C00844,PK02,AG02,2,2,480,0.0,Completed,Card
BK-2025-02192,2025-06-16,2025-08-11,C00862,PK05,AG04,2,0,985,0.0,Cancelled,PayPal
BK-2025-02193,2025-06-16,2026-01-17,C00988,PK13,AG01,2,3,8200,0.0,Completed,PayPal
BK-2025-02194,2025-06-16,2025-08-13,C01459,PK02,AG00,4,0,480,0.1,Completed,Card
BK-2025-02195,2025-06-16,2025-09-03,C01672,PK15,AG03,2,2,4935,0.0,Completed,Bank Transfer
BK-2025-02196,2025-06-16,2025-09-20,C01959,PK07,AG00,9,0,2975,0.05,completed,M-Pesa
BK-2025-02197,2025-06-16,2025-08-08,C02059,PK13,AG00,8,0,7845,0.1,Completed,Bank Transfer
BK-2025-02198,2025-06-16,2025-07-09,C02070,PK03,AG10,2,0,685,0.05,Completed,Bank Transfer
BK-2025-02199,2025-06-16,2026-01-02,C02126,PK18,AG00,2,1,6875,0.0,Completed,PayPal
BK-2025-02200,2025-06-16,2025-07-22,C02613,PK03,AG00,1,0,685,0.05,Completed,PayPal
BK-2025-02201,2025-06-16,2025-09-22,C03124,PK13,AG05,7,0,7845,0.05,Completed,PayPal
BK-2025-02202,2025-06-16,2026-01-24,C03685,PK13,AG00,2,0,8200,0.1,Completed,Card
BK-2025-02203,2025-06-16,2025-11-05,C03953,PK17,AG04,2,0,10780,0.0,Completed,M-Pesa
BK-2025-02204,2025-06-16,2025-09-01,C04309,PK12,AG09,4,0,6070,0.1,Completed,Bank Transfer
BK-2025-02205,2025-06-16,2025-07-30,C05610,PK06,AG04,2,0,1580,0.0,Completed,PayPal
BK-2025-02206,2025-06-16,2025-10-18,C06172,PK07,AG09,2,3,2975,0.05,Completed,Bank Transfer
BK-2025-02207,2025-06-17,2025-07-12,C00550,PK05,AG01,1,0,985,0.0,Completed,M-Pesa
BK-2025-02208,2025-06-17,2025-08-19,C01267,PK13,AG06,2,0,7845,0.0,Completed,Card
BK-2025-02209,2025-06-17,2025-06-30,C01792,PK04,AG07,2,0,550,0.1,Completed,Card
BK-2025-02210,2025-06-17,2025-10-07,C02766,PK14,AG07,2,3,5185,0.0,Completed,Bank Transfer
BK-2025-02211,2025-06-17,2025-11-28,C03185,PK11,AG00,1,0,4290,0.0,Completed,Card
BK-2025-02212,2025-06-17,2025-06-29,C03235,PK01,AG11,8,0,460,0.0,Completed,PayPal
BK-2025-02213,2025-06-17,2025-07-14,C03353,PK13,AG00,7,0,7845,0.1,Completed,PayPal
BK-2025-02214,2025-06-17,2025-10-18,C03386,PK16,AG02,9,0,5820,0.05,Cancelled,M-Pesa
BK-2025-02215,2025-06-17,2025-07-30,C03958,PK09,AG00,2,2,3290,0.0,Completed,PayPal
BK-2025-02216,2025-06-17,2025-09-20,C03976,PK18,AG01,2,1,6580,0.0,Completed,PayPal
BK-2025-02217,2025-06-17,2025-10-18,C04021,PK12,AG06,2,0,6070,0.0,Completed,Bank Transfer
BK-2025-02218,2025-06-17,2025-07-07,C04427,PK08,AG02,1,0,1495,0.0,Completed,Card
BK-2025-02219,2025-06-17,2025-07-30,C04511,PK10,AG07,2,0,1125,0.0,Completed,Bank Transfer
BK-2025-02220,2025-06-17,2025-07-02,C05765,PK02,AG13,10,0,480,0.15,Completed,PayPal
BK-2025-02221,2025-06-17,2025-07-21,C06033,PK08,AG07,2,0,1495,0.1,Completed,Card
BK-2025-02222,2025-06-17,2025-08-21,C06273,PK06,AG00,2,2,1580,0.1,Completed,M-Pesa
BK-2025-02223,2025-06-17,2025-07-21,C06291,PK02,AG09,2,1,480,0.1,Completed,Card
BK-2025-02224,2025-06-18,2025-08-18,C00263,PK17,AG00,4,0,12395,0.05,Completed,Bank Transfer
BK-2025-02225,2025-06-18,2025-07-16,C01558,PK11,AG11,2,0,4935,0.0,Completed,Card
BK-2025-02226,2025-06-18,2025-10-25,C01678,PK07,AG12,12,0,2975,0.05,Completed ,Card
BK-2025-02227,2025-06-18,2025-09-06,C02039,PK10,AG00,2,0,1125,0.05,Completed,PayPal
BK-2025-02228,2025-06-18,2025-09-20,C02474,PK14,AG00,1,0,5185,0.05,Completed,Bank Transfer
BK-2025-02229,2025-06-18,2025-08-07,C02529,PK10,AG04,4,0,1125,0.05,Completed,Card
BK-2025-02230,2025-06-18,2025-08-04,C02777,PK02,AG03,1,0,480,0.05,Completed,Bank Transfer
BK-2025-02231,2025-06-18,2025-08-24,C04771,PK17,AG06,2,0,12395,0.0,Completed,Bank Transfer
BK-2025-02232,2025-06-18,2025-09-16,C04833,PK13,AG11,2,0,7845,0.0,Completed,Card
BK-2025-02233,2025-06-18,2025-06-25,C05519,PK05,AG01,2,0,860,0.1,Completed,Card
BK-2025-02234,2025-06-18,2025-07-06,C05575,PK02,AG00,1,0,480,0.05,Completed,M-Pesa
BK-2025-02235,2025-06-18,2025-10-18,C05603,PK10,AG11,1,0,1125,0.1,Completed,Bank Transfer
BK-2025-02236,2025-06-18,2025-08-07,C05792,PK06,AG00,8,0,1580,0.1,Completed,PayPal
BK-2025-02237,2025-06-18,2026-05-02,C06101,PK16,AG11,2,0,5290,0.0,Completed,Card
BK-2025-02238,2025-06-18,2025-08-01,C06392,PK06,AG05,2,2,1580,0.0,Completed,PayPal
BK-2025-02239,2025-06-19,2025-07-20,C00336,PK18,AG00,2,0,6580,0.0,Completed,Card
BK-2025-02240,2025-06-19,2025-10-05,C01437,PK09,AG11,2,2,3290,0.0,Completed,Card
BK-2025-02241,2025-06-19,2025-08-04,C01765,PK04,AG00,2,3,630,0.0,Completed,M-Pesa
BK-2025-02242,2025-06-19,2025-08-14,C02611,PK06,AG06,5,0,1580,0.0,Completed,M-Pesa
BK-2025-02243,2025-06-19,2025-07-22,C02678,PK06,AG00,2,0,1580,0.1,Completed,M-Pesa
BK-2025-02244,2025-06-19,2025-07-05,C03396,PK02,AG04,2,0,480,0.05,Completed,Bank Transfer
BK-2025-02245,2025-06-19,2025-10-13,C03638,PK12,AG00,2,0,6070,0.0,Completed,Bank Transfer
BK-2025-02246,2025-06-19,2025-08-11,C03943,PK10,AG09,2,0,1125,0.0,Completed,Bank Transfer
BK-2025-02247,2025-06-19,2025-10-11,C04253,PK11,AG05,2,2,4935,0.0,Completed,M-Pesa
BK-2025-02248,2025-06-19,2025-09-12,C04550,PK12,AG00,2,1,6070,0.0,Completed,Card
BK-2025-02249,2025-06-19,2025-10-23,C05264,PK15,AG03,1,0,4935,0.0,Completed,Card
BK-2025-02250,2025-06-19,2025-07-09,C05423,PK15,AG03,2,0,4935,0.0,Completed,M-Pesa
BK-2025-02251,2025-06-19,2025-07-02,C05596,PK07,AG00,7,0,2975,0.1,Completed,Card
BK-2025-02252,2025-06-19,2025-08-04,C05640,PK18,AG03,2,0,6580,0.0,Completed,Card
BK-2025-02253,2025-06-19,2025-12-18,C05826,PK14,AG00,6,0,5185,0.05,Completed,Card
BK-2025-02254,2025-06-19,2025-07-26,C06321,PK13,AG08,2,2,7845,0.0,Completed,Card
BK-2025-02255,2025-06-19,2025-07-30,C06333,PK07,AG13,10,0,2975,0.1,Completed,Card
BK-2025-02256,2025-06-20,2025-07-21,C00028,PK07,AG03,9,0,2975,0.0,Completed,M-Pesa
BK-2025-02257,2025-06-20,2025-12-14,C00401,PK15,AG00,2,0,4935,0.0,Canceled,Card
BK-2025-02258,2025-06-20,2025-08-14,C00667,PK05,AG13,12,0,985,0.15,Cancelled,Bank Transfer
BK-2025-02259,2025-06-20,2025-07-27,C00978,PK15,AG00,2,0,4935,0.1,Cancelled,Card
BK-2025-02260,2025-06-20,2025-10-19,C01105,PK15,AG03,3,0,4935,0.1,Completed,M-Pesa
BK-2025-02261,2025-06-20,2025-08-29,C01135,PK05,AG04,2,0,985,0.05,Completed,Card
BK-2025-02262,2025-06-20,2025-08-30,C01539,PK12,AG02,1,0,6070,0.05,Completed,M-Pesa
BK-2025-02263,2025-06-20,2025-11-04,C01669,PK14,AG00,9,0,4510,0.0,Completed,Card
BK-2025-02264,2025-06-20,2025-08-30,C02323,PK02,AG09,6,0,480,0.1,Completed,Card
BK-2025-02265,2025-06-20,2025-07-27,C02551,PK12,AG11,2,2,6070,0.0,Canceled,Bank Transfer
BK-2025-02266,2025-06-20,2025-09-01,C03325,PK06,AG02,2,0,1580,,Completed,Card
BK-2025-02267,2025-06-20,2025-07-19,C03443,PK13,AG04,2,2,7845,,Cancelled,M-Pesa
BK-2025-02268,2025-06-20,2025-10-25,C04553,PK14,AG02,1,0,5185,0.1,Completed,Bank Transfer
BK-2025-02269,2025-06-20,2025-07-26,C05040,PK08,AG03,8,0,1495,0.1,Canceled,PayPal
BK-2025-02270,2025-06-20,2025-08-09,C05352,PK01,AG00,2,0,530,0.1,Completed,Bank Transfer
BK-2025-02271,2025-06-20,2025-08-28,C05471,PK01,AG00,2,0,530,0.05,Cancelled,Bank Transfer
BK-2025-02272,2025-06-20,2025-07-17,C05604,PK06,AG01,3,0,1580,0.1,Completed,M-Pesa
BK-2025-02273,2025-06-20,2025-08-07,C05706,PK05,AG01,1,0,985,0.05,Completed,Bank Transfer
BK-2025-02274,2025-06-20,2025-06-23,C06051,PK01,AG00,2,0,460,0.0,Completed,M-Pesa
BK-2025-02275,2025-06-20,2025-08-21,C06119,PK13,AG06,6,0,7845,,completed,Bank Transfer
BK-2025-02276,2025-06-20,2025-10-21,C06134,PK14,AG04,2,0,5185,0.05,Completed,Card
BK-2025-02277,2025-06-21,2025-08-23,C00020,PK10,AG04,1,0,1125,0.1,Completed,M-Pesa
BK-2025-02278,2025-06-21,2025-07-20,C00125,PK04,AG00,2,0,630,0.0,Completed,M-Pesa
BK-2025-02279,2025-06-21,2025-08-04,C00155,PK03,AG02,2,1,685,0.0,Completed,PayPal
BK-2025-02280,2025-06-21,2025-08-14,C00236,PK06,AG07,2,2,1580,0.0,Completed,Card
BK-2025-02281,2025-06-21,2025-07-27,C00280,PK14,AG00,2,0,5185,0.1,Completed,Bank Transfer
BK-2025-02282,2025-06-21,2025-07-24,C00524,PK02,AG03,1,0,480,0.0,Completed,M-Pesa
BK-2025-02283,2025-06-21,2025-07-01,C00610,PK06,AG04,2,0,1580,0.05,Completed,Bank Transfer
BK-2025-02284,2025-06-21,2025-08-07,C00689,PK18,AG08,8,0,6580,0.1,Completed,PayPal
BK-2025-02285,2025-06-21,2025-06-30,C01227,PK02,AG12,4,0,420,0.1,Completed,Card
BK-2025-02286,2025-06-21,2025-08-21,C01324,PK01,AG03,2,0,530,0.05,Completed,Card
BK-2025-02287,2025-06-21,2025-12-21,C01902,PK13,AG00,2,0,7845,0.0,Completed,Card
BK-2025-02288,2025-06-21,2025-07-22,C01956,PK04,AG02,4,0,630,0.1,Completed,M-Pesa
BK-2025-02289,2025-06-21,2025-11-23,C02394,PK18,AG01,2,1,5720,0.0,Completed,M-Pesa
BK-2025-02290,2025-06-21,2025-08-23,C02707,PK01,AG00,2,0,530,0.0,Completed,M-Pesa
BK-2025-02291,2025-06-21,2025-09-04,C03065,PK18,AG00,2,0,6580,0.05,Completed,Card
BK-2025-02292,2025-06-21,2025-07-30,C03731,PK05,AG08,2,1,985,0.0,Completed,Card
BK-2025-02293,2025-06-21,2025-08-26,C03738,PK05,AG07,2,2,985,0.0,Completed,Bank Transfer
BK-2025-02294,2025-06-21,2025-09-08,C04615,PK09,AG00,2,2,3290,0.0,Completed,Card
BK-2025-02295,2025-06-21,2025-10-29,C04701,PK15,AG00,2,0,4935,0.0,Completed,PayPal
BK-2025-02296,2025-06-21,2026-01-05,C05080,PK14,AG00,2,0,5420,0.0,Completed ,M-Pesa
BK-2025-02297,2025-06-21,2025-10-11,C05848,PK08,AG05,2,0,1495,0.0,Completed,Card
BK-2025-02298,2025-06-21,2025-09-22,C06455,PK06,AG10,2,0,1580,0.0,Completed,Bank Transfer
BK-2025-02299,2025-06-22,2025-09-09,C00179,PK17,AG00,5,0,12395,0.1,Completed,Card
BK-2025-02300,2025-06-22,2025-12-04,C00671,PK16,AG02,5,0,5820,0.0,Completed,Card
BK-2025-02301,2025-06-22,2025-07-12,C01406,PK03,AG03,2,3,685,0.0,Completed,Card
BK-2025-02302,2025-06-22,2025-07-08,C01416,PK09,AG01,2,0,3290,0.0,Completed,Card
BK-2025-02303,2025-06-22,2025-12-27,C02563,PK07,AG06,12,0,2975,0.1,Canceled,Card
BK-2025-02304,2025-06-22,2025-07-30,C02682,PK05,AG03,1,0,985,0.0,Completed,M-Pesa
BK-2025-02305,2025-06-22,2025-07-17,C02715,PK06,AG07,2,1,1580,0.1,Completed,Card
BK-2025-02306,2025-06-22,2025-11-30,C04013,PK15,AG10,2,1,4290,0.05,Completed,Bank Transfer
BK-2025-02307,2025-06-22,2025-07-16,C04450,PK01,AG06,2,0,530,0.0,Completed,PayPal
BK-2025-02308,2025-06-22,2025-10-20,C04893,PK15,AG06,1,0,4935,0.1,Completed,Bank Transfer
BK-2025-02309,2025-06-22,2025-09-28,C05852,PK08,AG00,1,0,1495,0.0,completed,Bank Transfer
BK-2025-02310,2025-06-22,2025-08-11,C06140,PK10,AG07,2,2,1125,0.05,Completed,Bank Transfer
BK-2025-02311,2025-06-22,2025-08-03,C06385,PK02,AG01,1,0,480,0.0,Completed,Card
BK-2025-02312,2025-06-23,2025-07-28,C00520,PK01,AG13,12,0,530,0.0,Completed,PayPal
BK-2025-02313,2025-06-23,2025-07-05,C00824,PK04,AG02,2,0,630,0.05,Completed,PayPal
BK-2025-02314,2025-06-23,2025-09-09,C01204,PK10,AG11,2,0,1125,,Completed,Card
BK-2025-02315,2025-06-23,2025-07-18,C01272,PK06,AG05,2,1,1580,0.1,Completed,Card
BK-2025-02316,2025-06-23,2025-10-10,C01411,PK05,AG05,8,0,985,0.1,Completed,Bank Transfer
BK-2025-02317,2025-06-23,2025-09-20,C01902,PK11,AG10,2,0,4935,0.15,completed,Bank Transfer
BK-2025-02318,2025-06-23,2025-10-09,C02124,PK06,AG00,2,3,1580,0.15,Completed,Card
BK-2025-02319,2025-06-23,2025-08-12,C02594,PK04,AG05,2,2,630,0.0,Completed,Bank Transfer
BK-2025-02320,2025-06-23,2025-09-17,C03718,PK16,AG11,2,3,5820,0.05,Completed,Card
BK-2025-02321,2025-06-23,2026-03-12,C04321,PK16,AG00,1,0,5290,0.0,Completed,Bank Transfer
BK-2025-02322,2025-06-23,2025-07-15,C04618,PK02,AG11,1,0,480,0.05,Completed,Bank Transfer
BK-2025-02323,2025-06-23,2025-09-25,C04643,PK16,AG05,4,0,5820,0.0,Completed,M-Pesa
BK-2025-02324,2025-06-23,2025-09-26,C05169,PK06,AG13,4,0,1580,0.1,Completed,Bank Transfer
BK-2025-02325,2025-06-23,2026-01-21,C05638,PK12,AG04,2,0,6350,0.05,Completed,Bank Transfer
BK-2025-02326,2025-06-24,2025-08-09,C00452,PK08,AG00,3,0,1495,0.05,Completed,Card
BK-2025-02327,2025-06-24,2025-07-26,C00935,PK01,AG00,2,0,530,0.05,Completed,PayPal
BK-2025-02328,2025-06-24,2025-11-07,C01291,PK08,AG11,2,2,1300,0.15,Completed,Bank Transfer
BK-2025-02329,2025-06-24,2025-08-05,C01348,PK17,AG08,2,2,12395,0.1,completed,M-Pesa
BK-2025-02330,2025-06-24,2025-11-04,C01745,PK11,AG00,1,0,4290,0.0,Completed,M-Pesa
BK-2025-02331,2025-06-24,2025-09-29,C01751,PK16,AG10,2,3,5820,0.0,Completed,Card
BK-2025-02332,2025-06-24,2025-08-03,C02473,PK09,AG00,2,2,3290,0.0,Completed,M-Pesa
BK-2025-02333,2025-06-24,2025-07-09,C02611,PK01,AG04,6,0,530,0.0,Completed,Card
BK-2025-02334,2025-06-24,2025-08-06,C03303,PK12,AG01,2,0,6070,0.05,Completed,Card
BK-2025-02335,2025-06-24,2025-08-12,C04047,PK03,AG02,6,0,685,0.1,Completed,Card
BK-2025-02336,2025-06-24,2025-09-08,C04173,PK16,AG13,7,0,5820,0.1,COMPLETED,Card
BK-2025-02337,2025-06-24,2025-08-20,C05387,PK16,AG04,7,0,5820,0.05,Completed,Card
BK-2025-02338,2025-06-24,2025-08-18,C05646,PK07,AG00,12,0,2975,0.1,Completed,Bank Transfer
BK-2025-02339,2025-06-24,2026-01-20,C05756,PK16,AG07,2,1,6085,,Completed,Card
BK-2025-02340,2025-06-24,2025-08-05,C06210,PK18,AG11,2,0,6580,0.0,Completed,PayPal
BK-2025-02341,2025-06-24,2025-07-18,C06443,PK06,AG03,5,0,1580,0.1,Completed,M-Pesa
BK-2025-02342,2025-06-24,2026-07-24,C06458,PK18,AG01,1,0,6875,0.1,Confirmed,Card
BK-2025-02343,2025-06-24,2025-07-29,C06458,PK18,AG00,1,0,6580,0.0,Completed,Bank Transfer
BK-2025-02344,2025-06-25,2025-11-11,C00244,PK13,AG04,6,0,6820,,Cancelled,PayPal
BK-2025-02345,2025-06-25,2026-02-23,C00480,PK16,AG07,6,0,5290,0.1,Completed,Card
BK-2025-02346,2025-06-25,2025-08-27,C00732,PK14,AG01,2,2,5185,0.05,Completed,M-Pesa
BK-2025-02347,2025-06-25,2026-01-13,C00967,PK18,AG11,6,0,6875,0.1,Completed,Card
BK-2025-02348,2025-06-25,2025-07-05,C01546,PK02,AG03,2,3,480,0.0,Completed,M-Pesa
BK-2025-02349,2025-06-25,2025-08-10,C01616,PK09,AG04,8,0,3290,0.0,Completed,Card
BK-2025-02350,2025-06-25,2025-08-31,C01696,PK17,AG06,2,0,12395,0.0,Completed,Card
BK-2025-02351,2025-06-25,2025-09-08,C02792,PK13,AG00,2,0,7845,0.0,Completed,Card
BK-2025-02352,2025-06-25,2025-09-26,C03572,PK02,AG00,2,1,480,0.05,COMPLETED,Card
BK-2025-02353,2025-06-25,2026-01-06,C03937,PK16,AG12,9,0,6085,0.0,Completed,Bank Transfer
BK-2025-02354,2025-06-25,2025-08-30,C04266,PK03,AG13,4,0,685,0.15,Completed,Card
BK-2025-02355,2025-06-25,2025-09-24,C04828,PK13,AG00,1,0,7845,0.0,Completed,PayPal
BK-2025-02356,2025-06-25,2025-08-06,C05412,PK02,AG01,2,0,480,0.0,Completed,M-Pesa
BK-2025-02357,2025-06-25,2025-07-10,C05826,PK02,AG00,6,0,480,0.1,Completed,Bank Transfer
BK-2025-02358,2025-06-25,2025-08-29,C05993,PK07,AG01,9,0,2975,0.1,CANCELLED,Bank Transfer
BK-2025-02359,2025-06-25,2025-10-14,C06475,PK07,AG04,2,1,2975,0.0,Cancelled,Card
BK-2025-02360,2025-06-26,2025-08-27,C00580,PK06,AG08,2,3,1580,0.0,Completed,Card
BK-2025-02361,2025-06-26,2025-12-21,C00610,PK14,AG00,2,0,5185,0.0,Completed,Bank Transfer
BK-2025-02362,2025-06-26,2025-07-21,C00621,PK14,AG02,2,0,5185,0.0,Cancelled,Bank Transfer
BK-2025-02363,2025-06-26,2026-02-18,C00680,PK13,AG04,2,3,7130,0.1,Completed,M-Pesa
BK-2025-02364,2025-06-26,2025-10-04,C00863,PK14,AG11,2,1,5185,0.1,Completed,PayPal
BK-2025-02365,2025-06-26,2025-10-29,C01062,PK13,AG00,2,2,7845,0.1,Completed,Card
BK-2025-02366,2025-06-26,2025-10-25,C01140,PK17,AG05,2,3,12395,0.05,Completed,Card
BK-2025-02367,2025-06-26,2025-08-18,C01856,PK01,AG02,2,3,530,0.0,Completed,M-Pesa
BK-2025-02368,2025-06-26,2025-11-10,C01865,PK16,AG00,5,0,5060,0.1,Completed,Card
BK-2025-02369,2025-06-26,2026-02-23,C02352,PK07,AG03,2,1,2700,0.0,Cancelled,Card
BK-2025-02370,2025-06-26,2025-07-27,C04009,PK06,AG00,5,0,1580,0.1,Completed ,Bank Transfer
BK-2025-02371,2025-06-26,2025-09-23,C04180,PK15,AG00,2,0,4935,0.0,Completed,Bank Transfer
BK-2025-02372,2025-06-26,2025-11-03,C04581,PK14,AG06,2,0,4510,0.0,Completed,Card
BK-2025-02373,2025-06-26,2025-08-04,C04754,PK02,AG00,2,0,480,0.0,Completed,PayPal
BK-2025-02374,2025-06-26,2025-09-30,C04811,PK09,AG04,2,0,3290,0.0,Completed,M-Pesa
BK-2025-02375,2025-06-26,2025-07-29,C05101,PK01,AG06,8,0,530,0.0,Cancelled,Card
BK-2025-02376,2025-06-26,2025-08-06,C05778,PK12,AG01,7,0,6070,0.1,Completed,Card
BK-2025-02377,2025-06-26,2025-07-14,C06410,PK05,AG12,11,0,985,0.05,Completed,M-Pesa
BK-2025-02378,2025-06-27,2025-08-06,C00034,PK16,AG00,1,0,5820,0.0,Completed,Card
BK-2025-02379,2025-06-27,2026-03-14,C00147,PK12,AG02,1,0,5520,0.1,Canceled,Card
BK-2025-02380,2025-06-27,2025-08-18,C00167,PK16,AG00,2,0,5820,0.05,Completed,Bank Transfer
BK-2025-02381,2025-06-27,2025-08-16,C00346,PK12,AG10,5,0,6070,0.1,Completed,M-Pesa
BK-2025-02382,2025-06-27,2025-07-14,C00368,PK03,AG11,2,0,685,0.0,Completed,Card
BK-2025-02383,2025-06-27,2025-08-17,C00647,PK09,AG06,2,0,3290,0.0,Completed,M-Pesa
BK-2025-02384,2025-06-27,2025-07-24,C00670,PK05,AG09,2,0,985,0.0,Completed,PayPal
BK-2025-02385,2025-06-27,2025-09-21,C00716,PK13,AG00,2,0,7845,0.1,Completed,Bank Transfer
BK-2025-02386,2025-06-27,2025-06-30,C01631,PK10,AG03,2,0,980,0.0,Completed,Bank Transfer
BK-2025-02387,2025-06-27,2025-08-11,C01745,PK07,AG02,1,0,2975,0.05,Completed,Bank Transfer
BK-2025-02388,2025-06-27,2026-02-20,C01896,PK18,AG00,2,2,5980,0.15,COMPLETED,Card
BK-2025-02389,2025-06-27,2026-02-01,C02101,PK12,AG01,2,1,5520,0.15,completed,Bank Transfer
BK-2025-02390,2025-06-27,2025-07-09,C02148,PK05,AG03,2,0,985,0.05,Completed,Card
BK-2025-02391,2025-06-27,2025-09-26,C02732,PK18,AG12,8,0,6580,0.1,Completed,Card
BK-2025-02392,2025-06-27,2025-07-27,C02747,PK04,AG03,1,0,630,0.05,Completed,Bank Transfer
BK-2025-02393,2025-06-27,2025-10-11,C03456,PK15,AG00,2,1,4935,0.0,COMPLETED,PayPal
BK-2025-02394,2025-06-27,2025-08-28,C03578,PK06,AG07,3,0,1580,0.05,Completed,Bank Transfer
BK-2025-02395,2025-06-27,2025-10-05,C03999,PK14,AG10,8,0,5185,0.1,Completed,M-Pesa
BK-2025-02396,2025-06-27,2025-09-19,C04489,PK12,AG12,9,0,6070,0.0,Completed,M-Pesa
BK-2025-02397,2025-06-27,2025-07-28,C04499,PK11,AG00,2,0,4935,0.1,Completed,PayPal
BK-2025-02398,2025-06-27,2025-11-08,C04652,PK07,AG11,6,0,2585,0.0,Completed,Bank Transfer
BK-2025-02399,2025-06-27,2025-08-17,C04679,PK01,AG10,2,0,530,0.0,Completed,Bank Transfer
BK-2025-02400,2025-06-28,2025-12-28,C00346,PK13,AG00,5,0,7845,0.05,Completed,Bank Transfer
BK-2025-02401,2025-06-28,2025-08-10,C00921,PK01,AG01,2,3,530,0.0,Completed,Card
BK-2025-02402,2025-06-28,2025-07-08,C01508,PK05,AG04,2,0,985,0.1,Completed,Card
BK-2025-02403,2025-06-28,2025-07-30,C01640,PK11,AG04,2,1,4935,0.05,Completed,Bank Transfer
BK-2025-02404,2025-06-28,2025-09-17,C01682,PK18,AG10,1,0,6580,0.0,Completed,Card
BK-2025-02405,2025-06-28,2025-10-24,C02412,PK11,AG06,2,0,4935,0.0,Completed,Bank Transfer
BK-2025-02406,2025-06-28,2025-07-19,C02483,PK02,AG10,1,0,480,0.0,Completed,M-Pesa
BK-2025-02407,2025-06-28,2025-08-09,C03074,PK03,AG00,2,2,685,0.1,Completed,PayPal
BK-2025-02408,2025-06-28,2025-09-01,C03093,PK12,AG04,4,0,6070,0.0,Canceled,Card
BK-2025-02409,2025-06-28,2025-07-28,C03351,PK14,AG01,2,0,5185,0.0,Completed,Bank Transfer
BK-2025-02410,2025-06-28,2025-07-20,C03419,PK03,AG00,2,0,685,0.15,Completed,Card
BK-2025-02411,2025-06-28,2025-07-24,C03456,PK13,AG11,2,1,7845,0.05,Completed,Card
BK-2025-02412,2025-06-28,2025-08-28,C05175,PK13,AG04,1,0,7845,0.0,Completed,Card
BK-2025-02413,2025-06-28,2025-12-14,C05674,PK13,AG00,2,1,7845,0.0,Completed ,Card
BK-2025-02414,2025-06-28,2025-08-25,C05706,PK12,AG09,1,0,6070,,Completed,Bank Transfer
BK-2025-02415,2025-06-28,2025-08-23,C05958,PK06,AG02,2,1,1580,0.0,Cancelled,Bank Transfer
BK-2025-02416,2025-06-28,2025-10-06,C06142,PK12,AG10,2,0,6070,0.0,Completed,M-Pesa
BK-2025-02417,2025-06-28,2025-07-01,C06453,PK03,AG04,2,2,685,0.0,Completed,Bank Transfer
BK-2025-02418,2025-06-29,2025-12-15,C00321,PK13,AG00,1,0,7845,0.0,Completed,Card
BK-2025-02419,2025-06-29,2025-08-15,C00325,PK10,AG06,1,0,1125,0.05,Completed,M-Pesa
BK-2025-02420,2025-06-29,2025-10-17,C00964,PK18,AG04,2,2,6580,0.0,Completed,Card
BK-2025-02421,2025-06-29,2025-07-03,C01203,PK15,AG00,2,0,4935,0.0,Completed,Card
BK-2025-02422,2025-06-29,2025-10-23,C01420,PK14,AG00,2,3,5185,0.0,Completed,Card
BK-2025-02423,2025-06-29,2025-07-20,C01642,PK02,AG00,2,0,480,0.05,Completed,PayPal
BK-2025-02424,2025-06-29,2025-08-24,C02187,PK13,AG06,2,1,7845,0.05,Completed,Card
BK-2025-02425,2025-06-29,2025-07-21,C04426,PK06,AG08,2,0,1580,0.0,Completed,Bank Transfer
BK-2025-02426,2025-06-29,2025-07-18,C04447,PK11,AG04,8,0,4935,0.0,Cancelled,M-Pesa
BK-2025-02427,2025-06-29,2025-09-11,C04683,PK07,AG06,2,0,2975,0.0,Completed,PayPal
BK-2025-02428,2025-06-29,2025-08-10,C04747,PK06,AG07,4,0,1580,0.1,Completed,M-Pesa
BK-2025-02429,2025-06-29,2025-08-16,C04912,PK12,AG00,7,0,6070,0.15,Completed,Bank Transfer
BK-2025-02430,2025-06-29,2025-08-17,C05004,PK04,AG00,2,0,630,0.0,Canceled,Card
BK-2025-02431,2025-06-29,2025-07-23,C05103,PK04,AG00,2,0,630,0.0,Completed,Card
BK-2025-02432,2025-06-29,2025-09-10,C05184,PK06,AG01,2,0,1580,0.0,Completed,Bank Transfer
BK-2025-02433,2025-06-29,2026-03-29,C06233,PK13,AG04,2,0,7130,0.0,Completed,Bank Transfer
BK-2025-02434,2025-06-29,2025-07-15,C06390,PK08,AG05,2,0,1495,0.0,Completed,Bank Transfer
BK-2025-02435,2025-06-29,2025-08-02,C06492,PK04,AG00,2,0,630,0.05,Completed,Card
BK-2025-02436,2025-06-30,2025-07-26,C01124,PK03,AG09,4,0,685,0.05,Completed,Bank Transfer
BK-2025-02437,2025-06-30,2025-09-26,C01156,PK12,AG13,12,0,6070,0.0,Completed,Card
BK-2025-02438,2025-06-30,2026-01-22,C01965,PK15,AG00,2,0,5160,0.05,Completed,Card
BK-2025-02439,2025-06-30,2025-12-11,C02371,PK14,AG00,9,0,5185,0.0,Completed,Bank Transfer
BK-2025-02440,2025-06-30,2025-07-17,C02771,PK06,AG13,3,0,1580,0.1,Completed,Card
BK-2025-02441,2025-06-30,2025-07-18,C02892,PK01,AG02,9,0,530,0.05,Completed,Bank Transfer
BK-2025-02442,2025-06-30,2025-09-09,C03122,PK03,AG00,2,0,685,0.05,Completed,Bank Transfer
BK-2025-02443,2025-06-30,2026-05-27,C03826,PK15,AG02,1,0,4485,0.1,Completed,Bank Transfer
BK-2025-02444,2025-06-30,2025-08-03,C04458,PK04,AG00,2,0,630,0.0,Completed,Bank Transfer
BK-2025-02445,2025-06-30,2025-08-10,C04537,PK06,AG09,2,0,1580,0.05,Completed,Card
BK-2025-02446,2025-06-30,2025-08-04,C04742,PK06,AG00,2,3,1580,0.05,Completed,Bank Transfer
BK-2025-02447,2025-06-30,2025-08-16,C04838,PK02,AG00,2,0,480,0.15,Completed,Card
BK-2025-02448,2025-06-30,2025-09-07,C04915,PK02,AG11,1,0,480,0.05,Cancelled,Card
BK-2025-02449,2025-06-30,2025-09-20,C05573,PK06,AG06,2,3,1580,0.0,Completed,Bank Transfer
BK-2025-02450,2025-06-30,2025-12-30,C05654,PK13,AG00,2,3,7845,0.1,Completed,Card
BK-2025-02451,2025-06-30,2025-09-07,C06221,PK02,AG00,2,0,480,0.0,Completed,Card
BK-2025-02452,2025-07-01,2025-08-24,C00317,PK04,AG03,2,1,630,0.05,Completed,PayPal
BK-2025-02453,2025-07-01,2025-09-04,C00438,PK06,AG00,6,0,1580,0.05,Cancelled,Card
BK-2025-02454,2025-07-01,2025-07-26,C00843,PK02,AG02,2,1,480,0.0,Completed,Card
BK-2025-02455,2025-07-01,2026-01-02,C01209,PK18,AG01,1,0,6875,0.05,Completed,Card
BK-2025-02456,2025-07-01,2025-07-15,C01870,PK03,AG00,1,0,685,0.05,Completed,M-Pesa
BK-2025-02457,2025-07-01,2025-09-16,C02395,PK09,AG02,1,0,3290,0.0,Completed,Bank Transfer
BK-2025-02458,2025-07-01,2025-08-10,C02512,PK03,AG00,1,0,685,0.1,Cancelled,M-Pesa
BK-2025-02459,2025-07-01,2025-10-01,C02702,PK13,AG08,2,2,7845,0.0,Completed,PayPal
BK-2025-02460,2025-07-01,2025-09-24,C02917,PK07,AG00,2,0,2975,0.0,Completed,Card
BK-2025-02461,2025-07-01,2025-08-03,C03060,PK01,AG00,9,0,530,0.0,Completed,PayPal
BK-2025-02462,2025-07-01,2025-08-23,C04201,PK05,AG10,5,0,985,0.15,Completed,M-Pesa
BK-2025-02463,2025-07-01,2025-08-27,C04755,PK13,AG00,1,0,7845,0.05,Completed,Card
BK-2025-02464,2025-07-01,2025-11-24,C04910,PK16,AG07,2,0,5060,0.0,Completed,M-Pesa
BK-2025-02465,2025-07-01,2025-09-14,C04927,PK18,AG00,1,0,6580,0.0,Completed,Card
BK-2025-02466,2025-07-01,2025-11-28,C05089,PK13,AG10,2,1,6820,0.0,Completed,Bank Transfer
BK-2025-02467,2025-07-01,2025-09-15,C05258,PK16,AG02,2,0,5820,0.0,Completed,Bank Transfer
BK-2025-02468,2025-07-01,2025-07-23,C05355,PK09,AG11,2,0,3290,0.0,Completed,Card
BK-2025-02469,2025-07-01,2025-07-21,C05508,PK08,AG00,2,0,1495,0.0,Completed,PayPal
BK-2025-02470,2025-07-01,2025-07-27,C05793,PK01,AG00,1,0,530,0.0,Completed,Card
BK-2025-02471,2025-07-01,2025-08-30,C05814,PK01,AG01,1,0,530,0.1,Completed,M-Pesa
BK-2025-02472,2025-07-01,2026-06-25,C05910,PK16,AG01,2,0,5290,0.1,Completed,Card
BK-2025-02473,2025-07-01,2025-07-16,C06011,PK02,AG00,2,1,480,,Cancelled,Bank Transfer
BK-2025-02474,2025-07-02,2025-11-13,C00563,PK06,AG02,4,0,1375,0.05,Completed,Bank Transfer
BK-2025-02475,2025-07-02,2025-07-13,C00637,PK17,AG06,2,1,12395,0.0,Completed,PayPal
BK-2025-02476,2025-07-02,2025-08-12,C00871,PK15,AG04,1,0,4935,0.05,Completed,Card
BK-2025-02477,2025-07-02,2025-07-15,C01787,PK01,AG02,2,0,530,0.0,Completed,Bank Transfer
BK-2025-02478,2025-07-02,2025-08-05,C02605,PK10,AG00,2,0,1125,0.0,Completed,Card
BK-2025-02479,2025-07-02,2026-01-04,C02800,PK14,AG00,2,0,5420,0.0,Completed,Bank Transfer
BK-2025-02480,2025-07-02,2025-08-03,C03076,PK10,AG09,8,0,1125,0.0,Completed,Bank Transfer
BK-2025-02481,2025-07-02,2025-08-04,C03083,PK07,AG03,9,0,2975,0.0,Cancelled ,Card
BK-2025-02482,2025-07-02,2025-09-05,C03358,PK02,AG00,2,0,480,0.0,Completed,Card
BK-2025-02483,2025-07-02,2025-10-21,C03463,PK01,AG00,2,0,530,0.1,Canceled,Bank Transfer
BK-2025-02484,2025-07-02,2025-07-23,C04251,PK01,AG00,1,0,530,0.0,Completed,Bank Transfer
BK-2025-02485,2025-07-02,2025-12-18,C04329,PK17,AG00,11,0,12395,0.05,Completed,Bank Transfer
BK-2025-02486,2025-07-02,2025-07-30,C04360,PK11,AG07,2,0,4935,0.0,Completed,PayPal
BK-2025-02487,2025-07-02,2025-08-20,C05166,PK01,AG00,2,0,530,0.0,Cancelled,Card
BK-2025-02488,2025-07-02,2025-11-19,C05822,PK14,AG00,2,0,4510,0.0,Completed,Card
BK-2025-02489,2025-07-02,2025-11-29,C05854,PK18,AG00,6,0,5720,0.05,Completed,Bank Transfer
BK-2025-02490,2025-07-02,2025-07-08,C06026,PK04,AG00,1,0,630,0.05,Completed,Bank Transfer
BK-2025-02491,2025-07-02,2025-08-14,C06206,PK03,AG11,2,0,685,0.1,Completed,Bank Transfer
BK-2025-02492,2025-07-02,2025-07-30,C06488,PK01,AG10,2,0,530,0.0,Completed,M-Pesa
BK-2025-02493,2025-07-03,2025-08-08,C00233,PK09,AG00,2,3,3290,0.05,Completed,Bank Transfer
BK-2025-02494,2025-07-03,2026-01-25,C00728,PK15,AG06,2,0,5160,0.1,Completed,M-Pesa
BK-2025-02495,2025-07-03,2025-07-13,C01262,PK17,AG04,2,0,12395,0.0,Completed,Card
BK-2025-02496,2025-07-03,2025-07-09,C01344,PK04,AG00,2,2,630,0.0,completed,Card
BK-2025-02497,2025-07-03,2025-09-09,C01361,PK07,AG03,1,0,2975,0.0,Completed,Bank Transfer
BK-2025-02498,2025-07-03,2025-09-24,C01399,PK18,AG09,2,3,6580,0.0,Completed,PayPal
BK-2025-02499,2025-07-03,2025-08-26,C01410,PK06,AG07,2,2,1580,0.05,Completed,PayPal
BK-2025-02500,2025-07-03,2025-07-29,C02268,PK16,AG05,2,0,5820,0.0,Completed,M-Pesa
BK-2025-02501,2025-07-03,2025-09-15,C02330,PK12,AG00,2,3,6070,0.0,Completed,Bank Transfer
BK-2025-02502,2025-07-03,2025-12-15,C02334,PK17,AG02,2,2,12395,0.0,Completed,M-Pesa
BK-2025-02503,2025-07-03,2025-07-16,C02816,PK18,AG00,5,0,6580,0.0,Completed,PayPal
BK-2025-02504,2025-07-03,2025-11-13,C02922,PK06,AG00,7,0,1375,0.0,Completed ,PayPal
BK-2025-02505,2025-07-03,2025-08-17,C03005,PK11,AG08,5,0,4935,0.0,Completed,M-Pesa
BK-2025-02506,2025-07-03,2025-07-21,C03360,PK07,AG00,2,0,2975,0.0,Completed,Bank Transfer
BK-2025-02507,2025-07-03,2026-01-12,C03619,PK18,AG04,7,0,6875,0.1,Completed,Bank Transfer
BK-2025-02508,2025-07-03,2025-09-02,C03649,PK03,AG04,5,0,685,0.05,Completed,Card
BK-2025-02509,2025-07-03,2025-08-10,C03955,PK11,AG06,2,2,4935,0.0,Completed,PayPal
BK-2025-02510,2025-07-03,2025-08-07,C05030,PK16,AG03,1,0,5820,0.05,Completed,Card
BK-2025-02511,2025-07-03,2025-08-28,C05191,PK04,AG00,1,0,630,0.1,Completed,Bank Transfer
BK-2025-02512,2025-07-03,2025-08-04,C05586,PK11,AG00,1,0,4935,0.0,Completed,Card
BK-2025-02513,2025-07-03,2026-02-07,C05587,PK16,AG02,7,0,5290,0.1,Completed,Card
BK-2025-02514,2025-07-03,2025-08-19,C06183,PK09,AG03,2,0,3290,0.0,Completed,Card
BK-2025-02515,2025-07-04,2025-08-26,C00240,PK10,AG03,1,0,1125,0.0,Completed,Card
BK-2025-02516,2025-07-04,2025-08-04,C00516,PK02,AG03,2,1,480,0.0,Canceled,Card
BK-2025-02517,2025-07-04,2025-10-24,C03096,PK14,AG06,2,2,5185,0.0,Completed,Bank Transfer
BK-2025-02518,2025-07-04,2025-09-03,C04055,PK08,AG03,1,0,1495,0.15,Completed,PayPal
BK-2025-02519,2025-07-04,2025-08-20,C04190,PK14,AG01,2,2,5185,0.0,Completed,Bank Transfer
BK-2025-02520,2025-07-04,2025-11-27,C04215,PK08,AG06,9,0,1300,0.1,Cancelled,PayPal
BK-2025-02521,2025-07-04,2025-08-20,C04361,PK05,AG13,5,0,985,0.15,Completed,PayPal
BK-2025-02522,2025-07-04,2026-01-05,C04455,PK13,AG08,2,0,8200,0.1,Cancelled,Bank Transfer
BK-2025-02523,2025-07-04,2025-08-13,C04535,PK03,AG02,7,0,685,0.1,Cancelled,Card
BK-2025-02524,2025-07-04,2025-08-05,C05294,PK07,AG13,11,0,2975,0.0,Completed,Card
BK-2025-02525,2025-07-04,2025-10-08,C05574,PK09,AG12,8,0,3290,0.1,Completed,Card
BK-2025-02526,2025-07-04,2025-07-30,C05629,PK06,AG11,2,0,1580,0.05,Completed,Card
BK-2025-02527,2025-07-04,2025-12-21,C05640,PK15,AG00,2,0,4935,0.0,Completed,Card
BK-2025-02528,2025-07-04,2025-08-11,C06056,PK03,AG04,2,1,685,0.0,Cancelled,PayPal
BK-2025-02529,2025-07-04,2025-08-21,C06363,PK14,AG02,2,0,5185,0.05,Completed,Card
BK-2025-02530,2025-07-04,2025-08-20,C06432,PK06,AG00,8,0,1580,0.1,Completed,Card
BK-2025-02531,2025-07-05,2025-09-13,C00726,PK06,AG00,2,0,1580,0.05,Completed,Bank Transfer
BK-2025-02532,2025-07-05,2025-12-24,C01538,PK10,AG07,2,1,1125,0.0,Completed,Bank Transfer
BK-2025-02533,2025-07-05,2025-08-01,C02707,PK07,AG04,2,0,2975,0.0,Completed,Bank Transfer
BK-2025-02534,2025-07-05,2025-09-06,C03163,PK10,AG06,2,3,1125,0.0,Completed,PayPal
BK-2025-02535,2025-07-05,2026-02-13,C03229,PK13,AG00,6,0,7130,0.1,Completed,Card
BK-2025-02536,2025-07-05,2025-08-02,C03632,PK05,AG02,2,0,985,,Completed,Bank Transfer
BK-2025-02537,2025-07-05,2025-09-04,C03905,PK02,AG09,1,0,480,0.0,Completed,M-Pesa
BK-2025-02538,2025-07-05,2025-08-13,C04029,PK12,AG03,5,0,6070,0.05,Canceled,Bank Transfer
BK-2025-02539,2025-07-05,2026-04-09,C04275,PK18,AG03,9,0,5980,0.0,Completed,PayPal
BK-2025-02540,2025-07-05,2025-09-20,C04505,PK16,AG00,2,0,5820,0.0,Completed,M-Pesa
BK-2025-02541,2025-07-05,2025-07-17,C05004,PK08,AG00,2,0,1495,0.1,Completed,Card
BK-2025-02542,2025-07-05,2025-09-03,C05031,PK03,AG03,2,0,685,0.05,Cancelled,Card
BK-2025-02543,2025-07-05,2025-10-09,C05752,PK13,AG00,2,2,7845,0.1,Completed,Bank Transfer
BK-2025-02544,2025-07-05,2025-08-08,C06049,PK03,AG02,2,1,685,0.0,Completed,Bank Transfer
BK-2025-02545,2025-07-05,2025-08-01,C06204,PK01,AG08,2,1,530,0.0,Completed,Card
BK-2025-02546,2025-07-05,2026-03-28,C06375,PK16,AG09,2,2,5290,0.1,Completed,Bank Transfer
BK-2025-02547,2025-07-06,2026-01-26,C00215,PK15,AG11,1,0,5160,0.05,Canceled,Card
BK-2025-02548,2025-07-06,2025-08-22,C00367,PK07,AG02,1,0,2975,0.0,Completed ,Bank Transfer
BK-2025-02549,2025-07-06,2026-06-19,C00744,PK13,AG00,2,0,7130,0.0,Completed,Card
BK-2025-02550,2025-07-06,2025-08-06,C00907,PK06,AG03,1,0,1580,0.05,Completed,Card
BK-2025-02551,2025-07-06,2025-08-05,C01136,PK09,AG00,2,3,3290,0.05,Completed,PayPal
BK-2025-02552,2025-07-06,2025-09-13,C01255,PK14,AG05,8,0,5185,0.0,Completed,Bank Transfer
BK-2025-02553,2025-07-06,2025-08-21,C01347,PK02,AG07,1,0,480,0.0,Completed,Bank Transfer
BK-2025-02554,2025-07-06,2025-07-22,C01534,PK03,AG00,2,0,685,0.1,Completed,Bank Transfer
BK-2025-02555,2025-07-06,2025-07-16,C01895,PK04,AG05,1,0,630,0.0,Completed,Bank Transfer
BK-2025-02556,2025-07-06,2025-09-15,C01942,PK04,AG09,1,0,630,0.05,Completed,PayPal
BK-2025-02557,2025-07-06,2025-09-02,C02386,PK07,AG11,6,0,2975,0.1,Completed,M-Pesa
BK-2025-02558,2025-07-06,2025-07-19,C02479,PK03,AG00,1,0,685,0.05,Completed,Card
BK-2025-02559,2025-07-06,2025-08-20,C02552,PK15,AG00,2,0,4935,0.0,Completed,Card
BK-2025-02560,2025-07-06,2025-08-06,C02807,PK02,AG00,1,0,480,0.1,Canceled,Bank Transfer
BK-2025-02561,2025-07-06,2025-08-05,C02901,PK07,AG00,9,0,2975,0.15,Completed,Bank Transfer
BK-2025-02562,2025-07-06,2025-09-06,C03022,PK05,AG08,2,3,985,0.0,Completed,Card
BK-2025-02563,2025-07-06,2025-09-29,C03618,PK18,AG02,2,0,6580,0.0,Completed,Bank Transfer
BK-2025-02564,2025-07-06,2025-08-26,C03679,PK09,AG03,2,0,3290,0.0,COMPLETED,Card
BK-2025-02565,2025-07-06,2025-08-25,C03863,PK03,AG03,1,0,685,0.0,Canceled,M-Pesa
BK-2025-02566,2025-07-06,2025-09-08,C04385,PK06,AG00,2,2,1580,,Completed,Bank Transfer
BK-2025-02567,2025-07-06,2025-10-03,C05024,PK06,AG00,8,0,1580,0.1,Completed,Card
BK-2025-02568,2025-07-06,2025-08-08,C05439,PK06,AG09,2,0,1580,0.0,Completed,Card
BK-2025-02569,2025-07-06,2025-07-19,C05730,PK01,AG11,2,0,530,0.0,Completed,Card
BK-2025-02570,2025-07-06,2025-08-02,C06123,PK06,AG02,2,0,1580,0.0,Completed,PayPal
BK-2025-02571,2025-07-06,2025-07-27,C06211,PK05,AG01,2,2,985,0.0,Completed,M-Pesa
BK-2025-02572,2025-07-07,2025-10-19,C00160,PK14,AG00,1,0,5185,0.0,Completed,M-Pesa
BK-2025-02573,2025-07-07,2026-03-21,C00354,PK18,AG01,3,0,5980,0.0,Completed,Bank Transfer
BK-2025-02574,2025-07-07,2025-08-20,C00584,PK05,AG02,2,3,985,0.0,Completed,Bank Transfer
BK-2025-02575,2025-07-07,2025-09-19,C01326,PK14,AG00,6,0,5185,0.1,Completed,Bank Transfer
BK-2025-02576,2025-07-07,2025-09-01,C01348,PK05,AG00,2,2,985,0.0,Completed,M-Pesa
BK-2025-02577,2025-07-07,2025-10-01,C01482,PK12,AG00,2,3,6070,0.0,Completed,Card
BK-2025-02578,2025-07-07,2025-09-30,C01571,PK09,AG10,2,3,3290,0.0,Completed,PayPal
BK-2025-02579,2025-07-07,2025-08-27,C02011,PK05,AG00,9,0,985,0.0,Completed,Bank Transfer
BK-2025-02580,2025-07-07,2025-07-14,C02068,PK02,AG00,6,0,480,0.0,Completed,Card
BK-2025-02581,2025-07-07,2025-07-19,C02858,PK04,AG00,2,0,630,0.0,Completed,M-Pesa
BK-2025-02582,2025-07-07,2025-09-14,C03256,PK12,AG13,10,0,6070,0.1,Completed,Bank Transfer
BK-2025-02583,2025-07-07,2025-08-03,C03423,PK03,AG03,2,0,685,0.15,Completed,M-Pesa
BK-2025-02584,2025-07-07,2025-07-29,C04174,PK01,AG02,5,0,530,0.1,Completed,PayPal
BK-2025-02585,2025-07-07,2025-09-07,C04269,PK08,AG02,2,1,1495,0.0,Completed,Card
BK-2025-02586,2025-07-07,2026-01-26,C04270,PK15,AG00,2,0,5160,0.05,Completed,Bank Transfer
BK-2025-02587,2025-07-07,2025-11-26,C04555,PK07,AG06,6,0,2585,0.1,Completed,Card
BK-2025-02588,2025-07-07,2025-09-21,C05515,PK08,AG00,2,0,1495,0.0,Completed,Bank Transfer
BK-2025-02589,2025-07-07,2025-07-18,C05710,PK06,AG00,2,0,1580,0.05,Completed,Card
BK-2025-02590,2025-07-07,2025-11-11,C05894,PK16,AG04,8,0,5060,0.0,Completed,M-Pesa
BK-2025-02591,2025-07-07,2025-08-04,C06101,PK03,AG00,2,0,685,0.0,Completed,Card
BK-2025-02592,2025-07-07,2025-08-27,C06131,PK06,AG02,1,0,1580,0.0,Completed,Card
BK-2025-02593,2025-07-07,2025-09-06,C06299,PK05,AG05,2,0,985,0.0,Completed,Bank Transfer
BK-2025-02594,2025-07-08,2025-08-08,C00524,PK02,AG04,1,0,480,0.05,Completed,Card
BK-2025-02595,2025-07-08,2025-10-29,C00717,PK15,AG08,2,0,4935,0.05,Completed,M-Pesa
BK-2025-02596,2025-07-08,2025-08-07,C00780,PK01,AG04,2,0,530,0.0,Completed,Card
BK-2025-02597,2025-07-08,2025-09-01,C00852,PK12,AG00,2,0,6070,0.0,Completed,Card
BK-2025-02598,2025-07-08,2025-08-05,C01404,PK07,AG07,1,0,2975,0.0,completed,Card
BK-2025-02599,2025-07-08,2025-08-21,C01574,PK16,AG06,5,0,5820,0.1,Completed,M-Pesa
BK-2025-02600,2025-07-08,2025-08-28,C01745,PK01,AG00,1,0,530,0.05,Completed,Bank Transfer
BK-2025-02601,2025-07-08,2025-09-27,C01956,PK14,AG02,7,0,5185,0.0,Completed,Card
BK-2025-02602,2025-07-08,2025-09-04,C02224,PK03,AG02,1,0,685,0.05,Completed,M-Pesa
BK-2025-02603,2025-07-08,2025-07-30,C02274,PK06,AG06,1,0,1580,0.05,Completed,Bank Transfer
BK-2025-02604,2025-07-08,2025-07-30,C03072,PK12,AG03,1,0,6070,0.05,Completed,Bank Transfer
BK-2025-02605,2025-07-08,2025-08-18,C04061,PK06,AG00,2,0,1580,0.0,Completed,Card
BK-2025-02606,2025-07-08,2025-10-08,C05675,PK07,AG06,1,0,2975,,Completed,Card
BK-2025-02607,2025-07-08,2025-07-16,C05938,PK03,AG05,1,0,685,0.0,Completed,Card
BK-2025-02608,2025-07-08,2025-08-13,C06211,PK09,AG03,2,2,3290,0.05,Completed,Card
BK-2025-02609,2025-07-09,2026-02-19,C00178,PK08,AG00,1,0,1355,0.05,Cancelled,Bank Transfer
BK-2025-02610,2025-07-09,2025-08-06,C00309,PK11,AG13,7,0,4935,0.1,Cancelled,Bank Transfer
BK-2025-02611,2025-07-09,2025-08-05,C01728,PK01,AG03,2,0,530,0.1,Cancelled,M-Pesa
BK-2025-02612,2025-07-09,2025-08-19,C01913,PK05,AG02,2,0,985,0.0,Cancelled,Card
BK-2025-02613,2025-07-09,2025-08-15,C02399,PK07,AG00,12,0,2975,0.0,Completed,M-Pesa
BK-2025-02614,2025-07-09,2025-08-19,C02602,PK12,AG04,2,0,6070,0.0,Completed,Card
BK-2025-02615,2025-07-09,2025-08-05,C02960,PK05,AG08,2,0,985,0.0,Completed,Card
BK-2025-02616,2025-07-09,2025-08-10,C03378,PK04,AG00,1,0,630,,Cancelled,Bank Transfer
BK-2025-02617,2025-07-09,2025-08-03,C03502,PK02,AG04,2,0,480,0.0,Completed,PayPal
BK-2025-02618,2025-07-09,2025-08-26,C03562,PK09,AG03,2,0,3290,0.0,Completed,Card
BK-2025-02619,2025-07-09,2025-08-02,C03721,PK09,AG00,2,2,3290,0.0,Completed,Card
BK-2025-02620,2025-07-09,2025-10-10,C04015,PK18,AG00,2,1,6580,0.0,Completed,Bank Transfer
BK-2025-02621,2025-07-09,2026-02-17,C04801,PK12,AG04,1,0,5520,0.05,Completed,Card
BK-2025-02622,2025-07-09,2026-05-31,C05339,PK12,AG03,2,2,5520,0.0,Completed,Card
BK-2025-02623,2025-07-09,2025-07-17,C05905,PK01,AG02,8,0,530,0.0,Completed,Card
BK-2025-02624,2025-07-09,2025-08-04,C06340,PK01,AG00,3,0,530,0.0,Completed,M-Pesa
BK-2025-02625,2025-07-09,2025-07-12,C06384,PK02,AG09,2,0,480,0.0,Completed,Card
BK-2025-02626,2025-07-09,2025-08-14,C06397,PK06,AG00,1,0,1580,0.0,Completed,Bank Transfer
BK-2025-02627,2025-07-09,2025-08-21,C06435,PK05,AG00,2,2,985,0.1,Completed,PayPal
BK-2025-02628,2025-07-09,2025-12-25,C06445,PK18,AG00,2,1,6580,0.0,Completed,M-Pesa
BK-2025-02629,2025-07-10,2025-09-02,C00088,PK06,AG00,8,0,1580,0.1,completed,Bank Transfer
BK-2025-02630,2025-07-10,2025-09-04,C00279,PK09,AG05,2,1,3290,0.0,Completed,Bank Transfer
BK-2025-02631,2025-07-10,2025-08-18,C00341,PK02,AG00,2,0,480,0.0,Completed,Card
BK-2025-02632,2025-07-10,2025-07-22,C00523,PK09,AG04,2,0,3290,0.0,Completed,Card
BK-2025-02633,2025-07-10,2025-08-01,C00719,PK01,AG00,4,0,530,0.05,Completed,Card
BK-2025-02634,2025-07-10,2025-07-22,C00913,PK10,AG00,2,2,1125,0.0,Completed,PayPal
BK-2025-02635,2025-07-10,2025-09-20,C01999,PK18,AG00,2,1,6580,0.0,Completed,Card
BK-2025-02636,2025-07-10,2025-08-21,C02117,PK07,AG13,9,0,2975,0.1,Completed,Card
BK-2025-02637,2025-07-10,2025-08-17,C02127,PK06,AG04,2,2,1580,0.0,Completed,Bank Transfer
BK-2025-02638,2025-07-10,2025-10-22,C02407,PK06,AG08,1,0,1580,0.05,COMPLETED,Card
BK-2025-02639,2025-07-10,2025-08-24,C03094,PK01,AG05,2,0,530,0.0,Completed,Card
BK-2025-02640,2025-07-10,2025-07-30,C03403,PK01,AG01,2,0,530,0.0,Completed,Card
BK-2025-02641,2025-07-10,2025-12-14,C03609,PK17,AG11,2,0,12395,0.1,Completed,Bank Transfer
BK-2025-02642,2025-07-10,2025-08-12,C03776,PK01,AG04,4,0,530,0.0,Completed,Bank Transfer
BK-2025-02643,2025-07-10,2025-10-29,C03865,PK16,AG04,2,1,5820,0.15,Canceled,M-Pesa
BK-2025-02644,2025-07-10,2025-08-22,C04061,PK01,AG11,2,0,530,0.1,Completed,M-Pesa
BK-2025-02645,2025-07-10,2025-09-07,C04320,PK16,AG00,1,0,5820,0.15,Cancelled,Card
BK-2025-02646,2025-07-10,2025-08-15,C04687,PK04,AG00,5,0,630,0.1,Completed,M-Pesa
BK-2025-02647,2025-07-10,2025-08-30,C05374,PK04,AG04,8,0,630,0.1,Completed,M-Pesa
BK-2025-02648,2025-07-10,2025-08-01,C05724,PK01,AG03,1,0,530,0.0,Completed,M-Pesa
BK-2025-02649,2025-07-10,2025-08-14,C06365,PK09,AG00,1,0,3290,0.0,Completed,Bank Transfer
BK-2025-02650,2025-07-11,2025-08-03,C01223,PK09,AG00,4,0,3290,0.1,Completed,Card
BK-2025-02651,2025-07-11,2025-09-25,C01344,PK12,AG08,2,2,6070,0.05,Completed,Card
BK-2025-02652,2025-07-11,2025-10-16,C01381,PK18,AG03,2,0,6580,,Completed,M-Pesa
BK-2025-02653,2025-07-11,2025-12-09,C02163,PK18,AG00,1,0,6580,0.0,Completed,Bank Transfer
BK-2025-02654,2025-07-11,2025-08-12,C02192,PK03,AG00,2,0,685,0.05,Completed,Card
BK-2025-02655,2025-07-11,2025-08-25,C02511,PK08,AG04,2,0,1495,0.0,Completed,Card
BK-2025-02656,2025-07-11,2025-07-31,C02614,PK03,AG02,6,0,685,0.0,Cancelled,Card
BK-2025-02657,2025-07-11,2025-08-07,C02631,PK06,AG02,2,0,1580,0.0,Completed,Bank Transfer
BK-2025-02658,2025-07-11,2025-08-17,C02796,PK11,AG10,3,0,4935,0.0,Completed,Bank Transfer
BK-2025-02659,2025-07-11,2025-07-27,C03095,PK08,AG05,2,0,1495,0.1,Completed,Card
BK-2025-02660,2025-07-11,2025-08-16,C03313,PK05,AG05,2,3,985,0.0,Completed,Bank Transfer
BK-2025-02661,2025-07-11,2025-10-03,C03515,PK18,AG03,2,0,6580,0.1,Cancelled,Card
BK-2025-02662,2025-07-11,2025-10-26,C04105,PK12,AG07,2,0,6070,0.15,Cancelled,Bank Transfer
BK-2025-02663,2025-07-11,2025-08-12,C04154,PK13,AG00,2,0,7845,0.0,Completed,Bank Transfer
BK-2025-02664,2025-07-11,2025-11-06,C04310,PK08,AG04,2,0,1300,0.05,Completed,M-Pesa
BK-2025-02665,2025-07-11,2025-07-24,C05958,PK04,AG00,2,1,630,0.0,Completed,Card
BK-2025-02666,2025-07-11,2025-08-01,C05969,PK05,AG02,2,0,985,0.0,Completed,PayPal
BK-2025-02667,2025-07-11,2025-08-11,C06292,PK01,AG09,2,0,530,0.1,Completed,M-Pesa
BK-2025-02668,2025-07-11,2025-09-23,C06308,PK09,AG00,2,2,3290,0.0,Completed,Bank Transfer
BK-2025-02669,2025-07-12,2025-09-06,C00325,PK14,AG00,1,0,5185,0.0,Completed,Card
BK-2025-02670,2025-07-12,2025-08-23,C00509,PK01,AG04,5,0,530,0.1,Completed,Bank Transfer
BK-2025-02671,2025-07-12,2025-10-29,C00754,PK07,AG03,2,1,2975,0.0,Completed,Bank Transfer
BK-2025-02672,2025-07-12,2025-07-31,C00932,PK02,AG03,2,1,480,0.0,Completed,Bank Transfer
BK-2025-02673,2025-07-12,2025-08-01,C01112,PK10,AG05,2,2,1125,0.1,Completed,PayPal
BK-2025-02674,2025-07-12,2026-09-22,C01304,PK18,AG02,2,0,6875,0.0,Confirmed,Card
BK-2025-02675,2025-07-12,2025-07-20,C02025,PK01,AG07,2,2,530,0.0,Completed,PayPal
BK-2025-02676,2025-07-12,2025-08-06,C02114,PK01,AG03,2,1,530,0.15,Completed,M-Pesa
BK-2025-02677,2025-07-12,2026-06-04,C02126,PK12,AG00,2,3,5520,0.15,Completed,Bank Transfer
BK-2025-02678,2025-07-12,2025-12-05,C02889,PK14,AG00,2,1,5185,0.0,Cancelled,Bank Transfer
BK-2025-02679,2025-07-12,2025-12-13,C03104,PK14,AG00,2,3,5185,0.1,Completed,Bank Transfer
BK-2025-02680,2025-07-12,2025-07-15,C03149,PK13,AG02,8,0,7845,0.1,Completed,Card
BK-2025-02681,2025-07-12,2025-07-28,C03526,PK10,AG09,5,0,1125,0.05,Completed,Bank Transfer
BK-2025-02682,2025-07-12,2025-09-12,C03718,PK06,AG04,2,2,1580,0.05,Completed,Card
BK-2025-02683,2025-07-12,2025-07-21,C03821,PK18,AG03,2,0,6580,0.1,Completed,Card
BK-2025-02684,2025-07-12,2025-07-27,C04244,PK01,AG07,1,0,530,0.0,Completed,Bank Transfer
BK-2025-02685,2025-07-12,2025-08-04,C04383,PK01,AG07,9,0,530,0.1,Completed,Bank Transfer
BK-2025-02686,2025-07-12,2025-07-19,C04395,PK03,AG00,2,2,685,0.0,Completed,M-Pesa
BK-2025-02687,2025-07-12,2025-08-02,C05074,PK03,AG04,2,3,685,0.05,Completed,Bank Transfer
BK-2025-02688,2025-07-12,2025-12-07,C05205,PK09,AG01,1,0,3290,,COMPLETED,Bank Transfer
BK-2025-02689,2025-07-12,2025-08-12,C05210,PK02,AG05,2,1,480,0.0,COMPLETED,PayPal
BK-2025-02690,2025-07-12,2025-08-11,C05745,PK13,AG03,2,0,7845,0.1,Completed,PayPal
BK-2025-02691,2025-07-12,2025-08-15,C05771,PK04,AG02,2,0,630,0.0,Completed,Card
BK-2025-02692,2025-07-12,2025-08-05,C06136,PK03,AG03,9,0,685,0.1,Completed,Card
BK-2025-02693,2025-07-12,2025-12-03,C06151,PK09,AG00,2,1,3290,0.15,Completed,PayPal
BK-2025-02694,2025-07-12,2025-08-19,C06277,PK13,AG12,3,0,7845,0.05,Completed,Card
BK-2025-02695,2025-07-12,2026-03-16,C06319,PK16,AG02,2,3,5290,0.05,Completed,Bank Transfer
BK-2025-02696,2025-07-13,2025-08-09,C00012,PK05,AG02,2,0,985,0.0,Completed,M-Pesa
BK-2025-02697,2025-07-13,2025-07-21,C00095,PK04,AG09,2,0,630,0.0,Completed,M-Pesa
BK-2025-02698,2025-07-13,2025-09-05,C00236,PK03,AG00,2,2,685,0.0,Completed,Card
BK-2025-02699,2025-07-13,2025-08-18,C00331,PK01,AG01,1,0,530,,Completed,Card
BK-2025-02700,2025-07-13,2025-12-30,C00390,PK12,AG04,2,3,6070,0.1,Completed,Bank Transfer
BK-2025-02701,2025-07-13,2025-07-19,C00433,PK03,AG04,7,0,685,0.0,Completed,M-Pesa
BK-2025-02702,2025-07-13,2025-10-23,C01023,PK02,AG04,2,2,480,0.0,Completed,Card
BK-2025-02703,2025-07-13,2025-07-30,C01534,PK01,AG04,2,0,530,0.05,COMPLETED,M-Pesa
BK-2025-02704,2025-07-13,2025-08-15,C02374,PK01,AG02,2,0,530,0.0,Completed,Card
BK-2025-02705,2025-07-13,2026-02-13,C02511,PK17,AG00,2,0,11270,0.0,Completed,Card
BK-2025-02706,2025-07-13,2025-08-15,C03119,PK06,AG00,2,3,1580,0.0,Cancelled,Bank Transfer
BK-2025-02707,2025-07-13,2026-02-10,C03216,PK12,AG00,2,0,5520,0.0,Completed,M-Pesa
BK-2025-02708,2025-07-13,2026-01-17,C03270,PK12,AG00,2,0,6350,0.0,Completed,Card
BK-2025-02709,2025-07-13,2025-08-24,C03273,PK13,AG00,2,0,7845,0.05,Completed,Card
BK-2025-02710,2025-07-13,2025-09-06,C03599,PK06,AG07,2,0,1580,0.05,Completed,Bank Transfer
BK-2025-02711,2025-07-13,2025-09-14,C03921,PK07,AG11,2,0,2975,0.05,Completed,PayPal
BK-2025-02712,2025-07-13,2025-08-24,C04387,PK17,AG13,7,0,12395,0.1,Completed,Bank Transfer
BK-2025-02713,2025-07-13,2025-11-27,C04440,PK14,AG00,2,0,4510,0.0,Cancelled,Bank Transfer
BK-2025-02714,2025-07-13,2025-08-06,C04440,PK09,AG04,2,0,3290,0.0,Completed,Card
BK-2025-02715,2025-07-13,2025-08-12,C05004,PK10,AG00,2,0,1125,0.0,Completed,Card
BK-2025-02716,2025-07-13,2025-10-18,C05105,PK17,AG04,1,0,12395,0.05,Completed,Bank Transfer
BK-2025-02717,2025-07-13,2025-08-02,C05267,PK06,AG00,2,0,1580,0.1,Completed,M-Pesa
BK-2025-02718,2025-07-13,2025-10-09,C05674,PK11,AG06,2,2,4935,0.0,Completed,Card
BK-2025-02719,2025-07-13,2025-08-18,C06002,PK09,AG09,1,0,3290,0.0,Completed,PayPal
BK-2025-02720,2025-07-13,2025-07-23,C06358,PK04,AG00,2,3,630,0.05,Completed,Card
BK-2025-02721,2025-07-14,2025-09-17,C00229,PK16,AG06,2,0,5820,0.0,Completed,Card
BK-2025-02722,2025-07-14,2025-08-28,C00465,PK02,AG11,8,0,480,0.0,Completed,PayPal
BK-2025-02723,2025-07-14,2025-10-30,C01735,PK18,AG11,7,0,6580,0.1,Completed,Card
BK-2025-02724,2025-07-14,2025-08-08,C01892,PK13,AG05,4,0,7845,0.0,Completed,Card
BK-2025-02725,2025-07-14,2025-08-20,C02008,PK08,AG00,2,1,1495,0.0,Completed,Card
BK-2025-02726,2025-07-14,2025-09-14,C02491,PK12,AG04,2,0,6070,0.0,Completed,Card
BK-2025-02727,2025-07-14,2025-10-06,C02657,PK06,AG03,1,0,1580,0.1,Completed,M-Pesa
BK-2025-02728,2025-07-14,2025-08-12,C02925,PK03,AG00,6,0,685,0.05,Completed,Card
BK-2025-02729,2025-07-14,2025-08-11,C03316,PK03,AG00,1,0,685,0.05,COMPLETED,Card
BK-2025-02730,2025-07-14,2025-07-25,C03602,PK10,AG03,6,0,1125,0.1,Completed,Bank Transfer
BK-2025-02731,2025-07-14,2025-10-02,C04263,PK07,AG01,2,2,2975,0.0,Cancelled,Card
BK-2025-02732,2025-07-14,2025-09-17,C04782,PK08,AG00,2,0,1495,0.0,Completed,Bank Transfer
BK-2025-02733,2025-07-14,2025-08-15,C05045,PK09,AG03,2,0,3290,0.05,Completed,Bank Transfer
BK-2025-02734,2025-07-14,2025-10-07,C05495,PK12,AG00,1,0,6070,0.0,Completed,M-Pesa
BK-2025-02735,2025-07-14,2025-08-14,C05638,PK06,AG08,2,0,1580,0.0,Completed,Card
BK-2025-02736,2025-07-14,2025-09-07,C05657,PK11,AG00,2,0,4935,0.0,Completed,Bank Transfer
BK-2025-02737,2025-07-14,2025-08-22,C05986,PK16,AG06,2,2,5820,0.0,Completed,Card
BK-2025-02738,2025-07-14,2026-05-08,C06276,PK18,AG00,2,0,5980,0.05,completed,Bank Transfer
BK-2025-02739,2025-07-14,2025-08-31,C06370,PK12,AG00,2,0,6070,0.15,Completed,Card
BK-2025-02740,2025-07-15,2025-08-18,C00309,PK02,AG12,9,0,480,0.1,Completed,M-Pesa
BK-2025-02741,2025-07-15,2025-08-16,C00682,PK09,AG09,2,2,3290,0.05,Completed,Bank Transfer
BK-2025-02742,2025-07-15,2025-07-30,C01118,PK01,AG13,5,0,530,0.0,COMPLETED,Card
BK-2025-02743,2025-07-15,2025-08-23,C01541,PK06,AG00,5,0,1580,0.1,Completed,PayPal
BK-2025-02744,2025-07-15,2025-08-11,C02324,PK09,AG02,2,3,3290,0.0,Completed,Card
BK-2025-02745,2025-07-15,2025-08-27,C02439,PK09,AG02,1,0,3290,0.0,Cancelled,Bank Transfer
BK-2025-02746,2025-07-15,2025-09-12,C02615,PK13,AG03,2,2,7845,0.05,Completed,Card
BK-2025-02747,2025-07-15,2025-08-02,C02648,PK04,AG03,2,0,630,0.05,Cancelled,Card
BK-2025-02748,2025-07-15,2025-08-14,C02989,PK13,AG02,2,3,7845,0.05,Completed,M-Pesa
BK-2025-02749,2025-07-15,2025-08-15,C03316,PK02,AG00,1,0,480,0.0,Completed,Bank Transfer
BK-2025-02750,2025-07-15,2025-09-01,C03453,PK01,AG00,2,0,530,0.05,Completed,Card
BK-2025-02751,2025-07-15,2025-08-09,C03733,PK09,AG09,2,0,3290,0.0,Completed,Card
BK-2025-02752,2025-07-15,2025-10-07,C04413,PK06,AG03,2,0,1580,0.05,Completed,Card
BK-2025-02753,2025-07-15,2025-11-19,C05069,PK06,AG04,1,0,1375,0.15,Completed,Card
BK-2025-02754,2025-07-15,2025-09-03,C05100,PK07,AG00,2,0,2975,0.0,Completed,Bank Transfer
BK-2025-02755,2025-07-15,2025-08-28,C05328,PK13,AG00,2,2,7845,0.05,Cancelled,M-Pesa
BK-2025-02756,2025-07-15,2025-09-18,C05706,PK06,AG05,1,0,1580,0.05,Completed,Bank Transfer
BK-2025-02757,2025-07-15,2025-08-18,C05733,PK12,AG02,2,0,6070,0.0,Completed,Card
BK-2025-02758,2025-07-15,2025-08-27,C05922,PK09,AG04,2,0,3290,0.0,Completed,Card
BK-2025-02759,2025-07-15,2025-09-14,C06021,PK01,AG11,2,0,530,0.0,Completed,Bank Transfer
BK-2025-02760,2025-07-15,2025-08-15,C06210,PK10,AG07,2,0,1125,0.05,completed,Card
BK-2025-02761,2025-07-16,2026-02-24,C00851,PK12,AG01,2,3,5520,0.0,Completed,Bank Transfer
BK-2025-02762,2025-07-16,2025-08-10,C01021,PK10,AG06,1,0,1125,0.0,Completed ,M-Pesa
BK-2025-02763,2025-07-16,2025-09-24,C01334,PK05,AG00,2,1,985,0.0,Completed,Bank Transfer
BK-2025-02764,2025-07-16,2025-11-11,C01883,PK18,AG09,2,1,5720,0.0,Completed,Card
BK-2025-02765,2025-07-16,2025-08-10,C01982,PK07,AG08,1,0,2975,0.0,Completed,M-Pesa
BK-2025-02766,2025-07-16,2025-12-11,C02237,PK13,AG09,1,0,7845,0.0,Completed,PayPal
BK-2025-02767,2025-07-16,2025-09-09,C02436,PK05,AG11,2,0,985,0.0,Canceled,Bank Transfer
BK-2025-02768,2025-07-16,2025-07-23,C02635,PK08,AG04,2,0,1495,0.05,Completed,Bank Transfer
BK-2025-02769,2025-07-16,2025-07-19,C02660,PK06,AG01,2,0,1580,0.05,Completed,Card
BK-2025-02770,2025-07-16,2025-09-08,C03090,PK13,AG11,2,1,7845,0.1,Completed,Bank Transfer
BK-2025-02771,2025-07-16,2025-09-29,C03196,PK13,AG00,2,3,7845,0.0,Completed,Card
BK-2025-02772,2025-07-16,2025-08-21,C03240,PK05,AG10,2,0,985,0.0,Completed,Card
BK-2025-02773,2025-07-16,2025-08-30,C03514,PK03,AG05,1,0,685,0.05,Completed,Card
BK-2025-02774,2025-07-16,2025-07-24,C04792,PK01,AG02,1,0,530,0.05,Completed,M-Pesa
BK-2025-02775,2025-07-16,2025-07-21,C04814,PK02,AG03,2,3,480,0.05,Completed,Card
BK-2025-02776,2025-07-16,2025-08-22,C04940,PK01,AG05,2,0,530,0.0,Completed,Card
BK-2025-02777,2025-07-16,2025-11-04,C05027,PK01,AG02,2,3,460,0.15,Completed,Bank Transfer
BK-2025-02778,2025-07-16,2025-10-09,C05150,PK10,AG00,2,0,1125,0.0,Completed,Bank Transfer
BK-2025-02779,2025-07-16,2025-09-06,C05439,PK03,AG09,2,0,685,0.0,Completed,PayPal
BK-2025-02780,2025-07-16,2025-08-13,C05518,PK06,AG00,7,0,1580,0.1,Completed,Card
BK-2025-02781,2025-07-16,2025-10-10,C05746,PK15,AG06,9,0,4935,0.1,Completed,Card
BK-2025-02782,2025-07-16,2025-08-25,C05900,PK10,AG10,1,0,1125,0.05,COMPLETED,M-Pesa
BK-2025-02783,2025-07-17,2025-08-26,C00210,PK04,AG00,2,0,630,0.1,Completed,Bank Transfer
BK-2025-02784,2025-07-17,2025-09-20,C00504,PK07,AG00,6,0,2975,,Completed,Bank Transfer
BK-2025-02785,2025-07-17,2025-09-30,C01331,PK09,AG03,1,0,3290,,Completed,Card
BK-2025-02786,2025-07-17,2025-11-27,C01341,PK15,AG09,2,0,4290,0.0,Canceled,Card
BK-2025-02787,2025-07-17,2026-01-30,C02243,PK18,AG00,2,2,6875,0.05,COMPLETED,Card
BK-2025-02788,2025-07-17,2025-08-09,C02363,PK01,AG04,2,0,530,0.15,Completed,Bank Transfer
BK-2025-02789,2025-07-17,2025-09-24,C02368,PK15,AG00,6,0,4935,0.1,Completed,Bank Transfer
BK-2025-02790,2025-07-17,2026-02-03,C02550,PK12,AG00,2,0,5520,0.0,Completed,Bank Transfer
BK-2025-02791,2025-07-17,2025-08-21,C02751,PK09,AG00,1,0,3290,0.0,Completed,Bank Transfer
BK-2025-02792,2025-07-17,2025-09-04,C04396,PK06,AG03,7,0,1580,0.1,Cancelled,Card
BK-2025-02793,2025-07-17,2025-09-29,C05382,PK02,AG00,2,0,480,0.0,Completed,Card
BK-2025-02794,2025-07-17,2025-08-11,C05597,PK03,AG03,6,0,685,0.05,Completed,Bank Transfer
BK-2025-02795,2025-07-17,2025-07-29,C05892,PK02,AG03,2,0,480,0.0,Completed,Bank Transfer
BK-2025-02796,2025-07-17,2025-09-02,C06250,PK03,AG00,1,0,685,0.05,Completed,PayPal
BK-2025-02797,2025-07-18,2025-08-29,C00351,PK01,AG00,5,0,530,0.1,Cancelled,Card
BK-2025-02798,2025-07-18,2025-08-29,C00415,PK07,AG06,2,0,2975,0.05,Completed,M-Pesa
BK-2025-02799,2025-07-18,2025-08-19,C00559,PK03,AG07,2,1,685,0.05,Completed,Bank Transfer
BK-2025-02800,2025-07-18,2025-08-25,C00625,PK13,AG02,2,3,7845,0.0,Completed,Card
BK-2025-02801,2025-07-18,2025-12-07,C01155,PK12,AG09,2,0,6070,0.0,Completed,Bank Transfer
BK-2025-02802,2025-07-18,2025-08-19,C01341,PK18,AG09,2,0,6580,0.0,Completed,Bank Transfer
BK-2025-02803,2025-07-18,2025-09-04,C01563,PK16,AG03,2,0,5820,0.0,Completed ,Bank Transfer
BK-2025-02804,2025-07-18,2025-08-30,C01587,PK03,AG05,2,0,685,0.0,Completed,Card
BK-2025-02805,2025-07-18,2025-11-19,C01690,PK17,AG03,2,1,10780,0.0,Completed,PayPal
BK-2025-02806,2025-07-18,2025-08-03,C01921,PK11,AG02,2,0,4935,0.05,Cancelled,Card
BK-2025-02807,2025-07-18,2025-07-26,C02556,PK01,AG03,1,0,530,0.0,Completed,PayPal
BK-2025-02808,2025-07-18,2025-11-25,C02878,PK12,AG06,2,0,5280,0.1,Completed,PayPal
BK-2025-02809,2025-07-18,2025-09-02,C02883,PK12,AG02,2,3,6070,0.0,Completed,Card
BK-2025-02810,2025-07-18,2025-07-24,C03232,PK11,AG00,2,3,4935,0.0,Canceled,Bank Transfer
BK-2025-02811,2025-07-18,2025-10-06,C03338,PK17,AG04,2,0,12395,0.0,Cancelled,Bank Transfer
BK-2025-02812,2025-07-18,2025-08-29,C03396,PK02,AG04,2,0,480,0.0,Completed,M-Pesa
BK-2025-02813,2025-07-18,2025-08-21,C03857,PK06,AG12,9,0,1580,0.0,Completed,Card
BK-2025-02814,2025-07-18,2025-11-02,C04264,PK01,AG04,2,0,460,0.05,Cancelled,M-Pesa
BK-2025-02815,2025-07-18,2025-08-28,C04502,PK04,AG12,12,0,630,0.05,Completed,PayPal
BK-2025-02816,2025-07-18,2025-10-24,C05009,PK14,AG00,1,0,5185,0.1,Completed,PayPal
BK-2025-02817,2025-07-18,2025-08-23,C05133,PK04,AG00,9,0,630,0.1,Completed,PayPal
BK-2025-02818,2025-07-18,2025-09-07,C05207,PK07,AG04,2,3,2975,0.0,Completed,Bank Transfer
BK-2025-02819,2025-07-18,2025-09-02,C05319,PK04,AG00,1,0,630,0.05,Completed,Card
BK-2025-02820,2025-07-18,2025-08-25,C05432,PK03,AG00,7,0,685,0.05,Completed,PayPal
BK-2025-02821,2025-07-18,2026-03-03,C05782,PK13,AG12,12,0,7130,0.1,Completed,Card
BK-2025-02822,2025-07-18,2025-09-03,C06012,PK12,AG09,2,0,6070,0.0,completed,Card
BK-2025-02823,2025-07-18,2025-08-25,C06054,PK03,AG06,9,0,685,0.0,Completed,Bank Transfer
BK-2025-02824,2025-07-18,2025-08-13,C06121,PK04,AG11,2,0,630,0.15,Completed,Bank Transfer
BK-2025-02825,2025-07-19,2025-08-10,C00293,PK09,AG11,2,1,3290,0.0,Completed,Bank Transfer
BK-2025-02826,2025-07-19,2025-10-02,C00714,PK06,AG04,2,0,1580,0.05,Completed,Bank Transfer
BK-2025-02827,2025-07-19,2025-07-23,C00724,PK02,AG09,2,2,480,0.0,Completed,Card
BK-2025-02828,2025-07-19,2026-01-18,C01344,PK16,AG08,2,1,6085,0.05,Canceled,Card
BK-2025-02829,2025-07-19,2026-01-03,C01725,PK12,AG05,1,0,6350,0.0,Completed,PayPal
BK-2025-02830,2025-07-19,2025-07-29,C01796,PK03,AG00,2,0,685,0.0,Completed,Card
BK-2025-02831,2025-07-19,2025-08-15,C02499,PK04,AG09,2,0,630,0.0,cancelled,PayPal
BK-2025-02832,2025-07-19,2025-09-18,C02769,PK09,AG00,2,3,3290,0.05,Completed,M-Pesa
BK-2025-02833,2025-07-19,2025-08-30,C02808,PK07,AG01,4,0,2975,0.1,Completed,Bank Transfer
BK-2025-02834,2025-07-19,2025-07-28,C04100,PK01,AG12,10,0,530,0.1,Completed,Bank Transfer
BK-2025-02835,2025-07-19,2025-09-14,C05070,PK03,AG06,8,0,685,0.1,Completed,Bank Transfer
BK-2025-02836,2025-07-19,2025-08-30,C05133,PK07,AG00,5,0,2975,0.1,Completed,Card
BK-2025-02837,2025-07-19,2025-08-08,C05837,PK09,AG01,2,0,3290,0.05,Completed,Card
BK-2025-02838,2025-07-20,2025-10-17,C00376,PK07,AG05,2,3,2975,0.1,Completed,PayPal
BK-2025-02839,2025-07-20,2025-10-17,C00498,PK07,AG06,2,0,2975,0.0,Completed,Card
BK-2025-02840,2025-07-20,2025-10-21,C00679,PK07,AG03,2,0,2975,0.0,Completed,M-Pesa
BK-2025-02841,2025-07-20,2025-10-12,C00873,PK10,AG03,1,0,1125,0.0,Completed,Card
BK-2025-02842,2025-07-20,2026-02-01,C01549,PK15,AG12,9,0,4485,0.1,Completed,Bank Transfer
BK-2025-02843,2025-07-20,2025-10-10,C02281,PK10,AG03,2,0,1125,0.05,Completed,Bank Transfer
BK-2025-02844,2025-07-20,2025-07-29,C02592,PK04,AG00,2,0,630,0.05,Completed,Card
BK-2025-02845,2025-07-20,2025-09-24,C02691,PK07,AG01,1,0,2975,0.1,Completed,Bank Transfer
BK-2025-02846,2025-07-20,2025-08-26,C03382,PK01,AG03,8,0,530,0.05,Cancelled,Bank Transfer
BK-2025-02847,2025-07-20,2025-08-24,C03711,PK02,AG04,2,0,480,0.0,Completed,Card
BK-2025-02848,2025-07-20,2025-08-27,C03731,PK10,AG07,2,1,1125,0.1,Completed,PayPal
BK-2025-02849,2025-07-20,2025-08-17,C04395,PK03,AG00,2,3,685,0.0,Completed,M-Pesa
BK-2025-02850,2025-07-20,2025-08-17,C04879,PK05,AG13,11,0,985,0.15,Completed,M-Pesa
BK-2025-02851,2025-07-20,2025-08-12,C04911,PK01,AG09,2,1,530,0.0,Completed,Card
BK-2025-02852,2025-07-20,2025-10-05,C04950,PK11,AG01,2,0,4935,0.1,Completed,M-Pesa
BK-2025-02853,2025-07-20,2025-07-31,C05565,PK03,AG05,1,0,685,0.0,Completed,M-Pesa
BK-2025-02854,2025-07-20,2025-10-10,C05650,PK03,AG00,7,0,685,0.05,Completed,Bank Transfer
BK-2025-02855,2025-07-20,2025-10-23,C06129,PK06,AG00,1,0,1580,0.0,Completed,Card
BK-2025-02856,2025-07-20,2025-09-18,C06166,PK09,AG00,2,0,3290,0.05,Completed,PayPal
BK-2025-02857,2025-07-20,2025-09-01,C06457,PK05,AG06,1,0,985,0.0,Completed,Card
BK-2025-02858,2025-07-21,2026-09-14,C00223,PK16,AG02,2,0,6085,0.1,Confirmed,Bank Transfer
BK-2025-02859,2025-07-21,2025-09-11,C00300,PK02,AG03,2,0,480,0.0,Completed,Bank Transfer
BK-2025-02860,2025-07-21,2025-08-28,C00377,PK09,AG01,2,0,3290,0.05,Completed,PayPal
BK-2025-02861,2025-07-21,2025-08-10,C00405,PK01,AG10,2,1,530,0.0,Completed,M-Pesa
BK-2025-02862,2025-07-21,2025-08-23,C00738,PK01,AG00,2,0,530,0.05,Completed,PayPal
BK-2025-02863,2025-07-21,2025-09-18,C01194,PK01,AG10,2,0,530,0.0,Completed,M-Pesa
BK-2025-02864,2025-07-21,2025-08-08,C01375,PK02,AG00,2,1,480,0.05,Completed,Bank Transfer
BK-2025-02865,2025-07-21,2025-09-10,C01411,PK09,AG11,7,0,3290,0.0,Completed,Card
BK-2025-02866,2025-07-21,2025-08-24,C02905,PK10,AG05,5,0,1125,0.1,Completed,Bank Transfer
BK-2025-02867,2025-07-21,2026-01-05,C03154,PK13,AG07,2,2,8200,0.1,Completed,PayPal
BK-2025-02868,2025-07-21,2025-09-12,C04188,PK03,AG13,11,0,685,0.15,Completed,Card
BK-2025-02869,2025-07-21,2025-12-11,C04304,PK15,AG02,2,2,4935,0.1,Cancelled,Bank Transfer
BK-2025-02870,2025-07-21,2026-01-27,C04360,PK12,AG11,2,0,6350,0.0,Completed,M-Pesa
BK-2025-02871,2025-07-21,2025-10-01,C04717,PK07,AG13,9,0,2975,0.1,Completed,PayPal
BK-2025-02872,2025-07-21,2025-08-03,C05470,PK01,AG00,2,1,530,0.1,Completed,M-Pesa
BK-2025-02873,2025-07-21,2025-09-08,C05696,PK02,AG06,2,0,480,0.0,Completed,PayPal
BK-2025-02874,2025-07-21,2025-12-14,C05816,PK13,AG10,1,0,7845,,Completed,M-Pesa
BK-2025-02875,2025-07-21,2025-08-15,C06225,PK06,AG03,5,0,1580,0.1,Completed ,Card
BK-2025-02876,2025-07-21,2025-08-07,C06307,PK02,AG00,2,1,480,0.0,Completed,Card
BK-2025-02877,2025-07-21,2025-11-29,C06383,PK09,AG00,2,3,2860,0.05,Completed,Card
BK-2025-02878,2025-07-21,2025-09-06,C06485,PK15,AG00,2,3,4935,0.05,Completed,Card
BK-2025-02879,2025-07-22,2025-08-03,C00889,PK01,AG11,2,0,530,0.0,Completed,Card
BK-2025-02880,2025-07-22,2025-08-15,C01751,PK04,AG02,2,1,630,0.0,Completed,Card
BK-2025-02881,2025-07-22,2025-08-14,C02198,PK03,AG00,6,0,685,0.0,Completed,Bank Transfer
BK-2025-02882,2025-07-22,2025-10-16,C02437,PK13,AG00,1,0,7845,0.05,Completed,Card
BK-2025-02883,2025-07-22,2025-12-19,C02522,PK12,AG01,2,3,6070,0.15,Completed,Bank Transfer
BK-2025-02884,2025-07-22,2025-10-01,C03110,PK01,AG00,1,0,530,0.0,Completed,PayPal
BK-2025-02885,2025-07-22,2025-08-22,C03740,PK18,AG03,1,0,6580,0.0,Completed,PayPal
BK-2025-02886,2025-07-22,2026-01-28,C04058,PK16,AG00,1,0,6085,0.0,Completed,Card
BK-2025-02887,2025-07-22,2025-09-01,C04521,PK09,AG03,2,3,3290,0.0,Completed,PayPal
BK-2025-02888,2025-07-22,2025-08-08,C04941,PK05,AG03,1,0,985,0.05,Cancelled,Card
BK-2025-02889,2025-07-22,2025-10-22,C05079,PK06,AG13,5,0,1580,0.15,Completed,M-Pesa
BK-2025-02890,2025-07-22,2026-06-01,C05143,PK15,AG11,2,3,4485,0.0,Completed,PayPal
BK-2025-02891,2025-07-22,2025-09-22,C05396,PK03,AG02,2,0,685,0.05,Completed,M-Pesa
BK-2025-02892,2025-07-22,2025-10-17,C05884,PK15,AG02,2,0,4935,0.0,Completed,Bank Transfer
BK-2025-02893,2025-07-22,2025-08-27,C06299,PK08,AG01,2,0,1495,0.05,Completed,Bank Transfer
BK-2025-02894,2025-07-22,2026-07-29,C06400,PK18,AG00,2,0,6875,0.0,Confirmed,Bank Transfer
BK-2025-02895,2025-07-23,2025-09-25,C00609,PK07,AG00,5,0,2975,0.0,completed,Card
BK-2025-02896,2025-07-23,2025-09-30,C00813,PK14,AG00,2,0,5185,0.05,Completed,Card
BK-2025-02897,2025-07-23,2025-08-12,C00931,PK05,AG02,2,0,985,0.0,Cancelled,Card
BK-2025-02898,2025-07-23,2025-09-22,C01262,PK06,AG00,2,0,1580,0.05,Completed,Bank Transfer
BK-2025-02899,2025-07-23,2025-09-05,C01525,PK08,AG00,2,2,1495,0.0,Completed,Bank Transfer
BK-2025-02900,2025-07-23,2025-10-28,C01571,PK06,AG07,2,2,1580,0.05,Cancelled,Bank Transfer
BK-2025-02901,2025-07-23,2025-09-06,C02301,PK10,AG05,2,3,1125,0.1,Completed,Card
BK-2025-02902,2025-07-23,2025-08-12,C02546,PK04,AG02,4,0,630,0.05,Completed,M-Pesa
BK-2025-02903,2025-07-23,2025-08-08,C02878,PK08,AG05,2,0,1495,0.0,Completed,Bank Transfer
BK-2025-02904,2025-07-23,2025-09-11,C03300,PK15,AG02,1,0,4935,0.0,Completed,M-Pesa
BK-2025-02905,2025-07-23,2025-10-26,C03334,PK12,AG00,2,1,6070,0.0,Completed,Bank Transfer
BK-2025-02906,2025-07-23,2025-08-13,C03766,PK08,AG09,2,0,1495,0.0,Completed,M-Pesa
BK-2025-02907,2025-07-23,2025-08-08,C05519,PK03,AG02,2,0,685,0.0,Completed,M-Pesa
BK-2025-02908,2025-07-23,2025-12-07,C05732,PK18,AG00,1,0,6580,0.0,Completed,PayPal
BK-2025-02909,2025-07-23,2025-09-10,C05784,PK05,AG00,2,0,985,0.0,Completed,M-Pesa
BK-2025-02910,2025-07-23,2025-10-18,C05939,PK09,AG00,2,0,3290,0.0,Completed,Card
BK-2025-02911,2025-07-23,2025-12-21,C06266,PK13,AG04,1,0,7845,0.05,Cancelled,Card
BK-2025-02912,2025-07-24,2025-10-01,C00072,PK11,AG00,1,0,4935,0.0,Cancelled,Card
BK-2025-02913,2025-07-24,2026-08-06,C00184,PK12,AG04,1,0,6350,0.1,Confirmed,Bank Transfer
BK-2025-02914,2025-07-24,2025-10-05,C00400,PK06,AG01,2,0,1580,0.1,Completed,Card
BK-2025-02915,2025-07-24,2025-10-27,C01287,PK07,AG00,2,1,2975,0.0,Completed,M-Pesa
BK-2025-02916,2025-07-24,2025-12-12,C01323,PK06,AG02,2,2,1580,0.0,Completed,Bank Transfer
BK-2025-02917,2025-07-24,2025-09-22,C01549,PK03,AG12,6,0,685,0.1,Completed,Bank Transfer
BK-2025-02918,2025-07-24,2025-07-29,C01947,PK09,AG07,2,3,3290,0.05,Completed,Card
BK-2025-02919,2025-07-24,2026-01-02,C01994,PK18,AG02,1,0,6875,0.0,Completed,Bank Transfer
BK-2025-02920,2025-07-24,2025-09-18,C02266,PK02,AG10,8,0,480,0.0,Completed,Card
BK-2025-02921,2025-07-24,2025-08-14,C02468,PK06,AG04,1,0,1580,0.0,Completed,Card
BK-2025-02922,2025-07-24,2025-09-09,C02801,PK06,AG02,1,0,1580,0.0,Completed,PayPal
BK-2025-02923,2025-07-24,2025-08-20,C02966,PK05,AG00,7,0,985,0.0,Completed,Bank Transfer
BK-2025-02924,2025-07-24,2025-08-25,C02987,PK06,AG06,4,0,1580,0.05,Canceled,PayPal
BK-2025-02925,2025-07-24,2025-08-09,C03082,PK05,AG00,2,0,985,0.05,Completed,Card
BK-2025-02926,2025-07-24,2025-08-21,C03283,PK03,AG04,2,0,685,0.05,Completed,Card
BK-2025-02927,2025-07-24,2025-10-16,C03342,PK06,AG02,2,1,1580,0.0,Completed,Bank Transfer
BK-2025-02928,2025-07-24,2025-08-20,C03654,PK10,AG02,7,0,1125,0.05,Completed,Card
BK-2025-02929,2025-07-24,2025-09-03,C04112,PK12,AG10,7,0,6070,0.05,Completed,Bank Transfer
BK-2025-02930,2025-07-24,2025-10-08,C04546,PK14,AG00,2,0,5185,0.0,Completed,M-Pesa
BK-2025-02931,2025-07-24,2025-08-14,C04564,PK05,AG00,2,1,985,,Completed,Bank Transfer
BK-2025-02932,2025-07-24,2025-11-12,C04627,PK18,AG03,2,0,5720,0.05,Completed,Bank Transfer
BK-2025-02933,2025-07-24,2025-09-29,C05209,PK04,AG03,2,0,630,0.0,Completed,Card
BK-2025-02934,2025-07-24,2026-02-10,C05559,PK13,AG00,2,0,7130,0.0,Completed,Bank Transfer
BK-2025-02935,2025-07-24,2025-08-22,C05999,PK03,AG03,7,0,685,0.1,Completed,Card
BK-2025-02936,2025-07-25,2026-03-25,C00101,PK15,AG00,9,0,4485,0.05,Completed,Card
BK-2025-02937,2025-07-25,2025-10-03,C00579,PK15,AG00,2,0,4935,0.0,Completed,Card
BK-2025-02938,2025-07-25,2025-09-10,C00914,PK16,AG10,1,0,5820,0.0,Cancelled,Bank Transfer
BK-2025-02939,2025-07-25,2026-01-24,C01023,PK17,AG02,2,2,12960,0.05,Cancelled,Bank Transfer
BK-2025-02940,2025-07-25,2025-08-15,C01523,PK02,AG00,2,3,480,0.0,Completed,PayPal
BK-2025-02941,2025-07-25,2025-12-22,C01583,PK14,AG00,2,0,5185,0.05,Completed,Card
BK-2025-02942,2025-07-25,2025-10-08,C01802,PK07,AG06,11,0,2975,0.0,Completed,PayPal
BK-2025-02943,2025-07-25,2025-08-06,C01822,PK02,AG11,2,0,480,,Completed,Bank Transfer
BK-2025-02944,2025-07-25,2025-12-21,C01871,PK15,AG02,1,0,4935,0.0,Completed,Card
BK-2025-02945,2025-07-25,2025-08-22,C01936,PK02,AG00,2,0,480,0.0,Completed,M-Pesa
BK-2025-02946,2025-07-25,2025-08-12,C02435,PK10,AG05,2,0,1125,0.0,completed,Card
BK-2025-02947,2025-07-25,2025-08-27,C02592,PK09,AG00,2,0,3290,0.05,Completed,Card
BK-2025-02948,2025-07-25,2025-08-08,C02963,PK01,AG02,2,2,530,0.0,Completed,Card
BK-2025-02949,2025-07-25,2025-10-05,C02978,PK04,AG06,1,0,630,0.05,Completed,Card
BK-2025-02950,2025-07-25,2025-10-10,C03015,PK15,AG03,2,0,4935,0.1,Completed,Card
BK-2025-02951,2025-07-25,2025-10-25,C03551,PK12,AG00,2,0,6070,0.0,Completed,PayPal
BK-2025-02952,2025-07-25,2025-09-04,C04518,PK05,AG03,2,2,985,0.05,Completed,M-Pesa
BK-2025-02953,2025-07-25,2025-11-27,C04731,PK07,AG02,2,0,2585,0.1,Completed,M-Pesa
BK-2025-02954,2025-07-25,2025-08-13,C04791,PK06,AG06,2,3,1580,0.0,Completed,Card
BK-2025-02955,2025-07-25,2026-04-12,C04960,PK14,AG02,2,2,4715,0.1,Completed,M-Pesa
BK-2025-02956,2025-07-25,2025-08-31,C05117,PK07,AG07,2,3,2975,0.05,Completed,Card
BK-2025-02957,2025-07-25,2025-09-25,C06254,PK10,AG03,2,1,1125,0.0,Completed,Card
BK-2025-02958,2025-07-26,2025-09-14,C00199,PK07,AG01,2,1,2975,0.0,Completed,Bank Transfer
BK-2025-02959,2025-07-26,2026-01-30,C00592,PK08,AG00,2,1,1560,0.05,Completed,Card
BK-2025-02960,2025-07-26,2025-08-08,C00932,PK05,AG00,2,3,985,0.0,Cancelled,M-Pesa
BK-2025-02961,2025-07-26,2025-11-04,C01402,PK12,AG12,12,0,5280,0.1,Completed,Card
BK-2025-02962,2025-07-26,2025-08-31,C01521,PK07,AG04,1,0,2975,0.0,Canceled,PayPal
BK-2025-02963,2025-07-26,2025-08-31,C01932,PK05,AG12,4,0,985,0.0,Completed,PayPal
BK-2025-02964,2025-07-26,2025-09-10,C02677,PK06,AG09,1,0,1580,0.05,Completed,Bank Transfer
BK-2025-02965,2025-07-26,2025-08-30,C02745,PK04,AG05,2,0,630,0.0,Completed,PayPal
BK-2025-02966,2025-07-26,2025-09-05,C03343,PK01,AG00,1,0,530,0.15,Completed ,Bank Transfer
BK-2025-02967,2025-07-26,2026-02-05,C03668,PK18,AG00,1,0,5980,,Completed,Card
BK-2025-02968,2025-07-26,2025-10-04,C03756,PK15,AG03,7,0,4935,0.1,Cancelled,Card
BK-2025-02969,2025-07-26,2025-09-03,C04100,PK02,AG12,11,0,480,0.15,Completed,Card
BK-2025-02970,2025-07-26,2025-10-05,C04447,PK17,AG05,9,0,12395,0.0,Completed,Card
BK-2025-02971,2025-07-26,2025-09-02,C05054,PK15,AG04,2,2,4935,0.0,Completed,PayPal
BK-2025-02972,2025-07-26,2025-09-07,C05877,PK15,AG07,2,2,4935,0.0,Completed,Bank Transfer
BK-2025-02973,2025-07-27,2025-08-30,C00046,PK10,AG07,1,0,1125,0.05,Completed,Bank Transfer
BK-2025-02974,2025-07-27,2025-09-06,C00332,PK04,AG03,2,3,630,0.05,Completed,Card
BK-2025-02975,2025-07-27,2025-08-10,C00524,PK01,AG00,1,0,530,0.05,Completed,PayPal
BK-2025-02976,2025-07-27,2025-08-15,C01170,PK01,AG08,6,0,530,0.1,Completed,Card
BK-2025-02977,2025-07-27,2025-12-12,C01300,PK06,AG03,1,0,1580,0.15,Completed,PayPal
BK-2025-02978,2025-07-27,2025-10-05,C02014,PK13,AG01,2,0,7845,0.0,Completed,M-Pesa
BK-2025-02979,2025-07-27,2025-09-15,C02039,PK01,AG02,2,0,530,0.05,Completed,Card
BK-2025-02980,2025-07-27,2025-09-11,C02323,PK08,AG03,6,0,1495,0.1,Completed,Bank Transfer
BK-2025-02981,2025-07-27,2025-11-12,C02986,PK17,AG00,2,1,10780,0.05,Completed ,Bank Transfer
BK-2025-02982,2025-07-27,2026-03-19,C03101,PK12,AG02,2,0,5520,0.0,Completed,Card
BK-2025-02983,2025-07-27,2025-12-23,C03637,PK06,AG05,2,3,1580,0.0,Completed,PayPal
BK-2025-02984,2025-07-27,2025-11-26,C04908,PK16,AG07,2,0,5060,0.0,Completed,PayPal
BK-2025-02985,2025-07-27,2026-03-08,C05387,PK07,AG07,7,0,2700,0.05,Canceled,M-Pesa
BK-2025-02986,2025-07-27,2025-08-19,C05547,PK01,AG00,2,3,530,0.0,Completed,PayPal
BK-2025-02987,2025-07-27,2025-09-15,C05921,PK15,AG04,2,0,4935,0.0,Completed,Card
BK-2025-02988,2025-07-28,2026-03-13,C00265,PK14,AG02,2,0,4715,0.0,Completed,PayPal
BK-2025-02989,2025-07-28,2025-08-28,C00414,PK02,AG11,2,0,480,0.05,Completed,Bank Transfer
BK-2025-02990,2025-07-28,2025-08-06,C00541,PK09,AG00,2,0,3290,0.0,Completed,M-Pesa
BK-2025-02991,2025-07-28,2025-08-16,C00578,PK04,AG00,2,0,630,0.05,Completed,Card
BK-2025-02992,2025-07-28,2025-09-29,C00806,PK11,AG00,1,0,4935,0.05,Completed,Card
BK-2025-02993,2025-07-28,2025-08-21,C01433,PK10,AG05,2,0,1125,0.0,Cancelled,M-Pesa
BK-2025-02994,2025-07-28,2025-11-27,C01706,PK09,AG00,1,0,2860,0.0,Completed,M-Pesa
BK-2025-02995,2025-07-28,2026-03-13,C02144,PK15,AG02,9,0,4485,0.1,Cancelled,Card
BK-2025-02996,2025-07-28,2025-09-15,C02283,PK01,AG07,1,0,530,0.05,Completed,Bank Transfer
BK-2025-02997,2025-07-28,2025-09-05,C03240,PK03,AG00,2,0,685,0.0,Completed,M-Pesa
BK-2025-02998,2025-07-28,2025-09-05,C05246,PK11,AG04,2,2,4935,0.0,Completed,M-Pesa
BK-2025-02999,2025-07-28,2025-08-18,C05316,PK17,AG04,2,0,12395,0.0,Completed,Bank Transfer
BK-2025-03000,2025-07-28,2025-09-08,C05619,PK03,AG06,2,0,685,0.0,Completed,Bank Transfer
BK-2025-03001,2025-07-28,2025-08-13,C06307,PK02,AG02,2,2,480,0.05,Completed,M-Pesa
BK-2025-03002,2025-07-28,2025-09-27,C06310,PK01,AG00,2,0,530,0.0,Canceled,PayPal
BK-2025-03003,2025-07-28,2025-08-14,C06424,PK14,AG02,2,1,5185,0.0,Completed,Card
BK-2025-03004,2025-07-29,2025-11-24,C00600,PK12,AG07,2,1,5280,0.0,Completed,Bank Transfer
BK-2025-03005,2025-07-29,2025-08-20,C00894,PK11,AG04,2,0,4935,0.0,Completed,M-Pesa
BK-2025-03006,2025-07-29,2025-10-03,C01027,PK11,AG00,2,0,4935,0.15,Canceled,Card
BK-2025-03007,2025-07-29,2025-09-22,C01297,PK02,AG03,2,0,480,0.0,Completed,Card
BK-2025-03008,2025-07-29,2025-10-13,C01482,PK14,AG10,2,2,5185,0.1,Completed,PayPal
BK-2025-03009,2025-07-29,2026-02-23,C01693,PK12,AG02,2,0,5520,0.05,Canceled,Card
BK-2025-03010,2025-07-29,2025-08-19,C01715,PK01,AG00,1,0,530,0.0,Completed,M-Pesa
BK-2025-03011,2025-07-29,2025-09-30,C02004,PK14,AG05,2,2,5185,0.05,completed,PayPal
BK-2025-03012,2025-07-29,2025-09-06,C02031,PK03,AG03,2,1,685,0.1,Completed,PayPal
BK-2025-03013,2025-07-29,2025-08-17,C02078,PK05,AG06,5,0,985,0.05,Canceled,Bank Transfer
BK-2025-03014,2025-07-29,2025-10-03,C02215,PK03,AG04,2,3,685,0.1,Completed,Card
BK-2025-03015,2025-07-29,2025-09-04,C02263,PK02,AG00,2,0,480,0.0,Completed,Bank Transfer
BK-2025-03016,2025-07-29,2025-09-04,C02912,PK11,AG03,2,3,4935,0.1,Completed,Card
BK-2025-03017,2025-07-29,2025-08-22,C02983,PK03,AG02,4,0,685,0.0,Completed,Card
BK-2025-03018,2025-07-29,2026-02-11,C04269,PK14,AG03,2,2,4715,0.1,Completed,Card
BK-2025-03019,2025-07-29,2025-09-05,C05392,PK06,AG00,7,0,1580,0.1,Canceled,Card
BK-2025-03020,2025-07-29,2025-10-23,C05977,PK09,AG01,7,0,3290,0.0,Completed,Bank Transfer
BK-2025-03021,2025-07-29,2025-09-03,C06095,PK01,AG08,6,0,530,0.05,Completed,Card
BK-2025-03022,2025-07-29,2025-10-03,C06291,PK07,AG05,2,1,2975,0.1,Completed,Card
BK-2025-03023,2025-07-30,2026-07-23,C00685,PK17,AG03,1,0,12960,0.0,Confirmed,Bank Transfer
BK-2025-03024,2025-07-30,2026-02-27,C00782,PK17,AG04,2,1,11270,0.0,Completed,PayPal
BK-2025-03025,2025-07-30,2025-08-11,C01735,PK07,AG03,4,0,2975,0.1,Canceled,Card
BK-2025-03026,2025-07-30,2025-10-14,C02044,PK06,AG00,2,0,1580,0.0,Completed,Card
BK-2025-03027,2025-07-30,2025-09-11,C02300,PK02,AG06,2,0,480,0.05,Completed,Card
BK-2025-03028,2025-07-30,2025-08-20,C02347,PK04,AG10,2,0,630,0.05,Completed,PayPal
BK-2025-03029,2025-07-30,2025-10-29,C02634,PK15,AG00,2,0,4935,0.0,Completed,Card
BK-2025-03030,2025-07-30,2025-08-20,C03334,PK02,AG00,2,1,480,0.0,Cancelled,Bank Transfer
BK-2025-03031,2025-07-30,2025-10-30,C03857,PK11,AG12,4,0,4935,0.0,Completed,Bank Transfer
BK-2025-03032,2025-07-30,2025-08-28,C04368,PK06,AG01,7,0,1580,0.0,Completed,Card
BK-2025-03033,2025-07-30,2026-01-15,C04631,PK16,AG06,2,0,6085,0.0,Completed,PayPal
BK-2025-03034,2025-07-30,2025-12-27,C05764,PK17,AG03,2,0,12395,0.1,COMPLETED,Card
BK-2025-03035,2025-07-30,2025-11-12,C05933,PK15,AG02,2,3,4290,0.05,Completed,Card
BK-2025-03036,2025-07-30,2026-08-25,C06439,PK13,AG00,8,0,8200,0.05,Confirmed,Card
BK-2025-03037,2025-07-31,2025-08-23,C00051,PK07,AG00,2,0,2975,0.05,Completed,Card
BK-2025-03038,2025-07-31,2025-09-25,C00928,PK18,AG12,3,0,6580,0.05,Completed,M-Pesa
BK-2025-03039,2025-07-31,2025-12-20,C01182,PK12,AG11,6,0,6070,0.1,Cancelled,PayPal
BK-2025-03040,2025-07-31,2025-10-02,C01222,PK08,AG11,2,0,1495,0.0,Completed,Card
BK-2025-03041,2025-07-31,2025-08-27,C01262,PK02,AG01,2,0,480,0.0,Canceled,PayPal
BK-2025-03042,2025-07-31,2025-09-09,C01296,PK10,AG03,1,0,1125,0.0,Cancelled,PayPal
BK-2025-03043,2025-07-31,2025-09-22,C01360,PK02,AG00,2,0,480,0.0,Completed,PayPal
BK-2025-03044,2025-07-31,2025-09-07,C01442,PK06,AG03,2,0,1580,0.0,Completed,M-Pesa
BK-2025-03045,2025-07-31,2025-08-16,C01443,PK10,AG05,2,0,1125,0.0,Completed,Card
BK-2025-03046,2025-07-31,2025-09-24,C02417,PK14,AG03,2,3,5185,0.0,Completed,PayPal
BK-2025-03047,2025-07-31,2025-08-23,C03072,PK06,AG01,1,0,1580,0.0,Completed,Bank Transfer
BK-2025-03048,2025-07-31,2025-08-13,C03772,PK05,AG01,2,0,985,0.0,Completed,Card
BK-2025-03049,2025-07-31,2025-08-23,C04581,PK07,AG03,2,0,2975,0.05,Completed,Bank Transfer
BK-2025-03050,2025-07-31,2025-09-25,C04853,PK09,AG01,1,0,3290,0.0,Completed,Card
BK-2025-03051,2025-07-31,2025-08-14,C04893,PK07,AG04,1,0,2975,0.0,Cancelled,PayPal
BK-2025-03052,2025-07-31,2025-08-31,C04977,PK11,AG02,2,0,4935,0.0,Completed,PayPal
BK-2025-03053,2025-07-31,2025-10-13,C05476,PK06,AG12,4,0,1580,0.0,Completed,PayPal
BK-2025-03054,2025-07-31,2025-10-11,C05547,PK15,AG00,2,2,4935,0.0,Completed,M-Pesa
BK-2025-03055,2025-07-31,2025-09-09,C05875,PK03,AG03,2,0,685,0.05,Completed,M-Pesa
BK-2025-03056,2025-08-01,2025-08-19,C00127,PK06,AG13,9,0,1580,0.1,Completed,M-Pesa
BK-2025-03057,2025-08-01,2025-09-11,C01440,PK09,AG00,2,3,3290,0.0,Completed,Bank Transfer
BK-2025-03058,2025-08-01,2026-01-16,C02256,PK10,AG00,2,0,1175,0.1,Completed,Bank Transfer
BK-2025-03059,2025-08-01,2025-09-11,C02330,PK01,AG01,2,2,530,0.1,Completed,Card
BK-2025-03060,2025-08-01,2025-09-29,C02678,PK04,AG00,2,0,630,0.0,Completed,Card
BK-2025-03061,2025-08-01,2025-08-23,C03215,PK03,AG00,2,0,685,0.05,Completed,Bank Transfer
BK-2025-03062,2025-08-01,2025-08-09,C03290,PK03,AG00,2,3,685,0.1,Completed,M-Pesa
BK-2025-03063,2025-08-01,2026-02-23,C03546,PK14,AG00,6,0,4715,0.0,Completed,Bank Transfer
BK-2025-03064,2025-08-01,2025-10-02,C03867,PK18,AG00,2,3,6580,,Completed,M-Pesa
BK-2025-03065,2025-08-01,2025-09-01,C04364,PK03,AG02,2,2,685,0.0,Canceled,Card
BK-2025-03066,2025-08-01,2025-08-26,C04434,PK11,AG00,9,0,4935,0.1,Completed,Bank Transfer
BK-2025-03067,2025-08-01,2025-10-16,C04509,PK06,AG02,2,0,1580,0.0,Completed,Bank Transfer
BK-2025-03068,2025-08-01,2025-08-21,C04991,PK03,AG09,9,0,685,0.0,Completed,PayPal
BK-2025-03069,2025-08-01,2025-08-11,C05179,PK18,AG13,7,0,6580,0.1,completed,PayPal
BK-2025-03070,2025-08-01,2025-12-28,C05358,PK15,AG00,1,0,4935,0.0,Completed,Bank Transfer
BK-2025-03071,2025-08-01,2025-09-24,C05379,PK08,AG08,2,1,1495,0.15,Completed,Card
BK-2025-03072,2025-08-01,2025-08-29,C05725,PK03,AG13,7,0,685,0.1,Completed,M-Pesa
BK-2025-03073,2025-08-01,2025-09-21,C05953,PK06,AG01,4,0,1580,0.1,Completed,Card
BK-2025-03074,2025-08-01,2025-09-03,C05999,PK05,AG12,5,0,985,0.15,Completed,Card
BK-2025-03075,2025-08-02,2025-08-29,C00032,PK04,AG11,2,0,630,0.15,Completed,Card
BK-2025-03076,2025-08-02,2026-02-17,C00778,PK14,AG07,10,0,4715,0.1,Completed,M-Pesa
BK-2025-03077,2025-08-02,2025-09-11,C00849,PK15,AG02,2,3,4935,0.15,Completed,Card
BK-2025-03078,2025-08-02,2026-02-20,C00901,PK17,AG00,1,0,11270,0.0,Completed ,Card
BK-2025-03079,2025-08-02,2025-09-03,C00922,PK11,AG00,1,0,4935,0.1,Completed,Card
BK-2025-03080,2025-08-02,2025-09-07,C01373,PK06,AG03,2,0,1580,0.0,Completed,Bank Transfer
BK-2025-03081,2025-08-02,2026-01-12,C01378,PK09,AG05,2,0,3440,0.1,Completed,Bank Transfer
BK-2025-03082,2025-08-02,2025-08-22,C02090,PK02,AG03,2,0,480,0.15,Completed,Card
BK-2025-03083,2025-08-02,2025-08-21,C02470,PK03,AG07,1,0,685,0.0,Completed,Card
BK-2025-03084,2025-08-02,2025-09-16,C03054,PK12,AG00,2,0,6070,0.0,Completed,Card
BK-2025-03085,2025-08-02,2025-10-22,C03061,PK06,AG00,2,3,1580,0.1,Completed,M-Pesa
BK-2025-03086,2025-08-02,2025-09-02,C03611,PK18,AG00,2,2,6580,0.15,Completed,Bank Transfer
BK-2025-03087,2025-08-02,2025-12-04,C03663,PK16,AG00,2,3,5820,0.0,Completed,Bank Transfer
BK-2025-03088,2025-08-02,2025-08-21,C04519,PK06,AG00,2,0,1580,0.0,Completed,Card
BK-2025-03089,2025-08-02,2025-08-18,C04961,PK18,AG04,4,0,6580,0.0,Completed,Bank Transfer
BK-2025-03090,2025-08-02,2025-09-10,C05256,PK06,AG03,8,0,1580,0.0,Completed,Card
BK-2025-03091,2025-08-02,2025-08-26,C05637,PK02,AG00,4,0,480,,Completed,Card
BK-2025-03092,2025-08-02,2025-08-20,C05783,PK01,AG10,2,1,530,0.0,Completed,M-Pesa
BK-2025-03093,2025-08-02,2025-08-22,C05922,PK18,AG00,2,0,6580,0.1,Completed,Card
BK-2025-03094,2025-08-03,2025-08-23,C00507,PK02,AG13,4,0,480,0.05,Completed,Card
BK-2025-03095,2025-08-03,2025-08-22,C00562,PK02,AG11,8,0,480,0.1,Cancelled,PayPal
BK-2025-03096,2025-08-03,2025-09-09,C00818,PK06,AG03,1,0,1580,0.1,Completed,Card
BK-2025-03097,2025-08-03,2025-12-16,C01545,PK05,AG04,2,0,985,0.05,Cancelled,Bank Transfer
BK-2025-03098,2025-08-03,2025-09-25,C02076,PK18,AG06,2,1,6580,0.0,Completed,Card
BK-2025-03099,2025-08-03,2025-08-15,C02230,PK03,AG10,2,0,685,0.0,COMPLETED,M-Pesa
BK-2025-03100,2025-08-03,2025-08-20,C02449,PK03,AG10,2,0,685,0.05,Completed,Card
BK-2025-03101,2025-08-03,2026-01-05,C02568,PK12,AG01,2,0,6350,0.0,Completed,Card
BK-2025-03102,2025-08-03,2025-08-22,C02748,PK05,AG03,10,0,985,0.1,Completed,Bank Transfer
BK-2025-03103,2025-08-03,2026-02-25,C02783,PK14,AG00,2,0,4715,0.0,Completed,Card
BK-2025-03104,2025-08-03,2025-08-30,C02988,PK02,AG06,1,0,480,0.05,Completed,Card
BK-2025-03105,2025-08-03,2026-02-16,C03166,PK14,AG02,2,0,4715,0.0,Canceled,Bank Transfer
BK-2025-03106,2025-08-03,2025-09-15,C03340,PK15,AG09,2,1,4935,0.0,Completed,Card
BK-2025-03107,2025-08-03,2025-10-14,C03482,PK15,AG00,6,0,4935,0.0,Completed,Card
BK-2025-03108,2025-08-03,2025-09-29,C03830,PK10,AG00,2,0,1125,0.0,Completed,Card
BK-2025-03109,2025-08-03,2025-10-24,C04195,PK06,AG07,2,1,1580,0.0,Completed ,M-Pesa
BK-2025-03110,2025-08-03,2025-08-11,C04373,PK04,AG03,2,3,630,,Completed,Card
BK-2025-03111,2025-08-03,2025-09-11,C04725,PK02,AG03,2,0,480,0.0,Cancelled,Card
BK-2025-03112,2025-08-03,2025-09-19,C05220,PK02,AG04,8,0,480,,Completed,Bank Transfer
BK-2025-03113,2025-08-03,2025-09-04,C05392,PK09,AG00,4,0,3290,0.15,Completed,Card
BK-2025-03114,2025-08-03,2025-09-15,C05758,PK06,AG08,5,0,1580,0.1,Cancelled,Card
BK-2025-03115,2025-08-03,2025-08-30,C05887,PK06,AG04,2,0,1580,0.0,Completed,Card
BK-2025-03116,2025-08-03,2025-08-08,C05953,PK09,AG11,4,0,3290,0.05,Completed,Card
BK-2025-03117,2025-08-03,2025-10-25,C06157,PK09,AG07,1,0,3290,0.0,Completed,Card
BK-2025-03118,2025-08-03,2025-09-11,C06351,PK03,AG10,2,0,685,0.0,Cancelled,PayPal
BK-2025-03119,2025-08-04,2025-10-04,C00040,PK13,AG11,1,0,7845,0.05,Completed,Bank Transfer
BK-2025-03120,2025-08-04,2025-08-25,C00083,PK09,AG00,2,0,3290,0.05,Completed,Card
BK-2025-03121,2025-08-04,2025-12-15,C01142,PK08,AG08,2,0,1495,0.05,Completed,Card
BK-2025-03122,2025-08-04,2025-09-06,C01287,PK08,AG05,2,2,1495,0.15,Completed,PayPal
BK-2025-03123,2025-08-04,2025-09-02,C01579,PK11,AG00,8,0,4935,0.1,Completed,Card
BK-2025-03124,2025-08-04,2025-08-26,C01635,PK02,AG07,2,0,480,0.0,Completed,Bank Transfer
BK-2025-03125,2025-08-04,2025-09-15,C01892,PK07,AG00,6,0,2975,0.1,Completed,PayPal
BK-2025-03126,2025-08-04,2025-09-04,C01991,PK06,AG01,2,1,1580,0.05,Completed,PayPal
BK-2025-03127,2025-08-04,2025-10-21,C03226,PK12,AG06,1,0,6070,0.0,Completed,Bank Transfer
BK-2025-03128,2025-08-04,2025-08-17,C03697,PK01,AG05,2,3,530,0.05,Completed,Card
BK-2025-03129,2025-08-04,2026-01-04,C04171,PK13,AG00,5,0,8200,0.0,Completed,Card
BK-2025-03130,2025-08-04,2026-03-09,C04470,PK12,AG00,2,0,5520,0.15,Completed,Card
BK-2025-03131,2025-08-04,2025-11-21,C04519,PK18,AG03,2,0,5720,0.0,Completed,M-Pesa
BK-2025-03132,2025-08-04,2025-10-29,C04825,PK14,AG00,2,0,5185,0.0,Completed,M-Pesa
BK-2025-03133,2025-08-04,2025-08-21,C05176,PK03,AG03,9,0,685,0.05,Completed,Card
BK-2025-03134,2025-08-04,2025-09-13,C05471,PK13,AG00,2,0,7845,0.05,Cancelled,Bank Transfer
BK-2025-03135,2025-08-04,2025-10-14,C05981,PK09,AG00,2,2,3290,0.0,Completed,Card
BK-2025-03136,2025-08-04,2025-09-16,C06216,PK02,AG03,2,0,480,0.0,Completed,Card
BK-2025-03137,2025-08-05,2026-01-02,C00132,PK11,AG09,2,0,5160,0.0,Completed,Bank Transfer
BK-2025-03138,2025-08-05,2026-02-10,C00497,PK12,AG00,1,0,5520,0.0,Completed,M-Pesa
BK-2025-03139,2025-08-05,2025-09-10,C00654,PK06,AG12,3,0,1580,0.05,Cancelled,Card
BK-2025-03140,2025-08-05,2025-09-25,C00683,PK18,AG00,1,0,6580,0.0,Completed,Bank Transfer
BK-2025-03141,2025-08-05,2025-09-03,C00856,PK09,AG12,9,0,3290,0.05,Completed,PayPal
BK-2025-03142,2025-08-05,2025-09-22,C01047,PK09,AG11,2,3,3290,0.0,COMPLETED,PayPal
BK-2025-03143,2025-08-05,2025-09-27,C02253,PK07,AG04,2,0,2975,0.0,Completed,Card
BK-2025-03144,2025-08-05,2025-12-19,C02346,PK06,AG11,2,0,1580,0.05,Completed,Bank Transfer
BK-2025-03145,2025-08-05,2025-08-30,C02598,PK02,AG00,1,0,480,0.0,Cancelled,PayPal
BK-2025-03146,2025-08-05,2025-09-09,C02733,PK08,AG06,2,0,1495,0.05,Completed,Card
BK-2025-03147,2025-08-05,2025-10-17,C03110,PK13,AG03,1,0,7845,0.0,Cancelled,Card
BK-2025-03148,2025-08-05,2025-09-01,C03392,PK09,AG02,2,1,3290,0.0,Completed,M-Pesa
BK-2025-03149,2025-08-05,2025-08-25,C03707,PK01,AG11,2,0,530,0.15,Completed,PayPal
BK-2025-03150,2025-08-05,2025-10-02,C04030,PK04,AG06,12,0,630,0.1,Completed,Card
BK-2025-03151,2025-08-05,2025-10-01,C04227,PK18,AG01,2,0,6580,0.0,Completed,Bank Transfer
BK-2025-03152,2025-08-05,2025-10-22,C05609,PK16,AG09,2,0,5820,0.05,Completed,Card
BK-2025-03153,2025-08-05,2025-08-20,C05854,PK09,AG09,8,0,3290,0.1,Completed,Card
BK-2025-03154,2025-08-05,2025-12-23,C05874,PK12,AG00,2,0,6070,0.0,Completed,Card
BK-2025-03155,2025-08-06,2025-09-02,C00025,PK02,AG02,5,0,480,0.05,Completed,Card
BK-2025-03156,2025-08-06,2025-10-18,C00518,PK13,AG01,2,3,7845,0.05,Cancelled,Card
BK-2025-03157,2025-08-06,2025-09-04,C00966,PK07,AG00,2,0,2975,0.0,Completed,Card
BK-2025-03158,2025-08-06,2025-09-11,C01704,PK04,AG00,9,0,630,0.05,Completed,Card
BK-2025-03159,2025-08-06,2025-08-28,C02093,PK12,AG00,2,0,6070,0.0,Completed,Bank Transfer
BK-2025-03160,2025-08-06,2025-09-06,C02188,PK03,AG00,2,0,685,0.05,Completed,PayPal
BK-2025-03161,2025-08-06,2025-08-09,C02889,PK03,AG04,2,2,685,0.0,Completed,Card
BK-2025-03162,2025-08-06,2026-03-25,C02948,PK12,AG00,2,1,5520,0.05,Completed,Card
BK-2025-03163,2025-08-06,2025-08-17,C03011,PK11,AG00,2,0,4935,0.0,Completed,Card
BK-2025-03164,2025-08-06,2025-12-02,C03525,PK13,AG00,2,3,7845,0.1,Completed,M-Pesa
BK-2025-03165,2025-08-06,2025-09-19,C03743,PK02,AG03,1,0,480,0.0,Completed,Bank Transfer
BK-2025-03166,2025-08-06,2025-08-10,C04215,PK06,AG11,9,0,1580,0.0,Completed,Card
BK-2025-03167,2025-08-06,2025-08-15,C04365,PK05,AG00,2,0,985,0.1,Completed,M-Pesa
BK-2025-03168,2025-08-06,2025-10-30,C05177,PK08,AG00,2,2,1495,0.05,Completed,M-Pesa
BK-2025-03169,2025-08-06,2025-09-30,C05288,PK13,AG07,2,0,7845,0.0,Completed,Card
BK-2025-03170,2025-08-06,2026-02-07,C05653,PK13,AG01,1,0,7130,0.0,Completed,PayPal
BK-2025-03171,2025-08-06,2025-09-04,C06386,PK04,AG02,2,0,630,0.1,Completed,M-Pesa
BK-2025-03172,2025-08-07,2025-08-28,C00062,PK02,AG00,8,0,480,0.05,Completed,Bank Transfer
BK-2025-03173,2025-08-07,2025-10-18,C00069,PK08,AG12,7,0,1495,0.0,Completed,Card
BK-2025-03174,2025-08-07,2025-12-17,C01455,PK12,AG01,2,1,6070,0.05,Completed,Bank Transfer
BK-2025-03175,2025-08-07,2025-12-06,C01642,PK12,AG00,2,0,6070,,Completed,Card
BK-2025-03176,2025-08-07,2025-09-21,C02211,PK13,AG08,2,0,7845,0.05,Completed,M-Pesa
BK-2025-03177,2025-08-07,2025-09-03,C02281,PK03,AG01,2,0,685,0.0,Cancelled,Bank Transfer
BK-2025-03178,2025-08-07,2025-08-15,C02422,PK04,AG01,2,2,630,0.05,Completed,Bank Transfer
BK-2025-03179,2025-08-07,2025-08-25,C02431,PK02,AG03,9,0,480,0.05,Completed,Bank Transfer
BK-2025-03180,2025-08-07,2025-09-07,C02645,PK01,AG06,2,0,530,0.0,Completed,PayPal
BK-2025-03181,2025-08-07,2025-09-06,C03225,PK07,AG10,9,0,2975,0.1,Completed,Card
BK-2025-03182,2025-08-07,2025-09-23,C03315,PK12,AG09,2,0,6070,0.1,Cancelled,PayPal
BK-2025-03183,2025-08-07,2025-09-17,C03387,PK01,AG05,1,0,530,0.1,Completed,Card
BK-2025-03184,2025-08-07,2025-08-15,C03523,PK05,AG05,2,2,985,0.05,Completed,Card
BK-2025-03185,2025-08-07,2025-10-17,C03530,PK12,AG08,2,0,6070,0.0,completed,Bank Transfer
BK-2025-03186,2025-08-07,2025-12-21,C03538,PK12,AG03,4,0,6070,0.15,Completed,Card
BK-2025-03187,2025-08-07,2026-01-18,C03912,PK13,AG04,2,0,8200,0.05,Completed,PayPal
BK-2025-03188,2025-08-07,2025-12-14,C04031,PK13,AG00,2,0,7845,0.0,Completed,M-Pesa
BK-2025-03189,2025-08-07,2025-09-17,C04204,PK07,AG02,7,0,2975,0.05,Completed,Bank Transfer
BK-2025-03190,2025-08-07,2025-09-03,C04666,PK01,AG00,2,0,530,0.0,Completed,Card
BK-2025-03191,2025-08-07,2025-08-10,C05362,PK01,AG03,2,3,530,0.1,Completed,Bank Transfer
BK-2025-03192,2025-08-07,2025-10-09,C06367,PK13,AG05,2,0,7845,0.0,Completed,PayPal
BK-2025-03193,2025-08-08,2025-09-18,C00161,PK16,AG00,7,0,5820,0.1,Completed,Bank Transfer
BK-2025-03194,2025-08-08,2026-02-10,C00212,PK14,AG02,2,0,4715,0.0,Completed,Bank Transfer
BK-2025-03195,2025-08-08,2025-10-05,C00302,PK04,AG12,11,0,630,0.0,Canceled,M-Pesa
BK-2025-03196,2025-08-08,2025-10-06,C00720,PK13,AG00,2,1,7845,0.0,Completed,Bank Transfer
BK-2025-03197,2025-08-08,2026-01-10,C00823,PK09,AG03,2,3,3440,0.1,Completed,Card
BK-2025-03198,2025-08-08,2025-08-29,C01126,PK06,AG10,2,0,1580,0.0,Completed,M-Pesa
BK-2025-03199,2025-08-08,2025-09-26,C01219,PK01,AG08,1,0,530,0.05,Completed,Bank Transfer
BK-2025-03200,2025-08-08,2025-10-04,C01726,PK12,AG00,2,3,6070,0.0,Completed,Bank Transfer
BK-2025-03201,2025-08-08,2025-09-08,C01902,PK05,AG00,2,0,985,0.0,Completed ,Bank Transfer
BK-2025-03202,2025-08-08,2025-08-29,C02020,PK04,AG09,4,0,630,0.0,Canceled,Bank Transfer
BK-2025-03203,2025-08-08,2025-10-21,C02383,PK02,AG00,2,0,480,0.0,Completed,Card
BK-2025-03204,2025-08-08,2025-09-08,C03023,PK06,AG00,2,1,1580,0.1,Completed,Card
BK-2025-03205,2025-08-08,2025-08-19,C03136,PK01,AG01,2,0,530,0.15,Completed,Card
BK-2025-03206,2025-08-08,2025-12-12,C03417,PK12,AG05,4,0,6070,0.0,Cancelled ,Bank Transfer
BK-2025-03207,2025-08-08,2025-09-26,C03794,PK11,AG05,2,3,4935,0.0,Completed,M-Pesa
BK-2025-03208,2025-08-08,2026-05-04,C03907,PK13,AG05,2,0,7130,0.1,Completed,Card
BK-2025-03209,2025-08-08,2025-09-18,C04384,PK07,AG00,2,0,2975,0.05,Completed,M-Pesa
BK-2025-03210,2025-08-08,2026-06-20,C04791,PK12,AG06,2,1,5520,0.0,Completed,Card
BK-2025-03211,2025-08-08,2025-08-24,C04988,PK01,AG00,1,0,530,0.0,Completed ,Card
BK-2025-03212,2025-08-08,2025-08-16,C06107,PK06,AG10,2,0,1580,0.0,Completed,Card
BK-2025-03213,2025-08-09,2025-09-29,C00185,PK07,AG01,1,0,2975,0.0,COMPLETED,M-Pesa
BK-2025-03214,2025-08-09,2026-01-02,C00652,PK12,AG07,2,1,6350,0.0,Completed,Card
BK-2025-03215,2025-08-09,2025-08-31,C00664,PK10,AG01,2,1,1125,0.0,Completed,Card
BK-2025-03216,2025-08-09,2025-09-04,C00724,PK03,AG00,2,3,685,0.05,Cancelled,Card
BK-2025-03217,2025-08-09,2025-08-17,C01468,PK05,AG00,2,2,985,0.15,Completed,Bank Transfer
BK-2025-03218,2025-08-09,2025-09-18,C01515,PK05,AG03,2,0,985,0.0,Completed,Card
BK-2025-03219,2025-08-09,2025-08-31,C01839,PK15,AG00,2,0,4935,0.1,Completed,M-Pesa
BK-2025-03220,2025-08-09,2025-11-11,C02127,PK12,AG05,2,1,5280,0.05,Completed,Card
BK-2025-03221,2025-08-09,2025-09-08,C02164,PK06,AG03,6,0,1580,0.05,Completed,Bank Transfer
BK-2025-03222,2025-08-09,2025-10-06,C02245,PK07,AG00,5,0,2975,0.1,Completed,Card
BK-2025-03223,2025-08-09,2025-11-21,C02920,PK01,AG08,2,1,460,0.0,Completed,Bank Transfer
BK-2025-03224,2025-08-09,2025-09-27,C03356,PK05,AG00,2,2,985,0.0,Completed,Card
BK-2025-03225,2025-08-09,2026-04-15,C03411,PK14,AG03,9,0,4715,0.05,Completed,PayPal
BK-2025-03226,2025-08-09,2025-08-22,C03966,PK12,AG00,6,0,6070,0.15,Completed,Bank Transfer
BK-2025-03227,2025-08-09,2026-08-29,C04549,PK12,AG00,2,3,6350,0.0,Confirmed,PayPal
BK-2025-03228,2025-08-09,2025-12-02,C04899,PK07,AG03,2,0,2975,0.0,Completed,Card
BK-2025-03229,2025-08-09,2025-08-23,C05326,PK02,AG05,2,0,480,0.0,Completed,Bank Transfer
BK-2025-03230,2025-08-09,2025-09-13,C05453,PK18,AG07,2,2,6580,0.05,Completed,M-Pesa
BK-2025-03231,2025-08-09,2025-12-20,C05852,PK14,AG01,1,0,5185,0.0,Completed,Card
BK-2025-03232,2025-08-09,2025-08-15,C06393,PK03,AG03,2,0,685,0.0,Completed,Card
BK-2025-03233,2025-08-10,2026-01-28,C00061,PK15,AG04,1,0,5160,0.0,Completed,Card
BK-2025-03234,2025-08-10,2025-08-26,C00128,PK01,AG10,1,0,530,0.0,Completed,Bank Transfer
BK-2025-03235,2025-08-10,2025-08-17,C00566,PK03,AG00,2,0,685,0.05,Completed,M-Pesa
BK-2025-03236,2025-08-10,2025-10-06,C00865,PK11,AG00,1,0,4935,0.1,Completed,Card
BK-2025-03237,2025-08-10,2025-10-10,C01232,PK06,AG00,2,0,1580,0.0,Completed,Card
BK-2025-03238,2025-08-10,2025-08-23,C01298,PK05,AG02,5,0,985,0.1,Completed,Bank Transfer
BK-2025-03239,2025-08-10,2025-08-18,C01410,PK05,AG01,2,3,985,0.0,Completed,Card
BK-2025-03240,2025-08-10,2025-08-26,C01413,PK02,AG00,2,2,480,0.1,Completed,Bank Transfer
BK-2025-03241,2025-08-10,2025-08-26,C01443,PK03,AG00,2,0,685,0.0,Completed,M-Pesa
BK-2025-03242,2025-08-10,2025-09-16,C01814,PK09,AG08,2,0,3290,0.05,Completed,Bank Transfer
BK-2025-03243,2025-08-10,2025-09-15,C02410,PK11,AG02,2,0,4935,,Completed,Card
BK-2025-03244,2025-08-10,2026-02-03,C02659,PK14,AG05,1,0,4715,0.0,Completed,Card
BK-2025-03245,2025-08-10,2025-09-13,C03785,PK05,AG04,2,0,985,0.0,Canceled,Card
BK-2025-03246,2025-08-10,2025-09-22,C03994,PK09,AG13,6,0,3290,0.1,Completed,Bank Transfer
BK-2025-03247,2025-08-10,2025-09-28,C04311,PK10,AG06,2,0,1125,0.0,Completed ,Bank Transfer
BK-2025-03248,2025-08-10,2026-08-06,C05076,PK15,AG00,2,3,5160,0.05,Confirmed,PayPal
BK-2025-03249,2025-08-10,2025-12-31,C05207,PK09,AG03,2,1,3290,0.0,Cancelled,Bank Transfer
BK-2025-03250,2025-08-10,2025-08-25,C05553,PK18,AG00,2,3,6580,0.0,Completed,PayPal
BK-2025-03251,2025-08-10,2025-10-31,C05669,PK13,AG12,7,0,7845,0.05,Completed,Card
BK-2025-03252,2025-08-11,2025-11-06,C00159,PK14,AG02,5,0,4510,0.05,COMPLETED,Bank Transfer
BK-2025-03253,2025-08-11,2025-08-18,C00677,PK01,AG00,2,2,530,0.0,Completed,Bank Transfer
BK-2025-03254,2025-08-11,2025-09-14,C01296,PK01,AG02,1,0,530,0.1,Completed,Bank Transfer
BK-2025-03255,2025-08-11,2025-11-09,C01386,PK15,AG00,9,0,4290,0.1,Completed,M-Pesa
BK-2025-03256,2025-08-11,2025-09-01,C01626,PK11,AG03,2,0,4935,0.0,completed,Card
BK-2025-03257,2025-08-11,2025-09-04,C01674,PK10,AG00,2,3,1125,0.0,Completed,Card
BK-2025-03258,2025-08-11,2025-12-05,C01964,PK16,AG01,2,2,5820,0.0,Completed,Card
BK-2025-03259,2025-08-11,2025-08-26,C02691,PK09,AG10,1,0,3290,0.05,Completed,M-Pesa
BK-2025-03260,2025-08-11,2025-09-20,C02970,PK04,AG02,8,0,630,0.15,Canceled,Bank Transfer
BK-2025-03261,2025-08-11,2025-09-23,C03295,PK12,AG00,1,0,6070,0.0,Completed,Card
BK-2025-03262,2025-08-11,2025-08-18,C03459,PK05,AG00,2,2,985,0.15,Completed,Card
BK-2025-03263,2025-08-11,2025-08-14,C03615,PK02,AG00,2,2,480,0.0,Completed,Card
BK-2025-03264,2025-08-11,2026-07-21,C03661,PK16,AG00,2,3,6085,0.1,Confirmed,Card
BK-2025-03265,2025-08-11,2025-11-14,C03975,PK06,AG03,2,0,1375,0.0,Completed,Card
BK-2025-03266,2025-08-11,2025-08-24,C04561,PK04,AG11,2,2,630,0.0,Cancelled ,Card
BK-2025-03267,2025-08-11,2025-10-30,C05464,PK12,AG07,1,0,6070,0.0,Completed,Bank Transfer
BK-2025-03268,2025-08-11,2025-11-26,C05814,PK12,AG10,1,0,5280,0.0,Completed,Card
BK-2025-03269,2025-08-11,2025-08-26,C06115,PK02,AG01,2,0,480,0.0,Cancelled,Card
BK-2025-03270,2025-08-11,2025-10-18,C06251,PK09,AG08,7,0,3290,0.1,Completed,Card
BK-2025-03271,2025-08-12,2025-12-06,C00417,PK14,AG10,1,0,5185,0.0,Completed,Card
BK-2025-03272,2025-08-12,2025-10-04,C00504,PK06,AG00,6,0,1580,0.1,Cancelled,Card
BK-2025-03273,2025-08-12,2025-09-25,C00771,PK01,AG02,5,0,530,0.05,Completed,PayPal
BK-2025-03274,2025-08-12,2025-08-31,C00815,PK07,AG04,2,0,2975,0.0,Completed,Bank Transfer
BK-2025-03275,2025-08-12,2025-09-05,C00860,PK01,AG10,2,0,530,0.0,Completed,M-Pesa
BK-2025-03276,2025-08-12,2025-12-30,C00917,PK13,AG05,2,1,7845,0.0,Completed,M-Pesa
BK-2025-03277,2025-08-12,2025-09-13,C01144,PK10,AG08,1,0,1125,0.1,Completed,Card
BK-2025-03278,2025-08-12,2025-10-27,C01156,PK06,AG12,9,0,1580,0.1,Completed,Card
BK-2025-03279,2025-08-12,2025-09-15,C01163,PK01,AG00,2,3,530,0.05,Completed,Bank Transfer
BK-2025-03280,2025-08-12,2025-10-29,C01795,PK11,AG02,4,0,4935,0.05,Completed,PayPal
BK-2025-03281,2025-08-12,2025-12-01,C03342,PK09,AG07,2,1,3290,0.0,Completed,Bank Transfer
BK-2025-03282,2025-08-12,2025-08-31,C03439,PK07,AG00,6,0,2975,0.0,Completed,Card
BK-2025-03283,2025-08-12,2025-10-24,C03743,PK09,AG11,1,0,3290,0.15,Completed,PayPal
BK-2025-03284,2025-08-12,2026-03-24,C03826,PK17,AG11,1,0,11270,0.05,Completed,Card
BK-2025-03285,2025-08-12,2025-09-16,C04017,PK01,AG00,1,0,530,0.1,completed,PayPal
BK-2025-03286,2025-08-12,2025-09-29,C04150,PK04,AG00,2,3,630,0.0,Completed,Bank Transfer
BK-2025-03287,2025-08-12,2025-09-09,C04204,PK04,AG02,4,0,630,0.05,Completed,Bank Transfer
BK-2025-03288,2025-08-12,2025-12-07,C04209,PK08,AG03,1,0,1495,0.0,Canceled,Card
BK-2025-03289,2025-08-12,2025-09-01,C04589,PK12,AG12,11,0,6070,0.0,Completed,Card
BK-2025-03290,2025-08-12,2025-11-20,C05440,PK06,AG00,2,0,1375,0.05,Completed,Bank Transfer
BK-2025-03291,2025-08-12,2026-01-21,C05884,PK06,AG00,2,0,1655,0.0,Cancelled,Bank Transfer
BK-2025-03292,2025-08-12,2025-09-29,C06367,PK02,AG04,2,0,480,0.0,Completed,Card
BK-2025-03293,2025-08-13,2025-10-23,C00026,PK07,AG04,2,3,2975,0.0,Completed,PayPal
BK-2025-03294,2025-08-13,2025-08-19,C00162,PK13,AG04,2,0,7845,0.0,Completed,Bank Transfer
BK-2025-03295,2025-08-13,2026-01-19,C00197,PK12,AG00,2,3,6350,0.0,Completed,Card
BK-2025-03296,2025-08-13,2025-12-18,C00334,PK15,AG02,9,0,4935,0.0,Completed,Bank Transfer
BK-2025-03297,2025-08-13,2025-08-27,C00639,PK01,AG08,1,0,530,0.0,Completed,Bank Transfer
BK-2025-03298,2025-08-13,2025-09-23,C01479,PK09,AG00,1,0,3290,,Completed,Card
BK-2025-03299,2025-08-13,2026-02-17,C01573,PK13,AG00,2,2,7130,0.15,Completed,Bank Transfer
BK-2025-03300,2025-08-13,2025-09-27,C01782,PK01,AG00,2,3,530,0.0,Cancelled,Bank Transfer
BK-2025-03301,2025-08-13,2025-11-18,C01832,PK10,AG00,2,0,980,0.0,Completed,M-Pesa
BK-2025-03302,2025-08-13,2025-09-27,C01971,PK09,AG00,1,0,3290,0.0,Completed,Card
BK-2025-03303,2025-08-13,2025-09-25,C02711,PK02,AG10,2,0,480,0.05,Completed,M-Pesa
BK-2025-03304,2025-08-13,2025-08-20,C02835,PK02,AG00,1,0,480,0.0,Completed,M-Pesa
BK-2025-03305,2025-08-13,2025-08-23,C03031,PK07,AG00,2,0,2975,,Completed,M-Pesa
BK-2025-03306,2025-08-13,2025-09-15,C03306,PK05,AG13,11,0,985,0.1,Completed,Card
BK-2025-03307,2025-08-13,2025-12-01,C03445,PK07,AG03,2,1,2975,0.0,Completed,Card
BK-2025-03308,2025-08-13,2026-06-16,C03717,PK18,AG03,1,0,5980,0.0,Completed,PayPal
BK-2025-03309,2025-08-13,2025-09-20,C03718,PK01,AG00,2,1,530,0.0,Completed,M-Pesa
BK-2025-03310,2025-08-13,2025-10-27,C03748,PK06,AG01,2,1,1580,0.1,Completed,PayPal
BK-2025-03311,2025-08-13,2025-09-27,C04595,PK06,AG04,2,0,1580,0.1,Completed,Card
BK-2025-03312,2025-08-13,2025-10-03,C04791,PK14,AG06,2,3,5185,0.0,Completed,M-Pesa
BK-2025-03313,2025-08-13,2025-09-16,C05057,PK12,AG02,2,1,6070,0.15,Completed,Card
BK-2025-03314,2025-08-13,2025-10-02,C05461,PK11,AG00,2,0,4935,0.0,Cancelled ,Bank Transfer
BK-2025-03315,2025-08-13,2025-09-16,C05718,PK08,AG11,2,1,1495,0.0,Completed,Card
BK-2025-03316,2025-08-13,2025-11-24,C05896,PK14,AG09,2,0,4510,0.0,Completed,Card
BK-2025-03317,2025-08-14,2025-10-29,C00135,PK07,AG00,2,0,2975,0.0,Completed,Bank Transfer
BK-2025-03318,2025-08-14,2025-09-22,C00500,PK03,AG11,2,2,685,0.0,Completed,PayPal
BK-2025-03319,2025-08-14,2025-10-21,C00583,PK14,AG08,2,0,5185,0.05,Completed ,Card
BK-2025-03320,2025-08-14,2025-09-12,C00771,PK06,AG00,9,0,1580,0.05,Completed,M-Pesa
BK-2025-03321,2025-08-14,2025-10-04,C02781,PK02,AG06,2,0,480,0.05,Completed,Bank Transfer
BK-2025-03322,2025-08-14,2025-09-05,C02909,PK01,AG00,2,0,530,0.05,Completed,PayPal
BK-2025-03323,2025-08-14,2026-05-30,C03139,PK17,AG01,2,3,11270,0.0,Completed,M-Pesa
BK-2025-03324,2025-08-14,2025-11-07,C03328,PK01,AG00,2,0,460,0.0,Completed,Card
BK-2025-03325,2025-08-14,2025-09-05,C03505,PK07,AG00,2,0,2975,0.1,Cancelled ,M-Pesa
BK-2025-03326,2025-08-14,2025-09-17,C04316,PK03,AG00,2,0,685,0.0,Completed,PayPal
BK-2025-03327,2025-08-14,2025-12-12,C04695,PK15,AG04,1,0,4935,0.05,Completed,Card
BK-2025-03328,2025-08-14,2025-09-12,C05380,PK07,AG00,2,0,2975,0.0,Completed,Bank Transfer
BK-2025-03329,2025-08-14,2025-12-03,C05542,PK16,AG04,2,0,5820,0.0,Completed,Card
BK-2025-03330,2025-08-14,2025-09-08,C05751,PK05,AG00,2,1,985,0.0,Completed,PayPal
BK-2025-03331,2025-08-14,2025-08-22,C05795,PK02,AG00,1,0,480,0.05,Completed,Bank Transfer
BK-2025-03332,2025-08-14,2026-07-15,C05964,PK13,AG00,1,0,8200,0.0,Confirmed,Bank Transfer
BK-2025-03333,2025-08-14,2026-02-10,C06074,PK18,AG00,2,1,5980,0.0,Cancelled,Card
BK-2025-03334,2025-08-15,2026-04-06,C00899,PK14,AG11,2,1,4715,0.0,Completed,Card
BK-2025-03335,2025-08-15,2026-05-22,C00985,PK14,AG09,2,1,4715,0.0,Completed,Bank Transfer
BK-2025-03336,2025-08-15,2025-09-21,C01960,PK03,AG04,2,0,685,0.05,Completed,M-Pesa
BK-2025-03337,2025-08-15,2025-08-27,C02305,PK04,AG10,1,0,630,0.0,Completed,Card
BK-2025-03338,2025-08-15,2025-10-11,C02862,PK06,AG00,2,0,1580,0.0,Completed,Card
BK-2025-03339,2025-08-15,2025-10-24,C02993,PK01,AG01,2,0,530,0.05,Completed,Bank Transfer
BK-2025-03340,2025-08-15,2026-01-29,C03252,PK18,AG00,2,2,6875,0.05,Completed,Card
BK-2025-03341,2025-08-15,2025-11-20,C03369,PK09,AG00,2,0,2860,0.05,Completed,M-Pesa
BK-2025-03342,2025-08-15,2025-10-07,C03809,PK18,AG03,2,3,6580,0.1,Completed,PayPal
BK-2025-03343,2025-08-15,2026-07-08,C04611,PK16,AG08,8,0,6085,0.05,Confirmed,Card
BK-2025-03344,2025-08-15,2025-08-20,C05225,PK03,AG08,2,0,685,0.1,Completed,Card
BK-2025-03345,2025-08-15,2025-12-21,C05243,PK13,AG11,2,1,7845,0.0,completed,Bank Transfer
BK-2025-03346,2025-08-15,2026-01-29,C05854,PK07,AG08,6,0,3110,0.1,Completed ,Bank Transfer
BK-2025-03347,2025-08-15,2025-09-06,C05876,PK02,AG01,1,0,480,0.05,Completed,PayPal
BK-2025-03348,2025-08-15,2026-02-09,C06022,PK12,AG11,2,0,5520,0.0,Completed,M-Pesa
BK-2025-03349,2025-08-16,2025-08-27,C00762,PK01,AG02,1,0,530,0.05,Completed,Card
BK-2025-03350,2025-08-16,2026-02-20,C00924,PK16,AG03,2,1,5290,0.0,Completed,M-Pesa
BK-2025-03351,2025-08-16,2025-12-03,C01082,PK10,AG08,2,0,1125,,Completed,PayPal
BK-2025-03352,2025-08-16,2025-08-26,C01140,PK17,AG03,2,2,12395,,Completed,Bank Transfer
BK-2025-03353,2025-08-16,2025-10-24,C01305,PK05,AG00,2,0,985,0.15,Completed,Bank Transfer
BK-2025-03354,2025-08-16,2025-09-21,C01623,PK01,AG02,1,0,530,0.0,Completed ,Bank Transfer
BK-2025-03355,2025-08-16,2025-09-27,C01729,PK15,AG03,1,0,4935,,Canceled,Bank Transfer
BK-2025-03356,2025-08-16,2025-12-12,C01783,PK16,AG11,1,0,5820,0.05,Completed,Bank Transfer
BK-2025-03357,2025-08-16,2025-10-15,C01860,PK01,AG11,9,0,530,0.1,Completed,Card
BK-2025-03358,2025-08-16,2025-09-21,C01982,PK12,AG03,1,0,6070,0.1,Completed,Bank Transfer
BK-2025-03359,2025-08-16,2025-09-22,C02564,PK02,AG00,2,3,480,0.05,Completed,Bank Transfer
BK-2025-03360,2025-08-16,2025-09-18,C03809,PK03,AG07,2,2,685,0.0,Completed,Bank Transfer
BK-2025-03361,2025-08-16,2025-10-19,C04036,PK04,AG00,2,2,630,0.0,Completed,Card
BK-2025-03362,2025-08-16,2025-08-30,C05520,PK12,AG11,2,0,6070,0.05,Completed,Card
BK-2025-03363,2025-08-16,2025-10-30,C05535,PK09,AG04,1,0,3290,0.0,COMPLETED,PayPal
BK-2025-03364,2025-08-16,2025-11-22,C05860,PK06,AG00,2,0,1375,0.0,Completed,M-Pesa
BK-2025-03365,2025-08-17,2025-09-10,C01142,PK12,AG02,2,0,6070,0.1,Completed,Bank Transfer
BK-2025-03366,2025-08-17,2025-10-18,C01260,PK04,AG00,1,0,630,0.0,Completed,PayPal
BK-2025-03367,2025-08-17,2025-12-09,C01264,PK15,AG09,2,2,4935,0.0,Completed,Card
BK-2025-03368,2025-08-17,2025-09-09,C01345,PK03,AG05,2,1,685,0.1,Completed,M-Pesa
BK-2025-03369,2025-08-17,2025-08-28,C01711,PK01,AG03,1,0,530,0.0,Completed,Card
BK-2025-03370,2025-08-17,2025-11-06,C02329,PK13,AG04,6,0,6820,0.1,Completed,Bank Transfer
BK-2025-03371,2025-08-17,2025-10-25,C02409,PK07,AG03,2,3,2975,0.05,Completed,Bank Transfer
BK-2025-03372,2025-08-17,2025-12-26,C02528,PK16,AG03,1,0,5820,0.0,Canceled,Card
BK-2025-03373,2025-08-17,2025-09-18,C02720,PK06,AG00,2,1,1580,0.0,Completed,PayPal
BK-2025-03374,2025-08-17,2025-10-22,C03240,PK14,AG03,2,0,5185,0.0,Completed,M-Pesa
BK-2025-03375,2025-08-17,2026-02-25,C03657,PK13,AG10,2,0,7130,0.0,Completed,Card
BK-2025-03376,2025-08-17,2025-09-30,C03724,PK03,AG01,2,0,685,0.1,Completed,Card
BK-2025-03377,2025-08-17,2025-12-09,C03908,PK14,AG11,2,1,5185,0.0,Completed,Card
BK-2025-03378,2025-08-17,2025-12-14,C04545,PK06,AG03,1,0,1580,0.0,Canceled,Bank Transfer
BK-2025-03379,2025-08-17,2025-09-30,C05189,PK15,AG03,1,0,4935,0.05,Completed,Bank Transfer
BK-2025-03380,2025-08-17,2025-08-28,C05259,PK07,AG03,2,0,2975,0.05,Completed,Card
BK-2025-03381,2025-08-17,2025-09-18,C05576,PK11,AG13,9,0,4935,0.0,Completed,Bank Transfer
BK-2025-03382,2025-08-17,2025-08-28,C05735,PK05,AG03,1,0,985,0.1,Completed,Card
BK-2025-03383,2025-08-17,2025-09-02,C06095,PK04,AG03,6,0,630,0.05,completed,Card
BK-2025-03384,2025-08-17,2025-09-05,C06399,PK03,AG00,4,0,685,0.05,Completed,Bank Transfer
BK-2025-03385,2025-08-18,2025-12-06,C00195,PK15,AG04,9,0,4935,0.1,Cancelled,M-Pesa
BK-2025-03386,2025-08-18,2025-09-07,C02301,PK03,AG05,2,1,685,0.0,Completed,Bank Transfer
BK-2025-03387,2025-08-18,2025-09-15,C04217,PK07,AG00,2,2,2975,0.0,Completed,Bank Transfer
BK-2025-03388,2025-08-18,2025-09-16,C04300,PK11,AG05,9,0,4935,0.0,Completed,PayPal
BK-2025-03389,2025-08-18,2025-09-02,C04830,PK01,AG00,2,0,530,0.0,Completed,Bank Transfer
BK-2025-03390,2025-08-18,2025-10-16,C05273,PK08,AG00,2,1,1495,0.05,Completed,Card
BK-2025-03391,2025-08-18,2025-09-20,C05431,PK04,AG03,2,0,630,0.0,Completed,Bank Transfer
BK-2025-03392,2025-08-18,2025-09-04,C05677,PK02,AG00,2,1,480,0.0,Completed,Bank Transfer
BK-2025-03393,2025-08-18,2025-12-23,C06047,PK06,AG02,9,0,1580,0.1,Completed,Card
BK-2025-03394,2025-08-18,2025-08-31,C06198,PK12,AG01,1,0,6070,0.0,Completed,Bank Transfer
BK-2025-03395,2025-08-18,2025-12-04,C06298,PK07,AG00,2,0,2975,0.1,Completed,Card
BK-2025-03396,2025-08-19,2026-01-16,C00831,PK14,AG10,2,0,5420,0.0,Completed,PayPal
BK-2025-03397,2025-08-19,2026-08-10,C01768,PK17,AG13,8,0,12960,0.0,Confirmed,PayPal
BK-2025-03398,2025-08-19,2025-08-22,C02199,PK01,AG00,2,3,530,0.0,Completed,Card
BK-2025-03399,2025-08-19,2025-10-14,C02310,PK09,AG00,2,0,3290,0.0,Completed,Bank Transfer
BK-2025-03400,2025-08-19,2025-09-19,C03206,PK01,AG00,1,0,530,0.15,Completed,Card
BK-2025-03401,2025-08-19,2025-09-22,C03240,PK03,AG01,2,0,685,0.0,Completed,Card
BK-2025-03402,2025-08-19,2025-11-30,C03290,PK13,AG03,2,1,6820,0.0,Cancelled,M-Pesa
BK-2025-03403,2025-08-19,2025-09-21,C03628,PK07,AG09,2,3,2975,0.0,Completed,Bank Transfer
BK-2025-03404,2025-08-19,2025-09-29,C04296,PK07,AG00,5,0,2975,,Completed,PayPal
BK-2025-03405,2025-08-19,2025-12-04,C05014,PK07,AG01,2,0,2975,0.0,Completed,Bank Transfer
BK-2025-03406,2025-08-19,2025-08-27,C05463,PK02,AG02,2,0,480,0.0,Completed,Card
BK-2025-03407,2025-08-19,2025-09-14,C06269,PK05,AG00,8,0,985,0.1,Canceled,M-Pesa
BK-2025-03408,2025-08-20,2025-11-10,C00670,PK03,AG03,2,0,595,0.0,Completed,PayPal
BK-2025-03409,2025-08-20,2025-09-19,C01211,PK02,AG02,2,2,480,0.1,COMPLETED,Card
BK-2025-03410,2025-08-20,2025-09-23,C01443,PK05,AG04,2,0,985,0.0,Canceled,Card
BK-2025-03411,2025-08-20,2025-10-31,C02043,PK02,AG06,1,0,480,0.0,Completed,Bank Transfer
BK-2025-03412,2025-08-20,2025-09-16,C02352,PK02,AG03,2,2,480,0.0,Completed,M-Pesa
BK-2025-03413,2025-08-20,2025-12-03,C02430,PK13,AG00,1,0,7845,0.1,Completed,Card
BK-2025-03414,2025-08-20,2025-11-10,C02749,PK01,AG10,2,0,460,0.1,Completed,PayPal
BK-2025-03415,2025-08-20,2025-09-01,C02943,PK02,AG09,2,0,480,0.05,Completed,Card
BK-2025-03416,2025-08-20,2025-10-27,C03196,PK01,AG00,2,1,530,0.05,Completed,Card
BK-2025-03417,2025-08-20,2025-11-17,C03263,PK12,AG00,2,0,5280,0.05,Completed,Bank Transfer
BK-2025-03418,2025-08-20,2025-10-24,C03331,PK04,AG00,2,0,630,0.0,Completed,Bank Transfer
BK-2025-03419,2025-08-20,2025-10-19,C03750,PK07,AG02,7,0,2975,0.0,Completed,Bank Transfer
BK-2025-03420,2025-08-20,2026-02-17,C04182,PK18,AG03,2,0,5980,0.0,Completed,Bank Transfer
BK-2025-03421,2025-08-20,2025-10-22,C04409,PK12,AG03,1,0,6070,0.0,Completed,Card
BK-2025-03422,2025-08-20,2025-10-04,C04644,PK01,AG08,7,0,530,0.15,Completed,PayPal
BK-2025-03423,2025-08-20,2025-10-26,C04922,PK15,AG00,1,0,4935,0.1,Completed,M-Pesa
BK-2025-03424,2025-08-20,2025-12-06,C05282,PK16,AG00,2,0,5820,0.0,Completed,Card
BK-2025-03425,2025-08-20,2025-09-17,C05323,PK06,AG02,2,0,1580,0.05,COMPLETED,Bank Transfer
BK-2025-03426,2025-08-20,2025-09-05,C05765,PK06,AG13,3,0,1580,0.1,Completed,PayPal
BK-2025-03427,2025-08-20,2025-09-30,C05790,PK05,AG00,2,0,985,0.0,Completed,M-Pesa
BK-2025-03428,2025-08-20,2025-09-24,C05965,PK08,AG11,8,0,1495,0.1,completed,Bank Transfer
BK-2025-03429,2025-08-20,2025-09-02,C06293,PK04,AG03,2,2,630,0.0,Canceled,Bank Transfer
BK-2025-03430,2025-08-21,2025-08-27,C01064,PK06,AG00,2,0,1580,0.0,COMPLETED,Bank Transfer
BK-2025-03431,2025-08-21,2025-08-31,C01235,PK03,AG00,2,0,685,0.0,Completed,Card
BK-2025-03432,2025-08-21,2025-08-26,C01238,PK11,AG02,9,0,4935,,Canceled,Card
BK-2025-03433,2025-08-21,2026-02-11,C01653,PK12,AG00,7,0,5520,,Completed,Card
BK-2025-03434,2025-08-21,2025-10-13,C02760,PK16,AG08,9,0,5820,0.1,Completed,Card
BK-2025-03435,2025-08-21,2025-09-28,C02822,PK17,AG09,7,0,12395,0.1,Completed,Card
BK-2025-03436,2025-08-21,2026-05-15,C03242,PK18,AG00,4,0,5980,0.1,Completed,Card
BK-2025-03437,2025-08-21,2025-09-13,C03575,PK02,AG00,2,2,480,0.0,Completed,M-Pesa
BK-2025-03438,2025-08-21,2025-09-18,C03603,PK02,AG10,2,1,480,0.0,Cancelled,Bank Transfer
BK-2025-03439,2025-08-21,2025-10-08,C05124,PK11,AG04,2,3,4935,0.05,Completed,Card
BK-2025-03440,2025-08-21,2026-01-27,C05285,PK13,AG06,2,0,8200,0.1,Completed,Bank Transfer
BK-2025-03441,2025-08-22,2025-09-02,C00866,PK05,AG10,8,0,985,0.05,Completed,Card
BK-2025-03442,2025-08-22,2025-09-11,C00970,PK03,AG09,2,3,685,0.1,Completed,Card
BK-2025-03443,2025-08-22,2026-01-19,C01114,PK15,AG02,2,0,5160,,Completed,PayPal
BK-2025-03444,2025-08-22,2025-10-22,C01364,PK04,AG02,2,2,630,0.0,COMPLETED,PayPal
BK-2025-03445,2025-08-22,2025-09-15,C01749,PK04,AG00,2,3,630,0.0,Completed ,PayPal
BK-2025-03446,2025-08-22,2025-10-09,C01878,PK07,AG05,2,0,2975,0.0,Completed,M-Pesa
BK-2025-03447,2025-08-22,2026-02-03,C02580,PK13,AG04,7,0,7130,0.1,Completed,Bank Transfer
BK-2025-03448,2025-08-22,2025-09-10,C02799,PK01,AG00,2,0,530,0.0,Completed,Bank Transfer
BK-2025-03449,2025-08-22,2025-09-22,C02850,PK02,AG05,2,0,480,0.05,Completed,Card
BK-2025-03450,2025-08-22,2025-09-07,C05745,PK01,AG04,2,0,530,0.15,Completed,Card
BK-2025-03451,2025-08-23,2025-10-25,C00038,PK18,AG03,5,0,6580,0.1,Completed,Bank Transfer
BK-2025-03452,2025-08-23,2026-01-02,C01284,PK17,AG01,2,0,12960,0.0,Completed,PayPal
BK-2025-03453,2025-08-23,2025-09-12,C01652,PK03,AG11,2,0,685,0.0,Cancelled,Bank Transfer
BK-2025-03454,2025-08-23,2026-07-10,C01919,PK14,AG02,2,0,5420,0.0,Cancelled,Card
BK-2025-03455,2025-08-23,2025-09-28,C03218,PK07,AG02,7,0,2975,,Cancelled,Card
BK-2025-03456,2025-08-23,2025-08-26,C03471,PK03,AG09,1,0,685,0.0,Completed,PayPal
BK-2025-03457,2025-08-23,2026-01-06,C04437,PK06,AG12,11,0,1655,0.1,Completed,Bank Transfer
BK-2025-03458,2025-08-23,2026-02-21,C05693,PK18,AG03,1,0,5980,0.0,Completed,Card
BK-2025-03459,2025-08-23,2025-09-02,C06397,PK02,AG01,1,0,480,0.0,Completed,Bank Transfer
BK-2025-03460,2025-08-24,2026-02-10,C00108,PK13,AG06,1,0,7130,0.0,Completed,Bank Transfer
BK-2025-03461,2025-08-24,2025-10-18,C00250,PK10,AG00,2,3,1125,0.1,Completed,M-Pesa
BK-2025-03462,2025-08-24,2025-09-23,C00925,PK03,AG05,1,0,685,0.0,Completed,PayPal
BK-2025-03463,2025-08-24,2026-03-31,C01109,PK12,AG13,11,0,5520,0.0,Completed,Card
BK-2025-03464,2025-08-24,2025-11-20,C02072,PK13,AG04,2,0,6820,0.05,Cancelled,PayPal
BK-2025-03465,2025-08-24,2025-09-27,C02275,PK06,AG02,2,3,1580,0.05,completed,Bank Transfer
BK-2025-03466,2025-08-24,2025-12-16,C02569,PK17,AG12,4,0,12395,0.05,Completed,Card
BK-2025-03467,2025-08-24,2025-10-30,C02882,PK15,AG10,2,0,4935,0.0,Completed,Bank Transfer
BK-2025-03468,2025-08-24,2025-11-11,C02886,PK07,AG11,2,3,2585,0.0,Completed,Bank Transfer
BK-2025-03469,2025-08-24,2025-12-05,C02938,PK08,AG02,2,2,1495,0.0,Completed,Bank Transfer
BK-2025-03470,2025-08-24,2025-12-05,C03614,PK14,AG00,1,0,5185,0.0,Completed ,Card
BK-2025-03471,2025-08-24,2025-10-05,C03822,PK05,AG05,2,3,985,0.0,Completed,Card
BK-2025-03472,2025-08-24,2025-09-02,C04402,PK07,AG13,3,0,2975,0.0,Completed,Bank Transfer
BK-2025-03473,2025-08-24,2025-09-21,C04734,PK01,AG00,2,3,530,0.0,Completed,PayPal
BK-2025-03474,2025-08-24,2025-09-09,C05199,PK01,AG01,1,0,530,0.0,Completed,Card
BK-2025-03475,2025-08-24,2025-09-13,C05322,PK02,AG05,2,1,480,0.1,COMPLETED,Bank Transfer
BK-2025-03476,2025-08-24,2025-11-14,C05573,PK09,AG06,2,2,2860,0.0,Completed,PayPal
BK-2025-03477,2025-08-24,2025-09-23,C05685,PK06,AG06,2,2,1580,0.0,Completed,Card
BK-2025-03478,2025-08-25,2025-11-27,C00310,PK15,AG11,1,0,4290,0.0,Completed,Card
BK-2025-03479,2025-08-25,2026-02-21,C01326,PK17,AG04,8,0,11270,0.15,Completed,Bank Transfer
BK-2025-03480,2025-08-25,2026-01-24,C01708,PK14,AG00,4,0,5420,0.1,Completed,Card
BK-2025-03481,2025-08-25,2025-09-11,C01830,PK01,AG01,1,0,530,0.1,Completed,Card
BK-2025-03482,2025-08-25,2026-02-02,C02207,PK09,AG07,2,1,2990,0.0,Completed,PayPal
BK-2025-03483,2025-08-25,2026-01-09,C02248,PK07,AG07,5,0,3110,0.0,COMPLETED,Card
BK-2025-03484,2025-08-25,2025-12-01,C02502,PK15,AG00,2,0,4935,0.15,Completed,Card
BK-2025-03485,2025-08-25,2025-09-23,C03379,PK06,AG01,2,0,1580,0.0,Completed,Bank Transfer
BK-2025-03486,2025-08-25,2025-09-27,C04023,PK04,AG02,2,3,630,0.0,Cancelled,Bank Transfer
BK-2025-03487,2025-08-25,2025-10-08,C05815,PK17,AG03,2,0,12395,0.0,Completed,Card
BK-2025-03488,2025-08-26,2025-10-08,C00027,PK06,AG00,2,1,1580,0.0,Completed,Card
BK-2025-03489,2025-08-26,2025-09-13,C00042,PK02,AG04,2,2,480,0.0,Completed,Card
BK-2025-03490,2025-08-26,2025-08-30,C00439,PK01,AG00,1,0,530,0.0,completed,Card
BK-2025-03491,2025-08-26,2025-09-13,C00682,PK01,AG00,2,1,530,0.0,COMPLETED,Bank Transfer
BK-2025-03492,2025-08-26,2025-10-08,C00782,PK07,AG00,2,2,2975,0.1,Completed,Card
BK-2025-03493,2025-08-26,2025-10-07,C00800,PK01,AG00,2,0,530,0.1,Completed,Card
BK-2025-03494,2025-08-26,2026-05-06,C02261,PK13,AG00,2,0,7130,0.05,Completed,Card
BK-2025-03495,2025-08-26,2025-10-24,C02674,PK18,AG04,2,2,6580,0.0,Cancelled,Bank Transfer
BK-2025-03496,2025-08-26,2025-08-31,C02738,PK04,AG08,1,0,630,0.0,Completed,Card
BK-2025-03497,2025-08-26,2025-12-26,C03171,PK06,AG00,1,0,1580,0.05,Cancelled,Bank Transfer
BK-2025-03498,2025-08-26,2025-12-16,C03239,PK18,AG08,2,0,6580,0.0,Completed,Bank Transfer
BK-2025-03499,2025-08-26,2025-09-20,C03779,PK02,AG00,2,3,480,0.05,Completed,Card
BK-2025-03500,2025-08-26,2025-12-26,C04089,PK13,AG04,1,0,7845,0.0,Completed,Card
BK-2025-03501,2025-08-26,2026-01-16,C04891,PK08,AG01,2,2,1560,0.0,Completed,Card
BK-2025-03502,2025-08-26,2025-11-30,C05040,PK07,AG00,7,0,2585,0.1,Completed,Card
BK-2025-03503,2025-08-26,2025-10-23,C05114,PK04,AG00,2,0,630,0.05,Completed,Bank Transfer
BK-2025-03504,2025-08-26,2025-09-28,C05187,PK06,AG04,1,0,1580,0.0,Cancelled,Card
BK-2025-03505,2025-08-26,2026-01-23,C05793,PK09,AG02,1,0,3440,0.0,Completed,Bank Transfer
BK-2025-03506,2025-08-26,2025-12-03,C06134,PK12,AG10,2,0,6070,0.0,Completed,Card
BK-2025-03507,2025-08-26,2025-09-12,C06414,PK17,AG06,1,0,12395,0.0,Completed,M-Pesa
BK-2025-03508,2025-08-27,2026-02-06,C00245,PK09,AG04,2,3,2990,0.0,Completed,PayPal
BK-2025-03509,2025-08-27,2026-01-07,C00513,PK18,AG00,2,0,6875,0.0,Completed,Card
BK-2025-03510,2025-08-27,2025-09-15,C00701,PK01,AG00,2,0,530,0.0,Completed,Card
BK-2025-03511,2025-08-27,2026-07-09,C00847,PK17,AG00,2,1,12960,0.0,Confirmed,Card
BK-2025-03512,2025-08-27,2025-10-08,C00921,PK13,AG04,2,2,7845,0.05,Completed,M-Pesa
BK-2025-03513,2025-08-27,2026-03-17,C01871,PK12,AG03,1,0,5520,0.0,Completed,Card
BK-2025-03514,2025-08-27,2025-09-16,C02590,PK01,AG00,8,0,530,0.1,Completed,Bank Transfer
BK-2025-03515,2025-08-27,2026-02-08,C02756,PK12,AG00,5,0,5520,0.1,COMPLETED,Bank Transfer
BK-2025-03516,2025-08-27,2026-08-27,C03067,PK18,AG00,2,1,6875,0.0,Cancelled,Card
BK-2025-03517,2025-08-27,2025-09-08,C03294,PK18,AG06,2,1,6580,0.05,Completed,Bank Transfer
BK-2025-03518,2025-08-27,2025-10-13,C03402,PK03,AG00,2,2,685,0.0,completed,Card
BK-2025-03519,2025-08-27,2025-11-14,C03773,PK07,AG01,2,0,2585,0.0,Completed,Card
BK-2025-03520,2025-08-27,2025-09-11,C03793,PK02,AG00,2,0,480,0.0,Completed,PayPal
BK-2025-03521,2025-08-27,2025-10-16,C04380,PK08,AG00,5,0,1495,0.1,Completed,Card
BK-2025-03522,2025-08-27,2025-10-07,C04397,PK15,AG05,2,3,4935,0.0,Completed,Card
BK-2025-03523,2025-08-27,2025-12-14,C04408,PK09,AG06,1,0,3290,0.0,Completed,Bank Transfer
BK-2025-03524,2025-08-27,2025-09-15,C04567,PK02,AG00,1,0,480,0.0,Completed,M-Pesa
BK-2025-03525,2025-08-27,2025-09-04,C05211,PK03,AG03,2,1,685,0.0,Completed,Card
BK-2025-03526,2025-08-27,2025-11-17,C05399,PK11,AG12,9,0,4290,0.0,Completed,Card
BK-2025-03527,2025-08-27,2025-10-17,C05910,PK08,AG00,2,0,1495,0.0,Completed,Card
BK-2025-03528,2025-08-27,2026-02-20,C06220,PK15,AG03,2,3,4485,0.0,Completed,Card
BK-2025-03529,2025-08-28,2025-09-28,C00082,PK07,AG02,2,0,2975,0.0,Completed,Card
BK-2025-03530,2025-08-28,2025-10-02,C00529,PK14,AG00,9,0,5185,0.1,Completed,Card
BK-2025-03531,2025-08-28,2025-11-30,C00589,PK15,AG11,2,2,4290,0.0,Completed,Bank Transfer
BK-2025-03532,2025-08-28,2026-09-03,C00696,PK15,AG02,2,3,5160,0.05,Confirmed,Bank Transfer
BK-2025-03533,2025-08-28,2025-11-05,C00731,PK13,AG00,1,0,6820,0.15,Completed,M-Pesa
BK-2025-03534,2025-08-28,2025-09-28,C01166,PK09,AG00,2,2,3290,0.05,Completed,Bank Transfer
BK-2025-03535,2025-08-28,2025-09-17,C01393,PK01,AG01,2,3,530,0.0,Completed,PayPal
BK-2025-03536,2025-08-28,2025-09-03,C01459,PK02,AG03,9,0,480,0.05,Completed,Card
BK-2025-03537,2025-08-28,2025-09-08,C01492,PK05,AG09,1,0,985,0.0,Completed,Bank Transfer
BK-2025-03538,2025-08-28,2025-09-07,C01784,PK09,AG00,2,3,3290,,Completed,PayPal
BK-2025-03539,2025-08-28,2025-09-16,C02178,PK06,AG03,2,1,1580,0.05,Completed,Card
BK-2025-03540,2025-08-28,2025-10-30,C02682,PK13,AG00,1,0,7845,0.0,Completed,M-Pesa
BK-2025-03541,2025-08-28,2025-09-07,C02698,PK03,AG04,2,0,685,0.0,Completed,PayPal
BK-2025-03542,2025-08-28,2026-03-04,C02778,PK14,AG09,2,2,4715,0.0,Completed,M-Pesa
BK-2025-03543,2025-08-28,2025-11-01,C02790,PK11,AG03,8,0,4290,0.1,Completed,Card
BK-2025-03544,2025-08-28,2025-12-03,C04192,PK12,AG13,7,0,6070,0.15,Completed,Card
BK-2025-03545,2025-08-28,2026-03-23,C04217,PK12,AG03,2,1,5520,0.0,Completed,M-Pesa
BK-2025-03546,2025-08-28,2025-11-07,C04371,PK12,AG00,1,0,5280,0.05,Completed,Bank Transfer
BK-2025-03547,2025-08-28,2025-10-08,C04482,PK02,AG06,4,0,480,,Completed,Bank Transfer
BK-2025-03548,2025-08-28,2025-12-08,C04556,PK13,AG03,2,0,7845,0.05,Completed,Card
BK-2025-03549,2025-08-28,2025-09-30,C04940,PK06,AG00,2,0,1580,0.0,Completed,Bank Transfer
BK-2025-03550,2025-08-28,2026-03-11,C05166,PK17,AG04,2,0,11270,0.0,Cancelled,M-Pesa
BK-2025-03551,2025-08-28,2025-10-27,C06145,PK03,AG00,2,1,685,0.0,Completed,Card
BK-2025-03552,2025-08-29,2025-11-02,C00072,PK08,AG09,1,0,1300,0.0,Completed,Card
BK-2025-03553,2025-08-29,2025-09-20,C00112,PK05,AG02,1,0,985,0.0,Completed,Card
BK-2025-03554,2025-08-29,2025-10-15,C01330,PK01,AG12,11,0,530,0.0,Completed,M-Pesa
BK-2025-03555,2025-08-29,2025-09-22,C01874,PK05,AG00,1,0,985,0.05,Completed,PayPal
BK-2025-03556,2025-08-29,2025-11-05,C02042,PK03,AG01,2,0,595,0.15,Completed,Bank Transfer
BK-2025-03557,2025-08-29,2025-10-05,C02074,PK01,AG03,2,0,530,0.05,Completed,Bank Transfer
BK-2025-03558,2025-08-29,2026-05-08,C02079,PK12,AG00,2,0,5520,0.05,Completed,Card
BK-2025-03559,2025-08-29,2025-11-03,C02343,PK06,AG04,2,0,1375,0.0,Completed,Card
BK-2025-03560,2025-08-29,2025-10-18,C02352,PK07,AG06,2,2,2975,0.0,Canceled,Bank Transfer
BK-2025-03561,2025-08-29,2026-01-10,C02556,PK09,AG06,1,0,3440,0.0,Completed,Card
BK-2025-03562,2025-08-29,2025-09-08,C02578,PK03,AG03,8,0,685,0.0,Completed,Bank Transfer
BK-2025-03563,2025-08-29,2025-10-06,C03328,PK04,AG00,2,0,630,0.15,Completed,Card
BK-2025-03564,2025-08-29,2025-12-11,C03506,PK13,AG08,2,1,7845,,Completed,Card
BK-2025-03565,2025-08-29,2025-09-11,C03716,PK01,AG12,12,0,530,0.05,Completed,Card
BK-2025-03566,2025-08-29,2025-09-21,C03731,PK03,AG01,2,2,685,0.0,Completed,Card
BK-2025-03567,2025-08-29,2026-01-03,C04123,PK12,AG09,7,0,6350,0.1,Completed,Card
BK-2025-03568,2025-08-29,2025-10-12,C04897,PK05,AG03,2,0,985,0.0,Completed,PayPal
BK-2025-03569,2025-08-29,2025-09-12,C05359,PK03,AG03,1,0,685,0.1,COMPLETED,M-Pesa
BK-2025-03570,2025-08-29,2025-09-20,C05861,PK06,AG08,1,0,1580,0.1,Completed,Card
BK-2025-03571,2025-08-29,2026-01-11,C06129,PK16,AG00,1,0,6085,0.0,Completed,Card
BK-2025-03572,2025-08-29,2025-09-20,C06414,PK06,AG05,1,0,1580,0.0,Completed,Card
BK-2025-03573,2025-08-30,2025-10-08,C00120,PK02,AG00,4,0,480,0.05,Completed,Card
BK-2025-03574,2025-08-30,2025-09-30,C00130,PK07,AG09,2,1,2975,0.0,Completed,Card
BK-2025-03575,2025-08-30,2025-09-08,C01988,PK07,AG04,8,0,2975,0.1,Completed,Card
BK-2025-03576,2025-08-30,2026-12-29,C02026,PK17,AG03,1,0,12960,0.0,CONFIRMED,Card
BK-2025-03577,2025-08-30,2025-10-01,C02529,PK12,AG01,5,0,6070,0.0,Canceled,Card
BK-2025-03578,2025-08-30,2025-10-21,C02814,PK04,AG04,1,0,630,0.05,Completed,Bank Transfer
BK-2025-03579,2025-08-30,2025-09-23,C03114,PK02,AG02,2,0,480,0.0,Completed,Card
BK-2025-03580,2025-08-30,2026-02-02,C03924,PK18,AG13,7,0,5980,0.0,Completed,Bank Transfer
BK-2025-03581,2025-08-30,2025-09-20,C04012,PK07,AG00,1,0,2975,0.15,Completed,Card
BK-2025-03582,2025-08-30,2026-04-21,C04125,PK12,AG00,2,0,5520,0.05,Completed,Card
BK-2025-03583,2025-08-30,2025-11-24,C04666,PK10,AG08,2,0,980,0.0,Completed,Card
BK-2025-03584,2025-08-30,2025-09-19,C04872,PK01,AG06,2,0,530,0.0,Completed,Bank Transfer
BK-2025-03585,2025-08-30,2025-10-07,C05001,PK06,AG07,2,2,1580,0.05,Completed,PayPal
BK-2025-03586,2025-08-30,2025-10-14,C05010,PK01,AG00,1,0,530,0.1,Completed,Card
BK-2025-03587,2025-08-30,2025-12-11,C06190,PK09,AG01,1,0,3290,0.0,Completed,Card
BK-2025-03588,2025-08-30,2025-09-05,C06454,PK03,AG11,2,0,685,0.05,Cancelled,Card
BK-2025-03589,2025-08-31,2026-01-17,C00021,PK16,AG03,2,0,6085,0.05,Completed,M-Pesa
BK-2025-03590,2025-08-31,2025-10-09,C00901,PK07,AG07,1,0,2975,0.0,Completed,Card
BK-2025-03591,2025-08-31,2026-01-12,C00969,PK11,AG00,2,3,5160,0.05,Completed,PayPal
BK-2025-03592,2025-08-31,2025-09-25,C01699,PK06,AG04,1,0,1580,0.0,Completed,Bank Transfer
BK-2025-03593,2025-08-31,2025-12-17,C02682,PK06,AG10,1,0,1580,0.0,Completed,M-Pesa
BK-2025-03594,2025-08-31,2026-07-20,C03424,PK14,AG00,2,1,5420,0.0,Confirmed,Card
BK-2025-03595,2025-08-31,2026-04-18,C03810,PK18,AG06,2,3,5980,0.0,Completed,M-Pesa
BK-2025-03596,2025-08-31,2025-10-02,C03879,PK02,AG00,2,0,480,0.05,Cancelled,Bank Transfer
BK-2025-03597,2025-08-31,2025-11-14,C03974,PK18,AG01,1,0,5720,0.1,Cancelled,M-Pesa
BK-2025-03598,2025-08-31,2025-10-13,C04201,PK02,AG00,7,0,480,0.0,Cancelled,M-Pesa
BK-2025-03599,2025-08-31,2026-10-14,C04258,PK13,AG07,2,0,8200,0.0,Confirmed,Card
BK-2025-03600,2025-08-31,2025-10-12,C04365,PK06,AG06,2,0,1580,0.05,completed,Card
BK-2025-03601,2025-08-31,2025-12-25,C04429,PK12,AG12,10,0,6070,0.1,Completed,M-Pesa
BK-2025-03602,2025-08-31,2025-10-25,C04509,PK14,AG01,2,0,5185,0.0,Completed,Bank Transfer
BK-2025-03603,2025-08-31,2025-09-08,C04624,PK02,AG00,2,2,480,,Cancelled,PayPal
BK-2025-03604,2025-08-31,2025-10-09,C04896,PK10,AG00,6,0,1125,0.1,Completed,Card
BK-2025-03605,2025-08-31,2025-10-24,C04916,PK03,AG03,2,0,685,0.15,Completed,Card
BK-2025-03606,2025-08-31,2025-10-31,C05239,PK01,AG04,2,0,530,0.0,Completed,M-Pesa
BK-2025-03607,2025-08-31,2026-01-03,C05318,PK16,AG08,1,0,6085,0.0,Completed,Bank Transfer
BK-2025-03608,2025-08-31,2025-09-11,C06328,PK06,AG04,6,0,1580,0.1,Completed,Bank Transfer
BK-2025-03609,2025-08-31,2025-12-07,C06385,PK18,AG04,1,0,6580,0.0,Completed,M-Pesa
BK-2025-03610,2025-09-01,2026-07-01,C00733,PK17,AG02,2,0,12960,0.05,Confirmed,Bank Transfer
BK-2025-03611,2025-09-01,2025-09-25,C01553,PK03,AG04,2,1,685,0.15,Completed,Card
BK-2025-03612,2025-09-01,2026-01-21,C01649,PK14,AG00,2,3,5420,0.0,Completed,Card
BK-2025-03613,2025-09-01,2025-12-01,C01652,PK18,AG06,2,0,6580,0.0,Cancelled,PayPal
BK-2025-03614,2025-09-01,2025-11-02,C01721,PK16,AG01,2,0,5060,0.0,Completed,Bank Transfer
BK-2025-03615,2025-09-01,2025-10-19,C02300,PK18,AG02,2,0,6580,0.0,Completed,Card
BK-2025-03616,2025-09-01,2025-10-03,C02377,PK01,AG00,2,1,530,0.0,Completed,M-Pesa
BK-2025-03617,2025-09-01,2025-09-10,C02777,PK01,AG01,1,0,530,0.1,Completed,Card
BK-2025-03618,2025-09-01,2025-09-29,C03346,PK05,AG00,9,0,985,0.1,Completed,Bank Transfer
BK-2025-03619,2025-09-01,2025-10-08,C04086,PK01,AG00,2,0,530,0.1,Canceled,M-Pesa
BK-2025-03620,2025-09-01,2025-10-15,C04571,PK04,AG00,2,2,630,0.1,Completed,Card
BK-2025-03621,2025-09-01,2025-10-21,C04820,PK01,AG03,4,0,530,0.1,Completed,Bank Transfer
BK-2025-03622,2025-09-01,2025-10-23,C05197,PK11,AG01,2,0,4935,0.0,Completed,Card
BK-2025-03623,2025-09-01,2025-11-13,C05352,PK03,AG04,2,0,595,,Completed,Card
BK-2025-03624,2025-09-01,2025-12-25,C05664,PK18,AG01,2,0,6580,0.0,Completed,PayPal
BK-2025-03625,2025-09-01,2026-01-09,C05744,PK06,AG00,9,0,1655,0.05,Completed,Bank Transfer
BK-2025-03626,2025-09-01,2025-10-04,C05920,PK18,AG01,2,0,6580,0.0,Completed,M-Pesa
BK-2025-03627,2025-09-01,2025-09-22,C06008,PK01,AG00,2,0,530,0.0,completed,Card
BK-2025-03628,2025-09-01,2025-10-19,C06189,PK02,AG06,2,0,480,0.0,Completed,Card
BK-2025-03629,2025-09-02,2026-01-07,C00490,PK14,AG00,2,0,5420,0.05,Completed,Bank Transfer
BK-2025-03630,2025-09-02,2025-10-14,C00526,PK16,AG00,2,0,5820,0.0,Completed,Card
BK-2025-03631,2025-09-02,2026-10-26,C00754,PK16,AG03,2,1,6085,0.0,Confirmed,Card
BK-2025-03632,2025-09-02,2025-09-13,C01027,PK07,AG01,2,0,2975,0.1,COMPLETED,Card
BK-2025-03633,2025-09-02,2026-04-01,C01206,PK18,AG01,2,1,5980,0.0,Cancelled,Bank Transfer
BK-2025-03634,2025-09-02,2025-09-20,C02429,PK03,AG02,9,0,685,0.0,Completed,PayPal
BK-2025-03635,2025-09-02,2025-09-22,C02820,PK15,AG06,1,0,4935,0.1,Completed,Bank Transfer
BK-2025-03636,2025-09-02,2025-12-28,C03034,PK10,AG02,9,0,1125,0.0,Completed,Card
BK-2025-03637,2025-09-02,2025-10-02,C03136,PK01,AG00,2,0,530,0.0,Completed,PayPal
BK-2025-03638,2025-09-02,2026-02-05,C03168,PK16,AG00,2,0,5290,,Completed,Bank Transfer
BK-2025-03639,2025-09-02,2025-09-22,C03600,PK12,AG00,2,1,6070,0.0,Completed,M-Pesa
BK-2025-03640,2025-09-02,2025-10-24,C03872,PK16,AG04,2,1,5820,0.0,Completed,Bank Transfer
BK-2025-03641,2025-09-02,2025-12-13,C04519,PK12,AG03,2,0,6070,0.0,Completed ,Card
BK-2025-03642,2025-09-02,2025-09-16,C04651,PK03,AG00,2,1,685,0.0,Completed,Card
BK-2025-03643,2025-09-02,2025-09-24,C04826,PK09,AG00,4,0,3290,0.1,Completed,Card
BK-2025-03644,2025-09-02,2025-11-20,C06405,PK12,AG04,2,0,5280,0.0,Completed,PayPal
BK-2025-03645,2025-09-03,2025-09-08,C00054,PK07,AG00,2,3,2975,0.15,Completed,Card
BK-2025-03646,2025-09-03,2025-09-25,C00362,PK03,AG06,2,0,685,0.0,Completed ,Card
BK-2025-03647,2025-09-03,2025-09-22,C00535,PK09,AG04,2,3,3290,0.1,Completed,Bank Transfer
BK-2025-03648,2025-09-03,2025-10-12,C01328,PK01,AG07,2,0,530,0.05,Completed,PayPal
BK-2025-03649,2025-09-03,2025-10-30,C01504,PK09,AG00,2,2,3290,0.1,Completed,PayPal
BK-2025-03650,2025-09-03,2025-10-06,C01537,PK04,AG00,2,0,630,0.1,completed,Card
BK-2025-03651,2025-09-03,2026-02-07,C01751,PK14,AG00,2,3,4715,0.0,Completed,Bank Transfer
BK-2025-03652,2025-09-03,2025-09-29,C01782,PK06,AG00,2,1,1580,0.05,Completed,Card
BK-2025-03653,2025-09-03,2025-09-30,C02364,PK03,AG03,9,0,685,0.1,Completed,M-Pesa
BK-2025-03654,2025-09-03,2026-07-04,C02513,PK12,AG11,2,0,6350,0.05,Confirmed,Bank Transfer
BK-2025-03655,2025-09-03,2025-12-19,C04026,PK06,AG01,2,0,1580,0.0,Completed,M-Pesa
BK-2025-03656,2025-09-03,2025-09-14,C04172,PK10,AG12,12,0,1125,0.1,Completed,Card
BK-2025-03657,2025-09-03,2026-02-20,C04194,PK11,AG02,2,1,4485,0.0,Completed,PayPal
BK-2025-03658,2025-09-03,2026-01-29,C04315,PK16,AG11,2,0,6085,0.15,Cancelled,M-Pesa
BK-2025-03659,2025-09-03,2025-09-27,C04497,PK01,AG02,2,2,530,0.0,Completed,Bank Transfer
BK-2025-03660,2025-09-03,2025-12-26,C05001,PK15,AG00,2,3,4935,0.0,Completed ,Bank Transfer
BK-2025-03661,2025-09-03,2025-10-23,C06417,PK13,AG02,3,0,7845,0.05,Completed,Card
BK-2025-03662,2025-09-04,2025-09-09,C01383,PK02,AG04,2,2,480,0.1,Canceled,Card
BK-2025-03663,2025-09-04,2025-10-12,C01397,PK06,AG13,8,0,1580,0.0,Completed,Bank Transfer
BK-2025-03664,2025-09-04,2025-11-16,C01574,PK01,AG00,8,0,460,0.1,completed,Card
BK-2025-03665,2025-09-04,2025-09-16,C01697,PK12,AG01,2,0,6070,0.1,Cancelled,Bank Transfer
BK-2025-03666,2025-09-04,2025-09-27,C01757,PK01,AG01,2,2,530,0.0,completed,Card
BK-2025-03667,2025-09-04,2025-10-03,C01799,PK05,AG05,1,0,985,0.0,COMPLETED,PayPal
BK-2025-03668,2025-09-04,2025-12-12,C01924,PK11,AG00,2,0,4935,0.0,Completed,Bank Transfer
BK-2025-03669,2025-09-04,2025-12-14,C01965,PK18,AG04,2,0,6580,0.0,Completed,Card
BK-2025-03670,2025-09-04,2025-12-15,C02568,PK08,AG02,2,0,1495,0.0,Completed,M-Pesa
BK-2025-03671,2025-09-04,2025-10-23,C02737,PK01,AG00,2,3,530,0.0,Completed,Bank Transfer
BK-2025-03672,2025-09-04,2026-01-16,C02913,PK09,AG00,2,1,3440,0.0,Completed,Bank Transfer
BK-2025-03673,2025-09-04,2025-10-16,C02973,PK17,AG00,2,0,12395,0.0,Completed,Bank Transfer
BK-2025-03674,2025-09-04,2025-09-30,C03234,PK13,AG00,2,1,7845,0.0,Completed,M-Pesa
BK-2025-03675,2025-09-04,2025-09-21,C04093,PK03,AG05,2,0,685,,Completed,Bank Transfer
BK-2025-03676,2025-09-04,2025-12-22,C04202,PK17,AG00,2,0,12395,0.0,Completed,M-Pesa
BK-2025-03677,2025-09-04,2025-11-11,C04656,PK07,AG00,2,0,2585,0.0,Completed,Bank Transfer
BK-2025-03678,2025-09-04,2025-12-13,C04683,PK05,AG05,2,0,985,0.0,Cancelled,Card
BK-2025-03679,2025-09-04,2025-09-24,C04803,PK01,AG10,2,0,530,0.0,Completed,Card
BK-2025-03680,2025-09-04,2025-12-04,C04934,PK12,AG00,2,3,6070,0.15,Completed ,Card
BK-2025-03681,2025-09-04,2025-10-13,C05660,PK02,AG00,2,0,480,,Completed,M-Pesa
BK-2025-03682,2025-09-04,2025-10-12,C06207,PK14,AG05,1,0,5185,0.0,Completed,Bank Transfer
BK-2025-03683,2025-09-05,2025-10-28,C00001,PK09,AG08,1,0,3290,0.1,Completed,Card
BK-2025-03684,2025-09-05,2025-10-16,C00053,PK09,AG00,2,0,3290,0.0,Completed,PayPal
BK-2025-03685,2025-09-05,2026-02-04,C00190,PK13,AG11,2,3,7130,0.05,Completed,Bank Transfer
BK-2025-03686,2025-09-05,2025-09-20,C00209,PK01,AG07,5,0,530,0.0,Completed,Card
BK-2025-03687,2025-09-05,2025-10-05,C00550,PK02,AG01,1,0,480,0.0,Completed,M-Pesa
BK-2025-03688,2025-09-05,2025-10-27,C01052,PK10,AG00,2,1,1125,0.0,Completed,Bank Transfer
BK-2025-03689,2025-09-05,2026-01-07,C01290,PK17,AG03,6,0,12960,0.15,Completed,Card
BK-2025-03690,2025-09-05,2025-09-17,C01313,PK06,AG00,5,0,1580,0.1,Completed,Bank Transfer
BK-2025-03691,2025-09-05,2025-09-08,C01441,PK05,AG01,2,0,985,0.0,Completed,PayPal
BK-2025-03692,2025-09-05,2025-10-05,C02124,PK01,AG00,2,2,530,0.0,Completed,PayPal
BK-2025-03693,2025-09-05,2025-10-05,C02265,PK03,AG01,8,0,685,0.0,Completed,M-Pesa
BK-2025-03694,2025-09-05,2026-08-27,C02355,PK16,AG00,2,0,6085,0.1,Confirmed,M-Pesa
BK-2025-03695,2025-09-05,2025-11-26,C02622,PK14,AG00,2,3,4510,0.05,Completed,Card
BK-2025-03696,2025-09-05,2025-10-10,C03280,PK03,AG00,1,0,685,0.0,Completed,Card
BK-2025-03697,2025-09-05,2025-12-23,C04210,PK18,AG11,2,0,6580,0.05,Canceled,Bank Transfer
BK-2025-03698,2025-09-05,2025-11-04,C04790,PK18,AG09,1,0,5720,0.1,Completed,Card
BK-2025-03699,2025-09-05,2025-10-21,C04961,PK14,AG10,9,0,5185,0.05,Completed,PayPal
BK-2025-03700,2025-09-05,2026-01-03,C05073,PK17,AG07,12,0,12960,0.05,Completed,Card
BK-2025-03701,2025-09-05,2025-09-08,C05107,PK05,AG10,2,0,985,0.0,Completed,PayPal
BK-2025-03702,2025-09-05,2025-10-22,C05510,PK01,AG00,2,0,530,0.05,Completed,Card
BK-2025-03703,2025-09-05,2025-10-26,C05651,PK10,AG05,2,0,1125,0.0,Completed,PayPal
BK-2025-03704,2025-09-05,2025-09-22,C06282,PK01,AG02,1,0,530,0.05,Completed,Card
BK-2025-03705,2025-09-06,2025-12-05,C00184,PK18,AG06,1,0,6580,0.0,Completed,PayPal
BK-2025-03706,2025-09-06,2025-11-17,C00512,PK07,AG01,1,0,2585,0.0,Completed,M-Pesa
BK-2025-03707,2025-09-06,2026-01-20,C00623,PK09,AG00,2,0,3440,0.1,Completed,Card
BK-2025-03708,2025-09-06,2026-03-30,C00693,PK13,AG08,2,0,7130,0.0,Completed,Card
BK-2025-03709,2025-09-06,2025-09-25,C01423,PK01,AG09,4,0,530,0.1,Completed ,PayPal
BK-2025-03710,2025-09-06,2025-10-06,C01665,PK02,AG10,8,0,480,0.1,Completed,Bank Transfer
BK-2025-03711,2025-09-06,2025-09-28,C02072,PK01,AG02,2,0,530,0.0,Completed,Card
BK-2025-03712,2025-09-06,2025-12-09,C02461,PK17,AG02,2,0,12395,0.05,Completed,Card
BK-2025-03713,2025-09-06,2025-09-13,C02917,PK01,AG05,2,0,530,0.0,Completed,Bank Transfer
BK-2025-03714,2025-09-06,2025-11-30,C02994,PK07,AG00,2,0,2585,0.05,Completed,PayPal
BK-2025-03715,2025-09-06,2025-12-11,C03176,PK18,AG04,2,0,6580,0.1,Completed,PayPal
BK-2025-03716,2025-09-06,2025-12-01,C03234,PK15,AG02,2,1,4935,0.05,Completed,Card
BK-2025-03717,2025-09-06,2025-12-20,C03436,PK13,AG00,2,0,7845,0.1,Completed,M-Pesa
BK-2025-03718,2025-09-06,2025-10-23,C03823,PK11,AG00,9,0,4935,0.0,Completed,Card
BK-2025-03719,2025-09-06,2025-10-19,C04212,PK10,AG01,4,0,1125,0.0,Completed,Card
BK-2025-03720,2025-09-06,2025-12-18,C05492,PK12,AG11,2,0,6070,0.05,Completed,Bank Transfer
BK-2025-03721,2025-09-06,2025-10-15,C05641,PK10,AG01,2,2,1125,0.0,Completed,Bank Transfer
BK-2025-03722,2025-09-06,2025-10-27,C06123,PK05,AG06,2,0,985,0.0,Completed,Card
BK-2025-03723,2025-09-06,2025-11-29,C06149,PK09,AG13,6,0,2860,0.0,Completed,Card
BK-2025-03724,2025-09-07,2025-10-30,C00803,PK16,AG06,2,3,5820,0.0,Completed,Card
BK-2025-03725,2025-09-07,2025-10-12,C01226,PK01,AG10,9,0,530,0.1,Completed,Bank Transfer
BK-2025-03726,2025-09-07,2025-10-03,C01390,PK13,AG00,2,0,7845,0.0,Completed,Card
BK-2025-03727,2025-09-07,2025-12-20,C01868,PK17,AG09,4,0,12395,0.05,Completed,Card
BK-2025-03728,2025-09-07,2026-01-27,C02024,PK17,AG11,2,2,12960,0.05,Completed,Card
BK-2025-03729,2025-09-07,2025-10-01,C02300,PK15,AG03,2,0,4935,0.0,Completed,Card
BK-2025-03730,2025-09-07,2025-09-12,C02559,PK07,AG03,2,0,2975,0.0,Completed,M-Pesa
BK-2025-03731,2025-09-07,2025-09-20,C02730,PK05,AG08,1,0,985,0.05,Completed,Card
BK-2025-03732,2025-09-07,2026-02-05,C02859,PK18,AG03,2,0,5980,0.05,Completed ,Card
BK-2025-03733,2025-09-07,2025-11-15,C03355,PK07,AG03,2,3,2585,0.0,Completed,Card
BK-2025-03734,2025-09-07,2025-10-22,C03831,PK08,AG00,2,1,1495,0.05,Completed,Bank Transfer
BK-2025-03735,2025-09-07,2025-11-18,C04125,PK12,AG07,2,0,5280,0.0,Completed,M-Pesa
BK-2025-03736,2025-09-07,2025-09-30,C04485,PK09,AG00,2,0,3290,,Completed,Card
BK-2025-03737,2025-09-07,2026-03-04,C05039,PK06,AG03,2,1,1440,0.1,Completed,Bank Transfer
BK-2025-03738,2025-09-07,2025-12-11,C05509,PK18,AG02,2,0,6580,0.05,Completed ,Card
BK-2025-03739,2025-09-08,2025-11-22,C01663,PK15,AG02,1,0,4290,0.0,Completed,Bank Transfer
BK-2025-03740,2025-09-08,2026-01-26,C01706,PK14,AG04,1,0,5420,0.0,Completed,M-Pesa
BK-2025-03741,2025-09-08,2025-12-12,C02372,PK11,AG00,2,3,4935,0.1,Completed,M-Pesa
BK-2025-03742,2025-09-08,2026-02-08,C03069,PK12,AG00,2,0,5520,0.0,Completed,Bank Transfer
BK-2025-03743,2025-09-08,2025-11-05,C03268,PK07,AG02,2,0,2585,0.0,Completed,PayPal
BK-2025-03744,2025-09-08,2025-10-10,C03935,PK18,AG00,2,0,6580,0.0,Completed,Card
BK-2025-03745,2025-09-08,2025-09-21,C04320,PK02,AG00,1,0,480,0.0,Completed,PayPal
BK-2025-03746,2025-09-08,2026-05-08,C04628,PK18,AG09,2,0,5980,0.0,Cancelled,Bank Transfer
BK-2025-03747,2025-09-08,2026-01-23,C05163,PK09,AG01,2,0,3440,0.1,Cancelled,Card
BK-2025-03748,2025-09-08,2026-08-20,C05233,PK15,AG00,2,0,5160,0.15,CONFIRMED,PayPal
BK-2025-03749,2025-09-09,2025-10-16,C00073,PK06,AG06,2,0,1580,0.05,Completed,Card
BK-2025-03750,2025-09-09,2025-10-12,C00080,PK16,AG02,5,0,5820,0.05,Completed,Bank Transfer
BK-2025-03751,2025-09-09,2025-10-19,C00223,PK01,AG00,2,0,530,0.05,Completed,Bank Transfer
BK-2025-03752,2025-09-09,2026-01-27,C01409,PK06,AG00,1,0,1655,0.1,Completed,Card
BK-2025-03753,2025-09-09,2025-12-16,C01519,PK13,AG01,1,0,7845,0.15,Completed,Card
BK-2025-03754,2025-09-09,2025-10-30,C02117,PK08,AG13,8,0,1495,0.1,Completed,M-Pesa
BK-2025-03755,2025-09-09,2026-06-09,C02230,PK18,AG10,2,0,5980,0.0,Completed,Card
BK-2025-03756,2025-09-09,2025-11-24,C03112,PK06,AG06,1,0,1375,0.0,Completed,Card
BK-2025-03757,2025-09-09,2025-09-21,C03422,PK07,AG05,2,0,2975,0.05,Cancelled,Bank Transfer
BK-2025-03758,2025-09-09,2025-09-26,C04025,PK01,AG10,2,0,530,0.0,Completed,Bank Transfer
BK-2025-03759,2025-09-09,2025-10-02,C04367,PK12,AG04,8,0,6070,0.0,Completed,Card
BK-2025-03760,2025-09-09,2026-01-13,C04552,PK18,AG00,1,0,6875,0.0,Cancelled,M-Pesa
BK-2025-03761,2025-09-09,2025-12-01,C04724,PK06,AG00,2,2,1580,0.0,Cancelled,Card
BK-2025-03762,2025-09-09,2025-09-27,C04881,PK04,AG04,7,0,630,0.05,Cancelled,Bank Transfer
BK-2025-03763,2025-09-09,2025-12-03,C04966,PK08,AG00,2,0,1495,0.0,Completed,PayPal
BK-2025-03764,2025-09-09,2026-03-08,C05016,PK14,AG13,9,0,4715,0.05,completed,Bank Transfer
BK-2025-03765,2025-09-09,2026-09-04,C05108,PK16,AG04,1,0,6085,0.0,Cancelled,Bank Transfer
BK-2025-03766,2025-09-09,2025-09-23,C05194,PK07,AG01,2,0,2975,0.05,Completed,Card
BK-2025-03767,2025-09-09,2025-09-29,C05865,PK06,AG00,5,0,1580,0.05,Completed,PayPal
BK-2025-03768,2025-09-09,2026-03-02,C05928,PK12,AG10,2,0,5520,0.0,Completed,M-Pesa
BK-2025-03769,2025-09-09,2025-11-07,C06317,PK10,AG05,1,0,980,0.1,Completed,Card
BK-2025-03770,2025-09-09,2025-12-27,C06394,PK10,AG02,2,0,1125,0.0,Completed,Card
BK-2025-03771,2025-09-10,2025-12-17,C02921,PK06,AG00,2,0,1580,0.05,Completed ,Bank Transfer
BK-2025-03772,2025-09-10,2025-11-30,C03750,PK10,AG00,9,0,980,0.15,Completed,Bank Transfer
BK-2025-03773,2025-09-10,2025-12-31,C03840,PK09,AG09,2,0,3290,0.0,Completed ,Card
BK-2025-03774,2025-09-10,2025-09-27,C04142,PK08,AG00,1,0,1495,0.0,Completed,PayPal
BK-2025-03775,2025-09-10,2026-03-20,C04412,PK06,AG09,2,3,1440,0.05,Completed,Card
BK-2025-03776,2025-09-10,2025-09-13,C04762,PK06,AG02,2,3,1580,0.05,Completed,PayPal
BK-2025-03777,2025-09-10,2025-09-29,C06024,PK05,AG04,2,0,985,0.0,Completed,Bank Transfer
BK-2025-03778,2025-09-10,2026-07-23,C06346,PK12,AG13,3,0,6350,0.0,Confirmed,Card
BK-2025-03779,2025-09-10,2026-07-01,C06486,PK14,AG08,2,0,5420,0.0,Confirmed,Card
BK-2025-03780,2025-09-11,2025-09-14,C00198,PK04,AG00,3,0,630,0.1,Completed,Bank Transfer
BK-2025-03781,2025-09-11,2025-09-24,C00765,PK03,AG11,1,0,685,0.0,Completed,Card
BK-2025-03782,2025-09-11,2025-12-15,C02882,PK12,AG03,2,0,6070,0.1,Completed,Card
BK-2025-03783,2025-09-11,2025-10-01,C02985,PK03,AG07,5,0,685,0.1,COMPLETED,Bank Transfer
BK-2025-03784,2025-09-11,2025-12-13,C03235,PK13,AG02,9,0,7845,0.05,Cancelled,Card
BK-2025-03785,2025-09-11,2026-08-09,C03420,PK12,AG01,1,0,6350,0.0,Confirmed,Card
BK-2025-03786,2025-09-11,2025-10-16,C03818,PK03,AG00,2,0,685,0.05,Completed,Card
BK-2025-03787,2025-09-11,2026-02-09,C03849,PK12,AG03,2,0,5520,0.0,Completed,PayPal
BK-2025-03788,2025-09-11,2025-10-06,C04092,PK10,AG06,2,0,1125,0.05,completed,Card
BK-2025-03789,2025-09-11,2025-10-04,C04473,PK03,AG04,2,0,685,0.1,Canceled,Bank Transfer
BK-2025-03790,2025-09-11,2025-12-13,C05254,PK11,AG06,1,0,4935,0.0,Completed,Card
BK-2025-03791,2025-09-11,2025-12-12,C06273,PK18,AG04,2,1,6580,0.0,Completed,Card
BK-2025-03792,2025-09-11,2026-01-24,C06369,PK12,AG00,2,2,6350,0.1,Completed,Card
BK-2025-03793,2025-09-12,2025-11-27,C00347,PK13,AG05,1,0,6820,0.0,Completed,PayPal
BK-2025-03794,2025-09-12,2025-10-22,C00438,PK03,AG03,6,0,685,0.0,Cancelled,Card
BK-2025-03795,2025-09-12,2025-12-16,C00470,PK08,AG02,2,0,1495,0.0,Completed,Bank Transfer
BK-2025-03796,2025-09-12,2026-01-18,C00753,PK12,AG06,2,0,6350,0.0,Completed,Card
BK-2025-03797,2025-09-12,2025-11-10,C01180,PK11,AG04,2,0,4290,0.0,Cancelled,PayPal
BK-2025-03798,2025-09-12,2025-12-05,C01611,PK12,AG00,2,3,6070,,Completed,Bank Transfer
BK-2025-03799,2025-09-12,2025-11-03,C01675,PK01,AG11,7,0,460,0.0,Completed,M-Pesa
BK-2025-03800,2025-09-12,2025-11-07,C01973,PK05,AG00,9,0,860,0.0,Completed,Bank Transfer
BK-2025-03801,2025-09-12,2025-12-13,C02269,PK18,AG06,2,0,6580,0.05,Completed,Bank Transfer
BK-2025-03802,2025-09-12,2025-10-27,C02310,PK04,AG00,2,0,630,0.05,Completed,Card
BK-2025-03803,2025-09-12,2025-10-23,C02441,PK09,AG01,1,0,3290,0.0,Completed,Card
BK-2025-03804,2025-09-12,2025-09-16,C02638,PK16,AG01,2,3,5820,0.0,Cancelled,Card
BK-2025-03805,2025-09-12,2025-10-10,C02719,PK01,AG00,10,0,530,0.05,Completed,Bank Transfer
BK-2025-03806,2025-09-12,2025-09-29,C03288,PK16,AG04,2,0,5820,0.0,Completed,Card
BK-2025-03807,2025-09-12,2026-02-18,C03341,PK15,AG00,1,0,4485,,Completed,Bank Transfer
BK-2025-03808,2025-09-12,2026-01-04,C03857,PK08,AG00,7,0,1560,0.0,Completed,Card
BK-2025-03809,2025-09-12,2025-10-14,C04309,PK08,AG02,4,0,1495,,completed,PayPal
BK-2025-03810,2025-09-12,2025-10-07,C04475,PK10,AG00,2,0,1125,0.05,Completed,M-Pesa
BK-2025-03811,2025-09-12,2026-02-10,C04499,PK13,AG00,2,0,7130,0.0,Completed,PayPal
BK-2025-03812,2025-09-12,2026-08-08,C04708,PK11,AG00,7,0,5160,0.0,Confirmed,M-Pesa
BK-2025-03813,2025-09-12,2025-10-16,C05334,PK09,AG00,8,0,3290,0.05,Completed,Bank Transfer
BK-2025-03814,2025-09-12,2025-10-24,C05542,PK13,AG00,2,0,7845,0.0,Completed,Bank Transfer
BK-2025-03815,2025-09-13,2025-09-24,C00287,PK06,AG00,2,0,1580,0.15,Completed,Card
BK-2025-03816,2025-09-13,2025-10-07,C00725,PK06,AG02,2,3,1580,0.1,Completed,Bank Transfer
BK-2025-03817,2025-09-13,2026-01-29,C01871,PK12,AG07,1,0,6350,0.0,Completed,Card
BK-2025-03818,2025-09-13,2026-01-11,C01896,PK14,AG00,2,1,5420,0.0,Completed,Bank Transfer
BK-2025-03819,2025-09-13,2025-09-18,C02738,PK03,AG02,1,0,685,0.0,Completed,Bank Transfer
BK-2025-03820,2025-09-13,2026-02-13,C02958,PK11,AG02,2,0,4485,0.1,Cancelled,PayPal
BK-2025-03821,2025-09-13,2025-11-11,C03593,PK01,AG00,2,3,460,0.05,Completed,PayPal
BK-2025-03822,2025-09-13,2025-09-27,C05135,PK04,AG00,2,0,630,0.05,Completed,Card
BK-2025-03823,2025-09-13,2025-11-25,C06038,PK16,AG00,2,1,5060,0.0,Completed,Bank Transfer
BK-2025-03824,2025-09-13,2025-09-29,C06403,PK06,AG01,2,3,1580,0.15,Completed,M-Pesa
BK-2025-03825,2025-09-14,2025-10-04,C00468,PK01,AG00,2,1,530,0.0,Cancelled,Card
BK-2025-03826,2025-09-14,2025-12-28,C00626,PK09,AG02,2,0,3290,0.0,Cancelled,Card
BK-2025-03827,2025-09-14,2025-10-02,C01059,PK02,AG00,2,0,480,0.0,Completed,Card
BK-2025-03828,2025-09-14,2025-10-16,C01503,PK02,AG11,2,0,480,0.05,Completed,M-Pesa
BK-2025-03829,2025-09-14,2025-11-06,C01971,PK13,AG00,1,0,6820,0.1,Completed,Card
BK-2025-03830,2025-09-14,2026-01-23,C02168,PK06,AG02,2,2,1655,0.0,Completed,Bank Transfer
BK-2025-03831,2025-09-14,2025-09-30,C02211,PK02,AG03,2,0,480,0.0,Completed,Card
BK-2025-03832,2025-09-14,2025-10-29,C02455,PK09,AG02,2,0,3290,0.0,Completed,Card
BK-2025-03833,2025-09-14,2026-01-19,C02489,PK06,AG00,2,0,1655,0.05,Completed,Card
BK-2025-03834,2025-09-14,2026-01-25,C02677,PK13,AG00,1,0,8200,0.0,Completed,Bank Transfer
BK-2025-03835,2025-09-14,2026-10-16,C03466,PK06,AG00,2,1,1655,0.05,Confirmed,Bank Transfer
BK-2025-03836,2025-09-14,2025-10-11,C03669,PK09,AG03,2,0,3290,0.0,Completed,Bank Transfer
BK-2025-03837,2025-09-14,2025-10-09,C04044,PK11,AG00,2,3,4935,0.05,Completed,Card
BK-2025-03838,2025-09-14,2025-10-02,C04303,PK02,AG01,2,0,480,0.0,Completed,Bank Transfer
BK-2025-03839,2025-09-14,2025-11-02,C04730,PK01,AG01,1,0,460,0.1,Completed,PayPal
BK-2025-03840,2025-09-14,2025-10-31,C04850,PK06,AG00,5,0,1580,0.1,Completed,Card
BK-2025-03841,2025-09-14,2025-10-01,C04968,PK07,AG00,2,1,2975,0.1,Completed,Bank Transfer
BK-2025-03842,2025-09-14,2025-11-11,C05207,PK12,AG04,2,3,5280,0.0,Completed,Card
BK-2025-03843,2025-09-14,2025-12-17,C05526,PK03,AG00,2,0,685,,Completed,Bank Transfer
BK-2025-03844,2025-09-14,2025-10-26,C05666,PK18,AG04,1,0,6580,0.0,Completed,Card
BK-2025-03845,2025-09-14,2025-12-11,C06054,PK02,AG00,4,0,480,0.0,Completed,Bank Transfer
BK-2025-03846,2025-09-14,2025-10-11,C06169,PK08,AG03,1,0,1495,0.1,Completed,Bank Transfer
BK-2025-03847,2025-09-14,2026-01-10,C06245,PK13,AG07,2,3,8200,0.0,Completed,Card
BK-2025-03848,2025-09-15,2025-11-02,C00080,PK07,AG02,9,0,2585,0.05,Completed,M-Pesa
BK-2025-03849,2025-09-15,2025-10-18,C00323,PK09,AG00,4,0,3290,0.15,Completed,Bank Transfer
BK-2025-03850,2025-09-15,2025-10-01,C00326,PK03,AG01,4,0,685,0.1,Completed,Card
BK-2025-03851,2025-09-15,2026-03-07,C00741,PK09,AG02,7,0,2990,0.1,Completed,Card
BK-2025-03852,2025-09-15,2025-12-20,C01839,PK16,AG02,2,0,5820,0.0,Completed,Card
BK-2025-03853,2025-09-15,2025-10-02,C03355,PK17,AG04,2,3,12395,,Completed ,Card
BK-2025-03854,2025-09-15,2026-01-02,C03492,PK07,AG13,3,0,3110,0.05,Completed,Card
BK-2025-03855,2025-09-15,2026-07-02,C03960,PK16,AG01,2,3,6085,0.0,Confirmed,Card
BK-2025-03856,2025-09-15,2026-02-19,C04219,PK16,AG00,2,0,5290,0.0,Completed,PayPal
BK-2025-03857,2025-09-15,2026-01-21,C04242,PK01,AG00,2,2,555,0.0,Completed,PayPal
BK-2025-03858,2025-09-15,2025-09-27,C04299,PK13,AG10,1,0,7845,0.0,Completed,Card
BK-2025-03859,2025-09-15,2025-09-28,C04300,PK03,AG10,6,0,685,0.15,Completed,PayPal
BK-2025-03860,2025-09-15,2025-11-09,C04985,PK05,AG07,2,0,860,0.05,Completed,Bank Transfer
BK-2025-03861,2025-09-15,2025-10-25,C05057,PK08,AG00,2,1,1495,0.05,Completed,Bank Transfer
BK-2025-03862,2025-09-15,2025-10-26,C05244,PK09,AG13,4,0,3290,0.1,Completed ,Bank Transfer
BK-2025-03863,2025-09-15,2026-01-01,C05455,PK18,AG02,2,1,6875,0.0,Completed,Card
BK-2025-03864,2025-09-15,2025-12-29,C06053,PK17,AG00,2,0,12395,0.05,Completed,Bank Transfer
BK-2025-03865,2025-09-15,2025-09-28,C06170,PK03,AG00,1,0,685,0.05,Cancelled,Card
BK-2025-03866,2025-09-15,2025-10-25,C06239,PK01,AG00,6,0,530,0.15,Completed,Card
BK-2025-03867,2025-09-16,2025-10-07,C00072,PK03,AG00,1,0,685,0.1,Completed,PayPal
BK-2025-03868,2025-09-16,2025-10-10,C00375,PK08,AG02,1,0,1495,0.0,Completed,Card
BK-2025-03869,2025-09-16,2025-10-23,C00690,PK01,AG00,5,0,530,0.1,Completed,Card
BK-2025-03870,2025-09-16,2025-12-24,C00952,PK15,AG03,2,3,4935,0.1,Canceled,Card
BK-2025-03871,2025-09-16,2025-10-01,C01101,PK12,AG00,5,0,6070,0.05,Completed,Card
BK-2025-03872,2025-09-16,2026-02-06,C01410,PK13,AG02,2,1,7130,0.1,Completed,Card
BK-2025-03873,2025-09-16,2025-10-08,C01519,PK12,AG11,1,0,6070,0.0,COMPLETED,Bank Transfer
BK-2025-03874,2025-09-16,2025-12-06,C01778,PK12,AG00,2,0,6070,0.05,Completed,Bank Transfer
BK-2025-03875,2025-09-16,2025-11-14,C01794,PK16,AG02,1,0,5060,0.0,Cancelled,PayPal
BK-2025-03876,2025-09-16,2025-11-21,C01844,PK12,AG10,4,0,5280,0.05,Completed,Card
BK-2025-03877,2025-09-16,2025-12-31,C02389,PK12,AG00,2,0,6070,0.15,Completed,Card
BK-2025-03878,2025-09-16,2025-10-22,C03209,PK01,AG00,1,0,530,,Completed,Card
BK-2025-03879,2025-09-16,2026-02-02,C03563,PK06,AG11,2,0,1440,0.1,Completed,Bank Transfer
BK-2025-03880,2025-09-16,2026-01-09,C03978,PK16,AG02,2,0,6085,0.0,Completed,M-Pesa
BK-2025-03881,2025-09-17,2025-10-01,C00136,PK12,AG07,2,0,6070,0.05,Completed,Card
BK-2025-03882,2025-09-17,2025-10-13,C00512,PK01,AG07,1,0,530,0.0,Completed,Bank Transfer
BK-2025-03883,2025-09-17,2025-12-20,C00714,PK08,AG03,2,0,1495,0.15,Canceled,Bank Transfer
BK-2025-03884,2025-09-17,2025-10-23,C01214,PK01,AG05,2,0,530,0.0,Completed,Bank Transfer
BK-2025-03885,2025-09-17,2026-07-17,C02371,PK13,AG02,9,0,8200,0.0,Confirmed,Bank Transfer
BK-2025-03886,2025-09-17,2025-12-07,C02672,PK17,AG06,1,0,12395,0.0,Completed,Card
BK-2025-03887,2025-09-17,2025-10-01,C03109,PK05,AG04,2,0,985,0.05,Completed,Card
BK-2025-03888,2025-09-17,2025-11-13,C03530,PK16,AG01,2,0,5060,0.0,Completed,Card
BK-2025-03889,2025-09-17,2025-12-13,C03620,PK07,AG03,2,1,2975,0.0,Completed,Bank Transfer
BK-2025-03890,2025-09-17,2026-01-29,C03669,PK06,AG03,2,0,1655,0.05,Completed,Card
BK-2025-03891,2025-09-17,2025-10-05,C03904,PK01,AG07,2,0,530,0.1,Cancelled,Bank Transfer
BK-2025-03892,2025-09-17,2025-12-29,C04946,PK07,AG10,2,3,2975,0.1,Completed,Bank Transfer
BK-2025-03893,2025-09-17,2025-10-02,C05233,PK02,AG00,2,0,480,0.0,Cancelled,Card
BK-2025-03894,2025-09-17,2026-01-12,C05302,PK10,AG07,2,1,1175,0.0,Completed,Bank Transfer
BK-2025-03895,2025-09-17,2025-10-14,C05919,PK01,AG03,6,0,530,0.1,Completed,Card
BK-2025-03896,2025-09-17,2025-10-15,C06131,PK01,AG08,1,0,530,0.0,Completed,M-Pesa
BK-2025-03897,2025-09-17,2025-12-25,C06322,PK12,AG01,8,0,6070,0.05,Completed,PayPal
BK-2025-03898,2025-09-17,2025-11-07,C06416,PK07,AG00,2,0,2585,0.0,Completed,Bank Transfer
BK-2025-03899,2025-09-18,2025-10-07,C00452,PK05,AG13,12,0,985,0.05,COMPLETED,Card
BK-2025-03900,2025-09-18,2025-10-28,C01403,PK05,AG01,2,0,985,0.0,Completed,Card
BK-2025-03901,2025-09-18,2025-10-04,C01812,PK09,AG03,8,0,3290,0.1,Completed,Card
BK-2025-03902,2025-09-18,2025-12-30,C02254,PK10,AG01,3,0,1125,0.1,Completed,Card
BK-2025-03903,2025-09-18,2025-11-12,C02409,PK16,AG11,2,2,5060,0.0,Completed,Card
BK-2025-03904,2025-09-18,2025-10-14,C02416,PK01,AG13,8,0,530,0.1,Completed,Card
BK-2025-03905,2025-09-18,2025-10-16,C03007,PK05,AG11,12,0,985,0.0,Completed,Card
BK-2025-03906,2025-09-18,2025-10-21,C03423,PK06,AG04,2,0,1580,0.1,Completed,Card
BK-2025-03907,2025-09-18,2025-11-03,C05902,PK07,AG04,2,0,2585,0.0,Completed,PayPal
BK-2025-03908,2025-09-19,2025-12-28,C00036,PK13,AG08,1,0,7845,0.0,Completed,Card
BK-2025-03909,2025-09-19,2025-11-20,C00618,PK18,AG00,1,0,5720,0.0,Completed,Card
BK-2025-03910,2025-09-19,2025-12-12,C00744,PK16,AG10,2,0,5820,0.0,Completed,PayPal
BK-2025-03911,2025-09-19,2025-10-31,C01053,PK08,AG00,6,0,1495,0.15,COMPLETED,Card
BK-2025-03912,2025-09-19,2025-10-29,C01128,PK01,AG04,2,0,530,0.05,Completed,Card
BK-2025-03913,2025-09-19,2026-03-17,C01494,PK15,AG00,2,3,4485,0.0,Completed,Card
BK-2025-03914,2025-09-19,2026-02-03,C02059,PK18,AG03,9,0,5980,0.1,Cancelled ,M-Pesa
BK-2025-03915,2025-09-19,2025-12-14,C02160,PK06,AG08,1,0,1580,0.1,Completed,Card
BK-2025-03916,2025-09-19,2025-10-07,C02332,PK01,AG00,2,0,530,0.0,Completed ,Bank Transfer
BK-2025-03917,2025-09-19,2025-10-18,C02975,PK10,AG04,2,0,1125,0.0,Completed,Bank Transfer
BK-2025-03918,2025-09-19,2025-10-11,C03003,PK03,AG11,2,0,685,0.0,Canceled,Bank Transfer
BK-2025-03919,2025-09-19,2025-12-23,C03461,PK13,AG11,7,0,7845,0.05,Completed,Card
BK-2025-03920,2025-09-19,2025-09-23,C03567,PK05,AG04,2,3,985,0.0,Completed,PayPal
BK-2025-03921,2025-09-19,2026-08-30,C03625,PK17,AG04,2,0,12960,0.05,Cancelled,Card
BK-2025-03922,2025-09-19,2026-07-14,C03713,PK12,AG04,2,0,6350,0.0,Confirmed,Bank Transfer
BK-2025-03923,2025-09-19,2026-03-27,C03822,PK12,AG00,2,1,5520,0.0,Completed,M-Pesa
BK-2025-03924,2025-09-19,2025-10-02,C04062,PK04,AG00,2,3,630,0.0,Completed,M-Pesa
BK-2025-03925,2025-09-19,2025-10-27,C04491,PK03,AG07,5,0,685,0.1,Completed,Card
BK-2025-03926,2025-09-19,2025-12-12,C05294,PK18,AG13,6,0,6580,0.15,Completed,Card
BK-2025-03927,2025-09-19,2025-10-18,C05328,PK01,AG02,2,1,530,0.0,Completed,Card
BK-2025-03928,2025-09-19,2026-02-20,C05544,PK13,AG10,2,0,7130,0.05,Cancelled,M-Pesa
BK-2025-03929,2025-09-19,2025-10-05,C05553,PK06,AG01,2,3,1580,0.0,completed,Card
BK-2025-03930,2025-09-19,2025-10-02,C05922,PK06,AG04,2,0,1580,0.0,Completed,Card
BK-2025-03931,2025-09-20,2025-12-01,C01668,PK01,AG04,2,0,530,0.0,Completed,Bank Transfer
BK-2025-03932,2025-09-20,2025-10-12,C02492,PK07,AG04,2,0,2975,,Completed,Bank Transfer
BK-2025-03933,2025-09-20,2025-10-17,C02653,PK01,AG00,2,1,530,0.0,Completed,PayPal
BK-2025-03934,2025-09-20,2025-12-22,C02969,PK14,AG02,2,0,5185,0.0,COMPLETED,Bank Transfer
BK-2025-03935,2025-09-20,2025-10-10,C03962,PK09,AG09,2,0,3290,0.0,Completed,PayPal
BK-2025-03936,2025-09-20,2025-10-27,C04381,PK10,AG01,6,0,1125,0.1,Completed ,M-Pesa
BK-2025-03937,2025-09-20,2026-04-12,C04498,PK16,AG00,2,0,5290,0.05,Completed,M-Pesa
BK-2025-03938,2025-09-20,2026-01-16,C04500,PK06,AG03,2,0,1655,,Completed,Bank Transfer
BK-2025-03939,2025-09-20,2025-10-13,C05057,PK14,AG00,2,3,5185,0.0,Completed ,Card
BK-2025-03940,2025-09-20,2025-10-06,C05274,PK18,AG09,4,0,6580,0.05,Completed,Card
BK-2025-03941,2025-09-20,2025-10-07,C05377,PK01,AG06,5,0,530,0.05,Cancelled,Card
BK-2025-03942,2025-09-20,2025-12-16,C05784,PK12,AG00,2,0,6070,0.0,Completed,M-Pesa
BK-2025-03943,2025-09-20,2026-01-28,C06385,PK13,AG10,1,0,8200,0.0,Completed,Card
BK-2025-03944,2025-09-21,2026-01-20,C00013,PK18,AG00,2,3,6875,0.05,Canceled,PayPal
BK-2025-03945,2025-09-21,2025-10-16,C00118,PK09,AG11,2,0,3290,0.05,Completed,Bank Transfer
BK-2025-03946,2025-09-21,2025-10-10,C00151,PK17,AG01,1,0,12395,0.1,Completed,Card
BK-2025-03947,2025-09-21,2025-10-20,C01128,PK03,AG00,2,0,685,0.15,Completed,M-Pesa
BK-2025-03948,2025-09-21,2026-10-20,C01873,PK15,AG08,2,2,5160,0.0,Confirmed,M-Pesa
BK-2025-03949,2025-09-21,2026-07-24,C03406,PK14,AG12,5,0,5420,0.1,Confirmed,M-Pesa
BK-2025-03950,2025-09-21,2025-10-13,C03646,PK03,AG04,2,0,685,0.0,Canceled,Bank Transfer
BK-2025-03951,2025-09-21,2025-10-23,C03654,PK02,AG00,6,0,480,0.1,Canceled,Bank Transfer
BK-2025-03952,2025-09-21,2025-11-01,C03941,PK11,AG02,2,0,4290,0.05,Completed,Bank Transfer
BK-2025-03953,2025-09-21,2026-01-14,C04029,PK14,AG00,6,0,5420,0.1,Completed,Card
BK-2025-03954,2025-09-21,2025-12-14,C04329,PK10,AG12,4,0,1125,0.05,Completed,Card
BK-2025-03955,2025-09-21,2025-10-12,C04560,PK07,AG00,2,2,2975,0.0,Completed,Bank Transfer
BK-2025-03956,2025-09-21,2025-11-06,C05187,PK07,AG05,1,0,2585,0.0,Completed,M-Pesa
BK-2025-03957,2025-09-21,2025-10-17,C05260,PK05,AG00,2,3,985,0.0,Completed,Card
BK-2025-03958,2025-09-21,2025-10-08,C05541,PK06,AG00,1,0,1580,0.1,Completed,Card
BK-2025-03959,2025-09-21,2025-12-28,C05658,PK06,AG00,2,2,1580,0.0,Completed,Bank Transfer
BK-2025-03960,2025-09-22,2026-01-03,C01860,PK05,AG08,9,0,1030,0.0,Completed,Card
BK-2025-03961,2025-09-22,2025-09-25,C02150,PK03,AG10,2,0,685,0.1,Completed,M-Pesa
BK-2025-03962,2025-09-22,2025-10-18,C02768,PK03,AG07,2,0,685,0.0,Completed,M-Pesa
BK-2025-03963,2025-09-22,2025-12-01,C02775,PK08,AG03,7,0,1495,0.1,Cancelled,Card
BK-2025-03964,2025-09-22,2025-11-03,C03203,PK04,AG02,2,0,550,0.0,COMPLETED,Card
BK-2025-03965,2025-09-22,2025-10-31,C03222,PK01,AG10,2,2,530,0.0,Completed,PayPal
BK-2025-03966,2025-09-22,2025-10-29,C04266,PK14,AG04,9,0,5185,0.1,Cancelled,Bank Transfer
BK-2025-03967,2025-09-22,2026-01-12,C04431,PK14,AG05,2,2,5420,0.0,completed,Card
BK-2025-03968,2025-09-22,2026-02-19,C04859,PK15,AG01,2,2,4485,0.0,Completed,Card
BK-2025-03969,2025-09-22,2025-10-09,C04942,PK01,AG03,2,0,530,0.0,Completed,Card
BK-2025-03970,2025-09-22,2026-01-24,C05129,PK06,AG00,2,0,1655,0.0,completed,Card
BK-2025-03971,2025-09-22,2025-10-23,C05976,PK01,AG03,2,0,530,0.15,Completed,PayPal
BK-2025-03972,2025-09-22,2026-01-21,C06358,PK18,AG07,2,2,6875,0.05,Cancelled,Card
BK-2025-03973,2025-09-23,2025-10-27,C00698,PK09,AG08,4,0,3290,0.1,Completed,Card
BK-2025-03974,2025-09-23,2025-09-29,C00879,PK01,AG00,8,0,530,0.0,Completed,Bank Transfer
BK-2025-03975,2025-09-23,2025-11-06,C01055,PK03,AG02,2,2,595,0.15,Completed,PayPal
BK-2025-03976,2025-09-23,2025-11-09,C01077,PK13,AG04,2,1,6820,0.05,Completed ,Bank Transfer
BK-2025-03977,2025-09-23,2025-11-25,C01477,PK08,AG02,2,0,1300,0.0,Cancelled,Card
BK-2025-03978,2025-09-23,2025-12-02,C02658,PK01,AG06,1,0,530,0.0,Completed,Bank Transfer
BK-2025-03979,2025-09-23,2025-10-21,C02711,PK05,AG01,2,0,985,0.1,Completed,Card
BK-2025-03980,2025-09-23,2025-11-28,C02799,PK18,AG00,2,0,5720,0.05,Completed,Card
BK-2025-03981,2025-09-23,2025-09-29,C03299,PK11,AG03,6,0,4935,0.1,Completed,Bank Transfer
BK-2025-03982,2025-09-23,2026-02-09,C04104,PK14,AG09,4,0,4715,0.0,Completed,PayPal
BK-2025-03983,2025-09-23,2026-01-22,C04260,PK09,AG11,2,0,3440,0.05,Completed,PayPal
BK-2025-03984,2025-09-23,2025-12-18,C04625,PK16,AG06,2,0,5820,0.05,Completed,Card
BK-2025-03985,2025-09-23,2025-10-26,C04670,PK03,AG10,2,0,685,0.1,Completed,M-Pesa
BK-2025-03986,2025-09-23,2025-10-17,C04891,PK08,AG00,2,2,1495,0.0,Completed,PayPal
BK-2025-03987,2025-09-23,2025-10-10,C04936,PK02,AG00,5,0,480,0.05,Completed,Card
BK-2025-03988,2025-09-23,2025-10-29,C05397,PK03,AG01,2,3,685,0.0,Completed,Card
BK-2025-03989,2025-09-23,2025-10-16,C05524,PK09,AG08,2,0,3290,,Completed,Card
BK-2025-03990,2025-09-23,2025-11-11,C05679,PK05,AG06,2,3,860,0.05,Completed,PayPal
BK-2025-03991,2025-09-23,2025-10-12,C06162,PK02,AG01,2,0,480,0.0,Completed,Card
BK-2025-03992,2025-09-24,2025-11-28,C00532,PK09,AG03,2,0,2860,0.05,Completed,M-Pesa
BK-2025-03993,2025-09-24,2026-10-04,C00570,PK13,AG05,1,0,8200,0.0,Cancelled,Bank Transfer
BK-2025-03994,2025-09-24,2025-12-28,C00995,PK12,AG12,4,0,6070,0.1,Completed,Card
BK-2025-03995,2025-09-24,2025-10-20,C01012,PK03,AG00,1,0,685,0.0,Completed,Card
BK-2025-03996,2025-09-24,2026-01-03,C01117,PK16,AG11,6,0,6085,0.0,Completed,Card
BK-2025-03997,2025-09-24,2026-02-25,C01221,PK18,AG11,2,0,5980,0.0,Completed,Bank Transfer
BK-2025-03998,2025-09-24,2025-12-06,C01345,PK09,AG00,2,2,3290,0.0,Completed,Card
BK-2025-03999,2025-09-24,2025-12-15,C01801,PK06,AG02,2,2,1580,0.0,Completed,Bank Transfer
BK-2025-04000,2025-09-24,2026-08-21,C02908,PK12,AG00,5,0,6350,0.0,Confirmed,PayPal
BK-2025-04001,2025-09-24,2026-02-15,C02969,PK08,AG07,2,0,1355,0.0,COMPLETED,Card
BK-2025-04002,2025-09-24,2025-10-31,C03612,PK01,AG13,6,0,530,0.1,Completed,M-Pesa
BK-2025-04003,2025-09-24,2025-10-05,C03643,PK01,AG12,11,0,530,0.05,Canceled,Bank Transfer
BK-2025-04004,2025-09-24,2025-10-14,C04076,PK01,AG02,2,0,530,0.05,Completed,Bank Transfer
BK-2025-04005,2025-09-24,2025-12-04,C04715,PK17,AG02,2,3,12395,0.1,Completed,PayPal
BK-2025-04006,2025-09-24,2025-12-27,C04747,PK08,AG00,9,0,1495,0.05,Completed,Bank Transfer
BK-2025-04007,2025-09-24,2025-10-06,C05190,PK03,AG06,9,0,685,0.1,Completed,Bank Transfer
BK-2025-04008,2025-09-24,2025-12-23,C06069,PK16,AG10,4,0,5820,0.05,Completed,M-Pesa
BK-2025-04009,2025-09-25,2026-01-21,C01141,PK07,AG05,5,0,3110,0.1,Completed,Card
BK-2025-04010,2025-09-25,2025-12-12,C01658,PK18,AG00,2,0,6580,0.0,Completed,Card
BK-2025-04011,2025-09-25,2025-09-30,C02117,PK01,AG12,6,0,530,0.0,Completed,Bank Transfer
BK-2025-04012,2025-09-25,2025-10-11,C02299,PK01,AG08,2,0,530,0.05,Cancelled,Bank Transfer
BK-2025-04013,2025-09-25,2026-03-20,C02315,PK14,AG03,2,3,4715,0.05,Completed,Bank Transfer
BK-2025-04014,2025-09-25,2026-01-02,C03231,PK03,AG03,2,0,715,0.0,Completed,Bank Transfer
BK-2025-04015,2025-09-25,2025-12-30,C03305,PK06,AG02,2,0,1580,0.0,Completed,PayPal
BK-2025-04016,2025-09-25,2025-10-28,C03695,PK18,AG09,1,0,6580,0.0,cancelled,PayPal
BK-2025-04017,2025-09-25,2026-02-08,C03828,PK18,AG00,5,0,5980,0.15,Completed,Card
BK-2025-04018,2025-09-25,2026-01-01,C04511,PK16,AG04,2,0,6085,0.0,Completed,Card
BK-2025-04019,2025-09-25,2026-01-12,C04589,PK14,AG12,4,0,5420,0.0,Completed,Bank Transfer
BK-2025-04020,2025-09-25,2025-10-13,C04885,PK06,AG13,8,0,1580,0.1,Completed,Card
BK-2025-04021,2025-09-25,2025-11-07,C05008,PK14,AG11,1,0,4510,0.0,Completed,Bank Transfer
BK-2025-04022,2025-09-25,2025-10-22,C05259,PK01,AG02,2,0,530,0.1,Canceled,Bank Transfer
BK-2025-04023,2025-09-25,2025-10-15,C05512,PK02,AG03,1,0,480,0.0,Completed,Card
BK-2025-04024,2025-09-25,2026-02-13,C05820,PK18,AG02,2,0,5980,0.0,Completed,Card
BK-2025-04025,2025-09-26,2025-10-07,C00350,PK01,AG04,2,0,530,0.0,Completed,Card
BK-2025-04026,2025-09-26,2025-10-28,C00639,PK04,AG00,1,0,630,0.0,Completed,Card
BK-2025-04027,2025-09-26,2025-10-06,C01269,PK03,AG10,2,0,685,0.0,completed,Bank Transfer
BK-2025-04028,2025-09-26,2026-02-04,C02386,PK11,AG11,5,0,4485,0.1,Completed,Card
BK-2025-04029,2025-09-26,2025-10-25,C02873,PK03,AG00,4,0,685,0.1,Cancelled ,Card
BK-2025-04030,2025-09-26,2026-01-08,C03197,PK15,AG10,1,0,5160,0.0,Completed,Bank Transfer
BK-2025-04031,2025-09-26,2026-01-30,C04212,PK18,AG00,8,0,6875,0.1,Completed,Bank Transfer
BK-2025-04032,2025-09-26,2025-10-11,C05996,PK05,AG00,2,2,985,0.0,Completed,M-Pesa
BK-2025-04033,2025-09-26,2025-12-10,C06250,PK06,AG00,1,0,1580,0.1,Completed,Bank Transfer
BK-2025-04034,2025-09-27,2025-10-23,C01085,PK05,AG00,7,0,985,0.1,Completed,Card
BK-2025-04035,2025-09-27,2025-10-17,C01373,PK08,AG02,2,0,1495,0.15,Completed,Card
BK-2025-04036,2025-09-27,2025-10-02,C01658,PK15,AG03,2,0,4935,0.0,Completed,Card
BK-2025-04037,2025-09-27,2025-10-01,C02736,PK04,AG01,6,0,630,0.1,Completed,M-Pesa
BK-2025-04038,2025-09-27,2026-08-02,C03060,PK12,AG05,5,0,6350,0.0,Confirmed,Bank Transfer
BK-2025-04039,2025-09-27,2025-10-12,C03171,PK01,AG00,1,0,530,0.0,Completed,PayPal
BK-2025-04040,2025-09-27,2026-02-01,C03972,PK13,AG00,2,1,7130,0.0,Completed,Card
BK-2025-04041,2025-09-27,2026-03-14,C04039,PK15,AG00,2,3,4485,0.1,Completed,Card
BK-2025-04042,2025-09-27,2025-10-19,C04639,PK10,AG06,1,0,1125,0.05,COMPLETED,Bank Transfer
BK-2025-04043,2025-09-27,2025-11-18,C05251,PK02,AG07,2,1,420,0.0,Completed,Card
BK-2025-04044,2025-09-27,2026-04-26,C05438,PK15,AG00,2,0,4485,0.0,Completed,Bank Transfer
BK-2025-04045,2025-09-27,2025-11-11,C05910,PK06,AG07,2,0,1375,0.0,Completed,PayPal
BK-2025-04046,2025-09-27,2025-10-24,C05969,PK09,AG01,2,0,3290,0.0,Completed,Card
BK-2025-04047,2025-09-27,2026-07-05,C06048,PK17,AG01,2,0,12960,0.0,Confirmed,Bank Transfer
BK-2025-04048,2025-09-27,2026-01-07,C06387,PK10,AG00,4,0,1175,0.1,Completed,Card
BK-2025-04049,2025-09-28,2026-01-06,C00651,PK15,AG00,2,1,5160,0.0,Completed,Card
BK-2025-04050,2025-09-28,2025-10-22,C01463,PK14,AG01,7,0,5185,0.1,Cancelled,Bank Transfer
BK-2025-04051,2025-09-28,2026-03-21,C01837,PK18,AG02,4,0,5980,0.1,Completed,M-Pesa
BK-2025-04052,2025-09-28,2025-11-15,C02133,PK02,AG05,1,0,420,0.1,Completed,Card
BK-2025-04053,2025-09-28,2025-10-22,C02178,PK01,AG11,2,3,530,0.0,completed,Card
BK-2025-04054,2025-09-28,2025-10-05,C02507,PK01,AG13,12,0,530,0.1,Completed,Bank Transfer
BK-2025-04055,2025-09-28,2025-11-05,C02844,PK06,AG00,2,0,1375,0.15,Completed,Card
BK-2025-04056,2025-09-28,2026-03-01,C05203,PK12,AG00,1,0,5520,0.1,Completed,M-Pesa
BK-2025-04057,2025-09-28,2026-01-27,C05280,PK11,AG04,2,2,5160,0.0,Completed,Card
BK-2025-04058,2025-09-28,2025-12-08,C05640,PK06,AG00,2,0,1580,0.0,Completed,Bank Transfer
BK-2025-04059,2025-09-28,2026-01-20,C06046,PK13,AG02,1,0,8200,0.1,Completed,Card
BK-2025-04060,2025-09-28,2026-06-25,C06284,PK15,AG00,1,0,4485,0.05,Completed,Card
BK-2025-04061,2025-09-29,2025-10-09,C00348,PK02,AG01,2,0,480,0.05,Completed,Card
BK-2025-04062,2025-09-29,2026-03-22,C00407,PK13,AG09,1,0,7130,0.0,completed,Bank Transfer
BK-2025-04063,2025-09-29,2025-12-19,C01295,PK09,AG04,2,0,3290,0.0,Completed,Card
BK-2025-04064,2025-09-29,2026-02-07,C01751,PK16,AG02,2,3,5290,0.0,Completed,Card
BK-2025-04065,2025-09-29,2026-09-26,C02787,PK13,AG00,2,2,8200,0.0,Confirmed,Bank Transfer
BK-2025-04066,2025-09-29,2025-11-05,C03148,PK11,AG12,6,0,4290,0.1,Completed,Card
BK-2025-04067,2025-09-29,2025-11-04,C03281,PK09,AG00,2,0,2860,0.0,Completed,Bank Transfer
BK-2025-04068,2025-09-29,2025-10-26,C03643,PK10,AG12,8,0,1125,0.1,Completed,Bank Transfer
BK-2025-04069,2025-09-29,2025-10-29,C04037,PK15,AG03,2,0,4935,0.05,Completed ,Card
BK-2025-04070,2025-09-29,2025-10-22,C04122,PK03,AG00,1,0,685,0.1,Completed,Card
BK-2025-04071,2025-09-29,2025-10-16,C04561,PK01,AG07,2,2,530,0.05,Completed,M-Pesa
BK-2025-04072,2025-09-29,2025-10-16,C04786,PK01,AG02,7,0,530,0.1,Completed,M-Pesa
BK-2025-04073,2025-09-29,2025-10-10,C04832,PK06,AG00,2,2,1580,0.0,Completed,Card
BK-2025-04074,2025-09-29,2025-12-14,C05982,PK07,AG03,9,0,2975,0.1,Completed,Bank Transfer
BK-2025-04075,2025-09-29,2026-02-02,C06416,PK11,AG00,2,0,4485,0.15,Completed,Bank Transfer
BK-2025-04076,2025-09-30,2026-08-30,C00152,PK12,AG00,2,1,6350,0.0,Confirmed,Bank Transfer
BK-2025-04077,2025-09-30,2026-06-16,C00296,PK18,AG00,5,0,5980,0.0,Completed,Card
BK-2025-04078,2025-09-30,2025-11-10,C01029,PK05,AG00,1,0,860,0.0,Completed,PayPal
BK-2025-04079,2025-09-30,2026-02-05,C01633,PK08,AG11,2,3,1355,0.05,cancelled,Bank Transfer
BK-2025-04080,2025-09-30,2025-12-23,C01814,PK01,AG01,2,0,530,0.0,Completed,Bank Transfer
BK-2025-04081,2025-09-30,2026-09-14,C02363,PK14,AG00,2,0,5420,0.1,Confirmed,Bank Transfer
BK-2025-04082,2025-09-30,2026-01-24,C04386,PK11,AG03,2,0,5160,0.0,Completed,Bank Transfer
BK-2025-04083,2025-09-30,2026-01-09,C04495,PK06,AG00,2,3,1655,0.0,Completed ,Bank Transfer
BK-2025-04084,2025-09-30,2026-09-22,C04844,PK13,AG02,2,2,8200,0.05,Confirmed,M-Pesa
BK-2025-04085,2025-09-30,2026-08-14,C04933,PK12,AG05,7,0,6350,0.1,Confirmed,PayPal
BK-2025-04086,2025-10-01,2026-02-23,C00223,PK12,AG00,2,0,5520,0.0,Completed ,M-Pesa
BK-2025-04087,2025-10-01,2025-12-10,C00444,PK15,AG00,2,2,4935,,Completed,Bank Transfer
BK-2025-04088,2025-10-01,2025-12-09,C00704,PK14,AG01,2,2,5185,0.05,Completed,M-Pesa
BK-2025-04089,2025-10-01,2026-02-20,C00887,PK18,AG07,2,0,5980,0.0,Completed,Card
BK-2025-04090,2025-10-01,2025-10-31,C01197,PK01,AG00,9,0,530,0.1,Completed,PayPal
BK-2025-04091,2025-10-01,2026-02-12,C01348,PK09,AG04,2,1,2990,0.0,Completed,Bank Transfer
BK-2025-04092,2025-10-01,2025-12-18,C01610,PK02,AG00,2,3,480,0.0,Completed,Bank Transfer
BK-2025-04093,2025-10-01,2026-06-21,C01885,PK15,AG00,2,0,4485,0.0,Completed,Card
BK-2025-04094,2025-10-01,2025-11-21,C02635,PK10,AG06,2,0,980,0.05,Completed,Card
BK-2025-04095,2025-10-01,2025-12-08,C02679,PK14,AG06,2,0,5185,,Completed,PayPal
BK-2025-04096,2025-10-01,2025-10-25,C02955,PK13,AG12,11,0,7845,0.1,Completed,Card
BK-2025-04097,2025-10-01,2025-11-17,C03336,PK02,AG01,2,3,420,0.0,Completed,M-Pesa
BK-2025-04098,2025-10-01,2025-11-23,C03367,PK04,AG07,2,1,550,0.0,Completed,Card
BK-2025-04099,2025-10-01,2025-10-12,C04443,PK08,AG01,2,2,1495,0.1,Completed,Bank Transfer
BK-2025-04100,2025-10-01,2025-11-21,C04499,PK06,AG00,2,0,1375,0.15,Completed,PayPal
BK-2025-04101,2025-10-01,2025-11-01,C04920,PK06,AG10,1,0,1375,0.0,Completed,PayPal
BK-2025-04102,2025-10-01,2026-03-27,C04972,PK15,AG07,7,0,4485,0.1,Completed,M-Pesa
BK-2025-04103,2025-10-01,2025-10-24,C05084,PK02,AG02,5,0,480,0.1,Completed,Card
BK-2025-04104,2025-10-01,2025-11-01,C05436,PK01,AG03,2,0,460,0.0,Completed,Bank Transfer
BK-2025-04105,2025-10-01,2025-11-29,C05817,PK03,AG00,1,0,595,0.0,Completed,Bank Transfer
BK-2025-04106,2025-10-01,2026-02-19,C06285,PK17,AG00,2,3,11270,0.1,Completed,Card
BK-2025-04107,2025-10-01,2026-01-03,C06443,PK06,AG02,7,0,1655,0.1,Completed,Card
BK-2025-04108,2025-10-02,2025-12-30,C01657,PK08,AG00,2,2,1495,0.0,COMPLETED,Card
BK-2025-04109,2025-10-02,2025-10-25,C01678,PK05,AG12,9,0,985,0.1,Completed,PayPal
BK-2025-04110,2025-10-02,2025-12-06,C02470,PK10,AG04,1,0,1125,0.15,Completed,Bank Transfer
BK-2025-04111,2025-10-02,2025-10-10,C02564,PK02,AG00,2,2,480,0.05,Completed,Bank Transfer
BK-2025-04112,2025-10-02,2025-11-01,C03787,PK05,AG00,2,0,860,0.0,Completed,M-Pesa
BK-2025-04113,2025-10-02,2025-11-13,C04186,PK01,AG03,2,3,460,0.0,completed,PayPal
BK-2025-04114,2025-10-02,2025-10-17,C04470,PK03,AG01,2,0,685,0.15,Completed,M-Pesa
BK-2025-04115,2025-10-02,2026-01-03,C06170,PK08,AG02,1,0,1560,0.0,Completed,Card
BK-2025-04116,2025-10-03,2025-11-14,C00075,PK09,AG04,9,0,2860,0.05,Completed,PayPal
BK-2025-04117,2025-10-03,2025-12-14,C00150,PK13,AG00,6,0,7845,0.1,Completed,Bank Transfer
BK-2025-04118,2025-10-03,2025-12-27,C00555,PK10,AG10,2,3,1125,0.0,Completed,M-Pesa
BK-2025-04119,2025-10-03,2025-10-07,C00902,PK09,AG11,2,0,3290,0.0,completed,M-Pesa
BK-2025-04120,2025-10-03,2025-10-30,C01200,PK01,AG02,1,0,530,0.05,Completed,PayPal
BK-2025-04121,2025-10-03,2025-10-16,C01312,PK04,AG00,2,1,630,0.0,completed,Card
BK-2025-04122,2025-10-03,2025-11-18,C01537,PK05,AG00,2,0,860,0.0,Completed,Card
BK-2025-04123,2025-10-03,2026-02-20,C01854,PK12,AG03,1,0,5520,0.0,Completed,Bank Transfer
BK-2025-04124,2025-10-03,2025-11-02,C02288,PK01,AG13,3,0,460,0.1,Completed,Bank Transfer
BK-2025-04125,2025-10-03,2025-12-08,C02289,PK03,AG03,2,0,685,0.15,Completed,Bank Transfer
BK-2025-04126,2025-10-03,2025-12-13,C02436,PK07,AG00,2,0,2975,0.0,completed,M-Pesa
BK-2025-04127,2025-10-03,2025-10-28,C03108,PK05,AG10,6,0,985,0.05,Completed,Bank Transfer
BK-2025-04128,2025-10-03,2025-10-27,C04724,PK18,AG11,2,2,6580,0.0,Completed,PayPal
BK-2025-04129,2025-10-03,2025-12-17,C05931,PK04,AG00,2,0,630,0.05,Canceled,Card
BK-2025-04130,2025-10-03,2025-10-30,C06059,PK04,AG02,2,2,630,0.15,Completed,Card
BK-2025-04131,2025-10-03,2026-02-01,C06165,PK16,AG00,1,0,5290,0.0,Completed,Card
BK-2025-04132,2025-10-04,2026-02-05,C00791,PK18,AG03,6,0,5980,0.1,Cancelled,Card
BK-2025-04133,2025-10-04,2025-11-26,C00905,PK09,AG11,2,2,2860,0.0,Completed,PayPal
BK-2025-04134,2025-10-04,2025-10-26,C00930,PK10,AG03,7,0,1125,0.05,Cancelled,Card
BK-2025-04135,2025-10-04,2026-08-22,C00998,PK14,AG04,6,0,5420,0.0,Confirmed,Bank Transfer
BK-2025-04136,2025-10-04,2025-12-29,C01581,PK10,AG00,2,2,1125,0.0,Completed,PayPal
BK-2025-04137,2025-10-04,2026-01-17,C01933,PK18,AG00,2,0,6875,0.0,Completed,Bank Transfer
BK-2025-04138,2025-10-04,2025-12-21,C02713,PK09,AG10,2,3,3290,0.05,Completed,Card
BK-2025-04139,2025-10-04,2025-12-22,C05764,PK16,AG11,2,0,5820,0.1,Completed,Bank Transfer
BK-2025-04140,2025-10-04,2026-01-17,C06040,PK18,AG11,4,0,6875,0.0,Completed,Bank Transfer
BK-2025-04141,2025-10-04,2025-11-19,C06119,PK14,AG05,5,0,4510,0.05,Completed,M-Pesa
BK-2025-04142,2025-10-05,2026-07-04,C00381,PK16,AG03,5,0,6085,0.0,Canceled,Card
BK-2025-04143,2025-10-05,2025-11-18,C01639,PK18,AG12,9,0,5720,0.0,Completed,Card
BK-2025-04144,2025-10-05,2026-01-11,C01670,PK02,AG02,2,0,505,0.05,Completed,Card
BK-2025-04145,2025-10-05,2025-11-27,C03121,PK01,AG00,2,0,460,0.0,Completed,Bank Transfer
BK-2025-04146,2025-10-05,2025-11-01,C03773,PK01,AG02,2,0,460,0.0,Completed,Card
BK-2025-04147,2025-10-05,2025-11-02,C03798,PK11,AG00,2,3,4290,0.05,Completed,Card
BK-2025-04148,2025-10-05,2025-11-05,C03871,PK15,AG13,12,0,4290,0.1,Completed,Card
BK-2025-04149,2025-10-05,2025-12-04,C03872,PK18,AG03,2,3,6580,0.0,Completed,Card
BK-2025-04150,2025-10-05,2025-12-15,C05180,PK07,AG10,4,0,2975,0.0,Completed,PayPal
BK-2025-04151,2025-10-05,2025-11-14,C06211,PK18,AG02,2,3,5720,0.0,Completed,M-Pesa
BK-2025-04152,2025-10-05,2025-12-10,C06320,PK09,AG05,2,3,3290,0.05,Completed,Bank Transfer
BK-2025-04153,2025-10-06,2025-12-26,C02077,PK16,AG03,2,0,5820,0.0,Cancelled,Card
BK-2025-04154,2025-10-06,2025-12-16,C02565,PK08,AG04,8,0,1495,0.05,Completed,M-Pesa
BK-2025-04155,2025-10-06,2025-12-07,C03096,PK10,AG00,2,3,1125,0.05,Completed,PayPal
BK-2025-04156,2025-10-06,2026-01-11,C03171,PK15,AG01,1,0,5160,0.0,Completed,Card
BK-2025-04157,2025-10-06,2025-12-04,C03887,PK05,AG00,2,0,985,0.0,Completed,Bank Transfer
BK-2025-04158,2025-10-06,2026-04-23,C03977,PK12,AG00,1,0,5520,0.0,COMPLETED,Bank Transfer
BK-2025-04159,2025-10-06,2025-11-25,C04717,PK13,AG13,12,0,6820,0.0,Completed,Card
BK-2025-04160,2025-10-06,2025-10-20,C05067,PK11,AG00,2,0,4935,0.1,Completed,Bank Transfer
BK-2025-04161,2025-10-06,2026-03-01,C06471,PK16,AG10,2,0,5290,0.0,Cancelled,Bank Transfer
BK-2025-04162,2025-10-07,2026-02-11,C00296,PK12,AG09,6,0,5520,0.1,Completed,Bank Transfer
BK-2025-04163,2025-10-07,2025-10-21,C01190,PK09,AG00,2,0,3290,0.0,Completed,Bank Transfer
BK-2025-04164,2025-10-07,2026-01-13,C01332,PK12,AG05,2,0,6350,0.0,Completed,Card
BK-2025-04165,2025-10-07,2025-12-26,C01884,PK18,AG00,8,0,6580,0.0,Completed,M-Pesa
BK-2025-04166,2025-10-07,2025-12-01,C02157,PK09,AG03,7,0,3290,0.0,Completed,Card
BK-2025-04167,2025-10-07,2025-10-26,C02489,PK01,AG06,2,0,530,0.1,Completed,Card
BK-2025-04168,2025-10-07,2026-01-18,C02578,PK18,AG00,9,0,6875,0.0,Completed,M-Pesa
BK-2025-04169,2025-10-07,2025-11-16,C03082,PK07,AG09,2,0,2585,0.1,Completed,Bank Transfer
BK-2025-04170,2025-10-07,2025-12-25,C03732,PK14,AG02,2,0,5185,0.0,Completed,M-Pesa
BK-2025-04171,2025-10-07,2025-12-04,C03802,PK09,AG01,4,0,3290,0.0,Completed,Card
BK-2025-04172,2025-10-07,2025-10-20,C05335,PK01,AG02,2,3,530,0.05,Completed,PayPal
BK-2025-04173,2025-10-07,2025-11-01,C05557,PK12,AG11,9,0,5280,0.1,Completed,PayPal
BK-2025-04174,2025-10-08,2025-12-11,C00288,PK07,AG00,2,0,2975,0.0,Completed,Bank Transfer
BK-2025-04175,2025-10-08,2025-12-01,C00411,PK11,AG00,12,0,4935,0.0,Completed,Bank Transfer
BK-2025-04176,2025-10-08,2026-07-12,C01058,PK13,AG03,1,0,8200,0.05,Confirmed,Bank Transfer
BK-2025-04177,2025-10-08,2025-10-19,C01743,PK16,AG02,2,1,5820,0.15,Completed,PayPal
BK-2025-04178,2025-10-08,2025-11-14,C02081,PK07,AG00,2,0,2585,0.0,Completed,Bank Transfer
BK-2025-04179,2025-10-08,2026-02-27,C02708,PK12,AG00,2,1,5520,0.0,Cancelled,Bank Transfer
BK-2025-04180,2025-10-08,2026-03-08,C03885,PK11,AG00,5,0,4485,0.0,Completed,Card
BK-2025-04181,2025-10-08,2025-10-12,C03914,PK02,AG11,2,0,480,0.0,Completed,Bank Transfer
BK-2025-04182,2025-10-08,2026-03-26,C05485,PK14,AG05,2,0,4715,0.0,Completed,Card
BK-2025-04183,2025-10-08,2026-12-06,C06209,PK16,AG01,10,0,6085,0.1,Confirmed,Bank Transfer
BK-2025-04184,2025-10-08,2025-12-25,C06440,PK08,AG09,1,0,1495,0.0,Completed,Card
BK-2025-04185,2025-10-09,2025-10-28,C00490,PK04,AG04,2,0,630,0.1,Completed,Bank Transfer
BK-2025-04186,2025-10-09,2025-11-16,C00586,PK10,AG00,2,1,980,0.15,Completed,Bank Transfer
BK-2025-04187,2025-10-09,2025-10-25,C00627,PK01,AG00,2,0,530,0.0,Completed,Card
BK-2025-04188,2025-10-09,2025-10-29,C00658,PK06,AG05,1,0,1580,0.1,Completed,Card
BK-2025-04189,2025-10-09,2025-11-20,C00908,PK09,AG06,2,0,2860,0.0,Completed,Bank Transfer
BK-2025-04190,2025-10-09,2025-10-23,C03079,PK05,AG00,2,0,985,0.0,Completed,M-Pesa
BK-2025-04191,2025-10-09,2026-04-08,C04082,PK10,AG06,1,0,1025,0.0,Completed,Card
BK-2025-04192,2025-10-09,2025-12-22,C04699,PK08,AG02,1,0,1495,0.05,Completed,PayPal
BK-2025-04193,2025-10-09,2025-12-04,C04791,PK03,AG02,2,3,685,0.0,COMPLETED,Bank Transfer
BK-2025-04194,2025-10-09,2025-11-12,C05247,PK10,AG08,5,0,980,0.0,Completed,Bank Transfer
BK-2025-04195,2025-10-09,2025-11-21,C05691,PK13,AG02,2,2,6820,0.0,Completed,Card
BK-2025-04196,2025-10-09,2025-10-24,C05691,PK01,AG00,2,1,530,0.0,Completed,M-Pesa
BK-2025-04197,2025-10-09,2026-09-27,C06050,PK18,AG00,5,0,6875,0.05,Confirmed,M-Pesa
BK-2025-04198,2025-10-09,2026-01-01,C06313,PK14,AG08,2,3,5420,0.0,Completed,M-Pesa
BK-2025-04199,2025-10-09,2026-02-02,C06333,PK09,AG00,11,0,2990,0.05,Completed,Card
BK-2025-04200,2025-10-10,2025-12-26,C00319,PK15,AG12,9,0,4935,0.1,Completed,Bank Transfer
BK-2025-04201,2025-10-10,2026-02-22,C00430,PK09,AG04,1,0,2990,0.0,Completed,M-Pesa
BK-2025-04202,2025-10-10,2025-11-04,C01899,PK13,AG04,2,0,6820,0.05,Completed,Bank Transfer
BK-2025-04203,2025-10-10,2025-12-24,C02094,PK15,AG00,1,0,4935,0.0,Completed,Card
BK-2025-04204,2025-10-10,2026-01-11,C02356,PK07,AG00,1,0,3110,0.1,Completed,Card
BK-2025-04205,2025-10-10,2026-01-03,C03210,PK01,AG04,2,2,555,0.05,Completed,PayPal
BK-2025-04206,2025-10-10,2025-10-20,C03470,PK05,AG03,2,0,985,0.0,Completed,M-Pesa
BK-2025-04207,2025-10-10,2025-12-09,C03861,PK09,AG01,6,0,3290,0.05,Completed,Bank Transfer
BK-2025-04208,2025-10-10,2025-12-09,C03990,PK15,AG04,2,3,4935,,Completed,Card
BK-2025-04209,2025-10-10,2025-12-30,C04228,PK16,AG00,2,1,5820,0.0,Completed,Bank Transfer
BK-2025-04210,2025-10-10,2026-02-19,C04517,PK16,AG02,2,2,5290,0.0,Completed,Card
BK-2025-04211,2025-10-10,2026-01-31,C04771,PK17,AG02,2,0,12960,0.0,Cancelled,Card
BK-2025-04212,2025-10-10,2025-12-29,C05313,PK06,AG00,2,1,1580,0.0,completed,Card
BK-2025-04213,2025-10-10,2025-10-22,C05561,PK13,AG12,9,0,7845,0.0,Completed,Card
BK-2025-04214,2025-10-10,2025-11-08,C05678,PK01,AG11,2,0,460,0.05,Completed,M-Pesa
BK-2025-04215,2025-10-10,2025-10-20,C05718,PK12,AG02,2,3,6070,0.15,Completed,Card
BK-2025-04216,2025-10-11,2026-09-05,C00807,PK15,AG02,7,0,5160,0.0,Confirmed,Card
BK-2025-04217,2025-10-11,2026-04-15,C00873,PK18,AG06,1,0,5980,0.0,Completed,Card
BK-2025-04218,2025-10-11,2025-12-07,C00914,PK01,AG00,1,0,530,0.0,Completed,Card
BK-2025-04219,2025-10-11,2025-12-11,C01926,PK11,AG04,5,0,4935,0.05,Completed,M-Pesa
BK-2025-04220,2025-10-11,2025-12-09,C02436,PK01,AG00,2,0,530,0.0,Completed,M-Pesa
BK-2025-04221,2025-10-11,2026-07-11,C03044,PK12,AG00,2,0,6350,0.0,CANCELLED,Card
BK-2025-04222,2025-10-11,2025-11-12,C03655,PK04,AG06,2,0,550,0.05,Completed,Bank Transfer
BK-2025-04223,2025-10-11,2025-12-01,C03819,PK07,AG05,2,0,2975,0.0,Completed ,Bank Transfer
BK-2025-04224,2025-10-11,2025-10-30,C03884,PK03,AG00,2,1,685,0.0,Completed,Bank Transfer
BK-2025-04225,2025-10-11,2025-11-30,C03885,PK02,AG00,4,0,420,0.05,Completed,Bank Transfer
BK-2025-04226,2025-10-11,2025-12-13,C04195,PK07,AG03,2,3,2975,0.0,Completed,Bank Transfer
BK-2025-04227,2025-10-11,2026-02-14,C04441,PK14,AG11,2,0,4715,0.0,Completed,Bank Transfer
BK-2025-04228,2025-10-11,2025-12-17,C05405,PK15,AG07,9,0,4935,0.1,Completed,Bank Transfer
BK-2025-04229,2025-10-11,2026-05-23,C05794,PK13,AG01,1,0,7130,0.0,Completed,Card
BK-2025-04230,2025-10-11,2025-11-03,C06135,PK02,AG00,2,2,420,0.05,Completed,PayPal
BK-2025-04231,2025-10-11,2025-12-11,C06231,PK05,AG00,2,0,985,0.15,Completed,M-Pesa
BK-2025-04232,2025-10-11,2025-10-15,C06276,PK16,AG00,2,0,5820,0.1,Completed,Bank Transfer
BK-2025-04233,2025-10-12,2025-12-20,C00023,PK13,AG13,10,0,7845,,Completed,Bank Transfer
BK-2025-04234,2025-10-12,2025-11-17,C00082,PK07,AG11,2,0,2585,0.0,Completed,Card
BK-2025-04235,2025-10-12,2026-02-01,C01339,PK18,AG01,2,0,5980,0.1,Completed,Card
BK-2025-04236,2025-10-12,2025-10-26,C01476,PK01,AG02,2,1,530,0.05,Completed ,PayPal
BK-2025-04237,2025-10-12,2025-10-22,C02395,PK10,AG03,1,0,1125,0.0,Completed,Card
BK-2025-04238,2025-10-12,2025-12-19,C02724,PK13,AG00,2,0,7845,0.05,Completed,Card
BK-2025-04239,2025-10-12,2026-01-03,C03122,PK06,AG00,2,0,1655,0.0,Completed,Card
BK-2025-04240,2025-10-12,2025-11-08,C03165,PK06,AG00,2,0,1375,0.15,Completed,Bank Transfer
BK-2025-04241,2025-10-12,2026-04-17,C03548,PK14,AG09,9,0,4715,0.1,Completed,Bank Transfer
BK-2025-04242,2025-10-12,2026-01-04,C04065,PK16,AG00,2,3,6085,,Completed,Bank Transfer
BK-2025-04243,2025-10-12,2026-01-11,C04384,PK16,AG00,2,0,6085,0.05,completed,M-Pesa
BK-2025-04244,2025-10-12,2025-10-19,C04627,PK01,AG07,2,0,530,0.1,Completed,Bank Transfer
BK-2025-04245,2025-10-12,2025-11-25,C04926,PK14,AG00,2,3,4510,0.15,Completed,Card
BK-2025-04246,2025-10-12,2025-12-02,C05184,PK09,AG06,2,0,3290,0.05,Completed,PayPal
BK-2025-04247,2025-10-12,2026-02-05,C05429,PK16,AG11,2,3,5290,0.05,Completed,PayPal
BK-2025-04248,2025-10-12,2026-01-01,C05640,PK08,AG02,2,0,1560,0.05,Cancelled,Card
BK-2025-04249,2025-10-12,2025-12-09,C06191,PK01,AG11,2,0,530,0.0,Completed,M-Pesa
BK-2025-04250,2025-10-12,2025-10-15,C06288,PK01,AG02,2,2,530,0.0,Completed,Card
BK-2025-04251,2025-10-13,2025-12-14,C00349,PK02,AG00,2,2,480,0.1,Completed,Card
BK-2025-04252,2025-10-13,2025-12-02,C00449,PK18,AG04,2,3,6580,0.1,Completed,Bank Transfer
BK-2025-04253,2025-10-13,2026-08-01,C00549,PK18,AG00,5,0,6875,0.15,Confirmed,Bank Transfer
BK-2025-04254,2025-10-13,2025-10-28,C00594,PK10,AG00,1,0,1125,0.15,Completed,Bank Transfer
BK-2025-04255,2025-10-13,2026-01-10,C01077,PK18,AG00,2,3,6875,0.0,Completed,Card
BK-2025-04256,2025-10-13,2026-02-28,C01957,PK09,AG03,2,0,2990,0.0,Completed,M-Pesa
BK-2025-04257,2025-10-13,2025-12-27,C02396,PK09,AG03,2,0,3290,0.0,Completed,Card
BK-2025-04258,2025-10-13,2026-02-04,C02563,PK16,AG13,10,0,5290,0.05,Completed,Card
BK-2025-04259,2025-10-13,2026-01-01,C02909,PK03,AG09,2,0,715,0.05,Completed,Card
BK-2025-04260,2025-10-13,2025-10-19,C03928,PK06,AG00,2,1,1580,0.0,Completed,Card
BK-2025-04261,2025-10-13,2026-01-22,C04389,PK14,AG07,2,0,5420,0.0,Completed,PayPal
BK-2025-04262,2025-10-13,2026-01-26,C04838,PK03,AG08,2,0,715,0.0,Cancelled,Card
BK-2025-04263,2025-10-13,2026-02-14,C04904,PK17,AG00,2,1,11270,0.0,Completed,Card
BK-2025-04264,2025-10-13,2025-12-31,C04915,PK13,AG06,1,0,7845,,Completed,M-Pesa
BK-2025-04265,2025-10-13,2026-01-10,C05836,PK14,AG00,1,0,5420,0.15,Completed,Bank Transfer
BK-2025-04266,2025-10-13,2026-07-12,C06196,PK17,AG00,4,0,12960,0.1,Confirmed,Bank Transfer
BK-2025-04267,2025-10-14,2026-01-16,C01149,PK13,AG00,8,0,8200,0.05,Completed,Card
BK-2025-04268,2025-10-14,2025-10-27,C01479,PK03,AG00,1,0,685,0.05,Completed,PayPal
BK-2025-04269,2025-10-14,2025-12-19,C01797,PK17,AG06,1,0,12395,0.0,Completed,M-Pesa
BK-2025-04270,2025-10-14,2025-11-03,C01863,PK03,AG02,2,0,595,0.0,Canceled,PayPal
BK-2025-04271,2025-10-14,2025-11-23,C02099,PK13,AG00,2,3,6820,0.0,Completed,Card
BK-2025-04272,2025-10-14,2026-01-27,C02170,PK12,AG02,2,3,6350,0.0,Completed ,M-Pesa
BK-2025-04273,2025-10-14,2025-12-16,C03248,PK06,AG03,6,0,1580,0.1,Completed,Card
BK-2025-04274,2025-10-14,2025-12-01,C03978,PK07,AG00,2,0,2975,0.15,Completed,Card
BK-2025-04275,2025-10-14,2025-10-29,C04974,PK14,AG00,2,0,5185,0.0,Completed,Card
BK-2025-04276,2025-10-14,2025-12-17,C05295,PK14,AG01,2,3,5185,0.0,Completed,Card
BK-2025-04277,2025-10-14,2025-10-24,C05453,PK03,AG01,2,1,685,0.05,Cancelled,Card
BK-2025-04278,2025-10-14,2025-11-22,C06045,PK18,AG00,2,3,5720,0.1,COMPLETED,Card
BK-2025-04279,2025-10-14,2025-12-10,C06150,PK04,AG00,2,2,630,0.0,Completed,Card
BK-2025-04280,2025-10-14,2026-05-08,C06225,PK12,AG00,6,0,5520,0.1,Completed,Card
BK-2025-04281,2025-10-15,2025-12-19,C00045,PK02,AG06,4,0,480,0.0,Completed,Card
BK-2025-04282,2025-10-15,2025-11-12,C00068,PK06,AG00,2,1,1375,,Completed,Bank Transfer
BK-2025-04283,2025-10-15,2025-12-08,C00307,PK09,AG02,2,2,3290,0.05,Completed,Bank Transfer
BK-2025-04284,2025-10-15,2026-02-03,C00553,PK12,AG02,7,0,5520,0.1,Completed,M-Pesa
BK-2025-04285,2025-10-15,2025-10-18,C00824,PK01,AG00,2,0,530,0.0,Completed,Card
BK-2025-04286,2025-10-15,2026-01-26,C01545,PK13,AG04,2,0,8200,0.05,Completed,Bank Transfer
BK-2025-04287,2025-10-15,2025-10-31,C01944,PK13,AG00,2,0,7845,0.15,Completed,Card
BK-2025-04288,2025-10-15,2026-07-22,C02141,PK12,AG01,2,0,6350,0.05,Confirmed,Card
BK-2025-04289,2025-10-15,2026-02-06,C02581,PK06,AG04,9,0,1440,0.0,Completed,PayPal
BK-2025-04290,2025-10-15,2025-12-18,C02770,PK06,AG03,2,1,1580,0.15,Canceled,Card
BK-2025-04291,2025-10-15,2025-11-28,C02840,PK05,AG10,2,0,860,0.1,Completed,M-Pesa
BK-2025-04292,2025-10-15,2026-03-23,C02904,PK18,AG01,9,0,5980,0.05,Completed,Card
BK-2025-04293,2025-10-15,2025-12-18,C03704,PK02,AG00,1,0,480,0.05,Completed,Card
BK-2025-04294,2025-10-15,2025-12-17,C04008,PK04,AG03,1,0,630,0.0,Completed,Bank Transfer
BK-2025-04295,2025-10-15,2026-09-19,C04716,PK18,AG13,12,0,6875,0.1,Confirmed,Bank Transfer
BK-2025-04296,2025-10-15,2025-11-14,C05378,PK02,AG00,2,0,420,0.0,Completed,M-Pesa
BK-2025-04297,2025-10-16,2025-12-17,C00509,PK10,AG03,6,0,1125,0.0,Cancelled,PayPal
BK-2025-04298,2025-10-16,2025-10-21,C00812,PK01,AG01,2,0,530,0.05,Completed,Card
BK-2025-04299,2025-10-16,2025-12-20,C01439,PK09,AG00,8,0,3290,0.0,Completed,PayPal
BK-2025-04300,2025-10-16,2026-03-14,C01839,PK18,AG00,2,0,5980,0.15,Completed,PayPal
BK-2025-04301,2025-10-16,2025-11-06,C02525,PK04,AG00,1,0,550,0.0,Completed,Bank Transfer
BK-2025-04302,2025-10-16,2025-12-06,C02971,PK06,AG00,9,0,1580,0.0,Completed,Bank Transfer
BK-2025-04303,2025-10-16,2025-12-12,C03339,PK13,AG03,2,3,7845,0.0,Completed,PayPal
BK-2025-04304,2025-10-16,2026-01-31,C03383,PK17,AG04,2,0,12960,0.05,Completed,Card
BK-2025-04305,2025-10-16,2025-10-30,C03650,PK02,AG06,1,0,480,0.05,Completed,PayPal
BK-2025-04306,2025-10-16,2025-12-26,C04358,PK10,AG09,2,0,1125,0.0,Completed,Bank Transfer
BK-2025-04307,2025-10-16,2025-12-05,C05382,PK01,AG00,2,0,530,0.0,Completed,M-Pesa
BK-2025-04308,2025-10-16,2026-01-03,C05515,PK09,AG00,2,0,3440,0.0,Completed,Card
BK-2025-04309,2025-10-16,2025-11-08,C05515,PK08,AG00,2,0,1300,0.15,Completed,PayPal
BK-2025-04310,2025-10-16,2025-12-17,C05516,PK12,AG00,2,2,6070,0.15,Completed,PayPal
BK-2025-04311,2025-10-16,2025-10-25,C06459,PK04,AG00,2,0,630,0.0,Completed,Card
BK-2025-04312,2025-10-17,2026-01-16,C03001,PK02,AG00,2,2,505,0.0,Completed,Bank Transfer
BK-2025-04313,2025-10-17,2025-11-26,C03540,PK06,AG02,2,0,1375,0.1,Completed,Bank Transfer
BK-2025-04314,2025-10-17,2025-11-23,C04084,PK02,AG00,2,0,420,0.1,Completed,Card
BK-2025-04315,2025-10-17,2026-01-17,C04330,PK16,AG00,2,1,6085,0.15,Completed,Bank Transfer
BK-2025-04316,2025-10-17,2025-12-02,C04606,PK06,AG12,3,0,1580,0.1,Completed,M-Pesa
BK-2025-04317,2025-10-17,2026-03-05,C05009,PK15,AG00,1,0,4485,0.0,Completed,Card
BK-2025-04318,2025-10-17,2025-10-28,C05616,PK08,AG02,1,0,1495,0.1,Completed,Bank Transfer
BK-2025-04319,2025-10-17,2026-05-15,C05885,PK16,AG00,8,0,5290,0.1,Completed,M-Pesa
BK-2025-04320,2025-10-17,2025-12-11,C06273,PK18,AG00,2,1,6580,0.0,Completed,PayPal
BK-2025-04321,2025-10-17,2025-12-01,C06421,PK07,AG04,1,0,2975,0.0,Completed,Card
BK-2025-04322,2025-10-18,2026-03-06,C00821,PK13,AG00,2,0,7130,0.05,Completed,M-Pesa
BK-2025-04323,2025-10-18,2026-03-24,C00942,PK16,AG09,1,0,5290,0.0,Completed,Card
BK-2025-04324,2025-10-18,2025-11-02,C01100,PK06,AG03,1,0,1375,0.05,completed,Card
BK-2025-04325,2025-10-18,2026-01-22,C01105,PK14,AG00,3,0,5420,0.1,Completed,M-Pesa
BK-2025-04326,2025-10-18,2025-11-26,C01460,PK07,AG11,1,0,2585,0.0,Completed ,PayPal
BK-2025-04327,2025-10-18,2026-01-27,C02110,PK15,AG00,2,2,5160,0.05,Completed,Bank Transfer
BK-2025-04328,2025-10-18,2025-12-26,C02455,PK14,AG02,2,0,5185,0.0,Completed,Card
BK-2025-04329,2025-10-18,2026-01-13,C02943,PK17,AG04,2,0,12960,0.1,Completed,Card
BK-2025-04330,2025-10-18,2025-12-11,C03799,PK03,AG04,2,1,685,0.05,Completed,Card
BK-2025-04331,2025-10-18,2026-02-08,C04522,PK13,AG00,2,0,7130,0.0,Cancelled,Card
BK-2025-04332,2025-10-18,2026-03-05,C04626,PK12,AG00,2,0,5520,0.0,Completed,Card
BK-2025-04333,2025-10-18,2025-12-08,C05523,PK18,AG00,2,1,6580,0.05,Completed,Card
BK-2025-04334,2025-10-18,2025-11-14,C05714,PK04,AG02,2,2,550,0.0,Completed,M-Pesa
BK-2025-04335,2025-10-18,2025-11-08,C05883,PK02,AG04,1,0,420,0.1,Completed,Card
BK-2025-04336,2025-10-18,2025-12-25,C06001,PK06,AG03,4,0,1580,0.1,Completed,Card
BK-2025-04337,2025-10-18,2025-11-11,C06452,PK03,AG01,2,0,595,0.05,Completed,M-Pesa
BK-2025-04338,2025-10-18,2026-03-05,C06456,PK06,AG00,2,3,1440,0.1,Completed,PayPal
BK-2025-04339,2025-10-19,2025-11-23,C00389,PK06,AG00,2,2,1375,0.1,Completed,Bank Transfer
BK-2025-04340,2025-10-19,2025-12-03,C01168,PK18,AG00,2,1,6580,0.0,Completed,PayPal
BK-2025-04341,2025-10-19,2026-07-25,C01457,PK12,AG02,2,0,6350,0.0,Confirmed,Bank Transfer
BK-2025-04342,2025-10-19,2026-01-09,C01537,PK18,AG00,2,0,6875,0.15,Completed,Card
BK-2025-04343,2025-10-19,2026-01-24,C02299,PK18,AG00,2,0,6875,0.0,Completed,Card
BK-2025-04344,2025-10-19,2026-01-19,C03878,PK12,AG05,2,0,6350,0.0,Completed,Card
BK-2025-04345,2025-10-19,2025-12-23,C04107,PK08,AG02,5,0,1495,0.1,Completed,PayPal
BK-2025-04346,2025-10-19,2025-12-27,C04569,PK08,AG02,2,0,1495,,Completed,Bank Transfer
BK-2025-04347,2025-10-19,2025-12-04,C04813,PK07,AG03,2,0,2975,0.0,Completed,PayPal
BK-2025-04348,2025-10-19,2026-07-15,C04946,PK17,AG11,2,3,12960,0.0,Confirmed,M-Pesa
BK-2025-04349,2025-10-19,2026-01-06,C05432,PK14,AG07,4,0,5420,0.05,Completed,Bank Transfer
BK-2025-04350,2025-10-19,2025-11-26,C05472,PK09,AG04,2,1,2860,0.0,Completed,Bank Transfer
BK-2025-04351,2025-10-19,2025-12-21,C06030,PK07,AG00,2,0,2975,0.0,Completed,M-Pesa
BK-2025-04352,2025-10-19,2025-12-25,C06348,PK12,AG00,5,0,6070,0.1,Completed,PayPal
BK-2025-04353,2025-10-19,2025-12-01,C06428,PK08,AG07,2,2,1495,0.1,Completed,Card
BK-2025-04354,2025-10-20,2026-01-12,C00721,PK16,AG02,2,3,6085,0.0,Completed,PayPal
BK-2025-04355,2025-10-20,2025-12-02,C01479,PK02,AG03,1,0,480,0.0,Completed,Bank Transfer
BK-2025-04356,2025-10-20,2026-02-11,C01998,PK17,AG06,1,0,11270,0.0,Completed,Bank Transfer
BK-2025-04357,2025-10-20,2025-12-30,C02780,PK18,AG05,1,0,6580,0.0,Completed,Card
BK-2025-04358,2025-10-20,2026-02-02,C02969,PK11,AG00,2,0,4485,,Completed,Card
BK-2025-04359,2025-10-20,2026-02-02,C03002,PK15,AG09,2,1,4485,0.0,Completed,M-Pesa
BK-2025-04360,2025-10-20,2025-10-29,C03158,PK06,AG06,2,3,1580,0.0,Completed,PayPal
BK-2025-04361,2025-10-20,2025-12-05,C03201,PK01,AG07,2,0,530,0.05,Completed,M-Pesa
BK-2025-04362,2025-10-20,2026-01-11,C03478,PK09,AG00,2,3,3440,0.0,Cancelled,M-Pesa
BK-2025-04363,2025-10-20,2025-11-04,C03703,PK04,AG02,2,2,550,0.05,Completed,M-Pesa
BK-2025-04364,2025-10-20,2026-08-30,C04314,PK13,AG11,1,0,8200,0.0,Confirmed,M-Pesa
BK-2025-04365,2025-10-20,2026-03-05,C04439,PK13,AG10,2,0,7130,0.05,Completed,Card
BK-2025-04366,2025-10-20,2025-12-09,C04682,PK08,AG04,2,3,1495,0.05,Completed,Card
BK-2025-04367,2025-10-20,2025-11-15,C04966,PK03,AG00,2,0,595,0.0,Completed,Bank Transfer
BK-2025-04368,2025-10-20,2026-01-12,C05407,PK17,AG05,2,0,12960,0.05,Completed,Bank Transfer
BK-2025-04369,2025-10-20,2026-06-18,C05833,PK14,AG04,6,0,4715,0.1,Completed,PayPal
BK-2025-04370,2025-10-20,2025-12-13,C06387,PK03,AG12,6,0,685,0.05,Cancelled,Bank Transfer
BK-2025-04371,2025-10-21,2025-12-05,C00982,PK16,AG00,2,0,5820,0.0,Completed,PayPal
BK-2025-04372,2025-10-21,2025-11-05,C01000,PK09,AG12,10,0,2860,0.0,Completed,Card
BK-2025-04373,2025-10-21,2025-12-29,C01511,PK18,AG00,2,1,6580,0.05,Completed,Card
BK-2025-04374,2025-10-21,2026-02-15,C02228,PK02,AG00,1,0,435,0.0,Completed,Card
BK-2025-04375,2025-10-21,2026-01-08,C02395,PK08,AG06,1,0,1560,0.0,Completed,M-Pesa
BK-2025-04376,2025-10-21,2025-12-25,C02461,PK15,AG07,2,0,4935,0.15,Completed,Card
BK-2025-04377,2025-10-21,2026-02-22,C02850,PK12,AG00,2,0,5520,0.0,Completed,M-Pesa
BK-2025-04378,2025-10-21,2026-03-22,C02856,PK07,AG00,2,0,2700,0.1,Completed,M-Pesa
BK-2025-04379,2025-10-21,2026-03-02,C02954,PK09,AG03,2,3,2990,0.0,Completed,M-Pesa
BK-2025-04380,2025-10-21,2025-12-11,C03127,PK04,AG00,2,0,630,0.0,completed,Card
BK-2025-04381,2025-10-21,2025-12-07,C03129,PK06,AG00,1,0,1580,0.1,Completed,Card
BK-2025-04382,2025-10-21,2025-11-20,C04003,PK04,AG00,1,0,550,0.0,Canceled,Bank Transfer
BK-2025-04383,2025-10-21,2025-11-17,C04413,PK03,AG02,2,0,595,0.0,Completed,Bank Transfer
BK-2025-04384,2025-10-21,2025-11-18,C04696,PK11,AG09,1,0,4290,0.1,Completed,Bank Transfer
BK-2025-04385,2025-10-21,2026-02-02,C05355,PK07,AG00,2,0,2700,,Completed,Card
BK-2025-04386,2025-10-21,2026-01-04,C05490,PK14,AG00,8,0,5420,0.0,Completed,PayPal
BK-2025-04387,2025-10-21,2026-08-01,C05796,PK12,AG01,2,0,6350,0.05,Confirmed,PayPal
BK-2025-04388,2025-10-22,2025-12-02,C00338,PK06,AG11,2,0,1580,0.0,Completed,Bank Transfer
BK-2025-04389,2025-10-22,2026-01-15,C00454,PK10,AG06,2,0,1175,0.0,Completed,PayPal
BK-2025-04390,2025-10-22,2025-12-08,C00496,PK02,AG12,11,0,480,0.1,Completed,PayPal
BK-2025-04391,2025-10-22,2026-02-25,C00606,PK08,AG07,1,0,1355,0.0,Completed,Card
BK-2025-04392,2025-10-22,2026-01-24,C01201,PK09,AG01,1,0,3440,0.0,Completed,PayPal
BK-2025-04393,2025-10-22,2025-11-13,C01498,PK01,AG10,12,0,460,0.0,Completed,M-Pesa
BK-2025-04394,2025-10-22,2025-12-23,C02002,PK17,AG00,2,3,12395,0.0,Canceled,Card
BK-2025-04395,2025-10-22,2026-03-28,C02120,PK18,AG00,2,3,5980,0.0,Completed,Bank Transfer
BK-2025-04396,2025-10-22,2026-07-31,C02782,PK13,AG08,2,1,8200,0.0,Confirmed,Card
BK-2025-04397,2025-10-22,2026-01-17,C03100,PK08,AG00,2,0,1560,0.0,cancelled,M-Pesa
BK-2025-04398,2025-10-22,2026-01-19,C03320,PK18,AG00,1,0,6875,0.1,Completed,Bank Transfer
BK-2025-04399,2025-10-22,2026-01-05,C03691,PK09,AG03,2,1,3440,0.0,Completed,Bank Transfer
BK-2025-04400,2025-10-22,2026-02-27,C04742,PK06,AG00,2,3,1440,0.0,Completed,M-Pesa
BK-2025-04401,2025-10-22,2025-12-07,C05072,PK01,AG05,5,0,530,0.1,Completed,Bank Transfer
BK-2025-04402,2025-10-22,2026-02-05,C05244,PK18,AG13,12,0,5980,0.1,Completed,Card
BK-2025-04403,2025-10-22,2026-01-16,C05277,PK18,AG00,1,0,6875,0.0,Completed,Card
BK-2025-04404,2025-10-22,2025-12-29,C05439,PK08,AG09,2,0,1495,0.15,Completed,Card
BK-2025-04405,2025-10-22,2025-11-07,C05453,PK08,AG00,2,2,1300,0.0,Completed,Card
BK-2025-04406,2025-10-22,2025-11-17,C06139,PK03,AG03,9,0,595,0.0,Completed,Card
BK-2025-04407,2025-10-22,2025-12-06,C06360,PK07,AG08,5,0,2975,0.0,Completed,Card
BK-2025-04408,2025-10-22,2026-02-08,C06450,PK09,AG00,2,2,2990,0.0,Completed,Card
BK-2025-04409,2025-10-23,2025-11-03,C00726,PK04,AG05,2,0,550,0.1,Completed,Bank Transfer
BK-2025-04410,2025-10-23,2026-06-21,C00938,PK13,AG11,1,0,7130,0.0,Canceled,Bank Transfer
BK-2025-04411,2025-10-23,2025-12-12,C01407,PK18,AG06,2,2,6580,0.0,Completed,Card
BK-2025-04412,2025-10-23,2026-02-02,C02354,PK12,AG03,2,3,5520,0.05,Completed,Card
BK-2025-04413,2025-10-23,2026-01-10,C02501,PK18,AG06,1,0,6875,0.0,Completed,Card
BK-2025-04414,2025-10-23,2026-01-12,C03807,PK14,AG08,1,0,5420,0.0,Completed,Card
BK-2025-04415,2025-10-23,2025-12-13,C04029,PK15,AG05,9,0,4935,0.1,Completed,Card
BK-2025-04416,2025-10-23,2025-11-09,C04273,PK03,AG00,1,0,595,0.1,Completed,Bank Transfer
BK-2025-04417,2025-10-23,2026-01-29,C04599,PK11,AG00,2,2,5160,0.0,Completed ,Card
BK-2025-04418,2025-10-23,2026-02-11,C04974,PK07,AG06,2,0,2700,0.0,Completed,Card
BK-2025-04419,2025-10-23,2026-02-19,C05549,PK07,AG10,7,0,2700,,Completed,Card
BK-2025-04420,2025-10-23,2025-12-10,C05976,PK05,AG00,2,0,985,0.0,Completed,Card
BK-2025-04421,2025-10-23,2025-12-07,C06319,PK11,AG00,2,2,4935,0.0,Completed,PayPal
BK-2025-04422,2025-10-24,2025-12-19,C00415,PK08,AG04,2,0,1495,0.0,Completed,Card
BK-2025-04423,2025-10-24,2025-12-08,C01036,PK16,AG01,2,0,5820,0.05,Completed,Card
BK-2025-04424,2025-10-24,2025-12-22,C01407,PK13,AG00,2,2,7845,0.1,Completed,Bank Transfer
BK-2025-04425,2025-10-24,2026-01-03,C02010,PK06,AG04,2,0,1655,0.0,Completed,PayPal
BK-2025-04426,2025-10-24,2026-06-03,C02112,PK12,AG03,2,2,5520,0.0,Completed,Card
BK-2025-04427,2025-10-24,2026-01-03,C03398,PK18,AG00,2,2,6875,0.05,Completed,Card
BK-2025-04428,2025-10-24,2025-12-01,C03601,PK11,AG04,2,0,4935,,Cancelled ,Bank Transfer
BK-2025-04429,2025-10-24,2025-12-06,C03882,PK04,AG06,11,0,630,0.1,Completed,Bank Transfer
BK-2025-04430,2025-10-24,2025-12-28,C03913,PK12,AG02,2,0,6070,0.05,Completed,M-Pesa
BK-2025-04431,2025-10-24,2025-10-31,C05132,PK04,AG04,2,2,630,0.1,Completed,Card
BK-2025-04432,2025-10-24,2026-03-21,C05198,PK13,AG06,2,0,7130,0.05,Completed,Card
BK-2025-04433,2025-10-24,2026-02-10,C05428,PK08,AG03,2,0,1355,0.0,Completed,PayPal
BK-2025-04434,2025-10-24,2025-11-05,C05801,PK05,AG02,1,0,860,0.0,Completed,M-Pesa
BK-2025-04435,2025-10-24,2025-12-22,C05802,PK17,AG00,1,0,12395,0.0,Completed,Card
BK-2025-04436,2025-10-24,2026-09-15,C06140,PK16,AG11,2,2,6085,0.0,Confirmed,Card
BK-2025-04437,2025-10-24,2025-11-28,C06277,PK02,AG12,10,0,420,0.1,Completed,Card
BK-2025-04438,2025-10-25,2026-01-22,C00220,PK11,AG06,2,0,5160,0.05,Completed,Card
BK-2025-04439,2025-10-25,2025-11-23,C00693,PK01,AG01,2,0,460,0.0,Completed,Card
BK-2025-04440,2025-10-25,2026-07-04,C01309,PK18,AG11,2,2,6875,0.0,Confirmed,Bank Transfer
BK-2025-04441,2025-10-25,2026-01-29,C01325,PK12,AG03,2,0,6350,0.15,Cancelled,PayPal
BK-2025-04442,2025-10-25,2025-11-09,C02189,PK02,AG00,1,0,420,0.0,Completed,Card
BK-2025-04443,2025-10-25,2025-12-22,C02582,PK06,AG01,2,2,1580,0.0,Completed,Bank Transfer
BK-2025-04444,2025-10-25,2025-11-26,C02636,PK06,AG00,2,0,1375,0.0,Completed,M-Pesa
BK-2025-04445,2025-10-25,2025-12-11,C02936,PK12,AG04,2,0,6070,0.0,Completed,M-Pesa
BK-2025-04446,2025-10-25,2025-12-19,C04302,PK03,AG09,2,2,685,0.0,Completed,Card
BK-2025-04447,2025-10-25,2025-12-01,C04587,PK02,AG00,1,0,480,0.05,Completed,Bank Transfer
BK-2025-04448,2025-10-25,2025-11-27,C04589,PK17,AG07,3,0,10780,,Completed,Bank Transfer
BK-2025-04449,2025-10-25,2025-11-05,C04765,PK06,AG01,2,1,1375,0.0,Completed,Bank Transfer
BK-2025-04450,2025-10-25,2026-04-01,C06353,PK17,AG02,2,0,11270,0.0,Completed,M-Pesa
BK-2025-04451,2025-10-26,2026-02-08,C00238,PK14,AG07,6,0,4715,0.15,Completed,M-Pesa
BK-2025-04452,2025-10-26,2026-02-11,C00407,PK06,AG00,1,0,1440,0.15,Cancelled,PayPal
BK-2025-04453,2025-10-26,2026-01-28,C00579,PK18,AG03,2,0,6875,0.0,Completed,M-Pesa
BK-2025-04454,2025-10-26,2025-12-25,C00752,PK12,AG06,9,0,6070,0.0,Completed,Bank Transfer
BK-2025-04455,2025-10-26,2025-12-02,C02129,PK05,AG00,1,0,985,0.0,Completed,Bank Transfer
BK-2025-04456,2025-10-26,2025-12-23,C02263,PK06,AG06,2,0,1580,0.0,COMPLETED,Card
BK-2025-04457,2025-10-26,2026-03-16,C02826,PK18,AG12,12,0,5980,0.0,Completed,PayPal
BK-2025-04458,2025-10-26,2025-12-05,C04811,PK04,AG04,2,0,630,0.05,Completed,M-Pesa
BK-2025-04459,2025-10-26,2026-01-07,C05148,PK03,AG04,2,0,715,0.05,Completed,PayPal
BK-2025-04460,2025-10-26,2026-04-23,C05242,PK13,AG00,2,0,7130,0.05,Completed,Card
BK-2025-04461,2025-10-26,2025-12-14,C05650,PK06,AG07,4,0,1580,0.0,Completed,M-Pesa
BK-2025-04462,2025-10-26,2026-01-12,C05680,PK12,AG04,1,0,6350,0.0,Completed,Bank Transfer
BK-2025-04463,2025-10-26,2025-10-30,C06450,PK03,AG00,2,3,685,0.1,COMPLETED,PayPal
BK-2025-04464,2025-10-27,2025-12-10,C01177,PK03,AG00,2,3,685,0.1,Completed,M-Pesa
BK-2025-04465,2025-10-27,2025-12-30,C01297,PK09,AG05,2,0,3290,0.0,Completed,Bank Transfer
BK-2025-04466,2025-10-27,2025-11-20,C02265,PK01,AG00,9,0,460,0.1,Completed,PayPal
BK-2025-04467,2025-10-27,2026-03-27,C02788,PK12,AG07,2,2,5520,0.0,Completed,Bank Transfer
BK-2025-04468,2025-10-27,2026-02-19,C03193,PK15,AG02,2,0,4485,0.0,Completed,PayPal
BK-2025-04469,2025-10-27,2026-07-26,C03491,PK13,AG01,2,1,8200,0.0,Confirmed,Card
BK-2025-04470,2025-10-27,2026-01-29,C03580,PK05,AG00,2,3,1030,0.0,Completed,Card
BK-2025-04471,2025-10-27,2025-11-18,C04961,PK04,AG00,7,0,550,0.05,completed,Card
BK-2025-04472,2025-10-27,2025-12-09,C05734,PK11,AG03,2,0,4935,0.0,Completed,M-Pesa
BK-2025-04473,2025-10-27,2026-01-02,C06012,PK01,AG02,2,0,555,0.1,Completed ,Card
BK-2025-04474,2025-10-27,2025-12-19,C06323,PK12,AG00,7,0,6070,0.1,Completed,Bank Transfer
BK-2025-04475,2025-10-28,2025-11-06,C00058,PK01,AG00,2,1,460,0.15,Cancelled,Card
BK-2025-04476,2025-10-28,2026-01-17,C00598,PK01,AG00,1,0,555,0.0,Completed ,PayPal
BK-2025-04477,2025-10-28,2026-02-14,C00603,PK15,AG00,2,0,4485,0.0,Completed,Bank Transfer
BK-2025-04478,2025-10-28,2026-02-12,C01172,PK01,AG02,9,0,485,0.05,Completed,PayPal
BK-2025-04479,2025-10-28,2026-02-12,C01218,PK06,AG02,1,0,1440,0.0,Completed,PayPal
BK-2025-04480,2025-10-28,2026-01-31,C01528,PK15,AG02,2,0,5160,0.0,Canceled,Card
BK-2025-04481,2025-10-28,2025-12-30,C01628,PK18,AG12,7,0,6580,0.1,COMPLETED,Bank Transfer
BK-2025-04482,2025-10-28,2025-12-31,C02631,PK14,AG09,2,0,5185,0.15,Completed,PayPal
BK-2025-04483,2025-10-28,2025-11-14,C02961,PK01,AG00,2,1,460,0.0,Completed,PayPal
BK-2025-04484,2025-10-28,2025-12-02,C03134,PK04,AG06,2,2,630,0.0,Completed,Bank Transfer
BK-2025-04485,2025-10-28,2026-01-09,C05028,PK18,AG00,7,0,6875,0.1,Completed,PayPal
BK-2025-04486,2025-10-28,2025-11-18,C05832,PK07,AG08,6,0,2585,0.1,Completed,Card
BK-2025-04487,2025-10-28,2025-11-04,C06117,PK03,AG05,2,0,595,0.1,Completed,Card
BK-2025-04488,2025-10-28,2025-12-01,C06251,PK15,AG03,5,0,4935,0.1,CANCELLED,PayPal
BK-2025-04489,2025-10-28,2026-07-12,C06260,PK14,AG13,4,0,5420,0.1,Confirmed,Bank Transfer
BK-2025-04490,2025-10-29,2026-09-28,C00176,PK14,AG03,2,0,5420,0.0,Confirmed,Bank Transfer
BK-2025-04491,2025-10-29,2025-12-29,C00519,PK09,AG00,2,3,3290,0.0,Completed,Card
BK-2025-04492,2025-10-29,2026-02-15,C01074,PK18,AG02,2,0,5980,0.05,Completed,Card
BK-2025-04493,2025-10-29,2025-12-01,C01734,PK05,AG00,2,2,985,0.0,Cancelled,Card
BK-2025-04494,2025-10-29,2025-12-20,C01949,PK07,AG07,2,0,2975,0.0,Completed,Bank Transfer
BK-2025-04495,2025-10-29,2026-10-26,C01953,PK17,AG06,2,0,12960,0.0,Cancelled,Card
BK-2025-04496,2025-10-29,2026-01-07,C02449,PK05,AG01,2,0,1030,0.05,Completed,PayPal
BK-2025-04497,2025-10-29,2026-06-04,C02657,PK12,AG00,1,0,5520,0.0,Completed,PayPal
BK-2025-04498,2025-10-29,2025-12-19,C03857,PK17,AG02,12,0,12395,0.0,Completed,M-Pesa
BK-2025-04499,2025-10-29,2025-12-11,C03909,PK01,AG02,2,0,530,0.0,Completed,M-Pesa
BK-2025-04500,2025-10-29,2026-03-01,C04277,PK18,AG00,2,0,5980,0.0,Completed,PayPal
BK-2025-04501,2025-10-29,2025-12-25,C05082,PK03,AG03,9,0,685,0.1,Completed,Card
BK-2025-04502,2025-10-29,2025-12-10,C05430,PK01,AG07,2,2,530,0.1,Completed,M-Pesa
BK-2025-04503,2025-10-29,2026-01-12,C06399,PK14,AG00,4,0,5420,0.05,Completed,Card
BK-2025-04504,2025-10-29,2026-01-07,C06460,PK07,AG04,2,0,3110,0.05,completed,Card
BK-2025-04505,2025-10-30,2025-11-13,C00220,PK06,AG06,2,0,1375,0.0,Completed,PayPal
BK-2025-04506,2025-10-30,2025-12-31,C00618,PK06,AG11,1,0,1580,0.1,Completed,M-Pesa
BK-2025-04507,2025-10-30,2026-01-23,C01053,PK18,AG02,8,0,6875,0.1,Completed,Card
BK-2025-04508,2025-10-30,2025-12-08,C01219,PK07,AG07,1,0,2975,0.1,Completed,Bank Transfer
BK-2025-04509,2025-10-30,2025-12-07,C01340,PK01,AG00,1,0,530,0.1,Completed,Card
BK-2025-04510,2025-10-30,2026-01-03,C01761,PK01,AG00,2,0,555,0.1,completed,PayPal
BK-2025-04511,2025-10-30,2026-01-29,C02017,PK06,AG00,2,0,1655,0.05,Completed,Bank Transfer
BK-2025-04512,2025-10-30,2026-01-04,C02233,PK18,AG04,2,0,6875,0.15,Completed,Bank Transfer
BK-2025-04513,2025-10-30,2025-12-24,C02838,PK13,AG00,2,0,7845,0.0,Completed,M-Pesa
BK-2025-04514,2025-10-30,2026-02-11,C03176,PK09,AG00,2,0,2990,0.05,Completed,Card
BK-2025-04515,2025-10-30,2025-12-13,C03901,PK08,AG04,4,0,1495,0.1,Completed,PayPal
BK-2025-04516,2025-10-30,2025-12-09,C04342,PK06,AG00,1,0,1580,0.15,Completed,Bank Transfer
BK-2025-04517,2025-10-30,2026-01-15,C04437,PK07,AG10,4,0,3110,0.1,Completed,Bank Transfer
BK-2025-04518,2025-10-30,2025-12-22,C04920,PK07,AG00,1,0,2975,0.0,Completed,Card
BK-2025-04519,2025-10-30,2026-07-03,C05773,PK15,AG05,7,0,5160,0.15,Confirmed,Bank Transfer
BK-2025-04520,2025-10-30,2025-11-07,C05951,PK10,AG08,2,0,980,0.0,Completed,PayPal
BK-2025-04521,2025-10-31,2025-11-26,C01533,PK05,AG03,6,0,860,0.1,Completed ,Card
BK-2025-04522,2025-10-31,2026-01-26,C01553,PK06,AG02,2,1,1655,0.0,Completed,Card
BK-2025-04523,2025-10-31,2025-11-23,C01843,PK02,AG08,4,0,420,0.1,Completed,Card
BK-2025-04524,2025-10-31,2026-01-24,C01995,PK09,AG00,2,0,3440,0.05,Completed,Bank Transfer
BK-2025-04525,2025-10-31,2025-12-07,C02587,PK02,AG05,1,0,480,0.0,Completed,PayPal
BK-2025-04526,2025-10-31,2026-03-27,C02987,PK06,AG06,8,0,1440,0.05,Completed,Card
BK-2025-04527,2025-10-31,2026-01-25,C03116,PK11,AG00,2,0,5160,,Completed,Bank Transfer
BK-2025-04528,2025-10-31,2026-03-06,C03251,PK06,AG03,1,0,1440,,Completed,Bank Transfer
BK-2025-04529,2025-10-31,2026-01-08,C03913,PK08,AG06,2,0,1560,0.05,Completed,Card
BK-2025-04530,2025-10-31,2026-03-16,C03960,PK14,AG00,2,1,4715,0.0,Completed,Card
BK-2025-04531,2025-10-31,2026-01-07,C04027,PK02,AG04,2,2,505,0.1,Completed,PayPal
BK-2025-04532,2025-10-31,2026-01-24,C04331,PK14,AG10,2,0,5420,0.1,Completed,M-Pesa
BK-2025-04533,2025-10-31,2026-01-30,C04624,PK04,AG02,2,1,660,0.05,Completed,Card
BK-2025-04534,2025-10-31,2026-02-28,C04752,PK13,AG00,1,0,7130,0.05,Completed,Card
BK-2025-04535,2025-10-31,2026-01-18,C05047,PK06,AG05,2,3,1655,0.0,Completed,Bank Transfer
BK-2025-04536,2025-10-31,2026-09-15,C05207,PK12,AG04,2,1,6350,0.05,Confirmed,Card
BK-2025-04537,2025-10-31,2025-12-17,C05852,PK06,AG00,1,0,1580,0.1,Completed,Card
BK-2025-04538,2025-10-31,2025-12-13,C06266,PK17,AG02,1,0,12395,0.0,Completed,Card
BK-2025-04539,2025-11-01,2026-02-23,C00501,PK06,AG00,2,0,1440,0.15,Completed,Bank Transfer
BK-2025-04540,2025-11-01,2026-03-13,C00808,PK13,AG05,2,0,7130,0.05,Completed,Bank Transfer
BK-2025-04541,2025-11-01,2025-12-28,C02048,PK16,AG00,2,3,5820,0.0,Completed,Bank Transfer
BK-2025-04542,2025-11-01,2025-12-05,C02255,PK04,AG00,1,0,630,0.15,Completed,Card
BK-2025-04543,2025-11-01,2025-12-29,C02906,PK12,AG04,2,3,6070,0.15,Completed,Bank Transfer
BK-2025-04544,2025-11-01,2025-12-22,C03241,PK12,AG13,3,0,6070,0.0,Completed,Bank Transfer
BK-2025-04545,2025-11-01,2026-07-24,C03813,PK14,AG02,2,0,5420,0.05,Cancelled,Card
BK-2025-04546,2025-11-01,2025-12-12,C04475,PK05,AG00,2,0,985,0.05,Cancelled,Bank Transfer
BK-2025-04547,2025-11-01,2025-12-24,C05040,PK12,AG07,7,0,6070,0.0,COMPLETED,Card
BK-2025-04548,2025-11-01,2026-08-12,C05287,PK12,AG05,2,3,6350,0.0,Confirmed,Card
BK-2025-04549,2025-11-01,2025-12-01,C05829,PK05,AG00,6,0,985,,Completed,Card
BK-2025-04550,2025-11-01,2025-12-21,C05983,PK02,AG02,2,0,480,,Completed,Card
BK-2025-04551,2025-11-02,2025-12-12,C00233,PK03,AG00,2,2,685,0.0,Completed,Card
BK-2025-04552,2025-11-02,2025-12-13,C00868,PK09,AG10,2,1,3290,0.0,Canceled,PayPal
BK-2025-04553,2025-11-02,2026-03-07,C01427,PK08,AG00,3,0,1355,0.05,Completed,Card
BK-2025-04554,2025-11-02,2026-06-22,C01619,PK16,AG00,2,3,5290,0.05,Completed,PayPal
BK-2025-04555,2025-11-02,2026-01-04,C01621,PK07,AG00,2,0,3110,0.05,Completed,Bank Transfer
BK-2025-04556,2025-11-02,2025-12-30,C02168,PK07,AG00,2,3,2975,0.0,Completed,Card
BK-2025-04557,2025-11-02,2025-12-31,C02244,PK04,AG00,1,0,630,0.0,Completed,Bank Transfer
BK-2025-04558,2025-11-02,2025-12-11,C02369,PK09,AG12,12,0,3290,0.1,Completed,Bank Transfer
BK-2025-04559,2025-11-02,2025-12-25,C02660,PK13,AG00,2,0,7845,0.0,Completed,M-Pesa
BK-2025-04560,2025-11-02,2025-12-02,C02746,PK07,AG00,2,0,2975,0.05,Completed,M-Pesa
BK-2025-04561,2025-11-02,2025-12-19,C02826,PK02,AG10,12,0,480,0.1,Completed,M-Pesa
BK-2025-04562,2025-11-02,2026-02-09,C03105,PK06,AG04,4,0,1440,0.1,Completed,Bank Transfer
BK-2025-04563,2025-11-02,2026-02-08,C03813,PK09,AG09,2,0,2990,0.0,Completed,PayPal
BK-2025-04564,2025-11-02,2026-01-11,C03919,PK16,AG02,9,0,6085,0.1,Cancelled,Card
BK-2025-04565,2025-11-02,2026-01-03,C04621,PK09,AG04,4,0,3440,0.15,Completed,PayPal
BK-2025-04566,2025-11-02,2026-04-25,C05306,PK15,AG00,4,0,4485,0.1,Completed,Card
BK-2025-04567,2025-11-02,2026-01-02,C05402,PK01,AG00,2,0,555,0.05,Completed,Card
BK-2025-04568,2025-11-02,2025-12-05,C05741,PK03,AG03,2,0,685,0.0,Completed,M-Pesa
BK-2025-04569,2025-11-02,2025-12-17,C05897,PK13,AG06,1,0,7845,0.1,completed,PayPal
BK-2025-04570,2025-11-02,2026-06-23,C05938,PK18,AG03,1,0,5980,0.1,Completed,Bank Transfer
BK-2025-04571,2025-11-02,2025-12-20,C05995,PK06,AG11,2,3,1580,0.0,Completed,Card
BK-2025-04572,2025-11-03,2025-12-19,C00194,PK03,AG02,2,0,685,0.05,Completed,PayPal
BK-2025-04573,2025-11-03,2025-12-27,C00396,PK05,AG00,2,0,985,0.15,Completed,Bank Transfer
BK-2025-04574,2025-11-03,2025-12-30,C00550,PK09,AG01,1,0,3290,0.0,Completed,M-Pesa
BK-2025-04575,2025-11-03,2025-12-30,C00710,PK14,AG00,2,0,5185,0.0,Completed,Bank Transfer
BK-2025-04576,2025-11-03,2025-12-28,C01346,PK10,AG13,4,0,1125,0.0,Completed,Bank Transfer
BK-2025-04577,2025-11-03,2025-12-22,C01496,PK02,AG01,2,2,480,0.0,Completed,Bank Transfer
BK-2025-04578,2025-11-03,2025-12-15,C02017,PK04,AG04,2,0,630,,Completed,Bank Transfer
BK-2025-04579,2025-11-03,2026-01-26,C02328,PK11,AG00,1,0,5160,0.0,Completed,Card
BK-2025-04580,2025-11-03,2025-12-08,C02634,PK07,AG00,2,0,2975,0.1,Completed,Card
BK-2025-04581,2025-11-03,2026-07-14,C02672,PK13,AG00,1,0,8200,0.0,Confirmed,Card
BK-2025-04582,2025-11-03,2025-11-17,C03322,PK05,AG01,9,0,860,0.0,Completed,Card
BK-2025-04583,2025-11-03,2026-01-03,C03329,PK13,AG10,6,0,8200,0.0,Completed,M-Pesa
BK-2025-04584,2025-11-03,2025-12-12,C03565,PK10,AG04,2,0,1125,0.0,Completed,M-Pesa
BK-2025-04585,2025-11-03,2025-12-21,C03847,PK10,AG03,2,2,1125,0.0,Completed ,PayPal
BK-2025-04586,2025-11-03,2026-10-08,C04195,PK14,AG08,2,1,5420,0.0,Confirmed,Bank Transfer
BK-2025-04587,2025-11-03,2025-12-23,C04795,PK06,AG11,1,0,1580,0.05,Canceled,Card
BK-2025-04588,2025-11-03,2026-01-03,C05319,PK01,AG00,1,0,555,0.0,Completed,M-Pesa
BK-2025-04589,2025-11-03,2025-11-22,C05387,PK01,AG00,6,0,460,0.1,Completed,Card
BK-2025-04590,2025-11-03,2026-01-03,C06126,PK06,AG00,2,0,1655,0.0,Completed,Bank Transfer
BK-2025-04591,2025-11-03,2026-02-17,C06191,PK06,AG00,2,0,1440,0.0,Completed,PayPal
BK-2025-04592,2025-11-03,2025-11-25,C06489,PK05,AG02,5,0,860,0.05,Cancelled,Bank Transfer
BK-2025-04593,2025-11-04,2025-12-01,C00492,PK06,AG03,1,0,1580,0.1,Completed,Card
BK-2025-04594,2025-11-04,2025-12-29,C00868,PK12,AG00,2,2,6070,0.1,Completed,Bank Transfer
BK-2025-04595,2025-11-04,2025-11-23,C01900,PK08,AG04,7,0,1300,0.1,Completed,Bank Transfer
BK-2025-04596,2025-11-04,2026-03-09,C02005,PK16,AG05,2,0,5290,0.05,Completed,Card
BK-2025-04597,2025-11-04,2026-01-08,C03099,PK14,AG11,2,1,5420,0.0,Completed,PayPal
BK-2025-04598,2025-11-04,2026-02-25,C03308,PK12,AG07,2,0,5520,0.0,Completed,Card
BK-2025-04599,2025-11-04,2026-07-10,C03832,PK18,AG05,2,0,6875,0.05,Confirmed,Card
BK-2025-04600,2025-11-04,2025-12-28,C03973,PK15,AG11,2,3,4935,,Completed,Bank Transfer
BK-2025-04601,2025-11-04,2026-01-18,C04335,PK10,AG01,2,0,1175,0.0,COMPLETED,Bank Transfer
BK-2025-04602,2025-11-04,2026-01-09,C04686,PK12,AG10,9,0,6350,0.1,Completed,PayPal
BK-2025-04603,2025-11-04,2026-01-23,C05218,PK16,AG02,2,0,6085,0.0,Completed,M-Pesa
BK-2025-04604,2025-11-04,2026-07-02,C06116,PK06,AG10,2,0,1655,0.0,Confirmed,Bank Transfer
BK-2025-04605,2025-11-05,2025-12-05,C00346,PK02,AG00,5,0,480,0.1,Completed,M-Pesa
BK-2025-04606,2025-11-05,2026-01-12,C00535,PK04,AG05,2,2,660,0.0,Completed,Bank Transfer
BK-2025-04607,2025-11-05,2025-11-22,C00586,PK09,AG00,2,1,2860,0.05,Completed,Bank Transfer
BK-2025-04608,2025-11-05,2026-02-07,C01477,PK12,AG03,2,0,5520,0.15,Completed,Card
BK-2025-04609,2025-11-05,2026-02-18,C02044,PK10,AG00,2,0,1025,0.05,Completed,Card
BK-2025-04610,2025-11-05,2025-12-21,C02061,PK07,AG08,2,3,2975,0.0,Completed,Bank Transfer
BK-2025-04611,2025-11-05,2025-12-31,C02162,PK16,AG02,5,0,5820,0.1,Completed,Bank Transfer
BK-2025-04612,2025-11-05,2025-11-24,C02285,PK16,AG12,8,0,5060,0.15,Completed,Bank Transfer
BK-2025-04613,2025-11-05,2026-02-19,C02377,PK12,AG01,2,3,5520,0.15,Completed,Card
BK-2025-04614,2025-11-05,2026-02-25,C02493,PK12,AG00,2,3,5520,0.0,Completed,M-Pesa
BK-2025-04615,2025-11-05,2026-03-31,C02883,PK09,AG06,2,1,2990,0.0,Completed,Bank Transfer
BK-2025-04616,2025-11-05,2025-11-10,C03134,PK02,AG10,2,2,420,0.05,Completed,Card
BK-2025-04617,2025-11-05,2025-12-05,C03349,PK01,AG04,2,0,530,0.1,Completed,PayPal
BK-2025-04618,2025-11-05,2026-03-19,C04259,PK09,AG05,1,0,2990,0.0,Cancelled,Card
BK-2025-04619,2025-11-05,2025-11-17,C04659,PK04,AG00,2,3,550,0.05,Completed,Bank Transfer
BK-2025-04620,2025-11-05,2026-02-17,C05470,PK12,AG04,2,2,5520,0.05,Completed,M-Pesa
BK-2025-04621,2025-11-05,2026-09-10,C05873,PK18,AG04,2,0,6875,0.0,Confirmed,Card
BK-2025-04622,2025-11-05,2025-12-07,C06229,PK01,AG02,2,1,530,0.0,Completed,PayPal
BK-2025-04623,2025-11-06,2025-11-23,C00059,PK03,AG07,2,0,595,0.0,Completed,Card
BK-2025-04624,2025-11-06,2026-02-10,C00219,PK08,AG00,2,0,1355,0.0,Completed,Bank Transfer
BK-2025-04625,2025-11-06,2025-12-08,C00275,PK15,AG04,1,0,4935,0.05,Cancelled,PayPal
BK-2025-04626,2025-11-06,2026-03-06,C00561,PK12,AG12,6,0,5520,0.0,Completed,Card
BK-2025-04627,2025-11-06,2025-12-28,C01002,PK03,AG03,2,0,685,0.1,Completed ,PayPal
BK-2025-04628,2025-11-06,2025-12-11,C01713,PK06,AG12,7,0,1580,0.05,Completed,Bank Transfer
BK-2025-04629,2025-11-06,2025-12-04,C01869,PK14,AG00,2,2,5185,0.0,Completed,Card
BK-2025-04630,2025-11-06,2026-04-05,C02013,PK16,AG10,9,0,5290,0.05,Completed,Bank Transfer
BK-2025-04631,2025-11-06,2026-05-16,C02087,PK15,AG12,3,0,4485,0.1,Completed,Bank Transfer
BK-2025-04632,2025-11-06,2026-03-12,C02204,PK17,AG13,6,0,11270,0.1,Completed,M-Pesa
BK-2025-04633,2025-11-06,2026-02-26,C02216,PK15,AG07,1,0,4485,0.1,Completed,Card
BK-2025-04634,2025-11-06,2025-12-20,C02844,PK04,AG00,2,0,630,0.05,Canceled,M-Pesa
BK-2025-04635,2025-11-06,2025-11-16,C03759,PK01,AG00,2,3,460,0.05,Completed,Card
BK-2025-04636,2025-11-06,2026-02-03,C03819,PK11,AG05,2,0,4485,0.05,Completed,M-Pesa
BK-2025-04637,2025-11-06,2025-12-03,C04251,PK03,AG01,1,0,685,0.05,Completed,Bank Transfer
BK-2025-04638,2025-11-06,2026-01-15,C05256,PK14,AG02,7,0,5420,0.0,Completed,Bank Transfer
BK-2025-04639,2025-11-06,2025-12-29,C05559,PK02,AG03,2,0,480,0.1,Completed,Card
BK-2025-04640,2025-11-06,2025-12-04,C06423,PK06,AG00,2,0,1580,0.1,Completed,Bank Transfer
BK-2025-04641,2025-11-07,2026-05-18,C00329,PK15,AG10,5,0,4485,0.0,Completed,M-Pesa
BK-2025-04642,2025-11-07,2026-10-04,C00579,PK13,AG10,2,0,8200,0.05,Confirmed,Card
BK-2025-04643,2025-11-07,2026-06-14,C01158,PK13,AG09,2,0,7130,0.0,Completed,Bank Transfer
BK-2025-04644,2025-11-07,2026-01-30,C01716,PK02,AG04,1,0,505,0.1,Completed,M-Pesa
BK-2025-04645,2025-11-07,2026-02-09,C02266,PK18,AG10,7,0,5980,0.05,Completed,Card
BK-2025-04646,2025-11-07,2026-02-19,C02788,PK17,AG00,2,2,11270,0.0,Completed,Card
BK-2025-04647,2025-11-07,2026-01-02,C02949,PK06,AG08,2,0,1655,0.0,Completed,Card
BK-2025-04648,2025-11-07,2025-12-02,C04655,PK01,AG08,2,2,530,0.05,Cancelled,Card
BK-2025-04649,2025-11-07,2025-12-13,C05057,PK02,AG00,2,3,480,0.0,Completed,Bank Transfer
BK-2025-04650,2025-11-07,2026-01-07,C05176,PK04,AG02,4,0,660,0.0,Completed,Card
BK-2025-04651,2025-11-07,2026-02-07,C05266,PK18,AG00,2,0,5980,0.05,Completed,Bank Transfer
BK-2025-04652,2025-11-07,2025-12-23,C05544,PK02,AG00,2,0,480,0.0,Completed,M-Pesa
BK-2025-04653,2025-11-07,2026-05-08,C05607,PK12,AG00,6,0,5520,0.1,Completed,Card
BK-2025-04654,2025-11-07,2025-12-18,C06227,PK06,AG00,9,0,1580,0.1,Completed,Bank Transfer
BK-2025-04655,2025-11-08,2025-12-03,C00145,PK02,AG02,2,3,480,0.0,Completed,Card
BK-2025-04656,2025-11-08,2025-12-08,C00479,PK03,AG04,2,3,685,0.0,COMPLETED,Bank Transfer
BK-2025-04657,2025-11-08,2026-07-04,C01276,PK06,AG00,2,2,1655,0.0,Confirmed,Bank Transfer
BK-2025-04658,2025-11-08,2026-03-06,C01451,PK07,AG00,2,3,2700,0.0,Cancelled,Card
BK-2025-04659,2025-11-08,2026-07-03,C03118,PK18,AG02,2,0,6875,0.15,Confirmed,Card
BK-2025-04660,2025-11-08,2026-01-30,C03125,PK06,AG00,5,0,1655,0.0,Completed,Card
BK-2025-04661,2025-11-08,2025-11-24,C03665,PK09,AG02,2,0,2860,0.05,Completed,M-Pesa
BK-2025-04662,2025-11-08,2025-12-10,C03745,PK06,AG03,7,0,1580,0.1,Completed,Card
BK-2025-04663,2025-11-08,2026-05-28,C04007,PK18,AG08,2,1,5980,0.0,Completed,M-Pesa
BK-2025-04664,2025-11-08,2025-12-24,C04045,PK12,AG11,2,0,6070,,Completed,Card
BK-2025-04665,2025-11-08,2025-12-28,C04844,PK07,AG05,2,2,2975,0.1,Completed,PayPal
BK-2025-04666,2025-11-08,2026-03-17,C04846,PK18,AG05,2,0,5980,0.0,Completed,Bank Transfer
BK-2025-04667,2025-11-08,2025-12-20,C05075,PK02,AG01,4,0,480,0.1,Completed,Card
BK-2025-04668,2025-11-08,2026-01-06,C05165,PK04,AG05,2,0,660,0.15,Completed,M-Pesa
BK-2025-04669,2025-11-08,2026-03-05,C05460,PK13,AG04,2,0,7130,0.0,Completed,Card
BK-2025-04670,2025-11-08,2026-02-08,C05884,PK18,AG11,2,0,5980,0.05,completed,Card
BK-2025-04671,2025-11-08,2025-12-19,C06124,PK15,AG03,2,1,4935,0.1,Cancelled,Card
BK-2025-04672,2025-11-09,2025-12-22,C00103,PK08,AG03,2,0,1495,0.05,Completed,M-Pesa
BK-2025-04673,2025-11-09,2026-01-25,C00875,PK18,AG00,2,0,6875,0.0,Completed,PayPal
BK-2025-04674,2025-11-09,2026-01-02,C00936,PK13,AG00,2,0,8200,0.05,Completed,Card
BK-2025-04675,2025-11-09,2025-12-08,C01249,PK09,AG05,2,3,3290,0.1,Completed,Card
BK-2025-04676,2025-11-09,2025-12-17,C01487,PK06,AG02,6,0,1580,0.1,completed,Bank Transfer
BK-2025-04677,2025-11-09,2026-01-17,C02452,PK03,AG12,5,0,715,0.05,Completed,PayPal
BK-2025-04678,2025-11-09,2026-01-08,C02495,PK16,AG00,2,0,6085,0.0,Completed,Bank Transfer
BK-2025-04679,2025-11-09,2025-12-12,C02620,PK03,AG02,1,0,685,0.0,Cancelled,Bank Transfer
BK-2025-04680,2025-11-09,2026-01-15,C02651,PK03,AG02,7,0,715,,Completed,M-Pesa
BK-2025-04681,2025-11-09,2026-08-30,C02751,PK16,AG09,1,0,6085,,Confirmed,Card
BK-2025-04682,2025-11-09,2026-02-11,C03044,PK12,AG11,2,0,5520,0.0,completed,Bank Transfer
BK-2025-04683,2025-11-09,2025-12-19,C03162,PK09,AG05,2,0,3290,0.0,Completed,Bank Transfer
BK-2025-04684,2025-11-09,2025-11-23,C03811,PK03,AG03,1,0,595,0.0,Completed,Card
BK-2025-04685,2025-11-09,2026-01-02,C04039,PK07,AG08,2,3,3110,,Completed,PayPal
BK-2025-04686,2025-11-09,2026-05-10,C05242,PK07,AG00,2,0,2700,0.0,Completed,M-Pesa
BK-2025-04687,2025-11-09,2025-12-29,C06329,PK06,AG01,8,0,1580,0.0,Completed,Bank Transfer
BK-2025-04688,2025-11-09,2025-12-16,C06364,PK13,AG00,2,0,7845,0.0,Completed,M-Pesa
BK-2025-04689,2025-11-10,2025-12-28,C00036,PK09,AG10,1,0,3290,0.0,Completed,Card
BK-2025-04690,2025-11-10,2025-12-12,C00833,PK11,AG10,1,0,4935,0.05,Completed,Card
BK-2025-04691,2025-11-10,2025-12-20,C01036,PK01,AG08,2,0,530,0.1,Completed ,Card
BK-2025-04692,2025-11-10,2026-02-13,C01295,PK12,AG09,2,0,5520,0.1,Completed,Card
BK-2025-04693,2025-11-10,2025-12-03,C03467,PK03,AG11,2,0,685,0.0,Completed,Bank Transfer
BK-2025-04694,2025-11-10,2026-08-15,C03703,PK16,AG07,2,2,6085,0.0,Confirmed,Card
BK-2025-04695,2025-11-10,2026-01-01,C04077,PK05,AG02,6,0,1030,0.1,Completed,Card
BK-2025-04696,2025-11-10,2026-02-07,C04233,PK06,AG00,2,0,1440,0.0,Completed,PayPal
BK-2025-04697,2025-11-10,2026-07-30,C04678,PK14,AG01,2,0,5420,0.0,Confirmed,M-Pesa
BK-2025-04698,2025-11-10,2026-01-06,C05582,PK11,AG00,3,0,5160,0.0,COMPLETED,Bank Transfer
BK-2025-04699,2025-11-10,2026-03-24,C05676,PK12,AG00,2,0,5520,0.05,Completed,M-Pesa
BK-2025-04700,2025-11-10,2025-12-24,C06071,PK10,AG11,2,1,1125,0.15,completed,Card
BK-2025-04701,2025-11-11,2026-03-27,C00020,PK16,AG00,1,0,5290,0.0,COMPLETED,Bank Transfer
BK-2025-04702,2025-11-11,2026-02-20,C00166,PK08,AG00,2,0,1355,0.05,Completed,Card
BK-2025-04703,2025-11-11,2025-12-22,C00361,PK11,AG11,4,0,4935,0.1,Completed,Card
BK-2025-04704,2025-11-11,2026-05-25,C01054,PK12,AG10,2,0,5520,0.1,Completed,Bank Transfer
BK-2025-04705,2025-11-11,2025-12-03,C01187,PK04,AG07,2,0,630,0.0,Completed,Bank Transfer
BK-2025-04706,2025-11-11,2025-12-06,C02051,PK06,AG01,2,0,1580,0.1,Completed,M-Pesa
BK-2025-04707,2025-11-11,2025-12-04,C02159,PK03,AG01,2,0,685,0.05,Completed ,Card
BK-2025-04708,2025-11-11,2026-01-16,C02949,PK09,AG00,2,0,3440,0.0,Completed,Bank Transfer
BK-2025-04709,2025-11-11,2026-02-20,C03176,PK16,AG00,2,0,5290,0.05,Completed,M-Pesa
BK-2025-04710,2025-11-11,2025-11-15,C03271,PK03,AG04,2,0,595,0.0,Completed,PayPal
BK-2025-04711,2025-11-11,2025-12-18,C03640,PK12,AG02,2,0,6070,0.0,Completed ,Bank Transfer
BK-2025-04712,2025-11-11,2025-12-03,C03804,PK03,AG00,2,2,685,0.1,Completed,Bank Transfer
BK-2025-04713,2025-11-11,2026-02-23,C04388,PK16,AG00,8,0,5290,0.1,completed,Bank Transfer
BK-2025-04714,2025-11-11,2025-11-25,C04564,PK13,AG04,2,1,6820,0.0,Completed,Card
BK-2025-04715,2025-11-11,2026-01-27,C04851,PK09,AG05,1,0,3440,0.0,Completed,PayPal
BK-2025-04716,2025-11-11,2025-12-28,C05541,PK16,AG00,1,0,5820,0.05,Completed,PayPal
BK-2025-04717,2025-11-11,2025-12-25,C06386,PK06,AG00,2,0,1580,0.0,Completed,M-Pesa
BK-2025-04718,2025-11-12,2026-04-12,C00101,PK18,AG11,4,0,5980,0.1,Completed,M-Pesa
BK-2025-04719,2025-11-12,2026-08-19,C00483,PK15,AG03,2,0,5160,0.05,Canceled,Card
BK-2025-04720,2025-11-12,2025-12-06,C00544,PK01,AG06,2,0,530,0.0,Cancelled,Card
BK-2025-04721,2025-11-12,2025-12-30,C00651,PK08,AG05,2,1,1495,0.0,Completed,Card
BK-2025-04722,2025-11-12,2026-01-28,C01717,PK07,AG00,2,2,3110,0.0,Completed,Card
BK-2025-04723,2025-11-12,2026-07-13,C01848,PK12,AG00,1,0,6350,0.0,Confirmed,M-Pesa
BK-2025-04724,2025-11-12,2025-12-28,C02105,PK01,AG11,2,1,530,0.0,Completed,M-Pesa
BK-2025-04725,2025-11-12,2026-01-07,C02487,PK01,AG09,5,0,555,0.1,Completed,Bank Transfer
BK-2025-04726,2025-11-12,2025-12-06,C02718,PK01,AG01,2,0,530,0.05,Cancelled,Bank Transfer
BK-2025-04727,2025-11-12,2026-01-31,C02719,PK18,AG00,4,0,6875,0.05,completed,Bank Transfer
BK-2025-04728,2025-11-12,2025-12-09,C05476,PK09,AG12,10,0,3290,0.05,Completed,Card
BK-2025-04729,2025-11-12,2025-12-03,C05602,PK10,AG08,2,0,1125,0.0,Cancelled,PayPal
BK-2025-04730,2025-11-12,2025-12-30,C05799,PK07,AG00,1,0,2975,0.1,Completed,Bank Transfer
BK-2025-04731,2025-11-12,2025-12-23,C05938,PK01,AG09,1,0,530,0.0,Cancelled,Card
BK-2025-04732,2025-11-13,2025-12-24,C00165,PK18,AG00,2,3,6580,0.05,Completed,Bank Transfer
BK-2025-04733,2025-11-13,2026-01-14,C00703,PK09,AG00,2,1,3440,0.0,Completed,PayPal
BK-2025-04734,2025-11-13,2025-12-02,C01306,PK09,AG11,1,0,3290,0.0,Cancelled,PayPal
BK-2025-04735,2025-11-13,2026-03-19,C01461,PK09,AG03,2,0,2990,0.15,Completed,Card
BK-2025-04736,2025-11-13,2025-12-04,C01501,PK01,AG03,2,0,530,0.0,Completed,Bank Transfer
BK-2025-04737,2025-11-13,2026-12-28,C01951,PK14,AG00,2,2,5420,0.15,Confirmed,Card
BK-2025-04738,2025-11-13,2025-12-24,C02288,PK10,AG01,4,0,1125,0.1,Completed,Card
BK-2025-04739,2025-11-13,2026-01-02,C02317,PK04,AG01,2,0,660,0.0,Completed ,M-Pesa
BK-2025-04740,2025-11-13,2026-01-18,C03100,PK02,AG05,2,0,505,0.0,Completed,Card
BK-2025-04741,2025-11-13,2026-01-24,C03740,PK06,AG04,1,0,1655,0.0,Completed,M-Pesa
BK-2025-04742,2025-11-13,2025-12-29,C04129,PK06,AG07,3,0,1580,0.05,Completed,PayPal
BK-2025-04743,2025-11-13,2025-12-28,C04199,PK18,AG03,2,2,6580,0.1,Completed,Bank Transfer
BK-2025-04744,2025-11-13,2025-12-20,C04619,PK07,AG11,2,0,2975,0.05,Completed,Card
BK-2025-04745,2025-11-13,2026-01-08,C05844,PK14,AG11,11,0,5420,0.1,Completed,M-Pesa
BK-2025-04746,2025-11-13,2026-01-14,C05874,PK15,AG01,2,0,5160,0.0,Completed,Card
BK-2025-04747,2025-11-14,2026-01-22,C00764,PK13,AG02,1,0,8200,0.15,Completed,Card
BK-2025-04748,2025-11-14,2025-11-29,C01371,PK06,AG00,8,0,1375,0.1,Completed,M-Pesa
BK-2025-04749,2025-11-14,2025-12-07,C01551,PK01,AG11,9,0,530,0.15,Completed,Card
BK-2025-04750,2025-11-14,2025-12-17,C02200,PK06,AG00,2,0,1580,0.0,Completed,Card
BK-2025-04751,2025-11-14,2025-12-17,C02469,PK02,AG00,1,0,480,,Completed,Card
BK-2025-04752,2025-11-14,2025-12-14,C03166,PK04,AG00,2,0,630,0.1,Completed,M-Pesa
BK-2025-04753,2025-11-14,2026-01-31,C03493,PK08,AG00,2,1,1560,0.0,Cancelled,Bank Transfer
BK-2025-04754,2025-11-14,2025-12-10,C05037,PK04,AG04,5,0,630,0.05,Completed,M-Pesa
BK-2025-04755,2025-11-14,2026-01-21,C05243,PK06,AG01,2,1,1655,0.0,Completed,PayPal
BK-2025-04756,2025-11-14,2025-12-17,C05423,PK02,AG03,2,0,480,0.05,Completed,Bank Transfer
BK-2025-04757,2025-11-14,2026-04-01,C05433,PK12,AG00,1,0,5520,0.1,Completed,Card
BK-2025-04758,2025-11-14,2026-07-22,C05551,PK16,AG00,1,0,6085,0.05,Confirmed,Bank Transfer
BK-2025-04759,2025-11-14,2026-01-24,C05615,PK11,AG02,2,2,5160,0.05,Completed,Card
BK-2025-04760,2025-11-15,2025-12-01,C00340,PK05,AG00,4,0,985,0.1,Completed,Card
BK-2025-04761,2025-11-15,2025-12-28,C00817,PK02,AG04,2,0,480,0.0,Completed,Bank Transfer
BK-2025-04762,2025-11-15,2025-12-19,C01858,PK02,AG00,2,0,480,0.0,Completed,M-Pesa
BK-2025-04763,2025-11-15,2026-03-18,C01881,PK12,AG02,2,0,5520,0.0,Completed,Card
BK-2025-04764,2025-11-15,2025-12-22,C01943,PK16,AG00,1,0,5820,,Completed,Card
BK-2025-04765,2025-11-15,2026-03-09,C03909,PK07,AG01,2,0,2700,0.1,Completed,M-Pesa
BK-2025-04766,2025-11-15,2025-12-03,C04053,PK04,AG00,2,1,630,0.0,Completed,Card
BK-2025-04767,2025-11-15,2026-03-11,C04180,PK15,AG03,2,0,4485,0.0,Completed,Bank Transfer
BK-2025-04768,2025-11-15,2026-10-17,C05498,PK12,AG00,9,0,6350,0.15,Confirmed,Bank Transfer
BK-2025-04769,2025-11-15,2025-12-26,C05798,PK08,AG03,2,0,1495,0.1,Completed,PayPal
BK-2025-04770,2025-11-16,2025-12-11,C00767,PK05,AG03,5,0,985,0.05,Completed,Card
BK-2025-04771,2025-11-16,2026-02-16,C01045,PK12,AG00,2,0,5520,0.0,Canceled,Card
BK-2025-04772,2025-11-16,2025-12-07,C01697,PK03,AG11,2,0,685,0.05,Completed,Bank Transfer
BK-2025-04773,2025-11-16,2025-11-30,C02914,PK05,AG05,2,0,860,0.0,Completed,M-Pesa
BK-2025-04774,2025-11-16,2026-01-08,C03808,PK06,AG09,2,0,1655,0.05,Cancelled,PayPal
BK-2025-04775,2025-11-16,2026-01-26,C04137,PK02,AG00,10,0,505,0.0,Completed,Bank Transfer
BK-2025-04776,2025-11-16,2026-01-03,C04333,PK01,AG02,1,0,555,0.15,Completed,Card
BK-2025-04777,2025-11-16,2026-12-04,C04414,PK18,AG12,6,0,6875,0.0,Confirmed,Card
BK-2025-04778,2025-11-16,2025-12-22,C04902,PK08,AG00,2,0,1495,0.05,Completed,PayPal
BK-2025-04779,2025-11-16,2025-12-02,C04958,PK01,AG00,10,0,530,0.1,Completed,Card
BK-2025-04780,2025-11-16,2026-01-03,C05408,PK03,AG01,2,0,715,0.05,Completed,Card
BK-2025-04781,2025-11-16,2026-01-02,C05794,PK07,AG07,1,0,3110,0.05,Completed,PayPal
BK-2025-04782,2025-11-17,2025-12-06,C00050,PK02,AG02,2,0,480,,Completed,Card
BK-2025-04783,2025-11-17,2026-02-11,C00053,PK09,AG00,2,0,2990,0.0,Completed,PayPal
BK-2025-04784,2025-11-17,2025-12-07,C00293,PK15,AG08,2,2,4935,0.0,Completed,Card
BK-2025-04785,2025-11-17,2026-04-18,C00634,PK14,AG03,2,1,4715,0.05,Completed,Bank Transfer
BK-2025-04786,2025-11-17,2026-07-01,C00688,PK14,AG01,2,0,5420,0.1,Confirmed,Card
BK-2025-04787,2025-11-17,2026-03-19,C01075,PK15,AG00,2,0,4485,0.0,Completed,Bank Transfer
BK-2025-04788,2025-11-17,2025-12-30,C01202,PK06,AG00,2,0,1580,0.0,Completed,Card
BK-2025-04789,2025-11-17,2026-02-27,C02125,PK06,AG04,2,0,1440,0.0,Completed,Bank Transfer
BK-2025-04790,2025-11-17,2026-06-15,C03307,PK12,AG00,2,2,5520,0.0,Completed,M-Pesa
BK-2025-04791,2025-11-17,2025-12-24,C03791,PK10,AG06,1,0,1125,0.0,completed,Card
BK-2025-04792,2025-11-17,2026-01-18,C03809,PK12,AG04,2,3,6350,0.0,Completed,M-Pesa
BK-2025-04793,2025-11-17,2025-12-01,C04025,PK02,AG10,2,0,480,0.0,Completed,Card
BK-2025-04794,2025-11-17,2026-06-09,C04260,PK13,AG03,2,0,7130,0.05,Completed,PayPal
BK-2025-04795,2025-11-17,2026-02-16,C04423,PK01,AG10,2,2,485,0.0,Completed,Card
BK-2025-04796,2025-11-17,2026-02-07,C04855,PK08,AG12,11,0,1355,0.0,Completed,PayPal
BK-2025-04797,2025-11-17,2026-01-04,C04966,PK09,AG04,2,0,3440,0.05,Completed,Card
BK-2025-04798,2025-11-17,2026-03-08,C05001,PK14,AG04,2,1,4715,0.0,Cancelled,M-Pesa
BK-2025-04799,2025-11-17,2026-05-25,C05219,PK07,AG11,2,0,2700,0.0,Completed,PayPal
BK-2025-04800,2025-11-17,2025-12-06,C05701,PK12,AG00,1,0,6070,0.0,Completed,PayPal
BK-2025-04801,2025-11-17,2026-07-29,C05973,PK18,AG04,4,0,6875,0.1,Cancelled,Card
BK-2025-04802,2025-11-17,2026-02-04,C06356,PK08,AG04,2,0,1355,0.1,Completed,Card
BK-2025-04803,2025-11-18,2026-02-01,C00872,PK01,AG10,7,0,485,0.0,Completed,M-Pesa
BK-2025-04804,2025-11-18,2026-02-15,C01704,PK17,AG13,3,0,11270,0.1,completed,Card
BK-2025-04805,2025-11-18,2026-03-02,C02323,PK08,AG00,6,0,1355,0.0,Completed,Bank Transfer
BK-2025-04806,2025-11-18,2026-06-14,C03099,PK15,AG02,2,3,4485,0.05,Completed,Card
BK-2025-04807,2025-11-18,2025-12-21,C04014,PK07,AG10,2,0,2975,0.0,Completed,Card
BK-2025-04808,2025-11-18,2026-01-19,C04773,PK07,AG00,9,0,3110,0.1,Completed,Card
BK-2025-04809,2025-11-18,2026-07-01,C05639,PK13,AG10,2,2,8200,0.1,Confirmed,PayPal
BK-2025-04810,2025-11-18,2026-01-13,C05838,PK09,AG01,2,0,3440,0.05,Completed,PayPal
BK-2025-04811,2025-11-18,2026-03-06,C06282,PK10,AG04,1,0,1025,0.0,Completed,Card
BK-2025-04812,2025-11-18,2025-12-21,C06456,PK06,AG03,2,3,1580,0.1,Completed,Card
BK-2025-04813,2025-11-18,2025-12-20,C06458,PK02,AG06,1,0,480,0.0,Completed,Bank Transfer
BK-2025-04814,2025-11-19,2025-12-14,C00097,PK01,AG02,2,0,530,0.0,Cancelled ,Card
BK-2025-04815,2025-11-19,2026-08-12,C01084,PK14,AG02,6,0,5420,0.1,Confirmed,M-Pesa
BK-2025-04816,2025-11-19,2025-11-29,C01396,PK02,AG13,3,0,420,0.0,Completed,Card
BK-2025-04817,2025-11-19,2026-01-02,C01509,PK15,AG07,1,0,5160,0.1,Completed,Bank Transfer
BK-2025-04818,2025-11-19,2026-01-02,C01903,PK06,AG03,9,0,1655,0.1,Completed,Card
BK-2025-04819,2025-11-19,2026-02-02,C02968,PK14,AG00,2,0,4715,0.0,Completed,Bank Transfer
BK-2025-04820,2025-11-19,2026-02-03,C03139,PK17,AG03,2,2,11270,0.1,Completed,Bank Transfer
BK-2025-04821,2025-11-19,2026-01-06,C05125,PK05,AG02,2,0,1030,0.0,Completed,Card
BK-2025-04822,2025-11-19,2026-02-09,C05667,PK07,AG02,4,0,2700,0.0,Completed,M-Pesa
BK-2025-04823,2025-11-20,2025-12-02,C00442,PK09,AG01,2,2,3290,0.1,Completed,M-Pesa
BK-2025-04824,2025-11-20,2025-12-22,C00500,PK01,AG03,2,1,530,0.05,Completed,PayPal
BK-2025-04825,2025-11-20,2026-03-10,C00953,PK14,AG08,2,0,4715,0.0,Completed,M-Pesa
BK-2025-04826,2025-11-20,2026-06-15,C01271,PK12,AG00,2,0,5520,0.0,Completed,Bank Transfer
BK-2025-04827,2025-11-20,2026-05-11,C01526,PK12,AG04,8,0,5520,0.0,Cancelled,Bank Transfer
BK-2025-04828,2025-11-20,2026-02-23,C01649,PK07,AG10,2,1,2700,0.1,Completed,M-Pesa
BK-2025-04829,2025-11-20,2026-02-10,C01841,PK05,AG00,6,0,895,0.0,COMPLETED,Bank Transfer
BK-2025-04830,2025-11-20,2026-02-06,C02207,PK13,AG11,2,3,7130,0.0,COMPLETED,Bank Transfer
BK-2025-04831,2025-11-20,2026-01-23,C02262,PK18,AG00,2,0,6875,0.05,Completed,M-Pesa
BK-2025-04832,2025-11-20,2025-11-30,C02307,PK04,AG00,1,0,550,0.0,Completed,M-Pesa
BK-2025-04833,2025-11-20,2025-12-14,C02857,PK01,AG02,2,0,530,0.0,Completed,Card
BK-2025-04834,2025-11-20,2025-12-07,C03204,PK03,AG00,2,0,685,0.1,Completed,Bank Transfer
BK-2025-04835,2025-11-20,2025-11-23,C04007,PK06,AG03,2,1,1375,0.1,Completed,Card
BK-2025-04836,2025-11-20,2025-12-14,C04048,PK03,AG00,7,0,685,0.1,Completed,M-Pesa
BK-2025-04837,2025-11-20,2026-02-19,C04085,PK07,AG02,2,0,2700,0.0,completed,Bank Transfer
BK-2025-04838,2025-11-20,2026-03-31,C05679,PK18,AG00,2,2,5980,0.0,Completed,Card
BK-2025-04839,2025-11-20,2026-01-25,C05950,PK07,AG02,1,0,3110,0.0,Completed,M-Pesa
BK-2025-04840,2025-11-21,2025-12-06,C01089,PK05,AG00,9,0,985,0.1,completed,PayPal
BK-2025-04841,2025-11-21,2025-12-26,C01173,PK16,AG00,2,0,5820,0.0,Completed,Card
BK-2025-04842,2025-11-21,2026-02-04,C01720,PK06,AG07,1,0,1440,0.0,completed,Card
BK-2025-04843,2025-11-21,2026-07-13,C01817,PK15,AG00,1,0,5160,0.1,Confirmed,Card
BK-2025-04844,2025-11-21,2026-04-16,C01877,PK16,AG10,2,0,5290,0.1,Completed,Bank Transfer
BK-2025-04845,2025-11-21,2026-04-30,C03983,PK03,AG05,2,1,620,0.05,Completed,Card
BK-2025-04846,2025-11-21,2026-03-01,C04407,PK15,AG01,2,0,4485,0.0,Completed,PayPal
BK-2025-04847,2025-11-21,2025-12-23,C04954,PK07,AG00,2,0,2975,0.0,Completed,Card
BK-2025-04848,2025-11-21,2025-11-27,C05011,PK04,AG00,2,1,550,0.0,Cancelled,Bank Transfer
BK-2025-04849,2025-11-21,2026-01-08,C05875,PK03,AG07,2,0,715,0.0,Completed,Card
BK-2025-04850,2025-11-21,2026-01-04,C05922,PK04,AG00,2,0,660,0.05,Completed,Bank Transfer
BK-2025-04851,2025-11-22,2026-01-03,C00191,PK05,AG12,4,0,1030,0.1,Completed,Bank Transfer
BK-2025-04852,2025-11-22,2026-03-29,C00334,PK16,AG00,8,0,5290,0.05,Completed,Card
BK-2025-04853,2025-11-22,2026-01-02,C00687,PK09,AG04,4,0,3440,0.1,Completed,Bank Transfer
BK-2025-04854,2025-11-22,2026-07-25,C00833,PK18,AG08,1,0,6875,0.0,Cancelled,Bank Transfer
BK-2025-04855,2025-11-22,2026-01-18,C01654,PK13,AG11,1,0,8200,0.15,Completed,Bank Transfer
BK-2025-04856,2025-11-22,2026-01-14,C01920,PK17,AG00,2,1,12960,0.0,Completed,Card
BK-2025-04857,2025-11-22,2025-12-11,C02113,PK04,AG05,2,0,630,0.0,Completed,PayPal
BK-2025-04858,2025-11-22,2025-12-28,C02141,PK07,AG07,2,0,2975,0.0,Completed,Card
BK-2025-04859,2025-11-22,2026-01-06,C02293,PK04,AG03,2,3,660,0.0,Completed,Bank Transfer
BK-2025-04860,2025-11-22,2026-03-26,C02523,PK13,AG03,5,0,7130,0.05,Completed,Card
BK-2025-04861,2025-11-22,2026-02-20,C03132,PK12,AG11,2,0,5520,0.05,Completed,Card
BK-2025-04862,2025-11-22,2026-02-03,C03351,PK14,AG05,2,0,4715,0.05,Completed,Card
BK-2025-04863,2025-11-22,2026-06-02,C03601,PK14,AG03,2,0,4715,0.0,Completed,Card
BK-2025-04864,2025-11-22,2026-04-12,C03908,PK12,AG03,2,3,5520,0.0,Completed,Bank Transfer
BK-2025-04865,2025-11-22,2026-03-22,C05112,PK14,AG00,4,0,4715,0.0,completed,Bank Transfer
BK-2025-04866,2025-11-23,2025-12-18,C00019,PK09,AG00,4,0,3290,0.05,Completed,Card
BK-2025-04867,2025-11-23,2025-12-24,C00557,PK01,AG05,1,0,530,0.0,completed,M-Pesa
BK-2025-04868,2025-11-23,2026-02-11,C01096,PK18,AG00,2,0,5980,0.0,Completed,Card
BK-2025-04869,2025-11-23,2026-02-18,C01136,PK13,AG07,2,3,7130,0.0,Completed ,PayPal
BK-2025-04870,2025-11-23,2026-07-26,C01577,PK12,AG00,9,0,6350,0.0,Confirmed,Card
BK-2025-04871,2025-11-23,2026-04-22,C01677,PK15,AG13,11,0,4485,0.1,Completed,Card
BK-2025-04872,2025-11-23,2026-01-21,C01895,PK14,AG04,1,0,5420,0.05,Completed,PayPal
BK-2025-04873,2025-11-23,2026-03-26,C02262,PK16,AG10,2,0,5290,0.0,Completed,Bank Transfer
BK-2025-04874,2025-11-23,2025-12-08,C02585,PK05,AG03,2,3,985,0.05,Cancelled,PayPal
BK-2025-04875,2025-11-23,2026-02-25,C02685,PK15,AG05,9,0,4485,0.1,Completed,Card
BK-2025-04876,2025-11-23,2026-05-17,C03099,PK17,AG04,2,1,11270,0.15,Completed,PayPal
BK-2025-04877,2025-11-23,2025-12-19,C04225,PK12,AG04,2,0,6070,0.0,Completed,Bank Transfer
BK-2025-04878,2025-11-23,2025-12-20,C04682,PK14,AG06,2,1,5185,0.05,Completed,Card
BK-2025-04879,2025-11-23,2026-01-16,C05241,PK18,AG06,2,2,6875,0.0,Completed,M-Pesa
BK-2025-04880,2025-11-23,2026-01-25,C05618,PK09,AG00,1,0,3440,,Completed,Card
BK-2025-04881,2025-11-23,2026-02-03,C05677,PK09,AG00,2,2,2990,0.1,completed,Card
BK-2025-04882,2025-11-24,2026-01-05,C01307,PK06,AG11,2,3,1655,0.0,Completed,Bank Transfer
BK-2025-04883,2025-11-24,2026-03-27,C01369,PK12,AG05,2,1,5520,0.1,Completed,Bank Transfer
BK-2025-04884,2025-11-24,2026-01-20,C01760,PK02,AG01,6,0,505,0.1,Completed,Bank Transfer
BK-2025-04885,2025-11-24,2025-12-16,C01771,PK04,AG03,2,0,630,0.05,Completed,PayPal
BK-2025-04886,2025-11-24,2025-12-16,C01877,PK02,AG00,2,0,480,0.0,Cancelled,PayPal
BK-2025-04887,2025-11-24,2025-12-08,C01976,PK04,AG10,2,2,630,0.0,Completed,Bank Transfer
BK-2025-04888,2025-11-24,2025-12-11,C02017,PK05,AG04,2,0,985,0.0,Completed,PayPal
BK-2025-04889,2025-11-24,2026-10-03,C02355,PK14,AG00,2,0,5420,0.0,Confirmed,Card
BK-2025-04890,2025-11-24,2026-01-22,C02386,PK15,AG13,5,0,5160,0.05,Completed,M-Pesa
BK-2025-04891,2025-11-24,2025-12-31,C02517,PK04,AG08,2,1,630,,Completed,Card
BK-2025-04892,2025-11-24,2026-01-29,C02736,PK13,AG04,9,0,8200,0.1,Completed,M-Pesa
BK-2025-04893,2025-11-24,2026-01-27,C02817,PK17,AG04,2,1,12960,0.0,Completed,PayPal
BK-2025-04894,2025-11-24,2025-12-19,C03558,PK02,AG00,2,2,480,0.0,Completed,Card
BK-2025-04895,2025-11-24,2026-01-06,C03663,PK13,AG02,2,3,8200,0.1,Completed,Card
BK-2025-04896,2025-11-24,2026-02-15,C03870,PK15,AG00,2,0,4485,0.0,Completed,PayPal
BK-2025-04897,2025-11-24,2026-08-21,C03979,PK14,AG00,12,0,5420,0.1,Confirmed,M-Pesa
BK-2025-04898,2025-11-24,2026-01-27,C04560,PK08,AG00,2,2,1560,0.05,Completed,Card
BK-2025-04899,2025-11-24,2025-12-29,C04977,PK04,AG03,2,0,630,0.05,Completed,Card
BK-2025-04900,2025-11-24,2026-05-22,C05193,PK18,AG00,2,0,5980,0.0,Completed,Card
BK-2025-04901,2025-11-24,2025-12-07,C05368,PK02,AG00,2,0,480,0.0,Completed,M-Pesa
BK-2025-04902,2025-11-24,2026-02-02,C05970,PK17,AG08,1,0,11270,0.0,Completed,Card
BK-2025-04903,2025-11-24,2026-01-30,C06154,PK11,AG01,2,1,5160,0.0,Completed,Bank Transfer
BK-2025-04904,2025-11-24,2025-12-27,C06284,PK10,AG00,1,0,1125,0.0,Completed ,Card
BK-2025-04905,2025-11-25,2026-02-06,C00525,PK11,AG02,2,0,4485,0.0,Completed,Bank Transfer
BK-2025-04906,2025-11-25,2026-02-12,C01248,PK12,AG07,2,0,5520,0.0,Completed,Card
BK-2025-04907,2025-11-25,2026-01-06,C01366,PK16,AG13,10,0,6085,0.1,Completed,Card
BK-2025-04908,2025-11-25,2026-01-25,C01451,PK08,AG00,2,3,1560,0.0,Completed,Bank Transfer
BK-2025-04909,2025-11-25,2025-11-28,C01675,PK05,AG07,9,0,860,0.0,Completed,M-Pesa
BK-2025-04910,2025-11-25,2026-06-19,C01854,PK13,AG05,1,0,7130,0.0,Completed,Card
BK-2025-04911,2025-11-25,2025-12-10,C01991,PK16,AG00,2,2,5820,0.1,Completed,Card
BK-2025-04912,2025-11-25,2026-01-11,C02341,PK12,AG11,2,3,6350,0.0,Completed,Bank Transfer
BK-2025-04913,2025-11-25,2025-12-03,C02419,PK01,AG07,2,1,530,0.05,completed,PayPal
BK-2025-04914,2025-11-25,2026-01-29,C03421,PK06,AG08,2,3,1655,0.0,Cancelled,Bank Transfer
BK-2025-04915,2025-11-25,2026-09-29,C03665,PK12,AG02,2,0,6350,0.05,Confirmed,Bank Transfer
BK-2025-04916,2025-11-25,2026-01-25,C03794,PK11,AG10,2,1,5160,0.1,Completed,Card
BK-2025-04917,2025-11-25,2026-01-01,C03951,PK09,AG11,2,0,3440,0.0,Completed,Card
BK-2025-04918,2025-11-25,2026-01-10,C04028,PK18,AG07,2,0,6875,0.1,Completed,Bank Transfer
BK-2025-04919,2025-11-25,2026-02-13,C04304,PK18,AG02,2,2,5980,0.0,Completed,Card
BK-2025-04920,2025-11-25,2026-01-07,C04544,PK05,AG04,8,0,1030,0.1,Cancelled,Card
BK-2025-04921,2025-11-25,2026-01-13,C04846,PK12,AG04,2,0,6350,0.0,Completed,Card
BK-2025-04922,2025-11-25,2025-12-04,C05882,PK06,AG00,2,1,1580,0.0,Completed,Bank Transfer
BK-2025-04923,2025-11-25,2026-02-02,C05961,PK01,AG00,5,0,485,0.1,Completed,Card
BK-2025-04924,2025-11-26,2025-12-03,C00120,PK03,AG02,5,0,685,0.1,Cancelled,M-Pesa
BK-2025-04925,2025-11-26,2026-01-30,C00152,PK07,AG04,2,2,3110,0.0,Completed,PayPal
BK-2025-04926,2025-11-26,2026-01-10,C00576,PK03,AG07,2,2,715,0.0,Completed,Card
BK-2025-04927,2025-11-26,2025-12-21,C00709,PK03,AG13,4,0,685,0.1,Completed,Card
BK-2025-04928,2025-11-26,2026-05-28,C00935,PK18,AG11,2,0,5980,0.15,Completed,Card
BK-2025-04929,2025-11-26,2025-12-06,C01228,PK05,AG00,8,0,985,0.1,Completed,Bank Transfer
BK-2025-04930,2025-11-26,2026-09-13,C01329,PK18,AG05,2,2,6875,0.0,Confirmed,Bank Transfer
BK-2025-04931,2025-11-26,2026-02-27,C01489,PK15,AG00,2,1,4485,0.15,Completed,Card
BK-2025-04932,2025-11-26,2025-12-19,C01816,PK06,AG00,2,1,1580,,Cancelled,Bank Transfer
BK-2025-04933,2025-11-26,2026-01-01,C02342,PK03,AG07,5,0,715,0.0,Completed,Card
BK-2025-04934,2025-11-26,2026-01-03,C02841,PK05,AG04,2,3,1030,0.0,Completed,Card
BK-2025-04935,2025-11-26,2026-01-04,C03084,PK13,AG00,2,0,8200,0.0,Cancelled,Bank Transfer
BK-2025-04936,2025-11-26,2026-01-10,C03282,PK01,AG00,5,0,555,0.0,Completed,Bank Transfer
BK-2025-04937,2025-11-26,2025-12-28,C03660,PK01,AG01,5,0,530,0.05,Completed,Card
BK-2025-04938,2025-11-26,2025-12-26,C04438,PK01,AG03,2,0,530,0.0,Completed,Bank Transfer
BK-2025-04939,2025-11-26,2025-12-11,C04489,PK01,AG13,9,0,530,0.0,Completed,M-Pesa
BK-2025-04940,2025-11-26,2025-12-04,C04908,PK02,AG04,2,0,480,0.1,Completed,Card
BK-2025-04941,2025-11-26,2026-01-17,C05367,PK05,AG03,2,2,1030,0.1,Completed,M-Pesa
BK-2025-04942,2025-11-26,2026-08-12,C05421,PK18,AG00,2,0,6875,0.1,Cancelled,Bank Transfer
BK-2025-04943,2025-11-27,2026-02-02,C00014,PK03,AG00,2,0,620,0.0,Completed,PayPal
BK-2025-04944,2025-11-27,2026-01-24,C00292,PK09,AG03,2,3,3440,0.1,Completed,M-Pesa
BK-2025-04945,2025-11-27,2026-01-02,C00339,PK10,AG11,2,1,1175,0.0,Completed,PayPal
BK-2025-04946,2025-11-27,2026-02-20,C00643,PK08,AG03,2,2,1355,0.15,Completed,Card
BK-2025-04947,2025-11-27,2026-03-05,C00919,PK12,AG01,2,0,5520,0.15,Completed,Bank Transfer
BK-2025-04948,2025-11-27,2025-12-18,C01034,PK14,AG00,2,3,5185,0.0,Completed,Card
BK-2025-04949,2025-11-27,2025-12-14,C01175,PK15,AG13,12,0,4935,0.1,Completed,Card
BK-2025-04950,2025-11-27,2026-07-06,C02333,PK17,AG08,2,0,12960,0.05,Confirmed,Card
BK-2025-04951,2025-11-27,2025-12-09,C02423,PK02,AG04,2,3,480,0.0,Cancelled,PayPal
BK-2025-04952,2025-11-27,2026-08-05,C03212,PK17,AG05,2,0,12960,0.0,confirmed,Bank Transfer
BK-2025-04953,2025-11-27,2026-03-04,C03683,PK11,AG03,2,0,4485,0.05,Completed,Card
BK-2025-04954,2025-11-27,2026-07-22,C04168,PK16,AG00,1,0,6085,0.0,Confirmed,Card
BK-2025-04955,2025-11-27,2025-12-25,C05258,PK09,AG03,2,0,3290,0.1,Completed,PayPal
BK-2025-04956,2025-11-27,2026-08-26,C05315,PK16,AG00,1,0,6085,0.0,Confirmed,Card
BK-2025-04957,2025-11-28,2026-01-23,C00130,PK07,AG01,2,3,3110,0.0,Completed,Card
BK-2025-04958,2025-11-28,2026-05-27,C00555,PK14,AG04,2,1,4715,0.05,Completed,Card
BK-2025-04959,2025-11-28,2026-02-07,C00624,PK06,AG05,2,3,1440,0.15,Cancelled,Card
BK-2025-04960,2025-11-28,2025-12-30,C01156,PK18,AG12,3,0,6580,0.0,completed,Bank Transfer
BK-2025-04961,2025-11-28,2026-07-29,C01373,PK12,AG02,2,0,6350,,Confirmed,M-Pesa
BK-2025-04962,2025-11-28,2026-01-01,C02024,PK18,AG11,2,3,6875,0.0,Completed,PayPal
BK-2025-04963,2025-11-28,2025-12-13,C02700,PK06,AG01,2,0,1580,0.0,Completed,M-Pesa
BK-2025-04964,2025-11-28,2026-07-25,C03595,PK14,AG00,6,0,5420,0.0,Confirmed,Card
BK-2025-04965,2025-11-28,2026-02-17,C04154,PK13,AG00,2,0,7130,0.0,Completed,Card
BK-2025-04966,2025-11-28,2025-12-25,C04941,PK05,AG00,1,0,985,,Completed,Card
BK-2025-04967,2025-11-28,2025-12-09,C05489,PK03,AG06,2,0,685,0.0,Canceled,Bank Transfer
BK-2025-04968,2025-11-28,2026-01-22,C06090,PK12,AG00,1,0,6350,0.0,Completed,Card
BK-2025-04969,2025-11-28,2026-01-03,C06395,PK01,AG04,2,0,555,0.0,Completed,Bank Transfer
BK-2025-04970,2025-11-29,2025-12-28,C02489,PK04,AG02,2,0,630,0.0,Completed,Card
BK-2025-04971,2025-11-29,2026-01-31,C02603,PK10,AG03,8,0,1175,0.0,Completed,Card
BK-2025-04972,2025-11-29,2025-12-13,C02668,PK02,AG02,5,0,480,0.1,Completed,M-Pesa
BK-2025-04973,2025-11-29,2026-06-07,C02904,PK17,AG02,5,0,11270,0.1,Completed,Card
BK-2025-04974,2025-11-29,2026-02-04,C03536,PK18,AG00,8,0,5980,0.0,Completed,Card
BK-2025-04975,2025-11-29,2026-06-15,C04590,PK11,AG07,2,3,4485,0.0,Completed,Bank Transfer
BK-2025-04976,2025-11-29,2026-10-15,C05039,PK14,AG04,2,3,5420,0.05,Confirmed,Bank Transfer
BK-2025-04977,2025-11-29,2026-04-14,C05310,PK13,AG04,2,1,7130,0.0,Completed,Bank Transfer
BK-2025-04978,2025-11-29,2026-08-30,C05337,PK14,AG03,5,0,5420,0.1,Confirmed ,Card
BK-2025-04979,2025-11-29,2025-12-15,C05898,PK09,AG02,2,0,3290,0.0,Cancelled,PayPal
BK-2025-04980,2025-11-29,2026-01-08,C06156,PK01,AG00,2,0,555,0.0,Completed,Card
BK-2025-04981,2025-11-30,2025-12-19,C00991,PK02,AG02,2,0,480,0.1,Completed,Card
BK-2025-04982,2025-11-30,2026-08-03,C01429,PK13,AG00,2,3,8200,0.1,Confirmed,Card
BK-2025-04983,2025-11-30,2026-07-01,C01950,PK18,AG13,10,0,6875,0.1,Confirmed,PayPal
BK-2025-04984,2025-11-30,2026-03-10,C02375,PK17,AG13,11,0,11270,0.1,Completed,PayPal
BK-2025-04985,2025-11-30,2025-12-10,C02591,PK10,AG00,2,0,1125,0.1,Completed,Bank Transfer
BK-2025-04986,2025-11-30,2026-04-11,C02796,PK13,AG12,3,0,7130,0.0,Cancelled,M-Pesa
BK-2025-04987,2025-11-30,2026-02-26,C03100,PK11,AG00,2,0,4485,0.05,Cancelled,PayPal
BK-2025-04988,2025-11-30,2025-12-22,C04439,PK01,AG00,2,0,530,0.05,Completed,Card
BK-2025-04989,2025-11-30,2025-12-16,C04650,PK02,AG01,2,0,480,0.05,Completed,M-Pesa
BK-2025-04990,2025-11-30,2026-01-23,C05190,PK01,AG01,8,0,555,0.1,Completed,PayPal
BK-2025-04991,2025-11-30,2026-01-20,C06110,PK06,AG00,2,2,1655,0.0,Completed,Bank Transfer
BK-2025-04992,2025-12-01,2025-12-15,C00345,PK01,AG02,1,0,530,0.1,Completed,M-Pesa
BK-2025-04993,2025-12-01,2026-02-14,C00697,PK03,AG00,2,3,620,0.1,Completed,M-Pesa
BK-2025-04994,2025-12-01,2026-01-13,C00804,PK12,AG00,2,0,6350,0.1,Completed ,PayPal
BK-2025-04995,2025-12-01,2026-05-05,C01570,PK15,AG00,2,0,4485,0.0,Completed,Bank Transfer
BK-2025-04996,2025-12-01,2026-01-28,C01578,PK13,AG00,2,0,8200,0.0,Completed,Card
BK-2025-04997,2025-12-01,2026-03-11,C01640,PK12,AG00,2,3,5520,0.0,Completed,Card
BK-2025-04998,2025-12-01,2026-07-14,C01868,PK14,AG00,4,0,5420,0.0,Confirmed,Bank Transfer
BK-2025-04999,2025-12-01,2025-12-14,C01906,PK07,AG00,2,0,2975,0.0,Completed,Bank Transfer
BK-2025-05000,2025-12-01,2026-03-30,C02179,PK09,AG06,2,2,2990,0.0,Completed,M-Pesa
BK-2025-05001,2025-12-01,2026-07-11,C02764,PK15,AG01,2,0,5160,0.0,Confirmed,M-Pesa
BK-2025-05002,2025-12-01,2026-01-26,C04092,PK02,AG04,2,0,505,0.05,Completed,Card
BK-2025-05003,2025-12-01,2025-12-20,C04993,PK02,AG10,2,0,480,0.1,Completed,Bank Transfer
BK-2025-05004,2025-12-01,2025-12-17,C05172,PK01,AG02,5,0,530,0.1,Cancelled,Card
BK-2025-05005,2025-12-01,2026-03-23,C05536,PK12,AG00,8,0,5520,0.0,Completed ,Card
BK-2025-05006,2025-12-01,2026-08-29,C05689,PK15,AG07,2,3,5160,,Confirmed,Bank Transfer
BK-2025-05007,2025-12-01,2026-03-26,C06017,PK07,AG02,2,0,2700,0.15,Canceled,Card
BK-2025-05008,2025-12-01,2025-12-09,C06423,PK09,AG11,2,0,3290,0.1,Completed,Bank Transfer
BK-2025-05009,2025-12-01,2026-02-06,C06433,PK11,AG00,2,0,4485,0.0,Completed,PayPal
BK-2025-05010,2025-12-02,2025-12-21,C00248,PK03,AG08,1,0,685,0.1,Cancelled,Card
BK-2025-05011,2025-12-02,2026-02-01,C00423,PK18,AG01,2,0,5980,0.0,Completed,PayPal
BK-2025-05012,2025-12-02,2026-01-19,C00594,PK01,AG03,1,0,555,0.0,Completed,Card
BK-2025-05013,2025-12-02,2025-12-16,C01781,PK05,AG00,2,0,985,0.1,Completed,PayPal
BK-2025-05014,2025-12-02,2025-12-24,C02325,PK02,AG13,10,0,480,0.0,Completed,Card
BK-2025-05015,2025-12-02,2026-01-09,C02483,PK06,AG00,1,0,1655,0.0,Completed,Card
BK-2025-05016,2025-12-02,2026-03-26,C02823,PK12,AG09,2,3,5520,0.0,Completed,Card
BK-2025-05017,2025-12-02,2026-01-27,C02878,PK07,AG03,2,0,3110,,Completed,Card
BK-2025-05018,2025-12-02,2026-01-04,C02937,PK03,AG03,1,0,715,0.05,completed,PayPal
BK-2025-05019,2025-12-02,2026-01-07,C03044,PK09,AG00,2,0,3440,0.0,Completed,Card
BK-2025-05020,2025-12-02,2026-07-29,C04016,PK12,AG01,2,0,6350,0.1,Confirmed,Bank Transfer
BK-2025-05021,2025-12-02,2026-01-20,C04051,PK11,AG00,7,0,5160,0.1,Completed,Bank Transfer
BK-2025-05022,2025-12-02,2025-12-06,C04240,PK09,AG04,1,0,3290,0.1,Completed,PayPal
BK-2025-05023,2025-12-02,2026-01-25,C04387,PK18,AG07,4,0,6875,0.05,Completed,Card
BK-2025-05024,2025-12-02,2025-12-15,C04452,PK07,AG05,2,3,2975,0.0,Completed,Card
BK-2025-05025,2025-12-02,2026-01-11,C04624,PK01,AG04,2,1,555,0.1,Cancelled,Card
BK-2025-05026,2025-12-02,2026-04-24,C05121,PK17,AG04,2,0,11270,0.0,Completed,Bank Transfer
BK-2025-05027,2025-12-02,2025-12-12,C05502,PK15,AG13,5,0,4935,0.0,Completed ,Bank Transfer
BK-2025-05028,2025-12-02,2026-02-26,C05672,PK09,AG13,9,0,2990,0.0,Cancelled,Bank Transfer
BK-2025-05029,2025-12-02,2026-09-21,C06279,PK13,AG00,2,0,8200,0.15,Confirmed,Card
BK-2025-05030,2025-12-02,2026-01-21,C06410,PK02,AG12,11,0,505,,Completed,Card
BK-2025-05031,2025-12-03,2026-01-29,C00784,PK08,AG00,7,0,1560,0.0,Completed,Card
BK-2025-05032,2025-12-03,2026-02-01,C01076,PK03,AG11,1,0,620,0.05,Completed,PayPal
BK-2025-05033,2025-12-03,2025-12-26,C01328,PK10,AG11,2,0,1125,0.05,Completed,M-Pesa
BK-2025-05034,2025-12-03,2026-01-18,C02010,PK06,AG00,2,0,1655,0.0,Completed,Bank Transfer
BK-2025-05035,2025-12-03,2026-01-10,C02181,PK08,AG02,2,2,1560,0.1,Completed,PayPal
BK-2025-05036,2025-12-03,2026-08-16,C02249,PK14,AG00,2,3,5420,0.0,Confirmed,Card
BK-2025-05037,2025-12-03,2026-02-07,C02302,PK10,AG00,2,1,1025,0.1,Completed,Card
BK-2025-05038,2025-12-03,2025-12-27,C02780,PK09,AG00,1,0,3290,0.1,Completed,Bank Transfer
BK-2025-05039,2025-12-03,2025-12-26,C03406,PK02,AG13,9,0,480,0.1,Completed,Card
BK-2025-05040,2025-12-03,2026-01-08,C03984,PK07,AG04,1,0,3110,0.05,Cancelled,Bank Transfer
BK-2025-05041,2025-12-03,2026-03-16,C04275,PK10,AG03,6,0,1025,0.0,Cancelled,PayPal
BK-2025-05042,2025-12-03,2026-02-04,C04420,PK07,AG04,2,1,2700,0.05,Completed,Card
BK-2025-05043,2025-12-03,2025-12-30,C04480,PK05,AG02,2,3,985,0.0,completed,PayPal
BK-2025-05044,2025-12-03,2025-12-27,C05619,PK05,AG00,2,0,985,0.15,Completed,Card
BK-2025-05045,2025-12-03,2026-10-03,C06065,PK10,AG00,1,0,1175,0.0,CONFIRMED,M-Pesa
BK-2025-05046,2025-12-03,2026-02-03,C06326,PK02,AG02,2,0,435,0.1,Cancelled,Bank Transfer
BK-2025-05047,2025-12-04,2026-03-03,C00043,PK13,AG01,2,0,7130,0.1,Completed,Bank Transfer
BK-2025-05048,2025-12-04,2026-01-19,C00296,PK03,AG02,11,0,715,,Cancelled,PayPal
BK-2025-05049,2025-12-04,2025-12-29,C01051,PK06,AG00,2,1,1580,0.0,Completed,Card
BK-2025-05050,2025-12-04,2026-03-10,C01469,PK06,AG00,9,0,1440,0.1,Completed,Card
BK-2025-05051,2025-12-04,2026-02-11,C01577,PK04,AG00,6,0,575,0.0,Completed,Bank Transfer
BK-2025-05052,2025-12-04,2026-01-07,C03319,PK01,AG02,1,0,555,0.1,Completed,Card
BK-2025-05053,2025-12-04,2026-02-04,C03543,PK07,AG04,5,0,2700,0.05,Cancelled,Card
BK-2025-05054,2025-12-04,2026-02-03,C03746,PK09,AG02,2,0,2990,0.0,Completed,Card
BK-2025-05055,2025-12-04,2026-08-16,C03957,PK12,AG13,9,0,6350,0.0,Confirmed,Card
BK-2025-05056,2025-12-04,2026-01-29,C05172,PK01,AG00,7,0,555,0.1,Completed,PayPal
BK-2025-05057,2025-12-04,2026-04-03,C05408,PK16,AG00,2,0,5290,0.0,Completed,Card
BK-2025-05058,2025-12-04,2025-12-22,C05615,PK01,AG07,2,3,530,0.0,Canceled,PayPal
BK-2025-05059,2025-12-04,2025-12-26,C05726,PK13,AG10,1,0,7845,0.0,Completed,M-Pesa
BK-2025-05060,2025-12-04,2026-06-28,C06229,PK16,AG00,2,3,5290,0.0,Confirmed,Bank Transfer
BK-2025-05061,2025-12-04,2026-01-14,C06392,PK11,AG02,2,2,5160,0.0,Completed,Card
BK-2025-05062,2025-12-05,2026-01-25,C00014,PK16,AG00,2,0,6085,0.0,Completed,Bank Transfer
BK-2025-05063,2025-12-05,2026-01-13,C00976,PK02,AG05,2,3,505,,Completed,Bank Transfer
BK-2025-05064,2025-12-05,2026-03-03,C01084,PK12,AG08,5,0,5520,0.0,Completed,Card
BK-2025-05065,2025-12-05,2026-01-10,C01761,PK18,AG04,2,0,6875,0.0,Completed,M-Pesa
BK-2025-05066,2025-12-05,2026-02-16,C02376,PK13,AG01,2,3,7130,,completed,Card
BK-2025-05067,2025-12-05,2025-12-08,C03214,PK01,AG00,4,0,530,0.1,Completed,Card
BK-2025-05068,2025-12-05,2026-04-21,C03263,PK16,AG07,2,0,5290,0.1,Completed,Card
BK-2025-05069,2025-12-05,2026-01-05,C03559,PK04,AG00,2,2,660,0.0,Completed ,Bank Transfer
BK-2025-05070,2025-12-05,2026-03-01,C03839,PK13,AG05,9,0,7130,0.0,Cancelled,Bank Transfer
BK-2025-05071,2025-12-05,2026-01-29,C04044,PK01,AG00,2,1,555,0.05,Completed,Card
BK-2025-05072,2025-12-05,2026-01-08,C04147,PK01,AG09,5,0,555,0.15,Completed,Bank Transfer
BK-2025-05073,2025-12-05,2026-06-10,C04875,PK14,AG03,2,1,4715,0.1,Completed,Card
BK-2025-05074,2025-12-05,2026-03-06,C06281,PK09,AG01,2,0,2990,0.1,Completed,Bank Transfer
BK-2025-05075,2025-12-06,2026-01-02,C02917,PK03,AG02,2,0,715,0.1,Completed,Card
BK-2025-05076,2025-12-06,2026-02-23,C03288,PK16,AG00,2,0,5290,0.0,Completed,Card
BK-2025-05077,2025-12-06,2026-08-04,C04356,PK14,AG00,4,0,5420,0.05,Cancelled,Bank Transfer
BK-2025-05078,2025-12-06,2026-01-31,C04809,PK02,AG00,4,0,505,0.1,Completed,Bank Transfer
BK-2025-05079,2025-12-06,2026-10-13,C05497,PK17,AG00,8,0,12960,0.1,Confirmed,M-Pesa
BK-2025-05080,2025-12-06,2026-01-13,C05878,PK07,AG01,2,0,3110,0.0,Completed,Card
BK-2025-05081,2025-12-07,2026-01-08,C01342,PK02,AG02,1,0,505,0.0,Completed,M-Pesa
BK-2025-05082,2025-12-07,2026-02-12,C01476,PK10,AG00,2,2,1025,,Completed,Bank Transfer
BK-2025-05083,2025-12-07,2026-08-14,C01671,PK15,AG02,1,0,5160,0.0,Canceled,Card
BK-2025-05084,2025-12-07,2026-01-22,C01758,PK12,AG05,2,0,6350,0.05,Completed,M-Pesa
BK-2025-05085,2025-12-07,2025-12-20,C02152,PK05,AG00,2,0,985,0.0,Completed,Bank Transfer
BK-2025-05086,2025-12-07,2026-03-01,C02751,PK10,AG00,1,0,1025,0.0,Completed,PayPal
BK-2025-05087,2025-12-07,2026-01-31,C02817,PK08,AG01,2,2,1560,0.0,completed,PayPal
BK-2025-05088,2025-12-07,2026-01-29,C03376,PK07,AG04,1,0,3110,,Completed,Card
BK-2025-05089,2025-12-07,2026-12-28,C03407,PK13,AG01,2,3,8200,0.0,Confirmed,Card
BK-2025-05090,2025-12-07,2026-01-01,C03864,PK02,AG00,2,1,505,0.0,completed,Card
BK-2025-05091,2025-12-07,2026-03-17,C04129,PK13,AG12,9,0,7130,0.1,Completed,Card
BK-2025-05092,2025-12-07,2026-02-15,C04488,PK05,AG00,2,0,895,0.0,Completed,PayPal
BK-2025-05093,2025-12-07,2025-12-24,C04883,PK01,AG06,1,0,530,0.0,Completed ,Card
BK-2025-05094,2025-12-07,2026-06-03,C06051,PK06,AG00,2,0,1440,0.0,Completed,Card
BK-2025-05095,2025-12-08,2026-02-10,C00213,PK18,AG01,2,2,5980,0.0,Completed,Bank Transfer
BK-2025-05096,2025-12-08,2026-07-21,C00831,PK12,AG00,2,0,6350,0.05,Confirmed,Card
BK-2025-05097,2025-12-08,2026-02-14,C01042,PK11,AG00,2,3,4485,0.05,Completed,Bank Transfer
BK-2025-05098,2025-12-08,2026-06-03,C01369,PK12,AG00,2,1,5520,0.0,Completed,PayPal
BK-2025-05099,2025-12-08,2026-01-17,C01493,PK06,AG00,2,1,1655,0.0,Completed,Card
BK-2025-05100,2025-12-08,2026-01-25,C01949,PK01,AG01,2,0,555,0.0,Completed,Card
BK-2025-05101,2025-12-08,2026-04-24,C02140,PK06,AG10,2,2,1440,0.0,Completed,Card
BK-2025-05102,2025-12-08,2026-01-02,C02411,PK17,AG00,2,1,12960,0.0,Completed,Card
BK-2025-05103,2025-12-08,2026-08-09,C02615,PK16,AG00,2,2,6085,0.05,Confirmed,Bank Transfer
BK-2025-05104,2025-12-08,2026-03-05,C03101,PK10,AG00,2,0,1025,0.0,Completed,PayPal
BK-2025-05105,2025-12-08,2026-07-18,C03720,PK17,AG05,2,3,12960,0.15,Confirmed,PayPal
BK-2025-05106,2025-12-08,2026-01-14,C03726,PK12,AG00,1,0,6350,0.0,Completed,M-Pesa
BK-2025-05107,2025-12-08,2026-01-07,C03834,PK10,AG10,2,1,1175,0.0,Completed,Card
BK-2025-05108,2025-12-08,2026-08-18,C04644,PK17,AG00,6,0,12960,0.1,Confirmed,M-Pesa
BK-2025-05109,2025-12-08,2026-08-29,C04693,PK12,AG04,2,0,6350,0.05,Confirmed,Card
BK-2025-05110,2025-12-08,2025-12-26,C04788,PK01,AG07,2,0,530,0.05,Completed,Card
BK-2025-05111,2025-12-08,2026-01-09,C05019,PK03,AG11,2,0,715,0.0,COMPLETED,Card
BK-2025-05112,2025-12-08,2026-03-17,C05351,PK18,AG00,2,0,5980,0.0,Cancelled,Card
BK-2025-05113,2025-12-08,2026-03-04,C05766,PK18,AG05,2,0,5980,0.0,Completed,PayPal
BK-2025-05114,2025-12-08,2026-01-13,C06205,PK01,AG00,8,0,555,0.0,Completed,Bank Transfer
BK-2025-05115,2025-12-09,2026-02-01,C00194,PK09,AG04,2,0,2990,0.15,Completed,Card
BK-2025-05116,2025-12-09,2026-03-06,C01106,PK07,AG09,2,1,2700,0.05,COMPLETED,Bank Transfer
BK-2025-05117,2025-12-09,2026-01-21,C01110,PK05,AG03,5,0,1030,0.0,Completed,PayPal
BK-2025-05118,2025-12-09,2026-01-22,C01650,PK12,AG00,2,0,6350,0.1,Completed,Bank Transfer
BK-2025-05119,2025-12-09,2026-07-10,C02575,PK18,AG01,8,0,6875,0.1,Confirmed,Bank Transfer
BK-2025-05120,2025-12-09,2026-07-21,C03063,PK16,AG12,10,0,6085,0.05,Confirmed ,Card
BK-2025-05121,2025-12-09,2025-12-12,C03369,PK04,AG00,2,0,630,0.1,Completed,Card
BK-2025-05122,2025-12-09,2026-03-11,C03388,PK16,AG02,2,0,5290,0.15,Cancelled,PayPal
BK-2025-05123,2025-12-09,2026-02-28,C04941,PK14,AG01,1,0,4715,0.1,Completed,M-Pesa
BK-2025-05124,2025-12-09,2025-12-12,C05821,PK01,AG00,2,0,530,0.0,Cancelled,Card
BK-2025-05125,2025-12-09,2026-10-28,C05872,PK12,AG04,7,0,6350,0.0,Confirmed,Card
BK-2025-05126,2025-12-10,2026-02-04,C00027,PK09,AG00,2,1,2990,0.0,Completed,M-Pesa
BK-2025-05127,2025-12-10,2026-07-04,C01062,PK15,AG00,2,3,5160,0.05,Cancelled,Card
BK-2025-05128,2025-12-10,2025-12-30,C01568,PK05,AG00,6,0,985,0.0,Completed,Card
BK-2025-05129,2025-12-10,2026-04-07,C01824,PK15,AG00,2,0,4485,0.0,COMPLETED,Bank Transfer
BK-2025-05130,2025-12-10,2025-12-23,C02726,PK02,AG10,2,0,480,0.05,Completed,PayPal
BK-2025-05131,2025-12-10,2026-01-17,C03020,PK09,AG00,2,3,3440,0.0,Completed,Card
BK-2025-05132,2025-12-10,2025-12-24,C03146,PK05,AG01,7,0,985,0.1,completed,Bank Transfer
BK-2025-05133,2025-12-10,2026-01-15,C03184,PK12,AG04,2,0,6350,,Completed,Card
BK-2025-05134,2025-12-10,2025-12-18,C03843,PK01,AG13,12,0,530,0.0,Completed,Bank Transfer
BK-2025-05135,2025-12-10,2025-12-30,C03933,PK03,AG00,2,3,685,0.05,Completed,Bank Transfer
BK-2025-05136,2025-12-10,2026-08-12,C04527,PK13,AG00,2,0,8200,0.0,Confirmed,Card
BK-2025-05137,2025-12-10,2026-02-14,C04963,PK03,AG02,2,0,620,0.05,Completed,Card
BK-2025-05138,2025-12-10,2026-01-30,C05439,PK15,AG00,2,0,5160,0.0,Completed,Bank Transfer
BK-2025-05139,2025-12-10,2026-06-11,C05901,PK17,AG02,1,0,11270,0.05,COMPLETED,PayPal
BK-2025-05140,2025-12-10,2026-05-19,C05908,PK18,AG07,2,1,5980,0.0,CANCELLED,Bank Transfer
BK-2025-05141,2025-12-10,2026-02-22,C05938,PK14,AG05,1,0,4715,0.05,Completed,Card
BK-2025-05142,2025-12-10,2026-01-15,C06086,PK05,AG02,2,2,1030,0.0,Completed,Card
BK-2025-05143,2025-12-10,2026-07-23,C06108,PK15,AG05,1,0,5160,0.0,Confirmed,Bank Transfer
BK-2025-05144,2025-12-11,2026-01-11,C00270,PK01,AG02,2,2,555,0.0,Completed,M-Pesa
BK-2025-05145,2025-12-11,2026-02-10,C00503,PK05,AG07,2,2,895,0.0,completed,Card
BK-2025-05146,2025-12-11,2026-01-19,C00850,PK03,AG12,3,0,715,0.05,Completed,Bank Transfer
BK-2025-05147,2025-12-11,2026-01-28,C00857,PK09,AG00,2,0,3440,0.05,Completed,Card
BK-2025-05148,2025-12-11,2025-12-18,C00996,PK07,AG04,2,0,2975,0.0,Completed,Card
BK-2025-05149,2025-12-11,2026-02-04,C01253,PK13,AG04,1,0,7130,0.0,Completed,Bank Transfer
BK-2025-05150,2025-12-11,2026-02-06,C01426,PK06,AG05,2,1,1440,0.0,COMPLETED,Card
BK-2025-05151,2025-12-11,2026-06-30,C01724,PK16,AG03,2,3,5290,0.15,Confirmed,Card
BK-2025-05152,2025-12-11,2026-01-26,C03311,PK01,AG00,1,0,555,0.0,Completed,Bank Transfer
BK-2025-05153,2025-12-11,2025-12-28,C04830,PK09,AG00,2,0,3290,0.05,Cancelled,Card
BK-2025-05154,2025-12-11,2025-12-31,C05975,PK01,AG01,10,0,530,0.0,Completed,M-Pesa
BK-2025-05155,2025-12-12,2026-02-15,C00138,PK06,AG03,2,0,1440,0.0,Completed,PayPal
BK-2025-05156,2025-12-12,2026-03-23,C00185,PK12,AG00,1,0,5520,0.0,Completed,M-Pesa
BK-2025-05157,2025-12-12,2025-12-23,C00834,PK11,AG09,2,1,4935,0.0,Completed,Card
BK-2025-05158,2025-12-12,2026-10-06,C01142,PK12,AG01,2,0,6350,0.0,Confirmed,Bank Transfer
BK-2025-05159,2025-12-12,2025-12-31,C01197,PK06,AG05,8,0,1580,0.0,Completed,Card
BK-2025-05160,2025-12-12,2026-02-27,C01200,PK10,AG02,1,0,1025,0.0,Cancelled,Card
BK-2025-05161,2025-12-12,2026-02-05,C01402,PK14,AG13,9,0,4715,0.05,Completed,Card
BK-2025-05162,2025-12-12,2026-01-09,C01435,PK02,AG03,2,1,505,0.0,Cancelled,PayPal
BK-2025-05163,2025-12-12,2026-01-14,C03042,PK06,AG12,7,0,1655,0.1,Completed,Card
BK-2025-05164,2025-12-12,2026-07-08,C03808,PK13,AG00,2,0,8200,0.0,Confirmed,Card
BK-2025-05165,2025-12-12,2026-08-27,C04354,PK13,AG02,2,0,8200,0.0,Cancelled,Card
BK-2025-05166,2025-12-12,2026-06-12,C04741,PK13,AG00,2,0,7130,0.1,Completed,M-Pesa
BK-2025-05167,2025-12-12,2026-01-17,C04970,PK17,AG00,1,0,12960,0.0,Completed,M-Pesa
BK-2025-05168,2025-12-12,2026-02-24,C05486,PK06,AG00,2,0,1440,0.05,Cancelled,Card
BK-2025-05169,2025-12-13,2026-07-16,C00084,PK17,AG02,2,0,12960,0.0,Confirmed,Bank Transfer
BK-2025-05170,2025-12-13,2026-08-04,C00898,PK17,AG00,2,2,12960,0.05,Confirmed,PayPal
BK-2025-05171,2025-12-13,2026-01-04,C00997,PK04,AG00,1,0,660,0.1,Completed,Card
BK-2025-05172,2025-12-13,2026-08-01,C01132,PK16,AG01,2,0,6085,0.0,Confirmed,Card
BK-2025-05173,2025-12-13,2026-01-25,C01337,PK06,AG02,2,1,1655,0.1,Completed,Bank Transfer
BK-2025-05174,2025-12-13,2026-02-05,C01571,PK09,AG11,2,1,2990,0.0,Completed,Bank Transfer
BK-2025-05175,2025-12-13,2026-03-13,C01978,PK15,AG04,7,0,4485,0.05,Completed,M-Pesa
BK-2025-05176,2025-12-13,2026-01-10,C02096,PK05,AG07,3,0,1030,0.0,Completed,M-Pesa
BK-2025-05177,2025-12-13,2026-10-12,C02542,PK12,AG00,2,3,6350,0.05,Confirmed,Bank Transfer
BK-2025-05178,2025-12-13,2026-01-23,C04345,PK16,AG03,2,0,6085,0.0,Completed,Card
BK-2025-05179,2025-12-13,2025-12-20,C04974,PK01,AG08,2,0,530,0.0,Completed,Card
BK-2025-05180,2025-12-13,2026-10-30,C05725,PK12,AG00,12,0,6350,0.1,Canceled,PayPal
BK-2025-05181,2025-12-13,2026-06-11,C06157,PK14,AG10,1,0,4715,0.05,Completed,PayPal
BK-2025-05182,2025-12-14,2026-03-02,C00285,PK01,AG07,2,0,485,0.0,Completed,Card
BK-2025-05183,2025-12-14,2026-12-16,C00600,PK13,AG05,2,2,8200,0.0,Confirmed,Bank Transfer
BK-2025-05184,2025-12-14,2025-12-28,C01001,PK10,AG00,2,3,1125,0.0,Completed,Bank Transfer
BK-2025-05185,2025-12-14,2026-05-15,C01172,PK13,AG02,6,0,7130,0.0,Completed,Bank Transfer
BK-2025-05186,2025-12-14,2026-03-16,C01230,PK07,AG00,2,3,2700,0.15,completed,PayPal
BK-2025-05187,2025-12-14,2026-03-09,C01283,PK13,AG13,8,0,7130,0.15,Completed,Bank Transfer
BK-2025-05188,2025-12-14,2026-02-18,C01600,PK05,AG07,1,0,895,0.0,Completed,Card
BK-2025-05189,2025-12-14,2026-03-27,C02616,PK18,AG02,2,2,5980,0.0,Completed,Bank Transfer
BK-2025-05190,2025-12-14,2026-08-24,C03051,PK14,AG00,7,0,5420,0.1,Confirmed,Card
BK-2025-05191,2025-12-14,2026-01-14,C04216,PK08,AG05,2,0,1560,0.0,Completed,Card
BK-2025-05192,2025-12-14,2026-03-04,C04938,PK04,AG02,2,0,575,0.0,Completed,Bank Transfer
BK-2025-05193,2025-12-14,2026-02-17,C05315,PK08,AG00,1,0,1355,0.15,Completed,Bank Transfer
BK-2025-05194,2025-12-14,2026-01-31,C05480,PK04,AG01,2,0,660,0.0,Completed,Bank Transfer
BK-2025-05195,2025-12-14,2026-06-23,C05521,PK06,AG00,1,0,1440,0.0,Completed,Card
BK-2025-05196,2025-12-15,2026-01-03,C01259,PK04,AG00,7,0,660,0.1,Completed,PayPal
BK-2025-05197,2025-12-15,2025-12-28,C02472,PK02,AG09,6,0,480,,Completed,Card
BK-2025-05198,2025-12-15,2025-12-26,C02621,PK08,AG01,2,2,1495,0.0,Completed ,PayPal
BK-2025-05199,2025-12-15,2026-01-01,C02767,PK13,AG03,1,0,8200,0.0,Completed,Card
BK-2025-05200,2025-12-15,2026-03-19,C03261,PK14,AG00,6,0,4715,0.0,Completed,Bank Transfer
BK-2025-05201,2025-12-15,2026-02-27,C03352,PK18,AG00,2,0,5980,0.0,Completed,Bank Transfer
BK-2025-05202,2025-12-15,2026-02-18,C04418,PK16,AG03,1,0,5290,0.05,Completed,PayPal
BK-2025-05203,2025-12-15,2026-01-14,C05077,PK03,AG03,2,0,715,0.05,completed,Bank Transfer
BK-2025-05204,2025-12-15,2026-01-08,C05219,PK06,AG00,2,0,1655,0.0,Completed,PayPal
BK-2025-05205,2025-12-15,2026-01-23,C05421,PK08,AG00,2,0,1560,0.0,Completed,Bank Transfer
BK-2025-05206,2025-12-15,2025-12-27,C05986,PK01,AG00,2,3,530,0.15,completed,M-Pesa
BK-2025-05207,2025-12-15,2026-02-22,C05988,PK06,AG04,1,0,1440,0.05,Completed,Bank Transfer
BK-2025-05208,2025-12-15,2026-03-22,C06115,PK14,AG00,2,0,4715,,Cancelled,Card
BK-2025-05209,2025-12-16,2026-06-07,C00731,PK09,AG01,1,0,2990,0.15,Completed,M-Pesa
BK-2025-05210,2025-12-16,2026-01-07,C01232,PK03,AG03,2,0,715,0.05,Completed ,Card
BK-2025-05211,2025-12-16,2026-12-10,C01522,PK12,AG10,2,0,6350,0.0,Confirmed,Bank Transfer
BK-2025-05212,2025-12-16,2026-03-06,C01564,PK11,AG04,2,0,4485,0.0,Completed,Bank Transfer
BK-2025-05213,2025-12-16,2026-03-27,C02071,PK18,AG00,2,3,5980,0.0,Completed,M-Pesa
BK-2025-05214,2025-12-16,2026-02-18,C03737,PK01,AG05,3,0,485,0.1,Completed ,Card
BK-2025-05215,2025-12-16,2026-01-06,C04313,PK03,AG09,2,2,715,0.0,COMPLETED,PayPal
BK-2025-05216,2025-12-16,2026-03-27,C04808,PK15,AG11,1,0,4485,0.0,Completed,PayPal
BK-2025-05217,2025-12-16,2026-09-22,C05122,PK12,AG04,2,0,6350,0.0,Confirmed,Card
BK-2025-05218,2025-12-16,2026-03-14,C05353,PK16,AG04,2,1,5290,0.0,Completed ,PayPal
BK-2025-05219,2025-12-16,2025-12-31,C05926,PK02,AG13,12,0,480,0.05,Completed,Bank Transfer
BK-2025-05220,2025-12-16,2026-02-04,C06049,PK01,AG00,2,2,485,0.0,Completed,Card
BK-2025-05221,2025-12-17,2026-02-27,C00022,PK03,AG03,2,1,620,0.05,Completed,Card
BK-2025-05222,2025-12-17,2026-02-04,C00425,PK03,AG00,2,1,620,0.0,Completed,Bank Transfer
BK-2025-05223,2025-12-17,2026-02-15,C00605,PK18,AG01,1,0,5980,0.15,Completed,Card
BK-2025-05224,2025-12-17,2026-01-30,C01067,PK14,AG04,2,1,5420,0.05,Completed ,Card
BK-2025-05225,2025-12-17,2026-07-11,C01882,PK12,AG00,6,0,6350,0.05,Confirmed,Bank Transfer
BK-2025-05226,2025-12-17,2026-02-24,C02174,PK14,AG00,2,2,4715,0.1,Completed,M-Pesa
BK-2025-05227,2025-12-17,2026-05-10,C02816,PK12,AG02,7,0,5520,0.1,Completed,PayPal
BK-2025-05228,2025-12-17,2026-10-14,C02922,PK14,AG03,6,0,5420,0.1,Confirmed,Card
BK-2025-05229,2025-12-17,2026-01-27,C03195,PK12,AG00,2,0,6350,0.0,Completed,Bank Transfer
BK-2025-05230,2025-12-17,2026-02-08,C03421,PK08,AG00,2,3,1355,0.0,Completed ,Bank Transfer
BK-2025-05231,2025-12-17,2026-01-25,C03442,PK18,AG03,2,0,6875,0.0,Completed,Card
BK-2025-05232,2025-12-17,2026-01-09,C03702,PK01,AG00,1,0,555,0.05,Cancelled,Card
BK-2025-05233,2025-12-17,2026-03-16,C04395,PK09,AG00,2,1,2990,0.0,Completed,M-Pesa
BK-2025-05234,2025-12-17,2026-06-22,C04894,PK09,AG09,2,2,2990,0.0,Completed,Card
BK-2025-05235,2025-12-17,2026-01-15,C06361,PK02,AG03,2,0,505,0.0,Completed,Card
BK-2025-05236,2025-12-18,2026-03-16,C00365,PK15,AG06,2,3,4485,0.05,Cancelled,Card
BK-2025-05237,2025-12-18,2026-11-24,C00684,PK12,AG02,2,3,5520,0.05,Confirmed,Card
BK-2025-05238,2025-12-18,2026-01-15,C00704,PK01,AG11,2,3,555,0.0,Completed,Card
BK-2025-05239,2025-12-18,2026-02-09,C00766,PK04,AG00,2,0,575,0.0,Completed,Bank Transfer
BK-2025-05240,2025-12-18,2026-02-19,C00922,PK14,AG02,1,0,4715,0.0,Completed,Card
BK-2025-05241,2025-12-18,2026-01-20,C00928,PK09,AG12,11,0,3440,0.1,Completed,M-Pesa
BK-2025-05242,2025-12-18,2026-01-03,C01463,PK06,AG00,9,0,1655,0.1,COMPLETED,Card
BK-2025-05243,2025-12-18,2026-03-16,C02129,PK07,AG03,1,0,2700,0.05,Cancelled,Bank Transfer
BK-2025-05244,2025-12-18,2026-08-27,C02545,PK15,AG05,2,3,5160,0.0,Confirmed,Card
BK-2025-05245,2025-12-18,2026-01-27,C02548,PK02,AG00,2,0,505,0.1,Completed,Bank Transfer
BK-2025-05246,2025-12-18,2026-01-06,C03259,PK09,AG06,2,3,3440,0.0,Completed,Bank Transfer
BK-2025-05247,2025-12-18,2026-08-27,C04441,PK15,AG00,2,0,5160,0.0,CONFIRMED,Card
BK-2025-05248,2025-12-18,2026-02-14,C04785,PK01,AG04,1,0,485,0.0,Cancelled,Bank Transfer
BK-2025-05249,2025-12-18,2026-06-16,C05519,PK15,AG03,2,0,4485,0.05,Cancelled,M-Pesa
BK-2025-05250,2025-12-18,2026-02-23,C05664,PK16,AG05,2,0,5290,0.1,Completed,Bank Transfer
BK-2025-05251,2025-12-18,2026-03-10,C05746,PK06,AG01,8,0,1440,0.0,Completed,Card
BK-2025-05252,2025-12-18,2026-01-02,C05816,PK06,AG09,1,0,1655,,Completed,M-Pesa
BK-2025-05253,2025-12-19,2026-06-22,C00080,PK18,AG00,6,0,5980,,Cancelled,Card
BK-2025-05254,2025-12-19,2026-01-22,C00149,PK02,AG11,2,0,505,0.05,Cancelled,Card
BK-2025-05255,2025-12-19,2026-02-22,C00573,PK11,AG02,2,0,4485,0.0,Completed,Bank Transfer
BK-2025-05256,2025-12-19,2026-01-31,C00699,PK18,AG00,2,0,6875,0.05,completed,PayPal
BK-2025-05257,2025-12-19,2026-02-18,C00895,PK05,AG04,2,0,895,0.0,Completed,Card
BK-2025-05258,2025-12-19,2026-01-15,C01462,PK03,AG09,2,0,715,0.05,Completed,Bank Transfer
BK-2025-05259,2025-12-19,2026-03-10,C01532,PK15,AG01,1,0,4485,0.05,Completed,Bank Transfer
BK-2025-05260,2025-12-19,2026-01-20,C01542,PK02,AG11,2,0,505,0.0,Completed,Card
BK-2025-05261,2025-12-19,2026-02-10,C01666,PK03,AG02,1,0,620,0.05,Completed,Bank Transfer
BK-2025-05262,2025-12-19,2026-01-03,C01954,PK06,AG01,2,3,1655,0.0,Completed,Card
BK-2025-05263,2025-12-19,2026-02-18,C02344,PK13,AG00,2,0,7130,0.0,Completed,Bank Transfer
BK-2025-05264,2025-12-19,2026-05-15,C02392,PK15,AG00,1,0,4485,0.1,Cancelled,Card
BK-2025-05265,2025-12-19,2026-03-01,C02503,PK02,AG11,2,2,435,0.05,completed,Bank Transfer
BK-2025-05266,2025-12-19,2025-12-22,C02630,PK03,AG02,1,0,685,0.1,Canceled,Bank Transfer
BK-2025-05267,2025-12-19,2026-01-08,C02696,PK11,AG00,8,0,5160,0.05,completed,M-Pesa
BK-2025-05268,2025-12-19,2025-12-31,C02927,PK01,AG13,6,0,530,0.05,Completed,Card
BK-2025-05269,2025-12-19,2026-02-01,C03159,PK09,AG00,2,1,2990,0.05,Completed,M-Pesa
BK-2025-05270,2025-12-19,2026-10-15,C03302,PK18,AG00,2,0,6875,0.1,Confirmed,PayPal
BK-2025-05271,2025-12-19,2026-01-29,C03349,PK18,AG03,2,0,6875,0.0,Completed,Card
BK-2025-05272,2025-12-19,2026-02-23,C03423,PK06,AG01,2,0,1440,0.0,Completed,Card
BK-2025-05273,2025-12-19,2026-02-07,C04116,PK03,AG00,1,0,620,0.0,Completed,Card
BK-2025-05274,2025-12-19,2026-03-11,C04719,PK18,AG00,2,0,5980,0.15,Completed,Card
BK-2025-05275,2025-12-19,2026-01-06,C04835,PK10,AG02,2,3,1175,0.0,Completed,Card
BK-2025-05276,2025-12-19,2026-08-26,C05842,PK18,AG04,9,0,6875,0.0,Confirmed,Card
BK-2025-05277,2025-12-19,2026-01-19,C06209,PK12,AG00,11,0,6350,0.15,Completed,PayPal
BK-2025-05278,2025-12-20,2025-12-27,C00018,PK07,AG06,6,0,2975,0.1,Completed,Bank Transfer
BK-2025-05279,2025-12-20,2026-04-26,C00129,PK12,AG06,1,0,5520,0.0,Completed,Card
BK-2025-05280,2025-12-20,2026-04-07,C00804,PK09,AG00,2,0,2990,0.05,Completed,Card
BK-2025-05281,2025-12-20,2026-01-09,C01005,PK15,AG00,2,0,5160,0.0,Completed,Card
BK-2025-05282,2025-12-20,2026-01-16,C01198,PK17,AG04,8,0,12960,0.1,Completed,Card
BK-2025-05283,2025-12-20,2026-08-25,C01375,PK14,AG10,2,2,5420,,Confirmed,Card
BK-2025-05284,2025-12-20,2026-01-05,C01789,PK11,AG07,5,0,5160,0.0,Completed,PayPal
BK-2025-05285,2025-12-20,2026-01-22,C02118,PK01,AG07,2,2,555,0.05,Completed,Card
BK-2025-05286,2025-12-20,2026-01-31,C02322,PK09,AG01,2,0,3440,0.1,completed,Bank Transfer
BK-2025-05287,2025-12-20,2026-01-05,C02820,PK01,AG05,1,0,555,0.0,Completed,Card
BK-2025-05288,2025-12-20,2026-01-20,C03382,PK01,AG00,7,0,555,0.0,Completed,Bank Transfer
BK-2025-05289,2025-12-20,2026-01-13,C04504,PK05,AG04,11,0,1030,0.1,Canceled,Card
BK-2025-05290,2025-12-20,2026-02-13,C04684,PK03,AG06,2,2,620,0.0,Completed,Card
BK-2025-05291,2025-12-20,2026-01-29,C05894,PK02,AG03,4,0,505,0.0,Completed,M-Pesa
BK-2025-05292,2025-12-20,2026-03-05,C06438,PK13,AG02,2,1,7130,0.0,Completed,PayPal
BK-2025-05293,2025-12-21,2026-06-14,C00024,PK12,AG00,2,3,5520,0.05,Completed,Card
BK-2025-05294,2025-12-21,2026-06-05,C01116,PK16,AG00,2,0,5290,0.15,Completed,Card
BK-2025-05295,2025-12-21,2026-03-30,C01381,PK13,AG04,2,0,7130,0.0,Completed,Bank Transfer
BK-2025-05296,2025-12-21,2026-08-05,C05223,PK12,AG04,2,1,6350,0.0,Confirmed,Bank Transfer
BK-2025-05297,2025-12-21,2026-01-04,C05324,PK05,AG02,1,0,1030,,Completed,PayPal
BK-2025-05298,2025-12-21,2026-01-31,C06061,PK07,AG04,7,0,3110,0.1,Completed,Bank Transfer
BK-2025-05299,2025-12-21,2026-02-01,C06276,PK07,AG01,2,0,2700,0.05,Completed,Card
BK-2025-05300,2025-12-21,2026-03-13,C06310,PK06,AG02,2,0,1440,0.1,Completed,Card
BK-2025-05301,2025-12-22,2026-01-05,C01321,PK05,AG00,2,0,1030,0.0,Completed,Card
BK-2025-05302,2025-12-22,2025-12-30,C01503,PK04,AG03,2,0,630,,Completed,Bank Transfer
BK-2025-05303,2025-12-22,2026-01-28,C01923,PK04,AG01,2,1,660,0.0,Completed ,Card
BK-2025-05304,2025-12-22,2026-01-05,C02138,PK02,AG06,1,0,505,0.15,Completed,Card
BK-2025-05305,2025-12-22,2026-01-28,C02204,PK03,AG13,8,0,715,0.1,Completed,Card
BK-2025-05306,2025-12-22,2026-05-06,C02565,PK17,AG00,4,0,11270,0.05,Completed,Bank Transfer
BK-2025-05307,2025-12-22,2026-09-13,C02616,PK13,AG10,2,1,8200,0.0,Confirmed,Bank Transfer
BK-2025-05308,2025-12-22,2026-06-03,C02810,PK12,AG00,2,0,5520,0.0,Completed,Bank Transfer
BK-2025-05309,2025-12-22,2026-02-06,C03427,PK16,AG00,2,0,5290,,Completed,Bank Transfer
BK-2025-05310,2025-12-22,2026-03-07,C03885,PK08,AG00,9,0,1355,0.1,Completed,PayPal
BK-2025-05311,2025-12-22,2026-03-06,C04099,PK01,AG04,1,0,485,0.05,Completed,Card
BK-2025-05312,2025-12-22,2026-05-13,C05007,PK15,AG01,1,0,4485,0.05,Completed,M-Pesa
BK-2025-05313,2025-12-22,2026-02-05,C05665,PK06,AG10,2,3,1440,0.0,Completed,Card
BK-2025-05314,2025-12-22,2026-01-10,C06036,PK02,AG05,8,0,505,0.1,Completed,Card
BK-2025-05315,2025-12-22,2026-01-14,C06290,PK02,AG00,5,0,505,0.1,Completed,Bank Transfer
BK-2025-05316,2025-12-23,2026-02-21,C00714,PK05,AG00,2,0,895,0.0,Canceled,PayPal
BK-2025-05317,2025-12-23,2026-02-28,C01209,PK15,AG00,1,0,4485,0.0,Completed,Card
BK-2025-05318,2025-12-23,2026-01-12,C01863,PK08,AG03,2,0,1560,0.05,Completed,M-Pesa
BK-2025-05319,2025-12-23,2026-01-18,C02410,PK11,AG04,2,0,5160,0.15,Completed,PayPal
BK-2025-05320,2025-12-23,2026-01-20,C02898,PK06,AG03,2,0,1655,0.0,Completed,Card
BK-2025-05321,2025-12-23,2026-03-04,C03630,PK12,AG02,2,3,5520,0.0,Canceled,Card
BK-2025-05322,2025-12-23,2026-08-11,C03959,PK18,AG01,2,0,6875,0.05,Confirmed,Card
BK-2025-05323,2025-12-23,2026-01-03,C05080,PK01,AG02,2,0,555,0.1,Completed,M-Pesa
BK-2025-05324,2025-12-23,2026-03-14,C05866,PK18,AG07,5,0,5980,0.05,Completed,Card
BK-2025-05325,2025-12-23,2026-07-18,C06108,PK12,AG00,1,0,6350,0.0,Canceled,Card
BK-2025-05326,2025-12-24,2026-10-12,C01114,PK15,AG00,2,0,5160,0.05,Confirmed,Card
BK-2025-05327,2025-12-24,2026-02-08,C01627,PK07,AG00,2,0,2700,0.0,Completed ,Card
BK-2025-05328,2025-12-24,2025-12-31,C01659,PK03,AG02,5,0,685,0.1,Canceled,Card
BK-2025-05329,2025-12-24,2026-05-10,C02936,PK16,AG02,2,0,5290,0.15,Completed,M-Pesa
BK-2025-05330,2025-12-24,2026-01-17,C03309,PK07,AG03,1,0,3110,0.0,Completed,Bank Transfer
BK-2025-05331,2025-12-24,2026-03-16,C03318,PK12,AG00,1,0,5520,0.0,Completed,Bank Transfer
BK-2025-05332,2025-12-24,2026-12-03,C05573,PK12,AG02,2,3,6350,0.0,Confirmed,Card
BK-2025-05333,2025-12-24,2026-02-15,C05657,PK13,AG00,2,0,7130,0.0,Completed,PayPal
BK-2025-05334,2025-12-25,2026-03-31,C00018,PK05,AG04,4,0,895,0.05,Completed,Card
BK-2025-05335,2025-12-25,2026-10-26,C00569,PK17,AG01,2,0,12960,0.0,Confirmed,Bank Transfer
BK-2025-05336,2025-12-25,2026-02-17,C00965,PK15,AG03,1,0,4485,0.0,Completed,Card
BK-2025-05337,2025-12-25,2026-08-24,C01039,PK16,AG00,2,0,6085,0.0,Confirmed,Bank Transfer
BK-2025-05338,2025-12-25,2026-02-18,C01140,PK13,AG00,2,1,7130,0.0,Completed,Card
BK-2025-05339,2025-12-25,2026-01-13,C01160,PK09,AG03,2,0,3440,0.15,completed,PayPal
BK-2025-05340,2025-12-25,2026-06-19,C02361,PK06,AG02,1,0,1440,0.0,Cancelled,Card
BK-2025-05341,2025-12-25,2026-07-15,C02798,PK13,AG00,1,0,8200,0.1,Confirmed,Bank Transfer
BK-2025-05342,2025-12-25,2026-02-12,C03409,PK06,AG01,2,0,1440,0.15,Completed,Bank Transfer
BK-2025-05343,2025-12-25,2026-01-27,C03459,PK05,AG03,2,1,1030,0.05,Completed,Card
BK-2025-05344,2025-12-25,2026-03-25,C03601,PK14,AG01,2,0,4715,0.1,Cancelled,Card
BK-2025-05345,2025-12-25,2026-02-06,C03643,PK01,AG12,10,0,485,0.15,Completed,Bank Transfer
BK-2025-05346,2025-12-25,2026-01-27,C03947,PK09,AG07,2,0,3440,0.0,Completed,Card
BK-2025-05347,2025-12-25,2026-03-15,C04621,PK15,AG00,4,0,4485,0.05,Completed,Bank Transfer
BK-2025-05348,2025-12-25,2026-01-15,C04785,PK04,AG00,1,0,660,0.0,Completed,M-Pesa
BK-2025-05349,2025-12-25,2026-02-20,C05185,PK09,AG00,4,0,2990,0.1,Completed,M-Pesa
BK-2025-05350,2025-12-25,2026-02-17,C05793,PK01,AG00,1,0,485,0.1,Completed,Card
BK-2025-05351,2025-12-25,2026-01-17,C05921,PK15,AG02,2,0,5160,0.0,Completed,Bank Transfer
BK-2025-05352,2025-12-25,2026-04-24,C06124,PK07,AG07,2,3,2700,0.0,Cancelled,Card
BK-2025-05353,2025-12-25,2026-02-28,C06142,PK12,AG04,2,0,5520,0.0,Completed,Bank Transfer
BK-2025-05354,2025-12-25,2026-02-16,C06384,PK01,AG06,2,0,485,0.0,completed,Card
BK-2025-05355,2025-12-26,2026-01-02,C00476,PK02,AG00,2,0,505,0.0,Completed,PayPal
BK-2025-05356,2025-12-26,2026-03-26,C00744,PK17,AG11,2,0,11270,0.05,Completed,M-Pesa
BK-2025-05357,2025-12-26,2026-02-10,C01057,PK03,AG09,2,2,620,0.0,Completed,Bank Transfer
BK-2025-05358,2025-12-26,2026-09-05,C01891,PK17,AG04,2,1,12960,0.0,Confirmed ,PayPal
BK-2025-05359,2025-12-26,2026-08-26,C02148,PK16,AG01,2,0,6085,0.0,Confirmed,Card
BK-2025-05360,2025-12-26,2025-12-29,C02855,PK05,AG04,1,0,985,0.0,Completed,Bank Transfer
BK-2025-05361,2025-12-26,2026-02-11,C03023,PK15,AG00,2,2,4485,0.0,Completed,Card
BK-2025-05362,2025-12-26,2026-01-29,C03084,PK02,AG02,2,0,505,0.0,Completed,M-Pesa
BK-2025-05363,2025-12-26,2026-08-01,C03157,PK12,AG00,2,0,6350,0.0,Confirmed,PayPal
BK-2025-05364,2025-12-26,2026-01-29,C03270,PK01,AG08,2,0,555,0.05,Completed,Card
BK-2025-05365,2025-12-26,2026-02-21,C03333,PK09,AG00,2,0,2990,0.0,Completed,Card
BK-2025-05366,2025-12-26,2026-08-13,C03478,PK12,AG00,2,3,6350,0.0,Confirmed,Bank Transfer
BK-2025-05367,2025-12-26,2026-03-10,C03570,PK16,AG04,7,0,5290,0.0,Completed,Card
BK-2025-05368,2025-12-26,2026-02-11,C04039,PK07,AG08,2,3,2700,0.0,COMPLETED,M-Pesa
BK-2025-05369,2025-12-26,2025-12-30,C04180,PK03,AG00,2,0,685,0.0,Completed,Bank Transfer
BK-2025-05370,2025-12-26,2026-02-06,C05803,PK12,AG03,2,0,5520,0.05,completed,Card
BK-2025-05371,2025-12-26,2026-04-28,C06360,PK14,AG04,9,0,4715,0.1,Completed,Card
BK-2025-05372,2025-12-27,2026-01-28,C01776,PK14,AG03,4,0,5420,0.15,Completed,Card
BK-2025-05373,2025-12-27,2026-08-18,C02067,PK12,AG04,1,0,6350,0.0,Cancelled,Card
BK-2025-05374,2025-12-27,2026-01-20,C02279,PK15,AG00,7,0,5160,0.1,Completed,Bank Transfer
BK-2025-05375,2025-12-27,2026-01-19,C02569,PK07,AG02,9,0,3110,0.0,Canceled,PayPal
BK-2025-05376,2025-12-27,2026-02-09,C02788,PK06,AG11,2,2,1440,0.05,Canceled,Bank Transfer
BK-2025-05377,2025-12-27,2026-08-24,C03336,PK13,AG06,2,1,8200,0.0,Confirmed,Bank Transfer
BK-2025-05378,2025-12-27,2026-07-22,C03723,PK12,AG05,2,2,6350,,Confirmed,Card
BK-2025-05379,2025-12-27,2026-11-30,C04041,PK18,AG06,2,2,5980,0.0,Confirmed,Bank Transfer
BK-2025-05380,2025-12-27,2026-06-23,C04192,PK09,AG13,6,0,2990,0.15,Completed,Card
BK-2025-05381,2025-12-27,2026-07-05,C04515,PK16,AG00,2,0,6085,0.15,Confirmed,Bank Transfer
BK-2025-05382,2025-12-27,2025-12-30,C04926,PK03,AG09,2,3,685,0.0,Completed,PayPal
BK-2025-05383,2025-12-27,2026-01-17,C04989,PK04,AG07,7,0,660,0.1,Completed,Bank Transfer
BK-2025-05384,2025-12-27,2026-01-09,C05247,PK18,AG01,6,0,6875,0.0,Completed,Card
BK-2025-05385,2025-12-27,2026-09-03,C05419,PK12,AG06,1,0,6350,0.0,Confirmed,Card
BK-2025-05386,2025-12-27,2026-11-24,C06340,PK16,AG04,11,0,5290,0.05,Confirmed,M-Pesa
BK-2025-05387,2025-12-27,2026-01-21,C06494,PK12,AG00,2,0,6350,0.0,Completed,Bank Transfer
BK-2025-05388,2025-12-28,2026-02-17,C00120,PK07,AG01,9,0,2700,,Completed,M-Pesa
BK-2025-05389,2025-12-28,2026-09-11,C00399,PK12,AG08,2,1,6350,0.0,Confirmed,Card
BK-2025-05390,2025-12-28,2026-02-19,C00404,PK13,AG02,1,0,7130,0.05,Completed,Bank Transfer
BK-2025-05391,2025-12-28,2026-07-08,C01492,PK13,AG01,1,0,8200,0.0,Confirmed,Card
BK-2025-05392,2025-12-28,2026-04-01,C02011,PK12,AG07,4,0,5520,0.0,Completed,Bank Transfer
BK-2025-05393,2025-12-28,2026-03-10,C03355,PK07,AG00,2,3,2700,0.05,Completed,Card
BK-2025-05394,2025-12-28,2026-04-17,C04723,PK17,AG00,8,0,11270,0.1,Completed,Bank Transfer
BK-2025-05395,2025-12-28,2026-05-30,C05373,PK08,AG09,2,0,1355,0.0,Completed,PayPal
BK-2025-05396,2025-12-28,2026-01-29,C05628,PK06,AG05,2,0,1655,0.0,Cancelled,Card
BK-2025-05397,2025-12-28,2026-02-05,C05952,PK10,AG03,2,0,1025,0.1,Completed,Card
BK-2025-05398,2025-12-28,2026-01-14,C06404,PK03,AG00,12,0,715,0.0,Completed,Card
BK-2025-05399,2025-12-29,2026-01-12,C00200,PK01,AG00,2,2,555,0.0,Cancelled,Bank Transfer
BK-2025-05400,2025-12-29,2026-03-26,C00923,PK03,AG13,8,0,620,0.05,Completed,Bank Transfer
BK-2025-05401,2025-12-29,2026-01-26,C01743,PK13,AG03,2,3,8200,0.0,Completed,Card
BK-2025-05402,2025-12-29,2026-01-17,C03382,PK03,AG02,4,0,715,0.15,Completed,Card
BK-2025-05403,2025-12-29,2026-10-27,C03702,PK16,AG04,1,0,6085,0.0,Confirmed,PayPal
BK-2025-05404,2025-12-29,2026-02-04,C03938,PK01,AG06,2,1,485,0.0,Completed,Card
BK-2025-05405,2025-12-29,2026-03-30,C04861,PK18,AG00,2,0,5980,0.0,Completed,Bank Transfer
BK-2025-05406,2025-12-29,2026-03-07,C05406,PK12,AG02,1,0,5520,0.0,completed,Card
BK-2025-05407,2025-12-29,2026-02-10,C05805,PK06,AG03,2,0,1440,0.05,Cancelled,Bank Transfer
BK-2025-05408,2025-12-29,2026-12-20,C05960,PK13,AG04,1,0,8200,0.0,Cancelled,Bank Transfer
BK-2025-05409,2025-12-30,2026-01-25,C00234,PK01,AG13,8,0,555,0.0,Completed,PayPal
BK-2025-05410,2025-12-30,2026-01-25,C00716,PK07,AG07,2,0,3110,0.1,Completed,M-Pesa
BK-2025-05411,2025-12-30,2026-01-14,C01412,PK05,AG00,1,0,1030,0.15,Completed,Card
BK-2025-05412,2025-12-30,2026-02-08,C01844,PK04,AG02,12,0,575,0.15,Completed,Bank Transfer
BK-2025-05413,2025-12-30,2026-03-19,C02111,PK14,AG07,2,1,4715,0.0,Completed,M-Pesa
BK-2025-05414,2025-12-30,2026-04-21,C02330,PK15,AG07,2,1,4485,0.1,Completed,Bank Transfer
BK-2025-05415,2025-12-30,2026-07-11,C02648,PK17,AG00,2,0,12960,0.0,Confirmed,PayPal
BK-2025-05416,2025-12-30,2026-02-18,C02964,PK15,AG02,2,3,4485,0.0,Completed,Card
BK-2025-05417,2025-12-30,2026-08-01,C03057,PK18,AG09,5,0,6875,0.05,Confirmed,Bank Transfer
BK-2025-05418,2025-12-30,2026-07-30,C03289,PK14,AG00,2,0,5420,0.0,Canceled,Card
BK-2025-05419,2025-12-30,2026-01-30,C03474,PK02,AG00,2,0,505,0.0,Completed,Bank Transfer
BK-2025-05420,2025-12-30,2026-03-03,C03973,PK08,AG06,2,3,1355,0.15,Completed,Bank Transfer
BK-2025-05421,2025-12-30,2026-07-25,C05382,PK18,AG00,2,0,6875,0.0,confirmed,PayPal
BK-2025-05422,2025-12-30,2026-01-13,C05517,PK13,AG00,2,0,8200,0.0,Completed,Bank Transfer
BK-2025-05423,2025-12-30,2026-04-15,C05669,PK13,AG12,6,0,7130,0.0,Completed,M-Pesa
BK-2025-05424,2025-12-31,2026-09-18,C00517,PK18,AG04,2,1,6875,0.0,Confirmed,M-Pesa
BK-2025-05425,2025-12-31,2026-02-03,C00909,PK01,AG03,5,0,485,0.05,Completed,Card
BK-2025-05426,2025-12-31,2026-02-20,C02490,PK06,AG00,2,0,1440,0.05,Completed,Card
BK-2025-05427,2025-12-31,2026-05-05,C03716,PK11,AG02,6,0,4485,0.1,Cancelled,Card
BK-2025-05428,2025-12-31,2026-02-03,C04589,PK08,AG12,11,0,1355,0.0,Cancelled,Card
BK-2025-05429,2025-12-31,2026-07-23,C04917,PK12,AG00,4,0,6350,0.1,Confirmed,Bank Transfer
BK-2025-05430,2025-12-31,2026-01-20,C05301,PK02,AG04,5,0,505,0.05,Completed,Bank Transfer
BK-2025-05431,2025-12-31,2026-02-10,C05530,PK16,AG11,1,0,5290,0.1,Completed,M-Pesa
BK-2025-05432,2025-12-31,2026-03-21,C05655,PK02,AG00,4,0,435,0.05,Completed,Card
BK-2025-05433,2025-12-31,2026-02-06,C05860,PK06,AG00,2,0,1440,0.0,Completed,PayPal
BK-2025-05434,2025-12-31,2026-02-09,C06210,PK02,AG03,2,0,435,0.0,Completed ,Bank Transfer
