BookingID,BookingDate,TravelStartDate,CustomerID,PackageID,AgentID,Adults,Children,UnitPriceUSD,DiscountPct,Status,PaymentMethod
BK-2023-00001,2023-01-01,2023-02-20,C01696,PK06,AG10,2,0,1250,0.0,Completed,Bank Transfer
BK-2023-00002,2023-01-01,2023-07-07,C01980,PK09,AG02,1,0,2990,0.0,Completed,Card
BK-2023-00003,2023-01-01,2023-08-27,C01992,PK15,AG08,2,3,4485,0.0,Completed,PayPal
BK-2023-00004,2023-01-01,2023-03-27,C02537,PK06,,1,0,1250,0.0,Completed,Card
BK-2023-00005,2023-01-01,2023-02-08,C03846,PK01,,1,0,420,0.15,Completed,Bank Transfer
BK-2023-00006,2023-01-01,2023-01-11,C04189,PK02,,2,1,435,0.05,Completed,Card
BK-2023-00007,2023-01-01,2023-03-02,C04381,PK05,,7,0,780,0.05,Completed,Bank Transfer
BK-2023-00008,2023-01-01,2023-07-13,C04460,PK08,AG04,2,3,1355,0.1,cancelled,PayPal
BK-2023-00009,2023-01-01,2023-01-28,C06138,PK05,AG04,2,0,895,0.0,Completed,Card
BK-2023-00010,2023-01-01,2023-02-23,C06141,PK09,AG02,2,0,2600,0.0,COMPLETED,PayPal
BK-2023-00011,2023-01-02,2023-03-09,C01940,PK11,AG06,9,0,3900,0.0,Completed,PayPal
BK-2023-00012,2023-01-02,2023-04-01,C01941,PK06,AG02,1,0,1250,0.0,Completed,Bank Transfer
BK-2023-00013,2023-01-02,2023-04-02,C02257,PK06,AG03,2,0,1250,0.0,Completed,M-Pesa
BK-2023-00014,2023-01-02,2023-06-24,C02790,PK12,AG02,4,0,4800,0.1,Completed,Bank Transfer
BK-2023-00015,2023-01-02,2023-02-18,C03023,PK09,,2,1,2600,0.0,Completed,Card
BK-2023-00016,2023-01-02,2023-02-02,C03131,PK01,AG02,2,1,420,0.0,Completed,PayPal
BK-2023-00017,2023-01-02,2023-07-04,C03471,PK09,,1,0,2990,0.05,CANCELLED,PayPal
BK-2023-00018,2023-01-02,2023-03-23,C04887,PK17,AG01,1,0,9800,0.15,Completed,Card
BK-2023-00019,2023-01-02,2023-02-03,C04982,PK10,AG03,2,0,890,0.0,Cancelled,Card
BK-2023-00020,2023-01-02,2023-01-23,C05594,PK04,AG08,4,0,575,0.1,completed,Bank Transfer
BK-2023-00021,2023-01-03,2023-03-17,C00060,PK01,AG10,2,0,420,0.0,Completed,Card
BK-2023-00022,2023-01-03,2023-02-25,C01058,PK08,AG02,1,0,1180,0.05,Completed,Card
BK-2023-00023,2023-01-03,2023-03-14,C01377,PK05,,2,0,780,0.15,Completed,Bank Transfer
BK-2023-00024,2023-01-03,2023-03-21,C01550,PK11,,2,1,3900,0.0,Completed,Bank Transfer
BK-2023-00025,2023-01-03,2023-01-23,C01792,PK04,AG01,2,0,575,0.0,Completed,Card
BK-2023-00026,2023-01-03,2023-01-11,C03189,PK02,AG06,1,0,435,0.0,Completed,PayPal
BK-2023-00027,2023-01-03,2023-01-12,C03449,PK05,,5,0,895,0.1,Completed,Bank Transfer
BK-2023-00028,2023-01-03,2023-03-26,C05460,PK04,,2,0,500,0.0,Completed,Card
BK-2023-00029,2023-01-04,2023-02-10,C00358,PK12,AG07,8,0,4800,0.1,Completed,Card
BK-2023-00030,2023-01-04,2023-02-16,C01031,PK07,AG02,2,2,2350,0.1,Cancelled,PayPal
BK-2023-00031,2023-01-04,2023-02-17,C01408,PK01,AG10,1,0,420,0.0,Completed,Bank Transfer
BK-2023-00032,2023-01-04,2023-02-05,C02687,PK01,,2,0,420,0.05,Completed,PayPal
BK-2023-00033,2023-01-04,2023-01-28,C02943,PK08,,2,0,1355,0.0,completed,Bank Transfer
BK-2023-00034,2023-01-04,2023-10-05,C03077,PK15,AG12,7,0,4485,0.15,Completed,Card
BK-2023-00035,2023-01-04,2023-02-28,C03109,PK01,AG05,2,0,420,0.1,Completed,Bank Transfer
BK-2023-00036,2023-01-04,2023-02-05,C03370,PK06,AG11,1,0,1250,0.05,Completed,Bank Transfer
BK-2023-00037,2023-01-04,2023-05-04,C03423,PK14,AG02,2,0,4100,0.0,Completed,PayPal
BK-2023-00038,2023-01-04,2023-02-09,C03604,PK02,AG02,2,0,380,0.15,Completed,Bank Transfer
BK-2023-00039,2023-01-04,2023-02-22,C04761,PK15,,1,0,3900,0.0,Completed,Card
BK-2023-00040,2023-01-04,2023-06-08,C04795,PK10,AG06,1,0,890,0.15,Completed,Card
BK-2023-00041,2023-01-04,2023-01-29,C05974,PK10,AG05,2,0,1025,0.1,Completed,PayPal
BK-2023-00042,2023-01-04,2023-04-11,C05978,PK09,AG03,2,1,2600,0.0,Completed,Card
BK-2023-00043,2023-01-05,2023-03-08,C00306,PK07,AG06,2,0,2350,0.0,Completed,Card
BK-2023-00044,2023-01-05,2023-02-11,C01143,PK01,AG02,2,0,420,0.0,Completed,M-Pesa
BK-2023-00045,2023-01-05,2023-02-09,C01371,PK04,AG09,5,0,500,0.05,Completed,Bank Transfer
BK-2023-00046,2023-01-05,2023-03-06,C01852,PK02,AG11,1,0,380,0.0,Completed,Bank Transfer
BK-2023-00047,2023-01-05,2023-02-10,C03308,PK11,,2,0,3900,,Completed,Card
BK-2023-00048,2023-01-05,2024-06-18,C03961,PK15,AG13,4,0,4095,0.1,Completed,PayPal
BK-2023-00049,2023-01-05,2023-09-02,C04290,PK15,AG01,12,0,4485,0.1,Completed,Card
BK-2023-00050,2023-01-05,2023-08-18,C05069,PK14,AG02,1,0,4715,0.1,Completed,Card
BK-2023-00051,2023-01-05,2023-01-31,C05764,PK02,AG02,2,0,435,0.1,Completed,Card
BK-2023-00052,2023-01-06,2023-02-25,C01075,PK06,AG02,2,0,1250,0.05,Completed,Card
BK-2023-00053,2023-01-06,2023-02-03,C01301,PK02,AG02,8,0,380,0.05,Completed,Card
BK-2023-00054,2023-01-06,2023-01-13,C01434,PK04,,7,0,575,0.1,Completed,Bank Transfer
BK-2023-00055,2023-01-06,2023-06-19,C02929,PK16,,2,2,4600,0.05,Completed,Bank Transfer
BK-2023-00056,2023-01-06,2023-02-06,C03271,PK12,AG02,2,0,4800,0.05,Completed,Card
BK-2023-00057,2023-01-06,2023-01-12,C03682,PK02,,4,0,435,0.0,Completed,Card
BK-2023-00058,2023-01-06,2023-06-25,C04002,PK09,AG03,6,0,2600,0.1,Completed,Bank Transfer
BK-2023-00059,2023-01-06,2023-01-27,C04564,PK02,,2,2,435,0.0,Completed,Card
BK-2023-00060,2023-01-06,2023-02-27,C04972,PK03,AG13,5,0,540,0.1,Completed,Card
BK-2023-00061,2023-01-07,2023-02-24,C00020,PK04,AG02,1,0,500,0.15,Canceled,Bank Transfer
BK-2023-00062,2023-01-07,2023-07-03,C00336,PK15,,2,0,4485,0.1,Completed,M-Pesa
BK-2023-00063,2023-01-07,2023-01-17,C00682,PK09,,2,3,2990,0.0,Completed,Bank Transfer
BK-2023-00064,2023-01-07,2023-02-22,C03122,PK04,AG03,2,0,500,0.05,Cancelled ,Card
BK-2023-00065,2023-01-07,2023-06-27,C03614,PK06,AG02,1,0,1250,0.1,Completed,Bank Transfer
BK-2023-00066,2023-01-07,2023-03-16,C04611,PK04,,9,0,500,0.0,Completed,Card
BK-2023-00067,2023-01-07,2023-07-21,C04774,PK12,,5,0,5520,0.05,completed,Card
BK-2023-00068,2023-01-07,2023-03-02,C04988,PK16,,1,0,4600,0.0,Completed,PayPal
BK-2023-00069,2023-01-08,2023-01-19,C01112,PK10,AG02,2,3,1025,0.05,Completed,PayPal
BK-2023-00070,2023-01-08,2023-06-19,C01140,PK12,,2,2,4800,0.0,Completed,Card
BK-2023-00071,2023-01-08,2023-01-21,C01991,PK03,AG06,2,1,620,0.05,Completed,M-Pesa
BK-2023-00072,2023-01-08,2023-02-18,C04015,PK09,AG04,2,3,2600,0.15,Completed,Card
BK-2023-00073,2023-01-08,2023-02-18,C04702,PK05,,2,3,780,0.0,Canceled,M-Pesa
BK-2023-00074,2023-01-08,2023-07-21,C04797,PK07,AG08,2,0,2700,0.0,Completed,Bank Transfer
BK-2023-00075,2023-01-08,2023-10-08,C04893,PK08,,1,0,1355,0.05,COMPLETED,M-Pesa
BK-2023-00076,2023-01-08,2023-02-06,C04948,PK07,AG11,2,0,2350,0.05,Completed,Card
BK-2023-00077,2023-01-08,2023-02-05,C05120,PK02,AG13,11,0,380,0.0,Completed,PayPal
BK-2023-00078,2023-01-08,2023-02-17,C05487,PK14,AG03,5,0,4100,0.05,Completed,Card
BK-2023-00079,2023-01-08,2023-02-16,C05492,PK06,AG10,2,0,1250,0.0,Completed,M-Pesa
BK-2023-00080,2023-01-08,2023-06-01,C05766,PK13,,2,0,6200,0.1,Completed,Bank Transfer
BK-2023-00081,2023-01-09,2023-02-19,C00078,PK12,AG01,2,0,4800,0.05,Completed,Card
BK-2023-00082,2023-01-09,2023-05-21,C00295,PK13,AG01,9,0,6200,0.1,Completed,M-Pesa
BK-2023-00083,2023-01-09,2023-02-01,C00425,PK08,AG11,2,1,1180,0.05,Completed,Bank Transfer
BK-2023-00084,2023-01-09,2023-01-16,C00946,PK01,AG11,2,1,485,0.0,Completed,Card
BK-2023-00085,2023-01-09,2023-02-06,C01035,PK03,AG05,2,0,540,0.15,cancelled,Card
BK-2023-00086,2023-01-09,2023-01-26,C02176,PK04,AG06,2,2,575,0.0,Completed,PayPal
BK-2023-00087,2023-01-09,2023-02-08,C02947,PK03,AG09,2,0,540,0.0,Completed,Card
BK-2023-00088,2023-01-09,2023-08-07,C03834,PK12,AG06,2,1,5520,0.05,Completed,Bank Transfer
BK-2023-00089,2023-01-09,2023-02-02,C04328,PK06,,2,0,1250,0.0,Completed,Card
BK-2023-00090,2023-01-09,2023-02-06,C05286,PK05,,7,0,780,0.0,Completed,Card
BK-2023-00091,2023-01-10,2023-01-22,C00278,PK03,,2,0,620,0.0,Completed,M-Pesa
BK-2023-00092,2023-01-10,2023-02-24,C01752,PK03,AG08,6,0,540,0.0,Completed,Bank Transfer
BK-2023-00093,2023-01-10,2023-03-07,C02616,PK02,AG03,2,1,380,0.15,completed,Card
BK-2023-00094,2023-01-10,2023-03-27,C04195,PK12,AG07,2,2,4800,0.1,Completed,PayPal
BK-2023-00095,2023-01-10,2023-06-30,C04327,PK06,AG05,12,0,1250,0.1,Completed,Bank Transfer
BK-2023-00096,2023-01-10,2023-03-25,C04570,PK12,AG07,2,0,4800,0.0,Completed,Card
BK-2023-00097,2023-01-10,2023-02-05,C05278,PK01,,2,0,420,0.0,Completed,M-Pesa
BK-2023-00098,2023-01-10,2023-02-20,C06346,PK04,AG12,9,0,500,0.0,Completed,Bank Transfer
BK-2023-00099,2023-01-11,2023-09-18,C01086,PK16,AG06,2,0,5290,0.05,Completed,Card
BK-2023-00100,2023-01-11,2023-03-03,C01559,PK10,AG06,2,0,890,0.1,Completed,PayPal
BK-2023-00101,2023-01-11,2023-01-27,C01683,PK16,,2,2,5290,0.0,Cancelled,M-Pesa
BK-2023-00102,2023-01-11,2023-01-22,C02226,PK07,AG02,2,1,2700,0.0,Completed,PayPal
BK-2023-00103,2023-01-11,2023-01-16,C03841,PK01,AG06,2,3,485,0.1,Completed,PayPal
BK-2023-00104,2023-01-11,2023-01-22,C04926,PK09,AG09,2,3,2990,,Completed,Card
BK-2023-00105,2023-01-11,2023-05-03,C04963,PK07,,2,0,2350,0.15,Completed,M-Pesa
BK-2023-00106,2023-01-11,2023-02-27,C05194,PK07,,2,0,2350,0.0,Completed,Card
BK-2023-00107,2023-01-11,2023-01-23,C06219,PK17,AG11,2,3,11270,0.05,Completed,Bank Transfer
BK-2023-00108,2023-01-12,2023-04-01,C00104,PK13,AG02,2,0,6200,0.05,Completed ,Card
BK-2023-00109,2023-01-12,2023-05-25,C00501,PK09,AG10,2,0,2600,0.1,Canceled,M-Pesa
BK-2023-00110,2023-01-12,2023-03-15,C01257,PK12,AG09,2,0,4800,0.0,Completed,Card
BK-2023-00111,2023-01-12,2023-06-18,C01402,PK09,AG08,7,0,2600,0.05,Completed,Card
BK-2023-00112,2023-01-12,2023-07-07,C01579,PK16,,8,0,5290,0.1,Completed,Bank Transfer
BK-2023-00113,2023-01-12,2023-01-20,C01792,PK12,,2,0,5520,0.0,Completed,Card
BK-2023-00114,2023-01-12,2023-04-15,C03452,PK12,AG03,2,0,4800,0.0,Cancelled ,Bank Transfer
BK-2023-00115,2023-01-12,2023-02-21,C03638,PK03,AG11,2,0,540,0.1,Completed,Card
BK-2023-00116,2023-01-12,2023-02-06,C04036,PK09,AG01,2,3,2600,0.0,Completed,Bank Transfer
BK-2023-00117,2023-01-12,2023-10-13,C05181,PK17,AG12,6,0,11270,0.0,Completed,PayPal
BK-2023-00118,2023-01-12,2023-02-24,C05817,PK03,,1,0,540,0.0,Completed,Bank Transfer
BK-2023-00119,2023-01-13,2023-02-07,C00402,PK09,,2,0,2600,0.05,Completed,Card
BK-2023-00120,2023-01-13,2023-03-02,C00688,PK03,AG03,2,0,540,0.0,Completed,M-Pesa
BK-2023-00121,2023-01-13,2023-01-21,C00997,PK03,AG04,1,0,620,0.0,Completed,Bank Transfer
BK-2023-00122,2023-01-13,2023-02-24,C02867,PK01,AG03,2,3,420,0.05,Completed,Card
BK-2023-00123,2023-01-13,2023-03-30,C04722,PK06,,2,0,1250,0.0,Completed,PayPal
BK-2023-00124,2023-01-13,2023-01-20,C05899,PK02,AG04,5,0,435,0.0,Completed,M-Pesa
BK-2023-00125,2023-01-14,2023-02-28,C00968,PK10,,2,2,890,0.05,Completed,Card
BK-2023-00126,2023-01-14,2023-06-19,C01160,PK13,AG03,2,0,6200,0.0,Completed,PayPal
BK-2023-00127,2023-01-14,2023-02-06,C01985,PK02,,2,0,380,0.0,Completed,Bank Transfer
BK-2023-00128,2023-01-14,2023-02-17,C02139,PK11,AG01,1,0,3900,0.0,COMPLETED,M-Pesa
BK-2023-00129,2023-01-14,2023-02-16,C02197,PK03,AG03,2,3,540,0.0,Canceled,PayPal
BK-2023-00130,2023-01-14,2023-04-23,C03475,PK15,AG07,2,0,3900,0.1,Completed,Bank Transfer
BK-2023-00131,2023-01-14,2023-02-17,C03632,PK07,,2,0,2350,0.0,completed,Card
BK-2023-00132,2023-01-14,2023-01-28,C04880,PK08,,2,0,1355,0.0,Cancelled,PayPal
BK-2023-00133,2023-01-14,2023-07-17,C05103,PK14,AG10,2,0,4715,0.05,Cancelled,M-Pesa
BK-2023-00134,2023-01-14,2023-04-07,C05246,PK09,AG02,2,1,2600,0.0,Completed,PayPal
BK-2023-00135,2023-01-14,2023-01-28,C05535,PK02,AG05,1,0,435,0.0,Completed,PayPal
BK-2023-00136,2023-01-14,2023-05-14,C05906,PK07,,2,2,2350,0.0,Completed,Card
BK-2023-00137,2023-01-15,2023-06-19,C01362,PK06,AG11,2,0,1250,0.0,Completed,PayPal
BK-2023-00138,2023-01-15,2023-03-09,C01562,PK16,AG07,1,0,4600,0.0,Completed,Bank Transfer
BK-2023-00139,2023-01-15,2023-12-13,C02606,PK12,,2,0,5520,0.05,Completed,Card
BK-2023-00140,2023-01-15,2023-08-17,C03768,PK17,AG01,2,0,11270,0.0,Completed,Bank Transfer
BK-2023-00141,2023-01-15,2023-02-10,C04296,PK12,AG11,5,0,4800,0.05,Completed,M-Pesa
BK-2023-00142,2023-01-15,2023-07-25,C04339,PK10,AG02,1,0,1025,0.0,Completed,Bank Transfer
BK-2023-00143,2023-01-15,2023-02-03,C06235,PK01,AG10,9,0,420,0.1,Completed,Card
BK-2023-00144,2023-01-16,2023-01-29,C02506,PK04,AG12,8,0,575,0.0,Completed,PayPal
BK-2023-00145,2023-01-16,2023-03-09,C03486,PK04,AG04,4,0,500,0.0,Completed,Card
BK-2023-00146,2023-01-16,2023-09-21,C04054,PK12,AG10,2,0,5520,0.0,Completed,PayPal
BK-2023-00147,2023-01-16,2023-02-12,C04601,PK01,AG05,6,0,420,0.0,Completed,Card
BK-2023-00148,2023-01-16,2023-04-17,C06023,PK07,AG04,2,1,2350,0.0,Completed,M-Pesa
BK-2023-00149,2023-01-17,2023-03-30,C01180,PK07,,2,0,2350,0.05,Completed,Card
BK-2023-00150,2023-01-17,2023-02-24,C04641,PK03,AG02,2,1,540,0.0,Completed,Card
BK-2023-00151,2023-01-17,2023-05-04,C04793,PK17,AG04,2,0,9800,0.0,Completed,PayPal
BK-2023-00152,2023-01-17,2023-01-20,C05592,PK04,AG08,2,0,575,0.0,Completed,PayPal
BK-2023-00153,2023-01-18,2023-02-12,C00384,PK04,,2,1,500,0.0,Completed,Card
BK-2023-00154,2023-01-18,2023-01-28,C00638,PK02,AG03,2,0,435,0.0,Completed,M-Pesa
BK-2023-00155,2023-01-18,2023-02-05,C00752,PK06,,7,0,1250,0.05,Completed,Bank Transfer
BK-2023-00156,2023-01-18,2023-02-10,C01517,PK03,,2,0,540,0.15,Completed,M-Pesa
BK-2023-00157,2023-01-18,2023-07-23,C01821,PK16,AG12,12,0,5290,0.0,Completed ,Card
BK-2023-00158,2023-01-18,2023-02-17,C01828,PK02,AG04,2,0,380,0.05,Cancelled,Bank Transfer
BK-2023-00159,2023-01-18,2023-02-24,C01850,PK11,AG07,2,2,3900,0.0,Completed,Card
BK-2023-00160,2023-01-18,2023-02-12,C01935,PK09,AG12,10,0,2600,0.05,Completed,Bank Transfer
BK-2023-00161,2023-01-18,2023-02-10,C02637,PK01,AG06,2,3,420,0.0,Completed,Card
BK-2023-00162,2023-01-18,2023-08-15,C04094,PK10,,7,0,1025,0.1,Completed,M-Pesa
BK-2023-00163,2023-01-18,2023-02-25,C04751,PK02,AG10,2,2,380,0.1,Completed,PayPal
BK-2023-00164,2023-01-18,2023-03-05,C04905,PK09,,1,0,2600,0.0,Completed,Card
BK-2023-00165,2023-01-18,2023-02-01,C05074,PK02,,2,3,380,0.0,Completed,Card
BK-2023-00166,2023-01-18,2023-02-28,C05159,PK06,AG03,2,0,1250,0.05,Completed,Card
BK-2023-00167,2023-01-18,2023-07-08,C05690,PK16,,2,1,5290,0.1,Completed,Card
BK-2023-00168,2023-01-18,2023-02-28,C05982,PK10,AG11,10,0,890,0.0,Completed,PayPal
BK-2023-00169,2023-01-19,2023-02-24,C00810,PK04,AG13,4,0,500,0.0,Completed,Bank Transfer
BK-2023-00170,2023-01-19,2023-01-27,C01103,PK01,AG04,11,0,485,0.0,Canceled,Bank Transfer
BK-2023-00171,2023-01-19,2023-03-09,C01257,PK06,AG09,2,0,1250,0.05,Completed,M-Pesa
BK-2023-00172,2023-01-19,2023-04-30,C03611,PK10,AG10,2,2,890,0.05,Completed,Bank Transfer
BK-2023-00173,2023-01-19,2023-02-02,C05119,PK17,,1,0,9800,0.05,Completed,Bank Transfer
BK-2023-00174,2023-01-19,2023-07-11,C05445,PK16,AG04,2,2,5290,0.05,COMPLETED,Bank Transfer
BK-2023-00175,2023-01-19,2023-02-03,C06121,PK02,AG07,2,0,380,0.0,Canceled,Card
BK-2023-00176,2023-01-19,2023-09-04,C06324,PK12,,7,0,5520,0.1,Completed,Card
BK-2023-00177,2023-01-20,2023-01-28,C00539,PK06,AG10,2,3,1440,0.05,Completed,PayPal
BK-2023-00178,2023-01-20,2023-01-23,C00753,PK04,AG06,2,0,575,0.0,Completed,M-Pesa
BK-2023-00179,2023-01-20,2023-07-04,C03881,PK09,,2,0,2990,0.0,Cancelled,Card
BK-2023-00180,2023-01-20,2023-03-02,C05658,PK09,,2,2,2600,0.0,Completed,PayPal
BK-2023-00181,2023-01-21,2023-04-13,C00338,PK09,AG01,2,0,2600,0.05,Completed,Card
BK-2023-00182,2023-01-21,2023-09-18,C02225,PK11,AG01,2,0,4485,0.0,Completed,Card
BK-2023-00183,2023-01-21,2023-03-17,C03192,PK01,AG01,1,0,420,,Completed,Card
BK-2023-00184,2023-01-21,2023-03-29,C03327,PK07,,2,0,2350,0.1,Completed ,Card
BK-2023-00185,2023-01-21,2023-07-11,C04151,PK14,,2,0,4715,0.0,Completed,M-Pesa
BK-2023-00186,2023-01-21,2023-02-13,C05677,PK11,AG02,2,3,3900,0.0,Completed,PayPal
BK-2023-00187,2023-01-21,2023-03-12,C06155,PK07,AG09,2,0,2350,0.05,Completed,Bank Transfer
BK-2023-00188,2023-01-21,2023-05-10,C06340,PK02,AG12,9,0,380,0.1,Completed,M-Pesa
BK-2023-00189,2023-01-22,2023-09-25,C00776,PK12,AG03,2,3,5520,0.0,Completed,PayPal
BK-2023-00190,2023-01-22,2023-08-04,C01600,PK14,,1,0,4715,0.1,Completed,Card
BK-2023-00191,2023-01-22,2023-02-22,C03442,PK07,AG08,2,0,2350,0.05,Completed,M-Pesa
BK-2023-00192,2023-01-22,2023-03-22,C04710,PK06,,2,0,1250,0.1,Completed ,M-Pesa
BK-2023-00193,2023-01-23,2023-01-31,C02087,PK04,AG01,3,0,575,0.1,Completed,Card
BK-2023-00194,2023-01-23,2023-03-07,C02564,PK12,AG04,2,2,4800,0.1,Completed,Bank Transfer
BK-2023-00195,2023-01-23,2023-02-09,C03148,PK02,AG10,4,0,380,0.0,Completed,Bank Transfer
BK-2023-00196,2023-01-23,2023-03-18,C03973,PK11,AG04,2,3,3900,0.0,Completed,Bank Transfer
BK-2023-00197,2023-01-23,2023-06-18,C04186,PK14,AG05,2,1,4100,,Completed,M-Pesa
BK-2023-00198,2023-01-23,2023-02-19,C05522,PK02,,2,3,380,0.0,Completed,Card
BK-2023-00199,2023-01-23,2023-03-05,C06428,PK07,,2,2,2350,0.0,Completed,M-Pesa
BK-2023-00200,2023-01-24,2023-12-01,C00719,PK12,AG09,9,0,5520,0.1,Completed,M-Pesa
BK-2023-00201,2023-01-24,2023-04-05,C01172,PK16,AG02,4,0,4600,0.1,Completed,Card
BK-2023-00202,2023-01-24,2023-06-15,C01770,PK07,AG06,2,0,2350,0.0,Completed,Bank Transfer
BK-2023-00203,2023-01-24,2023-06-26,C03078,PK10,AG05,8,0,890,0.1,Completed,Card
BK-2023-00204,2023-01-24,2023-07-09,C04441,PK16,AG11,2,0,5290,0.0,Completed,Card
BK-2023-00205,2023-01-24,2023-05-27,C06192,PK12,AG05,1,0,4800,0.0,Completed,Bank Transfer
BK-2023-00206,2023-01-25,2023-03-20,C00215,PK11,AG01,1,0,3900,0.1,Completed,Bank Transfer
BK-2023-00207,2023-01-25,2023-02-15,C01135,PK06,AG03,2,0,1250,0.0,Completed,Card
BK-2023-00208,2023-01-25,2023-02-19,C01283,PK12,AG02,7,0,4800,0.1,Completed,Card
BK-2023-00209,2023-01-25,2023-03-08,C03011,PK01,,2,0,420,0.0,Canceled,PayPal
BK-2023-00210,2023-01-25,2023-02-26,C05662,PK02,AG02,2,0,380,0.0,Completed,Card
BK-2023-00211,2023-01-26,2023-03-02,C00043,PK06,AG10,2,0,1250,0.0,Completed,PayPal
BK-2023-00212,2023-01-26,2023-02-27,C00141,PK10,,12,0,890,0.1,Canceled,Bank Transfer
BK-2023-00213,2023-01-26,2023-10-08,C00863,PK13,AG03,2,3,7130,0.05,Completed,Bank Transfer
BK-2023-00214,2023-01-26,2023-06-08,C01063,PK16,,2,2,4600,0.0,Completed,PayPal
BK-2023-00215,2023-01-26,2023-02-10,C01671,PK01,AG04,1,0,420,0.0,Completed,M-Pesa
BK-2023-00216,2023-01-26,2023-03-03,C02380,PK13,AG01,1,0,6200,0.05,Completed,Bank Transfer
BK-2023-00217,2023-01-26,2023-02-10,C03220,PK12,AG04,2,0,4800,0.0,Completed,Bank Transfer
BK-2023-00218,2023-01-26,2023-07-28,C05003,PK11,AG07,9,0,4485,0.0,Completed,Bank Transfer
BK-2023-00219,2023-01-26,2023-05-07,C05635,PK12,AG08,6,0,4800,0.05,Completed,Card
BK-2023-00220,2023-01-26,2023-02-22,C06125,PK05,AG07,2,3,780,0.05,Completed,PayPal
BK-2023-00221,2023-01-27,2023-02-23,C00515,PK01,,2,3,420,0.0,completed,Bank Transfer
BK-2023-00222,2023-01-27,2023-02-19,C00555,PK15,AG03,2,3,3900,0.05,Completed,Card
BK-2023-00223,2023-01-27,2023-03-02,C01115,PK03,AG12,9,0,540,0.1,Completed,Card
BK-2023-00224,2023-01-27,2023-03-17,C01577,PK10,AG01,4,0,890,0.0,Completed,Card
BK-2023-00225,2023-01-27,2023-02-26,C01665,PK09,,5,0,2600,,Completed,Card
BK-2023-00226,2023-01-27,2023-02-08,C01902,PK09,AG04,2,0,2600,0.0,Completed,Card
BK-2023-00227,2023-01-27,2024-07-10,C02380,PK12,AG07,1,0,5795,0.1,Completed,Card
BK-2023-00228,2023-01-27,2023-03-28,C03019,PK06,AG02,2,3,1250,0.0,Completed,Card
BK-2023-00229,2023-01-27,2023-09-16,C03334,PK13,AG03,2,1,7130,0.0,Completed,M-Pesa
BK-2023-00230,2023-01-27,2023-11-17,C03656,PK14,AG04,2,1,4100,0.0,Canceled,Bank Transfer
BK-2023-00231,2023-01-27,2023-09-03,C04348,PK13,AG07,2,1,7130,0.0,Completed,Card
BK-2023-00232,2023-01-27,2023-12-21,C04604,PK17,AG03,2,3,11270,0.05,Completed,PayPal
BK-2023-00233,2023-01-28,2023-03-07,C00711,PK03,AG07,8,0,540,0.1,Completed,Bank Transfer
BK-2023-00234,2023-01-28,2023-02-27,C03906,PK10,,1,0,890,0.05,Completed,Bank Transfer
BK-2023-00235,2023-01-28,2023-03-21,C03998,PK16,AG03,2,2,4600,0.0,Completed,Bank Transfer
BK-2023-00236,2023-01-28,2023-10-09,C04209,PK15,AG02,1,0,4485,0.0,Completed,Bank Transfer
BK-2023-00237,2023-01-28,2023-02-09,C04512,PK07,AG03,1,0,2350,0.0,Completed,Card
BK-2023-00238,2023-01-28,2023-02-09,C04954,PK11,AG11,2,0,3900,0.1,Completed,Card
BK-2023-00239,2023-01-29,2023-02-28,C02945,PK16,AG03,4,0,4600,0.1,Completed,Card
BK-2023-00240,2023-01-29,2023-06-01,C04041,PK09,AG06,2,2,2600,0.0,Completed,Bank Transfer
BK-2023-00241,2023-01-29,2023-03-01,C04645,PK06,,2,3,1250,0.0,Completed,PayPal
BK-2023-00242,2023-01-29,2023-02-01,C04852,PK01,AG08,1,0,420,0.0,Completed,Card
BK-2023-00243,2023-01-29,2023-06-12,C05131,PK08,AG05,2,3,1180,0.0,Completed,PayPal
BK-2023-00244,2023-01-30,2023-03-11,C01800,PK08,AG11,2,2,1180,0.0,Completed,Bank Transfer
BK-2023-00245,2023-01-30,2023-08-06,C03548,PK12,AG03,6,0,5520,0.05,Completed,Card
BK-2023-00246,2023-01-30,2023-04-27,C05345,PK10,AG02,2,3,890,0.0,Completed,Card
BK-2023-00247,2023-01-30,2023-02-11,C05593,PK03,AG03,2,0,540,0.05,Completed,Bank Transfer
BK-2023-00248,2023-01-30,2023-03-04,C05782,PK04,AG04,10,0,500,0.0,Completed,Card
BK-2023-00249,2023-01-31,2023-02-15,C02147,PK14,AG05,5,0,4100,0.0,Completed,Bank Transfer
BK-2023-00250,2023-01-31,2023-07-20,C03060,PK12,AG02,7,0,5520,0.15,Completed,M-Pesa
BK-2023-00251,2023-01-31,2023-05-10,C03530,PK06,AG04,2,0,1250,0.05,Completed,Bank Transfer
BK-2023-00252,2023-01-31,2023-05-17,C04083,PK09,,2,2,2600,0.0,Cancelled ,Bank Transfer
BK-2023-00253,2023-01-31,2023-03-09,C04305,PK07,AG02,1,0,2350,0.0,Completed,Card
BK-2023-00254,2023-01-31,2023-09-12,C05034,PK13,,1,0,7130,0.0,COMPLETED,Card
BK-2023-00255,2023-01-31,2023-02-27,C05051,PK07,AG10,2,0,2350,0.05,Completed,Bank Transfer
BK-2023-00256,2023-01-31,2023-06-27,C05529,PK14,AG11,2,1,4100,0.05,Completed,Bank Transfer
BK-2023-00257,2023-02-01,2023-08-08,C01213,PK12,AG02,2,2,5520,0.05,Completed,Card
BK-2023-00258,2023-02-01,2023-03-01,C03617,PK05,AG04,2,0,780,0.0,Completed,Card
BK-2023-00259,2023-02-01,2023-02-08,C04216,PK01,AG03,2,0,420,0.0,Completed,Card
BK-2023-00260,2023-02-01,2023-02-24,C04771,PK12,,2,0,4800,0.05,Completed,Bank Transfer
BK-2023-00261,2023-02-01,2023-03-03,C04780,PK01,AG01,1,0,420,0.0,Completed,Card
BK-2023-00262,2023-02-01,2023-02-21,C04812,PK04,,2,3,500,0.0,Completed,Card
BK-2023-00263,2023-02-01,2023-03-13,C04991,PK02,AG03,5,0,380,0.1,COMPLETED,Bank Transfer
BK-2023-00264,2023-02-01,2023-03-15,C06252,PK01,,2,0,420,0.0,Completed,Bank Transfer
BK-2023-00265,2023-02-02,2023-08-22,C00152,PK10,AG10,2,2,1025,0.0,COMPLETED,Card
BK-2023-00266,2023-02-02,2023-02-27,C00575,PK04,AG07,2,2,500,0.1,Completed,Card
BK-2023-00267,2023-02-02,2023-03-23,C00602,PK12,AG02,2,0,4800,0.0,Completed,Card
BK-2023-00268,2023-02-02,2023-10-16,C01604,PK16,AG07,2,0,5290,0.15,Completed,Card
BK-2023-00269,2023-02-02,2023-02-20,C01938,PK03,AG04,2,0,540,0.0,Completed,Card
BK-2023-00270,2023-02-02,2023-04-13,C02011,PK10,AG09,7,0,890,0.15,Completed,Bank Transfer
BK-2023-00271,2023-02-02,2023-07-19,C02773,PK12,,2,2,5520,0.0,Completed,M-Pesa
BK-2023-00272,2023-02-02,2023-03-29,C02911,PK02,AG02,2,0,380,0.0,Completed,Card
BK-2023-00273,2023-02-02,2023-02-13,C03707,PK02,AG05,2,0,380,0.0,Completed,Card
BK-2023-00274,2023-02-02,2023-02-17,C03750,PK03,,9,0,540,0.1,Completed,PayPal
BK-2023-00275,2023-02-02,2023-10-25,C04347,PK13,AG02,2,1,7130,0.0,Completed,Card
BK-2023-00276,2023-02-02,2023-06-07,C05573,PK16,AG08,2,3,4600,0.0,Completed,Card
BK-2023-00277,2023-02-03,2023-08-03,C01870,PK14,AG06,1,0,4715,0.0,Completed,Card
BK-2023-00278,2023-02-03,2023-02-16,C02281,PK02,,2,0,380,0.15,Completed,Card
BK-2023-00279,2023-02-03,2023-02-06,C02601,PK05,AG10,2,2,780,0.0,Completed,Bank Transfer
BK-2023-00280,2023-02-03,2023-04-22,C02603,PK06,AG02,5,0,1250,0.05,Completed,Bank Transfer
BK-2023-00281,2023-02-03,2023-02-15,C03484,PK11,AG08,1,0,3900,0.0,Completed,Card
BK-2023-00282,2023-02-03,2023-03-12,C04711,PK01,AG08,1,0,420,0.1,Completed,Card
BK-2023-00283,2023-02-04,2023-08-24,C00171,PK15,AG13,6,0,4485,,Completed,PayPal
BK-2023-00284,2023-02-04,2023-06-21,C00194,PK14,AG04,2,0,4100,0.0,Completed,M-Pesa
BK-2023-00285,2023-02-04,2023-07-25,C00898,PK06,AG03,2,3,1440,0.0,Completed,Card
BK-2023-00286,2023-02-04,2023-02-21,C02226,PK02,AG09,2,1,380,0.0,Completed,Bank Transfer
BK-2023-00287,2023-02-04,2023-05-03,C02480,PK06,AG05,1,0,1250,0.05,Completed,Card
BK-2023-00288,2023-02-04,2023-02-26,C03272,PK01,AG03,2,0,420,0.05,Completed,M-Pesa
BK-2023-00289,2023-02-04,2023-04-08,C04443,PK08,AG01,2,1,1180,0.0,Completed,Bank Transfer
BK-2023-00290,2023-02-04,2023-12-18,C04572,PK14,AG06,2,0,4715,,Completed,Card
BK-2023-00291,2023-02-04,2023-02-25,C05721,PK09,,9,0,2600,0.0,Completed,Bank Transfer
BK-2023-00292,2023-02-04,2023-06-20,C06496,PK10,AG07,1,0,890,0.0,Completed,Bank Transfer
BK-2023-00293,2023-02-05,2023-02-17,C00470,PK01,AG08,2,0,420,0.05,Completed,Card
BK-2023-00294,2023-02-05,2023-03-16,C01913,PK05,AG10,2,0,780,0.1,Completed,Bank Transfer
BK-2023-00295,2023-02-05,2023-09-05,C03032,PK13,,4,0,7130,0.1,Completed,Card
BK-2023-00296,2023-02-05,2023-09-25,C03092,PK12,AG13,8,0,5520,0.0,Completed,Bank Transfer
BK-2023-00297,2023-02-05,2023-04-15,C03321,PK03,,2,3,540,0.1,Completed,M-Pesa
BK-2023-00298,2023-02-05,2023-09-11,C03815,PK14,,1,0,4715,0.0,Completed,Card
BK-2023-00299,2023-02-05,2023-06-04,C04743,PK13,AG05,6,0,6200,0.05,Completed,Bank Transfer
BK-2023-00300,2023-02-05,2023-07-17,C05905,PK08,AG04,5,0,1355,0.1,Completed,Card
BK-2023-00301,2023-02-06,2023-03-10,C00544,PK03,,2,0,540,,Completed,Card
BK-2023-00302,2023-02-06,2023-07-01,C02306,PK16,AG10,2,3,5290,0.0,Completed,M-Pesa
BK-2023-00303,2023-02-06,2023-02-26,C02724,PK11,AG06,2,0,3900,0.0,Completed,PayPal
BK-2023-00304,2023-02-06,2023-03-28,C03041,PK07,AG05,2,0,2350,0.0,Completed,Card
BK-2023-00305,2023-02-06,2023-03-24,C03686,PK04,AG02,2,0,500,0.0,Cancelled,Card
BK-2023-00306,2023-02-06,2023-03-21,C04290,PK07,AG08,8,0,2350,0.0,Canceled,Card
BK-2023-00307,2023-02-06,2023-07-18,C04552,PK16,AG04,1,0,5290,0.0,Completed,M-Pesa
BK-2023-00308,2023-02-06,2023-03-30,C05063,PK10,AG04,1,0,890,0.0,Completed,Card
BK-2023-00309,2023-02-06,2023-02-21,C05919,PK01,,4,0,420,0.1,Completed,Bank Transfer
BK-2023-00310,2023-02-07,2023-04-09,C00152,PK11,AG10,2,3,3900,,Completed,PayPal
BK-2023-00311,2023-02-07,2023-03-09,C00299,PK03,AG13,6,0,540,0.05,Completed ,Card
BK-2023-00312,2023-02-07,2023-04-04,C00591,PK07,AG02,2,0,2350,0.05,Completed,Bank Transfer
BK-2023-00313,2023-02-07,2023-02-25,C01099,PK13,,2,2,6200,0.0,Completed,Card
BK-2023-00314,2023-02-07,2023-03-12,C01635,PK05,,2,0,780,0.05,Completed,Bank Transfer
BK-2023-00315,2023-02-07,2023-02-22,C02081,PK06,AG02,2,0,1250,0.05,Completed,PayPal
BK-2023-00316,2023-02-07,2023-03-30,C03615,PK03,,2,2,540,0.1,Completed,Bank Transfer
BK-2023-00317,2023-02-07,2023-05-22,C05546,PK11,AG04,2,0,3900,0.0,Completed,M-Pesa
BK-2023-00318,2023-02-07,2023-03-06,C05736,PK03,,1,0,540,0.0,Completed,M-Pesa
BK-2023-00319,2023-02-07,2023-06-02,C06239,PK06,AG09,5,0,1250,0.1,Completed,PayPal
BK-2023-00320,2023-02-08,2023-07-07,C00932,PK13,AG03,2,3,7130,0.1,Completed,Card
BK-2023-00321,2023-02-08,2023-03-28,C01717,PK02,AG11,2,3,380,0.0,Completed,Bank Transfer
BK-2023-00322,2023-02-08,2023-06-06,C01843,PK09,AG02,11,0,2600,0.1,Completed,Card
BK-2023-00323,2023-02-08,2024-10-15,C02732,PK16,AG13,8,0,5555,0.1,Completed,M-Pesa
BK-2023-00324,2023-02-08,2023-07-03,C02926,PK16,AG03,2,1,5290,0.0,Completed,Card
BK-2023-00325,2023-02-08,2023-04-28,C04522,PK12,,2,0,4800,0.0,Completed,Card
BK-2023-00326,2023-02-08,2024-07-31,C05276,PK14,,2,2,4950,0.1,Completed,M-Pesa
BK-2023-00327,2023-02-08,2023-04-14,C05290,PK06,AG04,2,1,1250,0.0,Completed,Bank Transfer
BK-2023-00328,2023-02-08,2024-02-20,C06093,PK15,AG04,2,1,4095,0.0,completed,PayPal
BK-2023-00329,2023-02-08,2023-08-21,C06206,PK16,,2,0,5290,0.0,Completed,Card
BK-2023-00330,2023-02-08,2023-03-16,C06255,PK06,,2,2,1250,0.0,COMPLETED,Bank Transfer
BK-2023-00331,2023-02-09,2023-03-31,C00303,PK07,AG11,2,0,2350,0.1,Completed,Card
BK-2023-00332,2023-02-09,2023-02-21,C01440,PK06,AG03,2,1,1250,0.05,Completed,PayPal
BK-2023-00333,2023-02-09,2023-02-13,C01529,PK04,AG11,2,3,500,0.0,Completed,Card
BK-2023-00334,2023-02-09,2023-10-07,C04114,PK12,AG11,2,0,5520,0.0,Completed,M-Pesa
BK-2023-00335,2023-02-09,2023-02-20,C04404,PK03,AG02,9,0,540,0.0,Completed,M-Pesa
BK-2023-00336,2023-02-09,2023-06-12,C05400,PK11,AG03,2,0,3900,0.0,Cancelled,PayPal
BK-2023-00337,2023-02-09,2023-07-21,C06045,PK12,,2,2,5520,0.05,Completed,Bank Transfer
BK-2023-00338,2023-02-10,2023-06-29,C00223,PK09,AG03,2,0,2600,0.0,Completed,Bank Transfer
BK-2023-00339,2023-02-10,2023-08-06,C01308,PK08,AG05,2,0,1355,0.0,Completed,Bank Transfer
BK-2023-00340,2023-02-10,2023-04-03,C01556,PK06,AG03,1,0,1250,0.0,Completed,Card
BK-2023-00341,2023-02-10,2023-02-14,C03136,PK05,AG03,2,0,780,0.0,Completed,Card
BK-2023-00342,2023-02-10,2023-03-05,C04896,PK04,AG04,6,0,500,0.1,Completed,Bank Transfer
BK-2023-00343,2023-02-11,2023-03-25,C00391,PK06,AG02,2,0,1250,0.0,Completed,Bank Transfer
BK-2023-00344,2023-02-11,2023-03-03,C01559,PK07,AG03,2,0,2350,0.0,Completed,Card
BK-2023-00345,2023-02-11,2023-07-07,C01568,PK15,AG07,8,0,4485,0.05,COMPLETED,PayPal
BK-2023-00346,2023-02-11,2023-02-25,C02589,PK05,,2,1,780,0.1,Completed,Bank Transfer
BK-2023-00347,2023-02-11,2023-02-23,C02771,PK02,AG13,5,0,380,0.05,Completed,Card
BK-2023-00348,2023-02-11,2023-10-29,C03184,PK12,AG05,2,0,5520,0.0,Completed,Bank Transfer
BK-2023-00349,2023-02-11,2023-03-04,C03240,PK02,AG01,2,0,380,0.0,Completed,M-Pesa
BK-2023-00350,2023-02-11,2023-02-23,C03432,PK02,AG10,2,3,380,0.0,Completed,Card
BK-2023-00351,2023-02-11,2023-03-08,C05959,PK02,,2,0,380,0.0,Completed,M-Pesa
BK-2023-00352,2023-02-12,2023-06-04,C00510,PK16,AG01,1,0,4600,0.0,completed,Card
BK-2023-00353,2023-02-12,2023-03-04,C03016,PK02,,2,2,380,0.0,Completed,Bank Transfer
BK-2023-00354,2023-02-12,2023-03-11,C03026,PK03,AG11,2,1,540,0.0,Completed,Bank Transfer
BK-2023-00355,2023-02-12,2023-03-14,C03131,PK04,AG03,2,2,500,0.0,Completed,Card
BK-2023-00356,2023-02-12,2023-02-16,C03422,PK11,AG03,2,0,3900,0.0,Cancelled,Bank Transfer
BK-2023-00357,2023-02-12,2023-03-29,C05388,PK09,AG03,2,0,2600,0.0,Completed,M-Pesa
BK-2023-00358,2023-02-12,2023-03-25,C05658,PK02,AG05,2,3,380,0.0,Completed,Card
BK-2023-00359,2023-02-12,2023-06-03,C06311,PK08,,8,0,1180,0.05,Completed,M-Pesa
BK-2023-00360,2023-02-13,2023-04-12,C01678,PK08,AG01,8,0,1180,,Completed,Card
BK-2023-00361,2023-02-13,2023-03-10,C02518,PK06,AG04,1,0,1250,0.0,Completed,Card
BK-2023-00362,2023-02-14,2023-03-04,C00170,PK04,AG09,2,0,500,0.15,Completed,Bank Transfer
BK-2023-00363,2023-02-14,2023-05-05,C01127,PK14,AG06,6,0,4100,0.0,Completed,M-Pesa
BK-2023-00364,2023-02-14,2023-04-30,C01898,PK06,AG07,2,0,1250,0.1,Completed,M-Pesa
BK-2023-00365,2023-02-14,2023-08-03,C01969,PK12,AG03,1,0,5520,0.0,Completed,Card
BK-2023-00366,2023-02-14,2023-05-04,C03183,PK07,AG05,1,0,2350,0.0,Completed,Card
BK-2023-00367,2023-02-14,2023-03-08,C04153,PK02,AG04,12,0,380,0.1,Completed,Bank Transfer
BK-2023-00368,2023-02-14,2023-08-05,C04878,PK14,AG04,2,1,4715,0.0,Completed,Card
BK-2023-00369,2023-02-14,2023-03-19,C05903,PK01,AG07,1,0,420,0.0,Completed,M-Pesa
BK-2023-00370,2023-02-15,2023-05-31,C01240,PK02,,2,0,380,0.0,Completed,PayPal
BK-2023-00371,2023-02-15,2023-07-29,C02473,PK06,,2,3,1440,0.0,Completed,Card
BK-2023-00372,2023-02-15,2023-07-17,C02636,PK10,AG08,2,0,1025,0.0,Canceled,Card
BK-2023-00373,2023-02-15,2023-06-13,C03830,PK12,,2,0,4800,0.0,Completed,Card
BK-2023-00374,2023-02-15,2023-06-05,C03952,PK06,AG03,2,3,1250,0.0,Completed,Bank Transfer
BK-2023-00375,2023-02-15,2023-03-06,C04187,PK01,AG04,8,0,420,0.0,Completed,Card
BK-2023-00376,2023-02-15,2023-03-11,C04689,PK06,AG06,2,0,1250,0.0,Completed,Card
BK-2023-00377,2023-02-15,2023-02-25,C05267,PK02,AG04,2,0,380,0.0,Cancelled,Card
BK-2023-00378,2023-02-15,2023-03-04,C05533,PK03,AG04,2,2,540,0.0,Cancelled,PayPal
BK-2023-00379,2023-02-16,2023-07-30,C00561,PK14,AG12,11,0,4715,0.1,Completed,Bank Transfer
BK-2023-00380,2023-02-16,2023-03-10,C00792,PK01,AG13,11,0,420,0.0,Completed,Bank Transfer
BK-2023-00381,2023-02-16,2023-08-10,C00821,PK06,AG10,2,0,1440,0.0,Completed,Bank Transfer
BK-2023-00382,2023-02-16,2023-10-02,C01677,PK17,AG13,8,0,11270,0.15,Completed,Card
BK-2023-00383,2023-02-16,2023-03-20,C02078,PK02,AG03,9,0,380,0.1,Completed,Bank Transfer
BK-2023-00384,2023-02-16,2023-03-14,C02308,PK02,AG11,2,0,380,0.0,Completed,Card
BK-2023-00385,2023-02-16,2023-02-21,C02789,PK05,AG03,1,0,780,0.05,Completed,Card
BK-2023-00386,2023-02-16,2023-03-23,C04207,PK03,,2,0,540,0.0,Completed,PayPal
BK-2023-00387,2023-02-16,2023-03-26,C04832,PK06,AG01,2,1,1250,0.05,Completed,Card
BK-2023-00388,2023-02-16,2023-03-25,C05359,PK08,AG11,1,0,1180,0.0,Completed,Card
BK-2023-00389,2023-02-16,2023-04-19,C05779,PK01,AG03,2,0,420,0.0,Completed,M-Pesa
BK-2023-00390,2023-02-16,2023-03-07,C06351,PK02,AG01,2,0,380,0.1,Completed,Bank Transfer
BK-2023-00391,2023-02-17,2023-08-28,C00077,PK17,AG04,2,2,11270,0.05,completed,Card
BK-2023-00392,2023-02-17,2023-03-10,C00408,PK05,AG02,8,0,780,0.1,Completed,Bank Transfer
BK-2023-00393,2023-02-17,2023-04-14,C01203,PK17,,2,0,9800,0.0,Completed,Card
BK-2023-00394,2023-02-17,2023-08-03,C01787,PK08,,2,0,1355,0.1,Completed,M-Pesa
BK-2023-00395,2023-02-17,2023-03-23,C02448,PK11,AG07,1,0,3900,,Completed,Card
BK-2023-00396,2023-02-17,2023-03-31,C03209,PK07,,1,0,2350,0.05,Completed,Card
BK-2023-00397,2023-02-17,2023-07-25,C03727,PK11,,2,0,4485,0.0,Completed,Card
BK-2023-00398,2023-02-17,2023-04-21,C05548,PK15,AG07,2,0,3900,0.1,Completed,Card
BK-2023-00399,2023-02-17,2023-08-15,C06179,PK06,,1,0,1440,0.15,Completed,Card
BK-2023-00400,2023-02-17,2023-03-04,C06395,PK12,AG03,2,0,4800,0.0,Completed,Bank Transfer
BK-2023-00401,2023-02-18,2023-07-21,C01771,PK15,AG01,2,0,4485,0.1,Cancelled,Card
BK-2023-00402,2023-02-18,2023-03-10,C02859,PK09,,2,0,2600,0.0,Completed,Card
BK-2023-00403,2023-02-18,2023-03-17,C03924,PK16,AG12,8,0,4600,0.15,Cancelled,PayPal
BK-2023-00404,2023-02-18,2023-02-26,C04749,PK01,AG02,2,3,420,0.15,Cancelled,Card
BK-2023-00405,2023-02-18,2023-02-28,C06351,PK04,AG10,2,0,500,0.0,Completed,PayPal
BK-2023-00406,2023-02-19,2023-05-01,C00303,PK03,AG01,2,0,540,0.0,Completed,M-Pesa
BK-2023-00407,2023-02-19,2023-09-20,C02091,PK10,,2,1,1025,0.0,Completed,M-Pesa
BK-2023-00408,2023-02-19,2023-04-05,C03122,PK03,AG02,2,0,540,0.0,Completed,Bank Transfer
BK-2023-00409,2023-02-19,2023-06-17,C04190,PK14,,2,3,4100,0.15,Completed,PayPal
BK-2023-00410,2023-02-20,2023-09-10,C00584,PK06,AG02,2,3,1440,0.05,Completed,Bank Transfer
BK-2023-00411,2023-02-20,2023-03-04,C01739,PK09,AG08,2,2,2600,0.1,Completed,Card
BK-2023-00412,2023-02-20,2023-03-07,C03469,PK01,,9,0,420,0.1,Completed,Bank Transfer
BK-2023-00413,2023-02-20,2023-03-27,C03530,PK03,,2,0,540,0.0,Completed,Card
BK-2023-00414,2023-02-20,2023-03-18,C05129,PK08,AG04,2,0,1180,0.1,Completed,Card
BK-2023-00415,2023-02-20,2023-03-29,C05727,PK16,AG02,2,0,4600,0.0,Completed,Bank Transfer
BK-2023-00416,2023-02-20,2023-05-05,C06231,PK13,AG08,2,0,6200,0.0,Completed,Card
BK-2023-00417,2023-02-21,2023-06-07,C04462,PK15,,2,1,3900,0.0,Completed ,Bank Transfer
BK-2023-00418,2023-02-21,2023-03-18,C04521,PK06,,2,3,1250,0.05,Completed,Bank Transfer
BK-2023-00419,2023-02-22,2023-07-17,C00507,PK09,AG13,11,0,2990,0.15,Completed,Card
BK-2023-00420,2023-02-22,2023-03-10,C03652,PK01,AG04,2,0,420,0.0,Completed,M-Pesa
BK-2023-00421,2023-02-22,2023-04-18,C04195,PK09,,2,3,2600,0.15,Completed,Card
BK-2023-00422,2023-02-22,2023-03-23,C04434,PK12,AG08,8,0,4800,0.1,Completed,Bank Transfer
BK-2023-00423,2023-02-22,2023-07-08,C04512,PK16,,1,0,5290,0.0,Completed,M-Pesa
BK-2023-00424,2023-02-22,2023-05-15,C05434,PK16,AG04,7,0,4600,0.1,COMPLETED,M-Pesa
BK-2023-00425,2023-02-23,2023-07-14,C00013,PK06,,2,3,1440,0.0,Completed,Card
BK-2023-00426,2023-02-23,2023-04-19,C00188,PK03,AG01,2,0,540,0.0,Completed,Card
BK-2023-00427,2023-02-23,2023-03-26,C00452,PK01,AG05,8,0,420,0.0,Completed,Card
BK-2023-00428,2023-02-23,2023-04-01,C00461,PK05,AG13,11,0,780,0.0,CANCELLED,M-Pesa
BK-2023-00429,2023-02-23,2023-07-10,C00794,PK14,,2,0,4715,0.1,Completed,Card
BK-2023-00430,2023-02-23,2023-04-18,C02042,PK08,AG02,2,0,1180,0.0,Completed,Bank Transfer
BK-2023-00431,2023-02-23,2023-03-08,C02388,PK05,AG03,2,0,780,0.05,Completed,Card
BK-2023-00432,2023-02-23,2023-06-14,C03846,PK06,AG10,1,0,1250,0.1,Completed,Bank Transfer
BK-2023-00433,2023-02-23,2023-03-09,C05577,PK01,AG03,9,0,420,0.1,Completed,M-Pesa
BK-2023-00434,2023-02-24,2023-06-13,C01617,PK12,,2,2,4800,0.1,Completed,PayPal
BK-2023-00435,2023-02-24,2023-04-13,C03481,PK01,,1,0,420,0.05,Cancelled,Card
BK-2023-00436,2023-02-24,2023-10-18,C03694,PK15,AG06,8,0,4485,0.05,Completed,PayPal
BK-2023-00437,2023-02-24,2023-10-05,C04068,PK14,AG08,4,0,4715,0.05,Completed,M-Pesa
BK-2023-00438,2023-02-24,2023-07-16,C05000,PK10,AG01,1,0,1025,,Completed,Card
BK-2023-00439,2023-02-24,2023-08-26,C06062,PK09,AG03,5,0,2990,0.0,Completed,Bank Transfer
BK-2023-00440,2023-02-25,2023-04-30,C00941,PK07,,2,3,2350,0.0,Completed,Bank Transfer
BK-2023-00441,2023-02-25,2023-03-16,C01503,PK08,,2,0,1180,0.15,Canceled,M-Pesa
BK-2023-00442,2023-02-25,2023-12-07,C01957,PK12,AG04,2,0,5520,0.1,Completed,Card
BK-2023-00443,2023-02-25,2023-04-11,C02126,PK01,AG07,2,2,420,0.0,Completed,Card
BK-2023-00444,2023-02-25,2023-06-30,C03558,PK06,AG02,2,3,1250,0.0,Cancelled,Bank Transfer
BK-2023-00445,2023-02-25,2023-05-22,C04064,PK13,AG02,1,0,6200,0.0,Completed,Bank Transfer
BK-2023-00446,2023-02-25,2023-11-04,C04653,PK13,AG09,7,0,6200,0.1,Cancelled,Bank Transfer
BK-2023-00447,2023-02-25,2023-04-19,C05465,PK09,,2,0,2600,0.0,Cancelled,Bank Transfer
BK-2023-00448,2023-02-25,2023-03-22,C06030,PK01,,2,0,420,0.0,Completed,Bank Transfer
BK-2023-00449,2023-02-26,2023-06-11,C01209,PK09,,1,0,2600,0.1,Completed,Card
BK-2023-00450,2023-02-26,2023-09-13,C01590,PK06,AG03,1,0,1440,0.0,completed,Card
BK-2023-00451,2023-02-26,2023-12-15,C02378,PK16,,2,0,5290,0.0,Completed,M-Pesa
BK-2023-00452,2023-02-26,2023-04-20,C03444,PK07,,2,0,2350,0.0,Completed,Bank Transfer
BK-2023-00453,2023-02-26,2023-09-01,C05745,PK16,AG09,2,0,5290,0.1,Completed,Card
BK-2023-00454,2023-02-26,2023-06-19,C05768,PK12,AG12,7,0,4800,0.1,Completed,Card
BK-2023-00455,2023-02-26,2023-03-20,C05876,PK03,AG06,1,0,540,0.0,Completed,PayPal
BK-2023-00456,2023-02-27,2023-08-28,C00624,PK15,AG05,2,1,4485,0.1,Completed,Card
BK-2023-00457,2023-02-27,2023-09-29,C01306,PK12,AG01,1,0,5520,0.15,Completed,Card
BK-2023-00458,2023-02-27,2023-03-20,C01724,PK08,,2,3,1180,0.15,Completed,Bank Transfer
BK-2023-00459,2023-02-27,2023-07-31,C05356,PK17,AG10,9,0,11270,0.0,Completed,Card
BK-2023-00460,2023-02-27,2023-08-21,C05391,PK10,AG02,2,2,1025,0.0,Completed,M-Pesa
BK-2023-00461,2023-02-28,2023-07-04,C00476,PK08,AG03,2,0,1355,0.1,Completed,Card
BK-2023-00462,2023-02-28,2023-03-09,C01904,PK11,AG04,2,3,3900,0.05,Completed,Bank Transfer
BK-2023-00463,2023-02-28,2023-07-23,C04701,PK16,,2,0,5290,0.1,Completed,M-Pesa
BK-2023-00464,2023-02-28,2023-07-03,C05747,PK08,AG04,2,0,1355,0.15,Completed,Bank Transfer
BK-2023-00465,2023-02-28,2023-06-26,C06001,PK15,AG03,7,0,3900,0.05,Completed,Card
BK-2023-00466,2023-02-28,2023-03-07,C06014,PK02,AG02,6,0,380,0.15,completed,Card
BK-2023-00467,2023-02-28,2023-09-24,C06377,PK13,,2,0,7130,0.0,Completed,Card
BK-2023-00468,2023-03-01,2023-03-09,C01273,PK01,AG12,4,0,420,0.0,Completed,Bank Transfer
BK-2023-00469,2023-03-01,2023-07-01,C01947,PK15,AG09,2,3,4485,0.05,Cancelled,PayPal
BK-2023-00470,2023-03-01,2023-07-04,C03396,PK11,AG02,2,0,4485,0.0,Completed,Bank Transfer
BK-2023-00471,2023-03-01,2023-06-16,C03901,PK14,,6,0,4100,0.1,Cancelled,Bank Transfer
BK-2023-00472,2023-03-01,2023-04-12,C04064,PK06,AG11,1,0,1250,0.05,Completed,Card
BK-2023-00473,2023-03-01,2023-03-25,C06121,PK07,,2,0,2350,0.1,Completed,Bank Transfer
BK-2023-00474,2023-03-01,2023-07-30,C06238,PK09,AG01,9,0,2990,0.1,Completed,Card
BK-2023-00475,2023-03-01,2023-03-21,C06461,PK03,AG07,7,0,540,0.1,Completed,PayPal
BK-2023-00476,2023-03-02,2023-09-19,C00132,PK17,AG09,2,0,11270,0.0,Completed,Bank Transfer
BK-2023-00477,2023-03-02,2023-08-21,C00177,PK13,AG01,2,0,7130,0.0,Completed,Card
BK-2023-00478,2023-03-02,2023-03-21,C01624,PK02,AG09,2,2,380,0.1,Completed,Card
BK-2023-00479,2023-03-02,2023-04-11,C02249,PK03,AG04,2,3,540,0.0,Completed,Bank Transfer
BK-2023-00480,2023-03-02,2023-08-30,C02367,PK12,AG02,2,0,5520,0.0,Completed,Card
BK-2023-00481,2023-03-02,2023-04-01,C03187,PK04,AG06,2,2,500,0.15,Completed,Card
BK-2023-00482,2023-03-02,2023-06-19,C03391,PK17,,2,1,9800,0.0,Completed,Card
BK-2023-00483,2023-03-02,2023-03-29,C05739,PK01,,1,0,420,0.0,Completed,Bank Transfer
BK-2023-00484,2023-03-02,2023-03-11,C06257,PK03,AG11,2,0,540,0.0,Completed,Bank Transfer
BK-2023-00485,2023-03-03,2023-06-29,C00998,PK15,AG02,7,0,3900,,Completed,Card
BK-2023-00486,2023-03-03,2023-04-09,C01985,PK04,AG11,2,0,500,0.0,Completed ,Card
BK-2023-00487,2023-03-03,2023-08-29,C02336,PK09,AG07,2,0,2990,0.0,COMPLETED,PayPal
BK-2023-00488,2023-03-03,2023-03-13,C03205,PK05,AG03,2,0,780,0.15,Completed,Bank Transfer
BK-2023-00489,2023-03-03,2023-03-24,C03342,PK06,AG03,2,3,1250,0.0,Completed,Bank Transfer
BK-2023-00490,2023-03-03,2023-03-08,C03441,PK03,AG13,3,0,540,0.05,Completed,M-Pesa
BK-2023-00491,2023-03-03,2023-08-05,C04219,PK17,AG02,2,0,11270,0.0,Cancelled,Card
BK-2023-00492,2023-03-03,2023-06-13,C06286,PK12,AG06,2,2,4800,0.0,Completed,Bank Transfer
BK-2023-00493,2023-03-04,2023-06-18,C00207,PK06,AG04,1,0,1250,0.05,Completed,M-Pesa
BK-2023-00494,2023-03-04,2023-04-24,C00379,PK07,,1,0,2350,0.05,cancelled,PayPal
BK-2023-00495,2023-03-04,2023-07-22,C00834,PK08,AG03,2,3,1355,0.0,Completed,Card
BK-2023-00496,2023-03-04,2023-04-10,C01480,PK03,AG01,1,0,540,,Completed ,Card
BK-2023-00497,2023-03-04,2023-06-03,C02721,PK09,AG04,6,0,2600,0.1,Completed,Card
BK-2023-00498,2023-03-04,2023-07-19,C03052,PK13,,2,0,7130,0.0,Completed,Card
BK-2023-00499,2023-03-04,2023-03-12,C03079,PK05,,2,0,780,0.0,Completed,Bank Transfer
BK-2023-00500,2023-03-04,2023-04-20,C04923,PK01,AG05,8,0,420,0.15,CANCELLED,Bank Transfer
BK-2023-00501,2023-03-04,2023-07-15,C05109,PK17,AG13,5,0,11270,0.1,Completed,Card
BK-2023-00502,2023-03-05,2023-06-23,C00711,PK14,AG05,8,0,4100,0.0,Completed,Card
BK-2023-00503,2023-03-05,2023-03-27,C00804,PK11,AG07,2,0,3900,0.05,Completed,Bank Transfer
BK-2023-00504,2023-03-05,2023-05-23,C03173,PK10,AG03,5,0,890,0.1,Completed,Bank Transfer
BK-2023-00505,2023-03-05,2023-06-08,C03764,PK07,AG11,2,0,2350,0.0,Completed,Bank Transfer
BK-2023-00506,2023-03-05,2023-04-07,C05443,PK13,AG02,2,0,6200,,Cancelled,Card
BK-2023-00507,2023-03-06,2023-10-13,C03009,PK15,AG09,9,0,4485,0.1,Completed,Bank Transfer
BK-2023-00508,2023-03-06,2023-05-17,C03528,PK09,AG05,1,0,2600,0.1,Completed,M-Pesa
BK-2023-00509,2023-03-06,2023-08-07,C03863,PK17,,1,0,11270,0.05,completed,Card
BK-2023-00510,2023-03-06,2023-03-30,C04480,PK02,AG03,2,2,380,0.0,Completed,Bank Transfer
BK-2023-00511,2023-03-06,2023-05-29,C05877,PK15,AG07,2,1,3900,0.0,Completed,PayPal
BK-2023-00512,2023-03-06,2023-12-16,C06200,PK14,AG04,2,0,4715,0.15,Completed,Bank Transfer
BK-2023-00513,2023-03-07,2023-04-21,C02970,PK12,AG04,8,0,4800,0.15,Completed,Card
BK-2023-00514,2023-03-07,2024-01-22,C04374,PK13,AG08,2,0,7485,0.05,Completed,Bank Transfer
BK-2023-00515,2023-03-07,2023-06-23,C05836,PK14,AG08,1,0,4100,0.1,Completed,Bank Transfer
BK-2023-00516,2023-03-08,2023-07-01,C00355,PK07,AG08,2,0,2700,0.0,Completed,Card
BK-2023-00517,2023-03-08,2023-06-08,C00699,PK09,AG03,2,0,2600,0.0,Completed,Bank Transfer
BK-2023-00518,2023-03-08,2023-08-26,C01912,PK06,AG09,2,3,1440,0.0,Completed,PayPal
BK-2023-00519,2023-03-08,2023-04-10,C02136,PK10,,2,2,890,0.1,Completed,Card
BK-2023-00520,2023-03-08,2023-03-18,C02506,PK12,,11,0,4800,0.1,Completed,Bank Transfer
BK-2023-00521,2023-03-08,2023-05-12,C04283,PK08,AG07,2,0,1180,0.05,Completed,Bank Transfer
BK-2023-00522,2023-03-08,2023-08-05,C04806,PK12,,2,2,5520,0.0,Completed,Card
BK-2023-00523,2023-03-09,2023-07-11,C00364,PK08,,6,0,1355,0.1,Completed,Card
BK-2023-00524,2023-03-09,2023-06-25,C01221,PK12,AG07,2,0,4800,0.0,Completed ,Bank Transfer
BK-2023-00525,2023-03-09,2023-08-26,C01588,PK11,AG02,4,0,4485,0.0,Canceled,Bank Transfer
BK-2023-00526,2023-03-09,2023-05-03,C02593,PK01,AG01,2,0,420,0.0,Completed,Card
BK-2023-00527,2023-03-09,2023-04-09,C02884,PK16,AG06,6,0,4600,0.1,Completed,Bank Transfer
BK-2023-00528,2023-03-09,2023-06-18,C03330,PK11,AG03,1,0,3900,0.05,COMPLETED,PayPal
BK-2023-00529,2023-03-09,2023-08-30,C03644,PK15,,2,0,4485,0.0,Completed,Card
BK-2023-00530,2023-03-09,2023-03-25,C03990,PK01,AG03,2,3,420,0.05,Completed ,PayPal
BK-2023-00531,2023-03-09,2023-04-30,C04784,PK03,AG12,8,0,540,0.0,Completed,Card
BK-2023-00532,2023-03-09,2023-05-24,C04802,PK14,,1,0,4100,0.05,Completed,M-Pesa
BK-2023-00533,2023-03-09,2023-03-29,C05484,PK02,AG11,2,0,380,0.0,Completed,Card
BK-2023-00534,2023-03-09,2023-09-25,C05522,PK11,AG06,2,2,4485,0.0,Completed,M-Pesa
BK-2023-00535,2023-03-10,2023-12-07,C00756,PK13,AG04,2,0,7130,0.0,Completed,Card
BK-2023-00536,2023-03-10,2023-05-03,C01167,PK11,AG03,2,1,3900,0.0,Completed,M-Pesa
BK-2023-00537,2023-03-10,2023-04-17,C01197,PK10,AG04,9,0,890,0.05,Completed,M-Pesa
BK-2023-00538,2023-03-10,2023-03-28,C01585,PK11,,1,0,3900,0.0,Completed,PayPal
BK-2023-00539,2023-03-10,2023-08-16,C03331,PK17,AG03,2,0,11270,0.0,Canceled,Bank Transfer
BK-2023-00540,2023-03-10,2023-03-23,C04985,PK03,,2,0,540,0.05,Cancelled,Card
BK-2023-00541,2023-03-11,2023-04-14,C00559,PK01,AG07,2,2,420,0.15,completed,Bank Transfer
BK-2023-00542,2023-03-11,2023-06-12,C01551,PK06,AG13,7,0,1250,0.0,Completed,Bank Transfer
BK-2023-00543,2023-03-11,2023-04-21,C03625,PK16,AG08,2,0,4600,0.0,Completed,Card
BK-2023-00544,2023-03-11,2023-03-23,C03704,PK04,AG02,1,0,500,0.05,Completed,Card
BK-2023-00545,2023-03-11,2023-07-19,C04389,PK09,AG11,2,0,2990,0.0,Completed,Card
BK-2023-00546,2023-03-11,2023-03-25,C04418,PK09,AG02,1,0,2600,0.1,Completed,Card
BK-2023-00547,2023-03-12,2023-04-11,C00576,PK02,,2,3,380,0.0,Completed,PayPal
BK-2023-00548,2023-03-12,2023-05-14,C00997,PK10,AG01,1,0,890,0.05,Completed,Card
BK-2023-00549,2023-03-12,2023-08-02,C01263,PK09,AG13,5,0,2990,0.1,Completed,Card
BK-2023-00550,2023-03-12,2023-04-02,C01536,PK02,AG09,2,0,380,0.0,Completed,Card
BK-2023-00551,2023-03-12,2023-03-31,C02104,PK12,,2,0,4800,0.0,COMPLETED,Card
BK-2023-00552,2023-03-12,2023-03-22,C05056,PK09,AG03,2,0,2600,0.0,Completed,Card
BK-2023-00553,2023-03-12,2023-05-04,C06437,PK03,AG07,2,3,540,0.0,Canceled,Card
BK-2023-00554,2023-03-13,2023-06-15,C01539,PK07,AG11,1,0,2350,0.0,Completed ,PayPal
BK-2023-00555,2023-03-13,2023-03-22,C01610,PK01,AG05,2,1,420,0.0,Completed,Card
BK-2023-00556,2023-03-13,2023-06-24,C02099,PK10,AG10,2,2,890,0.05,Cancelled,Card
BK-2023-00557,2023-03-13,2023-07-23,C02672,PK06,AG03,1,0,1440,0.0,Completed,Card
BK-2023-00558,2023-03-13,2023-03-23,C03078,PK01,,7,0,420,0.1,Completed,Card
BK-2023-00559,2023-03-13,2023-10-04,C06454,PK13,AG03,2,0,7130,0.0,Completed,Card
BK-2023-00560,2023-03-14,2023-07-07,C01658,PK13,,2,0,7130,0.0,completed,Card
BK-2023-00561,2023-03-14,2023-06-23,C01664,PK07,AG01,2,0,2350,0.1,Completed,Card
BK-2023-00562,2023-03-14,2023-03-26,C01884,PK03,AG10,7,0,540,0.15,Completed,M-Pesa
BK-2023-00563,2023-03-14,2023-09-29,C02211,PK13,AG08,2,0,7130,0.05,Completed,Card
BK-2023-00564,2023-03-14,2023-07-07,C03188,PK08,AG06,5,0,1355,0.1,Completed,Card
BK-2023-00565,2023-03-14,2023-04-07,C03983,PK01,,2,3,420,0.05,Completed,Card
BK-2023-00566,2023-03-14,2023-09-03,C05718,PK13,AG07,2,1,7130,0.0,Completed,Card
BK-2023-00567,2023-03-15,2023-07-18,C00857,PK13,AG04,2,0,7130,0.05,Completed,Card
BK-2023-00568,2023-03-15,2023-04-02,C01972,PK12,,2,0,4800,0.0,Completed,PayPal
BK-2023-00569,2023-03-15,2023-09-19,C02293,PK10,,2,2,1025,0.0,Completed,M-Pesa
BK-2023-00570,2023-03-15,2023-11-16,C02728,PK15,AG02,2,3,3900,0.1,Completed,Card
BK-2023-00571,2023-03-15,2023-04-02,C03367,PK05,AG08,2,2,780,0.05,Cancelled,Card
BK-2023-00572,2023-03-15,2023-04-04,C04971,PK07,AG05,2,0,2350,0.0,Completed,PayPal
BK-2023-00573,2023-03-16,2023-09-08,C00723,PK17,AG04,2,2,11270,0.0,Canceled,Card
BK-2023-00574,2023-03-16,2023-08-05,C01034,PK13,AG03,2,1,7130,0.1,Completed,Card
BK-2023-00575,2023-03-16,2023-10-28,C01378,PK15,AG04,2,0,4485,0.0,Completed,Bank Transfer
BK-2023-00576,2023-03-16,2023-08-18,C01878,PK06,,2,0,1440,0.05,Completed,Card
BK-2023-00577,2023-03-16,2023-04-18,C01997,PK09,AG03,2,1,2600,0.0,Completed,Card
BK-2023-00578,2023-03-16,2023-08-01,C02157,PK13,,5,0,7130,0.1,Completed,PayPal
BK-2023-00579,2023-03-16,2023-06-22,C03918,PK12,AG02,2,3,4800,0.1,Completed,Card
BK-2023-00580,2023-03-16,2023-04-22,C04226,PK01,,2,2,420,0.0,Completed,Card
BK-2023-00581,2023-03-16,2023-11-12,C04288,PK12,,7,0,4800,0.0,Completed,Card
BK-2023-00582,2023-03-16,2023-04-09,C04726,PK03,AG09,2,3,540,0.0,Completed,Bank Transfer
BK-2023-00583,2023-03-17,2023-05-05,C00491,PK05,AG01,8,0,780,0.1,Completed,Card
BK-2023-00584,2023-03-17,2023-07-17,C01873,PK01,AG04,2,2,485,0.0,Completed,Bank Transfer
BK-2023-00585,2023-03-17,2024-03-30,C04400,PK17,,2,0,10290,0.0,Canceled,M-Pesa
BK-2023-00586,2023-03-17,2023-05-12,C04765,PK10,,2,2,890,0.1,Completed,Card
BK-2023-00587,2023-03-17,2023-06-25,C06221,PK14,AG05,2,0,4100,0.0,Completed,Card
BK-2023-00588,2023-03-17,2023-08-18,C06305,PK12,AG13,11,0,5520,0.1,Completed,Card
BK-2023-00589,2023-03-18,2023-04-12,C00360,PK05,,2,2,780,0.0,Completed,Bank Transfer
BK-2023-00590,2023-03-18,2023-07-27,C01013,PK17,,2,1,11270,0.0,Completed,Bank Transfer
BK-2023-00591,2023-03-18,2023-05-13,C02521,PK08,AG04,2,0,1180,0.1,Completed ,PayPal
BK-2023-00592,2023-03-18,2023-04-08,C03471,PK05,,1,0,780,0.0,Completed,Bank Transfer
BK-2023-00593,2023-03-18,2023-07-25,C04427,PK08,,1,0,1355,0.0,Completed,Bank Transfer
BK-2023-00594,2023-03-18,2023-07-03,C04639,PK15,AG08,1,0,4485,0.0,Completed,PayPal
BK-2023-00595,2023-03-18,2023-07-30,C05381,PK12,AG03,1,0,5520,0.0,Completed,Bank Transfer
BK-2023-00596,2023-03-18,2023-04-24,C05716,PK03,,2,0,540,0.0,Completed,Bank Transfer
BK-2023-00597,2023-03-19,2023-06-12,C01124,PK02,,4,0,380,0.05,Completed,M-Pesa
BK-2023-00598,2023-03-19,2023-06-04,C01355,PK08,AG11,2,0,1180,0.0,Completed,M-Pesa
BK-2023-00599,2023-03-19,2023-05-24,C04654,PK01,AG01,2,0,420,0.0,Completed,Card
BK-2023-00600,2023-03-19,2023-06-29,C05581,PK16,,1,0,4600,0.0,Completed,M-Pesa
BK-2023-00601,2023-03-19,2023-08-07,C06488,PK12,AG07,2,0,5520,0.05,Completed,PayPal
BK-2023-00602,2023-03-20,2023-10-05,C02096,PK12,AG13,4,0,5520,0.1,Completed,PayPal
BK-2023-00603,2023-03-20,2023-10-01,C02598,PK16,AG11,1,0,5290,0.0,Completed,Card
BK-2023-00604,2023-03-20,2023-05-01,C03069,PK08,AG02,2,0,1180,0.1,Completed,Card
BK-2023-00605,2023-03-20,2023-05-18,C05963,PK02,AG03,1,0,380,0.0,Completed,Card
BK-2023-00606,2023-03-20,2023-05-22,C05964,PK01,,1,0,420,0.0,Completed,Bank Transfer
BK-2023-00607,2023-03-21,2023-06-03,C00658,PK06,,1,0,1250,0.0,Completed,Bank Transfer
BK-2023-00608,2023-03-21,2023-11-01,C01146,PK12,AG02,2,0,4800,0.05,Completed,Bank Transfer
BK-2023-00609,2023-03-21,2023-07-04,C01480,PK14,,1,0,4715,0.0,Completed,Card
BK-2023-00610,2023-03-21,2023-06-24,C02496,PK14,AG06,6,0,4100,0.0,Completed,PayPal
BK-2023-00611,2023-03-21,2023-07-11,C02895,PK13,,2,3,7130,0.0,Completed,Bank Transfer
BK-2023-00612,2023-03-21,2023-07-16,C03205,PK11,AG05,2,0,4485,0.0,Completed,Card
BK-2023-00613,2023-03-21,2023-06-19,C04924,PK09,AG03,9,0,2600,0.0,Completed,Card
BK-2023-00614,2023-03-21,2023-09-20,C05555,PK12,AG10,2,0,5520,0.0,Completed,M-Pesa
BK-2023-00615,2023-03-21,2023-04-11,C05626,PK03,AG02,2,0,540,0.0,Completed,Bank Transfer
BK-2023-00616,2023-03-21,2023-07-26,C05714,PK06,AG10,2,2,1440,,Completed,Card
BK-2023-00617,2023-03-22,2023-10-09,C00541,PK12,AG06,2,0,5520,0.0,Completed,Card
BK-2023-00618,2023-03-22,2023-07-01,C00698,PK06,AG02,6,0,1440,0.0,Completed,Card
BK-2023-00619,2023-03-22,2023-08-17,C00866,PK12,AG03,8,0,5520,0.05,Cancelled,Bank Transfer
BK-2023-00620,2023-03-22,2023-07-30,C01811,PK14,AG04,2,1,4715,0.0,Completed,Card
BK-2023-00621,2023-03-22,2024-03-29,C02584,PK12,AG02,8,0,5040,0.05,Cancelled,Bank Transfer
BK-2023-00622,2023-03-22,2023-05-19,C03046,PK06,AG06,2,0,1250,0.0,Completed,Card
BK-2023-00623,2023-03-22,2023-08-15,C04076,PK12,AG09,2,0,5520,0.0,Completed,Bank Transfer
BK-2023-00624,2023-03-22,2023-04-19,C04793,PK06,,2,0,1250,0.0,Completed,Card
BK-2023-00625,2023-03-23,2023-04-30,C00344,PK12,AG03,2,0,4800,0.0,Completed ,Card
BK-2023-00626,2023-03-23,2023-05-04,C02219,PK04,AG11,1,0,500,0.0,Completed,Card
BK-2023-00627,2023-03-23,2023-07-09,C02514,PK06,,2,0,1440,0.05,Completed,Card
BK-2023-00628,2023-03-23,2023-06-23,C03740,PK04,,1,0,500,0.0,Completed,Bank Transfer
BK-2023-00629,2023-03-23,2023-04-11,C04019,PK02,AG07,1,0,380,0.05,Completed,Card
BK-2023-00630,2023-03-23,2023-06-12,C04561,PK14,AG01,2,2,4100,0.0,Completed,Card
BK-2023-00631,2023-03-23,2023-04-21,C06010,PK06,AG02,12,0,1250,0.0,Completed,Bank Transfer
BK-2023-00632,2023-03-23,2023-06-11,C06128,PK05,,2,0,780,0.0,Completed,Card
BK-2023-00633,2023-03-23,2023-04-05,C06334,PK01,,2,2,420,0.0,Cancelled,Bank Transfer
BK-2023-00634,2023-03-24,2023-10-23,C01799,PK17,,1,0,11270,0.0,Completed,Card
BK-2023-00635,2023-03-24,2023-09-01,C03266,PK03,,2,0,620,0.0,COMPLETED,M-Pesa
BK-2023-00636,2023-03-24,2023-07-02,C04093,PK09,,2,0,2990,0.0,Completed,Card
BK-2023-00637,2023-03-24,2023-03-29,C04430,PK13,AG08,1,0,6200,0.05,Completed,Card
BK-2023-00638,2023-03-24,2023-03-27,C05643,PK05,AG02,2,1,780,0.05,Completed,Bank Transfer
BK-2023-00639,2023-03-25,2023-08-22,C04209,PK15,AG03,1,0,4485,0.0,Completed,Card
BK-2023-00640,2023-03-25,2023-07-09,C04917,PK03,,5,0,620,0.0,completed,Bank Transfer
BK-2023-00641,2023-03-25,2024-03-20,C05736,PK16,AG04,1,0,4830,0.0,Completed,PayPal
BK-2023-00642,2023-03-26,2023-05-12,C00388,PK08,AG09,1,0,1180,0.0,Completed,PayPal
BK-2023-00643,2023-03-26,2023-06-25,C00566,PK06,AG04,2,0,1250,0.0,Completed,Card
BK-2023-00644,2023-03-26,2023-12-25,C01703,PK16,AG11,2,1,5290,0.0,Completed,Card
BK-2023-00645,2023-03-26,2023-05-01,C02042,PK04,AG02,2,0,500,0.0,Completed,Card
BK-2023-00646,2023-03-26,2023-04-28,C04430,PK13,AG04,1,0,6200,,COMPLETED,M-Pesa
BK-2023-00647,2023-03-26,2023-07-05,C05444,PK13,AG04,2,1,7130,0.0,Completed,Bank Transfer
BK-2023-00648,2023-03-26,2023-05-19,C06468,PK07,,9,0,2350,0.1,Completed,Bank Transfer
BK-2023-00649,2023-03-27,2023-05-29,C02193,PK10,AG10,2,0,890,0.0,Completed,Card
BK-2023-00650,2023-03-27,2023-07-29,C04518,PK14,AG02,2,1,4715,0.1,Completed ,Card
BK-2023-00651,2023-03-28,2023-07-06,C00462,PK06,,7,0,1440,0.05,Completed,Card
BK-2023-00652,2023-03-28,2023-07-08,C02478,PK14,AG03,7,0,4715,0.05,Canceled,M-Pesa
BK-2023-00653,2023-03-28,2023-07-23,C06069,PK06,AG04,11,0,1440,0.1,Completed,Bank Transfer
BK-2023-00654,2023-03-29,2023-04-15,C01987,PK04,AG06,2,0,500,0.0,Completed,Card
BK-2023-00655,2023-03-29,2023-08-01,C03195,PK05,AG04,2,0,895,0.0,Completed ,Card
BK-2023-00656,2023-03-29,2023-05-07,C03403,PK02,AG05,2,0,380,0.0,Cancelled,Bank Transfer
BK-2023-00657,2023-03-29,2023-07-09,C03832,PK17,AG07,2,0,11270,0.15,Completed,Card
BK-2023-00658,2023-03-29,2023-07-31,C04633,PK13,AG10,2,0,7130,0.0,Completed,M-Pesa
BK-2023-00659,2023-03-29,2023-07-21,C05475,PK12,,2,0,5520,0.0,completed,Bank Transfer
BK-2023-00660,2023-03-30,2023-07-13,C02444,PK12,,5,0,5520,0.05,Completed,Card
BK-2023-00661,2023-03-30,2023-07-21,C03749,PK17,,2,1,11270,0.0,Completed,Bank Transfer
BK-2023-00662,2023-03-30,2023-05-03,C05431,PK16,,2,0,4600,0.0,Completed,PayPal
BK-2023-00663,2023-03-31,2023-07-22,C02176,PK16,,2,3,5290,0.05,Completed,Card
BK-2023-00664,2023-03-31,2023-08-16,C02428,PK06,,1,0,1440,,Completed,PayPal
BK-2023-00665,2023-03-31,2023-07-02,C03285,PK10,AG03,2,3,1025,0.05,Completed,Bank Transfer
BK-2023-00666,2023-03-31,2023-09-05,C03297,PK09,,2,0,2990,0.0,Completed,Card
BK-2023-00667,2023-03-31,2023-05-30,C05560,PK09,AG03,2,2,2600,0.0,Completed,Card
BK-2023-00668,2023-03-31,2023-06-25,C06361,PK13,AG03,2,0,6200,0.05,Completed,PayPal
BK-2023-00669,2023-04-01,2023-07-09,C00062,PK17,,8,0,11270,0.0,Completed,Card
BK-2023-00670,2023-04-01,2023-09-07,C01645,PK06,AG08,2,1,1440,0.1,COMPLETED,Card
BK-2023-00671,2023-04-01,2023-07-17,C01855,PK06,,2,1,1440,0.0,Completed,M-Pesa
BK-2023-00672,2023-04-01,2023-07-19,C02342,PK12,AG01,5,0,5520,0.0,Completed,Card
BK-2023-00673,2023-04-01,2023-10-08,C02437,PK06,AG01,1,0,1440,0.05,Completed,Card
BK-2023-00674,2023-04-01,2023-08-01,C04246,PK14,,1,0,4715,0.15,Canceled,Bank Transfer
BK-2023-00675,2023-04-01,2023-04-15,C04465,PK13,AG07,1,0,6200,0.0,Completed,Card
BK-2023-00676,2023-04-01,2023-05-20,C05128,PK09,AG05,2,0,2600,0.1,Completed,Bank Transfer
BK-2023-00677,2023-04-01,2023-07-13,C05408,PK14,AG04,2,0,4715,0.0,Completed,Card
BK-2023-00678,2023-04-02,2023-06-11,C00320,PK15,,2,0,3900,0.05,Completed ,M-Pesa
BK-2023-00679,2023-04-02,2023-04-24,C02408,PK01,AG12,10,0,420,0.0,Completed,Card
BK-2023-00680,2023-04-02,2023-04-24,C03825,PK06,,2,1,1250,0.0,Completed,Card
BK-2023-00681,2023-04-02,2023-07-03,C03840,PK09,,2,0,2990,0.0,Completed,Bank Transfer
BK-2023-00682,2023-04-02,2023-08-03,C04285,PK11,AG03,2,0,4485,0.0,Canceled,Card
BK-2023-00683,2023-04-02,2023-05-30,C04495,PK02,AG03,2,3,380,0.0,Completed,Card
BK-2023-00684,2023-04-02,2023-07-28,C05743,PK10,AG11,8,0,1025,0.0,Completed,Card
BK-2023-00685,2023-04-02,2023-08-10,C05976,PK15,AG06,2,0,4485,0.05,Cancelled,Bank Transfer
BK-2023-00686,2023-04-02,2024-01-20,C05981,PK12,AG02,2,3,5795,0.0,Completed,M-Pesa
BK-2023-00687,2023-04-02,2023-08-20,C06073,PK15,AG02,2,0,4485,0.05,Completed ,Card
BK-2023-00688,2023-04-03,2023-06-10,C00449,PK10,AG03,2,2,890,0.0,Completed,Bank Transfer
BK-2023-00689,2023-04-03,2023-07-11,C02410,PK09,AG07,2,0,2990,0.05,Completed,Card
BK-2023-00690,2023-04-03,2023-05-15,C02639,PK07,AG01,11,0,2350,0.1,Completed,Bank Transfer
BK-2023-00691,2023-04-03,2023-05-06,C03522,PK14,,2,0,4100,0.05,Completed,Card
BK-2023-00692,2023-04-03,2023-07-09,C03552,PK09,AG07,2,0,2990,0.05,Completed,Card
BK-2023-00693,2023-04-03,2023-07-14,C03642,PK16,,5,0,5290,0.0,Completed,Card
BK-2023-00694,2023-04-03,2023-09-10,C04015,PK07,AG03,2,2,2700,0.15,Completed,Bank Transfer
BK-2023-00695,2023-04-03,2023-06-14,C04234,PK09,AG04,2,1,2600,0.0,Completed ,Card
BK-2023-00696,2023-04-03,2023-07-26,C05787,PK10,AG10,6,0,1025,0.15,Completed,Card
BK-2023-00697,2023-04-04,2023-08-25,C01909,PK17,AG04,2,1,11270,0.1,Completed,PayPal
BK-2023-00698,2023-04-04,2023-09-25,C02417,PK12,,2,1,5520,0.0,Completed,Card
BK-2023-00699,2023-04-04,2023-08-13,C03906,PK14,AG05,1,0,4715,0.0,Canceled,PayPal
BK-2023-00700,2023-04-04,2023-05-11,C04102,PK15,AG04,5,0,3900,0.0,Completed,Bank Transfer
BK-2023-00701,2023-04-04,2023-06-10,C04334,PK11,AG06,7,0,3900,0.0,Completed,Card
BK-2023-00702,2023-04-04,2023-11-09,C04503,PK09,,2,3,2600,0.1,Completed,M-Pesa
BK-2023-00703,2023-04-04,2023-04-24,C04553,PK09,AG06,1,0,2600,0.0,Completed,Bank Transfer
BK-2023-00704,2023-04-04,2023-05-09,C05313,PK06,AG01,2,1,1250,0.15,Completed,PayPal
BK-2023-00705,2023-04-04,2023-05-07,C05324,PK03,,1,0,540,0.0,Completed,Bank Transfer
BK-2023-00706,2023-04-04,2023-07-02,C05344,PK08,AG01,2,0,1355,0.0,Completed,Card
BK-2023-00707,2023-04-04,2023-07-15,C05583,PK08,AG05,2,0,1355,0.15,Completed,Bank Transfer
BK-2023-00708,2023-04-04,2023-08-27,C06106,PK16,AG06,2,3,5290,0.0,Cancelled,Bank Transfer
BK-2023-00709,2023-04-05,2023-05-11,C00205,PK02,AG09,2,0,380,0.0,Completed,Card
BK-2023-00710,2023-04-05,2023-07-02,C00899,PK03,,2,1,620,0.0,Completed,Card
BK-2023-00711,2023-04-05,2023-08-17,C04781,PK14,AG01,2,3,4715,0.1,Completed ,Card
BK-2023-00712,2023-04-05,2023-07-18,C05268,PK13,AG01,2,0,7130,0.0,Completed,Card
BK-2023-00713,2023-04-05,2023-09-06,C05330,PK15,,1,0,4485,0.0,Completed,Card
BK-2023-00714,2023-04-05,2023-08-07,C05861,PK02,AG10,1,0,435,0.05,Completed,M-Pesa
BK-2023-00715,2023-04-06,2023-09-25,C02875,PK15,,6,0,4485,0.1,Completed,Card
BK-2023-00716,2023-04-06,2024-01-19,C03754,PK17,,7,0,11835,,Completed,PayPal
BK-2023-00717,2023-04-06,2023-06-16,C03822,PK11,,2,3,3900,0.0,Completed,Bank Transfer
BK-2023-00718,2023-04-06,2023-06-12,C04333,PK12,AG03,1,0,4800,0.0,completed,Card
BK-2023-00719,2023-04-06,2023-08-08,C05199,PK13,AG04,1,0,7130,0.15,Completed,Card
BK-2023-00720,2023-04-06,2023-06-07,C05343,PK07,AG04,1,0,2350,0.05,Completed,Card
BK-2023-00721,2023-04-06,2023-06-15,C05562,PK03,AG03,2,0,540,0.1,Canceled,M-Pesa
BK-2023-00722,2023-04-06,2023-04-27,C05838,PK03,AG01,2,0,540,0.05,Completed,Bank Transfer
BK-2023-00723,2023-04-06,2023-04-23,C05893,PK08,AG04,4,0,1180,0.0,Completed,Card
BK-2023-00724,2023-04-06,2023-07-03,C05905,PK14,AG09,6,0,4715,0.05,Completed,Card
BK-2023-00725,2023-04-07,2023-05-13,C01639,PK03,AG04,7,0,540,0.05,Completed,PayPal
BK-2023-00726,2023-04-07,2023-06-20,C04000,PK01,,2,1,420,0.15,Completed,Card
BK-2023-00727,2023-04-07,2023-08-27,C04044,PK14,,2,2,4715,0.0,Completed,Bank Transfer
BK-2023-00728,2023-04-07,2023-05-09,C04225,PK11,AG11,2,0,3900,0.0,Completed,Card
BK-2023-00729,2023-04-07,2023-07-27,C04503,PK10,AG07,2,1,1025,0.05,Completed,Card
BK-2023-00730,2023-04-07,2023-07-04,C04743,PK16,AG13,12,0,5290,0.05,Completed,Card
BK-2023-00731,2023-04-07,2023-09-28,C05142,PK09,AG03,4,0,2990,0.0,Completed,Card
BK-2023-00732,2023-04-07,2023-07-12,C05564,PK17,AG04,1,0,11270,0.05,Completed,M-Pesa
BK-2023-00733,2023-04-07,2023-08-24,C06092,PK17,,9,0,11270,0.0,Completed,PayPal
BK-2023-00734,2023-04-08,2023-12-25,C01339,PK14,AG03,2,0,4715,0.05,Completed,PayPal
BK-2023-00735,2023-04-08,2023-05-03,C01623,PK03,AG08,1,0,540,0.0,Completed,Bank Transfer
BK-2023-00736,2023-04-08,2023-06-15,C01877,PK15,AG08,2,0,3900,0.05,Completed,M-Pesa
BK-2023-00737,2023-04-08,2023-09-22,C02517,PK13,AG03,2,2,7130,0.0,Completed,PayPal
BK-2023-00738,2023-04-08,2023-05-10,C02687,PK07,,2,0,2350,0.0,Completed,Bank Transfer
BK-2023-00739,2023-04-08,2023-08-12,C02803,PK17,AG02,2,3,11270,0.15,Cancelled,Card
BK-2023-00740,2023-04-08,2023-07-21,C03682,PK06,AG02,8,0,1440,0.0,Completed,M-Pesa
BK-2023-00741,2023-04-08,2023-08-20,C05447,PK11,AG08,2,2,4485,0.1,completed,Bank Transfer
BK-2023-00742,2023-04-08,2023-09-10,C05937,PK15,AG02,1,0,4485,0.0,Completed,M-Pesa
BK-2023-00743,2023-04-08,2023-09-09,C06124,PK09,AG08,2,3,2990,0.1,completed,Card
BK-2023-00744,2023-04-09,2023-05-09,C01822,PK06,,2,0,1250,0.05,Completed,Card
BK-2023-00745,2023-04-09,2023-07-06,C02648,PK08,AG06,2,0,1355,0.0,Completed,PayPal
BK-2023-00746,2023-04-09,2023-06-10,C03032,PK02,AG04,5,0,380,0.05,Completed,Bank Transfer
BK-2023-00747,2023-04-09,2023-05-27,C03118,PK02,AG03,2,0,380,0.05,Completed,Card
BK-2023-00748,2023-04-09,2023-05-04,C03743,PK03,AG11,1,0,540,0.15,Completed,Card
BK-2023-00749,2023-04-09,2023-07-06,C03824,PK13,AG03,2,2,7130,0.0,Completed,Card
BK-2023-00750,2023-04-09,2023-06-14,C05059,PK07,AG01,2,0,2350,0.05,COMPLETED,M-Pesa
BK-2023-00751,2023-04-09,2023-06-03,C05064,PK09,,2,0,2600,0.0,Completed,M-Pesa
BK-2023-00752,2023-04-09,2023-04-18,C05080,PK04,AG02,2,0,500,0.15,Completed,Bank Transfer
BK-2023-00753,2023-04-09,2023-04-29,C05945,PK02,,2,0,380,0.0,COMPLETED,Card
BK-2023-00754,2023-04-10,2023-08-21,C00055,PK09,,2,1,2990,0.0,Completed,Card
BK-2023-00755,2023-04-10,2023-07-04,C01178,PK17,AG02,1,0,11270,0.0,Completed,Card
BK-2023-00756,2023-04-10,2023-08-03,C01889,PK11,,2,0,4485,0.05,Cancelled,M-Pesa
BK-2023-00757,2023-04-10,2023-04-15,C03101,PK01,AG11,2,0,420,0.05,Completed,Bank Transfer
BK-2023-00758,2023-04-10,2023-07-11,C03198,PK07,AG02,2,0,2700,0.05,Completed,M-Pesa
BK-2023-00759,2023-04-10,2023-08-02,C05372,PK12,AG04,2,1,5520,0.1,COMPLETED,M-Pesa
BK-2023-00760,2023-04-10,2023-04-28,C05382,PK01,AG02,2,0,420,0.0,Completed,Bank Transfer
BK-2023-00761,2023-04-10,2023-07-27,C06129,PK07,AG10,1,0,2700,0.0,Completed,M-Pesa
BK-2023-00762,2023-04-11,2023-06-23,C00274,PK14,,2,1,4100,0.0,Completed,Card
BK-2023-00763,2023-04-11,2023-05-31,C00761,PK07,,1,0,2350,0.05,Completed,M-Pesa
BK-2023-00764,2023-04-11,2023-07-06,C01058,PK07,AG08,1,0,2700,0.05,Cancelled,Bank Transfer
BK-2023-00765,2023-04-11,2023-07-15,C01751,PK08,AG10,2,3,1355,0.0,Completed,Bank Transfer
BK-2023-00766,2023-04-11,2023-12-19,C03913,PK15,AG05,2,0,4485,0.05,Completed,Card
BK-2023-00767,2023-04-11,2023-09-19,C04768,PK15,,6,0,4485,0.0,Completed,Card
BK-2023-00768,2023-04-11,2023-05-11,C05765,PK09,AG06,11,0,2600,0.1,Completed,Card
BK-2023-00769,2023-04-12,2023-05-10,C01611,PK05,AG04,2,3,780,0.0,Completed,Card
BK-2023-00770,2023-04-12,2023-06-19,C02353,PK12,,2,0,4800,0.0,Completed,Bank Transfer
BK-2023-00771,2023-04-12,2023-06-23,C04858,PK15,AG12,3,0,3900,0.0,Completed,Card
BK-2023-00772,2023-04-12,2023-05-11,C05127,PK06,,7,0,1250,0.1,Completed,Bank Transfer
BK-2023-00773,2023-04-13,2023-10-02,C00099,PK06,AG03,2,3,1440,0.0,Completed,Card
BK-2023-00774,2023-04-13,2023-05-03,C00298,PK05,AG11,2,3,780,0.15,Completed,PayPal
BK-2023-00775,2023-04-13,2023-05-19,C01028,PK02,AG08,4,0,380,0.05,Completed,Card
BK-2023-00776,2023-04-13,2023-07-17,C01707,PK06,AG09,2,3,1440,0.0,Completed,Card
BK-2023-00777,2023-04-13,2023-07-17,C03675,PK07,AG07,2,0,2700,0.1,Completed,Bank Transfer
BK-2023-00778,2023-04-13,2023-08-07,C03849,PK17,,2,0,11270,0.05,Completed,Card
BK-2023-00779,2023-04-13,2023-06-03,C05212,PK03,AG10,2,0,540,,Cancelled,Card
BK-2023-00780,2023-04-13,2023-08-08,C05261,PK12,,2,0,5520,0.05,Completed ,Card
BK-2023-00781,2023-04-13,2023-07-02,C05485,PK08,AG03,2,0,1355,,Canceled,Bank Transfer
BK-2023-00782,2023-04-13,2023-06-07,C06481,PK10,AG03,2,0,890,0.05,Completed,PayPal
BK-2023-00783,2023-04-14,2023-05-25,C00447,PK13,AG05,2,3,6200,0.0,Completed,Card
BK-2023-00784,2023-04-14,2023-07-20,C01579,PK07,AG12,6,0,2700,0.1,Completed ,Card
BK-2023-00785,2023-04-14,2023-07-30,C02932,PK12,AG02,2,1,5520,0.1,Completed ,PayPal
BK-2023-00786,2023-04-14,2023-06-14,C03001,PK13,AG06,2,1,6200,0.0,Completed,Card
BK-2023-00787,2023-04-14,2023-07-05,C03008,PK17,,2,2,11270,0.0,Completed,Bank Transfer
BK-2023-00788,2023-04-14,2023-05-14,C03139,PK01,AG10,2,2,420,0.05,Completed,PayPal
BK-2023-00789,2023-04-14,2023-09-30,C03826,PK13,AG07,1,0,7130,0.0,Cancelled,M-Pesa
BK-2023-00790,2023-04-14,2024-02-07,C04804,PK12,AG01,1,0,5040,0.1,Completed,Bank Transfer
BK-2023-00791,2023-04-15,2023-06-02,C00795,PK03,,7,0,540,0.0,Completed,Card
BK-2023-00792,2023-04-15,2023-09-18,C02522,PK12,,2,1,5520,0.0,Completed,M-Pesa
BK-2023-00793,2023-04-15,2023-08-06,C03151,PK01,AG05,2,1,485,0.0,Cancelled,Card
BK-2023-00794,2023-04-15,2023-06-16,C03194,PK10,AG02,4,0,890,0.0,Completed,Bank Transfer
BK-2023-00795,2023-04-15,2024-03-20,C03229,PK12,AG13,9,0,5040,0.15,Completed,Card
BK-2023-00796,2023-04-15,2023-07-09,C03531,PK16,AG07,1,0,5290,0.0,Completed,Card
BK-2023-00797,2023-04-15,2023-05-26,C04562,PK03,AG02,2,0,540,0.0,Completed,M-Pesa
BK-2023-00798,2023-04-15,2023-06-22,C04889,PK01,AG04,2,0,420,0.0,completed,M-Pesa
BK-2023-00799,2023-04-15,2023-07-11,C05590,PK12,AG07,2,0,5520,0.0,Completed,Bank Transfer
BK-2023-00800,2023-04-15,2023-06-12,C05955,PK09,AG12,10,0,2600,0.1,Completed,Card
BK-2023-00801,2023-04-16,2023-05-07,C00235,PK02,,8,0,380,0.1,Completed,Card
BK-2023-00802,2023-04-16,2023-06-15,C01016,PK11,AG07,2,2,3900,0.15,Completed,Card
BK-2023-00803,2023-04-16,2023-10-01,C01793,PK12,,2,0,5520,0.1,Completed,Card
BK-2023-00804,2023-04-16,2023-08-07,C01954,PK09,AG09,2,3,2990,0.0,Completed,Card
BK-2023-00805,2023-04-16,2024-01-18,C02653,PK06,AG02,2,1,1510,0.05,Completed,M-Pesa
BK-2023-00806,2023-04-16,2023-11-08,C02873,PK13,AG07,4,0,6200,0.1,Completed,Bank Transfer
BK-2023-00807,2023-04-16,2023-06-25,C02914,PK14,AG05,2,0,4100,0.1,COMPLETED,PayPal
BK-2023-00808,2023-04-16,2023-08-03,C03656,PK06,AG08,2,2,1440,0.05,Completed,Card
BK-2023-00809,2023-04-16,2023-06-04,C04491,PK06,AG13,8,0,1250,0.1,Canceled,Card
BK-2023-00810,2023-04-16,2023-05-25,C05143,PK06,AG07,2,1,1250,0.0,Completed,Bank Transfer
BK-2023-00811,2023-04-16,2023-08-27,C05366,PK16,AG05,5,0,5290,0.1,Completed,Bank Transfer
BK-2023-00812,2023-04-16,2023-05-24,C06432,PK04,,9,0,500,0.05,Cancelled,Card
BK-2023-00813,2023-04-17,2023-09-04,C00854,PK08,AG04,2,3,1355,0.0,Completed,Card
BK-2023-00814,2023-04-17,2023-07-02,C02058,PK11,AG06,8,0,4485,,Completed,Bank Transfer
BK-2023-00815,2023-04-17,2023-11-14,C02247,PK07,AG04,2,3,2350,0.0,Cancelled,Card
BK-2023-00816,2023-04-17,2023-11-20,C02606,PK16,,2,0,4600,0.0,Completed,Card
BK-2023-00817,2023-04-17,2023-09-17,C02708,PK13,,2,2,7130,0.0,Completed,Card
BK-2023-00818,2023-04-17,2023-05-18,C02949,PK04,AG08,2,0,500,0.05,Completed,Bank Transfer
BK-2023-00819,2023-04-17,2023-09-03,C04367,PK16,AG11,7,0,5290,0.1,Completed,Card
BK-2023-00820,2023-04-17,2025-02-13,C04747,PK12,,4,0,5280,0.05,Completed,Card
BK-2023-00821,2023-04-17,2023-04-24,C04824,PK06,,2,1,1250,0.05,Completed,Card
BK-2023-00822,2023-04-17,2023-10-12,C04967,PK15,AG11,8,0,4485,0.05,Completed,Card
BK-2023-00823,2023-04-17,2023-08-29,C05015,PK12,,1,0,5520,0.0,Completed,M-Pesa
BK-2023-00824,2023-04-17,2023-05-27,C05425,PK11,,1,0,3900,0.0,Completed,Bank Transfer
BK-2023-00825,2023-04-18,2023-07-11,C00253,PK07,AG04,2,2,2700,0.0,Completed,Card
BK-2023-00826,2023-04-18,2023-07-22,C00604,PK06,AG04,7,0,1440,,Completed,Card
BK-2023-00827,2023-04-18,2023-05-22,C01175,PK05,AG06,3,0,780,0.0,Completed,Bank Transfer
BK-2023-00828,2023-04-18,2023-08-06,C01546,PK05,AG05,2,2,895,0.0,Completed,Card
BK-2023-00829,2023-04-18,2023-07-04,C03860,PK06,AG06,2,0,1440,0.0,Completed,Bank Transfer
BK-2023-00830,2023-04-18,2023-07-15,C03882,PK10,AG13,6,0,1025,0.0,Completed,Bank Transfer
BK-2023-00831,2023-04-18,2023-09-12,C05924,PK17,,2,0,11270,0.0,Completed,M-Pesa
BK-2023-00832,2023-04-19,2023-06-02,C00018,PK10,,5,0,890,0.1,Completed,Card
BK-2023-00833,2023-04-19,2023-09-30,C00189,PK09,AG05,2,0,2990,0.0,Completed,Card
BK-2023-00834,2023-04-19,2023-09-29,C00815,PK12,,2,0,5520,0.0,Completed,Card
BK-2023-00835,2023-04-19,2023-08-03,C00852,PK13,AG06,2,0,7130,0.0,Completed,Bank Transfer
BK-2023-00836,2023-04-19,2023-05-13,C01774,PK11,AG02,2,1,3900,0.05,Cancelled,Card
BK-2023-00837,2023-04-19,2023-08-05,C02691,PK11,AG03,1,0,4485,0.05,Completed,M-Pesa
BK-2023-00838,2023-04-19,2023-06-28,C04400,PK10,,2,0,890,0.0,completed,PayPal
BK-2023-00839,2023-04-19,2023-07-27,C05544,PK03,,2,0,620,0.05,Completed,M-Pesa
BK-2023-00840,2023-04-19,2023-05-21,C05666,PK02,AG03,1,0,380,0.0,Completed,Card
BK-2023-00841,2023-04-19,2023-06-02,C05984,PK02,AG02,1,0,380,0.1,COMPLETED,Bank Transfer
BK-2023-00842,2023-04-19,2023-06-09,C06210,PK08,,2,0,1180,0.0,Completed,PayPal
BK-2023-00843,2023-04-20,2023-06-19,C00061,PK09,AG02,1,0,2600,0.0,Completed,Card
BK-2023-00844,2023-04-20,2023-09-09,C00472,PK15,AG03,2,3,4485,0.0,Completed,PayPal
BK-2023-00845,2023-04-20,2023-06-19,C00539,PK02,AG06,2,1,380,0.0,Completed,M-Pesa
BK-2023-00846,2023-04-20,2023-07-05,C02221,PK09,AG01,2,0,2990,0.0,Completed,Card
BK-2023-00847,2023-04-20,2023-06-03,C02867,PK03,AG11,2,3,540,0.1,Completed,M-Pesa
BK-2023-00848,2023-04-20,2023-06-13,C02874,PK09,AG13,3,0,2600,0.0,Completed,M-Pesa
BK-2023-00849,2023-04-20,2023-05-15,C02929,PK01,,2,2,420,0.0,Completed,Card
BK-2023-00850,2023-04-20,2023-05-29,C04365,PK08,,2,0,1180,0.05,Completed,PayPal
BK-2023-00851,2023-04-20,2023-06-18,C04751,PK11,,2,1,3900,0.0,Completed,Card
BK-2023-00852,2023-04-20,2023-07-07,C04824,PK06,,2,2,1440,0.0,Completed,Card
BK-2023-00853,2023-04-20,2023-09-02,C05084,PK08,AG11,6,0,1355,0.1,Completed,Card
BK-2023-00854,2023-04-20,2023-07-06,C05117,PK06,AG01,2,3,1440,0.0,Completed,PayPal
BK-2023-00855,2023-04-20,2023-07-17,C05741,PK11,AG06,2,0,4485,0.0,Completed,Card
BK-2023-00856,2023-04-20,2023-06-03,C05862,PK14,AG04,1,0,4100,0.05,Completed,Card
BK-2023-00857,2023-04-21,2023-07-11,C02393,PK13,AG10,5,0,7130,0.05,Completed,PayPal
BK-2023-00858,2023-04-21,2023-09-28,C02731,PK14,,2,3,4715,0.1,Completed,PayPal
BK-2023-00859,2023-04-21,2023-09-09,C03288,PK13,AG05,2,0,7130,0.0,Completed,Bank Transfer
BK-2023-00860,2023-04-21,2023-06-09,C04149,PK12,AG03,8,0,4800,0.0,Completed,PayPal
BK-2023-00861,2023-04-21,2023-07-11,C04425,PK06,,2,1,1440,0.0,Completed,Card
BK-2023-00862,2023-04-21,2023-06-30,C04761,PK06,AG03,1,0,1250,0.05,Completed,Bank Transfer
BK-2023-00863,2023-04-21,2023-05-10,C06452,PK03,AG02,2,0,540,0.0,Completed,Card
BK-2023-00864,2023-04-21,2023-06-03,C06493,PK05,AG02,1,0,780,0.0,completed,Bank Transfer
BK-2023-00865,2023-04-22,2023-05-06,C02659,PK06,,1,0,1250,0.0,Completed,Card
BK-2023-00866,2023-04-22,2023-06-07,C02835,PK02,AG11,1,0,380,0.15,Completed,Card
BK-2023-00867,2023-04-22,2023-08-23,C03216,PK09,,2,0,2990,0.0,Completed,PayPal
BK-2023-00868,2023-04-22,2023-05-16,C03917,PK06,AG12,7,0,1250,0.1,Completed,M-Pesa
BK-2023-00869,2023-04-22,2023-07-10,C04194,PK06,AG05,2,2,1440,0.0,Completed,Card
BK-2023-00870,2023-04-22,2023-09-05,C04723,PK17,AG13,10,0,11270,0.1,Completed,Bank Transfer
BK-2023-00871,2023-04-22,2023-05-12,C05407,PK01,,2,0,420,0.0,Completed,M-Pesa
BK-2023-00872,2023-04-22,2023-07-04,C06165,PK02,AG04,1,0,435,0.0,Cancelled,Card
BK-2023-00873,2023-04-23,2023-06-24,C00922,PK12,AG02,1,0,4800,0.0,Completed,Card
BK-2023-00874,2023-04-23,2023-06-16,C02281,PK11,AG06,2,0,3900,0.1,Completed,Card
BK-2023-00875,2023-04-23,2023-07-24,C02507,PK06,AG04,4,0,1440,0.1,Completed,Card
BK-2023-00876,2023-04-23,2023-07-04,C04311,PK16,,2,0,5290,0.0,Completed ,Bank Transfer
BK-2023-00877,2023-04-23,2023-09-09,C04792,PK10,AG06,1,0,1025,0.0,Completed,Card
BK-2023-00878,2023-04-23,2023-07-19,C04916,PK12,AG03,2,0,5520,,Completed,M-Pesa
BK-2023-00879,2023-04-23,2023-11-13,C05421,PK13,,2,0,6200,0.05,Completed,Card
BK-2023-00880,2023-04-23,2023-10-20,C05597,PK14,AG11,4,0,4715,0.1,Completed,Bank Transfer
BK-2023-00881,2023-04-23,2023-05-20,C05769,PK03,,2,0,540,0.0,Completed,Card
BK-2023-00882,2023-04-23,2023-06-07,C06355,PK04,AG02,2,0,500,0.1,Completed,Bank Transfer
BK-2023-00883,2023-04-23,2023-07-06,C06481,PK04,AG02,2,0,575,0.0,Cancelled ,Card
BK-2023-00884,2023-04-24,2023-06-29,C00163,PK08,AG06,2,3,1180,0.0,Canceled,Card
BK-2023-00885,2023-04-24,2023-07-13,C02675,PK11,AG02,2,1,4485,0.0,Completed,M-Pesa
BK-2023-00886,2023-04-24,2023-08-27,C02696,PK07,,7,0,2700,0.0,Completed,M-Pesa
BK-2023-00887,2023-04-24,2023-09-09,C04780,PK07,AG10,1,0,2700,0.0,Completed ,M-Pesa
BK-2023-00888,2023-04-25,2023-10-02,C00599,PK12,AG04,2,2,5520,0.0,Completed,PayPal
BK-2023-00889,2023-04-25,2023-09-01,C01018,PK02,AG10,2,0,435,0.0,Completed,Card
BK-2023-00890,2023-04-25,2023-08-21,C01058,PK15,AG11,1,0,4485,0.0,Completed ,PayPal
BK-2023-00891,2023-04-25,2023-05-29,C01688,PK03,AG02,5,0,540,0.05,Completed,M-Pesa
BK-2023-00892,2023-04-25,2023-07-15,C02240,PK06,,2,0,1440,0.1,Completed,Bank Transfer
BK-2023-00893,2023-04-25,2023-11-11,C03280,PK17,AG01,1,0,9800,0.0,Completed ,Bank Transfer
BK-2023-00894,2023-04-25,2023-07-04,C03995,PK06,AG01,2,0,1440,0.0,COMPLETED,Bank Transfer
BK-2023-00895,2023-04-25,2023-04-28,C04631,PK04,AG06,2,0,500,0.0,Completed,PayPal
BK-2023-00896,2023-04-25,2023-07-25,C06254,PK08,,2,3,1355,0.05,Completed,PayPal
BK-2023-00897,2023-04-26,2023-07-10,C00366,PK11,,2,3,4485,0.0,Completed,Card
BK-2023-00898,2023-04-26,2023-07-22,C00571,PK12,AG11,2,0,5520,0.0,Completed,PayPal
BK-2023-00899,2023-04-26,2023-08-05,C00614,PK15,,2,0,4485,0.0,Completed,Card
BK-2023-00900,2023-04-26,2023-06-13,C01100,PK01,AG02,1,0,420,0.0,Completed,M-Pesa
BK-2023-00901,2023-04-26,2024-06-17,C02154,PK16,AG10,8,0,4830,0.05,Completed,Card
BK-2023-00902,2023-04-26,2023-05-31,C02627,PK06,AG02,1,0,1250,0.0,Completed,PayPal
BK-2023-00903,2023-04-26,2023-06-09,C02749,PK02,AG10,2,0,380,0.0,Completed,PayPal
BK-2023-00904,2023-04-26,2023-06-26,C03373,PK13,AG04,1,0,6200,0.05,Completed,Bank Transfer
BK-2023-00905,2023-04-26,2023-09-26,C04094,PK16,AG01,6,0,5290,0.0,Completed,PayPal
BK-2023-00906,2023-04-26,2023-06-11,C04114,PK06,AG03,2,0,1250,0.1,Completed,PayPal
BK-2023-00907,2023-04-26,2023-06-18,C05381,PK12,,1,0,4800,0.0,Completed,Card
BK-2023-00908,2023-04-26,2023-08-10,C05430,PK09,,2,1,2990,0.0,Completed,Bank Transfer
BK-2023-00909,2023-04-26,2024-06-12,C05833,PK16,AG01,8,0,4830,0.0,Completed,Card
BK-2023-00910,2023-04-27,2023-05-31,C00211,PK01,,2,0,420,0.15,Completed ,Card
BK-2023-00911,2023-04-27,2023-06-18,C01500,PK15,AG04,2,0,3900,0.1,Canceled,Card
BK-2023-00912,2023-04-27,2023-07-16,C01654,PK12,AG11,1,0,5520,0.1,Cancelled,M-Pesa
BK-2023-00913,2023-04-27,2023-08-09,C01682,PK03,,1,0,620,0.0,Completed,Card
BK-2023-00914,2023-04-27,2023-10-12,C02988,PK12,AG03,1,0,5520,0.0,Canceled,Card
BK-2023-00915,2023-04-27,2023-09-07,C05278,PK13,AG10,2,0,7130,0.0,Completed,PayPal
BK-2023-00916,2023-04-27,2023-08-16,C05483,PK13,AG04,2,0,7130,0.15,Cancelled,Bank Transfer
BK-2023-00917,2023-04-27,2023-06-24,C05628,PK01,AG04,2,0,420,,Completed,PayPal
BK-2023-00918,2023-04-27,2023-10-02,C05830,PK07,AG10,2,3,2700,0.0,Completed,Card
BK-2023-00919,2023-04-27,2023-06-28,C06028,PK01,AG04,2,0,420,0.1,Completed,Bank Transfer
BK-2023-00920,2023-04-28,2023-10-18,C01371,PK17,,4,0,11270,0.1,completed,M-Pesa
BK-2023-00921,2023-04-28,2023-05-02,C02863,PK02,,7,0,380,0.05,Completed,Card
BK-2023-00922,2023-04-28,2023-06-20,C03271,PK12,AG05,2,0,4800,0.05,Completed,Card
BK-2023-00923,2023-04-28,2023-07-13,C04442,PK06,AG03,9,0,1440,,Completed,M-Pesa
BK-2023-00924,2023-04-28,2023-07-19,C04500,PK03,AG02,2,0,620,0.15,Completed,Card
BK-2023-00925,2023-04-28,2023-05-12,C04509,PK03,AG11,2,0,540,0.0,Completed,M-Pesa
BK-2023-00926,2023-04-28,2023-07-03,C05040,PK09,AG06,6,0,2990,0.05,Completed,Bank Transfer
BK-2023-00927,2023-04-28,2023-06-28,C05548,PK02,,2,0,380,0.0,Completed,Bank Transfer
BK-2023-00928,2023-04-28,2023-06-23,C06314,PK17,,2,0,9800,0.0,Completed,Card
BK-2023-00929,2023-04-28,2023-10-27,C06487,PK15,AG02,2,2,4485,0.0,Completed,PayPal
BK-2023-00930,2023-04-29,2023-07-01,C00949,PK10,AG10,2,0,1025,0.0,Completed,M-Pesa
BK-2023-00931,2023-04-29,2023-06-20,C01164,PK01,,9,0,420,0.1,COMPLETED,Card
BK-2023-00932,2023-04-29,2023-07-02,C03321,PK09,AG05,2,1,2990,0.0,Completed,M-Pesa
BK-2023-00933,2023-04-29,2023-08-29,C03622,PK13,AG07,6,0,7130,0.1,Completed,Bank Transfer
BK-2023-00934,2023-04-29,2023-08-31,C03726,PK12,AG04,1,0,5520,0.0,Cancelled,M-Pesa
BK-2023-00935,2023-04-29,2023-05-11,C03761,PK01,AG04,8,0,420,0.0,Cancelled,M-Pesa
BK-2023-00936,2023-04-29,2023-09-11,C04153,PK17,AG10,5,0,11270,0.1,Completed,Card
BK-2023-00937,2023-04-29,2023-06-10,C04658,PK05,,6,0,780,0.05,Completed,Bank Transfer
BK-2023-00938,2023-04-29,2023-07-24,C05898,PK07,,2,0,2700,0.0,Completed,Card
BK-2023-00939,2023-04-29,2023-08-09,C06050,PK08,,6,0,1355,0.1,Completed,PayPal
BK-2023-00940,2023-04-30,2023-10-01,C00447,PK16,,2,3,5290,0.0,completed,Card
BK-2023-00941,2023-04-30,2023-08-15,C00597,PK17,AG04,2,2,11270,0.05,COMPLETED,Bank Transfer
BK-2023-00942,2023-04-30,2023-06-13,C00949,PK03,,2,0,540,0.0,Completed,Card
BK-2023-00943,2023-04-30,2023-09-23,C01077,PK17,AG07,2,1,11270,0.05,Cancelled ,Bank Transfer
BK-2023-00944,2023-04-30,2023-07-25,C02544,PK15,,4,0,4485,0.0,Completed,PayPal
BK-2023-00945,2023-04-30,2023-08-03,C03447,PK12,,2,2,5520,0.1,Completed,Bank Transfer
BK-2023-00946,2023-04-30,2023-10-31,C04245,PK14,AG02,2,1,4715,0.0,Completed,Bank Transfer
BK-2023-00947,2023-04-30,2023-10-30,C04293,PK12,AG02,1,0,5520,0.0,Completed,Card
BK-2023-00948,2023-04-30,2023-05-07,C04342,PK04,,1,0,500,0.0,Completed,Card
BK-2023-00949,2023-04-30,2023-06-13,C05492,PK03,,2,0,540,0.15,completed,Card
BK-2023-00950,2023-04-30,2023-05-03,C06188,PK07,,2,0,2350,0.05,Completed,Bank Transfer
BK-2023-00951,2023-04-30,2023-06-01,C06472,PK08,AG02,2,0,1180,0.15,Cancelled,M-Pesa
BK-2023-00952,2023-05-01,2023-08-11,C00214,PK12,AG02,2,0,5520,0.0,Completed,Bank Transfer
BK-2023-00953,2023-05-01,2023-08-10,C00439,PK14,AG04,1,0,4715,0.0,Cancelled,Card
BK-2023-00954,2023-05-01,2023-05-19,C01049,PK03,AG03,7,0,540,0.1,Completed,PayPal
BK-2023-00955,2023-05-01,2023-07-17,C03980,PK11,AG04,2,3,4485,0.05,Canceled,Card
BK-2023-00956,2023-05-01,2023-08-02,C04563,PK10,AG06,2,2,1025,0.0,COMPLETED,Card
BK-2023-00957,2023-05-01,2023-06-29,C04621,PK04,AG07,6,0,500,0.0,Completed,Card
BK-2023-00958,2023-05-01,2023-08-05,C04684,PK09,,2,1,2990,0.0,Completed ,M-Pesa
BK-2023-00959,2023-05-01,2023-06-01,C05852,PK05,AG03,1,0,780,0.0,Completed,Card
BK-2023-00960,2023-05-01,2023-06-16,C06073,PK09,AG02,2,0,2600,0.05,Completed,Bank Transfer
BK-2023-00961,2023-05-02,2023-07-21,C00044,PK16,,2,3,5290,0.0,COMPLETED,PayPal
BK-2023-00962,2023-05-02,2023-05-21,C03610,PK02,AG03,2,0,380,0.0,Completed,Card
BK-2023-00963,2023-05-02,2023-06-09,C04319,PK08,AG12,4,0,1180,0.1,Completed,Bank Transfer
BK-2023-00964,2023-05-03,2023-10-01,C00500,PK12,,2,3,5520,0.15,Completed,Bank Transfer
BK-2023-00965,2023-05-03,2023-05-20,C01887,PK07,AG02,2,1,2350,0.15,Completed,M-Pesa
BK-2023-00966,2023-05-03,2023-07-20,C02400,PK17,,2,2,11270,0.05,Completed,Card
BK-2023-00967,2023-05-03,2023-07-03,C02661,PK16,AG03,2,2,5290,0.0,Completed,Bank Transfer
BK-2023-00968,2023-05-03,2023-07-06,C04634,PK08,,1,0,1355,0.1,Completed,Card
BK-2023-00969,2023-05-03,2023-09-18,C04721,PK13,AG10,2,2,7130,0.05,Completed,Bank Transfer
BK-2023-00970,2023-05-03,2023-06-08,C04764,PK05,,2,0,780,0.0,Completed,M-Pesa
BK-2023-00971,2023-05-03,2023-07-24,C05342,PK11,AG01,2,2,4485,0.1,Completed,Bank Transfer
BK-2023-00972,2023-05-03,2023-07-11,C06155,PK10,AG04,2,0,1025,0.15,Completed,PayPal
BK-2023-00973,2023-05-04,2023-05-19,C01625,PK02,AG04,4,0,380,0.05,Completed,M-Pesa
BK-2023-00974,2023-05-04,2023-07-04,C02083,PK04,AG10,2,1,575,0.0,Completed,Card
BK-2023-00975,2023-05-04,2023-09-11,C02868,PK12,AG11,2,2,5520,0.0,Completed,Card
BK-2023-00976,2023-05-04,2023-06-02,C03382,PK10,,9,0,890,0.05,Completed,Bank Transfer
BK-2023-00977,2023-05-04,2023-08-17,C04761,PK07,AG01,1,0,2700,0.0,Completed,Bank Transfer
BK-2023-00978,2023-05-04,2023-07-11,C06241,PK07,AG13,4,0,2700,0.1,Completed,Card
BK-2023-00979,2023-05-05,2023-08-23,C00802,PK07,AG11,5,0,2700,0.1,Completed,Bank Transfer
BK-2023-00980,2023-05-05,2023-07-23,C01468,PK05,AG04,2,2,895,0.0,Completed,Card
BK-2023-00981,2023-05-05,2023-08-16,C01866,PK13,AG04,2,0,7130,0.0,Completed,PayPal
BK-2023-00982,2023-05-05,2023-05-19,C02348,PK02,AG08,2,2,380,0.1,Completed,Bank Transfer
BK-2023-00983,2023-05-05,2023-08-01,C02597,PK06,AG02,2,3,1440,0.1,Cancelled ,Bank Transfer
BK-2023-00984,2023-05-05,2023-09-05,C03054,PK09,AG03,2,0,2990,0.0,Completed,Bank Transfer
BK-2023-00985,2023-05-05,2023-07-07,C03527,PK03,,2,3,620,0.0,Completed,Card
BK-2023-00986,2023-05-05,2023-08-01,C03898,PK09,,2,3,2990,0.1,Cancelled,Bank Transfer
BK-2023-00987,2023-05-05,2023-08-15,C04261,PK13,AG04,2,1,7130,0.0,Completed,Card
BK-2023-00988,2023-05-05,2023-06-22,C05066,PK09,,2,3,2600,0.15,Completed,Bank Transfer
BK-2023-00989,2023-05-05,2023-09-07,C05506,PK12,AG01,2,0,5520,0.0,Completed,Card
BK-2023-00990,2023-05-05,2023-06-22,C05843,PK07,AG08,2,0,2350,0.0,Cancelled,Bank Transfer
BK-2023-00991,2023-05-06,2023-07-06,C00112,PK03,,1,0,620,0.0,Completed,M-Pesa
BK-2023-00992,2023-05-06,2023-07-11,C00454,PK17,,2,0,11270,0.0,Completed,Card
BK-2023-00993,2023-05-06,2023-08-11,C00562,PK13,AG11,6,0,7130,0.1,Completed,Card
BK-2023-00994,2023-05-06,2023-08-10,C01159,PK13,AG03,2,0,7130,0.0,CANCELLED,M-Pesa
BK-2023-00995,2023-05-06,2023-06-05,C02121,PK03,AG05,8,0,540,0.15,Completed,PayPal
BK-2023-00996,2023-05-06,2024-08-22,C03416,PK13,,1,0,7485,,Completed,Bank Transfer
BK-2023-00997,2023-05-06,2023-08-12,C04333,PK14,AG08,1,0,4715,0.1,Completed,PayPal
BK-2023-00998,2023-05-06,2024-03-02,C04845,PK15,,2,0,4095,0.05,Completed,Bank Transfer
BK-2023-00999,2023-05-06,2023-09-11,C05476,PK12,AG05,6,0,5520,0.1,Completed,PayPal
BK-2023-01000,2023-05-07,2023-07-06,C00705,PK04,,7,0,575,0.0,Completed,Bank Transfer
BK-2023-01001,2023-05-07,2023-06-12,C01478,PK02,,2,0,380,0.0,Completed,Card
BK-2023-01002,2023-05-07,2023-08-03,C03348,PK13,AG11,2,3,7130,0.05,Completed,Bank Transfer
BK-2023-01003,2023-05-07,2023-09-21,C03959,PK09,AG04,2,0,2990,0.0,Completed ,M-Pesa
BK-2023-01004,2023-05-07,2023-09-05,C04001,PK15,AG05,2,2,4485,0.0,Completed,Card
BK-2023-01005,2023-05-07,2023-06-03,C04719,PK09,AG02,2,0,2600,0.05,Completed,M-Pesa
BK-2023-01006,2023-05-07,2023-08-20,C05180,PK13,AG06,6,0,7130,0.05,Completed,PayPal
BK-2023-01007,2023-05-07,2023-08-26,C05365,PK16,,8,0,5290,0.1,Completed,Card
BK-2023-01008,2023-05-07,2023-05-22,C05552,PK04,,2,3,500,0.0,Completed,Card
BK-2023-01009,2023-05-07,2023-09-30,C05848,PK08,AG03,2,0,1355,0.0,Completed,Card
BK-2023-01010,2023-05-07,2023-06-25,C06121,PK10,,2,0,890,0.0,Completed,Card
BK-2023-01011,2023-05-08,2023-08-18,C00111,PK15,AG07,5,0,4485,0.1,Completed,Bank Transfer
BK-2023-01012,2023-05-08,2023-10-27,C00178,PK12,AG06,1,0,5520,0.0,Cancelled,Card
BK-2023-01013,2023-05-08,2024-04-30,C01188,PK16,AG04,7,0,4830,0.1,Completed,Bank Transfer
BK-2023-01014,2023-05-08,2023-08-14,C01309,PK12,,2,2,5520,0.05,Completed,Bank Transfer
BK-2023-01015,2023-05-08,2023-07-18,C01467,PK11,AG06,6,0,4485,0.15,Completed,M-Pesa
BK-2023-01016,2023-05-08,2023-09-19,C01602,PK16,AG13,4,0,5290,0.05,Completed,Bank Transfer
BK-2023-01017,2023-05-08,2023-09-01,C02020,PK16,AG08,9,0,5290,0.0,Completed,Bank Transfer
BK-2023-01018,2023-05-08,2023-09-01,C02404,PK15,,1,0,4485,0.0,Completed,Card
BK-2023-01019,2023-05-08,2023-07-12,C03749,PK10,AG08,2,2,1025,0.0,Completed,Card
BK-2023-01020,2023-05-08,2023-08-07,C04756,PK09,AG01,1,0,2990,0.0,Completed,Bank Transfer
BK-2023-01021,2023-05-08,2023-06-19,C05150,PK08,,2,0,1180,0.05,Completed,Bank Transfer
BK-2023-01022,2023-05-09,2023-06-08,C00117,PK03,AG07,2,1,540,0.0,Completed,PayPal
BK-2023-01023,2023-05-09,2023-06-11,C00205,PK01,AG08,2,0,420,0.0,Completed,Card
BK-2023-01024,2023-05-09,2023-08-15,C01404,PK05,AG05,1,0,895,0.0,Completed,M-Pesa
BK-2023-01025,2023-05-09,2023-08-22,C01735,PK14,AG01,9,0,4715,0.05,Completed,PayPal
BK-2023-01026,2023-05-09,2023-07-10,C03138,PK06,AG04,2,0,1440,0.05,Completed,Card
BK-2023-01027,2023-05-09,2023-10-18,C03922,PK14,AG11,2,0,4715,0.0,Completed,Card
BK-2023-01028,2023-05-09,2024-01-03,C04267,PK16,AG10,6,0,5555,0.05,Completed,Card
BK-2023-01029,2023-05-09,2023-07-22,C05681,PK09,,2,3,2990,0.05,Completed,Card
BK-2023-01030,2023-05-09,2023-05-29,C06486,PK07,,2,0,2350,0.1,Completed,Card
BK-2023-01031,2023-05-10,2023-12-14,C01287,PK08,,2,2,1355,0.0,Completed,Bank Transfer
BK-2023-01032,2023-05-10,2023-07-13,C01293,PK07,,2,2,2700,0.1,Completed,Card
BK-2023-01033,2023-05-10,2023-08-28,C03598,PK12,AG06,2,0,5520,0.0,Cancelled,Card
BK-2023-01034,2023-05-10,2023-07-17,C04578,PK07,AG06,4,0,2700,0.0,Completed,Card
BK-2023-01035,2023-05-10,2023-07-06,C04970,PK13,,1,0,7130,0.0,Completed,Card
BK-2023-01036,2023-05-10,2023-08-25,C05829,PK03,AG11,5,0,620,0.15,Completed,Card
BK-2023-01037,2023-05-10,2023-07-28,C06487,PK11,,2,1,4485,0.1,Completed,Card
BK-2023-01038,2023-05-11,2023-06-14,C01623,PK12,AG03,1,0,4800,0.05,Completed,Card
BK-2023-01039,2023-05-11,2023-07-27,C01835,PK12,AG08,2,0,5520,0.0,completed,Bank Transfer
BK-2023-01040,2023-05-11,2023-07-11,C02012,PK02,,8,0,435,0.1,Completed,Card
BK-2023-01041,2023-05-11,2023-07-31,C02285,PK04,AG13,8,0,575,0.1,Completed,PayPal
BK-2023-01042,2023-05-11,2023-06-18,C02788,PK09,,2,2,2600,0.05,Completed,Card
BK-2023-01043,2023-05-11,2023-05-30,C02790,PK06,,8,0,1250,0.15,Completed,Card
BK-2023-01044,2023-05-11,2023-08-14,C03586,PK12,,2,0,5520,0.0,Completed,Card
BK-2023-01045,2023-05-11,2023-09-26,C03828,PK14,AG04,9,0,4715,0.1,Completed,M-Pesa
BK-2023-01046,2023-05-11,2023-07-12,C04496,PK06,,2,3,1440,,Completed,Card
BK-2023-01047,2023-05-11,2023-06-16,C05496,PK05,,2,3,780,0.0,completed,M-Pesa
BK-2023-01048,2023-05-11,2023-06-25,C05551,PK05,AG11,1,0,780,0.05,Canceled,Card
BK-2023-01049,2023-05-11,2023-06-27,C06107,PK01,AG07,2,0,420,0.1,Completed,PayPal
BK-2023-01050,2023-05-12,2023-12-14,C00607,PK14,AG01,2,0,4715,0.0,Completed,Card
BK-2023-01051,2023-05-12,2023-06-13,C00734,PK06,AG01,2,0,1250,0.1,Completed,Card
BK-2023-01052,2023-05-12,2023-08-23,C02234,PK15,,2,0,4485,0.05,Completed,Bank Transfer
BK-2023-01053,2023-05-12,2023-07-01,C02718,PK10,AG03,2,0,1025,0.0,Completed,M-Pesa
BK-2023-01054,2023-05-12,2023-08-26,C03090,PK09,AG04,2,2,2990,0.1,Cancelled,Card
BK-2023-01055,2023-05-12,2023-06-04,C04256,PK02,,7,0,380,0.1,Completed,Card
BK-2023-01056,2023-05-12,2023-08-15,C05597,PK12,,5,0,5520,0.05,Completed,Card
BK-2023-01057,2023-05-12,2023-07-21,C06285,PK11,AG05,2,3,4485,0.0,Completed,Card
BK-2023-01058,2023-05-13,2023-07-07,C01279,PK17,AG05,4,0,11270,0.1,Completed,Card
BK-2023-01059,2023-05-13,2023-05-27,C01554,PK02,AG08,1,0,380,0.0,Completed,Card
BK-2023-01060,2023-05-13,2023-07-11,C01827,PK01,,2,0,485,0.05,Completed,Card
BK-2023-01061,2023-05-13,2023-06-15,C03183,PK12,AG02,1,0,4800,0.0,Completed,Card
BK-2023-01062,2023-05-13,2023-07-28,C03738,PK06,,2,3,1440,0.0,Completed,Bank Transfer
BK-2023-01063,2023-05-13,2023-09-09,C04267,PK10,AG12,4,0,1025,0.05,Cancelled,Card
BK-2023-01064,2023-05-14,2023-09-25,C00445,PK17,AG04,2,0,11270,0.0,Completed,Card
BK-2023-01065,2023-05-14,2023-10-15,C00760,PK13,AG04,1,0,7130,0.05,Completed,M-Pesa
BK-2023-01066,2023-05-14,2023-07-04,C00884,PK05,AG11,2,0,895,,Completed,Bank Transfer
BK-2023-01067,2023-05-14,2023-09-30,C01129,PK12,AG02,2,0,5520,0.0,Completed,Card
BK-2023-01068,2023-05-14,2023-07-24,C01426,PK08,AG04,2,2,1355,0.0,Completed,Card
BK-2023-01069,2023-05-14,2023-05-23,C02882,PK01,,2,0,420,0.0,Cancelled,M-Pesa
BK-2023-01070,2023-05-14,2023-08-10,C03741,PK06,,2,0,1440,0.1,Completed,Card
BK-2023-01071,2023-05-14,2023-07-25,C04266,PK07,,7,0,2700,0.05,Completed,Card
BK-2023-01072,2023-05-14,2023-07-02,C05709,PK07,,6,0,2700,0.1,Completed,Bank Transfer
BK-2023-01073,2023-05-15,2023-06-11,C00667,PK10,AG13,6,0,890,0.0,Completed,PayPal
BK-2023-01074,2023-05-15,2023-08-08,C01108,PK15,AG13,8,0,4485,0.05,Completed,Bank Transfer
BK-2023-01075,2023-05-15,2023-05-25,C01112,PK04,AG10,2,3,500,0.0,Completed,Bank Transfer
BK-2023-01076,2023-05-15,2023-06-08,C03040,PK06,,2,1,1250,0.0,Completed,Bank Transfer
BK-2023-01077,2023-05-15,2023-07-03,C03950,PK03,AG06,2,1,620,0.0,Completed,Card
BK-2023-01078,2023-05-15,2023-08-05,C04457,PK10,AG07,5,0,1025,0.0,Completed,Bank Transfer
BK-2023-01079,2023-05-15,2023-08-12,C05378,PK07,,2,0,2700,0.0,Completed,Card
BK-2023-01080,2023-05-15,2023-07-24,C05435,PK16,,1,0,5290,0.0,Completed,Bank Transfer
BK-2023-01081,2023-05-15,2023-08-27,C05634,PK07,AG03,2,0,2700,0.0,Canceled,Card
BK-2023-01082,2023-05-15,2023-12-12,C05910,PK13,AG06,2,0,7130,0.15,Completed ,Bank Transfer
BK-2023-01083,2023-05-16,2023-06-25,C01211,PK06,AG08,2,2,1250,0.0,Completed,Bank Transfer
BK-2023-01084,2023-05-16,2023-09-23,C01470,PK13,AG04,2,0,7130,0.1,Completed,M-Pesa
BK-2023-01085,2023-05-16,2023-07-10,C02820,PK11,AG06,1,0,4485,0.0,Completed,M-Pesa
BK-2023-01086,2023-05-16,2023-08-07,C03299,PK09,AG11,6,0,2990,0.1,Completed,Card
BK-2023-01087,2023-05-16,2023-07-02,C04017,PK02,,1,0,435,0.1,Canceled,PayPal
BK-2023-01088,2023-05-16,2023-06-18,C04034,PK01,AG02,5,0,420,0.1,Completed,M-Pesa
BK-2023-01089,2023-05-16,2023-08-15,C04954,PK06,AG03,2,0,1440,0.0,Completed,Card
BK-2023-01090,2023-05-16,2023-09-09,C05003,PK10,AG02,4,0,1025,0.05,Cancelled,M-Pesa
BK-2023-01091,2023-05-16,2023-10-28,C06209,PK16,AG03,9,0,5290,,Completed,PayPal
BK-2023-01092,2023-05-16,2023-08-20,C06336,PK13,,2,1,7130,0.0,Completed,PayPal
BK-2023-01093,2023-05-16,2024-02-19,C06437,PK14,,2,1,4305,,Completed,Bank Transfer
BK-2023-01094,2023-05-17,2023-09-15,C00060,PK12,AG03,2,0,5520,0.1,Completed,Bank Transfer
BK-2023-01095,2023-05-17,2023-07-05,C00536,PK17,AG03,2,0,11270,0.0,Completed,PayPal
BK-2023-01096,2023-05-17,2023-07-30,C00887,PK05,AG07,2,0,895,0.0,Completed,Card
BK-2023-01097,2023-05-17,2023-07-22,C00912,PK10,,2,0,1025,0.0,Completed,Card
BK-2023-01098,2023-05-17,2023-12-11,C02094,PK13,AG11,1,0,7130,0.0,Completed,Card
BK-2023-01099,2023-05-17,2023-08-17,C03072,PK15,AG05,1,0,4485,0.05,Completed,Card
BK-2023-01100,2023-05-17,2023-09-07,C03442,PK16,AG03,2,0,5290,0.0,Completed,Bank Transfer
BK-2023-01101,2023-05-17,2023-06-14,C03778,PK06,,2,1,1250,0.1,Completed,Card
BK-2023-01102,2023-05-17,2023-05-28,C03897,PK02,,2,0,380,0.0,Completed,Bank Transfer
BK-2023-01103,2023-05-17,2023-06-09,C04049,PK16,AG05,7,0,4600,0.15,Completed,Card
BK-2023-01104,2023-05-17,2023-08-02,C04092,PK07,,2,0,2700,0.0,Completed,Bank Transfer
BK-2023-01105,2023-05-17,2023-06-18,C04384,PK03,,2,0,540,0.05,Completed,Card
BK-2023-01106,2023-05-17,2023-07-30,C05319,PK12,,1,0,5520,0.0,Completed,PayPal
BK-2023-01107,2023-05-17,2023-07-29,C05392,PK16,,9,0,5290,0.1,Completed,PayPal
BK-2023-01108,2023-05-17,2023-06-12,C06103,PK07,AG04,2,0,2350,0.05,Completed,M-Pesa
BK-2023-01109,2023-05-18,2023-07-21,C00136,PK04,AG04,2,0,575,0.0,Completed,Card
BK-2023-01110,2023-05-18,2023-05-21,C00602,PK05,AG09,2,0,780,0.05,Completed ,PayPal
BK-2023-01111,2023-05-18,2023-06-23,C00641,PK10,AG02,2,0,890,0.1,Completed,PayPal
BK-2023-01112,2023-05-18,2023-06-16,C01109,PK01,AG13,6,0,420,0.1,Completed,Card
BK-2023-01113,2023-05-18,2023-07-18,C03386,PK12,,9,0,5520,0.05,Completed,Bank Transfer
BK-2023-01114,2023-05-18,2023-12-13,C04332,PK07,AG03,2,0,2700,0.0,completed,Bank Transfer
BK-2023-01115,2023-05-18,2023-07-05,C04337,PK03,AG02,2,1,620,0.05,Completed,Card
BK-2023-01116,2023-05-18,2023-08-30,C04472,PK10,AG03,2,0,1025,0.0,Completed,Card
BK-2023-01117,2023-05-18,2023-10-27,C04760,PK12,AG06,2,2,5520,0.0,Completed,Card
BK-2023-01118,2023-05-18,2023-10-09,C04918,PK13,AG12,10,0,7130,0.05,Completed,Bank Transfer
BK-2023-01119,2023-05-18,2023-07-10,C05072,PK02,AG06,6,0,435,0.0,Completed,Card
BK-2023-01120,2023-05-18,2023-12-09,C05296,PK17,AG02,2,0,11270,0.0,CANCELLED,Card
BK-2023-01121,2023-05-18,2023-10-21,C05493,PK09,AG04,2,1,2990,0.0,Canceled,Card
BK-2023-01122,2023-05-18,2023-11-25,C05793,PK16,,1,0,4600,,Completed,Card
BK-2023-01123,2023-05-19,2023-06-21,C00146,PK10,AG02,9,0,890,0.0,Completed,PayPal
BK-2023-01124,2023-05-19,2023-08-05,C00381,PK17,,8,0,11270,0.1,Completed,Bank Transfer
BK-2023-01125,2023-05-19,2023-06-19,C00672,PK10,,6,0,890,0.15,completed,Card
BK-2023-01126,2023-05-19,2024-01-18,C00774,PK17,,2,1,11835,0.0,Completed,Card
BK-2023-01127,2023-05-19,2023-07-15,C02677,PK09,AG03,1,0,2990,0.0,Completed,M-Pesa
BK-2023-01128,2023-05-19,2023-06-20,C03548,PK01,,8,0,420,0.0,Completed,Card
BK-2023-01129,2023-05-19,2023-07-18,C03682,PK05,AG09,9,0,895,0.05,Completed,Bank Transfer
BK-2023-01130,2023-05-19,2023-08-29,C03906,PK13,AG02,1,0,7130,0.0,Completed,M-Pesa
BK-2023-01131,2023-05-19,2023-06-08,C04036,PK01,,2,3,420,0.1,Completed,Bank Transfer
BK-2023-01132,2023-05-19,2023-07-30,C05374,PK06,AG09,7,0,1440,0.05,Completed,PayPal
BK-2023-01133,2023-05-19,2023-06-03,C05600,PK03,AG06,2,3,540,0.05,Completed,PayPal
BK-2023-01134,2023-05-19,2023-06-18,C05904,PK10,AG11,2,0,890,0.0,completed,Card
BK-2023-01135,2023-05-20,2023-08-05,C00855,PK13,AG01,1,0,7130,0.1,Completed,M-Pesa
BK-2023-01136,2023-05-20,2023-06-17,C00889,PK01,,2,0,420,0.05,Completed,Card
BK-2023-01137,2023-05-20,2023-06-03,C02252,PK02,AG04,2,0,380,0.0,Canceled,Card
BK-2023-01138,2023-05-20,2023-06-29,C04308,PK01,AG12,8,0,420,0.1,Completed,M-Pesa
BK-2023-01139,2023-05-20,2023-06-01,C04438,PK04,,2,0,500,0.1,Completed,Bank Transfer
BK-2023-01140,2023-05-20,2024-01-14,C04704,PK13,AG08,9,0,7485,0.0,Completed,Card
BK-2023-01141,2023-05-20,2023-08-17,C04718,PK13,,2,0,7130,0.0,Completed,M-Pesa
BK-2023-01142,2023-05-20,2023-08-16,C04917,PK09,AG02,5,0,2990,0.1,Completed,Bank Transfer
BK-2023-01143,2023-05-20,2023-06-18,C05485,PK11,AG06,2,0,3900,0.0,Completed,Bank Transfer
BK-2023-01144,2023-05-20,2023-06-12,C06279,PK08,,2,0,1180,0.0,Completed,Card
BK-2023-01145,2023-05-21,2023-08-30,C01312,PK13,AG07,2,3,7130,0.0,Completed,Card
BK-2023-01146,2023-05-21,2023-07-13,C02132,PK04,,9,0,575,0.15,Completed,PayPal
BK-2023-01147,2023-05-21,2023-11-17,C02406,PK15,AG04,7,0,3900,0.1,Completed,M-Pesa
BK-2023-01148,2023-05-21,2023-06-29,C03747,PK02,AG04,1,0,380,0.0,Completed,PayPal
BK-2023-01149,2023-05-21,2023-07-13,C04185,PK07,,2,0,2700,0.1,Completed,Card
BK-2023-01150,2023-05-21,2023-11-23,C04635,PK12,AG07,2,3,4800,0.05,Completed,Bank Transfer
BK-2023-01151,2023-05-21,2023-07-07,C05304,PK07,AG03,2,3,2700,0.05,Canceled,PayPal
BK-2023-01152,2023-05-21,2023-09-09,C06319,PK09,AG09,2,2,2990,0.05,Completed,Bank Transfer
BK-2023-01153,2023-05-22,2024-02-20,C00017,PK15,AG07,9,0,4095,0.1,Completed,Card
BK-2023-01154,2023-05-22,2023-08-07,C00812,PK15,AG05,2,0,4485,0.05,Completed,PayPal
BK-2023-01155,2023-05-22,2023-07-09,C01109,PK07,AG12,9,0,2700,0.0,Completed,PayPal
BK-2023-01156,2023-05-22,2023-08-16,C01625,PK10,AG08,8,0,1025,0.05,Completed,Bank Transfer
BK-2023-01157,2023-05-22,2023-06-14,C01670,PK01,,2,0,420,0.0,Completed,Card
BK-2023-01158,2023-05-22,2024-02-14,C02014,PK13,,2,0,6510,0.0,Completed ,Bank Transfer
BK-2023-01159,2023-05-22,2023-08-10,C02485,PK09,AG04,1,0,2990,0.0,Completed,Card
BK-2023-01160,2023-05-22,2023-08-24,C03748,PK14,AG04,2,3,4715,0.0,Completed,Card
BK-2023-01161,2023-05-22,2023-06-27,C04151,PK09,,2,0,2600,0.05,Completed,Card
BK-2023-01162,2023-05-22,2023-06-07,C04414,PK05,,5,0,780,0.1,Completed,PayPal
BK-2023-01163,2023-05-23,2023-09-27,C00828,PK17,,2,0,11270,0.1,Completed,M-Pesa
BK-2023-01164,2023-05-23,2023-07-18,C00925,PK07,AG03,1,0,2700,0.0,completed,Card
BK-2023-01165,2023-05-23,2023-07-02,C01233,PK01,AG03,6,0,485,0.1,Canceled,PayPal
BK-2023-01166,2023-05-23,2023-06-23,C01357,PK07,,2,1,2350,0.0,Cancelled,Card
BK-2023-01167,2023-05-23,2023-08-26,C01429,PK06,AG01,2,1,1440,0.0,Completed,Card
BK-2023-01168,2023-05-23,2023-06-19,C01814,PK06,AG03,2,0,1250,0.1,Canceled,Bank Transfer
BK-2023-01169,2023-05-23,2023-07-09,C01930,PK02,,9,0,435,0.1,Completed ,Card
BK-2023-01170,2023-05-23,2023-10-25,C02198,PK12,AG11,6,0,5520,0.0,Canceled,Card
BK-2023-01171,2023-05-23,2023-11-27,C02954,PK12,AG04,2,3,4800,0.05,Completed,Bank Transfer
BK-2023-01172,2023-05-23,2023-08-17,C03459,PK06,AG03,2,3,1440,0.0,Completed,M-Pesa
BK-2023-01173,2023-05-23,2023-09-23,C03490,PK06,AG03,2,0,1440,0.05,Completed,Bank Transfer
BK-2023-01174,2023-05-23,2023-09-06,C03686,PK09,,2,0,2990,0.0,Completed,Card
BK-2023-01175,2023-05-23,2023-08-04,C04773,PK14,AG02,8,0,4715,0.1,Completed,Bank Transfer
BK-2023-01176,2023-05-23,2023-09-15,C05288,PK17,AG07,2,0,11270,0.0,Completed,M-Pesa
BK-2023-01177,2023-05-23,2023-10-31,C05548,PK12,,2,0,5520,0.0,Completed,Bank Transfer
BK-2023-01178,2023-05-23,2023-12-07,C06302,PK12,AG03,2,1,5520,0.05,Completed,Card
BK-2023-01179,2023-05-23,2023-08-13,C06457,PK13,AG04,1,0,7130,0.0,Completed,PayPal
BK-2023-01180,2023-05-24,2023-06-29,C00730,PK06,AG11,1,0,1250,0.05,Completed,Bank Transfer
BK-2023-01181,2023-05-24,2023-06-07,C01060,PK01,AG01,2,0,420,0.05,Completed,Card
BK-2023-01182,2023-05-24,2023-09-07,C01338,PK08,,2,0,1355,0.05,Cancelled,Bank Transfer
BK-2023-01183,2023-05-24,2023-07-20,C01894,PK11,AG03,2,1,4485,0.1,Completed,Card
BK-2023-01184,2023-05-24,2023-10-26,C02490,PK14,,2,0,4715,0.0,Completed,Bank Transfer
BK-2023-01185,2023-05-24,2023-08-17,C03289,PK13,,2,0,7130,0.05,Completed,Card
BK-2023-01186,2023-05-24,2023-08-07,C03590,PK06,AG02,2,2,1440,0.0,Completed,Bank Transfer
BK-2023-01187,2023-05-24,2023-06-02,C04384,PK01,AG04,2,0,420,0.05,Completed,PayPal
BK-2023-01188,2023-05-24,2024-02-23,C04981,PK15,AG04,2,0,4095,0.0,Cancelled,Bank Transfer
BK-2023-01189,2023-05-24,2023-07-19,C05533,PK06,AG02,2,1,1440,0.1,Completed,Bank Transfer
BK-2023-01190,2023-05-24,2023-12-08,C06122,PK07,,2,1,2700,0.0,Completed,Card
BK-2023-01191,2023-05-25,2023-08-08,C00213,PK15,AG08,2,3,4485,0.0,Completed,M-Pesa
BK-2023-01192,2023-05-25,2023-07-14,C01413,PK04,AG02,2,2,575,0.1,Completed,Bank Transfer
BK-2023-01193,2023-05-25,2023-07-12,C01717,PK09,AG02,2,1,2990,0.0,Completed,PayPal
BK-2023-01194,2023-05-25,2023-08-09,C01749,PK06,,2,2,1440,0.0,COMPLETED,PayPal
BK-2023-01195,2023-05-25,2023-07-21,C02342,PK06,AG09,9,0,1440,0.0,Completed,Bank Transfer
BK-2023-01196,2023-05-25,2023-06-10,C02366,PK02,AG02,9,0,380,0.0,Completed,Card
BK-2023-01197,2023-05-25,2023-10-24,C03033,PK07,AG04,2,0,2700,0.1,Completed,Card
BK-2023-01198,2023-05-25,2023-07-14,C03058,PK05,AG13,4,0,895,,Completed,Bank Transfer
BK-2023-01199,2023-05-25,2023-09-12,C03112,PK15,AG03,1,0,4485,0.0,Completed,Bank Transfer
BK-2023-01200,2023-05-25,2023-07-29,C04115,PK01,AG03,1,0,485,0.1,Completed,PayPal
BK-2023-01201,2023-05-25,2023-07-29,C04172,PK03,AG13,3,0,620,0.05,Completed,Card
BK-2023-01202,2023-05-25,2023-08-20,C04620,PK10,AG11,2,2,1025,0.0,Completed,Bank Transfer
BK-2023-01203,2023-05-25,2023-06-23,C04628,PK06,AG04,2,0,1250,0.1,Completed,Bank Transfer
BK-2023-01204,2023-05-25,2023-09-25,C05124,PK09,AG09,2,1,2990,0.0,Completed,Bank Transfer
BK-2023-01205,2023-05-25,2023-07-24,C05568,PK03,,2,0,620,0.0,Completed,M-Pesa
BK-2023-01206,2023-05-25,2023-06-15,C06007,PK01,AG02,2,3,420,0.1,Completed,Card
BK-2023-01207,2023-05-25,2023-09-09,C06101,PK07,AG11,2,0,2700,0.15,Completed,Card
BK-2023-01208,2023-05-26,2023-06-20,C00490,PK02,,2,0,380,0.0,Completed,PayPal
BK-2023-01209,2023-05-26,2023-07-16,C00529,PK01,,4,0,485,0.1,Completed,M-Pesa
BK-2023-01210,2023-05-26,2023-08-30,C00828,PK10,AG05,2,0,1025,0.15,Completed,PayPal
BK-2023-01211,2023-05-26,2023-09-01,C01279,PK06,AG06,6,0,1440,0.1,completed,Card
BK-2023-01212,2023-05-26,2023-06-28,C01477,PK05,AG11,2,0,780,0.0,Completed,Card
BK-2023-01213,2023-05-26,2023-08-29,C01612,PK14,AG04,2,0,4715,0.15,cancelled,Bank Transfer
BK-2023-01214,2023-05-26,2023-07-01,C02597,PK08,AG07,2,2,1355,0.0,Completed,PayPal
BK-2023-01215,2023-05-26,2023-11-30,C02614,PK16,,9,0,4600,0.15,Completed,M-Pesa
BK-2023-01216,2023-05-26,2023-10-06,C02856,PK13,AG02,2,0,7130,0.05,Cancelled,M-Pesa
BK-2023-01217,2023-05-26,2023-06-10,C03358,PK02,AG05,2,0,380,0.0,Completed,Card
BK-2023-01218,2023-05-26,2023-06-29,C03762,PK14,AG06,1,0,4100,0.05,Cancelled,Card
BK-2023-01219,2023-05-26,2023-07-09,C04079,PK01,AG07,2,2,485,0.05,Completed,Card
BK-2023-01220,2023-05-26,2023-08-03,C04337,PK07,,2,2,2700,0.05,Completed,M-Pesa
BK-2023-01221,2023-05-26,2023-06-03,C04393,PK05,AG07,2,0,780,0.1,Completed,PayPal
BK-2023-01222,2023-05-26,2023-10-17,C05070,PK14,AG13,5,0,4715,0.1,Completed,M-Pesa
BK-2023-01223,2023-05-26,2023-07-21,C05686,PK08,,2,0,1355,0.1,Completed,Bank Transfer
BK-2023-01224,2023-05-26,2023-07-08,C05902,PK15,AG01,2,0,4485,0.0,Completed,Bank Transfer
BK-2023-01225,2023-05-27,2023-09-12,C00021,PK07,,2,0,2700,0.0,Completed,Card
BK-2023-01226,2023-05-27,2023-07-29,C00492,PK15,AG02,1,0,4485,0.0,Completed,Card
BK-2023-01227,2023-05-27,2023-07-12,C01055,PK07,,2,2,2700,0.0,Completed,PayPal
BK-2023-01228,2023-05-27,2023-07-04,C01117,PK03,AG02,7,0,620,0.0,Completed,PayPal
BK-2023-01229,2023-05-27,2023-09-06,C02844,PK07,,2,0,2700,0.1,Completed,Card
BK-2023-01230,2023-05-27,2023-07-31,C02869,PK08,AG12,6,0,1355,0.0,Completed,Bank Transfer
BK-2023-01231,2023-05-27,2023-09-04,C03031,PK06,,2,0,1440,0.0,Completed,PayPal
BK-2023-01232,2023-05-27,2023-11-12,C03495,PK15,AG04,1,0,3900,0.0,Completed,PayPal
BK-2023-01233,2023-05-27,2023-07-04,C03602,PK09,AG06,4,0,2990,0.0,Cancelled,PayPal
BK-2023-01234,2023-05-27,2023-07-10,C04401,PK08,AG03,4,0,1355,0.15,Completed,Card
BK-2023-01235,2023-05-27,2023-10-14,C04985,PK16,AG04,2,0,5290,0.05,Completed,Bank Transfer
BK-2023-01236,2023-05-27,2023-09-10,C05780,PK08,AG12,8,0,1355,0.1,Completed,Card
BK-2023-01237,2023-05-28,2023-10-22,C00231,PK06,AG01,2,0,1440,0.1,Completed,Bank Transfer
BK-2023-01238,2023-05-28,2023-09-15,C00583,PK07,AG04,2,0,2700,0.0,Completed,Card
BK-2023-01239,2023-05-28,2023-06-28,C00891,PK04,AG01,1,0,500,0.0,Completed,M-Pesa
BK-2023-01240,2023-05-28,2023-07-05,C01749,PK02,AG09,2,2,435,0.0,Completed,Card
BK-2023-01241,2023-05-28,2023-06-18,C02293,PK01,AG04,2,3,420,0.1,Completed,M-Pesa
BK-2023-01242,2023-05-28,2023-08-10,C02593,PK01,AG11,2,0,485,,Completed,Card
BK-2023-01243,2023-05-28,2023-07-29,C03359,PK17,,2,2,11270,0.1,Completed,Card
BK-2023-01244,2023-05-28,2023-06-17,C03475,PK05,AG03,2,0,780,0.0,Completed,Bank Transfer
BK-2023-01245,2023-05-28,2023-06-17,C04482,PK05,AG01,5,0,780,0.1,Completed,Card
BK-2023-01246,2023-05-28,2023-08-19,C05051,PK06,AG01,2,0,1440,0.0,Completed,PayPal
BK-2023-01247,2023-05-28,2023-08-01,C05566,PK16,AG01,2,0,5290,0.1,Completed,Bank Transfer
BK-2023-01248,2023-05-28,2023-06-12,C05762,PK10,,2,0,890,0.0,Completed,Card
BK-2023-01249,2023-05-29,2023-12-17,C00541,PK13,AG03,2,0,7130,0.0,Cancelled,PayPal
BK-2023-01250,2023-05-29,2023-07-03,C00839,PK01,AG11,2,0,485,0.0,Completed,Bank Transfer
BK-2023-01251,2023-05-29,2023-08-25,C02161,PK12,,1,0,5520,0.0,Cancelled,PayPal
BK-2023-01252,2023-05-29,2023-06-08,C03932,PK14,AG03,2,1,4100,0.0,Completed ,Card
BK-2023-01253,2023-05-29,2023-07-24,C04358,PK06,,2,0,1440,0.0,Completed,Bank Transfer
BK-2023-01254,2023-05-29,2023-07-09,C04930,PK11,,2,2,4485,0.0,completed,Card
BK-2023-01255,2023-05-29,2023-07-02,C05660,PK03,,2,0,620,0.0,completed,Card
BK-2023-01256,2023-05-29,2023-07-02,C06357,PK08,AG05,2,0,1355,0.0,Completed,Card
BK-2023-01257,2023-05-30,2023-08-29,C00196,PK05,AG04,6,0,895,0.1,Completed,PayPal
BK-2023-01258,2023-05-30,2023-07-03,C00778,PK10,AG12,11,0,1025,0.15,Completed,M-Pesa
BK-2023-01259,2023-05-30,2023-07-03,C01516,PK07,AG07,2,0,2700,0.0,Completed,Card
BK-2023-01260,2023-05-30,2023-06-27,C01844,PK02,AG04,12,0,380,0.1,COMPLETED,M-Pesa
BK-2023-01261,2023-05-30,2024-07-18,C02027,PK12,AG03,2,0,5795,0.0,completed,Bank Transfer
BK-2023-01262,2023-05-30,2023-07-13,C02236,PK09,,10,0,2990,0.1,Completed,Card
BK-2023-01263,2023-05-30,2024-01-14,C02627,PK13,,1,0,7485,0.0,Completed,M-Pesa
BK-2023-01264,2023-05-30,2024-01-23,C03046,PK14,,2,0,4950,0.0,Completed,Card
BK-2023-01265,2023-05-30,2024-02-18,C03461,PK13,AG11,4,0,6510,0.1,Completed,PayPal
BK-2023-01266,2023-05-30,2023-07-09,C04291,PK11,AG04,8,0,4485,0.1,Completed,Card
BK-2023-01267,2023-05-30,2023-09-24,C04348,PK14,AG02,2,1,4715,0.0,Completed,PayPal
BK-2023-01268,2023-05-30,2023-06-06,C05710,PK02,,2,0,380,0.0,Completed,PayPal
BK-2023-01269,2023-05-30,2023-08-06,C05822,PK16,AG02,2,0,5290,0.0,Completed,Bank Transfer
BK-2023-01270,2023-05-30,2023-09-25,C05911,PK12,AG02,2,0,5520,0.0,Completed,Card
BK-2023-01271,2023-05-31,2023-09-19,C02097,PK09,,2,0,2990,0.0,Completed,Card
BK-2023-01272,2023-05-31,2023-08-11,C02215,PK13,AG03,2,2,7130,0.15,Completed,Card
BK-2023-01273,2023-05-31,2023-06-11,C02218,PK03,,2,0,540,0.0,Completed,Card
BK-2023-01274,2023-05-31,2023-07-15,C03589,PK09,AG04,2,0,2990,,Canceled,Card
BK-2023-01275,2023-05-31,2023-10-18,C03667,PK16,AG03,2,0,5290,0.0,Completed,Bank Transfer
BK-2023-01276,2023-05-31,2024-01-23,C03773,PK16,AG07,2,0,5555,0.0,Completed ,Card
BK-2023-01277,2023-05-31,2023-10-16,C03842,PK17,AG03,1,0,11270,0.0,Cancelled,Card
BK-2023-01278,2023-05-31,2023-08-05,C04956,PK08,AG06,4,0,1355,0.1,Completed,Card
BK-2023-01279,2023-05-31,2023-09-10,C04972,PK06,,4,0,1440,0.0,Cancelled,M-Pesa
BK-2023-01280,2023-05-31,2023-07-13,C05013,PK09,AG04,5,0,2990,0.1,Completed,Card
BK-2023-01281,2023-05-31,2023-06-18,C05548,PK03,,2,0,540,0.0,Completed,Card
BK-2023-01282,2023-06-01,2023-07-21,C00038,PK04,AG02,4,0,575,0.1,Completed,M-Pesa
BK-2023-01283,2023-06-01,2023-07-04,C01219,PK02,AG11,1,0,435,0.0,Completed,PayPal
BK-2023-01284,2023-06-01,2024-01-28,C03091,PK14,AG06,2,1,4950,0.0,Completed,Bank Transfer
BK-2023-01285,2023-06-01,2023-07-03,C03544,PK12,,2,2,5520,0.05,Completed,Card
BK-2023-01286,2023-06-01,2023-07-04,C03855,PK01,,2,3,485,0.0,Completed,Card
BK-2023-01287,2023-06-01,2023-08-10,C04031,PK05,AG10,2,0,895,0.05,Completed ,Card
BK-2023-01288,2023-06-01,2023-07-30,C04637,PK15,AG05,1,0,4485,0.0,Completed,Card
BK-2023-01289,2023-06-01,2023-10-29,C05392,PK09,AG08,4,0,2990,0.05,completed,Card
BK-2023-01290,2023-06-01,2023-06-26,C06019,PK03,,2,2,540,0.05,Completed,Card
BK-2023-01291,2023-06-01,2023-09-06,C06157,PK12,AG05,1,0,5520,0.05,Completed,Bank Transfer
BK-2023-01292,2023-06-01,2023-07-14,C06211,PK02,,2,1,435,0.0,Completed,PayPal
BK-2023-01293,2023-06-02,2023-08-18,C00428,PK06,,2,0,1440,0.05,Completed,PayPal
BK-2023-01294,2023-06-02,2024-01-20,C02877,PK06,,2,0,1510,0.15,Completed,M-Pesa
BK-2023-01295,2023-06-02,2023-07-05,C02976,PK05,AG06,9,0,895,0.1,Completed,Bank Transfer
BK-2023-01296,2023-06-02,2023-07-25,C03653,PK06,,2,3,1440,0.1,Completed,Bank Transfer
BK-2023-01297,2023-06-02,2023-08-15,C03692,PK01,AG05,2,0,485,0.0,Completed,Card
BK-2023-01298,2023-06-02,2023-07-08,C04126,PK11,AG02,2,1,4485,0.15,Completed,PayPal
BK-2023-01299,2023-06-02,2023-08-25,C05562,PK08,AG01,2,0,1355,0.0,Completed,Card
BK-2023-01300,2023-06-03,2023-09-07,C00180,PK09,AG03,5,0,2990,0.05,Completed,Bank Transfer
BK-2023-01301,2023-06-03,2023-09-01,C00460,PK09,AG04,6,0,2990,0.1,Completed,Card
BK-2023-01302,2023-06-03,2024-04-06,C00572,PK17,,2,3,10290,0.0,Completed,Card
BK-2023-01303,2023-06-03,2023-07-26,C00894,PK12,AG10,2,0,5520,0.0,Completed,M-Pesa
BK-2023-01304,2023-06-03,2023-11-04,C01250,PK12,,1,0,4800,0.0,Completed,Card
BK-2023-01305,2023-06-03,2023-06-19,C01486,PK16,AG01,2,1,4600,0.0,Completed,Card
BK-2023-01306,2023-06-03,2023-08-09,C01904,PK04,AG11,2,1,575,0.05,Completed,PayPal
BK-2023-01307,2023-06-03,2023-06-18,C02259,PK05,,1,0,780,0.05,Completed,Card
BK-2023-01308,2023-06-03,2023-08-12,C02470,PK06,AG07,1,0,1440,0.05,Completed,Card
BK-2023-01309,2023-06-03,2023-06-29,C02777,PK01,,1,0,420,0.1,Cancelled,Card
BK-2023-01310,2023-06-03,2023-10-09,C03423,PK12,,2,0,5520,0.05,Completed,Card
BK-2023-01311,2023-06-03,2023-10-09,C03613,PK15,AG02,2,0,4485,0.0,Completed,Card
BK-2023-01312,2023-06-03,2023-06-28,C04786,PK02,AG07,7,0,380,0.0,Completed,Card
BK-2023-01313,2023-06-03,2023-07-28,C04848,PK02,AG03,2,2,435,0.0,Completed ,PayPal
BK-2023-01314,2023-06-03,2023-08-22,C05135,PK15,AG05,2,0,4485,0.0,Completed,Bank Transfer
BK-2023-01315,2023-06-03,2023-07-18,C05602,PK03,AG08,2,0,620,0.0,Completed,Card
BK-2023-01316,2023-06-04,2023-07-11,C01342,PK11,,1,0,4485,0.0,Completed,M-Pesa
BK-2023-01317,2023-06-04,2023-09-11,C01471,PK01,AG11,2,0,485,0.1,Completed ,PayPal
BK-2023-01318,2023-06-04,2023-08-23,C03122,PK06,,2,0,1440,,Completed,Bank Transfer
BK-2023-01319,2023-06-04,2023-07-23,C03243,PK02,,1,0,435,0.1,Completed,Card
BK-2023-01320,2023-06-04,2023-08-28,C04546,PK02,AG10,2,0,435,0.1,Completed,PayPal
BK-2023-01321,2023-06-04,2023-09-26,C04674,PK16,AG04,1,0,5290,0.0,Completed,Card
BK-2023-01322,2023-06-04,2023-08-04,C05519,PK04,AG08,2,0,575,0.0,Completed,M-Pesa
BK-2023-01323,2023-06-04,2023-07-06,C06276,PK08,AG11,2,0,1355,0.0,Completed,PayPal
BK-2023-01324,2023-06-04,2023-07-13,C06396,PK02,,2,0,435,0.15,Completed,Card
BK-2023-01325,2023-06-05,2023-07-29,C00681,PK13,,2,0,7130,0.0,Completed,Card
BK-2023-01326,2023-06-05,2023-07-18,C01241,PK04,AG07,7,0,575,0.1,Completed ,Card
BK-2023-01327,2023-06-05,2023-07-28,C01767,PK03,AG07,2,0,620,0.15,Canceled,Bank Transfer
BK-2023-01328,2023-06-05,2023-08-19,C02047,PK07,AG02,2,3,2700,,Completed,Card
BK-2023-01329,2023-06-05,2023-08-26,C02301,PK12,AG06,2,3,5520,0.0,Completed,Bank Transfer
BK-2023-01330,2023-06-05,2023-08-17,C02395,PK07,,1,0,2700,0.0,Completed,Card
BK-2023-01331,2023-06-05,2023-08-16,C02746,PK17,AG10,2,0,11270,0.05,Completed,M-Pesa
BK-2023-01332,2023-06-05,2023-08-21,C05747,PK09,AG03,2,0,2990,0.0,Completed,Bank Transfer
BK-2023-01333,2023-06-06,2023-06-18,C00292,PK05,AG09,2,2,780,0.1,completed,Card
BK-2023-01334,2023-06-06,2023-07-20,C01004,PK05,,2,3,895,0.0,Completed,PayPal
BK-2023-01335,2023-06-06,2023-08-13,C01152,PK02,AG04,2,0,435,0.0,Completed,Card
BK-2023-01336,2023-06-06,2023-07-07,C01775,PK09,AG04,2,0,2990,0.05,Completed ,Card
BK-2023-01337,2023-06-06,2023-06-24,C01794,PK11,AG01,1,0,3900,0.0,Completed,Card
BK-2023-01338,2023-06-06,2023-08-30,C02097,PK06,AG07,2,0,1440,0.0,Completed,Card
BK-2023-01339,2023-06-06,2023-07-08,C02635,PK01,AG06,2,0,485,0.0,Cancelled,Card
BK-2023-01340,2023-06-06,2023-07-04,C02978,PK05,AG02,1,0,895,0.0,Completed ,Bank Transfer
BK-2023-01341,2023-06-06,2023-06-22,C03858,PK03,AG01,2,0,540,0.0,Completed,PayPal
BK-2023-01342,2023-06-06,2023-07-19,C04136,PK06,,2,1,1440,0.0,Completed,Card
BK-2023-01343,2023-06-06,2023-07-18,C04548,PK04,AG02,2,2,575,0.0,Completed,PayPal
BK-2023-01344,2023-06-06,2023-07-09,C05411,PK01,AG06,6,0,485,0.1,Completed,PayPal
BK-2023-01345,2023-06-06,2023-06-20,C05444,PK04,AG05,2,1,500,0.05,Completed ,Card
BK-2023-01346,2023-06-06,2023-06-24,C05547,PK12,,2,1,4800,0.0,Completed,Bank Transfer
BK-2023-01347,2023-06-06,2023-07-24,C06247,PK05,AG03,4,0,895,0.1,Completed,PayPal
BK-2023-01348,2023-06-06,2023-09-22,C06297,PK15,AG10,1,0,4485,0.0,Completed,PayPal
BK-2023-01349,2023-06-07,2023-07-06,C00099,PK01,AG11,2,3,485,0.1,Completed,Card
BK-2023-01350,2023-06-07,2023-08-11,C01586,PK11,,2,2,4485,0.0,Completed,Card
BK-2023-01351,2023-06-07,2023-07-11,C01810,PK15,AG03,1,0,4485,0.0,Completed,Card
BK-2023-01352,2023-06-07,2023-08-25,C02983,PK09,,6,0,2990,0.1,Completed,Bank Transfer
BK-2023-01353,2023-06-07,2023-08-02,C03358,PK03,AG09,2,0,620,0.0,Cancelled,PayPal
BK-2023-01354,2023-06-07,2023-07-19,C03677,PK14,AG04,2,0,4715,0.1,Completed,Bank Transfer
BK-2023-01355,2023-06-07,2023-08-08,C03781,PK14,AG01,2,3,4715,0.0,Completed,M-Pesa
BK-2023-01356,2023-06-07,2023-08-30,C04472,PK04,,2,0,575,0.15,Completed,Card
BK-2023-01357,2023-06-07,2023-06-10,C04758,PK04,AG01,8,0,500,0.1,Completed ,Card
BK-2023-01358,2023-06-07,2023-06-16,C04799,PK07,AG01,2,3,2350,0.05,Completed,Card
BK-2023-01359,2023-06-08,2023-09-08,C02141,PK07,,2,0,2700,0.05,Completed,Card
BK-2023-01360,2023-06-08,2023-07-20,C02202,PK01,AG10,2,3,485,0.05,Completed,Bank Transfer
BK-2023-01361,2023-06-08,2023-07-12,C02573,PK02,AG08,6,0,435,0.0,Completed,Card
BK-2023-01362,2023-06-08,2023-08-15,C02763,PK01,AG04,2,0,485,0.0,Canceled,Card
BK-2023-01363,2023-06-08,2023-07-13,C02993,PK02,,2,0,435,0.0,Completed,Card
BK-2023-01364,2023-06-08,2023-06-19,C03417,PK02,AG05,5,0,380,0.1,Completed,Bank Transfer
BK-2023-01365,2023-06-08,2023-08-02,C03923,PK03,,2,3,620,0.0,Completed,Card
BK-2023-01366,2023-06-08,2024-07-02,C04995,PK15,,5,0,4710,0.0,Completed,Bank Transfer
BK-2023-01367,2023-06-09,2023-06-22,C00170,PK01,,2,0,420,0.0,Completed,Card
BK-2023-01368,2023-06-09,2023-08-05,C00313,PK10,,2,3,1025,0.0,Completed,Card
BK-2023-01369,2023-06-09,2023-08-29,C00373,PK10,AG10,2,0,1025,0.05,Completed,M-Pesa
BK-2023-01370,2023-06-09,2023-09-20,C00403,PK12,,1,0,5520,0.0,Completed,Card
BK-2023-01371,2023-06-09,2023-07-26,C01294,PK06,AG07,2,0,1440,0.0,Canceled,Card
BK-2023-01372,2023-06-09,2023-12-24,C01404,PK12,AG03,1,0,5520,0.05,Completed,Card
BK-2023-01373,2023-06-09,2023-07-09,C02363,PK05,,2,0,895,0.0,Completed,Card
BK-2023-01374,2023-06-09,2024-07-27,C02406,PK14,,8,0,4950,0.1,Completed,Card
BK-2023-01375,2023-06-09,2023-07-09,C02644,PK04,AG05,2,1,575,0.05,Canceled,PayPal
BK-2023-01376,2023-06-09,2023-07-12,C02985,PK02,,5,0,435,0.1,Cancelled,PayPal
BK-2023-01377,2023-06-09,2023-09-06,C03247,PK12,AG03,2,0,5520,0.0,Completed,Card
BK-2023-01378,2023-06-09,2023-07-02,C03798,PK05,AG02,2,3,895,0.0,Canceled,Card
BK-2023-01379,2023-06-09,2023-06-26,C03818,PK08,,2,0,1180,0.05,Completed,Card
BK-2023-01380,2023-06-09,2023-08-02,C05608,PK11,AG12,4,0,4485,0.05,Completed,Bank Transfer
BK-2023-01381,2023-06-09,2023-09-06,C05871,PK16,AG03,2,2,5290,0.1,Completed,M-Pesa
BK-2023-01382,2023-06-09,2023-11-11,C06432,PK10,AG05,6,0,890,0.1,Completed,Card
BK-2023-01383,2023-06-10,2023-07-20,C00860,PK11,AG10,2,0,4485,0.1,Completed,Card
BK-2023-01384,2023-06-10,2023-06-14,C01326,PK16,AG11,6,0,4600,0.05,Completed,Card
BK-2023-01385,2023-06-10,2023-07-25,C01571,PK01,AG01,2,1,485,0.0,Completed,Card
BK-2023-01386,2023-06-10,2024-03-22,C01824,PK14,AG11,2,0,4305,0.0,Cancelled,Card
BK-2023-01387,2023-06-10,2023-07-07,C01926,PK06,,4,0,1440,0.05,Cancelled,Card
BK-2023-01388,2023-06-10,2023-09-03,C02162,PK10,,7,0,1025,0.1,Completed,Card
BK-2023-01389,2023-06-10,2023-08-30,C02782,PK16,AG03,2,3,5290,0.0,Canceled,Card
BK-2023-01390,2023-06-10,2023-07-26,C03866,PK03,,2,0,620,0.0,Completed,Card
BK-2023-01391,2023-06-10,2023-08-11,C03881,PK09,AG03,2,0,2990,0.0,Cancelled,Bank Transfer
BK-2023-01392,2023-06-10,2023-11-07,C04229,PK15,AG03,2,1,3900,,Completed,Card
BK-2023-01393,2023-06-10,2023-07-14,C06011,PK12,,2,1,5520,0.05,Completed,PayPal
BK-2023-01394,2023-06-11,2023-09-30,C00588,PK07,,6,0,2700,0.0,completed,Bank Transfer
BK-2023-01395,2023-06-11,2023-10-27,C00927,PK16,,1,0,5290,0.0,Completed,Card
BK-2023-01396,2023-06-11,2023-09-08,C01257,PK15,,2,0,4485,0.1,Completed,Card
BK-2023-01397,2023-06-11,2023-08-10,C01952,PK13,AG04,2,1,7130,0.0,Completed,Bank Transfer
BK-2023-01398,2023-06-11,2023-06-26,C02339,PK04,AG02,5,0,500,0.1,Completed,PayPal
BK-2023-01399,2023-06-11,2023-09-24,C02897,PK11,,5,0,4485,0.0,Completed,Bank Transfer
BK-2023-01400,2023-06-11,2023-09-14,C03505,PK13,AG07,2,0,7130,0.0,Completed,Card
BK-2023-01401,2023-06-11,2023-07-06,C03640,PK04,AG06,2,0,575,0.0,Completed,Bank Transfer
BK-2023-01402,2023-06-11,2023-07-15,C03906,PK08,,1,0,1355,0.05,Completed,Bank Transfer
BK-2023-01403,2023-06-11,2023-09-06,C04082,PK15,AG04,1,0,4485,0.0,Completed,Bank Transfer
BK-2023-01404,2023-06-11,2023-08-08,C04181,PK09,AG06,2,3,2990,0.0,Completed,Bank Transfer
BK-2023-01405,2023-06-11,2023-08-05,C04379,PK17,,2,1,11270,0.0,Completed ,Card
BK-2023-01406,2023-06-11,2023-08-02,C05043,PK06,AG03,2,0,1440,0.0,Completed,Card
BK-2023-01407,2023-06-12,2023-07-26,C00414,PK09,AG07,2,0,2990,0.0,Completed,Card
BK-2023-01408,2023-06-12,2023-12-07,C00551,PK13,AG04,1,0,7130,0.15,Completed,PayPal
BK-2023-01409,2023-06-12,2023-11-23,C01435,PK06,AG04,2,2,1250,0.05,Cancelled,PayPal
BK-2023-01410,2023-06-12,2024-10-15,C01632,PK13,AG11,7,0,7485,0.0,Completed ,Card
BK-2023-01411,2023-06-12,2023-08-05,C01701,PK09,AG01,2,0,2990,0.0,Completed,Card
BK-2023-01412,2023-06-12,2023-09-17,C01944,PK01,,2,0,485,0.05,Completed,Card
BK-2023-01413,2023-06-12,2023-07-24,C01990,PK02,AG01,2,1,435,0.0,Completed,Card
BK-2023-01414,2023-06-12,2023-07-19,C02150,PK04,AG02,2,0,575,0.15,Completed,Bank Transfer
BK-2023-01415,2023-06-12,2023-07-17,C02413,PK06,AG06,4,0,1440,0.15,Completed,Bank Transfer
BK-2023-01416,2023-06-12,2023-07-10,C02637,PK05,AG06,2,1,895,,Completed,Card
BK-2023-01417,2023-06-12,2023-07-19,C03668,PK06,,1,0,1440,0.0,Completed,Bank Transfer
BK-2023-01418,2023-06-12,2023-07-02,C03888,PK02,,6,0,435,0.1,Completed,Card
BK-2023-01419,2023-06-12,2023-07-24,C04422,PK16,AG05,2,0,5290,0.0,Completed,Card
BK-2023-01420,2023-06-12,2023-09-02,C04465,PK08,AG08,1,0,1355,0.05,Completed,Card
BK-2023-01421,2023-06-12,2023-06-29,C04468,PK08,,2,0,1180,0.0,Completed,M-Pesa
BK-2023-01422,2023-06-12,2023-08-28,C04587,PK14,,1,0,4715,0.05,Completed,Card
BK-2023-01423,2023-06-13,2023-07-12,C00612,PK01,,2,0,485,0.0,Completed,Card
BK-2023-01424,2023-06-13,2023-10-03,C01218,PK07,AG07,1,0,2700,0.0,Completed,Card
BK-2023-01425,2023-06-13,2023-10-07,C01312,PK09,AG01,2,3,2990,0.15,Completed,Card
BK-2023-01426,2023-06-13,2023-07-27,C01620,PK06,AG02,7,0,1440,0.05,Cancelled,Card
BK-2023-01427,2023-06-13,2024-10-21,C01623,PK16,AG03,1,0,5555,0.05,Completed,Card
BK-2023-01428,2023-06-13,2023-07-11,C02323,PK02,AG04,7,0,435,0.1,cancelled,Card
BK-2023-01429,2023-06-13,2023-07-16,C02326,PK04,AG11,2,0,575,0.15,Completed,M-Pesa
BK-2023-01430,2023-06-13,2023-06-24,C02530,PK06,,2,0,1250,0.0,Completed,Card
BK-2023-01431,2023-06-13,2023-07-27,C02675,PK04,AG10,2,2,575,0.05,Completed,Bank Transfer
BK-2023-01432,2023-06-13,2023-07-12,C03203,PK02,AG01,2,0,435,0.0,Completed,PayPal
BK-2023-01433,2023-06-13,2023-08-07,C03243,PK07,,1,0,2700,0.0,completed,Card
BK-2023-01434,2023-06-13,2023-07-01,C03746,PK10,,2,0,1025,,Completed,Bank Transfer
BK-2023-01435,2023-06-13,2023-07-16,C03885,PK01,,7,0,485,0.05,Completed,Bank Transfer
BK-2023-01436,2023-06-13,2023-08-01,C04068,PK06,,6,0,1440,0.05,Completed,PayPal
BK-2023-01437,2023-06-13,2023-09-13,C04545,PK05,,1,0,895,0.0,Completed,Card
BK-2023-01438,2023-06-13,2023-07-13,C04651,PK07,AG10,2,2,2700,0.0,Completed,PayPal
BK-2023-01439,2023-06-13,2023-07-25,C04838,PK04,AG03,2,0,575,0.05,Completed,Card
BK-2023-01440,2023-06-13,2023-08-24,C05667,PK03,,8,0,620,0.0,Completed,Card
BK-2023-01441,2023-06-13,2023-07-09,C05890,PK07,AG02,2,3,2700,0.0,Completed,Bank Transfer
BK-2023-01442,2023-06-14,2023-07-28,C00039,PK03,,2,0,620,0.15,Completed,Card
BK-2023-01443,2023-06-14,2023-09-02,C00129,PK09,AG07,1,0,2990,0.0,Completed,Card
BK-2023-01444,2023-06-14,2024-01-11,C01032,PK12,AG11,2,0,5795,0.0,COMPLETED,Card
BK-2023-01445,2023-06-14,2023-07-11,C01488,PK06,AG12,10,0,1440,0.0,Completed,M-Pesa
BK-2023-01446,2023-06-14,2023-08-01,C01768,PK01,AG13,7,0,485,0.0,Completed ,Bank Transfer
BK-2023-01447,2023-06-14,2023-08-25,C02244,PK10,AG02,1,0,1025,0.0,Completed,Card
BK-2023-01448,2023-06-14,2023-07-03,C02289,PK06,AG09,2,0,1440,0.05,Completed,Bank Transfer
BK-2023-01449,2023-06-14,2023-07-11,C02291,PK05,,1,0,895,0.0,Completed,Card
BK-2023-01450,2023-06-14,2023-09-15,C03699,PK09,AG09,9,0,2990,0.1,Completed,Card
BK-2023-01451,2023-06-14,2023-06-24,C04014,PK05,AG04,2,0,780,0.0,Completed,Bank Transfer
BK-2023-01452,2023-06-14,2023-11-19,C04805,PK13,AG03,2,0,6200,0.15,Cancelled ,Card
BK-2023-01453,2023-06-14,2023-07-09,C04816,PK06,AG04,9,0,1440,0.15,Canceled,M-Pesa
BK-2023-01454,2023-06-14,2023-09-24,C05775,PK02,,2,3,435,0.0,Canceled,Card
BK-2023-01455,2023-06-14,2023-08-10,C05854,PK10,AG08,8,0,1025,0.0,CANCELLED,Bank Transfer
BK-2023-01456,2023-06-15,2023-07-13,C00926,PK06,AG12,3,0,1440,0.1,Completed,Card
BK-2023-01457,2023-06-15,2023-07-22,C02008,PK06,AG06,2,3,1440,0.05,Completed,Card
BK-2023-01458,2023-06-15,2023-08-27,C02416,PK07,AG08,9,0,2700,0.1,Completed,Bank Transfer
BK-2023-01459,2023-06-15,2023-12-21,C02660,PK12,,2,0,5520,0.0,COMPLETED,Card
BK-2023-01460,2023-06-15,2023-07-04,C02818,PK03,AG02,5,0,620,0.1,Cancelled,M-Pesa
BK-2023-01461,2023-06-15,2023-07-18,C03291,PK07,AG07,6,0,2700,,Completed,Bank Transfer
BK-2023-01462,2023-06-15,2023-09-01,C03859,PK10,,2,1,1025,0.0,Completed,Card
BK-2023-01463,2023-06-15,2023-07-08,C03888,PK02,AG05,6,0,435,0.1,Completed,Card
BK-2023-01464,2023-06-15,2023-07-05,C04351,PK02,AG13,4,0,435,0.0,Completed,Card
BK-2023-01465,2023-06-15,2023-07-04,C04501,PK03,AG08,2,0,620,0.05,Completed,Bank Transfer
BK-2023-01466,2023-06-15,2023-07-09,C06115,PK06,AG05,2,0,1440,0.0,COMPLETED,Card
BK-2023-01467,2023-06-15,2023-11-14,C06430,PK13,AG06,8,0,6200,0.1,Completed,Card
BK-2023-01468,2023-06-16,2023-10-27,C00124,PK10,AG02,1,0,1025,0.05,Canceled,M-Pesa
BK-2023-01469,2023-06-16,2023-08-18,C00128,PK08,AG04,1,0,1355,0.0,Completed,M-Pesa
BK-2023-01470,2023-06-16,2023-08-04,C00532,PK06,,2,0,1440,,Completed,Bank Transfer
BK-2023-01471,2023-06-16,2023-10-26,C01009,PK11,AG13,8,0,4485,0.1,Completed,Card
BK-2023-01472,2023-06-16,2023-07-23,C01374,PK05,AG05,2,2,895,0.0,Completed,Card
BK-2023-01473,2023-06-16,2024-09-07,C01419,PK13,AG11,2,0,7485,0.0,Completed,Card
BK-2023-01474,2023-06-16,2023-10-14,C01773,PK08,,2,2,1355,0.0,Completed,Bank Transfer
BK-2023-01475,2023-06-16,2023-07-04,C01812,PK06,AG07,4,0,1440,0.15,Completed,Bank Transfer
BK-2023-01476,2023-06-16,2023-07-14,C02108,PK06,AG07,2,3,1440,0.05,Completed,Bank Transfer
BK-2023-01477,2023-06-16,2023-07-27,C02140,PK03,,2,3,620,0.0,Completed,Card
BK-2023-01478,2023-06-16,2023-08-09,C02524,PK07,,2,0,2700,0.0,Completed,Card
BK-2023-01479,2023-06-16,2023-08-21,C02537,PK17,AG09,1,0,11270,0.1,Completed,Card
BK-2023-01480,2023-06-16,2023-12-13,C02764,PK12,,2,0,5520,0.0,Completed,Bank Transfer
BK-2023-01481,2023-06-16,2023-07-13,C03825,PK06,AG08,2,2,1440,0.0,Completed,Bank Transfer
BK-2023-01482,2023-06-16,2023-07-07,C04590,PK10,AG01,2,1,1025,0.0,Completed,Bank Transfer
BK-2023-01483,2023-06-16,2023-08-02,C05400,PK07,AG03,2,0,2700,0.0,COMPLETED,M-Pesa
BK-2023-01484,2023-06-16,2023-07-20,C05578,PK15,,2,0,4485,0.05,Completed,Card
BK-2023-01485,2023-06-16,2023-07-15,C05718,PK09,AG03,2,1,2990,0.15,Completed,Card
BK-2023-01486,2023-06-16,2023-07-17,C05976,PK06,AG02,2,0,1440,0.1,Completed,Card
BK-2023-01487,2023-06-16,2023-08-12,C06177,PK09,AG03,2,1,2990,,Completed,Bank Transfer
BK-2023-01488,2023-06-16,2023-08-11,C06194,PK05,AG02,2,0,895,0.05,Completed,Bank Transfer
BK-2023-01489,2023-06-16,2023-09-03,C06208,PK07,AG04,2,2,2700,0.05,Completed,Card
BK-2023-01490,2023-06-17,2023-07-05,C01412,PK06,AG05,1,0,1440,0.0,completed,PayPal
BK-2023-01491,2023-06-17,2023-06-23,C02466,PK06,AG11,1,0,1250,0.05,Completed,Card
BK-2023-01492,2023-06-17,2023-09-01,C02515,PK03,AG02,9,0,620,0.0,Completed,Card
BK-2023-01493,2023-06-17,2023-09-25,C03057,PK14,AG03,9,0,4715,0.1,Completed,Bank Transfer
BK-2023-01494,2023-06-17,2023-07-24,C03245,PK01,AG05,6,0,485,0.0,Completed,Card
BK-2023-01495,2023-06-17,2023-07-17,C03466,PK09,AG02,2,2,2990,0.05,Completed,Bank Transfer
BK-2023-01496,2023-06-17,2023-08-27,C03829,PK15,AG03,2,0,4485,0.0,Completed,Card
BK-2023-01497,2023-06-17,2023-08-14,C05445,PK02,AG04,2,3,435,0.0,Completed,Bank Transfer
BK-2023-01498,2023-06-17,2023-08-02,C05720,PK06,,6,0,1440,0.15,Completed,PayPal
BK-2023-01499,2023-06-17,2023-06-26,C05905,PK05,AG03,4,0,780,0.0,Cancelled,Bank Transfer
BK-2023-01500,2023-06-17,2023-12-07,C06374,PK17,,2,0,11270,0.05,Completed,Bank Transfer
BK-2023-01501,2023-06-18,2023-07-12,C00049,PK10,AG05,1,0,1025,0.0,Cancelled,PayPal
BK-2023-01502,2023-06-18,2023-08-10,C00806,PK05,AG06,1,0,895,0.05,Completed,Bank Transfer
BK-2023-01503,2023-06-18,2023-07-04,C01058,PK05,,1,0,895,0.0,Completed,Card
BK-2023-01504,2023-06-18,2023-08-07,C01330,PK15,AG12,8,0,4485,0.0,Completed,Card
BK-2023-01505,2023-06-18,2023-08-24,C01337,PK14,AG01,2,3,4715,0.1,Completed,PayPal
BK-2023-01506,2023-06-18,2024-08-14,C01479,PK12,AG07,1,0,5795,0.05,Canceled,PayPal
BK-2023-01507,2023-06-18,2023-09-04,C02147,PK06,AG04,5,0,1440,0.0,Completed,Card
BK-2023-01508,2023-06-18,2023-08-03,C02158,PK05,AG03,1,0,895,0.1,Completed,PayPal
BK-2023-01509,2023-06-18,2023-06-29,C02400,PK01,AG04,2,2,420,0.0,Completed,Bank Transfer
BK-2023-01510,2023-06-18,2023-07-16,C02404,PK06,AG05,1,0,1440,0.0,Completed,Bank Transfer
BK-2023-01511,2023-06-18,2023-08-21,C03760,PK06,AG02,2,0,1440,0.0,Completed,PayPal
BK-2023-01512,2023-06-18,2023-08-14,C04178,PK01,AG02,2,0,485,0.1,Completed,M-Pesa
BK-2023-01513,2023-06-18,2023-06-27,C04279,PK01,,6,0,420,0.1,Canceled,Card
BK-2023-01514,2023-06-18,2023-08-04,C04408,PK07,AG05,1,0,2700,0.0,Completed,Card
BK-2023-01515,2023-06-18,2023-09-20,C05756,PK12,,2,2,5520,0.0,Completed,Card
BK-2023-01516,2023-06-19,2023-09-25,C00210,PK15,,2,0,4485,0.0,Completed,PayPal
BK-2023-01517,2023-06-19,2023-09-15,C00344,PK08,AG04,2,0,1355,0.05,Completed,Bank Transfer
BK-2023-01518,2023-06-19,2023-12-10,C00355,PK17,,2,0,11270,0.0,Completed,Card
BK-2023-01519,2023-06-19,2023-09-30,C00629,PK06,AG11,1,0,1440,0.0,Cancelled,PayPal
BK-2023-01520,2023-06-19,2023-08-09,C00864,PK01,,2,3,485,0.1,Completed,Card
BK-2023-01521,2023-06-19,2023-09-05,C01557,PK06,AG03,2,3,1440,0.0,Completed,M-Pesa
BK-2023-01522,2023-06-19,2023-07-19,C02172,PK04,AG01,6,0,575,0.0,Completed,M-Pesa
BK-2023-01523,2023-06-19,2023-08-15,C02734,PK08,AG05,2,0,1355,0.0,Completed,M-Pesa
BK-2023-01524,2023-06-19,2023-08-01,C02877,PK02,AG04,2,0,435,0.0,Completed,PayPal
BK-2023-01525,2023-06-19,2023-09-17,C03092,PK09,AG12,5,0,2990,0.1,Completed,Card
BK-2023-01526,2023-06-19,2023-08-26,C03729,PK02,AG04,9,0,435,0.1,Completed,Card
BK-2023-01527,2023-06-19,2023-09-21,C03975,PK06,,2,0,1440,0.05,Completed,Card
BK-2023-01528,2023-06-19,2023-08-07,C04229,PK03,AG04,2,3,620,0.0,Completed ,Bank Transfer
BK-2023-01529,2023-06-19,2023-07-06,C04383,PK07,,6,0,2700,0.1,Completed,Bank Transfer
BK-2023-01530,2023-06-19,2023-07-08,C04575,PK02,,2,2,435,0.0,Completed,Card
BK-2023-01531,2023-06-19,2024-01-11,C05420,PK08,AG04,2,0,1425,0.0,Completed,PayPal
BK-2023-01532,2023-06-19,2023-07-08,C05877,PK05,AG07,2,1,895,0.05,Completed,Card
BK-2023-01533,2023-06-19,2023-08-08,C06089,PK02,,5,0,435,0.0,Completed,Card
BK-2023-01534,2023-06-20,2023-08-25,C00234,PK01,AG13,8,0,485,0.1,completed,Card
BK-2023-01535,2023-06-20,2023-09-12,C00366,PK14,AG04,2,2,4715,0.1,Completed,PayPal
BK-2023-01536,2023-06-20,2023-08-02,C01164,PK07,AG02,4,0,2700,0.0,Completed,M-Pesa
BK-2023-01537,2023-06-20,2023-07-22,C01715,PK05,AG09,1,0,895,0.0,Completed,Bank Transfer
BK-2023-01538,2023-06-20,2023-07-14,C01964,PK03,,2,1,620,0.0,Canceled,Card
BK-2023-01539,2023-06-20,2023-07-19,C02072,PK02,AG09,2,0,435,0.0,Completed,M-Pesa
BK-2023-01540,2023-06-20,2023-08-20,C02079,PK02,,2,0,435,0.1,Completed,Bank Transfer
BK-2023-01541,2023-06-20,2023-09-01,C02150,PK01,AG05,2,0,485,0.0,Completed,Card
BK-2023-01542,2023-06-20,2023-08-31,C03562,PK11,AG11,2,0,4485,0.05,Completed,Card
BK-2023-01543,2023-06-20,2023-10-02,C03927,PK12,AG08,2,0,5520,0.0,Completed,Card
BK-2023-01544,2023-06-20,2023-07-09,C04121,PK01,AG01,2,0,485,0.0,Completed,Card
BK-2023-01545,2023-06-20,2023-07-30,C04314,PK10,AG04,1,0,1025,0.0,Completed,PayPal
BK-2023-01546,2023-06-20,2023-09-16,C04391,PK06,,7,0,1440,0.0,Completed,Bank Transfer
BK-2023-01547,2023-06-20,2023-12-24,C04700,PK16,AG02,1,0,5290,0.0,Completed,Card
BK-2023-01548,2023-06-20,2023-11-30,C05696,PK12,AG03,2,0,4800,0.1,Completed,Card
BK-2023-01549,2023-06-20,2023-07-19,C06250,PK12,AG10,1,0,5520,0.05,Completed,Bank Transfer
BK-2023-01550,2023-06-21,2023-07-03,C00608,PK03,AG11,7,0,620,0.1,Completed,Card
BK-2023-01551,2023-06-21,2023-07-08,C00776,PK02,,2,2,435,0.0,completed,M-Pesa
BK-2023-01552,2023-06-21,2023-09-01,C01221,PK13,AG11,2,0,7130,0.0,Completed,PayPal
BK-2023-01553,2023-06-21,2023-09-10,C01326,PK14,AG05,7,0,4715,0.05,Completed,Bank Transfer
BK-2023-01554,2023-06-21,2023-08-05,C01329,PK05,AG06,2,1,895,0.05,Completed,M-Pesa
BK-2023-01555,2023-06-21,2023-08-29,C01369,PK08,,2,1,1355,0.0,Completed,Card
BK-2023-01556,2023-06-21,2023-08-03,C01499,PK06,AG03,2,0,1440,0.15,Completed,Bank Transfer
BK-2023-01557,2023-06-21,2023-07-24,C02202,PK01,AG08,2,2,485,0.0,Completed,M-Pesa
BK-2023-01558,2023-06-21,2023-07-04,C02230,PK04,AG11,2,0,575,0.1,Completed,M-Pesa
BK-2023-01559,2023-06-21,2023-08-10,C02269,PK03,AG03,2,0,620,0.05,Completed,M-Pesa
BK-2023-01560,2023-06-21,2023-07-31,C02499,PK05,AG06,2,0,895,0.0,Completed,M-Pesa
BK-2023-01561,2023-06-21,2023-08-02,C02778,PK08,AG03,2,3,1355,0.0,Cancelled,Card
BK-2023-01562,2023-06-21,2023-08-26,C02811,PK09,AG11,7,0,2990,0.0,cancelled,Bank Transfer
BK-2023-01563,2023-06-21,2023-07-16,C03117,PK02,,2,3,435,0.1,Completed,Card
BK-2023-01564,2023-06-21,2023-08-11,C03239,PK07,AG02,2,0,2700,0.0,Completed,M-Pesa
BK-2023-01565,2023-06-21,2023-07-21,C03555,PK01,AG05,6,0,485,0.1,Completed,Bank Transfer
BK-2023-01566,2023-06-21,2023-07-29,C03572,PK12,,2,3,5520,0.05,Completed,Bank Transfer
BK-2023-01567,2023-06-21,2023-07-23,C04235,PK01,,2,3,485,0.05,COMPLETED,M-Pesa
BK-2023-01568,2023-06-21,2023-10-28,C04697,PK17,AG04,1,0,11270,0.0,Completed,Bank Transfer
BK-2023-01569,2023-06-21,2023-07-01,C05088,PK03,AG11,2,0,620,0.05,Completed,PayPal
BK-2023-01570,2023-06-21,2023-07-05,C05106,PK04,AG05,1,0,575,0.05,Completed,Card
BK-2023-01571,2023-06-21,2023-08-07,C05145,PK01,AG01,8,0,485,0.05,Completed,Bank Transfer
BK-2023-01572,2023-06-21,2023-08-11,C05319,PK10,,1,0,1025,0.05,Canceled,Card
BK-2023-01573,2023-06-21,2023-10-17,C05380,PK15,AG11,2,0,4485,0.0,COMPLETED,M-Pesa
BK-2023-01574,2023-06-21,2023-09-11,C05451,PK06,AG11,2,2,1440,0.1,Canceled,Card
BK-2023-01575,2023-06-21,2023-07-07,C05563,PK01,AG01,2,2,485,0.1,Completed,Card
BK-2023-01576,2023-06-21,2023-08-07,C06292,PK16,AG10,2,0,5290,0.0,Completed,Card
BK-2023-01577,2023-06-22,2023-07-28,C00702,PK02,,1,0,435,0.15,Completed,Card
BK-2023-01578,2023-06-22,2023-10-13,C00797,PK10,,7,0,1025,0.05,Completed,Bank Transfer
BK-2023-01579,2023-06-22,2023-08-26,C00928,PK06,AG12,7,0,1440,0.1,Completed,Bank Transfer
BK-2023-01580,2023-06-22,2023-08-09,C01055,PK07,AG05,2,2,2700,0.1,Cancelled,Card
BK-2023-01581,2023-06-22,2023-08-30,C02250,PK13,AG06,2,0,7130,0.0,completed,Bank Transfer
BK-2023-01582,2023-06-22,2023-07-16,C02408,PK01,,4,0,485,0.0,Completed,Card
BK-2023-01583,2023-06-22,2023-07-11,C02432,PK05,AG03,6,0,895,0.1,completed,Card
BK-2023-01584,2023-06-22,2023-09-15,C02479,PK08,AG01,1,0,1355,0.0,Completed,Card
BK-2023-01585,2023-06-22,2023-07-03,C02687,PK11,AG05,2,0,4485,0.05,Completed,M-Pesa
BK-2023-01586,2023-06-22,2023-08-19,C03076,PK06,,5,0,1440,0.1,Completed,M-Pesa
BK-2023-01587,2023-06-22,2023-08-04,C03086,PK06,AG07,2,0,1440,0.1,Completed,Card
BK-2023-01588,2023-06-22,2023-07-17,C03756,PK13,AG07,4,0,7130,0.05,Completed,Card
BK-2023-01589,2023-06-22,2023-07-17,C05463,PK07,AG07,2,0,2700,0.1,Completed,Card
BK-2023-01590,2023-06-22,2023-07-13,C05951,PK06,AG08,2,0,1440,0.05,Completed,Card
BK-2023-01591,2023-06-22,2023-08-05,C06496,PK05,AG02,1,0,895,0.0,Completed,Card
BK-2023-01592,2023-06-23,2023-08-09,C00243,PK11,,2,0,4485,0.0,Completed,M-Pesa
BK-2023-01593,2023-06-23,2023-11-15,C01524,PK07,,2,0,2350,0.0,Completed,PayPal
BK-2023-01594,2023-06-23,2023-07-15,C02332,PK02,AG07,2,0,435,0.0,Completed,Bank Transfer
BK-2023-01595,2023-06-23,2023-07-12,C02827,PK04,AG05,6,0,575,0.05,Completed,PayPal
BK-2023-01596,2023-06-23,2023-08-07,C02840,PK11,AG07,2,0,4485,0.0,Cancelled,Bank Transfer
BK-2023-01597,2023-06-23,2023-08-10,C02952,PK06,AG06,2,0,1440,0.1,Completed,Bank Transfer
BK-2023-01598,2023-06-23,2023-08-02,C03054,PK06,,2,0,1440,0.15,Completed,Card
BK-2023-01599,2023-06-23,2023-10-04,C03268,PK07,AG08,2,0,2700,0.0,Completed,Card
BK-2023-01600,2023-06-23,2024-01-31,C03747,PK07,AG02,1,0,2840,0.05,Completed ,Bank Transfer
BK-2023-01601,2023-06-23,2024-02-07,C04260,PK08,,2,0,1240,0.1,Completed,Card
BK-2023-01602,2023-06-23,2023-09-14,C04265,PK09,,2,1,2990,0.0,Completed,Card
BK-2023-01603,2023-06-23,2023-07-12,C04267,PK11,AG02,8,0,4485,0.0,Completed,Bank Transfer
BK-2023-01604,2023-06-23,2023-09-11,C04326,PK07,AG04,2,3,2700,0.05,Canceled,Bank Transfer
BK-2023-01605,2023-06-23,2023-07-16,C04503,PK10,,2,1,1025,0.0,Completed,Bank Transfer
BK-2023-01606,2023-06-23,2023-07-22,C04526,PK01,,2,2,485,0.0,completed,PayPal
BK-2023-01607,2023-06-23,2023-10-09,C04637,PK10,AG03,1,0,1025,0.0,Completed,Card
BK-2023-01608,2023-06-23,2023-07-14,C04953,PK04,,2,2,575,0.05,Completed,Card
BK-2023-01609,2023-06-23,2023-08-04,C05917,PK04,AG04,1,0,575,0.0,Completed,M-Pesa
BK-2023-01610,2023-06-24,2023-08-05,C00032,PK08,AG06,2,0,1355,0.0,Completed,Card
BK-2023-01611,2023-06-24,2024-01-14,C00135,PK06,AG03,2,0,1510,0.0,Completed,Card
BK-2023-01612,2023-06-24,2023-08-07,C01056,PK04,AG01,2,0,575,0.0,Completed,M-Pesa
BK-2023-01613,2023-06-24,2023-08-28,C02024,PK12,AG11,2,3,5520,0.0,Completed,Bank Transfer
BK-2023-01614,2023-06-24,2023-08-06,C02645,PK09,AG01,2,0,2990,0.0,Completed ,Bank Transfer
BK-2023-01615,2023-06-24,2023-07-21,C04568,PK04,,2,1,575,0.0,Completed,Card
BK-2023-01616,2023-06-24,2023-08-14,C05215,PK07,AG02,2,3,2700,0.05,Completed,M-Pesa
BK-2023-01617,2023-06-24,2023-07-19,C05538,PK10,,11,0,1025,0.1,Completed,Card
BK-2023-01618,2023-06-24,2023-08-01,C05971,PK05,AG10,2,0,895,0.0,Completed,M-Pesa
BK-2023-01619,2023-06-25,2023-08-03,C00033,PK03,AG03,2,3,620,0.05,Completed,Card
BK-2023-01620,2023-06-25,2023-07-13,C00142,PK02,AG05,5,0,435,0.0,Completed,Card
BK-2023-01621,2023-06-25,2023-10-02,C01109,PK07,AG12,10,0,2700,0.1,Completed,Bank Transfer
BK-2023-01622,2023-06-25,2023-07-18,C01470,PK05,AG05,2,0,895,0.05,Completed,Bank Transfer
BK-2023-01623,2023-06-25,2023-08-08,C02370,PK07,AG03,6,0,2700,0.1,Completed,Card
BK-2023-01624,2023-06-25,2023-08-16,C03006,PK06,AG13,6,0,1440,0.1,Completed,Card
BK-2023-01625,2023-06-25,2023-06-30,C03425,PK03,AG11,2,0,540,0.0,Completed,Card
BK-2023-01626,2023-06-25,2023-08-26,C03744,PK08,AG01,1,0,1355,0.0,Completed,Card
BK-2023-01627,2023-06-25,2023-07-11,C04140,PK09,AG02,2,0,2990,,Completed,Bank Transfer
BK-2023-01628,2023-06-25,2023-08-16,C04343,PK10,AG03,2,3,1025,0.05,Completed,M-Pesa
BK-2023-01629,2023-06-25,2023-08-22,C04619,PK09,,2,0,2990,0.1,Completed,Card
BK-2023-01630,2023-06-25,2023-10-20,C05382,PK14,AG05,2,0,4715,0.0,Completed,Card
BK-2023-01631,2023-06-25,2023-10-11,C05500,PK07,,2,0,2700,,Completed,Card
BK-2023-01632,2023-06-25,2023-12-14,C05801,PK16,,1,0,5290,0.0,Completed,M-Pesa
BK-2023-01633,2023-06-26,2023-08-26,C00143,PK16,AG05,2,2,5290,0.0,Cancelled,M-Pesa
BK-2023-01634,2023-06-26,2023-07-11,C00211,PK01,,2,0,485,0.0,Completed,M-Pesa
BK-2023-01635,2023-06-26,2023-07-13,C00236,PK09,AG07,2,1,2990,0.1,Completed,PayPal
BK-2023-01636,2023-06-26,2023-10-16,C00320,PK06,,2,0,1440,0.0,Completed,Bank Transfer
BK-2023-01637,2023-06-26,2023-10-07,C00354,PK16,AG13,9,0,5290,0.1,Completed,Bank Transfer
BK-2023-01638,2023-06-26,2023-07-11,C00420,PK03,AG05,4,0,620,0.1,Completed,M-Pesa
BK-2023-01639,2023-06-26,2023-07-28,C01262,PK01,AG05,2,0,485,0.0,Completed,Card
BK-2023-01640,2023-06-26,2023-09-29,C01280,PK13,AG02,7,0,7130,,Completed,Bank Transfer
BK-2023-01641,2023-06-26,2023-07-30,C01993,PK15,AG01,1,0,4485,0.0,Completed,Bank Transfer
BK-2023-01642,2023-06-26,2023-09-26,C02508,PK14,AG06,2,0,4715,0.0,Completed,Bank Transfer
BK-2023-01643,2023-06-26,2023-09-18,C02864,PK09,AG02,2,0,2990,0.05,Completed,Card
BK-2023-01644,2023-06-26,2023-08-27,C03090,PK17,,2,1,11270,0.05,Completed,Bank Transfer
BK-2023-01645,2023-06-26,2023-07-06,C03398,PK09,AG02,2,1,2990,0.0,Completed,M-Pesa
BK-2023-01646,2023-06-26,2023-12-19,C04426,PK07,AG09,2,0,2700,0.0,Completed,PayPal
BK-2023-01647,2023-06-26,2023-09-15,C04735,PK13,AG03,2,0,7130,0.05,Completed ,M-Pesa
BK-2023-01648,2023-06-26,2023-08-09,C05617,PK04,AG01,9,0,575,0.1,Completed,Bank Transfer
BK-2023-01649,2023-06-26,2023-07-15,C05631,PK06,AG03,2,0,1440,0.0,Completed,Card
BK-2023-01650,2023-06-26,2023-07-27,C05738,PK05,,2,0,895,0.1,Completed,Card
BK-2023-01651,2023-06-26,2023-08-23,C05814,PK06,AG02,1,0,1440,0.0,Completed,Bank Transfer
BK-2023-01652,2023-06-26,2023-09-13,C06010,PK07,AG07,7,0,2700,0.1,Completed,Bank Transfer
BK-2023-01653,2023-06-26,2023-07-09,C06412,PK07,AG06,12,0,2700,0.05,Completed,Card
BK-2023-01654,2023-06-26,2023-11-10,C06495,PK12,AG04,1,0,4800,0.0,Completed,Bank Transfer
BK-2023-01655,2023-06-27,2024-03-23,C01407,PK15,AG01,2,1,4095,0.0,Completed,Card
BK-2023-01656,2023-06-27,2023-08-07,C01435,PK03,,2,3,620,0.0,Completed,Bank Transfer
BK-2023-01657,2023-06-27,2023-07-31,C02430,PK06,AG11,1,0,1440,0.15,Completed,Card
BK-2023-01658,2023-06-27,2023-07-15,C02503,PK10,AG02,2,2,1025,0.0,Completed,PayPal
BK-2023-01659,2023-06-27,2024-01-25,C02511,PK14,,2,0,4950,0.0,Completed,Card
BK-2023-01660,2023-06-27,2023-09-27,C03780,PK09,AG07,2,0,2990,0.0,completed,Card
BK-2023-01661,2023-06-27,2024-04-19,C03976,PK16,AG01,2,1,4830,0.15,Completed,M-Pesa
BK-2023-01662,2023-06-27,2023-08-31,C04230,PK01,AG09,2,0,485,0.0,Completed,Bank Transfer
BK-2023-01663,2023-06-27,2023-10-26,C04306,PK14,,2,0,4715,0.0,Completed,Bank Transfer
BK-2023-01664,2023-06-27,2023-07-20,C04660,PK03,AG09,2,0,620,0.0,Completed,Card
BK-2023-01665,2023-06-27,2023-07-08,C04828,PK02,AG09,1,0,435,0.05,Completed,Card
BK-2023-01666,2023-06-27,2023-08-04,C05951,PK01,,2,0,485,0.1,Completed,Bank Transfer
BK-2023-01667,2023-06-27,2023-07-11,C06262,PK03,AG03,1,0,620,0.0,Cancelled,Card
BK-2023-01668,2023-06-28,2023-07-02,C00214,PK03,AG11,2,0,620,0.0,Completed,Bank Transfer
BK-2023-01669,2023-06-28,2023-09-01,C00420,PK01,AG05,6,0,485,0.1,Completed,Card
BK-2023-01670,2023-06-28,2023-08-07,C00634,PK02,AG02,2,2,435,0.15,Completed,PayPal
BK-2023-01671,2023-06-28,2023-09-13,C01557,PK01,AG07,2,3,485,0.0,Completed,Bank Transfer
BK-2023-01672,2023-06-28,2023-07-12,C01706,PK03,,1,0,620,0.0,Completed,Card
BK-2023-01673,2023-06-28,2023-09-27,C01784,PK05,AG03,2,2,895,0.05,Cancelled,Card
BK-2023-01674,2023-06-28,2023-12-30,C02003,PK15,AG04,2,1,4485,0.0,Completed,Card
BK-2023-01675,2023-06-28,2023-07-01,C02165,PK02,AG01,9,0,435,0.0,Completed,Bank Transfer
BK-2023-01676,2023-06-28,2023-11-07,C02202,PK09,,2,1,2600,0.05,Completed,Bank Transfer
BK-2023-01677,2023-06-28,2023-08-22,C02487,PK12,AG13,9,0,5520,0.0,Completed,Card
BK-2023-01678,2023-06-28,2023-07-17,C03462,PK01,AG11,2,0,485,0.05,Completed,Card
BK-2023-01679,2023-06-28,2023-07-15,C03522,PK01,,2,0,485,0.15,Cancelled,Card
BK-2023-01680,2023-06-28,2023-07-26,C05530,PK01,AG03,1,0,485,0.0,completed,Card
BK-2023-01681,2023-06-28,2023-07-25,C05971,PK12,AG02,2,0,5520,0.1,Completed,M-Pesa
BK-2023-01682,2023-06-29,2023-07-22,C00046,PK03,AG11,1,0,620,0.05,Completed,PayPal
BK-2023-01683,2023-06-29,2024-01-02,C00111,PK14,AG04,8,0,4950,0.0,Completed,Card
BK-2023-01684,2023-06-29,2023-09-27,C00512,PK09,AG11,1,0,2990,0.05,Completed,M-Pesa
BK-2023-01685,2023-06-29,2023-12-28,C03167,PK06,AG06,2,0,1440,0.0,Completed,Card
BK-2023-01686,2023-06-29,2023-07-06,C03240,PK03,,2,0,620,0.0,Completed,M-Pesa
BK-2023-01687,2023-06-29,2023-08-31,C03265,PK01,AG09,2,0,485,0.05,Completed,Card
BK-2023-01688,2023-06-29,2023-07-29,C03576,PK07,AG10,1,0,2700,0.1,Completed,Bank Transfer
BK-2023-01689,2023-06-29,2023-11-15,C03877,PK12,AG04,2,0,4800,0.05,Completed,Card
BK-2023-01690,2023-06-29,2023-08-28,C03939,PK07,AG10,2,3,2700,0.15,Completed ,M-Pesa
BK-2023-01691,2023-06-29,2023-09-12,C04297,PK07,,2,0,2700,0.0,COMPLETED,Bank Transfer
BK-2023-01692,2023-06-29,2023-08-22,C04329,PK05,AG12,9,0,895,0.1,Completed,Bank Transfer
BK-2023-01693,2023-06-29,2023-08-01,C04643,PK06,AG03,4,0,1440,0.0,Completed,M-Pesa
BK-2023-01694,2023-06-29,2023-08-10,C06213,PK10,,2,0,1025,0.0,Completed,M-Pesa
BK-2023-01695,2023-06-29,2023-07-24,C06376,PK07,AG03,2,3,2700,0.1,Completed,Bank Transfer
BK-2023-01696,2023-06-30,2023-09-21,C00580,PK13,AG02,2,2,7130,,completed,Card
BK-2023-01697,2023-06-30,2023-07-27,C01303,PK03,AG02,6,0,620,0.1,Cancelled,Card
BK-2023-01698,2023-06-30,2023-07-03,C01314,PK01,AG04,2,2,485,0.0,Completed,Bank Transfer
BK-2023-01699,2023-06-30,2023-08-10,C02523,PK09,,7,0,2990,0.1,Completed,M-Pesa
BK-2023-01700,2023-06-30,2024-06-04,C03458,PK13,AG10,2,0,6510,0.0,Completed,Card
BK-2023-01701,2023-06-30,2023-09-05,C03675,PK01,AG03,2,0,485,0.05,Completed,Bank Transfer
BK-2023-01702,2023-06-30,2023-07-07,C03727,PK01,AG02,2,0,485,0.0,Completed,Card
BK-2023-01703,2023-06-30,2023-07-10,C05742,PK01,AG01,2,0,485,0.05,Completed,Card
BK-2023-01704,2023-07-01,2023-09-17,C00391,PK05,AG03,2,0,895,0.0,Completed,Card
BK-2023-01705,2023-07-01,2023-10-25,C00847,PK14,AG03,2,1,4715,0.0,Cancelled,Bank Transfer
BK-2023-01706,2023-07-01,2023-08-01,C01483,PK03,AG10,5,0,620,0.05,Completed,M-Pesa
BK-2023-01707,2023-07-01,2023-09-22,C01679,PK03,,6,0,620,0.0,completed,M-Pesa
BK-2023-01708,2023-07-01,2023-10-27,C02572,PK17,AG10,2,3,11270,0.0,Completed,Card
BK-2023-01709,2023-07-01,2023-07-23,C03004,PK04,AG02,2,0,575,0.0,Completed,Bank Transfer
BK-2023-01710,2023-07-01,2023-07-05,C03417,PK01,,4,0,485,0.0,Completed,Bank Transfer
BK-2023-01711,2023-07-01,2023-09-29,C03612,PK10,AG04,5,0,1025,0.0,Cancelled,M-Pesa
BK-2023-01712,2023-07-01,2024-01-09,C03963,PK08,,1,0,1425,,Completed,Bank Transfer
BK-2023-01713,2023-07-01,2023-09-11,C04956,PK08,AG10,6,0,1355,0.1,Completed,Card
BK-2023-01714,2023-07-02,2023-07-26,C00406,PK03,AG05,2,2,620,0.0,Completed,Bank Transfer
BK-2023-01715,2023-07-02,2023-08-06,C00502,PK14,,2,0,4715,0.05,Cancelled,Bank Transfer
BK-2023-01716,2023-07-02,2023-10-01,C00696,PK13,,2,3,7130,0.1,Completed,Card
BK-2023-01717,2023-07-02,2024-02-21,C00849,PK17,AG07,2,3,10290,0.0,Completed,Bank Transfer
BK-2023-01718,2023-07-02,2023-07-17,C01011,PK03,AG05,2,0,620,0.05,Completed,Card
BK-2023-01719,2023-07-02,2023-08-09,C01758,PK02,AG02,2,0,435,0.0,Completed,Bank Transfer
BK-2023-01720,2023-07-02,2023-08-08,C02884,PK06,,7,0,1440,0.1,Completed,Card
BK-2023-01721,2023-07-02,2023-08-02,C03067,PK09,AG07,2,3,2990,0.0,Completed,Card
BK-2023-01722,2023-07-02,2024-08-01,C03318,PK14,AG05,1,0,4950,0.0,Completed,Bank Transfer
BK-2023-01723,2023-07-02,2023-08-14,C03484,PK03,AG03,1,0,620,0.0,Completed,Bank Transfer
BK-2023-01724,2023-07-02,2023-08-14,C04926,PK09,AG09,2,3,2990,0.0,Completed,Card
BK-2023-01725,2023-07-02,2023-12-16,C05409,PK11,AG04,1,0,4485,0.0,Completed,M-Pesa
BK-2023-01726,2023-07-02,2023-07-22,C05619,PK05,AG02,2,0,895,0.05,Completed,Bank Transfer
BK-2023-01727,2023-07-02,2023-12-11,C06009,PK07,,7,0,2700,,Canceled,M-Pesa
BK-2023-01728,2023-07-02,2024-01-24,C06367,PK16,AG04,2,0,5555,0.0,Completed,Card
BK-2023-01729,2023-07-03,2023-08-11,C00263,PK07,AG08,4,0,2700,0.05,Completed,Card
BK-2023-01730,2023-07-03,2023-08-08,C00574,PK12,AG03,2,0,5520,0.0,Completed,PayPal
BK-2023-01731,2023-07-03,2023-09-21,C00821,PK17,,2,0,11270,0.05,Completed,Card
BK-2023-01732,2023-07-03,2023-12-06,C00859,PK13,AG07,2,3,7130,0.0,Completed,Card
BK-2023-01733,2023-07-03,2023-09-02,C01013,PK15,AG06,2,2,4485,0.15,Completed,Card
BK-2023-01734,2023-07-03,2023-07-30,C01028,PK04,AG01,8,0,575,0.1,Completed,Card
BK-2023-01735,2023-07-03,2023-07-18,C01056,PK03,,2,0,620,0.05,Completed,M-Pesa
BK-2023-01736,2023-07-03,2023-09-28,C01157,PK06,AG07,2,0,1440,0.0,Completed,PayPal
BK-2023-01737,2023-07-03,2023-07-28,C01711,PK03,AG05,1,0,620,0.0,Completed,Card
BK-2023-01738,2023-07-03,2023-08-31,C01743,PK08,,2,1,1355,,Completed,M-Pesa
BK-2023-01739,2023-07-03,2023-09-21,C01878,PK13,AG05,2,0,7130,0.0,Completed,Card
BK-2023-01740,2023-07-03,2023-11-12,C01918,PK11,AG09,9,0,3900,0.1,Completed,Card
BK-2023-01741,2023-07-03,2023-09-03,C02479,PK02,AG01,1,0,435,0.05,Completed,Card
BK-2023-01742,2023-07-03,2023-08-05,C03630,PK12,,2,3,5520,0.05,Completed,PayPal
BK-2023-01743,2023-07-03,2023-10-06,C03883,PK03,AG13,10,0,620,0.05,Completed,PayPal
BK-2023-01744,2023-07-03,2023-07-30,C04049,PK05,AG01,4,0,895,0.05,Completed,Bank Transfer
BK-2023-01745,2023-07-03,2023-09-08,C04227,PK03,AG05,2,0,620,0.0,Completed,M-Pesa
BK-2023-01746,2023-07-03,2023-07-31,C04502,PK13,AG12,10,0,7130,0.1,Completed,Bank Transfer
BK-2023-01747,2023-07-03,2023-07-30,C04805,PK02,AG08,2,0,435,0.05,COMPLETED,PayPal
BK-2023-01748,2023-07-03,2023-08-11,C05149,PK07,AG03,2,2,2700,0.0,Completed,Bank Transfer
BK-2023-01749,2023-07-03,2023-07-28,C05290,PK05,AG03,2,1,895,0.0,Canceled,M-Pesa
BK-2023-01750,2023-07-03,2023-08-20,C05372,PK01,AG10,2,1,485,0.0,Completed,Bank Transfer
BK-2023-01751,2023-07-03,2023-08-02,C05976,PK03,AG04,2,0,620,0.0,Completed,Bank Transfer
BK-2023-01752,2023-07-03,2023-07-17,C06153,PK05,AG01,2,1,895,0.05,Completed,Card
BK-2023-01753,2023-07-04,2023-07-11,C00312,PK03,AG05,2,2,620,0.05,Completed,Bank Transfer
BK-2023-01754,2023-07-04,2023-08-23,C00321,PK14,AG04,1,0,4715,0.0,Completed,M-Pesa
BK-2023-01755,2023-07-04,2023-08-11,C00322,PK03,,2,0,620,,Completed,Bank Transfer
BK-2023-01756,2023-07-04,2023-08-15,C00622,PK13,,1,0,7130,0.1,Completed,Bank Transfer
BK-2023-01757,2023-07-04,2023-08-17,C01144,PK05,AG08,1,0,895,0.0,Completed,Bank Transfer
BK-2023-01758,2023-07-04,2023-07-22,C01228,PK04,,4,0,575,0.1,Completed,M-Pesa
BK-2023-01759,2023-07-04,2023-09-19,C01784,PK03,,2,1,620,0.0,Completed,Card
BK-2023-01760,2023-07-04,2023-10-21,C02393,PK10,,8,0,1025,0.1,Completed,Card
BK-2023-01761,2023-07-04,2023-08-14,C02968,PK07,AG05,2,0,2700,0.1,completed,Bank Transfer
BK-2023-01762,2023-07-04,2023-08-30,C03056,PK01,,1,0,485,0.0,Completed,Card
BK-2023-01763,2023-07-04,2023-08-02,C03369,PK07,AG05,2,0,2700,0.0,Completed,PayPal
BK-2023-01764,2023-07-04,2023-10-12,C04450,PK02,,2,0,435,0.0,Completed,M-Pesa
BK-2023-01765,2023-07-04,2023-08-12,C05242,PK01,,2,0,485,0.05,Completed,Bank Transfer
BK-2023-01766,2023-07-04,2023-09-04,C05469,PK11,AG06,7,0,4485,0.15,Completed,Card
BK-2023-01767,2023-07-04,2023-08-14,C05645,PK03,,7,0,620,0.05,Completed,Card
BK-2023-01768,2023-07-04,2023-09-06,C05688,PK05,AG11,1,0,895,0.0,Completed,Card
BK-2023-01769,2023-07-04,2023-07-15,C06489,PK05,AG13,7,0,895,0.0,Completed,PayPal
BK-2023-01770,2023-07-05,2023-07-23,C01121,PK01,,2,0,485,0.0,Completed,Bank Transfer
BK-2023-01771,2023-07-05,2023-08-08,C01485,PK01,AG04,9,0,485,0.1,Completed,Card
BK-2023-01772,2023-07-05,2023-07-19,C01967,PK05,AG03,1,0,895,,Completed,Bank Transfer
BK-2023-01773,2023-07-05,2023-08-26,C02207,PK11,AG01,2,2,4485,0.0,Completed,PayPal
BK-2023-01774,2023-07-05,2024-01-21,C02720,PK14,,2,1,4950,0.1,Completed,M-Pesa
BK-2023-01775,2023-07-05,2023-08-14,C03046,PK06,AG03,2,0,1440,0.0,Completed,Card
BK-2023-01776,2023-07-05,2023-08-25,C03645,PK04,AG04,1,0,575,0.0,Completed,Card
BK-2023-01777,2023-07-05,2023-07-19,C04012,PK04,AG03,1,0,575,0.05,Completed,Bank Transfer
BK-2023-01778,2023-07-05,2023-08-09,C04831,PK07,AG13,7,0,2700,0.05,Completed,Card
BK-2023-01779,2023-07-05,2023-07-19,C05124,PK01,,2,2,485,,Completed,Card
BK-2023-01780,2023-07-05,2023-11-30,C05126,PK14,AG06,6,0,4100,0.05,completed,Card
BK-2023-01781,2023-07-05,2023-08-29,C05587,PK17,AG07,9,0,11270,0.05,Completed,Card
BK-2023-01782,2023-07-05,2023-09-22,C05799,PK11,AG04,1,0,4485,0.0,Cancelled,Bank Transfer
BK-2023-01783,2023-07-05,2023-10-04,C06291,PK15,AG08,2,3,4485,0.0,Completed,Bank Transfer
BK-2023-01784,2023-07-05,2023-07-24,C06451,PK02,AG04,2,0,435,0.15,Completed,Bank Transfer
BK-2023-01785,2023-07-05,2023-12-02,C06491,PK08,,8,0,1355,0.05,Completed,Bank Transfer
BK-2023-01786,2023-07-06,2023-08-16,C00664,PK02,AG04,2,2,435,0.05,Cancelled,Card
BK-2023-01787,2023-07-06,2023-09-01,C02242,PK06,,2,0,1440,0.05,Completed,Card
BK-2023-01788,2023-07-06,2023-07-15,C02804,PK02,AG02,4,0,435,0.05,Completed,PayPal
BK-2023-01789,2023-07-06,2023-08-24,C03261,PK03,AG02,4,0,620,0.15,Completed,Bank Transfer
BK-2023-01790,2023-07-06,2023-07-13,C03794,PK09,AG06,2,1,2990,0.05,Completed,Card
BK-2023-01791,2023-07-06,2023-08-11,C04699,PK06,AG02,1,0,1440,0.0,Completed,Bank Transfer
BK-2023-01792,2023-07-06,2023-09-07,C04741,PK06,,2,0,1440,0.0,completed,Card
BK-2023-01793,2023-07-06,2023-08-12,C05050,PK02,AG13,10,0,435,0.1,Completed,Bank Transfer
BK-2023-01794,2023-07-06,2023-12-06,C05272,PK17,AG05,2,3,11270,0.0,Completed,Card
BK-2023-01795,2023-07-06,2023-08-28,C06397,PK09,AG04,1,0,2990,0.1,Completed,Bank Transfer
BK-2023-01796,2023-07-07,2023-08-10,C00375,PK04,AG04,1,0,575,0.0,Completed,Bank Transfer
BK-2023-01797,2023-07-07,2023-07-26,C01293,PK04,AG01,2,1,575,0.0,Completed,Bank Transfer
BK-2023-01798,2023-07-07,2023-12-01,C01494,PK14,,2,2,4715,0.0,Completed,M-Pesa
BK-2023-01799,2023-07-07,2023-07-20,C01839,PK01,AG11,2,0,485,0.0,Completed,Card
BK-2023-01800,2023-07-07,2023-12-03,C02136,PK14,AG05,2,2,4715,0.05,Completed,PayPal
BK-2023-01801,2023-07-07,2023-08-25,C02382,PK09,AG01,2,0,2990,0.0,Completed,Card
BK-2023-01802,2023-07-07,2023-09-14,C02791,PK16,AG12,8,0,5290,0.0,Completed,Bank Transfer
BK-2023-01803,2023-07-07,2023-07-12,C03230,PK08,AG03,2,0,1355,0.0,Completed,Card
BK-2023-01804,2023-07-07,2023-09-07,C03526,PK01,AG04,9,0,485,0.1,Cancelled,Card
BK-2023-01805,2023-07-07,2023-08-22,C04051,PK01,AG04,4,0,485,0.05,Completed,Bank Transfer
BK-2023-01806,2023-07-07,2024-02-03,C04232,PK16,,2,3,4830,0.0,Completed,Card
BK-2023-01807,2023-07-07,2023-10-01,C04423,PK06,,2,2,1440,0.0,Completed,M-Pesa
BK-2023-01808,2023-07-07,2023-08-22,C05110,PK09,AG09,2,2,2990,0.0,Completed,PayPal
BK-2023-01809,2023-07-07,2023-09-11,C05426,PK05,AG07,2,1,895,0.15,Completed,Bank Transfer
BK-2023-01810,2023-07-07,2023-07-20,C05520,PK05,AG01,2,0,895,0.1,Cancelled,Bank Transfer
BK-2023-01811,2023-07-07,2024-06-23,C05596,PK14,,5,0,4305,0.05,Completed ,Bank Transfer
BK-2023-01812,2023-07-08,2023-07-25,C01554,PK02,,1,0,435,0.05,Completed,Card
BK-2023-01813,2023-07-08,2023-10-06,C01857,PK15,AG03,5,0,4485,0.1,Completed,Card
BK-2023-01814,2023-07-08,2023-09-01,C02824,PK06,AG02,2,2,1440,0.05,Completed,M-Pesa
BK-2023-01815,2023-07-08,2023-07-18,C02877,PK06,,2,0,1440,0.0,Completed ,Card
BK-2023-01816,2023-07-08,2023-09-19,C03180,PK03,,2,0,620,0.0,Completed,Bank Transfer
BK-2023-01817,2023-07-08,2023-09-04,C03487,PK03,AG02,2,0,620,0.05,Completed,M-Pesa
BK-2023-01818,2023-07-08,2023-10-07,C03554,PK06,AG11,2,3,1440,0.0,Completed,Bank Transfer
BK-2023-01819,2023-07-08,2023-09-02,C04034,PK01,AG05,7,0,485,0.0,Completed,Card
BK-2023-01820,2023-07-08,2023-08-19,C04411,PK02,AG10,2,0,435,0.0,Completed,PayPal
BK-2023-01821,2023-07-08,2024-02-14,C04788,PK06,AG05,2,0,1310,0.05,Completed,Card
BK-2023-01822,2023-07-08,2023-09-25,C04951,PK07,AG01,2,1,2700,0.05,Completed,Bank Transfer
BK-2023-01823,2023-07-08,2023-07-23,C05554,PK01,,2,2,485,0.05,Completed,Bank Transfer
BK-2023-01824,2023-07-09,2023-08-24,C00982,PK10,,2,0,1025,0.0,Completed,PayPal
BK-2023-01825,2023-07-09,2023-10-08,C01084,PK09,,9,0,2990,0.1,Completed,PayPal
BK-2023-01826,2023-07-09,2023-08-23,C01237,PK03,AG03,2,2,620,0.1,Completed,PayPal
BK-2023-01827,2023-07-09,2023-09-04,C01501,PK06,,2,0,1440,0.0,Completed,Card
BK-2023-01828,2023-07-09,2023-07-27,C01937,PK05,AG11,2,0,895,0.0,Completed,PayPal
BK-2023-01829,2023-07-09,2023-08-09,C02470,PK06,AG01,1,0,1440,0.0,Completed,Card
BK-2023-01830,2023-07-09,2023-12-24,C02491,PK17,AG05,2,0,11270,0.05,Cancelled,Card
BK-2023-01831,2023-07-09,2023-08-18,C02724,PK05,,2,0,895,0.15,Completed,Card
BK-2023-01832,2023-07-09,2023-08-23,C03009,PK07,AG02,6,0,2700,0.05,Completed,PayPal
BK-2023-01833,2023-07-09,2023-07-29,C03645,PK05,AG02,1,0,895,0.0,Completed,Card
BK-2023-01834,2023-07-09,2023-09-24,C03978,PK05,AG03,2,0,895,0.0,Completed,Card
BK-2023-01835,2023-07-09,2023-08-08,C04609,PK05,AG07,2,0,895,0.0,Completed,M-Pesa
BK-2023-01836,2023-07-09,2023-08-22,C04907,PK07,AG01,2,0,2700,0.0,Completed,PayPal
BK-2023-01837,2023-07-09,2023-07-23,C05357,PK01,AG01,1,0,485,0.1,COMPLETED,Card
BK-2023-01838,2023-07-09,2023-08-12,C05846,PK08,AG11,2,0,1355,0.0,Completed,Card
BK-2023-01839,2023-07-09,2023-07-29,C06115,PK09,AG08,2,0,2990,0.0,completed,Bank Transfer
BK-2023-01840,2023-07-09,2023-08-03,C06464,PK04,AG06,1,0,575,0.0,Completed,PayPal
BK-2023-01841,2023-07-10,2023-09-01,C00512,PK07,AG03,1,0,2700,0.15,Completed,Bank Transfer
BK-2023-01842,2023-07-10,2023-09-05,C00730,PK13,,1,0,7130,0.0,Completed,Card
BK-2023-01843,2023-07-10,2023-10-21,C00766,PK10,AG05,2,0,1025,0.0,Completed,Card
BK-2023-01844,2023-07-10,2023-09-06,C02473,PK06,,2,1,1440,0.0,Completed,Card
BK-2023-01845,2023-07-10,2023-10-11,C03174,PK14,,1,0,4715,0.0,Completed,Card
BK-2023-01846,2023-07-10,2023-08-12,C04078,PK16,AG05,1,0,5290,0.0,Completed,Bank Transfer
BK-2023-01847,2023-07-10,2023-07-19,C05773,PK04,AG04,7,0,575,0.05,Canceled,M-Pesa
BK-2023-01848,2023-07-11,2023-08-22,C01102,PK10,,2,1,1025,0.1,Completed,Bank Transfer
BK-2023-01849,2023-07-11,2023-08-24,C01610,PK02,AG01,2,1,435,0.0,Completed,Card
BK-2023-01850,2023-07-11,2023-09-02,C01695,PK08,,2,0,1355,0.0,Completed,M-Pesa
BK-2023-01851,2023-07-11,2023-12-04,C02534,PK13,,1,0,7130,0.1,Completed,Bank Transfer
BK-2023-01852,2023-07-11,2023-07-18,C02601,PK05,,2,1,895,0.05,Completed,Card
BK-2023-01853,2023-07-11,2023-09-17,C03626,PK10,AG09,1,0,1025,0.0,Completed,Card
BK-2023-01854,2023-07-11,2023-08-04,C03649,PK01,AG02,6,0,485,0.0,Completed,PayPal
BK-2023-01855,2023-07-11,2023-08-25,C03673,PK09,AG02,2,0,2990,0.1,COMPLETED,Bank Transfer
BK-2023-01856,2023-07-11,2023-09-11,C03835,PK04,AG01,2,0,575,0.0,Completed,Card
BK-2023-01857,2023-07-11,2023-09-11,C03862,PK17,AG11,5,0,11270,0.05,Cancelled,Card
BK-2023-01858,2023-07-11,2023-10-09,C04280,PK14,AG11,1,0,4715,0.0,Completed,Card
BK-2023-01859,2023-07-11,2023-09-29,C04884,PK07,,2,1,2700,0.0,Completed,Bank Transfer
BK-2023-01860,2023-07-11,2023-08-28,C05769,PK10,AG03,2,0,1025,0.0,Completed,Card
BK-2023-01861,2023-07-11,2023-08-14,C05784,PK01,AG10,2,0,485,,Completed,Card
BK-2023-01862,2023-07-11,2023-08-26,C05797,PK01,AG03,2,3,485,0.05,Completed,Card
BK-2023-01863,2023-07-11,2023-08-07,C05888,PK06,AG07,2,0,1440,0.0,Completed,Card
BK-2023-01864,2023-07-11,2023-08-12,C05895,PK06,AG04,1,0,1440,0.05,Completed,Card
BK-2023-01865,2023-07-12,2023-07-24,C00798,PK01,AG02,2,0,485,0.0,Completed,Card
BK-2023-01866,2023-07-12,2023-08-02,C01365,PK11,AG01,2,0,4485,0.0,Completed,Bank Transfer
BK-2023-01867,2023-07-12,2023-07-29,C01594,PK01,,2,1,485,0.0,Completed,PayPal
BK-2023-01868,2023-07-12,2024-01-26,C01658,PK06,AG11,2,0,1510,0.0,Completed,Bank Transfer
BK-2023-01869,2023-07-12,2023-08-20,C01751,PK07,,2,1,2700,0.1,Completed,Card
BK-2023-01870,2023-07-12,2023-08-29,C02452,PK01,AG03,4,0,485,0.1,Completed,Card
BK-2023-01871,2023-07-12,2023-09-17,C02457,PK03,,2,0,620,0.05,Completed,Bank Transfer
BK-2023-01872,2023-07-12,2023-08-09,C02537,PK09,AG02,1,0,2990,0.1,Completed,Bank Transfer
BK-2023-01873,2023-07-12,2023-09-12,C02579,PK05,AG01,2,3,895,0.15,Completed,Bank Transfer
BK-2023-01874,2023-07-12,2023-08-17,C03156,PK02,AG04,5,0,435,0.0,COMPLETED,Bank Transfer
BK-2023-01875,2023-07-12,2023-07-18,C03344,PK03,AG02,2,3,620,0.0,Completed,PayPal
BK-2023-01876,2023-07-12,2024-05-17,C03856,PK13,AG10,2,0,6510,0.1,Cancelled,Card
BK-2023-01877,2023-07-12,2023-09-04,C04053,PK02,AG02,2,1,435,0.0,Completed,M-Pesa
BK-2023-01878,2023-07-12,2023-10-13,C04079,PK07,AG04,2,2,2700,0.0,Completed,M-Pesa
BK-2023-01879,2023-07-12,2023-08-23,C05242,PK03,AG03,2,0,620,0.05,Completed,Card
BK-2023-01880,2023-07-12,2023-10-09,C05757,PK09,,2,1,2990,0.0,Completed,Card
BK-2023-01881,2023-07-12,2023-09-05,C05815,PK15,AG07,2,0,4485,0.15,Completed,PayPal
BK-2023-01882,2023-07-12,2023-09-28,C06028,PK07,AG08,2,0,2700,0.0,Completed,M-Pesa
BK-2023-01883,2023-07-12,2023-08-05,C06358,PK07,AG05,2,1,2700,0.1,Completed,Bank Transfer
BK-2023-01884,2023-07-12,2023-08-09,C06429,PK03,AG06,1,0,620,0.0,Completed,PayPal
BK-2023-01885,2023-07-13,2023-07-28,C00451,PK10,AG01,7,0,1025,0.1,Completed,M-Pesa
BK-2023-01886,2023-07-13,2023-09-05,C00578,PK16,AG11,2,0,5290,0.05,Completed,PayPal
BK-2023-01887,2023-07-13,2024-01-16,C00687,PK15,,8,0,4710,0.0,Completed,Card
BK-2023-01888,2023-07-13,2023-08-06,C01147,PK06,AG10,2,0,1440,0.0,Completed,Bank Transfer
BK-2023-01889,2023-07-13,2024-01-11,C01483,PK12,,9,0,5795,0.1,Completed,M-Pesa
BK-2023-01890,2023-07-13,2023-08-06,C02154,PK05,AG02,8,0,895,0.0,Completed,Card
BK-2023-01891,2023-07-13,2023-08-21,C02287,PK03,AG06,2,0,620,0.1,Cancelled,PayPal
BK-2023-01892,2023-07-13,2023-08-14,C03177,PK07,AG07,2,0,2700,0.0,Completed,Bank Transfer
BK-2023-01893,2023-07-13,2023-09-28,C03185,PK12,AG01,1,0,5520,0.15,Completed,Bank Transfer
BK-2023-01894,2023-07-13,2023-08-08,C03211,PK01,AG05,1,0,485,0.1,Completed,Card
BK-2023-01895,2023-07-13,2023-09-05,C04616,PK04,,2,3,575,0.0,Completed,PayPal
BK-2023-01896,2023-07-13,2023-09-18,C05169,PK10,AG13,12,0,1025,,Completed,Card
BK-2023-01897,2023-07-13,2023-08-23,C05848,PK08,AG06,2,0,1355,0.0,Completed,M-Pesa
BK-2023-01898,2023-07-13,2023-12-14,C06062,PK13,AG09,5,0,7130,0.1,Completed,Bank Transfer
BK-2023-01899,2023-07-13,2023-09-01,C06106,PK05,AG06,2,1,895,0.0,Completed,Card
BK-2023-01900,2023-07-13,2023-08-02,C06163,PK03,AG03,2,1,620,0.0,Completed,Card
BK-2023-01901,2023-07-14,2023-07-17,C00514,PK01,,1,0,485,0.0,Completed,Bank Transfer
BK-2023-01902,2023-07-14,2023-10-05,C00770,PK08,AG07,7,0,1355,0.1,Completed,Card
BK-2023-01903,2023-07-14,2023-09-17,C03122,PK13,AG02,2,0,7130,0.15,Completed,PayPal
BK-2023-01904,2023-07-14,2023-09-22,C04409,PK13,AG06,1,0,7130,0.1,Completed,PayPal
BK-2023-01905,2023-07-14,2023-09-18,C04454,PK08,AG04,1,0,1355,0.15,Completed,Bank Transfer
BK-2023-01906,2023-07-14,2023-10-23,C04618,PK16,AG03,1,0,5290,0.0,Completed,Card
BK-2023-01907,2023-07-14,2023-07-27,C04973,PK04,,2,0,575,0.0,Completed,PayPal
BK-2023-01908,2023-07-14,2023-08-21,C05165,PK01,AG02,2,0,485,0.0,Completed,Card
BK-2023-01909,2023-07-14,2023-07-31,C05348,PK01,,2,0,485,0.0,Completed,M-Pesa
BK-2023-01910,2023-07-15,2023-12-13,C00452,PK02,AG03,10,0,435,0.1,Completed,Card
BK-2023-01911,2023-07-15,2023-10-01,C00938,PK13,AG10,1,0,7130,0.0,Completed,M-Pesa
BK-2023-01912,2023-07-15,2023-09-09,C01821,PK12,,7,0,5520,0.15,Completed,Card
BK-2023-01913,2023-07-15,2023-12-30,C01838,PK06,,8,0,1440,0.0,Completed,Card
BK-2023-01914,2023-07-15,2023-09-01,C01937,PK07,,2,0,2700,0.1,Completed,PayPal
BK-2023-01915,2023-07-15,2023-08-14,C02970,PK06,AG06,8,0,1440,0.1,Completed,Card
BK-2023-01916,2023-07-15,2023-10-14,C03575,PK03,AG03,2,1,620,0.05,Completed,M-Pesa
BK-2023-01917,2023-07-15,2023-09-04,C03695,PK01,,1,0,485,0.05,Completed,Bank Transfer
BK-2023-01918,2023-07-15,2023-08-04,C03732,PK11,AG02,2,0,4485,0.0,Completed,M-Pesa
BK-2023-01919,2023-07-15,2023-08-05,C03752,PK07,AG10,2,3,2700,0.1,Completed,Card
BK-2023-01920,2023-07-15,2023-08-05,C03821,PK09,,2,0,2990,0.0,Completed,M-Pesa
BK-2023-01921,2023-07-15,2023-08-27,C04153,PK01,AG12,12,0,485,0.05,Completed ,PayPal
BK-2023-01922,2023-07-15,2023-08-16,C04160,PK03,AG09,8,0,620,0.1,Completed,PayPal
BK-2023-01923,2023-07-15,2023-08-16,C04560,PK07,AG10,2,1,2700,0.0,Completed,M-Pesa
BK-2023-01924,2023-07-15,2023-09-17,C04734,PK02,AG03,2,2,435,0.0,Completed,Card
BK-2023-01925,2023-07-15,2023-09-15,C04932,PK06,AG07,1,0,1440,0.0,Completed ,Card
BK-2023-01926,2023-07-15,2023-10-28,C05111,PK05,AG01,4,0,895,0.05,Completed,Bank Transfer
BK-2023-01927,2023-07-15,2023-12-22,C05755,PK16,AG13,6,0,5290,0.1,Completed,Card
BK-2023-01928,2023-07-15,2023-08-14,C06115,PK06,AG05,2,0,1440,0.0,Completed,PayPal
BK-2023-01929,2023-07-16,2023-08-15,C00223,PK03,,2,0,620,0.0,Completed,Card
BK-2023-01930,2023-07-16,2023-07-24,C00863,PK01,AG11,2,2,485,0.0,Completed,Bank Transfer
BK-2023-01931,2023-07-16,2023-08-03,C00963,PK06,AG02,2,0,1440,0.0,Completed,Card
BK-2023-01932,2023-07-16,2023-09-05,C01319,PK02,,2,0,435,0.05,Completed,Card
BK-2023-01933,2023-07-16,2023-08-18,C01448,PK08,,2,3,1355,0.15,Completed,Card
BK-2023-01934,2023-07-16,2023-11-30,C01813,PK10,AG08,2,2,890,0.0,Completed,M-Pesa
BK-2023-01935,2023-07-16,2023-10-26,C01997,PK08,AG07,2,3,1355,0.0,COMPLETED,Bank Transfer
BK-2023-01936,2023-07-16,2023-09-25,C03119,PK10,AG02,2,1,1025,0.0,Completed,Bank Transfer
BK-2023-01937,2023-07-16,2023-08-22,C03160,PK03,AG03,1,0,620,0.0,Completed,PayPal
BK-2023-01938,2023-07-16,2023-09-03,C03240,PK12,AG01,2,0,5520,0.0,Completed,PayPal
BK-2023-01939,2023-07-16,2023-09-18,C04276,PK10,AG04,1,0,1025,0.0,Completed,M-Pesa
BK-2023-01940,2023-07-16,2023-08-25,C04552,PK08,AG03,1,0,1355,0.0,Completed,PayPal
BK-2023-01941,2023-07-16,2023-09-10,C05455,PK05,AG03,2,1,895,0.0,Completed,Card
BK-2023-01942,2023-07-16,2023-08-22,C05771,PK14,AG01,2,0,4715,0.0,Completed,M-Pesa
BK-2023-01943,2023-07-16,2023-11-23,C06332,PK14,,2,0,4100,0.1,Completed,Card
BK-2023-01944,2023-07-16,2023-09-13,C06345,PK05,AG02,2,1,895,0.0,Completed,Card
BK-2023-01945,2023-07-17,2023-08-28,C00507,PK09,AG12,10,0,2990,0.1,Completed,Bank Transfer
BK-2023-01946,2023-07-17,2023-07-30,C01543,PK01,AG10,2,2,485,0.15,Completed,M-Pesa
BK-2023-01947,2023-07-17,2023-08-07,C01834,PK02,AG04,2,0,435,0.05,Completed,Bank Transfer
BK-2023-01948,2023-07-17,2023-08-15,C01933,PK04,AG07,2,0,575,0.1,Completed,Card
BK-2023-01949,2023-07-17,2023-09-20,C02662,PK02,,2,0,435,0.0,Completed,Card
BK-2023-01950,2023-07-17,2023-09-24,C04436,PK17,AG06,2,2,11270,0.05,Completed,Bank Transfer
BK-2023-01951,2023-07-17,2024-01-18,C04593,PK12,AG03,9,0,5795,0.1,Completed,PayPal
BK-2023-01952,2023-07-17,2023-08-13,C05436,PK02,,2,0,435,0.0,Completed,Card
BK-2023-01953,2023-07-17,2023-08-01,C05682,PK09,,2,2,2990,0.05,Completed,M-Pesa
BK-2023-01954,2023-07-17,2023-08-21,C05730,PK05,,2,0,895,0.0,Completed,M-Pesa
BK-2023-01955,2023-07-17,2023-11-07,C06334,PK06,AG02,2,3,1250,0.1,Completed,M-Pesa
BK-2023-01956,2023-07-18,2023-11-08,C00351,PK06,,6,0,1250,0.1,Completed,Card
BK-2023-01957,2023-07-18,2023-08-06,C02729,PK04,AG04,1,0,575,0.05,Completed,Card
BK-2023-01958,2023-07-18,2024-01-09,C03157,PK13,AG02,2,0,7485,0.1,Completed,Bank Transfer
BK-2023-01959,2023-07-18,2023-08-11,C03271,PK04,AG03,2,0,575,0.0,Completed,Bank Transfer
BK-2023-01960,2023-07-18,2023-09-03,C03794,PK03,AG05,2,2,620,0.05,Completed,Card
BK-2023-01961,2023-07-18,2023-07-26,C04182,PK03,,2,0,620,0.1,Completed,Card
BK-2023-01962,2023-07-18,2023-10-31,C04562,PK06,AG04,2,0,1440,0.0,Completed,Card
BK-2023-01963,2023-07-18,2023-08-26,C04607,PK05,,2,0,895,0.0,Completed,Bank Transfer
BK-2023-01964,2023-07-18,2023-07-21,C06433,PK09,,2,0,2990,,Completed,Bank Transfer
BK-2023-01965,2023-07-19,2024-02-21,C00210,PK12,AG05,2,0,5040,0.05,Canceled,Bank Transfer
BK-2023-01966,2023-07-19,2023-08-13,C00476,PK10,AG02,2,0,1025,,Completed,Card
BK-2023-01967,2023-07-19,2024-08-10,C00488,PK14,AG10,2,2,4950,0.0,Completed ,M-Pesa
BK-2023-01968,2023-07-19,2023-07-26,C01137,PK04,AG01,1,0,575,0.15,Completed,PayPal
BK-2023-01969,2023-07-19,2023-08-29,C01311,PK02,AG08,2,0,435,0.0,COMPLETED,Card
BK-2023-01970,2023-07-19,2023-08-03,C01342,PK03,AG10,1,0,620,0.0,Completed,M-Pesa
BK-2023-01971,2023-07-19,2023-09-03,C01914,PK12,AG01,2,1,5520,0.0,Completed,Bank Transfer
BK-2023-01972,2023-07-19,2023-08-07,C02363,PK02,AG03,2,0,435,0.05,Cancelled,Card
BK-2023-01973,2023-07-19,2023-09-02,C02932,PK17,AG03,2,2,11270,0.1,Completed,Card
BK-2023-01974,2023-07-19,2023-09-01,C02970,PK01,AG08,4,0,485,,Completed,PayPal
BK-2023-01975,2023-07-19,2024-01-12,C03204,PK13,AG07,2,0,7485,0.1,Completed,Bank Transfer
BK-2023-01976,2023-07-19,2023-08-13,C04002,PK04,AG03,5,0,575,0.05,Canceled,Card
BK-2023-01977,2023-07-19,2023-08-22,C04027,PK12,AG09,2,2,5520,0.0,Completed,M-Pesa
BK-2023-01978,2023-07-19,2023-09-03,C04701,PK02,,2,0,435,0.15,Completed,Bank Transfer
BK-2023-01979,2023-07-19,2023-08-08,C05226,PK01,AG04,2,0,485,0.05,Completed,M-Pesa
BK-2023-01980,2023-07-19,2023-08-19,C05540,PK02,AG04,2,0,435,0.1,Completed,Bank Transfer
BK-2023-01981,2023-07-19,2023-08-29,C05895,PK11,AG05,1,0,4485,0.15,Completed,Card
BK-2023-01982,2023-07-20,2023-08-20,C00082,PK01,,2,0,485,0.0,Completed,Card
BK-2023-01983,2023-07-20,2023-10-28,C00767,PK06,AG13,9,0,1440,0.0,Completed,Card
BK-2023-01984,2023-07-20,2023-08-02,C01071,PK07,AG09,1,0,2700,0.0,Completed,Card
BK-2023-01985,2023-07-20,2023-09-10,C01935,PK07,AG12,8,0,2700,0.1,Completed,Bank Transfer
BK-2023-01986,2023-07-20,2023-08-07,C01944,PK09,AG08,2,0,2990,0.05,completed,Bank Transfer
BK-2023-01987,2023-07-20,2023-08-05,C02438,PK01,AG06,2,0,485,0.0,Completed,Bank Transfer
BK-2023-01988,2023-07-20,2023-08-25,C02448,PK07,AG03,1,0,2700,0.0,Completed,Card
BK-2023-01989,2023-07-20,2024-02-27,C02987,PK13,,7,0,6510,0.1,Completed,Bank Transfer
BK-2023-01990,2023-07-20,2023-08-22,C03059,PK05,,8,0,895,0.05,Completed,PayPal
BK-2023-01991,2023-07-20,2023-10-30,C04049,PK05,AG06,8,0,895,0.05,Completed,Bank Transfer
BK-2023-01992,2023-07-20,2023-12-05,C04071,PK09,AG07,7,0,2990,0.0,Completed,Bank Transfer
BK-2023-01993,2023-07-20,2023-10-25,C04113,PK03,AG11,9,0,620,0.15,Completed,M-Pesa
BK-2023-01994,2023-07-20,2023-08-21,C04196,PK08,,2,0,1355,0.0,Completed,Card
BK-2023-01995,2023-07-20,2023-08-10,C05974,PK09,,2,0,2990,0.0,completed,PayPal
BK-2023-01996,2023-07-21,2023-09-02,C00263,PK01,AG08,7,0,485,0.05,Completed,Card
BK-2023-01997,2023-07-21,2023-08-11,C00407,PK09,,1,0,2990,0.05,Completed,Bank Transfer
BK-2023-01998,2023-07-21,2023-09-06,C00747,PK01,AG04,1,0,485,0.0,Completed,Card
BK-2023-01999,2023-07-21,2023-08-16,C00854,PK13,AG04,2,2,7130,0.0,Completed,Bank Transfer
BK-2023-02000,2023-07-21,2023-08-10,C01264,PK02,AG09,2,3,435,0.0,Completed,Bank Transfer
BK-2023-02001,2023-07-21,2024-03-22,C02201,PK17,AG04,2,0,10290,0.05,Completed,Bank Transfer
BK-2023-02002,2023-07-21,2023-09-07,C02374,PK10,AG02,2,0,1025,0.0,Completed,Card
BK-2023-02003,2023-07-21,2023-08-10,C02888,PK02,AG02,2,0,435,0.0,Completed,PayPal
BK-2023-02004,2023-07-21,2023-07-31,C02891,PK02,,1,0,435,0.05,COMPLETED,M-Pesa
BK-2023-02005,2023-07-21,2023-08-29,C03301,PK01,,1,0,485,0.0,Completed,Card
BK-2023-02006,2023-07-21,2024-01-30,C03308,PK12,,2,0,5795,0.0,Completed,Card
BK-2023-02007,2023-07-21,2023-09-05,C03635,PK01,AG08,2,1,485,0.0,completed,PayPal
BK-2023-02008,2023-07-21,2023-08-31,C04503,PK07,AG06,2,3,2700,0.05,Completed,PayPal
BK-2023-02009,2023-07-21,2023-08-17,C04508,PK05,,2,3,895,0.0,Completed,Bank Transfer
BK-2023-02010,2023-07-21,2023-10-20,C04698,PK06,AG04,6,0,1440,0.05,Completed ,Card
BK-2023-02011,2023-07-21,2023-12-21,C05995,PK12,,2,3,5520,0.05,Completed,Bank Transfer
BK-2023-02012,2023-07-21,2023-09-12,C06293,PK14,,2,2,4715,0.0,Completed,M-Pesa
BK-2023-02013,2023-07-22,2023-09-13,C00044,PK13,AG08,2,1,7130,0.1,Cancelled,Card
BK-2023-02014,2023-07-22,2023-10-06,C00116,PK07,,1,0,2700,0.05,Completed,Card
BK-2023-02015,2023-07-22,2023-08-18,C00369,PK03,,2,0,620,0.0,Completed,Card
BK-2023-02016,2023-07-22,2023-08-14,C00402,PK05,AG03,2,0,895,0.15,Completed,Bank Transfer
BK-2023-02017,2023-07-22,2023-08-23,C00555,PK11,AG02,2,3,4485,0.1,Completed,M-Pesa
BK-2023-02018,2023-07-22,2023-09-14,C00762,PK05,AG01,1,0,895,0.05,completed,Card
BK-2023-02019,2023-07-22,2023-09-28,C00999,PK07,,2,0,2700,0.1,Completed,Card
BK-2023-02020,2023-07-22,2023-08-23,C01424,PK02,,2,1,435,0.0,Completed,M-Pesa
BK-2023-02021,2023-07-22,2023-08-27,C02492,PK07,AG04,2,0,2700,0.0,Completed,Bank Transfer
BK-2023-02022,2023-07-22,2023-08-11,C02935,PK03,AG02,2,1,620,0.0,COMPLETED,M-Pesa
BK-2023-02023,2023-07-22,2023-09-26,C04131,PK09,AG01,2,2,2990,0.05,Completed,Card
BK-2023-02024,2023-07-22,2023-10-07,C04290,PK03,AG09,6,0,620,0.15,Cancelled,PayPal
BK-2023-02025,2023-07-22,2024-01-23,C04937,PK14,,2,0,4950,0.05,Cancelled,Card
BK-2023-02026,2023-07-22,2023-08-22,C05084,PK17,,7,0,11270,0.15,completed,Bank Transfer
BK-2023-02027,2023-07-22,2023-08-17,C05539,PK09,AG07,2,0,2990,0.0,Completed,PayPal
BK-2023-02028,2023-07-22,2023-11-28,C06015,PK10,AG11,2,3,890,0.0,Completed,Bank Transfer
BK-2023-02029,2023-07-22,2024-01-04,C06107,PK17,AG02,2,0,11835,0.0,Cancelled,M-Pesa
BK-2023-02030,2023-07-23,2023-08-31,C00646,PK10,AG07,2,2,1025,0.0,Completed,Card
BK-2023-02031,2023-07-23,2024-07-16,C01035,PK16,,2,0,5555,0.0,Completed,Bank Transfer
BK-2023-02032,2023-07-23,2023-08-01,C01683,PK01,AG03,2,1,485,,Cancelled,Card
BK-2023-02033,2023-07-23,2023-08-27,C01784,PK02,AG02,2,3,435,0.0,Completed,M-Pesa
BK-2023-02034,2023-07-23,2023-08-10,C02304,PK02,AG04,2,0,435,0.1,Completed,PayPal
BK-2023-02035,2023-07-23,2023-09-12,C02565,PK06,AG06,9,0,1440,0.05,Completed,M-Pesa
BK-2023-02036,2023-07-23,2023-08-15,C03139,PK03,AG04,2,3,620,0.0,Completed,Bank Transfer
BK-2023-02037,2023-07-23,2023-12-23,C04089,PK12,,1,0,5520,0.0,Completed,PayPal
BK-2023-02038,2023-07-23,2023-10-11,C04622,PK06,,2,2,1440,0.05,Completed,M-Pesa
BK-2023-02039,2023-07-23,2023-08-05,C04785,PK02,,1,0,435,0.05,Completed,PayPal
BK-2023-02040,2023-07-23,2023-11-22,C05245,PK06,AG10,8,0,1250,0.1,Completed,M-Pesa
BK-2023-02041,2023-07-23,2023-09-15,C05475,PK15,AG10,2,0,4485,0.0,Completed,Bank Transfer
BK-2023-02042,2023-07-23,2023-08-31,C06065,PK12,AG10,1,0,5520,0.0,Completed,M-Pesa
BK-2023-02043,2023-07-23,2023-09-27,C06207,PK09,AG03,1,0,2990,0.05,Completed,Bank Transfer
BK-2023-02044,2023-07-24,2024-01-18,C00296,PK09,AG05,6,0,3140,0.1,Cancelled,Bank Transfer
BK-2023-02045,2023-07-24,2023-08-17,C00428,PK09,AG08,2,0,2990,0.1,Completed,Card
BK-2023-02046,2023-07-24,2023-08-25,C00548,PK15,,2,0,4485,0.0,completed,PayPal
BK-2023-02047,2023-07-24,2023-08-26,C01236,PK01,AG11,2,0,485,0.0,Completed,PayPal
BK-2023-02048,2023-07-24,2023-12-08,C02125,PK12,AG06,2,0,5520,0.0,Completed,Card
BK-2023-02049,2023-07-24,2023-08-13,C02242,PK06,,2,0,1440,0.1,Completed,Bank Transfer
BK-2023-02050,2023-07-24,2023-08-12,C02733,PK02,AG06,2,0,435,0.0,Completed,Card
BK-2023-02051,2023-07-24,2023-08-25,C02791,PK07,AG13,12,0,2700,0.1,Completed,Bank Transfer
BK-2023-02052,2023-07-24,2023-09-02,C02842,PK11,AG04,2,1,4485,0.0,Completed,M-Pesa
BK-2023-02053,2023-07-24,2023-10-14,C04096,PK09,,5,0,2990,0.1,Completed,Bank Transfer
BK-2023-02054,2023-07-24,2023-10-10,C04335,PK09,,2,0,2990,0.0,Completed,Bank Transfer
BK-2023-02055,2023-07-24,2023-09-07,C04448,PK03,AG01,1,0,620,0.1,Completed,Bank Transfer
BK-2023-02056,2023-07-24,2023-09-10,C05301,PK09,,5,0,2990,0.15,Completed,M-Pesa
BK-2023-02057,2023-07-24,2023-09-22,C05361,PK10,AG02,1,0,1025,0.0,Completed,Bank Transfer
BK-2023-02058,2023-07-24,2023-08-28,C05465,PK04,AG03,2,0,575,0.1,completed,Card
BK-2023-02059,2023-07-24,2023-08-09,C06105,PK05,AG06,2,3,895,0.05,Completed,Card
BK-2023-02060,2023-07-24,2024-02-12,C06156,PK15,AG04,2,0,4095,0.05,Completed,Card
BK-2023-02061,2023-07-25,2023-10-01,C00826,PK06,AG06,9,0,1440,0.0,Cancelled,Card
BK-2023-02062,2023-07-25,2023-09-22,C01405,PK14,AG04,2,0,4715,0.05,Completed,Bank Transfer
BK-2023-02063,2023-07-25,2023-09-08,C02367,PK07,,2,0,2700,0.0,Completed,Card
BK-2023-02064,2023-07-25,2023-08-30,C02576,PK06,AG02,1,0,1440,,Completed,Card
BK-2023-02065,2023-07-25,2023-11-13,C02579,PK13,,2,3,6200,0.1,Completed,Bank Transfer
BK-2023-02066,2023-07-25,2023-08-13,C02866,PK09,AG01,8,0,2990,0.0,Canceled,Bank Transfer
BK-2023-02067,2023-07-25,2023-09-01,C02909,PK05,AG09,2,0,895,0.0,Completed,Card
BK-2023-02068,2023-07-25,2023-08-07,C03452,PK06,AG01,2,0,1440,0.0,Completed,M-Pesa
BK-2023-02069,2023-07-25,2024-02-06,C03706,PK16,AG04,2,0,4830,0.05,Completed,Card
BK-2023-02070,2023-07-25,2023-10-14,C04276,PK06,,1,0,1440,0.0,Completed,Bank Transfer
BK-2023-02071,2023-07-25,2024-02-25,C05568,PK07,,2,0,2470,0.0,Completed,M-Pesa
BK-2023-02072,2023-07-26,2023-09-19,C01264,PK05,AG04,2,2,895,0.1,Completed,Bank Transfer
BK-2023-02073,2023-07-26,2023-08-19,C01613,PK02,,2,3,435,0.1,Completed,M-Pesa
BK-2023-02074,2023-07-26,2023-08-29,C02016,PK15,AG04,2,1,4485,0.0,Completed,Bank Transfer
BK-2023-02075,2023-07-26,2023-10-12,C02022,PK12,AG10,2,0,5520,0.0,Completed,Card
BK-2023-02076,2023-07-26,2023-08-22,C02378,PK07,AG10,2,0,2700,0.05,Completed,Card
BK-2023-02077,2023-07-26,2023-10-22,C03353,PK10,AG09,5,0,1025,0.1,Canceled,Card
BK-2023-02078,2023-07-26,2023-09-19,C03597,PK13,AG03,2,0,7130,0.0,Completed,PayPal
BK-2023-02079,2023-07-26,2023-08-27,C04369,PK07,AG10,1,0,2700,0.0,completed,Card
BK-2023-02080,2023-07-26,2023-11-20,C04759,PK07,AG10,2,3,2350,0.0,Completed,PayPal
BK-2023-02081,2023-07-26,2023-08-15,C05333,PK01,,9,0,485,0.05,Completed,Bank Transfer
BK-2023-02082,2023-07-26,2023-08-04,C05384,PK01,AG01,1,0,485,0.0,Canceled,Bank Transfer
BK-2023-02083,2023-07-26,2023-08-05,C05778,PK03,AG03,5,0,620,0.1,Cancelled,Bank Transfer
BK-2023-02084,2023-07-27,2023-08-19,C00737,PK11,AG01,2,0,4485,0.0,Completed,Card
BK-2023-02085,2023-07-27,2023-08-18,C01557,PK05,AG04,2,2,895,0.1,COMPLETED,M-Pesa
BK-2023-02086,2023-07-27,2023-09-07,C01793,PK10,AG03,2,0,1025,0.0,Completed,PayPal
BK-2023-02087,2023-07-27,2024-09-04,C02021,PK12,AG07,2,1,5795,0.0,Completed,Card
BK-2023-02088,2023-07-27,2023-08-20,C03367,PK07,AG04,2,3,2700,0.0,Completed,M-Pesa
BK-2023-02089,2023-07-27,2023-08-08,C03845,PK04,AG03,2,1,575,0.0,Completed,PayPal
BK-2023-02090,2023-07-27,2023-12-05,C03973,PK07,AG06,2,1,2700,0.05,Completed,Bank Transfer
BK-2023-02091,2023-07-27,2023-08-08,C04340,PK03,AG02,10,0,620,0.1,Cancelled,Bank Transfer
BK-2023-02092,2023-07-27,2023-10-15,C04343,PK06,AG07,2,2,1440,0.0,Completed ,Bank Transfer
BK-2023-02093,2023-07-27,2024-02-09,C04586,PK13,,2,0,6510,0.0,Completed,Card
BK-2023-02094,2023-07-27,2023-08-10,C04753,PK01,AG07,2,0,485,0.0,Cancelled,Bank Transfer
BK-2023-02095,2023-07-27,2023-09-12,C06209,PK13,,9,0,7130,0.0,Completed,M-Pesa
BK-2023-02096,2023-07-28,2023-12-26,C00102,PK13,AG07,5,0,7130,0.05,Completed,M-Pesa
BK-2023-02097,2023-07-28,2023-09-19,C01161,PK07,AG08,2,0,2700,0.05,Completed,Card
BK-2023-02098,2023-07-28,2023-12-07,C01551,PK09,AG13,4,0,2990,0.05,Completed,Bank Transfer
BK-2023-02099,2023-07-28,2023-09-17,C01704,PK06,,11,0,1440,0.0,Completed,PayPal
BK-2023-02100,2023-07-28,2023-09-06,C02482,PK05,,2,0,895,0.1,Completed,Card
BK-2023-02101,2023-07-28,2023-08-08,C02549,PK05,,2,0,895,0.15,Completed,Bank Transfer
BK-2023-02102,2023-07-28,2024-01-07,C02870,PK15,AG10,9,0,4710,0.0,Completed,Bank Transfer
BK-2023-02103,2023-07-28,2023-12-10,C02990,PK13,AG11,2,1,7130,0.0,Completed,Card
BK-2023-02104,2023-07-28,2023-08-08,C03336,PK01,AG11,2,3,485,0.0,completed,Bank Transfer
BK-2023-02105,2023-07-28,2023-08-30,C04172,PK04,AG11,5,0,575,0.0,Cancelled,PayPal
BK-2023-02106,2023-07-28,2023-11-27,C04202,PK13,,2,0,6200,0.0,Completed,M-Pesa
BK-2023-02107,2023-07-28,2023-09-10,C04316,PK01,AG06,2,0,485,0.15,Canceled,Card
BK-2023-02108,2023-07-28,2023-08-02,C05105,PK11,AG03,1,0,4485,0.0,Completed,Bank Transfer
BK-2023-02109,2023-07-28,2023-09-20,C05381,PK11,AG01,1,0,4485,0.05,Completed,Card
BK-2023-02110,2023-07-28,2023-10-25,C05708,PK06,AG01,2,0,1440,0.05,Completed,PayPal
BK-2023-02111,2023-07-28,2023-09-21,C05819,PK07,AG09,2,2,2700,0.05,Completed,PayPal
BK-2023-02112,2023-07-28,2024-07-17,C06086,PK17,AG03,2,3,11835,0.0,Completed,Bank Transfer
BK-2023-02113,2023-07-28,2023-10-10,C06242,PK17,,1,0,11270,0.0,Completed,Card
BK-2023-02114,2023-07-29,2023-08-20,C00442,PK02,AG05,2,2,435,,Completed,M-Pesa
BK-2023-02115,2023-07-29,2023-09-06,C01117,PK05,,6,0,895,0.0,Completed,Card
BK-2023-02116,2023-07-29,2023-09-22,C01433,PK10,AG03,2,0,1025,0.15,Completed ,Bank Transfer
BK-2023-02117,2023-07-29,2023-08-27,C04950,PK11,AG07,2,0,4485,0.0,Completed,Bank Transfer
BK-2023-02118,2023-07-29,2023-09-30,C05130,PK09,AG09,6,0,2990,0.1,Completed,Bank Transfer
BK-2023-02119,2023-07-29,2023-08-19,C05186,PK11,AG02,1,0,4485,0.0,Completed,Card
BK-2023-02120,2023-07-29,2023-09-28,C05462,PK07,AG03,2,0,2700,0.0,Completed,Card
BK-2023-02121,2023-07-29,2023-09-23,C05491,PK09,AG06,2,0,2990,0.05,Completed,Bank Transfer
BK-2023-02122,2023-07-29,2023-08-23,C05518,PK11,AG03,4,0,4485,0.05,Completed,Bank Transfer
BK-2023-02123,2023-07-29,2023-08-25,C05977,PK04,AG02,8,0,575,0.0,Completed,Card
BK-2023-02124,2023-07-29,2023-08-15,C05993,PK08,AG03,4,0,1355,0.05,Completed,Card
BK-2023-02125,2023-07-29,2023-08-16,C06415,PK02,,2,3,435,0.0,Completed,Card
BK-2023-02126,2023-07-30,2023-08-10,C00046,PK01,AG11,1,0,485,0.05,Completed ,Card
BK-2023-02127,2023-07-30,2023-08-11,C02111,PK03,,2,2,620,0.15,Completed,Bank Transfer
BK-2023-02128,2023-07-30,2023-10-04,C02297,PK06,AG10,2,2,1440,0.0,Completed,Bank Transfer
BK-2023-02129,2023-07-30,2023-08-23,C02586,PK11,,7,0,4485,0.1,Completed,Bank Transfer
BK-2023-02130,2023-07-30,2023-08-06,C02977,PK03,AG05,2,0,620,0.15,Completed,Bank Transfer
BK-2023-02131,2023-07-30,2023-08-18,C04542,PK03,,2,3,620,0.15,Completed,Card
BK-2023-02132,2023-07-30,2023-08-09,C04660,PK07,AG09,2,0,2700,0.1,Cancelled ,Card
BK-2023-02133,2023-07-30,2024-10-07,C04961,PK12,,7,0,5795,0.1,Completed,PayPal
BK-2023-02134,2023-07-31,2023-08-26,C00521,PK03,AG07,2,0,620,0.0,Completed,Bank Transfer
BK-2023-02135,2023-07-31,2023-08-17,C01444,PK03,AG02,8,0,620,0.0,Completed,Card
BK-2023-02136,2023-07-31,2023-08-26,C01491,PK09,,2,0,2990,0.0,Completed,Bank Transfer
BK-2023-02137,2023-07-31,2023-08-24,C03824,PK06,AG01,2,2,1440,0.05,Completed,Card
BK-2023-02138,2023-07-31,2023-08-30,C04350,PK01,,2,0,485,,Completed,Bank Transfer
BK-2023-02139,2023-07-31,2023-10-10,C04897,PK06,AG01,2,0,1440,0.05,Completed,Card
BK-2023-02140,2023-07-31,2023-09-16,C05187,PK08,AG05,1,0,1355,0.0,Completed,Bank Transfer
BK-2023-02141,2023-07-31,2023-10-11,C06457,PK06,AG05,1,0,1440,0.05,Completed,Card
BK-2023-02142,2023-08-01,2023-08-16,C00082,PK02,AG03,2,0,435,0.0,Canceled,Card
BK-2023-02143,2023-08-01,2023-12-10,C01347,PK06,AG09,1,0,1440,0.1,Completed,Bank Transfer
BK-2023-02144,2023-08-01,2024-06-08,C01865,PK13,,8,0,6510,0.1,Canceled,PayPal
BK-2023-02145,2023-08-01,2024-03-04,C02026,PK14,AG02,1,0,4305,0.0,Completed,Card
BK-2023-02146,2023-08-01,2023-08-12,C02367,PK08,,2,0,1355,0.1,Completed,M-Pesa
BK-2023-02147,2023-08-01,2023-09-27,C03097,PK02,AG10,2,1,435,0.0,Completed,Card
BK-2023-02148,2023-08-01,2023-09-23,C03317,PK08,AG04,2,0,1355,0.05,Completed,Bank Transfer
BK-2023-02149,2023-08-01,2023-10-26,C03343,PK17,AG08,1,0,11270,0.0,Completed,Card
BK-2023-02150,2023-08-01,2023-08-22,C03945,PK02,AG10,1,0,435,,Completed,M-Pesa
BK-2023-02151,2023-08-01,2023-09-03,C04128,PK13,AG09,2,2,7130,0.1,Completed,PayPal
BK-2023-02152,2023-08-01,2023-08-31,C05256,PK06,,8,0,1440,0.1,COMPLETED,Bank Transfer
BK-2023-02153,2023-08-01,2023-10-27,C06093,PK06,,2,1,1440,0.0,Completed,Bank Transfer
BK-2023-02154,2023-08-01,2023-10-27,C06287,PK10,AG02,4,0,1025,0.1,Completed,PayPal
BK-2023-02155,2023-08-01,2023-09-30,C06380,PK01,AG03,2,0,485,0.0,Cancelled,Card
BK-2023-02156,2023-08-02,2023-08-11,C00751,PK09,AG12,5,0,2990,0.1,Completed,Bank Transfer
BK-2023-02157,2023-08-02,2024-05-27,C01234,PK16,AG04,1,0,4830,0.0,Completed,Card
BK-2023-02158,2023-08-02,2023-08-14,C01392,PK04,AG02,2,1,575,0.1,Completed,Bank Transfer
BK-2023-02159,2023-08-02,2023-10-17,C01434,PK11,,7,0,4485,0.1,Completed,PayPal
BK-2023-02160,2023-08-02,2023-09-25,C01536,PK10,AG10,2,0,1025,0.0,Completed,M-Pesa
BK-2023-02161,2023-08-02,2023-09-08,C04582,PK04,AG08,7,0,575,0.0,Completed,M-Pesa
BK-2023-02162,2023-08-02,2023-09-16,C05379,PK07,,2,2,2700,0.1,Completed,PayPal
BK-2023-02163,2023-08-02,2023-10-13,C05478,PK05,AG07,2,0,895,0.05,Cancelled,PayPal
BK-2023-02164,2023-08-02,2023-08-15,C05639,PK09,AG03,2,1,2990,0.05,Completed,M-Pesa
BK-2023-02165,2023-08-02,2023-09-02,C05863,PK07,AG11,2,2,2700,0.0,Completed,Card
BK-2023-02166,2023-08-02,2023-09-06,C06208,PK09,AG02,2,2,2990,,Completed,Card
BK-2023-02167,2023-08-03,2023-12-23,C01048,PK16,AG03,1,0,5290,0.0,Completed,M-Pesa
BK-2023-02168,2023-08-03,2023-08-11,C01261,PK02,,2,0,435,0.15,Completed,Card
BK-2023-02169,2023-08-03,2023-08-26,C01594,PK06,AG02,2,3,1440,0.05,Completed,Bank Transfer
BK-2023-02170,2023-08-03,2023-08-13,C02911,PK03,AG02,2,0,620,,Completed,PayPal
BK-2023-02171,2023-08-03,2023-08-14,C03009,PK03,AG09,9,0,620,0.1,Completed,Card
BK-2023-02172,2023-08-03,2023-08-06,C03317,PK02,AG02,2,0,435,0.05,Completed,M-Pesa
BK-2023-02173,2023-08-03,2023-09-16,C03372,PK06,AG11,2,2,1440,0.0,Completed,Card
BK-2023-02174,2023-08-03,2023-12-30,C03386,PK06,,7,0,1440,0.1,Completed,Bank Transfer
BK-2023-02175,2023-08-03,2023-09-25,C03660,PK06,,9,0,1440,0.1,Completed,PayPal
BK-2023-02176,2023-08-03,2023-08-26,C04840,PK09,,2,0,2990,0.1,Completed,M-Pesa
BK-2023-02177,2023-08-03,2023-11-28,C05551,PK12,AG11,1,0,4800,0.1,Completed,Bank Transfer
BK-2023-02178,2023-08-03,2023-10-29,C05614,PK16,AG02,2,0,5290,0.05,Completed,Bank Transfer
BK-2023-02179,2023-08-03,2023-12-31,C05933,PK06,AG03,2,3,1440,0.1,Completed,Bank Transfer
BK-2023-02180,2023-08-03,2024-01-07,C06336,PK13,,2,3,7485,0.05,Completed,Card
BK-2023-02181,2023-08-04,2024-07-22,C00382,PK16,,1,0,5555,0.1,Completed,Card
BK-2023-02182,2023-08-04,2023-10-03,C02206,PK06,AG06,2,0,1440,0.0,Completed,M-Pesa
BK-2023-02183,2023-08-04,2023-09-26,C03128,PK01,AG02,2,0,485,0.0,Completed,Card
BK-2023-02184,2023-08-04,2023-09-30,C03233,PK02,AG07,2,0,435,0.05,Completed,Bank Transfer
BK-2023-02185,2023-08-04,2024-03-03,C03663,PK14,,2,3,4305,0.0,Completed,Card
BK-2023-02186,2023-08-04,2023-08-17,C03765,PK01,AG02,2,0,485,0.0,Completed,M-Pesa
BK-2023-02187,2023-08-04,2023-08-31,C04096,PK03,AG11,5,0,620,0.1,Completed,Bank Transfer
BK-2023-02188,2023-08-04,2023-09-21,C04386,PK02,,2,0,435,0.0,Completed,Card
BK-2023-02189,2023-08-04,2023-09-30,C04440,PK01,,2,0,485,0.0,Completed,PayPal
BK-2023-02190,2023-08-04,2023-10-16,C04513,PK01,AG07,1,0,485,0.0,Completed,Card
BK-2023-02191,2023-08-04,2023-10-25,C04726,PK15,AG09,2,1,4485,0.1,Completed,Bank Transfer
BK-2023-02192,2023-08-04,2023-09-21,C04792,PK09,AG03,1,0,2990,0.0,Completed,Card
BK-2023-02193,2023-08-04,2023-11-09,C05151,PK16,AG07,2,0,4600,0.05,Completed,Card
BK-2023-02194,2023-08-04,2023-09-08,C05732,PK01,AG07,1,0,485,0.0,Completed,M-Pesa
BK-2023-02195,2023-08-05,2023-08-25,C00765,PK01,AG01,1,0,485,0.1,Completed,M-Pesa
BK-2023-02196,2023-08-05,2023-09-13,C00961,PK04,AG04,9,0,575,0.1,Cancelled,Bank Transfer
BK-2023-02197,2023-08-05,2024-03-16,C01193,PK14,AG01,2,0,4305,0.0,Completed,Bank Transfer
BK-2023-02198,2023-08-05,2024-01-16,C01544,PK14,AG01,2,1,4950,0.0,Completed,M-Pesa
BK-2023-02199,2023-08-05,2023-10-14,C01711,PK10,AG05,1,0,1025,0.0,Completed,PayPal
BK-2023-02200,2023-08-05,2023-08-26,C01808,PK07,,2,0,2700,0.0,Completed,Bank Transfer
BK-2023-02201,2023-08-05,2023-08-19,C01849,PK11,,1,0,4485,0.05,Completed,M-Pesa
BK-2023-02202,2023-08-05,2023-09-05,C02550,PK01,,2,0,485,0.05,Completed,Bank Transfer
BK-2023-02203,2023-08-05,2023-09-20,C02944,PK08,AG05,2,0,1355,0.1,Completed,Bank Transfer
BK-2023-02204,2023-08-05,2023-10-17,C03268,PK10,AG03,2,0,1025,0.0,Cancelled,Card
BK-2023-02205,2023-08-05,2023-09-03,C03460,PK10,AG11,2,0,1025,0.1,Completed,Bank Transfer
BK-2023-02206,2023-08-05,2023-10-04,C03639,PK01,,2,0,485,0.05,COMPLETED,M-Pesa
BK-2023-02207,2023-08-05,2023-09-09,C03799,PK07,,2,3,2700,0.1,Completed,PayPal
BK-2023-02208,2023-08-05,2023-08-18,C04169,PK04,AG09,7,0,575,0.1,Completed,Bank Transfer
BK-2023-02209,2023-08-05,2023-09-30,C04441,PK03,AG02,2,0,620,0.05,Completed,Bank Transfer
BK-2023-02210,2023-08-05,2023-09-23,C04641,PK14,AG02,2,3,4715,0.0,Completed,Card
BK-2023-02211,2023-08-05,2023-10-20,C04781,PK01,AG05,2,2,485,0.05,Completed,Bank Transfer
BK-2023-02212,2023-08-05,2023-11-05,C04997,PK01,AG08,2,1,420,,Completed,Card
BK-2023-02213,2023-08-05,2023-10-05,C05092,PK07,AG05,2,0,2700,0.05,Completed,M-Pesa
BK-2023-02214,2023-08-05,2023-08-15,C05148,PK13,AG04,2,0,7130,0.0,Completed,Card
BK-2023-02215,2023-08-05,2023-08-20,C05496,PK07,,2,1,2700,0.05,Completed,PayPal
BK-2023-02216,2023-08-05,2023-08-24,C05952,PK03,,2,0,620,0.1,Completed,Bank Transfer
BK-2023-02217,2023-08-05,2023-10-24,C06213,PK09,AG03,2,0,2990,0.05,Cancelled,Card
BK-2023-02218,2023-08-05,2023-10-07,C06448,PK07,AG03,1,0,2700,0.0,Cancelled,PayPal
BK-2023-02219,2023-08-06,2023-11-30,C00203,PK13,AG12,10,0,6200,0.1,Cancelled,Bank Transfer
BK-2023-02220,2023-08-06,2023-12-23,C01611,PK17,AG02,2,3,11270,0.1,completed,M-Pesa
BK-2023-02221,2023-08-06,2023-08-18,C01703,PK01,AG11,2,2,485,0.0,Completed,Bank Transfer
BK-2023-02222,2023-08-06,2023-08-14,C02305,PK04,AG07,1,0,575,0.0,Canceled,M-Pesa
BK-2023-02223,2023-08-06,2023-08-15,C03610,PK01,AG04,2,0,485,0.0,Completed,Card
BK-2023-02224,2023-08-06,2023-08-21,C04186,PK01,AG05,2,1,485,0.0,Cancelled,Card
BK-2023-02225,2023-08-06,2023-10-08,C04766,PK09,AG10,4,0,2990,0.1,Completed,Card
BK-2023-02226,2023-08-06,2023-11-08,C05972,PK06,AG02,3,0,1250,0.05,Canceled,PayPal
BK-2023-02227,2023-08-06,2024-02-13,C06145,PK14,AG04,2,2,4305,0.0,Completed,Bank Transfer
BK-2023-02228,2023-08-07,2023-08-26,C00107,PK07,AG12,5,0,2700,0.0,Cancelled,Card
BK-2023-02229,2023-08-07,2023-12-30,C02091,PK09,AG05,2,3,2990,0.0,Completed,Card
BK-2023-02230,2023-08-07,2023-08-13,C02280,PK09,,2,0,2990,0.15,Completed,M-Pesa
BK-2023-02231,2023-08-07,2023-09-17,C03517,PK02,AG04,1,0,435,0.0,COMPLETED,Card
BK-2023-02232,2023-08-07,2023-09-07,C03594,PK01,,2,2,485,0.0,Completed,Bank Transfer
BK-2023-02233,2023-08-07,2023-09-09,C04628,PK02,AG02,2,0,435,0.0,Completed,Bank Transfer
BK-2023-02234,2023-08-07,2023-09-28,C05283,PK06,AG06,2,0,1440,0.0,Completed,PayPal
BK-2023-02235,2023-08-08,2023-08-20,C00463,PK09,,2,0,2990,0.1,Completed,Bank Transfer
BK-2023-02236,2023-08-08,2023-09-07,C00526,PK12,AG09,2,0,5520,0.1,Completed,M-Pesa
BK-2023-02237,2023-08-08,2023-10-26,C01057,PK10,,2,3,1025,0.05,Completed,Card
BK-2023-02238,2023-08-08,2023-08-25,C01490,PK01,,1,0,485,0.05,Completed,M-Pesa
BK-2023-02239,2023-08-08,2023-10-29,C01630,PK12,AG04,2,0,5520,0.0,completed,Card
BK-2023-02240,2023-08-08,2023-12-18,C01723,PK09,,2,0,2990,0.05,Completed,Card
BK-2023-02241,2023-08-08,2024-03-02,C01906,PK13,AG03,2,0,6510,0.0,Completed,PayPal
BK-2023-02242,2023-08-08,2023-08-11,C02577,PK01,AG04,2,0,485,0.0,Completed,Card
BK-2023-02243,2023-08-08,2023-09-05,C02583,PK16,AG03,9,0,5290,0.1,Completed,Bank Transfer
BK-2023-02244,2023-08-08,2024-01-08,C03064,PK14,AG08,9,0,4950,0.0,Completed,Card
BK-2023-02245,2023-08-08,2023-09-10,C03092,PK05,AG01,5,0,895,0.05,Completed,Card
BK-2023-02246,2023-08-08,2023-12-26,C03388,PK10,AG02,2,0,1025,0.1,Completed,Bank Transfer
BK-2023-02247,2023-08-08,2023-10-03,C03757,PK10,AG02,2,2,1025,0.1,Completed,M-Pesa
BK-2023-02248,2023-08-08,2023-12-02,C05054,PK06,AG07,2,1,1440,0.0,Completed,Card
BK-2023-02249,2023-08-08,2023-10-06,C05553,PK05,AG10,2,3,895,0.1,Completed,PayPal
BK-2023-02250,2023-08-08,2023-09-03,C05620,PK07,AG11,2,0,2700,0.0,Completed,Bank Transfer
BK-2023-02251,2023-08-09,2023-09-11,C00228,PK02,AG11,5,0,435,0.05,Cancelled,Bank Transfer
BK-2023-02252,2023-08-09,2023-08-31,C02218,PK07,AG01,2,0,2700,0.1,Completed,Card
BK-2023-02253,2023-08-09,2023-10-17,C02360,PK09,AG08,2,3,2990,0.0,Completed,Card
BK-2023-02254,2023-08-09,2023-08-28,C03063,PK11,AG12,11,0,4485,0.1,Completed,Card
BK-2023-02255,2023-08-09,2023-10-26,C03530,PK05,,2,0,895,0.05,Completed ,M-Pesa
BK-2023-02256,2023-08-09,2024-01-31,C03722,PK17,AG04,2,0,11835,0.05,Completed,Card
BK-2023-02257,2023-08-09,2023-09-30,C04047,PK15,AG08,5,0,4485,0.05,Completed,Card
BK-2023-02258,2023-08-09,2023-09-30,C04348,PK01,AG11,2,2,485,0.0,Completed,M-Pesa
BK-2023-02259,2023-08-09,2023-08-18,C04456,PK02,AG08,2,3,435,0.0,Completed,Card
BK-2023-02260,2023-08-09,2023-08-31,C04850,PK09,AG03,5,0,2990,0.1,Canceled,PayPal
BK-2023-02261,2023-08-09,2023-10-02,C05392,PK13,AG09,8,0,7130,0.05,completed,Card
BK-2023-02262,2023-08-10,2024-01-05,C00152,PK06,AG01,2,1,1510,0.0,Completed,M-Pesa
BK-2023-02263,2023-08-10,2023-10-22,C01378,PK15,AG08,2,0,4485,0.0,Completed,PayPal
BK-2023-02264,2023-08-10,2024-01-15,C02376,PK12,AG03,2,3,5795,0.1,completed,Card
BK-2023-02265,2023-08-10,2023-11-06,C02684,PK08,AG03,2,2,1180,0.1,Completed,Bank Transfer
BK-2023-02266,2023-08-10,2023-09-02,C03271,PK09,AG05,2,0,2990,0.0,completed,M-Pesa
BK-2023-02267,2023-08-10,2024-02-12,C03781,PK15,,2,3,4095,0.1,Cancelled,Card
BK-2023-02268,2023-08-10,2023-10-13,C04126,PK12,AG04,2,1,5520,0.05,Completed,Card
BK-2023-02269,2023-08-10,2023-10-03,C04545,PK10,AG04,1,0,1025,0.15,Completed,Card
BK-2023-02270,2023-08-10,2023-10-17,C04699,PK16,AG06,1,0,5290,0.1,Completed,M-Pesa
BK-2023-02271,2023-08-10,2023-08-29,C05610,PK02,,2,0,435,0.15,Completed,Card
BK-2023-02272,2023-08-10,2023-09-23,C06308,PK06,AG04,2,1,1440,0.0,Completed,Bank Transfer
BK-2023-02273,2023-08-11,2023-11-05,C00166,PK08,AG10,2,0,1180,0.1,Completed,Card
BK-2023-02274,2023-08-11,2023-10-22,C00970,PK12,,2,2,5520,0.0,Completed,Bank Transfer
BK-2023-02275,2023-08-11,2023-09-20,C00974,PK07,,2,0,2700,0.0,Completed,Card
BK-2023-02276,2023-08-11,2023-09-22,C01268,PK17,,1,0,11270,0.0,Completed,Bank Transfer
BK-2023-02277,2023-08-11,2023-09-05,C01876,PK16,AG07,2,0,5290,0.1,Completed,Card
BK-2023-02278,2023-08-11,2024-06-27,C02064,PK12,AG07,2,2,5040,0.0,Completed,Card
BK-2023-02279,2023-08-11,2023-09-17,C03256,PK06,AG09,3,0,1440,0.1,Completed,Card
BK-2023-02280,2023-08-11,2023-08-22,C03474,PK13,AG05,2,0,7130,0.1,Cancelled,Bank Transfer
BK-2023-02281,2023-08-11,2023-12-18,C03669,PK12,AG04,2,0,5520,0.0,Completed,PayPal
BK-2023-02282,2023-08-11,2023-09-08,C04682,PK11,,2,1,4485,0.0,Completed,Bank Transfer
BK-2023-02283,2023-08-11,2023-08-17,C04729,PK15,AG07,2,0,4485,0.1,Completed,Card
BK-2023-02284,2023-08-11,2024-10-13,C04943,PK12,AG03,2,3,5795,0.0,Completed,Card
BK-2023-02285,2023-08-11,2023-08-31,C05102,PK04,AG10,2,2,575,0.0,Completed,Card
BK-2023-02286,2023-08-11,2023-09-13,C06456,PK08,,2,2,1355,0.0,Completed,Bank Transfer
BK-2023-02287,2023-08-12,2023-09-13,C00704,PK11,,2,3,4485,0.0,Completed,M-Pesa
BK-2023-02288,2023-08-12,2023-09-05,C00970,PK01,,2,3,485,0.0,Completed,Card
BK-2023-02289,2023-08-12,2023-09-27,C01484,PK17,AG02,5,0,11270,0.1,Completed,PayPal
BK-2023-02290,2023-08-12,2023-10-26,C01524,PK06,AG02,2,0,1440,0.05,Canceled,Card
BK-2023-02291,2023-08-12,2024-06-08,C01885,PK15,AG11,2,0,4095,0.1,Completed,Bank Transfer
BK-2023-02292,2023-08-12,2023-08-28,C02270,PK01,AG12,6,0,485,0.15,Completed,Card
BK-2023-02293,2023-08-12,2023-10-18,C02694,PK11,AG12,8,0,4485,0.1,Completed,Card
BK-2023-02294,2023-08-12,2023-10-07,C04301,PK10,,8,0,1025,0.05,completed,Card
BK-2023-02295,2023-08-12,2023-09-08,C05445,PK04,AG01,2,1,575,0.0,Completed,Card
BK-2023-02296,2023-08-12,2023-09-03,C05730,PK07,,2,0,2700,0.0,Completed,M-Pesa
BK-2023-02297,2023-08-12,2023-11-17,C05985,PK12,AG13,6,0,4800,0.1,Completed,Card
BK-2023-02298,2023-08-13,2023-09-12,C01037,PK04,AG04,2,0,575,0.0,Cancelled,Card
BK-2023-02299,2023-08-13,2023-09-09,C01500,PK02,,2,0,435,0.1,Completed,Card
BK-2023-02300,2023-08-13,2023-09-29,C01897,PK09,,2,0,2990,0.0,Completed,Card
BK-2023-02301,2023-08-13,2023-09-19,C02513,PK01,AG05,2,0,485,0.05,Completed,Card
BK-2023-02302,2023-08-13,2023-09-12,C03891,PK05,,2,0,895,0.15,Completed,PayPal
BK-2023-02303,2023-08-13,2023-11-24,C03919,PK12,,4,0,4800,0.1,Completed,Bank Transfer
BK-2023-02304,2023-08-13,2023-09-19,C04091,PK03,AG02,2,0,620,0.0,Cancelled,Card
BK-2023-02305,2023-08-13,2023-10-12,C04933,PK12,AG03,6,0,5520,0.1,completed,Card
BK-2023-02306,2023-08-13,2023-09-12,C05036,PK06,AG01,2,3,1440,0.05,COMPLETED,Bank Transfer
BK-2023-02307,2023-08-13,2023-09-17,C05219,PK01,AG07,2,0,485,0.0,Completed,Bank Transfer
BK-2023-02308,2023-08-13,2023-09-28,C05298,PK08,AG04,2,0,1355,0.05,Completed,Card
BK-2023-02309,2023-08-13,2023-12-26,C05466,PK14,,2,2,4715,0.0,Completed,Card
BK-2023-02310,2023-08-13,2023-09-19,C05970,PK05,AG09,1,0,895,0.1,Completed,PayPal
BK-2023-02311,2023-08-13,2023-09-14,C06078,PK12,,1,0,5520,0.0,Completed,M-Pesa
BK-2023-02312,2023-08-14,2023-09-01,C01202,PK03,AG05,2,0,620,0.0,Cancelled,Card
BK-2023-02313,2023-08-14,2023-11-20,C02278,PK10,,8,0,890,0.05,Completed,Card
BK-2023-02314,2023-08-14,2023-11-05,C04444,PK15,AG05,2,1,3900,0.0,Completed,M-Pesa
BK-2023-02315,2023-08-14,2023-08-18,C04452,PK13,,2,2,7130,0.0,Completed,Card
BK-2023-02316,2023-08-14,2023-10-15,C04479,PK04,AG07,2,0,575,0.0,Completed,Card
BK-2023-02317,2023-08-14,2023-10-17,C05080,PK06,AG01,2,0,1440,0.15,Completed,M-Pesa
BK-2023-02318,2023-08-14,2023-10-21,C06239,PK10,AG08,7,0,1025,0.15,Completed,Bank Transfer
BK-2023-02319,2023-08-14,2023-12-18,C06279,PK13,AG01,2,0,7130,0.0,Completed,M-Pesa
BK-2023-02320,2023-08-14,2024-01-09,C06343,PK10,AG10,2,2,1075,0.05,completed,Bank Transfer
BK-2023-02321,2023-08-15,2023-09-27,C01009,PK09,AG12,11,0,2990,0.1,Completed,M-Pesa
BK-2023-02322,2023-08-15,2023-09-01,C01140,PK05,AG09,2,2,895,0.0,Completed,Card
BK-2023-02323,2023-08-15,2023-09-02,C01362,PK05,AG07,2,0,895,0.05,Completed,M-Pesa
BK-2023-02324,2023-08-15,2023-11-12,C01707,PK10,,2,3,890,0.0,Completed,M-Pesa
BK-2023-02325,2023-08-15,2023-09-25,C02266,PK10,AG05,8,0,1025,0.0,Completed,M-Pesa
BK-2023-02326,2023-08-15,2023-11-05,C02387,PK07,AG10,2,2,2350,,Completed,M-Pesa
BK-2023-02327,2023-08-15,2023-10-08,C03013,PK06,AG06,2,0,1440,0.0,Completed,Card
BK-2023-02328,2023-08-15,2023-09-07,C03091,PK10,AG06,2,3,1025,0.0,Completed,Card
BK-2023-02329,2023-08-15,2023-09-09,C03509,PK02,AG03,2,0,435,0.05,Completed,Card
BK-2023-02330,2023-08-15,2024-03-31,C04102,PK09,AG05,8,0,2730,0.1,Completed,Card
BK-2023-02331,2023-08-15,2023-10-29,C04903,PK11,,2,3,4485,0.0,Completed,Card
BK-2023-02332,2023-08-15,2023-10-04,C06103,PK09,AG08,2,0,2990,0.05,Cancelled,Card
BK-2023-02333,2023-08-15,2023-09-17,C06271,PK09,AG04,2,1,2990,0.0,Completed,M-Pesa
BK-2023-02334,2023-08-15,2024-01-23,C06387,PK10,AG13,9,0,1075,0.1,Completed,M-Pesa
BK-2023-02335,2023-08-16,2023-09-18,C00380,PK03,AG08,2,1,620,0.0,Completed,Card
BK-2023-02336,2023-08-16,2023-08-19,C00691,PK05,,2,0,895,0.0,Completed,Card
BK-2023-02337,2023-08-16,2023-10-12,C00705,PK06,,4,0,1440,0.15,Completed,Bank Transfer
BK-2023-02338,2023-08-16,2023-09-28,C00722,PK04,AG06,2,3,575,0.0,Completed,M-Pesa
BK-2023-02339,2023-08-16,2023-08-20,C01265,PK01,AG02,2,2,485,0.1,Completed,M-Pesa
BK-2023-02340,2023-08-16,2024-01-25,C01991,PK13,,2,1,7485,0.0,Completed,PayPal
BK-2023-02341,2023-08-16,2023-10-12,C02031,PK02,AG03,2,1,435,0.05,Canceled,Card
BK-2023-02342,2023-08-16,2024-02-17,C03093,PK15,AG13,8,0,4095,0.0,Completed,Card
BK-2023-02343,2023-08-16,2023-09-12,C03165,PK09,AG02,2,0,2990,0.0,Cancelled,Bank Transfer
BK-2023-02344,2023-08-16,2023-09-17,C03838,PK07,AG02,1,0,2700,0.0,Completed,PayPal
BK-2023-02345,2023-08-16,2023-09-23,C04042,PK15,,2,0,4485,,Completed,Bank Transfer
BK-2023-02346,2023-08-16,2023-12-13,C04744,PK10,,2,0,1025,0.05,Completed,M-Pesa
BK-2023-02347,2023-08-16,2023-09-08,C05688,PK06,AG11,1,0,1440,0.0,Canceled,Card
BK-2023-02348,2023-08-17,2023-08-30,C00139,PK05,AG02,2,0,895,0.0,completed,Bank Transfer
BK-2023-02349,2023-08-17,2023-09-01,C00291,PK01,AG10,2,0,485,0.0,Completed,Card
BK-2023-02350,2023-08-17,2023-10-23,C00807,PK06,AG04,7,0,1440,0.1,Completed,Card
BK-2023-02351,2023-08-17,2024-01-25,C02816,PK16,AG05,7,0,5555,0.0,Completed,Bank Transfer
BK-2023-02352,2023-08-17,2023-12-26,C02864,PK12,,2,0,5520,,Completed,Card
BK-2023-02353,2023-08-17,2023-09-16,C03365,PK04,AG10,2,1,575,0.1,Completed,Card
BK-2023-02354,2023-08-17,2023-09-07,C03373,PK04,AG08,1,0,575,0.0,Completed,Bank Transfer
BK-2023-02355,2023-08-17,2023-09-02,C03600,PK10,AG08,2,3,1025,0.05,Cancelled,Card
BK-2023-02356,2023-08-17,2023-10-17,C03826,PK03,AG11,1,0,620,,Completed,Card
BK-2023-02357,2023-08-17,2023-09-10,C03852,PK05,AG01,4,0,895,0.0,Cancelled,Bank Transfer
BK-2023-02358,2023-08-17,2023-09-07,C03994,PK06,AG04,7,0,1440,0.05,Completed,PayPal
BK-2023-02359,2023-08-17,2023-09-26,C04346,PK01,AG10,2,0,485,0.15,Completed,Card
BK-2023-02360,2023-08-17,2023-10-25,C04716,PK12,AG09,8,0,5520,0.1,Cancelled,PayPal
BK-2023-02361,2023-08-17,2023-12-04,C05301,PK11,AG10,5,0,4485,0.1,Completed,Bank Transfer
BK-2023-02362,2023-08-17,2023-10-30,C05567,PK13,AG03,2,3,7130,0.0,Canceled,Card
BK-2023-02363,2023-08-17,2023-09-17,C06045,PK13,,2,3,7130,0.0,Completed,Card
BK-2023-02364,2023-08-18,2023-12-23,C00052,PK08,AG02,9,0,1355,0.0,Completed,Bank Transfer
BK-2023-02365,2023-08-18,2023-10-10,C00053,PK10,AG06,2,0,1025,0.15,Completed,Card
BK-2023-02366,2023-08-18,2023-09-13,C01441,PK07,AG04,2,0,2700,0.0,Completed,Card
BK-2023-02367,2023-08-18,2023-09-07,C01614,PK02,AG11,2,1,435,0.0,Completed,Bank Transfer
BK-2023-02368,2023-08-18,2023-08-30,C02603,PK04,,8,0,575,0.1,Completed,Card
BK-2023-02369,2023-08-18,2023-12-09,C02674,PK16,,2,2,5290,0.0,Completed,Card
BK-2023-02370,2023-08-18,2023-09-02,C02875,PK01,,7,0,485,0.05,Completed,Card
BK-2023-02371,2023-08-18,2023-09-30,C03077,PK05,AG13,4,0,895,0.0,Completed,PayPal
BK-2023-02372,2023-08-18,2023-08-21,C03321,PK09,AG05,2,2,2990,0.0,Completed,Bank Transfer
BK-2023-02373,2023-08-18,2023-08-21,C03581,PK03,,2,0,620,0.0,Completed,Bank Transfer
BK-2023-02374,2023-08-18,2023-09-07,C04298,PK11,AG07,2,0,4485,0.0,Completed,Bank Transfer
BK-2023-02375,2023-08-18,2023-09-01,C06036,PK04,AG05,8,0,575,0.1,Completed,Card
BK-2023-02376,2023-08-18,2023-08-30,C06407,PK03,,1,0,620,0.0,Completed,Card
BK-2023-02377,2023-08-19,2024-02-19,C01352,PK14,,5,0,4305,0.1,Completed,Card
BK-2023-02378,2023-08-19,2023-11-02,C01907,PK07,,2,0,2350,0.0,Completed,Card
BK-2023-02379,2023-08-19,2023-10-29,C02597,PK10,AG04,2,3,1025,0.0,Completed,Card
BK-2023-02380,2023-08-19,2023-09-06,C03153,PK01,AG10,9,0,485,0.15,Completed,M-Pesa
BK-2023-02381,2023-08-19,2023-09-14,C03421,PK14,,2,3,4715,0.0,Completed,M-Pesa
BK-2023-02382,2023-08-19,2023-08-22,C04212,PK06,AG10,9,0,1440,0.1,Completed,Bank Transfer
BK-2023-02383,2023-08-19,2024-01-30,C04831,PK14,AG13,12,0,4950,0.0,Completed,Card
BK-2023-02384,2023-08-19,2023-09-04,C05066,PK01,,2,3,485,0.0,Completed,PayPal
BK-2023-02385,2023-08-19,2023-09-19,C05410,PK10,AG06,2,0,1025,0.0,Completed,Card
BK-2023-02386,2023-08-19,2023-09-10,C05808,PK01,AG06,1,0,485,0.0,Completed,Bank Transfer
BK-2023-02387,2023-08-19,2023-09-23,C06237,PK05,AG04,2,0,895,0.0,Completed,M-Pesa
BK-2023-02388,2023-08-20,2023-09-23,C00457,PK05,AG07,8,0,895,0.1,Completed,Card
BK-2023-02389,2023-08-20,2023-08-31,C00520,PK02,AG12,7,0,435,0.05,Completed,M-Pesa
BK-2023-02390,2023-08-20,2023-09-26,C01222,PK07,AG04,2,0,2700,0.0,Completed,Bank Transfer
BK-2023-02391,2023-08-20,2023-09-10,C01389,PK10,AG03,2,0,1025,0.1,Completed,Card
BK-2023-02392,2023-08-20,2023-12-05,C01562,PK16,,1,0,5290,0.05,Completed,Bank Transfer
BK-2023-02393,2023-08-20,2023-10-24,C01570,PK16,AG06,2,0,5290,0.0,Completed,Card
BK-2023-02394,2023-08-20,2023-09-18,C01770,PK13,AG04,2,0,7130,0.0,Completed,Bank Transfer
BK-2023-02395,2023-08-20,2024-01-16,C01799,PK16,AG02,1,0,5555,0.0,Completed,Bank Transfer
BK-2023-02396,2023-08-20,2023-10-14,C02582,PK07,,2,3,2700,0.15,Completed,Card
BK-2023-02397,2023-08-20,2023-09-16,C03135,PK10,,2,1,1025,0.1,Completed,Bank Transfer
BK-2023-02398,2023-08-20,2023-09-21,C03323,PK01,AG06,2,1,485,0.05,Canceled,PayPal
BK-2023-02399,2023-08-20,2023-09-23,C04363,PK09,,1,0,2990,0.0,Completed,M-Pesa
BK-2023-02400,2023-08-20,2023-09-09,C05434,PK06,AG02,4,0,1440,0.0,Completed,Bank Transfer
BK-2023-02401,2023-08-21,2023-10-14,C00762,PK06,AG02,1,0,1440,0.0,Completed,PayPal
BK-2023-02402,2023-08-21,2023-10-17,C02697,PK10,AG02,9,0,1025,,COMPLETED,M-Pesa
BK-2023-02403,2023-08-21,2023-09-20,C03252,PK12,AG02,2,3,5520,0.1,Completed,PayPal
BK-2023-02404,2023-08-21,2024-12-11,C03252,PK15,,2,1,4710,0.1,Completed,M-Pesa
BK-2023-02405,2023-08-21,2023-09-24,C03310,PK06,,2,2,1440,0.0,Completed,Bank Transfer
BK-2023-02406,2023-08-21,2023-12-15,C03803,PK08,AG10,7,0,1355,0.1,Completed,Bank Transfer
BK-2023-02407,2023-08-21,2023-10-01,C03913,PK03,AG05,2,0,620,,Completed,M-Pesa
BK-2023-02408,2023-08-21,2023-10-12,C04193,PK07,AG11,2,3,2700,0.0,Completed,Bank Transfer
BK-2023-02409,2023-08-21,2023-09-03,C04598,PK03,AG03,2,0,620,0.05,Completed,Card
BK-2023-02410,2023-08-21,2023-12-11,C04740,PK13,AG03,2,0,7130,0.0,Completed,Card
BK-2023-02411,2023-08-21,2023-09-19,C04753,PK01,,2,0,485,0.0,Completed,M-Pesa
BK-2023-02412,2023-08-21,2023-08-30,C04803,PK03,AG03,2,0,620,0.0,Completed,Bank Transfer
BK-2023-02413,2023-08-21,2023-09-17,C05540,PK06,AG02,2,0,1440,0.15,Completed,Bank Transfer
BK-2023-02414,2023-08-21,2023-10-19,C05553,PK05,AG07,2,3,895,,Completed,Card
BK-2023-02415,2023-08-21,2023-08-24,C06041,PK10,,2,0,1025,0.0,Completed,Card
BK-2023-02416,2023-08-22,2023-12-20,C00837,PK12,AG05,2,0,5520,0.15,Completed,Bank Transfer
BK-2023-02417,2023-08-22,2023-10-04,C01139,PK08,AG01,2,0,1355,0.05,Completed,Card
BK-2023-02418,2023-08-22,2023-10-21,C01928,PK10,,2,0,1025,0.0,Cancelled,Card
BK-2023-02419,2023-08-22,2023-10-09,C01928,PK06,AG02,2,0,1440,0.05,Completed,PayPal
BK-2023-02420,2023-08-22,2023-09-09,C03518,PK01,,11,0,485,0.0,Completed,PayPal
BK-2023-02421,2023-08-22,2023-10-04,C04200,PK09,AG04,1,0,2990,0.0,Completed,Bank Transfer
BK-2023-02422,2023-08-22,2023-11-14,C04812,PK10,AG10,2,1,890,0.1,Completed,M-Pesa
BK-2023-02423,2023-08-22,2024-07-27,C05014,PK12,,2,0,5795,0.0,Completed,M-Pesa
BK-2023-02424,2023-08-22,2023-09-30,C05358,PK02,AG02,1,0,435,0.0,Completed,Card
BK-2023-02425,2023-08-22,2023-10-29,C05954,PK11,AG08,7,0,4485,0.1,Completed,PayPal
BK-2023-02426,2023-08-22,2023-09-08,C06351,PK03,AG02,2,0,620,0.1,Completed,Bank Transfer
BK-2023-02427,2023-08-23,2023-08-31,C00071,PK08,AG09,1,0,1355,0.0,completed,PayPal
BK-2023-02428,2023-08-23,2023-09-15,C00832,PK02,AG01,2,0,435,0.05,Completed,Card
BK-2023-02429,2023-08-23,2023-09-05,C01074,PK01,AG07,2,0,485,0.0,Completed,Card
BK-2023-02430,2023-08-23,2023-10-16,C01083,PK10,AG10,2,2,1025,0.05,Completed ,Bank Transfer
BK-2023-02431,2023-08-23,2023-10-30,C01529,PK14,AG02,2,1,4715,,Canceled,Bank Transfer
BK-2023-02432,2023-08-23,2023-12-29,C01785,PK16,AG13,7,0,5290,0.1,Completed,Card
BK-2023-02433,2023-08-23,2023-10-20,C02502,PK06,AG08,2,0,1440,0.0,Completed,Card
BK-2023-02434,2023-08-23,2023-12-30,C02661,PK11,AG11,2,1,4485,0.05,Completed,Bank Transfer
BK-2023-02435,2023-08-23,2024-02-12,C03037,PK08,AG02,2,1,1240,0.0,Completed,Card
BK-2023-02436,2023-08-23,2023-09-09,C03736,PK05,,2,1,895,0.05,Completed,PayPal
BK-2023-02437,2023-08-23,2023-09-06,C03776,PK01,AG02,7,0,485,0.0,Completed,Card
BK-2023-02438,2023-08-23,2023-08-27,C03797,PK03,AG04,2,0,620,0.0,Cancelled,Bank Transfer
BK-2023-02439,2023-08-23,2023-10-03,C04159,PK07,AG01,2,0,2700,0.0,Completed,Card
BK-2023-02440,2023-08-23,2023-12-01,C04180,PK12,,2,0,5520,0.0,Completed,PayPal
BK-2023-02441,2023-08-23,2023-09-30,C04413,PK02,AG04,2,0,435,0.1,Completed,Card
BK-2023-02442,2023-08-23,2023-09-22,C05399,PK04,AG01,11,0,575,0.0,Completed,Bank Transfer
BK-2023-02443,2023-08-23,2023-10-03,C06184,PK09,AG10,1,0,2990,0.0,Completed,Card
BK-2023-02444,2023-08-24,2024-03-31,C00233,PK17,,2,2,10290,0.0,Completed,Bank Transfer
BK-2023-02445,2023-08-24,2023-09-27,C00397,PK16,AG06,2,0,5290,0.0,Completed,PayPal
BK-2023-02446,2023-08-24,2023-09-30,C00755,PK04,AG05,4,0,575,0.1,Completed,Bank Transfer
BK-2023-02447,2023-08-24,2023-12-30,C02462,PK06,AG02,1,0,1440,0.0,Completed,Card
BK-2023-02448,2023-08-24,2024-01-05,C02601,PK16,,2,2,5555,0.0,Completed,Bank Transfer
BK-2023-02449,2023-08-24,2023-11-26,C02634,PK12,,2,0,4800,0.0,Completed,Card
BK-2023-02450,2023-08-24,2023-09-22,C02987,PK01,AG05,9,0,485,0.0,Completed,Card
BK-2023-02451,2023-08-24,2024-05-23,C03026,PK16,AG02,2,2,4830,0.0,Completed ,Bank Transfer
BK-2023-02452,2023-08-24,2023-10-21,C03567,PK06,AG06,2,2,1440,0.1,Completed,Card
BK-2023-02453,2023-08-24,2023-10-23,C03797,PK06,AG05,2,0,1440,0.05,Completed,M-Pesa
BK-2023-02454,2023-08-24,2024-02-05,C04209,PK12,,1,0,5040,0.0,Completed,Card
BK-2023-02455,2023-08-24,2023-09-18,C04248,PK09,AG03,2,2,2990,0.1,Completed,PayPal
BK-2023-02456,2023-08-24,2023-11-18,C04934,PK02,AG07,2,2,380,0.05,Completed,Card
BK-2023-02457,2023-08-24,2023-10-20,C04947,PK12,AG03,2,2,5520,0.0,Completed,PayPal
BK-2023-02458,2023-08-24,2023-09-22,C04965,PK01,AG05,2,0,485,0.0,Completed,M-Pesa
BK-2023-02459,2023-08-24,2023-09-21,C05168,PK02,,1,0,435,0.05,Completed,Bank Transfer
BK-2023-02460,2023-08-24,2023-09-19,C05534,PK01,AG08,2,0,485,0.0,Completed,Card
BK-2023-02461,2023-08-24,2023-10-02,C05595,PK07,AG03,9,0,2700,0.05,Completed,Card
BK-2023-02462,2023-08-25,2023-09-16,C01360,PK17,,2,0,11270,0.1,Completed,M-Pesa
BK-2023-02463,2023-08-25,2023-09-21,C01784,PK02,AG09,2,1,435,0.15,Completed,Card
BK-2023-02464,2023-08-25,2024-01-08,C02105,PK11,AG11,2,3,4710,0.0,Completed,Card
BK-2023-02465,2023-08-25,2023-09-26,C02744,PK10,AG03,2,0,1025,0.0,Completed,Card
BK-2023-02466,2023-08-25,2023-09-18,C02914,PK06,,2,0,1440,0.0,Completed,Bank Transfer
BK-2023-02467,2023-08-25,2023-09-24,C03495,PK03,,1,0,620,0.0,Completed,PayPal
BK-2023-02468,2023-08-25,2023-09-18,C04406,PK06,AG05,2,0,1440,0.0,Completed,Card
BK-2023-02469,2023-08-25,2023-12-20,C04497,PK16,AG09,2,1,5290,0.0,Completed,PayPal
BK-2023-02470,2023-08-25,2023-09-14,C04676,PK01,AG03,1,0,485,0.0,Completed,Bank Transfer
BK-2023-02471,2023-08-25,2023-10-06,C04700,PK06,AG05,1,0,1440,0.0,Completed,PayPal
BK-2023-02472,2023-08-25,2023-09-08,C04770,PK01,,2,0,485,0.05,Cancelled,M-Pesa
BK-2023-02473,2023-08-25,2023-10-14,C05189,PK15,,1,0,4485,0.1,Completed,Bank Transfer
BK-2023-02474,2023-08-25,2023-09-06,C06241,PK09,,12,0,2990,0.1,Completed,Card
BK-2023-02475,2023-08-26,2023-09-01,C00112,PK02,,1,0,435,0.0,Completed,Bank Transfer
BK-2023-02476,2023-08-26,2024-01-10,C00601,PK14,AG04,2,0,4950,0.0,Completed,Bank Transfer
BK-2023-02477,2023-08-26,2023-09-14,C00677,PK12,AG07,2,1,5520,0.0,Completed ,Card
BK-2023-02478,2023-08-26,2023-09-09,C00759,PK05,,2,1,895,,Completed,Card
BK-2023-02479,2023-08-26,2023-09-01,C00885,PK01,AG10,8,0,485,0.1,Completed,M-Pesa
BK-2023-02480,2023-08-26,2023-10-20,C03346,PK06,AG05,7,0,1440,0.1,Completed,Card
BK-2023-02481,2023-08-26,2023-09-17,C05676,PK06,,2,0,1440,0.05,Completed,PayPal
BK-2023-02482,2023-08-26,2023-09-11,C06236,PK10,AG01,2,0,1025,0.0,Completed,Bank Transfer
BK-2023-02483,2023-08-27,2023-10-06,C00076,PK04,AG06,2,3,575,0.05,Completed,Card
BK-2023-02484,2023-08-27,2023-09-16,C00077,PK06,AG02,2,2,1440,0.0,Completed,M-Pesa
BK-2023-02485,2023-08-27,2023-09-18,C01166,PK08,,2,1,1355,,Completed,Bank Transfer
BK-2023-02486,2023-08-27,2023-09-26,C02166,PK12,AG02,1,0,5520,0.0,Completed,Card
BK-2023-02487,2023-08-27,2023-09-12,C02220,PK05,AG09,2,0,895,0.0,Completed,Card
BK-2023-02488,2023-08-27,2023-10-10,C02390,PK11,AG03,7,0,4485,0.1,Completed,Card
BK-2023-02489,2023-08-27,2023-10-25,C03015,PK17,AG02,2,0,11270,0.05,Completed,Bank Transfer
BK-2023-02490,2023-08-27,2023-09-20,C03234,PK01,AG06,2,1,485,0.0,Completed,PayPal
BK-2023-02491,2023-08-27,2023-09-10,C03589,PK01,,2,0,485,0.0,completed,Card
BK-2023-02492,2023-08-27,2023-10-03,C04363,PK06,,1,0,1440,0.0,Completed,Card
BK-2023-02493,2023-08-27,2024-01-18,C05562,PK08,AG10,2,0,1425,0.05,Completed,Card
BK-2023-02494,2023-08-27,2023-11-06,C05723,PK15,,1,0,3900,0.15,Completed,Bank Transfer
BK-2023-02495,2023-08-27,2023-12-29,C05797,PK09,,2,1,2990,0.0,Cancelled,M-Pesa
BK-2023-02496,2023-08-27,2023-12-04,C06151,PK08,AG06,2,1,1355,0.1,Completed,Card
BK-2023-02497,2023-08-28,2023-10-01,C00354,PK09,AG12,9,0,2990,0.1,Completed,Bank Transfer
BK-2023-02498,2023-08-28,2023-10-13,C01525,PK01,,2,3,485,0.0,Completed,Card
BK-2023-02499,2023-08-28,2023-11-28,C01618,PK11,,1,0,3900,0.0,completed,Bank Transfer
BK-2023-02500,2023-08-28,2023-09-16,C01746,PK10,AG10,1,0,1025,0.0,Completed,M-Pesa
BK-2023-02501,2023-08-28,2023-10-18,C01843,PK15,AG12,5,0,4485,,Completed,Card
BK-2023-02502,2023-08-28,2023-09-13,C02251,PK07,AG10,1,0,2700,0.0,Completed,Bank Transfer
BK-2023-02503,2023-08-28,2023-12-05,C03222,PK01,AG04,2,1,485,0.0,Completed,M-Pesa
BK-2023-02504,2023-08-28,2024-07-11,C03888,PK14,,8,0,4950,0.1,Completed,PayPal
BK-2023-02505,2023-08-28,2023-09-15,C04316,PK10,AG03,2,0,1025,,Canceled,Card
BK-2023-02506,2023-08-28,2023-09-21,C04660,PK06,AG04,2,0,1440,0.0,Completed,Card
BK-2023-02507,2023-08-28,2023-09-09,C04763,PK01,,2,0,485,0.05,Completed,Card
BK-2023-02508,2023-08-28,2023-09-16,C05150,PK06,AG03,2,0,1440,0.0,Completed,Bank Transfer
BK-2023-02509,2023-08-28,2023-11-04,C05222,PK04,,1,0,500,0.05,Completed,PayPal
BK-2023-02510,2023-08-28,2023-10-04,C05394,PK01,AG03,2,2,485,0.0,Completed,Bank Transfer
BK-2023-02511,2023-08-28,2023-10-19,C05958,PK06,AG10,2,2,1440,0.15,Completed,PayPal
BK-2023-02512,2023-08-28,2023-09-26,C06399,PK02,,7,0,435,0.05,Completed,M-Pesa
BK-2023-02513,2023-08-29,2023-09-18,C00513,PK03,AG01,2,0,620,0.0,Canceled,Card
BK-2023-02514,2023-08-29,2023-09-01,C00681,PK05,AG06,2,0,895,0.0,Completed,Card
BK-2023-02515,2023-08-29,2023-10-13,C00763,PK03,AG13,5,0,620,0.15,Cancelled,PayPal
BK-2023-02516,2023-08-29,2023-09-19,C01089,PK11,AG11,6,0,4485,0.0,Completed,Card
BK-2023-02517,2023-08-29,2023-11-12,C02077,PK06,AG09,2,0,1250,0.1,Completed,Bank Transfer
BK-2023-02518,2023-08-29,2023-12-11,C02881,PK13,AG03,2,0,7130,0.05,Completed,Card
BK-2023-02519,2023-08-29,2023-10-02,C03518,PK06,AG03,7,0,1440,0.1,Completed,Card
BK-2023-02520,2023-08-29,2023-09-15,C04330,PK02,AG07,2,3,435,0.05,Completed,PayPal
BK-2023-02521,2023-08-29,2024-01-07,C04908,PK07,AG03,2,0,2840,0.0,Canceled,Card
BK-2023-02522,2023-08-29,2023-10-04,C04967,PK03,AG04,8,0,620,0.1,Completed,Card
BK-2023-02523,2023-08-30,2023-10-11,C00490,PK05,AG04,2,0,895,0.0,Completed,PayPal
BK-2023-02524,2023-08-30,2023-09-12,C00621,PK08,AG03,2,0,1355,0.0,Completed,Card
BK-2023-02525,2023-08-30,2023-09-06,C01081,PK05,AG02,1,0,895,0.0,Completed,Bank Transfer
BK-2023-02526,2023-08-30,2023-09-06,C01339,PK06,AG01,2,0,1440,0.15,completed,Card
BK-2023-02527,2023-08-30,2023-11-06,C01994,PK03,,1,0,540,0.0,Canceled,Card
BK-2023-02528,2023-08-30,2023-09-29,C02052,PK08,AG07,2,0,1355,0.05,Completed,Bank Transfer
BK-2023-02529,2023-08-30,2024-01-19,C02086,PK06,,8,0,1510,0.0,Completed,Card
BK-2023-02530,2023-08-30,2023-09-02,C03493,PK03,AG01,2,1,620,0.05,Completed,Bank Transfer
BK-2023-02531,2023-08-30,2023-12-29,C05093,PK07,,7,0,2700,0.05,Completed,M-Pesa
BK-2023-02532,2023-08-30,2023-11-05,C05396,PK14,,2,0,4100,0.0,Completed ,PayPal
BK-2023-02533,2023-08-30,2023-10-08,C06146,PK12,AG10,2,3,5520,0.1,Completed,Bank Transfer
BK-2023-02534,2023-08-30,2023-12-08,C06284,PK16,AG04,1,0,5290,0.0,Completed,Bank Transfer
BK-2023-02535,2023-08-31,2024-02-20,C00999,PK17,AG08,2,0,10290,0.0,Completed,PayPal
BK-2023-02536,2023-08-31,2023-11-03,C01154,PK07,AG04,2,2,2350,0.05,COMPLETED,Card
BK-2023-02537,2023-08-31,2023-09-11,C01933,PK03,AG01,2,0,620,0.0,Cancelled,PayPal
BK-2023-02538,2023-08-31,2023-09-13,C01971,PK01,AG02,1,0,485,0.1,Completed,M-Pesa
BK-2023-02539,2023-08-31,2023-11-23,C02353,PK16,AG09,2,0,4600,0.0,Completed,Card
BK-2023-02540,2023-08-31,2023-10-14,C02768,PK02,AG07,2,0,435,0.0,Completed,Card
BK-2023-02541,2023-08-31,2023-09-21,C03017,PK01,AG04,2,0,485,0.0,Canceled,Bank Transfer
BK-2023-02542,2023-08-31,2023-10-04,C03178,PK01,,2,0,485,0.0,Completed,Card
BK-2023-02543,2023-08-31,2023-11-15,C03194,PK11,AG06,6,0,3900,0.1,Completed,Bank Transfer
BK-2023-02544,2023-08-31,2023-10-23,C03270,PK02,AG02,2,0,435,0.0,Completed,Card
BK-2023-02545,2023-08-31,2023-09-17,C03312,PK12,,2,1,5520,0.05,Completed,Card
BK-2023-02546,2023-08-31,2024-01-03,C03568,PK06,AG07,2,0,1510,0.0,Completed,Card
BK-2023-02547,2023-08-31,2023-09-24,C04329,PK03,AG12,4,0,620,0.15,Completed,Card
BK-2023-02548,2023-08-31,2023-12-04,C04416,PK06,AG02,2,3,1440,0.05,Completed,Bank Transfer
BK-2023-02549,2023-08-31,2023-10-17,C04940,PK06,AG03,2,0,1440,0.0,Completed,Card
BK-2023-02550,2023-08-31,2023-10-15,C04955,PK06,AG11,2,3,1440,0.0,Completed,Bank Transfer
BK-2023-02551,2023-08-31,2023-09-13,C04981,PK01,,2,0,485,0.15,COMPLETED,Card
BK-2023-02552,2023-08-31,2023-10-26,C06117,PK05,AG06,2,0,895,0.1,Completed,M-Pesa
BK-2023-02553,2023-08-31,2023-10-06,C06152,PK01,AG11,2,1,485,0.15,Completed,Card
BK-2023-02554,2023-08-31,2024-02-09,C06339,PK10,,2,3,935,0.0,Completed,Card
BK-2023-02555,2023-08-31,2024-02-02,C06427,PK09,AG05,2,0,2730,0.0,Completed,Bank Transfer
BK-2023-02556,2023-09-01,2023-09-08,C00104,PK05,,2,0,895,0.05,Completed,Card
BK-2023-02557,2023-09-01,2023-09-23,C00482,PK04,AG03,1,0,575,0.0,Completed,Card
BK-2023-02558,2023-09-01,2023-10-17,C01516,PK09,AG07,2,0,2990,0.05,Completed,M-Pesa
BK-2023-02559,2023-09-01,2023-09-28,C01806,PK01,AG09,2,0,485,0.0,Completed,Bank Transfer
BK-2023-02560,2023-09-01,2023-11-25,C01909,PK16,AG04,2,3,4600,0.0,Completed ,Bank Transfer
BK-2023-02561,2023-09-01,2023-10-22,C02027,PK04,AG07,2,0,575,0.0,Completed,Card
BK-2023-02562,2023-09-01,2024-02-07,C02139,PK10,AG06,1,0,935,0.0,Completed,Card
BK-2023-02563,2023-09-01,2023-09-04,C03355,PK03,AG06,2,2,620,0.0,Completed,Bank Transfer
BK-2023-02564,2023-09-01,2023-09-28,C03495,PK02,AG05,1,0,435,0.0,Completed,Card
BK-2023-02565,2023-09-01,2023-09-22,C03537,PK05,AG02,2,0,895,0.1,Canceled,Bank Transfer
BK-2023-02566,2023-09-01,2023-09-13,C03899,PK05,AG07,2,2,895,0.05,Completed,Card
BK-2023-02567,2023-09-01,2023-10-23,C04376,PK06,AG02,2,2,1440,0.05,Completed,Bank Transfer
BK-2023-02568,2023-09-01,2023-10-03,C05082,PK05,AG05,5,0,895,0.1,Completed ,Card
BK-2023-02569,2023-09-01,2024-02-27,C05213,PK12,AG02,7,0,5040,0.1,Completed,Bank Transfer
BK-2023-02570,2023-09-01,2024-01-17,C05835,PK09,AG06,4,0,3140,0.05,Completed,Card
BK-2023-02571,2023-09-01,2023-09-29,C06362,PK02,,2,0,435,0.0,Completed,M-Pesa
BK-2023-02572,2023-09-02,2025-02-09,C00362,PK15,AG06,2,0,4290,0.1,Completed,Bank Transfer
BK-2023-02573,2023-09-02,2023-10-29,C02109,PK05,AG03,2,0,895,0.0,completed,M-Pesa
BK-2023-02574,2023-09-02,2023-09-16,C02544,PK02,AG02,6,0,435,0.0,Completed,Card
BK-2023-02575,2023-09-02,2023-10-20,C03491,PK01,AG04,2,2,485,0.05,Completed,Bank Transfer
BK-2023-02576,2023-09-02,2023-11-20,C04023,PK09,AG03,2,2,2600,0.15,Completed,Card
BK-2023-02577,2023-09-02,2023-10-17,C04795,PK07,AG02,1,0,2700,0.0,Completed ,Bank Transfer
BK-2023-02578,2023-09-02,2024-03-16,C06018,PK08,AG04,2,0,1240,0.0,Completed,Card
BK-2023-02579,2023-09-02,2023-12-09,C06128,PK16,AG02,2,0,5290,0.1,Completed,PayPal
BK-2023-02580,2023-09-03,2023-09-27,C00247,PK02,,2,0,435,0.05,Completed,Bank Transfer
BK-2023-02581,2023-09-03,2023-12-05,C01089,PK15,AG11,9,0,4485,0.1,Completed,Card
BK-2023-02582,2023-09-03,2024-02-11,C01185,PK07,AG06,1,0,2470,0.0,Completed,PayPal
BK-2023-02583,2023-09-03,2024-01-11,C01554,PK16,AG11,1,0,5555,0.0,Completed,Bank Transfer
BK-2023-02584,2023-09-03,2024-03-02,C01629,PK14,AG01,1,0,4305,0.0,Completed,Card
BK-2023-02585,2023-09-03,2023-11-17,C01985,PK11,,2,0,3900,0.0,Completed,PayPal
BK-2023-02586,2023-09-03,2023-10-04,C02164,PK03,,4,0,620,0.05,Completed ,PayPal
BK-2023-02587,2023-09-03,2023-09-21,C02407,PK01,AG05,1,0,485,0.0,Completed,Card
BK-2023-02588,2023-09-03,2023-09-13,C02728,PK08,AG04,2,3,1355,0.1,Completed,Card
BK-2023-02589,2023-09-03,2023-09-29,C03944,PK01,AG04,2,1,485,0.0,Completed,Card
BK-2023-02590,2023-09-03,2024-01-05,C04184,PK11,AG10,2,0,4710,0.05,Completed ,PayPal
BK-2023-02591,2023-09-03,2023-10-27,C04984,PK09,AG05,8,0,2990,0.1,Completed ,Bank Transfer
BK-2023-02592,2023-09-03,2023-09-29,C05393,PK04,AG11,2,0,575,0.05,Completed,M-Pesa
BK-2023-02593,2023-09-03,2023-12-18,C05398,PK16,AG05,2,0,5290,0.05,Completed,PayPal
BK-2023-02594,2023-09-03,2023-09-28,C05794,PK09,,1,0,2990,0.0,Completed,Bank Transfer
BK-2023-02595,2023-09-03,2023-11-04,C06342,PK01,AG02,2,2,420,0.0,Completed,Bank Transfer
BK-2023-02596,2023-09-04,2023-09-25,C01860,PK06,AG08,6,0,1440,0.05,Completed,Bank Transfer
BK-2023-02597,2023-09-04,2024-01-21,C02239,PK13,,2,0,7485,0.15,Cancelled,PayPal
BK-2023-02598,2023-09-04,2023-12-05,C04269,PK12,AG03,2,3,5520,0.0,completed,Bank Transfer
BK-2023-02599,2023-09-04,2023-09-11,C04629,PK01,,2,2,485,0.05,Completed,M-Pesa
BK-2023-02600,2023-09-04,2023-09-07,C04669,PK03,AG02,2,0,620,0.1,Completed,Card
BK-2023-02601,2023-09-04,2023-10-28,C04765,PK08,,2,1,1355,0.0,Completed ,Bank Transfer
BK-2023-02602,2023-09-04,2023-10-08,C05454,PK08,AG10,2,0,1355,0.05,Completed,Card
BK-2023-02603,2023-09-05,2023-10-19,C01261,PK01,,2,0,485,0.05,Completed,Card
BK-2023-02604,2023-09-05,2023-12-03,C01961,PK12,,2,0,5520,0.05,Completed,Card
BK-2023-02605,2023-09-05,2023-09-24,C02055,PK04,,2,0,575,0.1,Completed,Card
BK-2023-02606,2023-09-05,2023-10-05,C02276,PK03,,2,0,620,0.0,Completed,PayPal
BK-2023-02607,2023-09-05,2023-11-04,C02723,PK17,AG13,4,0,9800,0.1,Completed,PayPal
BK-2023-02608,2023-09-05,2023-09-30,C03715,PK01,AG03,5,0,485,0.05,Completed,M-Pesa
BK-2023-02609,2023-09-05,2023-11-02,C04488,PK13,AG02,2,0,6200,0.1,Completed,PayPal
BK-2023-02610,2023-09-05,2023-11-05,C06480,PK11,AG03,2,0,3900,0.0,Completed,Bank Transfer
BK-2023-02611,2023-09-06,2023-09-17,C00016,PK17,AG03,4,0,11270,0.0,Completed ,Card
BK-2023-02612,2023-09-06,2023-12-29,C00546,PK07,AG03,5,0,2700,0.0,Completed,Bank Transfer
BK-2023-02613,2023-09-06,2023-12-01,C00823,PK07,AG04,2,1,2700,0.0,Completed,Bank Transfer
BK-2023-02614,2023-09-06,2023-09-29,C01132,PK07,AG08,2,0,2700,0.05,Completed,Bank Transfer
BK-2023-02615,2023-09-06,2023-11-07,C01151,PK03,,2,2,540,0.1,Completed,Bank Transfer
BK-2023-02616,2023-09-06,2023-10-30,C01374,PK16,,2,2,5290,0.1,Completed,PayPal
BK-2023-02617,2023-09-06,2023-10-02,C01612,PK09,AG11,2,0,2990,0.0,Completed,Bank Transfer
BK-2023-02618,2023-09-06,2023-10-22,C02440,PK05,AG02,1,0,895,0.05,Completed,PayPal
BK-2023-02619,2023-09-06,2023-10-21,C03043,PK03,AG04,2,2,620,0.0,Completed ,Bank Transfer
BK-2023-02620,2023-09-06,2023-10-17,C03101,PK03,AG03,2,0,620,0.1,Completed,PayPal
BK-2023-02621,2023-09-06,2023-12-25,C04484,PK13,AG05,2,0,7130,0.0,Completed,Bank Transfer
BK-2023-02622,2023-09-06,2023-09-24,C04867,PK04,,1,0,575,0.1,Completed,Bank Transfer
BK-2023-02623,2023-09-07,2023-12-08,C00596,PK14,AG03,1,0,4715,0.0,Completed,Card
BK-2023-02624,2023-09-07,2023-10-07,C01270,PK08,AG03,2,0,1355,0.1,Completed,Bank Transfer
BK-2023-02625,2023-09-07,2024-02-18,C01302,PK12,,2,0,5040,0.15,Completed,Card
BK-2023-02626,2023-09-07,2023-12-13,C01580,PK06,,1,0,1440,0.0,completed,Card
BK-2023-02627,2023-09-07,2023-10-02,C02037,PK03,AG02,2,0,620,0.0,Canceled,Bank Transfer
BK-2023-02628,2023-09-07,2023-11-08,C02120,PK06,AG03,2,1,1250,0.0,Completed,Card
BK-2023-02629,2023-09-07,2023-11-29,C03756,PK06,AG02,7,0,1250,0.0,Cancelled,PayPal
BK-2023-02630,2023-09-07,2023-10-05,C04496,PK01,AG02,2,1,485,0.1,Cancelled,Card
BK-2023-02631,2023-09-07,2023-11-23,C06071,PK06,AG03,2,1,1250,0.0,Completed,Card
BK-2023-02632,2023-09-07,2023-09-29,C06214,PK10,,2,0,1025,0.0,Completed,Bank Transfer
BK-2023-02633,2023-09-08,2024-06-07,C00384,PK16,,2,2,4830,0.0,Completed,M-Pesa
BK-2023-02634,2023-09-08,2024-01-07,C00884,PK06,AG06,2,0,1510,0.0,Completed,PayPal
BK-2023-02635,2023-09-08,2024-07-26,C01526,PK12,AG03,7,0,5795,0.15,Completed,Card
BK-2023-02636,2023-09-08,2023-10-23,C01923,PK07,AG06,2,3,2700,0.1,completed,Bank Transfer
BK-2023-02637,2023-09-08,2023-12-03,C02654,PK16,AG07,2,0,5290,0.0,Completed,Bank Transfer
BK-2023-02638,2023-09-08,2023-09-25,C03737,PK03,AG05,6,0,620,0.1,Completed ,M-Pesa
BK-2023-02639,2023-09-08,2023-10-28,C04001,PK06,AG04,2,2,1440,0.0,Completed,Bank Transfer
BK-2023-02640,2023-09-08,2023-09-24,C04076,PK02,AG05,2,0,435,0.0,Completed,Bank Transfer
BK-2023-02641,2023-09-08,2023-12-11,C04611,PK09,AG08,9,0,2990,0.0,Cancelled,Card
BK-2023-02642,2023-09-08,2023-10-21,C05110,PK04,AG03,2,2,575,0.0,Completed,Card
BK-2023-02643,2023-09-09,2023-10-05,C00094,PK01,AG01,9,0,485,0.1,Completed,PayPal
BK-2023-02644,2023-09-09,2023-10-11,C02514,PK02,AG08,2,0,435,0.15,Completed,Card
BK-2023-02645,2023-09-09,2023-11-17,C02597,PK09,AG02,2,3,2600,0.15,Completed,Bank Transfer
BK-2023-02646,2023-09-09,2023-12-05,C03480,PK14,,2,0,4715,0.05,Completed,PayPal
BK-2023-02647,2023-09-09,2024-01-11,C03582,PK12,AG01,2,0,5795,0.05,Cancelled,Bank Transfer
BK-2023-02648,2023-09-09,2024-08-23,C04679,PK07,,2,0,2840,0.05,Completed,Card
BK-2023-02649,2023-09-09,2023-10-28,C04812,PK03,AG03,2,2,620,0.0,Canceled,M-Pesa
BK-2023-02650,2023-09-09,2023-09-30,C05042,PK05,,2,1,895,0.0,Completed,M-Pesa
BK-2023-02651,2023-09-09,2023-10-26,C05178,PK01,AG04,2,3,485,0.1,Completed,PayPal
BK-2023-02652,2023-09-09,2023-09-27,C05475,PK01,AG06,2,0,485,0.05,Canceled,Card
BK-2023-02653,2023-09-09,2024-02-29,C05655,PK15,AG09,5,0,4095,0.0,Cancelled,Card
BK-2023-02654,2023-09-09,2023-12-21,C05853,PK07,AG07,2,0,2700,0.0,Completed,Card
BK-2023-02655,2023-09-09,2023-10-15,C05966,PK09,AG04,2,0,2990,0.0,Completed,M-Pesa
BK-2023-02656,2023-09-10,2024-01-06,C00402,PK15,,2,0,4710,0.0,Completed,Card
BK-2023-02657,2023-09-10,2023-09-17,C01031,PK02,AG09,2,1,435,0.0,Completed,PayPal
BK-2023-02658,2023-09-10,2023-12-10,C01539,PK06,AG09,1,0,1440,0.0,Completed,Bank Transfer
BK-2023-02659,2023-09-10,2023-11-02,C02064,PK07,AG09,2,2,2350,0.05,Completed,Card
BK-2023-02660,2023-09-10,2023-10-15,C02428,PK03,AG09,1,0,620,0.0,Cancelled,Bank Transfer
BK-2023-02661,2023-09-10,2023-11-12,C02591,PK11,,2,0,3900,,Completed,Card
BK-2023-02662,2023-09-10,2024-02-12,C02702,PK11,,2,3,4095,0.1,Completed,Card
BK-2023-02663,2023-09-10,2023-10-18,C02974,PK07,,2,0,2700,0.0,Completed,Card
BK-2023-02664,2023-09-10,2024-01-05,C04017,PK06,AG05,1,0,1510,0.05,Completed,Bank Transfer
BK-2023-02665,2023-09-10,2023-11-01,C04548,PK04,AG04,2,3,500,0.0,Completed,M-Pesa
BK-2023-02666,2023-09-10,2024-01-25,C04626,PK13,AG04,2,0,7485,0.05,Completed,PayPal
BK-2023-02667,2023-09-10,2023-10-03,C04878,PK09,,2,1,2990,0.05,Completed,Card
BK-2023-02668,2023-09-10,2023-10-11,C05648,PK02,AG11,2,0,435,0.0,Completed,Bank Transfer
BK-2023-02669,2023-09-10,2023-09-15,C06029,PK07,AG02,1,0,2700,0.0,Completed,Bank Transfer
BK-2023-02670,2023-09-10,2023-10-29,C06386,PK07,AG02,2,0,2700,0.1,Completed,Card
BK-2023-02671,2023-09-11,2023-10-10,C00208,PK03,,9,0,620,,Cancelled,M-Pesa
BK-2023-02672,2023-09-11,2023-12-20,C00296,PK17,AG09,11,0,11270,0.1,Completed,PayPal
BK-2023-02673,2023-09-11,2023-09-30,C01028,PK01,AG08,5,0,485,0.05,Completed,Bank Transfer
BK-2023-02674,2023-09-11,2024-01-22,C01078,PK14,AG12,10,0,4950,0.0,Cancelled,PayPal
BK-2023-02675,2023-09-11,2024-02-06,C01313,PK09,AG04,7,0,2730,0.0,Canceled,Card
BK-2023-02676,2023-09-11,2023-11-12,C01402,PK13,AG13,7,0,6200,0.05,completed,Card
BK-2023-02677,2023-09-11,2023-12-19,C03018,PK16,AG13,4,0,5290,,Completed,Card
BK-2023-02678,2023-09-11,2023-11-22,C03905,PK06,AG02,1,0,1250,0.15,Cancelled,Card
BK-2023-02679,2023-09-11,2023-10-24,C03922,PK12,,2,0,5520,0.0,Completed,M-Pesa
BK-2023-02680,2023-09-11,2024-01-18,C03972,PK13,AG11,2,3,7485,0.0,Completed,Card
BK-2023-02681,2023-09-11,2023-10-26,C04439,PK01,AG10,2,0,485,0.0,Completed,M-Pesa
BK-2023-02682,2023-09-11,2023-09-25,C04885,PK01,AG13,11,0,485,0.0,Completed,PayPal
BK-2023-02683,2023-09-11,2023-10-29,C05342,PK09,AG05,2,3,2990,0.0,Completed,Card
BK-2023-02684,2023-09-11,2023-12-13,C05508,PK06,,2,0,1440,0.05,Completed,Card
BK-2023-02685,2023-09-11,2024-02-02,C05950,PK08,AG02,1,0,1240,0.0,Cancelled,PayPal
BK-2023-02686,2023-09-11,2023-11-08,C05999,PK14,,10,0,4100,0.05,Completed,Bank Transfer
BK-2023-02687,2023-09-12,2023-12-04,C01210,PK02,AG01,2,0,435,0.1,Completed,PayPal
BK-2023-02688,2023-09-12,2024-01-17,C01678,PK12,AG12,10,0,5795,0.1,Completed,M-Pesa
BK-2023-02689,2023-09-12,2023-09-24,C01898,PK03,AG11,2,0,620,0.0,Completed,Bank Transfer
BK-2023-02690,2023-09-12,2023-11-12,C02017,PK08,AG05,2,0,1180,0.1,Completed,PayPal
BK-2023-02691,2023-09-12,2023-09-29,C03102,PK01,AG05,5,0,485,0.1,Completed,Card
BK-2023-02692,2023-09-12,2023-10-19,C03602,PK10,,4,0,1025,0.05,Completed,Card
BK-2023-02693,2023-09-12,2023-09-17,C03835,PK09,AG09,2,0,2990,0.1,Completed,Bank Transfer
BK-2023-02694,2023-09-12,2023-10-14,C04784,PK01,AG07,7,0,485,0.05,Completed,PayPal
BK-2023-02695,2023-09-12,2023-09-28,C05112,PK04,,6,0,575,0.1,Completed,Bank Transfer
BK-2023-02696,2023-09-12,2023-09-18,C05739,PK01,,1,0,485,0.0,Completed,Card
BK-2023-02697,2023-09-12,2023-12-15,C05907,PK13,,2,3,7130,0.15,Completed,Card
BK-2023-02698,2023-09-13,2023-09-25,C00013,PK06,AG05,2,2,1440,0.15,Completed,Card
BK-2023-02699,2023-09-13,2023-12-23,C00694,PK15,AG03,2,0,4485,0.0,Cancelled,Card
BK-2023-02700,2023-09-13,2023-10-09,C02393,PK04,AG01,5,0,575,0.1,CANCELLED,Card
BK-2023-02701,2023-09-13,2024-03-02,C02642,PK06,AG02,2,0,1310,0.05,Completed,PayPal
BK-2023-02702,2023-09-13,2023-09-30,C03342,PK06,AG02,2,1,1440,0.0,Completed,M-Pesa
BK-2023-02703,2023-09-13,2023-09-30,C03368,PK07,AG05,1,0,2700,0.0,Cancelled,Bank Transfer
BK-2023-02704,2023-09-13,2023-10-12,C03464,PK06,,1,0,1440,0.1,Completed,PayPal
BK-2023-02705,2023-09-13,2023-10-05,C03858,PK03,,2,0,620,0.0,Completed,Bank Transfer
BK-2023-02706,2023-09-13,2023-09-19,C03911,PK01,AG03,2,0,485,0.0,Completed,Card
BK-2023-02707,2023-09-13,2024-02-04,C03991,PK17,AG05,1,0,10290,0.05,Cancelled ,Card
BK-2023-02708,2023-09-13,2024-12-07,C04187,PK15,AG05,9,0,4710,0.05,Completed,PayPal
BK-2023-02709,2023-09-13,2023-09-26,C06302,PK02,AG01,2,2,435,0.05,Completed,PayPal
BK-2023-02710,2023-09-14,2023-10-20,C00157,PK03,AG07,6,0,620,0.05,Completed,M-Pesa
BK-2023-02711,2023-09-14,2023-12-27,C00159,PK04,AG10,7,0,575,0.0,Completed,M-Pesa
BK-2023-02712,2023-09-14,2024-02-01,C00176,PK07,AG01,2,0,2470,0.0,Completed,Bank Transfer
BK-2023-02713,2023-09-14,2023-10-26,C01374,PK07,AG07,2,1,2700,0.0,Completed,Card
BK-2023-02714,2023-09-14,2023-12-10,C02057,PK08,,2,2,1355,0.05,completed,Card
BK-2023-02715,2023-09-14,2023-12-19,C02358,PK13,AG13,6,0,7130,0.05,Completed,Bank Transfer
BK-2023-02716,2023-09-14,2023-12-05,C04022,PK11,AG03,2,0,4485,0.05,Completed,M-Pesa
BK-2023-02717,2023-09-14,2024-02-16,C04180,PK15,AG01,2,0,4095,0.0,Completed,Card
BK-2023-02718,2023-09-14,2023-12-16,C04253,PK03,AG08,2,2,620,,Completed,Bank Transfer
BK-2023-02719,2023-09-14,2023-10-11,C04349,PK14,,8,0,4715,0.1,Completed,Card
BK-2023-02720,2023-09-14,2023-09-24,C05336,PK02,,5,0,435,0.1,Completed,Card
BK-2023-02721,2023-09-14,2023-10-31,C05380,PK07,AG02,2,0,2700,0.0,COMPLETED,Bank Transfer
BK-2023-02722,2023-09-14,2023-12-13,C05875,PK06,,2,0,1440,0.0,Completed,Card
BK-2023-02723,2023-09-15,2023-09-28,C01438,PK06,AG03,2,0,1440,0.15,Cancelled,Bank Transfer
BK-2023-02724,2023-09-15,2023-11-01,C01529,PK12,AG02,2,1,4800,0.0,Cancelled,Card
BK-2023-02725,2023-09-15,2023-12-22,C02189,PK13,,1,0,7130,0.0,Completed,Card
BK-2023-02726,2023-09-15,2023-10-31,C02725,PK12,AG04,1,0,5520,0.1,Completed,Bank Transfer
BK-2023-02727,2023-09-15,2023-11-06,C04553,PK02,AG03,1,0,380,0.05,Completed,Card
BK-2023-02728,2023-09-15,2023-10-25,C04724,PK04,AG04,2,3,575,0.0,Completed,PayPal
BK-2023-02729,2023-09-15,2024-03-08,C05333,PK13,AG03,8,0,6510,0.1,Completed,Bank Transfer
BK-2023-02730,2023-09-15,2023-12-18,C05643,PK12,AG04,2,3,5520,0.05,Completed,Card
BK-2023-02731,2023-09-15,2023-12-02,C06028,PK10,,2,0,1025,0.05,Completed,Bank Transfer
BK-2023-02732,2023-09-15,2024-01-07,C06081,PK05,,4,0,940,0.05,Completed,Card
BK-2023-02733,2023-09-16,2023-11-11,C00587,PK04,AG13,7,0,500,0.1,Canceled,Card
BK-2023-02734,2023-09-16,2024-03-15,C00712,PK13,AG02,2,0,6510,0.0,Completed,Bank Transfer
BK-2023-02735,2023-09-16,2023-09-23,C01872,PK11,AG10,2,0,4485,0.0,Canceled,Card
BK-2023-02736,2023-09-16,2023-10-10,C02210,PK01,,9,0,485,0.05,COMPLETED,Card
BK-2023-02737,2023-09-16,2023-10-10,C02562,PK08,AG03,2,1,1355,0.0,Completed,Card
BK-2023-02738,2023-09-16,2023-12-06,C02958,PK15,AG10,2,0,4485,0.0,Completed,M-Pesa
BK-2023-02739,2023-09-16,2023-09-30,C03897,PK02,AG03,2,0,435,0.05,Completed,Bank Transfer
BK-2023-02740,2023-09-16,2023-10-03,C04438,PK01,AG05,2,0,485,,Cancelled,Card
BK-2023-02741,2023-09-16,2023-10-07,C05079,PK01,AG13,6,0,485,0.1,completed,Card
BK-2023-02742,2023-09-16,2024-02-24,C06036,PK16,AG06,9,0,4830,0.1,Completed,PayPal
BK-2023-02743,2023-09-17,2023-10-25,C00323,PK04,,8,0,575,0.1,Completed,Card
BK-2023-02744,2023-09-17,2024-02-17,C00444,PK06,AG04,2,1,1310,0.0,Completed,Card
BK-2023-02745,2023-09-17,2023-09-24,C00480,PK05,AG04,9,0,895,0.1,Completed,Bank Transfer
BK-2023-02746,2023-09-17,2023-10-19,C01275,PK01,AG07,2,2,485,0.15,Completed,Card
BK-2023-02747,2023-09-17,2023-11-13,C01695,PK13,AG03,2,0,6200,0.0,Completed,PayPal
BK-2023-02748,2023-09-17,2023-11-12,C02282,PK05,,2,0,780,0.0,Completed,Bank Transfer
BK-2023-02749,2023-09-17,2023-09-20,C03100,PK06,,2,0,1440,0.05,Completed,Bank Transfer
BK-2023-02750,2023-09-17,2024-01-14,C03719,PK13,AG11,5,0,7485,0.1,Completed,Card
BK-2023-02751,2023-09-17,2023-11-24,C05222,PK07,AG01,1,0,2350,0.0,Completed,PayPal
BK-2023-02752,2023-09-17,2023-12-11,C06339,PK14,AG02,2,3,4715,0.15,Completed,Card
BK-2023-02753,2023-09-18,2024-07-21,C00298,PK12,AG02,2,2,5795,0.0,Canceled,Card
BK-2023-02754,2023-09-18,2023-11-29,C00480,PK06,AG04,9,0,1250,0.05,Completed,Bank Transfer
BK-2023-02755,2023-09-18,2023-10-03,C00827,PK04,,9,0,575,0.1,Completed,Card
BK-2023-02756,2023-09-18,2024-01-02,C01317,PK12,AG04,1,0,5795,0.0,Completed,Card
BK-2023-02757,2023-09-18,2023-10-25,C01915,PK12,AG10,2,0,5520,0.1,Completed,M-Pesa
BK-2023-02758,2023-09-18,2023-12-12,C02000,PK09,,2,3,2990,0.0,Cancelled,PayPal
BK-2023-02759,2023-09-18,2023-11-09,C02145,PK05,,6,0,780,0.05,Completed,PayPal
BK-2023-02760,2023-09-18,2024-07-05,C03562,PK17,,2,0,11835,0.0,Completed,Card
BK-2023-02761,2023-09-18,2023-11-12,C03689,PK10,AG12,8,0,890,0.0,Completed,Card
BK-2023-02762,2023-09-18,2023-11-13,C04587,PK12,AG05,1,0,4800,0.05,Completed,Card
BK-2023-02763,2023-09-19,2024-01-21,C00413,PK10,AG05,2,0,1075,0.1,Completed,M-Pesa
BK-2023-02764,2023-09-19,2023-10-26,C00417,PK12,AG01,1,0,5520,0.0,Completed,Card
BK-2023-02765,2023-09-19,2023-09-23,C01862,PK01,,1,0,485,0.0,Completed,Card
BK-2023-02766,2023-09-19,2023-10-27,C02551,PK11,,2,2,4485,0.1,Cancelled,Card
BK-2023-02767,2023-09-19,2024-01-28,C02825,PK13,AG05,2,0,7485,0.0,Completed,PayPal
BK-2023-02768,2023-09-19,2023-10-30,C03269,PK09,AG05,1,0,2990,0.1,Completed,Bank Transfer
BK-2023-02769,2023-09-19,2023-10-27,C03496,PK03,,1,0,620,0.05,Completed,M-Pesa
BK-2023-02770,2023-09-19,2023-12-16,C03653,PK05,,2,2,895,0.05,Completed,Card
BK-2023-02771,2023-09-19,2024-03-06,C04296,PK17,AG10,5,0,10290,0.1,Completed,PayPal
BK-2023-02772,2023-09-19,2024-07-01,C06363,PK12,AG04,2,0,5795,0.05,Completed,Bank Transfer
BK-2023-02773,2023-09-20,2023-12-22,C00681,PK13,AG04,2,0,7130,0.0,Completed,Card
BK-2023-02774,2023-09-20,2024-01-29,C01669,PK13,AG03,7,0,7485,0.1,Canceled,M-Pesa
BK-2023-02775,2023-09-20,2023-11-13,C02938,PK12,,2,1,4800,0.1,Completed,Card
BK-2023-02776,2023-09-20,2023-12-23,C03857,PK09,AG06,12,0,2990,0.05,Completed,Card
BK-2023-02777,2023-09-20,2023-09-26,C04540,PK01,,2,2,485,0.0,Completed,PayPal
BK-2023-02778,2023-09-20,2023-10-02,C05180,PK03,,4,0,620,0.0,Completed,Card
BK-2023-02779,2023-09-20,2023-10-04,C05309,PK09,AG05,2,3,2990,0.0,Completed,Card
BK-2023-02780,2023-09-20,2023-10-21,C05497,PK01,AG02,5,0,485,0.1,Cancelled,Bank Transfer
BK-2023-02781,2023-09-20,2023-10-11,C05691,PK11,AG03,2,2,4485,0.05,Completed,Card
BK-2023-02782,2023-09-20,2023-12-01,C05969,PK12,,2,0,5520,0.0,Completed,M-Pesa
BK-2023-02783,2023-09-21,2024-08-06,C00405,PK14,AG02,2,2,4950,0.0,Completed,M-Pesa
BK-2023-02784,2023-09-21,2024-07-16,C00452,PK17,AG12,6,0,11835,0.0,Completed,Card
BK-2023-02785,2023-09-21,2024-03-22,C01040,PK06,AG08,2,0,1310,0.0,Completed,Bank Transfer
BK-2023-02786,2023-09-21,2023-10-30,C01260,PK12,AG09,1,0,5520,0.0,Completed,Card
BK-2023-02787,2023-09-21,2023-11-16,C01541,PK02,AG10,9,0,380,0.15,Completed,Bank Transfer
BK-2023-02788,2023-09-21,2024-07-26,C01753,PK14,AG13,6,0,4950,0.05,Completed,Card
BK-2023-02789,2023-09-21,2023-11-17,C02490,PK09,AG04,2,0,2600,0.1,Completed,Bank Transfer
BK-2023-02790,2023-09-21,2023-09-29,C02748,PK01,AG13,3,0,485,0.1,Completed,PayPal
BK-2023-02791,2023-09-21,2023-10-30,C03143,PK07,,2,0,2700,0.0,COMPLETED,Bank Transfer
BK-2023-02792,2023-09-21,2024-01-08,C04322,PK07,AG06,2,0,2840,0.0,Completed ,Bank Transfer
BK-2023-02793,2023-09-21,2023-10-17,C04444,PK03,AG06,2,3,620,0.0,Completed,M-Pesa
BK-2023-02794,2023-09-21,2023-09-30,C04591,PK11,AG01,9,0,4485,0.1,Completed,Card
BK-2023-02795,2023-09-22,2023-12-02,C00229,PK14,AG08,2,0,4715,0.0,Completed,Card
BK-2023-02796,2023-09-22,2023-11-03,C00379,PK02,AG11,1,0,380,0.15,Completed,Bank Transfer
BK-2023-02797,2023-09-22,2023-11-29,C00600,PK09,AG03,2,1,2600,0.0,Completed,Bank Transfer
BK-2023-02798,2023-09-22,2024-01-26,C00735,PK15,AG07,2,2,4710,,COMPLETED,Card
BK-2023-02799,2023-09-22,2024-04-22,C00740,PK15,AG06,2,1,4095,0.1,Completed,Card
BK-2023-02800,2023-09-22,2023-10-05,C01008,PK01,AG05,2,0,485,0.1,Completed,Card
BK-2023-02801,2023-09-22,2024-02-26,C01203,PK07,,2,0,2470,0.0,Completed,Card
BK-2023-02802,2023-09-22,2023-10-26,C01242,PK04,AG03,2,1,575,0.1,Completed,Card
BK-2023-02803,2023-09-22,2023-12-26,C03259,PK15,AG02,2,2,4485,0.15,Cancelled,PayPal
BK-2023-02804,2023-09-22,2023-12-09,C03326,PK09,,2,0,2990,0.0,Completed,Card
BK-2023-02805,2023-09-22,2023-12-06,C03409,PK08,,2,0,1355,0.0,Completed,Card
BK-2023-02806,2023-09-22,2023-10-13,C03679,PK03,AG09,2,0,620,,Completed,Card
BK-2023-02807,2023-09-22,2023-10-15,C03759,PK01,,2,2,485,0.05,Completed,M-Pesa
BK-2023-02808,2023-09-22,2023-12-24,C03829,PK16,AG06,2,0,5290,0.15,Completed,Card
BK-2023-02809,2023-09-22,2024-06-01,C04098,PK13,,2,2,6510,0.1,Completed,Card
BK-2023-02810,2023-09-22,2023-10-28,C06320,PK09,AG08,2,1,2990,0.05,Completed,Bank Transfer
BK-2023-02811,2023-09-23,2024-03-14,C00025,PK15,AG01,7,0,4095,,COMPLETED,Bank Transfer
BK-2023-02812,2023-09-23,2023-11-03,C00093,PK11,AG11,2,0,3900,0.05,Completed,Bank Transfer
BK-2023-02813,2023-09-23,2023-10-10,C00997,PK01,,1,0,485,0.0,Completed,PayPal
BK-2023-02814,2023-09-23,2023-11-07,C01918,PK11,AG05,4,0,3900,0.0,Completed,PayPal
BK-2023-02815,2023-09-23,2023-10-04,C02756,PK15,AG02,4,0,4485,0.05,Completed,Card
BK-2023-02816,2023-09-23,2023-11-16,C03934,PK09,AG02,2,3,2600,0.0,Completed,PayPal
BK-2023-02817,2023-09-23,2023-12-20,C03998,PK16,AG07,2,1,5290,0.0,Completed,PayPal
BK-2023-02818,2023-09-23,2023-10-10,C04688,PK09,AG09,2,1,2990,0.0,Completed,Card
BK-2023-02819,2023-09-23,2023-10-07,C04810,PK01,AG07,2,0,485,0.15,Completed,Card
BK-2023-02820,2023-09-23,2023-12-15,C05045,PK15,AG02,2,0,4485,0.15,Completed,Bank Transfer
BK-2023-02821,2023-09-23,2023-10-31,C05745,PK05,AG09,2,0,895,0.15,Completed,Bank Transfer
BK-2023-02822,2023-09-23,2023-12-11,C05814,PK12,AG02,1,0,5520,0.05,Completed,M-Pesa
BK-2023-02823,2023-09-23,2024-02-02,C05915,PK07,AG10,1,0,2470,0.1,Completed,M-Pesa
BK-2023-02824,2023-09-23,2023-10-27,C06105,PK01,AG01,2,2,485,0.1,Completed,Card
BK-2023-02825,2023-09-24,2023-10-10,C00478,PK03,,7,0,620,0.1,Completed,Card
BK-2023-02826,2023-09-24,2023-12-04,C00538,PK06,AG08,2,0,1440,0.0,Completed,Bank Transfer
BK-2023-02827,2023-09-24,2023-12-29,C02501,PK12,AG03,1,0,5520,0.0,Completed,Bank Transfer
BK-2023-02828,2023-09-24,2023-10-14,C02552,PK01,,2,0,485,,Completed,Bank Transfer
BK-2023-02829,2023-09-24,2024-02-11,C03779,PK15,AG01,2,2,4095,0.1,Completed,Card
BK-2023-02830,2023-09-24,2023-11-16,C03840,PK09,AG03,2,0,2600,0.0,Completed,Bank Transfer
BK-2023-02831,2023-09-24,2023-12-11,C03908,PK13,AG03,2,1,7130,0.05,Completed,Card
BK-2023-02832,2023-09-24,2023-10-03,C03973,PK02,AG03,2,3,435,0.0,Completed,Bank Transfer
BK-2023-02833,2023-09-24,2023-12-05,C04044,PK10,,2,3,1025,0.05,Completed,Card
BK-2023-02834,2023-09-24,2023-11-28,C04337,PK11,AG03,2,2,3900,0.0,Cancelled,Bank Transfer
BK-2023-02835,2023-09-24,2023-11-03,C04647,PK02,AG07,1,0,380,0.0,Cancelled,Bank Transfer
BK-2023-02836,2023-09-24,2023-10-25,C06111,PK01,,2,0,485,0.0,Completed,Card
BK-2023-02837,2023-09-25,2023-11-02,C00664,PK06,,2,1,1250,0.05,Completed,Bank Transfer
BK-2023-02838,2023-09-25,2023-10-31,C00693,PK11,,2,0,4485,,Completed,Card
BK-2023-02839,2023-09-25,2024-01-14,C01212,PK06,AG06,2,0,1510,0.0,Completed,Bank Transfer
BK-2023-02840,2023-09-25,2023-10-29,C02299,PK04,AG01,2,0,575,0.0,Completed,Bank Transfer
BK-2023-02841,2023-09-25,2024-02-07,C03229,PK07,AG13,8,0,2470,0.05,Completed,Card
BK-2023-02842,2023-09-25,2023-12-10,C03719,PK06,AG12,11,0,1440,0.15,Completed,Card
BK-2023-02843,2023-09-25,2024-02-22,C05414,PK12,AG04,2,1,5040,0.0,Completed,Bank Transfer
BK-2023-02844,2023-09-26,2023-12-07,C00258,PK16,AG10,2,0,5290,0.05,Completed,Card
BK-2023-02845,2023-09-26,2023-10-12,C01208,PK02,AG05,8,0,435,0.05,Completed,Card
BK-2023-02846,2023-09-26,2024-01-10,C01928,PK06,,2,0,1510,0.0,Canceled,Bank Transfer
BK-2023-02847,2023-09-26,2024-01-24,C02042,PK06,,2,0,1510,0.1,Completed,Card
BK-2023-02848,2023-09-26,2023-11-21,C02718,PK08,,2,0,1180,0.0,Completed,PayPal
BK-2023-02849,2023-09-26,2024-01-03,C03500,PK07,AG09,2,0,2840,0.1,Completed,Bank Transfer
BK-2023-02850,2023-09-26,2024-03-11,C05534,PK12,AG05,2,0,5040,0.0,Completed,Bank Transfer
BK-2023-02851,2023-09-26,2023-12-11,C05576,PK03,AG13,6,0,620,0.05,Completed,PayPal
BK-2023-02852,2023-09-27,2024-08-07,C01195,PK12,AG01,9,0,5795,0.0,Completed,PayPal
BK-2023-02853,2023-09-27,2023-11-14,C01558,PK07,,2,0,2350,,completed,Bank Transfer
BK-2023-02854,2023-09-27,2023-12-17,C03731,PK09,,2,3,2990,0.0,Completed,Card
BK-2023-02855,2023-09-27,2024-01-20,C03879,PK17,,2,0,11835,0.05,Completed,M-Pesa
BK-2023-02856,2023-09-27,2023-11-04,C04311,PK09,AG04,2,0,2600,0.05,Completed,Card
BK-2023-02857,2023-09-27,2023-10-22,C04697,PK04,,1,0,575,0.0,Completed,Card
BK-2023-02858,2023-09-27,2024-01-08,C04750,PK07,AG02,5,0,2840,0.0,Completed,M-Pesa
BK-2023-02859,2023-09-27,2024-08-08,C05141,PK16,,2,3,5555,0.0,Completed,Card
BK-2023-02860,2023-09-28,2024-01-12,C00543,PK12,AG06,2,0,5795,0.05,Completed,PayPal
BK-2023-02861,2023-09-28,2024-01-14,C01790,PK13,AG07,2,0,7485,,Completed,Card
BK-2023-02862,2023-09-28,2024-01-22,C01967,PK13,,1,0,7485,0.0,Completed,Bank Transfer
BK-2023-02863,2023-09-28,2023-12-13,C02193,PK15,AG03,2,0,4485,0.0,Completed,M-Pesa
BK-2023-02864,2023-09-28,2023-10-13,C02371,PK06,AG02,7,0,1440,0.0,Completed,Bank Transfer
BK-2023-02865,2023-09-28,2023-10-15,C04230,PK02,,2,0,435,0.05,Cancelled,Card
BK-2023-02866,2023-09-28,2024-01-01,C04338,PK10,,2,3,1075,0.0,Canceled,Card
BK-2023-02867,2023-09-28,2023-11-27,C05980,PK04,,2,3,500,0.0,Completed,Card
BK-2023-02868,2023-09-28,2024-01-10,C06452,PK01,,2,0,505,0.0,Completed,PayPal
BK-2023-02869,2023-09-29,2023-12-03,C00063,PK10,AG13,6,0,1025,0.1,Completed,M-Pesa
BK-2023-02870,2023-09-29,2023-11-14,C00907,PK04,AG07,1,0,500,0.05,Completed,Card
BK-2023-02871,2023-09-29,2024-05-15,C01182,PK12,AG03,5,0,5040,0.0,Cancelled,M-Pesa
BK-2023-02872,2023-09-29,2024-01-29,C01296,PK14,AG09,1,0,4950,0.0,Completed,Card
BK-2023-02873,2023-09-29,2023-12-29,C01613,PK09,AG08,2,1,2990,0.0,Completed,Card
BK-2023-02874,2023-09-29,2023-10-02,C02834,PK14,AG02,10,0,4715,0.1,Completed,Card
BK-2023-02875,2023-09-29,2023-10-03,C03034,PK01,AG12,5,0,485,0.1,Completed,Card
BK-2023-02876,2023-09-29,2023-10-08,C06431,PK03,AG02,2,0,620,0.0,Completed,Card
BK-2023-02877,2023-09-30,2023-10-22,C00257,PK15,,1,0,4485,0.05,Cancelled,Card
BK-2023-02878,2023-09-30,2023-10-14,C00352,PK06,AG01,3,0,1440,0.1,Completed,Card
BK-2023-02879,2023-09-30,2024-08-07,C00771,PK13,,8,0,7485,0.1,Completed,PayPal
BK-2023-02880,2023-09-30,2024-03-22,C03395,PK10,,2,0,935,0.1,Completed,Bank Transfer
BK-2023-02881,2023-09-30,2023-12-06,C03405,PK12,AG03,2,3,5520,0.0,Cancelled,Bank Transfer
BK-2023-02882,2023-09-30,2023-10-30,C03787,PK09,AG10,2,0,2990,0.05,Completed,M-Pesa
BK-2023-02883,2023-09-30,2023-10-30,C03887,PK13,AG11,2,0,7130,0.0,Completed,Bank Transfer
BK-2023-02884,2023-09-30,2024-09-18,C03896,PK12,AG02,2,1,5795,0.05,Canceled,Bank Transfer
BK-2023-02885,2023-09-30,2023-11-19,C04037,PK08,,2,0,1180,0.1,COMPLETED,Card
BK-2023-02886,2023-09-30,2023-10-11,C04037,PK03,AG05,2,0,620,0.05,Canceled,Card
BK-2023-02887,2023-09-30,2023-11-20,C04248,PK14,,2,3,4100,0.0,completed,PayPal
BK-2023-02888,2023-09-30,2023-11-23,C04255,PK06,,2,0,1250,0.1,Completed,Bank Transfer
BK-2023-02889,2023-09-30,2023-10-26,C04823,PK05,AG02,2,0,895,0.0,Cancelled,M-Pesa
BK-2023-02890,2023-10-01,2024-03-27,C00350,PK16,,2,0,4830,0.0,Cancelled,Card
BK-2023-02891,2023-10-01,2023-10-14,C00736,PK05,,2,2,895,0.0,Completed,Card
BK-2023-02892,2023-10-01,2024-03-29,C00964,PK15,AG01,2,1,4095,0.1,Completed ,Card
BK-2023-02893,2023-10-01,2023-10-14,C00972,PK04,AG12,4,0,575,0.1,Completed,PayPal
BK-2023-02894,2023-10-01,2024-06-11,C01530,PK14,AG01,2,3,4305,0.0,Completed,Card
BK-2023-02895,2023-10-01,2023-11-06,C02136,PK12,,2,1,4800,0.05,Completed,Card
BK-2023-02896,2023-10-01,2023-10-25,C04080,PK02,AG07,1,0,435,0.0,Completed,Card
BK-2023-02897,2023-10-01,2024-11-21,C05036,PK15,AG06,2,3,4095,0.05,Completed,Card
BK-2023-02898,2023-10-01,2023-11-05,C05118,PK01,AG06,2,0,420,0.05,Completed,Bank Transfer
BK-2023-02899,2023-10-01,2023-10-25,C05788,PK06,AG02,2,3,1440,0.0,Completed,Card
BK-2023-02900,2023-10-01,2023-10-15,C05993,PK02,AG05,9,0,435,0.1,Completed,Card
BK-2023-02901,2023-10-02,2023-10-21,C00426,PK03,,2,0,620,0.1,Cancelled,Card
BK-2023-02902,2023-10-02,2023-11-04,C00995,PK03,AG13,9,0,540,0.1,Cancelled,Card
BK-2023-02903,2023-10-02,2023-11-17,C02034,PK02,,1,0,380,0.0,Completed,Card
BK-2023-02904,2023-10-02,2024-08-19,C02398,PK12,AG02,6,0,5795,0.0,Completed,PayPal
BK-2023-02905,2023-10-02,2024-02-23,C02839,PK09,,2,2,2730,0.0,Completed,Card
BK-2023-02906,2023-10-02,2024-04-15,C03297,PK15,AG02,2,0,4095,0.0,Cancelled,M-Pesa
BK-2023-02907,2023-10-02,2023-10-24,C03725,PK09,AG04,2,3,2990,0.0,Completed,M-Pesa
BK-2023-02908,2023-10-02,2023-11-09,C04585,PK02,AG02,2,0,380,0.1,Canceled,PayPal
BK-2023-02909,2023-10-02,2024-03-05,C04630,PK07,,2,0,2470,0.0,Completed,Card
BK-2023-02910,2023-10-02,2023-11-04,C05530,PK01,AG07,1,0,420,0.05,Completed,Card
BK-2023-02911,2023-10-02,2023-11-24,C05915,PK08,,1,0,1180,0.0,Completed,Bank Transfer
BK-2023-02912,2023-10-03,2024-01-27,C01400,PK06,AG08,2,0,1510,0.0,Completed ,PayPal
BK-2023-02913,2023-10-03,2023-12-02,C01761,PK11,,2,0,4485,0.0,Completed,Card
BK-2023-02914,2023-10-03,2023-10-11,C02099,PK02,AG07,2,1,435,0.0,Completed,Bank Transfer
BK-2023-02915,2023-10-03,2024-02-28,C02998,PK06,AG09,2,3,1310,0.05,Completed,Bank Transfer
BK-2023-02916,2023-10-03,2023-10-24,C03516,PK12,,2,0,5520,0.1,Completed,Card
BK-2023-02917,2023-10-03,2023-12-05,C03762,PK06,AG08,1,0,1440,0.0,Completed,Card
BK-2023-02918,2023-10-03,2023-12-04,C05343,PK10,,1,0,1025,0.0,Completed,Bank Transfer
BK-2023-02919,2023-10-03,2023-11-28,C05695,PK01,,4,0,420,0.0,completed,Card
BK-2023-02920,2023-10-04,2023-11-21,C00296,PK09,AG05,5,0,2600,0.0,Completed,Card
BK-2023-02921,2023-10-04,2024-02-17,C00823,PK09,,2,1,2730,0.0,Completed,Bank Transfer
BK-2023-02922,2023-10-04,2024-08-27,C00900,PK13,AG02,2,0,7485,0.05,Cancelled,PayPal
BK-2023-02923,2023-10-04,2023-12-11,C00910,PK05,AG03,5,0,895,0.1,Completed,Bank Transfer
BK-2023-02924,2023-10-04,2023-10-18,C01326,PK05,AG05,5,0,895,0.05,Completed,Card
BK-2023-02925,2023-10-04,2023-10-26,C03339,PK05,AG05,2,3,895,,Completed,Bank Transfer
BK-2023-02926,2023-10-04,2024-08-19,C03575,PK12,AG03,2,1,5795,0.0,Completed,Card
BK-2023-02927,2023-10-04,2023-10-28,C04562,PK02,AG06,2,0,435,0.1,Completed,PayPal
BK-2023-02928,2023-10-04,2023-12-17,C04563,PK14,,2,2,4715,0.1,Completed,Bank Transfer
BK-2023-02929,2023-10-04,2023-10-24,C05172,PK02,AG03,7,0,435,0.1,Completed,Card
BK-2023-02930,2023-10-04,2023-12-11,C06096,PK11,,8,0,4485,0.0,Completed,Bank Transfer
BK-2023-02931,2023-10-05,2023-11-05,C01480,PK14,,1,0,4100,0.0,Completed,Card
BK-2023-02932,2023-10-05,2024-01-05,C01977,PK07,AG08,1,0,2840,0.0,Completed,PayPal
BK-2023-02933,2023-10-05,2023-10-21,C02297,PK11,AG10,2,3,4485,0.05,Completed,M-Pesa
BK-2023-02934,2023-10-05,2023-10-22,C02405,PK05,AG09,2,0,895,0.1,Cancelled,M-Pesa
BK-2023-02935,2023-10-05,2023-10-26,C02538,PK02,,2,3,435,0.0,Completed,Bank Transfer
BK-2023-02936,2023-10-05,2023-10-31,C02854,PK02,,2,0,435,0.0,Cancelled,Card
BK-2023-02937,2023-10-05,2024-02-20,C03398,PK11,AG03,2,1,4095,0.0,Completed,M-Pesa
BK-2023-02938,2023-10-05,2024-11-25,C03886,PK12,,2,3,5040,0.0,Completed,Card
BK-2023-02939,2023-10-05,2023-12-14,C04223,PK12,,7,0,5520,0.05,Completed ,Bank Transfer
BK-2023-02940,2023-10-05,2023-11-22,C04403,PK14,,2,3,4100,0.05,Completed ,Bank Transfer
BK-2023-02941,2023-10-05,2023-10-19,C05048,PK03,,6,0,620,0.1,Completed,Card
BK-2023-02942,2023-10-05,2023-10-17,C05059,PK06,AG01,2,0,1440,0.1,Completed,Card
BK-2023-02943,2023-10-05,2023-11-02,C06100,PK11,AG06,2,0,3900,0.05,Completed,Card
BK-2023-02944,2023-10-06,2024-03-14,C00343,PK13,AG02,2,3,6510,0.15,Completed,Card
BK-2023-02945,2023-10-06,2023-10-25,C00672,PK11,AG05,5,0,4485,0.1,Completed,PayPal
BK-2023-02946,2023-10-06,2023-10-18,C00875,PK02,AG01,2,0,435,0.05,Completed,PayPal
BK-2023-02947,2023-10-06,2023-12-08,C03010,PK12,AG05,1,0,5520,0.0,Completed,Bank Transfer
BK-2023-02948,2023-10-06,2023-12-01,C04262,PK15,AG09,2,0,4485,0.15,Completed,PayPal
BK-2023-02949,2023-10-06,2023-12-15,C04554,PK09,AG01,8,0,2990,0.05,Completed,M-Pesa
BK-2023-02950,2023-10-06,2023-11-06,C05034,PK07,AG07,1,0,2350,0.0,Completed,M-Pesa
BK-2023-02951,2023-10-07,2024-03-17,C00502,PK16,AG05,2,0,4830,0.0,Completed,PayPal
BK-2023-02952,2023-10-07,2023-10-23,C01377,PK01,AG07,2,0,485,0.1,Completed,Card
BK-2023-02953,2023-10-07,2023-10-21,C01864,PK01,AG10,2,0,485,0.0,Cancelled,Card
BK-2023-02954,2023-10-07,2023-10-28,C02334,PK05,,2,2,895,0.0,Completed,Bank Transfer
BK-2023-02955,2023-10-07,2023-11-03,C02471,PK01,,2,0,420,0.0,Completed,PayPal
BK-2023-02956,2023-10-07,2024-01-28,C03245,PK17,,8,0,11835,0.0,Completed,Card
BK-2023-02957,2023-10-07,2023-10-29,C03382,PK11,AG10,8,0,4485,0.15,Completed,Card
BK-2023-02958,2023-10-07,2024-01-18,C04083,PK06,AG03,2,2,1510,0.0,Completed,Bank Transfer
BK-2023-02959,2023-10-07,2024-01-17,C04706,PK06,AG04,2,1,1510,0.05,Cancelled,Bank Transfer
BK-2023-02960,2023-10-07,2023-12-19,C04713,PK14,AG11,2,0,4715,0.0,Canceled,Bank Transfer
BK-2023-02961,2023-10-07,2023-10-19,C05019,PK03,AG02,2,0,620,0.0,Cancelled,Card
BK-2023-02962,2023-10-07,2023-10-30,C06248,PK01,AG11,2,3,485,0.05,Completed,M-Pesa
BK-2023-02963,2023-10-08,2023-12-07,C00080,PK14,AG07,8,0,4715,0.05,Completed,Bank Transfer
BK-2023-02964,2023-10-08,2024-07-14,C00251,PK15,,1,0,4710,0.0,Completed,Card
BK-2023-02965,2023-10-08,2023-10-27,C00581,PK04,AG07,2,2,575,0.0,Completed,Bank Transfer
BK-2023-02966,2023-10-08,2023-12-01,C01149,PK08,,8,0,1355,0.1,Completed,M-Pesa
BK-2023-02967,2023-10-08,2023-12-29,C01537,PK07,,2,0,2700,0.15,Completed ,Card
BK-2023-02968,2023-10-08,2024-05-04,C01671,PK16,,1,0,4830,0.1,completed,Card
BK-2023-02969,2023-10-08,2023-11-08,C03020,PK12,AG11,2,1,4800,0.0,Completed ,Bank Transfer
BK-2023-02970,2023-10-08,2024-03-28,C04444,PK17,AG02,2,1,10290,0.0,Completed,Card
BK-2023-02971,2023-10-08,2023-10-13,C04633,PK04,AG09,2,0,575,0.0,Completed,Card
BK-2023-02972,2023-10-08,2023-10-23,C04638,PK01,,2,0,485,0.0,Completed,Bank Transfer
BK-2023-02973,2023-10-08,2023-11-21,C05085,PK09,,1,0,2600,0.1,Completed,PayPal
BK-2023-02974,2023-10-08,2023-10-28,C05969,PK01,AG01,2,0,485,0.15,Completed,M-Pesa
BK-2023-02975,2023-10-09,2024-01-26,C00105,PK15,,4,0,4710,0.15,Completed,Bank Transfer
BK-2023-02976,2023-10-09,2023-10-19,C01383,PK01,AG01,2,1,485,0.0,Completed,PayPal
BK-2023-02977,2023-10-09,2024-09-27,C01646,PK12,AG08,8,0,5795,0.15,Completed,Card
BK-2023-02978,2023-10-09,2023-12-27,C02866,PK12,AG05,8,0,5520,0.0,Completed,PayPal
BK-2023-02979,2023-10-09,2023-10-12,C04142,PK01,,1,0,485,0.15,Completed,PayPal
BK-2023-02980,2023-10-09,2023-12-14,C05134,PK07,AG04,2,0,2700,0.1,Cancelled,Card
BK-2023-02981,2023-10-09,2023-11-03,C06497,PK16,AG11,2,0,4600,0.0,Completed,Card
BK-2023-02982,2023-10-10,2023-12-20,C00116,PK09,AG04,1,0,2990,0.0,Completed,Bank Transfer
BK-2023-02983,2023-10-10,2023-10-25,C01130,PK01,AG07,1,0,485,0.0,Completed,Card
BK-2023-02984,2023-10-10,2023-11-16,C01307,PK06,,2,3,1250,0.0,completed,Bank Transfer
BK-2023-02985,2023-10-10,2024-06-26,C01864,PK12,AG08,2,0,5040,0.0,Completed,Card
BK-2023-02986,2023-10-10,2024-03-15,C03599,PK07,AG01,2,0,2470,0.0,Cancelled,M-Pesa
BK-2023-02987,2023-10-10,2024-02-19,C03647,PK17,AG07,2,3,10290,0.0,Completed,Bank Transfer
BK-2023-02988,2023-10-10,2023-11-15,C03734,PK07,AG07,2,0,2350,0.1,Completed,Card
BK-2023-02989,2023-10-10,2024-02-05,C04769,PK13,AG02,5,0,6510,0.0,completed,Card
BK-2023-02990,2023-10-10,2024-10-24,C05616,PK16,,1,0,5555,0.05,Completed,Bank Transfer
BK-2023-02991,2023-10-11,2023-11-20,C00313,PK10,,2,2,890,0.0,Completed,Card
BK-2023-02992,2023-10-11,2023-11-08,C01392,PK08,,2,1,1180,0.05,Completed,Card
BK-2023-02993,2023-10-11,2023-10-14,C01498,PK02,AG12,9,0,435,0.0,Completed,M-Pesa
BK-2023-02994,2023-10-11,2024-07-09,C03739,PK16,AG09,2,2,5555,0.0,completed,Card
BK-2023-02995,2023-10-11,2024-02-02,C03928,PK12,AG06,2,3,5040,0.0,Completed,M-Pesa
BK-2023-02996,2023-10-11,2023-12-04,C04127,PK12,,2,1,5520,0.0,Canceled,PayPal
BK-2023-02997,2023-10-11,2023-11-05,C04215,PK15,AG05,9,0,3900,0.1,Completed,Card
BK-2023-02998,2023-10-11,2024-03-20,C04445,PK16,AG04,1,0,4830,0.0,Completed,Bank Transfer
BK-2023-02999,2023-10-11,2023-11-06,C04536,PK11,AG03,2,0,3900,0.0,Cancelled,Bank Transfer
BK-2023-03000,2023-10-11,2023-12-08,C04561,PK15,AG04,2,1,4485,0.0,Canceled,PayPal
BK-2023-03001,2023-10-11,2024-01-30,C05031,PK12,AG03,2,0,5795,0.0,Completed,Card
BK-2023-03002,2023-10-12,2024-02-01,C01071,PK17,AG02,1,0,10290,,Completed,M-Pesa
BK-2023-03003,2023-10-12,2023-10-29,C02810,PK17,AG05,2,0,11270,0.0,Completed,Card
BK-2023-03004,2023-10-12,2023-12-03,C02884,PK04,AG05,8,0,575,0.1,Completed,Card
BK-2023-03005,2023-10-12,2023-11-10,C05172,PK01,AG01,8,0,420,0.1,completed,Bank Transfer
BK-2023-03006,2023-10-12,2023-11-03,C06019,PK05,AG10,2,3,780,0.15,Cancelled,M-Pesa
BK-2023-03007,2023-10-13,2023-10-27,C00313,PK09,AG01,2,2,2990,0.0,Completed,Card
BK-2023-03008,2023-10-13,2023-12-16,C01751,PK17,AG05,2,2,11270,0.0,Completed,Card
BK-2023-03009,2023-10-13,2024-01-04,C01966,PK06,AG01,2,3,1510,0.0,Completed,PayPal
BK-2023-03010,2023-10-13,2024-03-13,C02259,PK10,AG03,1,0,935,0.0,Completed,Card
BK-2023-03011,2023-10-13,2024-03-16,C03108,PK13,AG03,8,0,6510,0.1,Completed,Bank Transfer
BK-2023-03012,2023-10-13,2024-02-03,C05690,PK16,,2,2,4830,0.0,Completed,PayPal
BK-2023-03013,2023-10-14,2023-10-27,C01164,PK06,,4,0,1440,0.0,Completed,Bank Transfer
BK-2023-03014,2023-10-14,2023-12-25,C02957,PK16,,2,0,5290,0.05,Completed,Bank Transfer
BK-2023-03015,2023-10-14,2023-11-13,C03225,PK01,AG04,4,0,420,0.1,Completed,PayPal
BK-2023-03016,2023-10-14,2023-10-29,C03468,PK01,,2,0,485,0.05,Completed,PayPal
BK-2023-03017,2023-10-14,2023-11-05,C03791,PK13,AG04,1,0,6200,0.1,Cancelled,Bank Transfer
BK-2023-03018,2023-10-14,2024-01-02,C05079,PK06,AG12,6,0,1510,0.1,Completed,Card
BK-2023-03019,2023-10-14,2023-10-30,C05840,PK03,AG04,1,0,620,0.0,Completed,Card
BK-2023-03020,2023-10-14,2024-01-09,C06307,PK06,AG04,2,2,1510,0.05,Cancelled,Card
BK-2023-03021,2023-10-14,2023-12-26,C06379,PK05,AG03,2,0,895,0.0,Cancelled,Bank Transfer
BK-2023-03022,2023-10-15,2023-12-13,C00258,PK02,AG07,2,0,435,0.15,completed,M-Pesa
BK-2023-03023,2023-10-15,2023-12-28,C00307,PK14,,2,2,4715,0.05,Completed,M-Pesa
BK-2023-03024,2023-10-15,2023-12-07,C00458,PK05,AG03,5,0,895,0.05,Completed,M-Pesa
BK-2023-03025,2023-10-15,2023-12-28,C00486,PK06,,4,0,1440,0.1,Completed ,Card
BK-2023-03026,2023-10-15,2024-01-10,C01105,PK12,AG10,8,0,5795,0.0,Completed,Card
BK-2023-03027,2023-10-15,2024-02-26,C01307,PK06,,2,3,1310,0.05,Completed,Card
BK-2023-03028,2023-10-15,2023-12-10,C01348,PK16,AG02,2,2,5290,0.0,Completed,Bank Transfer
BK-2023-03029,2023-10-15,2023-10-22,C01737,PK03,,2,2,620,0.0,Completed,Bank Transfer
BK-2023-03030,2023-10-15,2023-10-18,C02451,PK02,AG10,2,2,435,0.0,completed,M-Pesa
BK-2023-03031,2023-10-15,2024-01-11,C03994,PK10,AG13,7,0,1075,0.05,Completed,Bank Transfer
BK-2023-03032,2023-10-15,2023-12-05,C04161,PK03,AG01,6,0,620,0.0,Completed,Card
BK-2023-03033,2023-10-15,2023-12-20,C04396,PK07,,8,0,2700,0.05,Completed,Card
BK-2023-03034,2023-10-15,2023-11-01,C04793,PK07,AG02,2,0,2350,0.05,Completed,PayPal
BK-2023-03035,2023-10-15,2024-01-24,C05316,PK06,,2,0,1510,0.0,Completed,Card
BK-2023-03036,2023-10-15,2023-12-04,C05420,PK01,AG04,2,0,485,0.0,Canceled,Bank Transfer
BK-2023-03037,2023-10-15,2024-07-29,C06267,PK14,,2,0,4950,0.0,Completed,Card
BK-2023-03038,2023-10-16,2023-12-07,C03393,PK03,AG01,2,3,620,0.1,Completed,Bank Transfer
BK-2023-03039,2023-10-16,2023-10-30,C04349,PK07,,6,0,2700,0.15,completed,PayPal
BK-2023-03040,2023-10-16,2024-01-17,C05449,PK12,AG03,2,3,5795,0.15,Completed,Bank Transfer
BK-2023-03041,2023-10-16,2023-10-19,C05909,PK05,AG04,2,0,895,0.0,Completed,PayPal
BK-2023-03042,2023-10-16,2024-01-27,C06199,PK12,,2,0,5795,0.0,Completed,Bank Transfer
BK-2023-03043,2023-10-17,2024-02-27,C00066,PK12,,2,1,5040,0.15,Completed,Bank Transfer
BK-2023-03044,2023-10-17,2023-10-27,C01686,PK03,AG08,2,2,620,0.05,Completed,Bank Transfer
BK-2023-03045,2023-10-17,2023-11-13,C02645,PK07,AG05,2,0,2350,0.0,Completed,Card
BK-2023-03046,2023-10-17,2023-11-10,C02680,PK01,AG06,2,3,420,0.05,Completed,PayPal
BK-2023-03047,2023-10-17,2023-12-14,C04313,PK01,AG09,2,2,485,0.1,Completed ,Bank Transfer
BK-2023-03048,2023-10-17,2023-10-28,C04947,PK11,AG03,2,3,4485,0.05,Completed,Bank Transfer
BK-2023-03049,2023-10-17,2024-01-06,C05180,PK13,AG06,4,0,7485,0.05,Completed,PayPal
BK-2023-03050,2023-10-17,2023-11-17,C05394,PK07,AG01,2,3,2350,0.0,Completed,PayPal
BK-2023-03051,2023-10-17,2024-01-25,C05402,PK16,,2,0,5555,0.05,Completed,Card
BK-2023-03052,2023-10-18,2024-06-23,C00160,PK06,AG04,1,0,1310,0.1,Canceled,Bank Transfer
BK-2023-03053,2023-10-18,2023-12-14,C01459,PK06,,6,0,1440,0.05,Completed,PayPal
BK-2023-03054,2023-10-18,2024-02-27,C02263,PK09,,2,0,2730,0.0,Completed,PayPal
BK-2023-03055,2023-10-18,2023-12-17,C03244,PK01,AG02,1,0,485,0.0,Completed,Bank Transfer
BK-2023-03056,2023-10-18,2023-11-14,C03420,PK15,AG11,1,0,3900,0.0,Completed,PayPal
BK-2023-03057,2023-10-18,2024-01-29,C03662,PK17,AG12,12,0,11835,0.1,Completed,Card
BK-2023-03058,2023-10-18,2023-11-17,C03821,PK17,,2,0,9800,0.05,Completed,Bank Transfer
BK-2023-03059,2023-10-18,2024-01-05,C04248,PK11,AG04,2,1,4710,0.05,Completed,Bank Transfer
BK-2023-03060,2023-10-18,2023-11-11,C04454,PK09,AG08,1,0,2600,0.0,Completed,Bank Transfer
BK-2023-03061,2023-10-18,2024-09-25,C04870,PK14,,2,2,4950,,Completed,Card
BK-2023-03062,2023-10-19,2023-12-11,C00189,PK10,,2,0,1025,0.0,Completed ,Bank Transfer
BK-2023-03063,2023-10-19,2023-12-05,C00339,PK10,AG07,2,1,1025,0.05,Completed,Card
BK-2023-03064,2023-10-19,2023-12-15,C00603,PK04,AG06,2,0,575,0.0,Completed,Card
BK-2023-03065,2023-10-19,2024-01-17,C01238,PK09,AG05,8,0,3140,0.0,Completed,Bank Transfer
BK-2023-03066,2023-10-19,2023-12-18,C01388,PK07,AG04,1,0,2700,0.1,Completed,Card
BK-2023-03067,2023-10-19,2023-11-25,C01730,PK03,,2,2,540,0.05,Completed ,M-Pesa
BK-2023-03068,2023-10-19,2023-11-03,C01816,PK04,AG11,2,3,500,,Completed,M-Pesa
BK-2023-03069,2023-10-19,2024-04-17,C01971,PK14,,1,0,4305,0.0,Canceled,Bank Transfer
BK-2023-03070,2023-10-19,2023-12-13,C02195,PK11,AG04,2,3,4485,0.0,Completed,Card
BK-2023-03071,2023-10-19,2023-11-09,C02569,PK07,AG03,8,0,2350,0.15,Completed,Bank Transfer
BK-2023-03072,2023-10-19,2023-12-06,C04242,PK06,AG02,2,3,1440,0.0,Cancelled,M-Pesa
BK-2023-03073,2023-10-19,2024-01-03,C04676,PK02,AG06,1,0,460,0.0,Completed,Card
BK-2023-03074,2023-10-19,2023-11-12,C05316,PK04,AG07,2,0,500,0.0,Completed,Card
BK-2023-03075,2023-10-20,2023-12-23,C01085,PK12,,8,0,5520,0.0,Completed,Bank Transfer
BK-2023-03076,2023-10-20,2023-11-14,C01473,PK07,AG10,2,0,2350,0.05,Completed,Card
BK-2023-03077,2023-10-20,2023-11-05,C01841,PK02,AG05,4,0,380,0.0,Completed,PayPal
BK-2023-03078,2023-10-20,2023-12-21,C01922,PK12,,2,2,5520,0.0,Completed,Card
BK-2023-03079,2023-10-20,2024-01-16,C02578,PK09,AG01,8,0,3140,0.0,Completed,M-Pesa
BK-2023-03080,2023-10-20,2024-03-17,C02658,PK13,AG11,1,0,6510,0.05,Completed,Bank Transfer
BK-2023-03081,2023-10-20,2024-04-15,C02664,PK08,,2,0,1240,0.0,Canceled,Card
BK-2023-03082,2023-10-20,2023-11-10,C04202,PK03,AG04,2,0,540,0.15,Cancelled,PayPal
BK-2023-03083,2023-10-20,2023-11-12,C04543,PK07,AG01,2,3,2350,0.0,Completed,M-Pesa
BK-2023-03084,2023-10-20,2024-01-01,C04583,PK08,AG07,2,0,1425,0.0,Completed,Bank Transfer
BK-2023-03085,2023-10-20,2023-11-25,C05657,PK06,AG02,2,0,1250,0.0,Completed,Bank Transfer
BK-2023-03086,2023-10-20,2023-12-08,C06423,PK07,AG02,2,0,2700,0.05,Canceled,Card
BK-2023-03087,2023-10-21,2023-10-28,C00538,PK09,AG11,2,0,2990,0.0,Completed,Bank Transfer
BK-2023-03088,2023-10-21,2023-10-29,C01094,PK04,,2,0,575,0.15,Completed,Bank Transfer
BK-2023-03089,2023-10-21,2023-10-30,C01744,PK01,,2,0,485,0.0,Completed,Bank Transfer
BK-2023-03090,2023-10-21,2024-01-15,C02019,PK10,AG06,7,0,1075,0.1,Completed,Card
BK-2023-03091,2023-10-21,2023-12-21,C03353,PK10,,6,0,1025,0.1,Completed,M-Pesa
BK-2023-03092,2023-10-21,2023-10-25,C03478,PK05,AG04,2,3,895,0.05,Completed,Bank Transfer
BK-2023-03093,2023-10-21,2023-11-19,C03925,PK05,AG04,2,0,780,0.0,Completed,Card
BK-2023-03094,2023-10-21,2024-02-13,C04856,PK04,AG08,1,0,525,0.05,Completed,Card
BK-2023-03095,2023-10-21,2023-12-27,C05148,PK16,AG11,2,0,5290,0.05,Completed,Bank Transfer
BK-2023-03096,2023-10-21,2023-11-28,C05460,PK06,AG09,2,0,1250,0.0,Completed,Card
BK-2023-03097,2023-10-21,2024-01-09,C06093,PK12,AG08,2,3,5795,0.0,Completed,PayPal
BK-2023-03098,2023-10-22,2024-05-03,C00943,PK12,AG06,2,0,5040,0.0,Completed,M-Pesa
BK-2023-03099,2023-10-22,2023-12-09,C01073,PK01,,5,0,485,0.0,Completed,Card
BK-2023-03100,2023-10-22,2023-12-26,C01132,PK06,,2,0,1440,0.05,Completed,Card
BK-2023-03101,2023-10-22,2023-11-14,C06091,PK02,AG06,2,1,380,0.0,Completed,Card
BK-2023-03102,2023-10-22,2023-12-08,C06486,PK07,AG03,2,0,2700,0.0,Completed,Bank Transfer
BK-2023-03103,2023-10-23,2024-01-07,C01231,PK17,AG01,2,0,11835,0.15,Completed,Card
BK-2023-03104,2023-10-23,2024-01-08,C03215,PK08,AG06,2,0,1425,0.0,Completed,Card
BK-2023-03105,2023-10-23,2024-01-25,C03557,PK07,AG06,2,1,2840,0.1,Completed,Card
BK-2023-03106,2023-10-23,2023-11-16,C04143,PK03,AG06,1,0,540,0.0,Cancelled,M-Pesa
BK-2023-03107,2023-10-23,2024-02-24,C04268,PK14,AG11,1,0,4305,0.05,Completed,Bank Transfer
BK-2023-03108,2023-10-23,2024-02-04,C04622,PK12,AG04,2,2,5040,0.0,Completed,Card
BK-2023-03109,2023-10-24,2023-12-15,C01999,PK05,AG06,2,2,895,0.05,Completed,Card
BK-2023-03110,2023-10-24,2023-11-09,C02022,PK02,,2,0,380,0.0,Completed,PayPal
BK-2023-03111,2023-10-24,2023-12-13,C03015,PK16,AG04,2,0,5290,0.0,Cancelled,Bank Transfer
BK-2023-03112,2023-10-24,2024-01-24,C03715,PK04,AG06,6,0,605,0.1,Completed,Card
BK-2023-03113,2023-10-24,2024-04-07,C04114,PK12,AG01,2,0,5040,0.0,Completed,PayPal
BK-2023-03114,2023-10-24,2023-11-30,C05483,PK08,AG02,2,0,1180,0.0,Completed,Bank Transfer
BK-2023-03115,2023-10-24,2023-12-07,C05690,PK07,AG07,2,1,2700,0.0,Completed,Card
BK-2023-03116,2023-10-25,2024-01-10,C00734,PK13,AG10,2,0,7485,0.0,Completed,M-Pesa
BK-2023-03117,2023-10-25,2023-11-04,C00814,PK09,AG10,1,0,2600,0.0,COMPLETED,Card
BK-2023-03118,2023-10-25,2024-01-08,C00915,PK12,AG02,2,3,5795,0.0,Completed,M-Pesa
BK-2023-03119,2023-10-25,2023-12-30,C00972,PK06,AG13,10,0,1440,0.1,Completed,Bank Transfer
BK-2023-03120,2023-10-25,2023-12-16,C01303,PK01,,8,0,485,0.0,Completed,Bank Transfer
BK-2023-03121,2023-10-25,2023-12-04,C01364,PK12,,2,1,5520,0.0,COMPLETED,Bank Transfer
BK-2023-03122,2023-10-25,2024-03-22,C01662,PK13,AG01,9,0,6510,0.05,Completed,PayPal
BK-2023-03123,2023-10-25,2024-09-03,C01995,PK14,AG09,2,0,4950,0.0,Completed,Card
BK-2023-03124,2023-10-25,2023-12-09,C02968,PK08,AG06,2,0,1355,0.1,Completed,Bank Transfer
BK-2023-03125,2023-10-25,2023-12-23,C03011,PK08,,2,0,1355,0.0,Completed,Bank Transfer
BK-2023-03126,2023-10-25,2024-01-05,C05732,PK07,AG07,1,0,2840,0.0,Completed,Card
BK-2023-03127,2023-10-25,2024-01-26,C06137,PK14,AG04,2,3,4950,0.0,Completed,Card
BK-2023-03128,2023-10-26,2024-01-08,C00223,PK15,,2,0,4710,0.0,Completed,PayPal
BK-2023-03129,2023-10-26,2023-11-30,C00986,PK13,,1,0,6200,0.0,Completed,Card
BK-2023-03130,2023-10-26,2023-12-12,C01291,PK15,,2,1,4485,0.0,Completed,Bank Transfer
BK-2023-03131,2023-10-26,2023-12-23,C01631,PK13,AG09,2,0,7130,0.0,Completed,Card
BK-2023-03132,2023-10-26,2024-01-28,C01740,PK06,AG03,2,0,1510,0.1,Completed,M-Pesa
BK-2023-03133,2023-10-26,2024-02-10,C01764,PK06,AG11,2,2,1310,,Completed,Card
BK-2023-03134,2023-10-26,2023-12-06,C02132,PK06,AG03,5,0,1440,0.1,Completed,PayPal
BK-2023-03135,2023-10-26,2023-12-23,C02518,PK07,AG03,1,0,2700,0.0,Cancelled,Card
BK-2023-03136,2023-10-26,2024-02-26,C02528,PK06,AG03,1,0,1310,0.05,Completed,M-Pesa
BK-2023-03137,2023-10-26,2023-12-20,C03214,PK17,,4,0,11270,0.1,Completed,Bank Transfer
BK-2023-03138,2023-10-26,2023-11-15,C03595,PK03,AG04,5,0,540,0.1,Completed,Card
BK-2023-03139,2023-10-26,2023-12-15,C03801,PK06,AG12,3,0,1440,0.0,completed,Card
BK-2023-03140,2023-10-26,2024-02-18,C03836,PK13,AG01,2,2,6510,0.0,Completed,M-Pesa
BK-2023-03141,2023-10-26,2023-12-13,C04638,PK15,AG01,2,0,4485,0.0,Completed,Card
BK-2023-03142,2023-10-26,2023-11-12,C04711,PK05,AG04,1,0,780,0.0,Completed,Bank Transfer
BK-2023-03143,2023-10-26,2023-12-05,C04740,PK07,,2,0,2700,0.15,Completed,Card
BK-2023-03144,2023-10-26,2024-09-27,C04961,PK14,AG06,7,0,4950,0.05,Completed,Card
BK-2023-03145,2023-10-26,2023-11-29,C05207,PK06,,2,1,1250,0.1,Completed,M-Pesa
BK-2023-03146,2023-10-27,2024-02-19,C00016,PK13,,5,0,6510,0.05,Completed,Card
BK-2023-03147,2023-10-27,2023-11-27,C00129,PK04,,1,0,500,0.05,Completed,Bank Transfer
BK-2023-03148,2023-10-27,2025-06-14,C00412,PK15,,2,2,4290,0.05,Completed,PayPal
BK-2023-03149,2023-10-27,2023-11-22,C01631,PK04,,2,0,500,0.0,Completed,Bank Transfer
BK-2023-03150,2023-10-27,2023-11-23,C02229,PK09,AG02,8,0,2600,0.0,Completed,Card
BK-2023-03151,2023-10-27,2023-12-05,C02944,PK06,AG03,2,0,1440,0.0,Completed,Bank Transfer
BK-2023-03152,2023-10-27,2023-12-16,C03349,PK08,AG10,2,0,1355,0.0,Completed,Bank Transfer
BK-2023-03153,2023-10-27,2024-01-01,C03354,PK09,AG01,2,0,3140,0.0,Completed,Bank Transfer
BK-2023-03154,2023-10-27,2024-03-19,C03470,PK08,AG05,2,0,1240,0.0,Canceled,PayPal
BK-2023-03155,2023-10-27,2024-01-30,C03756,PK16,,9,0,5555,0.1,Completed,Card
BK-2023-03156,2023-10-27,2024-02-01,C04072,PK17,AG08,1,0,10290,0.0,Completed,M-Pesa
BK-2023-03157,2023-10-27,2023-10-30,C04141,PK02,AG06,1,0,435,0.0,Completed,PayPal
BK-2023-03158,2023-10-27,2024-01-22,C05267,PK13,AG10,2,0,7485,0.0,Completed,Bank Transfer
BK-2023-03159,2023-10-27,2023-12-17,C05603,PK04,,1,0,575,0.0,Completed ,Card
BK-2023-03160,2023-10-27,2024-01-10,C05718,PK06,,2,3,1510,0.0,Completed,Bank Transfer
BK-2023-03161,2023-10-27,2023-12-07,C06023,PK13,AG03,2,1,7130,0.0,Completed,Card
BK-2023-03162,2023-10-27,2023-11-19,C06067,PK04,AG11,2,2,500,0.0,Completed,Card
BK-2023-03163,2023-10-28,2023-12-30,C00824,PK16,AG03,2,0,5290,0.05,completed,Bank Transfer
BK-2023-03164,2023-10-28,2023-11-27,C01225,PK08,,2,0,1180,,Completed,Card
BK-2023-03165,2023-10-28,2025-01-14,C01422,PK13,AG04,2,0,7845,0.0,Completed,Bank Transfer
BK-2023-03166,2023-10-28,2023-11-28,C02000,PK04,AG06,2,3,500,0.1,Completed,Card
BK-2023-03167,2023-10-28,2024-05-07,C02111,PK17,AG02,2,3,10290,0.0,Completed,Card
BK-2023-03168,2023-10-28,2023-12-27,C02206,PK04,AG02,2,0,575,0.05,Completed,M-Pesa
BK-2023-03169,2023-10-28,2023-12-08,C03003,PK07,AG11,2,0,2700,0.0,Completed,Card
BK-2023-03170,2023-10-28,2023-12-17,C03167,PK03,AG05,2,0,620,0.0,Completed,Card
BK-2023-03171,2023-10-28,2023-11-17,C03243,PK07,AG02,1,0,2350,0.05,Completed,Card
BK-2023-03172,2023-10-28,2024-01-01,C04309,PK06,,7,0,1510,0.05,Completed,M-Pesa
BK-2023-03173,2023-10-28,2023-11-24,C05501,PK11,,8,0,3900,0.0,Completed,Card
BK-2023-03174,2023-10-28,2023-11-01,C05512,PK01,AG10,1,0,420,0.0,Completed,Card
BK-2023-03175,2023-10-28,2023-11-09,C06281,PK10,,2,0,890,0.05,Completed,Bank Transfer
BK-2023-03176,2023-10-29,2024-09-01,C00147,PK14,AG06,1,0,4950,0.0,Completed,Card
BK-2023-03177,2023-10-29,2023-12-15,C00846,PK02,AG02,2,1,435,0.0,Completed,Card
BK-2023-03178,2023-10-29,2023-12-04,C01080,PK01,,2,0,485,0.0,Completed,Card
BK-2023-03179,2023-10-29,2024-02-23,C03248,PK08,,6,0,1240,0.1,Completed,Bank Transfer
BK-2023-03180,2023-10-29,2023-12-04,C03407,PK01,AG02,2,1,485,0.0,Cancelled,Bank Transfer
BK-2023-03181,2023-10-29,2023-12-02,C04385,PK09,AG02,2,2,2990,0.0,Completed,Card
BK-2023-03182,2023-10-29,2023-12-26,C04520,PK14,,1,0,4715,0.1,Completed,Card
BK-2023-03183,2023-10-29,2024-06-06,C05866,PK14,AG07,6,0,4305,0.0,Completed,Bank Transfer
BK-2023-03184,2023-10-30,2024-02-04,C01978,PK15,,7,0,4095,0.1,Completed,Card
BK-2023-03185,2023-10-30,2024-01-15,C02545,PK17,AG09,2,3,11835,0.05,Completed,Card
BK-2023-03186,2023-10-30,2024-01-09,C02621,PK09,AG04,2,3,3140,0.0,Completed,PayPal
BK-2023-03187,2023-10-30,2023-11-25,C03024,PK07,AG04,1,0,2350,0.0,Cancelled ,Card
BK-2023-03188,2023-10-30,2024-06-25,C03831,PK13,,2,3,6510,0.1,completed,Card
BK-2023-03189,2023-10-30,2023-11-06,C03939,PK01,,2,3,420,0.1,Cancelled,Card
BK-2023-03190,2023-10-30,2024-02-19,C04246,PK13,AG03,1,0,6510,0.0,Completed,PayPal
BK-2023-03191,2023-10-30,2024-11-04,C05341,PK16,AG07,2,3,4830,0.0,Completed,Card
BK-2023-03192,2023-10-30,2024-01-03,C06248,PK08,,2,1,1425,0.05,Completed,Card
BK-2023-03193,2023-10-30,2024-01-08,C06303,PK03,AG12,9,0,650,0.05,Completed,M-Pesa
BK-2023-03194,2023-10-31,2023-12-14,C01374,PK03,AG03,2,3,620,0.0,Canceled,M-Pesa
BK-2023-03195,2023-10-31,2023-12-31,C02071,PK04,,2,2,575,0.0,Completed,Card
BK-2023-03196,2023-10-31,2023-12-03,C02952,PK01,AG08,2,0,485,0.05,Completed,Card
BK-2023-03197,2023-10-31,2024-01-07,C03415,PK14,AG06,2,2,4950,0.0,Completed,Card
BK-2023-03198,2023-10-31,2024-01-07,C04808,PK11,AG02,1,0,4710,0.0,Cancelled,Card
BK-2023-03199,2023-11-01,2024-01-04,C00447,PK07,AG04,2,1,2840,0.05,Completed,Bank Transfer
BK-2023-03200,2023-11-01,2024-03-24,C00679,PK11,,2,0,4095,0.05,Completed,PayPal
BK-2023-03201,2023-11-01,2023-12-21,C00775,PK01,AG03,1,0,485,0.0,Completed,Card
BK-2023-03202,2023-11-01,2023-12-29,C02525,PK07,AG03,1,0,2700,0.05,Cancelled,Bank Transfer
BK-2023-03203,2023-11-01,2023-11-06,C02989,PK06,AG04,2,2,1250,0.0,Completed,Card
BK-2023-03204,2023-11-01,2023-12-15,C04766,PK01,AG13,6,0,485,0.05,Completed,Card
BK-2023-03205,2023-11-01,2024-06-21,C05586,PK12,AG03,1,0,5040,0.0,completed,Card
BK-2023-03206,2023-11-02,2024-01-07,C00421,PK06,AG01,2,2,1510,0.0,COMPLETED,Bank Transfer
BK-2023-03207,2023-11-02,2023-12-17,C00430,PK09,AG10,1,0,2990,0.0,Completed,M-Pesa
BK-2023-03208,2023-11-02,2024-02-14,C00603,PK06,AG06,2,0,1310,0.0,Completed,PayPal
BK-2023-03209,2023-11-02,2023-11-26,C00693,PK01,AG09,2,0,420,0.05,Completed,Bank Transfer
BK-2023-03210,2023-11-02,2024-10-03,C00985,PK16,AG03,2,2,5555,0.05,Completed,Bank Transfer
BK-2023-03211,2023-11-02,2024-09-14,C01617,PK13,,2,3,7485,0.0,Completed ,Card
BK-2023-03212,2023-11-02,2023-12-17,C02021,PK04,,2,3,575,0.0,Completed,Card
BK-2023-03213,2023-11-02,2024-03-05,C02022,PK10,,2,0,935,0.0,Completed,M-Pesa
BK-2023-03214,2023-11-02,2023-11-27,C02690,PK04,AG01,2,0,500,0.1,Completed,M-Pesa
BK-2023-03215,2023-11-02,2024-02-12,C02787,PK13,AG05,2,2,6510,0.05,Completed,Card
BK-2023-03216,2023-11-02,2024-03-20,C03119,PK06,AG06,2,1,1310,0.0,Completed,PayPal
BK-2023-03217,2023-11-02,2023-11-28,C03476,PK01,,1,0,420,0.05,Completed,Card
BK-2023-03218,2023-11-02,2023-12-28,C04831,PK04,AG13,9,0,575,0.05,Canceled,Card
BK-2023-03219,2023-11-03,2023-11-22,C00110,PK01,AG08,3,0,420,0.1,Completed,Card
BK-2023-03220,2023-11-03,2023-12-05,C00860,PK16,,2,0,5290,0.1,Completed,Bank Transfer
BK-2023-03221,2023-11-03,2024-03-10,C01553,PK10,AG11,2,2,935,0.15,Completed,M-Pesa
BK-2023-03222,2023-11-03,2023-12-08,C01688,PK04,AG10,7,0,575,0.1,cancelled,Bank Transfer
BK-2023-03223,2023-11-03,2023-12-18,C02418,PK04,AG04,2,2,575,0.0,Completed,M-Pesa
BK-2023-03224,2023-11-03,2024-05-27,C02568,PK14,,2,0,4305,0.05,Completed,M-Pesa
BK-2023-03225,2023-11-03,2024-08-01,C02852,PK14,AG03,5,0,4950,0.1,cancelled,PayPal
BK-2023-03226,2023-11-03,2024-01-10,C03389,PK07,AG04,2,0,2840,0.0,Canceled,M-Pesa
BK-2023-03227,2023-11-03,2023-11-10,C03733,PK09,AG03,2,0,2600,0.0,Completed,Card
BK-2023-03228,2023-11-03,2024-01-06,C03927,PK09,,2,0,3140,0.0,Completed,Bank Transfer
BK-2023-03229,2023-11-03,2024-01-03,C04249,PK08,AG11,2,1,1425,0.0,Completed,Bank Transfer
BK-2023-03230,2023-11-03,2024-06-14,C04293,PK11,AG02,1,0,4095,0.05,Completed,Bank Transfer
BK-2023-03231,2023-11-03,2023-12-06,C05351,PK02,AG03,2,0,435,0.0,Completed,Card
BK-2023-03232,2023-11-03,2023-12-26,C05528,PK10,AG04,6,0,1025,0.1,Completed,Card
BK-2023-03233,2023-11-03,2023-12-13,C05603,PK10,,1,0,1025,0.1,Completed,Card
BK-2023-03234,2023-11-03,2023-11-11,C06182,PK01,AG04,1,0,420,0.1,Canceled,Bank Transfer
BK-2023-03235,2023-11-04,2023-11-17,C00672,PK06,,8,0,1250,0.15,Completed,Card
BK-2023-03236,2023-11-04,2023-11-21,C01356,PK17,,2,1,9800,0.0,Completed,Card
BK-2023-03237,2023-11-04,2024-01-01,C01382,PK03,AG08,1,0,650,0.05,Completed,Card
BK-2023-03238,2023-11-04,2024-08-15,C01759,PK12,AG07,2,1,5795,0.0,Completed,Bank Transfer
BK-2023-03239,2023-11-04,2024-03-13,C01792,PK14,AG09,2,0,4305,0.0,Cancelled,Card
BK-2023-03240,2023-11-04,2023-12-11,C01897,PK09,,2,0,2990,0.0,Completed,M-Pesa
BK-2023-03241,2023-11-04,2024-01-26,C02407,PK11,AG01,1,0,4710,0.0,Completed,PayPal
BK-2023-03242,2023-11-04,2023-12-13,C02740,PK08,,2,0,1355,0.0,Completed,Card
BK-2023-03243,2023-11-04,2023-12-07,C03194,PK13,,4,0,7130,0.0,Completed,Bank Transfer
BK-2023-03244,2023-11-04,2024-01-29,C03371,PK07,AG08,2,0,2840,0.05,Cancelled,PayPal
BK-2023-03245,2023-11-04,2023-12-12,C03599,PK06,AG11,2,0,1440,0.0,Completed,Card
BK-2023-03246,2023-11-04,2024-04-14,C03708,PK13,AG03,1,0,6510,0.0,Canceled,Card
BK-2023-03247,2023-11-04,2024-03-15,C04852,PK12,,1,0,5040,0.0,Completed,Bank Transfer
BK-2023-03248,2023-11-04,2023-11-28,C05531,PK01,AG11,2,0,420,0.1,completed,Card
BK-2023-03249,2023-11-05,2024-06-06,C00813,PK14,AG11,2,0,4305,0.1,Completed,Bank Transfer
BK-2023-03250,2023-11-05,2023-12-01,C01906,PK01,AG08,2,0,485,0.0,Completed,Card
BK-2023-03251,2023-11-05,2023-12-27,C03257,PK02,AG11,2,3,435,0.0,Completed,M-Pesa
BK-2023-03252,2023-11-05,2024-01-17,C04186,PK06,,2,2,1510,0.0,Completed,M-Pesa
BK-2023-03253,2023-11-05,2023-11-10,C04261,PK01,,2,3,420,0.05,Completed,Bank Transfer
BK-2023-03254,2023-11-05,2023-11-30,C04836,PK11,,2,3,3900,0.0,completed,PayPal
BK-2023-03255,2023-11-05,2023-12-03,C05956,PK13,AG04,1,0,7130,0.0,Completed,Bank Transfer
BK-2023-03256,2023-11-06,2023-12-27,C00134,PK06,AG10,2,1,1440,0.05,Completed,Bank Transfer
BK-2023-03257,2023-11-06,2024-01-18,C01981,PK12,AG12,10,0,5795,0.1,Completed,Bank Transfer
BK-2023-03258,2023-11-06,2024-05-18,C02154,PK14,,7,0,4305,0.1,Completed,Card
BK-2023-03259,2023-11-06,2023-12-09,C02218,PK02,AG06,2,0,435,0.0,Completed,Card
BK-2023-03260,2023-11-06,2024-06-05,C03228,PK12,AG13,12,0,5040,0.05,Completed,Bank Transfer
BK-2023-03261,2023-11-06,2023-12-15,C03955,PK14,AG03,2,3,4715,0.05,Completed,PayPal
BK-2023-03262,2023-11-06,2023-12-22,C04106,PK06,,2,2,1440,0.0,Completed,Card
BK-2023-03263,2023-11-06,2024-08-31,C05388,PK13,AG09,2,0,7485,0.0,Completed,Card
BK-2023-03264,2023-11-06,2023-12-03,C06284,PK11,AG04,1,0,4485,0.0,Completed,Card
BK-2023-03265,2023-11-07,2023-12-08,C00087,PK12,AG06,2,1,5520,0.0,Completed,Bank Transfer
BK-2023-03266,2023-11-07,2024-01-08,C01131,PK10,AG11,1,0,1075,0.05,Completed,Bank Transfer
BK-2023-03267,2023-11-07,2024-02-28,C01592,PK14,AG10,5,0,4305,0.0,Completed,M-Pesa
BK-2023-03268,2023-11-07,2023-12-21,C01641,PK08,,5,0,1355,0.0,Completed,Bank Transfer
BK-2023-03269,2023-11-07,2024-01-28,C01802,PK13,AG05,4,0,7485,0.1,Completed,Bank Transfer
BK-2023-03270,2023-11-07,2023-12-08,C02757,PK09,AG03,2,2,2990,0.05,Completed,Card
BK-2023-03271,2023-11-07,2023-12-06,C03150,PK14,,2,0,4715,0.0,Completed,PayPal
BK-2023-03272,2023-11-07,2023-11-13,C03269,PK09,AG02,1,0,2600,0.0,Completed,Card
BK-2023-03273,2023-11-07,2023-12-11,C04026,PK01,AG09,2,0,485,0.0,Completed,Card
BK-2023-03274,2023-11-07,2024-03-23,C05998,PK17,AG03,2,0,10290,0.0,Completed,PayPal
BK-2023-03275,2023-11-07,2023-12-27,C06304,PK06,AG03,6,0,1440,0.1,Completed ,PayPal
BK-2023-03276,2023-11-08,2024-01-10,C00009,PK04,,2,3,605,0.0,Completed,Card
BK-2023-03277,2023-11-08,2024-02-19,C00096,PK17,AG06,2,0,10290,0.05,Completed,Bank Transfer
BK-2023-03278,2023-11-08,2023-12-25,C00159,PK10,,4,0,1025,0.0,Completed,Bank Transfer
BK-2023-03279,2023-11-08,2023-11-17,C00403,PK01,AG11,1,0,420,0.05,Completed,PayPal
BK-2023-03280,2023-11-08,2023-12-02,C01893,PK02,AG04,2,0,435,0.05,Completed,Bank Transfer
BK-2023-03281,2023-11-08,2023-11-28,C02186,PK05,,6,0,780,0.05,Completed,Card
BK-2023-03282,2023-11-08,2023-12-19,C02205,PK05,,1,0,895,0.0,Completed,Card
BK-2023-03283,2023-11-08,2023-12-12,C03450,PK12,AG03,2,0,5520,0.0,cancelled,Card
BK-2023-03284,2023-11-09,2024-03-18,C00138,PK12,AG01,2,0,5040,0.0,Completed,M-Pesa
BK-2023-03285,2023-11-09,2024-02-12,C00173,PK05,AG04,2,0,820,0.0,Completed,M-Pesa
BK-2023-03286,2023-11-09,2023-12-19,C00340,PK12,,8,0,5520,0.1,Completed,Card
BK-2023-03287,2023-11-09,2023-11-16,C01138,PK04,AG09,2,0,500,0.0,Completed,Bank Transfer
BK-2023-03288,2023-11-09,2023-12-16,C02353,PK07,AG02,2,0,2700,0.0,COMPLETED,PayPal
BK-2023-03289,2023-11-09,2024-03-08,C02444,PK14,,5,0,4305,0.1,Completed,PayPal
BK-2023-03290,2023-11-09,2023-11-27,C05609,PK02,AG04,2,0,380,0.1,Completed,PayPal
BK-2023-03291,2023-11-09,2024-03-28,C05807,PK13,AG04,2,0,6510,0.0,Completed,Card
BK-2023-03292,2023-11-09,2024-01-02,C06053,PK15,AG03,2,0,4710,,Completed,PayPal
BK-2023-03293,2023-11-10,2024-02-19,C00155,PK07,AG02,2,2,2470,0.05,Completed,M-Pesa
BK-2023-03294,2023-11-10,2023-12-11,C00396,PK03,AG09,2,0,620,0.1,Cancelled,PayPal
BK-2023-03295,2023-11-10,2023-12-13,C01598,PK01,,2,2,485,0.1,Completed,Card
BK-2023-03296,2023-11-10,2023-12-28,C01956,PK11,AG01,9,0,4485,0.1,Completed,Bank Transfer
BK-2023-03297,2023-11-10,2023-11-27,C02593,PK01,AG07,2,0,420,0.1,Completed,Bank Transfer
BK-2023-03298,2023-11-10,2023-12-20,C02670,PK01,AG11,10,0,485,0.0,Completed,Card
BK-2023-03299,2023-11-10,2023-12-29,C03115,PK05,AG11,2,0,895,0.0,Completed,PayPal
BK-2023-03300,2023-11-10,2024-10-28,C03168,PK12,AG09,2,0,5795,0.0,Completed,M-Pesa
BK-2023-03301,2023-11-10,2023-12-09,C03211,PK04,AG04,1,0,575,0.0,Cancelled,Card
BK-2023-03302,2023-11-10,2023-11-24,C03387,PK04,,1,0,500,,Completed,Card
BK-2023-03303,2023-11-10,2024-01-10,C03532,PK09,AG06,2,0,3140,0.0,Completed,Card
BK-2023-03304,2023-11-10,2023-11-25,C03565,PK03,,2,0,540,0.0,Completed,Card
BK-2023-03305,2023-11-10,2023-12-13,C03682,PK01,AG04,7,0,485,0.1,Completed,Card
BK-2023-03306,2023-11-10,2024-01-19,C03879,PK03,AG04,2,0,650,0.0,Completed,M-Pesa
BK-2023-03307,2023-11-10,2023-12-28,C04475,PK15,AG04,2,0,4485,0.0,Completed,M-Pesa
BK-2023-03308,2023-11-10,2023-12-28,C04556,PK02,AG08,2,0,435,0.05,Completed,Card
BK-2023-03309,2023-11-10,2023-12-05,C04918,PK02,AG12,9,0,435,,Completed,Bank Transfer
BK-2023-03310,2023-11-10,2024-02-05,C05693,PK07,AG02,1,0,2470,0.05,COMPLETED,PayPal
BK-2023-03311,2023-11-10,2024-02-21,C05869,PK12,AG04,6,0,5040,0.1,Completed,Card
BK-2023-03312,2023-11-10,2023-12-11,C06061,PK06,AG13,12,0,1440,0.1,Completed,Card
BK-2023-03313,2023-11-10,2023-11-29,C06389,PK01,AG09,2,3,420,0.0,Completed,Card
BK-2023-03314,2023-11-11,2024-01-01,C00750,PK01,AG06,4,0,505,0.1,Completed,PayPal
BK-2023-03315,2023-11-11,2024-02-12,C00834,PK13,,2,2,6510,0.0,completed,PayPal
BK-2023-03316,2023-11-11,2024-02-08,C01984,PK07,AG01,2,0,2470,0.0,Completed,M-Pesa
BK-2023-03317,2023-11-11,2023-11-17,C02133,PK06,AG04,1,0,1250,0.0,Completed,PayPal
BK-2023-03318,2023-11-11,2023-12-01,C02266,PK07,AG01,4,0,2700,0.1,Cancelled,M-Pesa
BK-2023-03319,2023-11-11,2024-02-17,C02771,PK01,AG04,7,0,440,0.1,Completed,Bank Transfer
BK-2023-03320,2023-11-11,2023-11-21,C03021,PK03,,2,0,540,0.1,Completed,M-Pesa
BK-2023-03321,2023-11-11,2024-07-14,C03418,PK09,AG02,7,0,3140,0.1,Completed,Bank Transfer
BK-2023-03322,2023-11-11,2024-01-13,C04304,PK04,AG05,2,1,605,0.0,Completed,M-Pesa
BK-2023-03323,2023-11-11,2023-12-15,C05279,PK05,AG13,11,0,895,0.05,Completed,Bank Transfer
BK-2023-03324,2023-11-11,2024-02-13,C05709,PK07,AG12,5,0,2470,0.1,Completed,Card
BK-2023-03325,2023-11-11,2024-03-15,C06008,PK07,AG07,2,0,2470,0.0,Completed,Bank Transfer
BK-2023-03326,2023-11-11,2024-03-20,C06085,PK17,AG07,7,0,10290,0.15,Completed,Bank Transfer
BK-2023-03327,2023-11-12,2023-11-26,C00085,PK05,AG03,2,0,780,0.05,Completed,PayPal
BK-2023-03328,2023-11-12,2024-03-09,C00245,PK09,AG04,2,2,2730,0.0,Cancelled,Card
BK-2023-03329,2023-11-12,2023-12-07,C02407,PK07,,1,0,2700,0.0,Completed,Bank Transfer
BK-2023-03330,2023-11-12,2023-12-07,C02778,PK03,AG10,2,1,620,0.0,Completed,Bank Transfer
BK-2023-03331,2023-11-12,2023-12-08,C03750,PK03,,5,0,620,0.0,Completed,PayPal
BK-2023-03332,2023-11-12,2024-01-03,C03948,PK10,AG08,1,0,1075,0.0,Completed,Card
BK-2023-03333,2023-11-12,2023-12-22,C04694,PK02,AG01,2,2,435,0.1,Completed,Card
BK-2023-03334,2023-11-12,2024-02-02,C05761,PK15,,4,0,4095,0.05,Completed,Card
BK-2023-03335,2023-11-13,2024-02-24,C00091,PK06,AG02,5,0,1310,0.0,Completed,PayPal
BK-2023-03336,2023-11-13,2024-03-20,C00949,PK14,AG10,2,0,4305,0.15,Completed,M-Pesa
BK-2023-03337,2023-11-13,2024-03-09,C01078,PK06,AG01,11,0,1310,0.1,Completed,M-Pesa
BK-2023-03338,2023-11-13,2023-12-29,C01289,PK09,AG06,6,0,2990,0.1,Completed,PayPal
BK-2023-03339,2023-11-13,2023-12-24,C01855,PK15,AG04,2,1,4485,0.0,Completed,Bank Transfer
BK-2023-03340,2023-11-13,2024-07-09,C01952,PK12,,2,3,5795,0.05,Completed,Card
BK-2023-03341,2023-11-13,2023-12-11,C03620,PK04,,2,2,575,0.05,completed,PayPal
BK-2023-03342,2023-11-13,2024-02-27,C05881,PK15,,5,0,4095,0.0,Completed,Card
BK-2023-03343,2023-11-14,2024-01-18,C00385,PK09,AG01,2,2,3140,0.0,Cancelled,Bank Transfer
BK-2023-03344,2023-11-14,2023-12-19,C00669,PK06,AG04,2,0,1440,0.0,Completed,PayPal
BK-2023-03345,2023-11-14,2023-12-27,C01776,PK15,AG04,7,0,4485,0.1,Completed,Bank Transfer
BK-2023-03346,2023-11-14,2024-01-12,C03475,PK11,AG02,2,0,4710,0.0,Completed,Bank Transfer
BK-2023-03347,2023-11-14,2024-02-06,C04318,PK09,AG02,2,0,2730,0.0,Completed,Bank Transfer
BK-2023-03348,2023-11-14,2024-04-05,C04866,PK11,,2,0,4095,0.0,Completed,Bank Transfer
BK-2023-03349,2023-11-14,2023-12-13,C05405,PK07,AG02,9,0,2700,0.1,Completed,PayPal
BK-2023-03350,2023-11-14,2024-01-28,C06233,PK11,,2,0,4710,0.0,Completed ,Card
BK-2023-03351,2023-11-15,2024-04-05,C00280,PK14,AG07,2,0,4305,0.05,Completed,Card
BK-2023-03352,2023-11-15,2024-01-12,C01641,PK09,AG08,6,0,3140,0.1,Completed,PayPal
BK-2023-03353,2023-11-15,2023-12-18,C03936,PK01,AG11,8,0,485,0.1,Completed,Card
BK-2023-03354,2023-11-15,2024-02-22,C04445,PK17,,1,0,10290,0.0,Completed,PayPal
BK-2023-03355,2023-11-15,2024-01-01,C04538,PK02,AG01,2,2,460,0.1,Completed,PayPal
BK-2023-03356,2023-11-15,2024-03-13,C04741,PK15,,2,0,4095,0.05,Completed,M-Pesa
BK-2023-03357,2023-11-15,2024-01-06,C04881,PK09,AG11,5,0,3140,0.05,Completed,Bank Transfer
BK-2023-03358,2023-11-15,2024-03-07,C05006,PK06,,2,0,1310,0.05,Completed,PayPal
BK-2023-03359,2023-11-15,2024-01-15,C05976,PK06,AG05,2,0,1510,0.0,Completed,PayPal
BK-2023-03360,2023-11-16,2024-01-23,C00598,PK04,,1,0,605,0.0,Completed,Bank Transfer
BK-2023-03361,2023-11-16,2023-12-02,C04730,PK02,AG02,1,0,435,0.0,Cancelled,Card
BK-2023-03362,2023-11-16,2024-07-14,C04829,PK12,AG03,2,1,5795,0.0,Completed ,PayPal
BK-2023-03363,2023-11-16,2024-01-03,C05067,PK05,AG01,2,0,940,0.05,Completed,Card
BK-2023-03364,2023-11-16,2023-12-28,C06441,PK01,AG02,1,0,485,0.0,Completed,Card
BK-2023-03365,2023-11-17,2023-12-29,C01008,PK07,,2,0,2700,0.05,Completed,Bank Transfer
BK-2023-03366,2023-11-17,2023-12-05,C01161,PK10,AG07,2,0,1025,0.0,Completed,Bank Transfer
BK-2023-03367,2023-11-17,2024-08-15,C01435,PK09,AG08,2,1,3140,0.0,Cancelled ,Bank Transfer
BK-2023-03368,2023-11-17,2024-01-15,C01868,PK07,AG01,4,0,2840,0.0,Completed,Bank Transfer
BK-2023-03369,2023-11-17,2024-02-09,C01915,PK06,,2,0,1310,0.15,Completed,M-Pesa
BK-2023-03370,2023-11-17,2025-04-22,C02020,PK12,,6,0,5280,0.15,Completed,PayPal
BK-2023-03371,2023-11-17,2023-12-19,C02209,PK02,AG06,2,0,435,0.0,completed,Card
BK-2023-03372,2023-11-17,2023-12-22,C02392,PK03,,1,0,620,0.0,Completed,M-Pesa
BK-2023-03373,2023-11-17,2023-12-01,C02464,PK03,AG02,2,1,620,0.15,Completed,Bank Transfer
BK-2023-03374,2023-11-17,2024-07-05,C02708,PK17,AG04,2,1,11835,0.0,Completed,Bank Transfer
BK-2023-03375,2023-11-17,2023-12-05,C02825,PK02,,2,0,435,0.0,Completed,Card
BK-2023-03376,2023-11-17,2024-01-05,C03553,PK01,,1,0,505,0.0,Completed,M-Pesa
BK-2023-03377,2023-11-17,2024-01-10,C05226,PK01,AG10,2,0,505,0.0,Completed,Card
BK-2023-03378,2023-11-17,2024-01-06,C05300,PK15,AG02,2,0,4710,0.15,Completed,M-Pesa
BK-2023-03379,2023-11-17,2024-02-04,C05368,PK12,AG11,2,0,5040,0.05,Completed,M-Pesa
BK-2023-03380,2023-11-17,2024-03-20,C05895,PK10,AG04,1,0,935,0.0,Completed,Card
BK-2023-03381,2023-11-18,2023-12-14,C00079,PK02,AG10,2,0,435,0.0,Completed,Bank Transfer
BK-2023-03382,2023-11-18,2023-12-07,C01164,PK03,,7,0,620,0.1,Completed,Bank Transfer
BK-2023-03383,2023-11-18,2023-12-11,C01354,PK10,AG03,2,1,1025,0.0,Completed,M-Pesa
BK-2023-03384,2023-11-18,2024-01-23,C02113,PK02,,2,0,460,0.0,Completed,PayPal
BK-2023-03385,2023-11-18,2023-11-27,C03028,PK07,AG07,2,0,2350,0.05,completed,PayPal
BK-2023-03386,2023-11-18,2023-12-19,C03145,PK09,AG03,2,0,2990,,Completed,Bank Transfer
BK-2023-03387,2023-11-18,2023-11-29,C03432,PK02,AG02,2,3,380,0.15,Completed,Bank Transfer
BK-2023-03388,2023-11-18,2024-01-17,C03490,PK04,AG11,2,0,605,0.0,Completed,Bank Transfer
BK-2023-03389,2023-11-18,2023-12-21,C03490,PK02,AG04,2,0,435,0.0,Completed,Bank Transfer
BK-2023-03390,2023-11-18,2024-01-14,C04076,PK10,,2,0,1075,0.05,Completed,Card
BK-2023-03391,2023-11-18,2024-02-28,C04088,PK16,AG11,1,0,4830,,Completed,PayPal
BK-2023-03392,2023-11-18,2024-01-18,C04122,PK07,,1,0,2840,0.05,Completed,M-Pesa
BK-2023-03393,2023-11-18,2023-12-15,C04362,PK04,,6,0,575,0.0,Completed,Card
BK-2023-03394,2023-11-18,2024-02-19,C04442,PK11,AG09,8,0,4095,0.1,Completed,Card
BK-2023-03395,2023-11-18,2023-12-26,C05293,PK06,AG03,2,0,1440,0.1,Completed,Card
BK-2023-03396,2023-11-18,2024-01-17,C05668,PK10,AG03,2,0,1075,0.0,Completed,Card
BK-2023-03397,2023-11-18,2024-01-10,C05769,PK01,AG01,2,0,505,0.0,Completed,Card
BK-2023-03398,2023-11-19,2023-12-05,C00755,PK07,AG02,8,0,2700,0.15,Completed,Card
BK-2023-03399,2023-11-19,2024-02-03,C02189,PK10,AG07,1,0,935,0.0,Completed,PayPal
BK-2023-03400,2023-11-19,2023-12-07,C02517,PK06,AG02,2,2,1440,,Completed,Card
BK-2023-03401,2023-11-19,2023-12-10,C03142,PK03,,5,0,620,0.1,Completed,Card
BK-2023-03402,2023-11-19,2024-02-11,C05167,PK07,AG04,2,0,2470,0.0,Completed,M-Pesa
BK-2023-03403,2023-11-19,2024-01-06,C05248,PK04,AG02,6,0,605,0.1,Completed,Card
BK-2023-03404,2023-11-19,2024-01-19,C05393,PK08,,2,0,1425,0.0,Completed,Bank Transfer
BK-2023-03405,2023-11-19,2024-01-20,C05814,PK10,AG03,1,0,1075,0.0,Completed,Bank Transfer
BK-2023-03406,2023-11-19,2023-12-10,C05889,PK02,AG04,2,2,435,0.05,Completed,Bank Transfer
BK-2023-03407,2023-11-19,2023-12-20,C06139,PK09,,5,0,2990,0.05,Cancelled,Card
BK-2023-03408,2023-11-19,2023-12-24,C06335,PK06,AG04,2,0,1440,0.0,Completed,Card
BK-2023-03409,2023-11-20,2024-02-06,C00169,PK15,AG05,1,0,4095,0.0,Completed,Bank Transfer
BK-2023-03410,2023-11-20,2024-01-16,C00264,PK07,AG10,2,0,2840,0.1,Cancelled,Bank Transfer
BK-2023-03411,2023-11-20,2023-12-31,C01205,PK07,AG08,2,2,2700,0.0,Completed,M-Pesa
BK-2023-03412,2023-11-20,2023-12-11,C02288,PK04,AG12,4,0,575,0.1,Completed,Card
BK-2023-03413,2023-11-20,2023-12-04,C03484,PK08,AG06,1,0,1355,0.0,Completed,Card
BK-2023-03414,2023-11-20,2024-01-26,C03527,PK15,AG07,2,2,4710,0.05,Completed,Card
BK-2023-03415,2023-11-20,2024-02-21,C04466,PK06,AG11,5,0,1310,0.0,Completed,Bank Transfer
BK-2023-03416,2023-11-20,2024-02-06,C04751,PK07,AG11,2,1,2470,0.0,Completed,Card
BK-2023-03417,2023-11-20,2024-02-25,C05058,PK08,AG04,5,0,1240,0.0,Completed,Bank Transfer
BK-2023-03418,2023-11-20,2024-02-02,C05517,PK09,AG01,2,0,2730,0.0,Completed,PayPal
BK-2023-03419,2023-11-21,2024-03-12,C00777,PK10,AG03,2,0,935,0.05,Completed,Card
BK-2023-03420,2023-11-21,2023-12-18,C01847,PK13,AG05,2,3,7130,0.05,Completed,Card
BK-2023-03421,2023-11-21,2023-12-06,C01974,PK05,AG09,5,0,895,0.1,Completed,PayPal
BK-2023-03422,2023-11-21,2024-01-18,C02258,PK03,AG11,2,0,650,,Completed,Card
BK-2023-03423,2023-11-21,2024-07-23,C02541,PK12,AG02,9,0,5795,0.1,Completed,PayPal
BK-2023-03424,2023-11-21,2024-08-08,C03111,PK16,,2,1,5555,0.15,Completed,PayPal
BK-2023-03425,2023-11-21,2023-12-14,C03751,PK01,AG08,1,0,485,0.0,Completed ,Card
BK-2023-03426,2023-11-21,2024-01-27,C03774,PK06,AG04,2,2,1510,0.1,Completed,Bank Transfer
BK-2023-03427,2023-11-21,2023-12-23,C04657,PK06,AG13,8,0,1440,0.1,completed,Bank Transfer
BK-2023-03428,2023-11-21,2023-12-15,C05116,PK02,,2,0,435,0.0,Completed,Card
BK-2023-03429,2023-11-21,2023-12-11,C05283,PK07,AG11,2,0,2700,0.05,Completed,Bank Transfer
BK-2023-03430,2023-11-21,2024-02-04,C05290,PK16,AG02,2,1,4830,0.0,Completed,M-Pesa
BK-2023-03431,2023-11-21,2023-12-28,C05624,PK04,,4,0,575,0.1,Completed,Card
BK-2023-03432,2023-11-21,2024-02-12,C05638,PK02,AG02,2,0,400,0.0,Completed,Card
BK-2023-03433,2023-11-21,2024-01-10,C06182,PK02,AG01,1,0,460,0.0,Completed,Card
BK-2023-03434,2023-11-21,2024-01-01,C06290,PK06,,9,0,1510,0.05,completed,Card
BK-2023-03435,2023-11-21,2024-06-14,C06494,PK17,,2,0,10290,0.05,Completed,Card
BK-2023-03436,2023-11-22,2023-12-16,C00004,PK05,AG03,1,0,895,0.0,Completed,Card
BK-2023-03437,2023-11-22,2024-09-11,C00062,PK13,,6,0,7485,0.1,Completed,PayPal
BK-2023-03438,2023-11-22,2023-12-24,C01730,PK08,AG10,2,3,1355,0.0,Completed,Card
BK-2023-03439,2023-11-22,2024-02-01,C01842,PK13,AG06,2,0,6510,0.1,Completed,Card
BK-2023-03440,2023-11-22,2024-05-24,C01908,PK13,AG13,10,0,6510,0.0,Completed,Bank Transfer
BK-2023-03441,2023-11-22,2024-01-03,C02090,PK01,,2,0,505,0.0,Completed,Card
BK-2023-03442,2023-11-22,2024-03-18,C02410,PK15,AG07,2,0,4095,0.0,Completed,Bank Transfer
BK-2023-03443,2023-11-22,2023-12-12,C02581,PK02,AG02,9,0,435,0.0,Completed,M-Pesa
BK-2023-03444,2023-11-22,2024-03-15,C02655,PK10,AG04,2,3,935,0.05,Canceled,Bank Transfer
BK-2023-03445,2023-11-22,2024-02-04,C02935,PK01,AG06,2,3,440,0.05,Completed,Card
BK-2023-03446,2023-11-22,2024-09-22,C03299,PK14,AG01,9,0,4950,0.0,Completed,PayPal
BK-2023-03447,2023-11-22,2024-01-05,C03365,PK05,,2,3,940,0.0,Completed,Card
BK-2023-03448,2023-11-22,2023-12-01,C04286,PK02,AG11,2,0,435,0.05,Completed,Card
BK-2023-03449,2023-11-22,2023-11-30,C04693,PK06,AG06,2,0,1250,0.05,Completed,Card
BK-2023-03450,2023-11-22,2023-12-19,C05572,PK06,AG04,9,0,1440,0.05,Completed ,Card
BK-2023-03451,2023-11-22,2023-12-23,C05584,PK01,AG03,2,0,485,0.0,COMPLETED,Card
BK-2023-03452,2023-11-22,2023-12-17,C06124,PK05,AG07,2,1,895,0.1,Completed,Bank Transfer
BK-2023-03453,2023-11-22,2024-01-21,C06437,PK01,,2,1,505,0.05,Completed,Card
BK-2023-03454,2023-11-23,2023-12-13,C00362,PK02,AG05,2,0,435,0.0,completed,Card
BK-2023-03455,2023-11-23,2023-12-15,C00447,PK02,AG02,2,1,435,0.1,Completed,Card
BK-2023-03456,2023-11-23,2024-02-15,C00635,PK09,AG03,2,0,2730,0.0,Completed,Card
BK-2023-03457,2023-11-23,2024-01-19,C01127,PK01,AG11,11,0,505,0.05,COMPLETED,PayPal
BK-2023-03458,2023-11-23,2024-02-21,C02539,PK02,AG07,2,0,400,0.0,Completed,Card
BK-2023-03459,2023-11-23,2024-01-07,C03050,PK11,AG02,2,3,4710,0.05,Completed,Bank Transfer
BK-2023-03460,2023-11-23,2024-04-28,C03505,PK12,AG11,2,0,5040,0.05,Completed,Bank Transfer
BK-2023-03461,2023-11-23,2024-07-06,C05072,PK13,AG05,8,0,7485,0.0,Completed,Card
BK-2023-03462,2023-11-23,2024-07-22,C05256,PK14,AG03,6,0,4950,0.05,COMPLETED,PayPal
BK-2023-03463,2023-11-23,2024-01-06,C06116,PK01,AG04,2,0,505,0.0,Completed,Card
BK-2023-03464,2023-11-24,2023-12-17,C00542,PK13,AG04,2,0,7130,0.0,Completed,Card
BK-2023-03465,2023-11-24,2023-12-17,C00622,PK10,AG01,1,0,1025,,COMPLETED,Card
BK-2023-03466,2023-11-24,2024-03-05,C02963,PK12,AG03,2,1,5040,0.0,Completed,Card
BK-2023-03467,2023-11-24,2023-12-16,C03864,PK06,AG05,2,1,1440,0.0,Completed,M-Pesa
BK-2023-03468,2023-11-24,2024-01-18,C04340,PK03,AG12,7,0,650,0.05,Completed,Bank Transfer
BK-2023-03469,2023-11-25,2023-12-29,C01056,PK04,AG08,2,0,575,0.05,Completed,Card
BK-2023-03470,2023-11-25,2023-12-07,C01592,PK15,AG07,9,0,4485,0.1,Completed,Bank Transfer
BK-2023-03471,2023-11-25,2023-12-20,C01801,PK03,AG03,2,1,620,0.0,Completed,Bank Transfer
BK-2023-03472,2023-11-25,2023-12-11,C02389,PK05,AG03,2,0,895,0.0,Completed,Card
BK-2023-03473,2023-11-25,2024-01-19,C02976,PK06,,7,0,1510,,Completed,PayPal
BK-2023-03474,2023-11-25,2024-01-14,C03022,PK10,AG08,2,2,1075,0.0,Completed,M-Pesa
BK-2023-03475,2023-11-25,2024-01-12,C04351,PK01,AG13,4,0,505,0.0,Completed ,Bank Transfer
BK-2023-03476,2023-11-25,2024-02-03,C04812,PK06,AG01,2,3,1310,0.0,Completed,Card
BK-2023-03477,2023-11-25,2024-02-11,C05028,PK09,AG09,4,0,2730,0.0,Completed,Bank Transfer
BK-2023-03478,2023-11-25,2024-01-12,C05582,PK09,AG02,9,0,3140,0.05,Completed,Card
BK-2023-03479,2023-11-25,2024-01-15,C05794,PK11,AG01,1,0,4710,0.0,Completed,Card
BK-2023-03480,2023-11-25,2024-02-06,C06114,PK12,AG09,2,0,5040,0.0,Completed,Bank Transfer
BK-2023-03481,2023-11-25,2024-02-22,C06215,PK01,AG03,2,0,440,0.0,Completed,Card
BK-2023-03482,2023-11-26,2024-03-02,C01983,PK07,,1,0,2470,0.0,Completed,Bank Transfer
BK-2023-03483,2023-11-26,2024-05-13,C02085,PK15,AG03,2,0,4095,0.0,Completed,Bank Transfer
BK-2023-03484,2023-11-26,2024-02-21,C02684,PK05,AG04,2,3,820,0.0,Completed,Bank Transfer
BK-2023-03485,2023-11-26,2023-12-24,C02798,PK02,,1,0,435,0.0,Completed,PayPal
BK-2023-03486,2023-11-26,2024-03-13,C02884,PK14,AG06,5,0,4305,0.0,Completed,Card
BK-2023-03487,2023-11-26,2024-02-23,C03335,PK07,AG10,1,0,2470,,Completed,M-Pesa
BK-2023-03488,2023-11-26,2023-12-06,C03675,PK06,AG07,2,0,1440,0.1,Completed,Bank Transfer
BK-2023-03489,2023-11-26,2024-01-08,C04969,PK02,AG04,2,0,460,0.0,Completed,Bank Transfer
BK-2023-03490,2023-11-26,2024-03-04,C05304,PK12,,2,3,5040,0.0,Completed,Card
BK-2023-03491,2023-11-26,2023-12-27,C05692,PK03,AG13,4,0,620,0.0,Completed,Card
BK-2023-03492,2023-11-26,2024-01-18,C05858,PK06,AG09,2,0,1510,0.0,Canceled,PayPal
BK-2023-03493,2023-11-27,2023-12-24,C00429,PK01,AG04,2,2,485,0.05,Completed,Bank Transfer
BK-2023-03494,2023-11-27,2023-12-25,C00563,PK09,AG01,9,0,2990,0.1,Completed,Card
BK-2023-03495,2023-11-27,2023-12-29,C01680,PK05,AG04,2,0,895,0.0,Completed,Card
BK-2023-03496,2023-11-27,2024-01-10,C02030,PK12,AG09,2,0,5795,0.0,Completed,Card
BK-2023-03497,2023-11-27,2023-12-13,C03822,PK02,AG01,2,1,435,0.0,Completed,Card
BK-2023-03498,2023-11-27,2023-12-29,C04238,PK03,,2,1,620,0.0,completed,Bank Transfer
BK-2023-03499,2023-11-27,2023-12-16,C05581,PK01,AG11,1,0,485,0.0,Completed,PayPal
BK-2023-03500,2023-11-27,2024-06-30,C05605,PK17,AG04,6,0,10290,0.05,Completed,Bank Transfer
BK-2023-03501,2023-11-27,2024-01-27,C05925,PK06,,1,0,1510,0.05,Completed,Card
BK-2023-03502,2023-11-27,2023-12-13,C06269,PK05,,9,0,895,0.0,Completed,Bank Transfer
BK-2023-03503,2023-11-28,2023-12-21,C00489,PK01,,9,0,485,0.1,Completed,Card
BK-2023-03504,2023-11-28,2023-12-08,C02090,PK01,AG04,2,0,485,0.0,Completed,Bank Transfer
BK-2023-03505,2023-11-28,2024-01-18,C02095,PK02,,2,0,460,0.1,Completed,PayPal
BK-2023-03506,2023-11-28,2023-12-12,C03109,PK03,AG06,2,0,620,0.0,Completed,Card
BK-2023-03507,2023-11-28,2024-01-28,C03525,PK06,AG01,2,2,1510,0.0,Completed,M-Pesa
BK-2023-03508,2023-11-28,2024-01-11,C03996,PK11,AG04,1,0,4710,0.0,Completed,Bank Transfer
BK-2023-03509,2023-11-28,2024-01-17,C05054,PK08,AG01,2,1,1425,0.1,Completed,Bank Transfer
BK-2023-03510,2023-11-28,2023-12-01,C05198,PK05,AG05,2,0,895,0.0,Completed,PayPal
BK-2023-03511,2023-11-28,2024-03-10,C05789,PK15,AG06,1,0,4095,0.05,Completed,PayPal
BK-2023-03512,2023-11-28,2023-12-22,C06252,PK06,,2,0,1440,0.05,Completed,Bank Transfer
BK-2023-03513,2023-11-28,2023-12-24,C06468,PK03,AG06,7,0,620,0.1,Completed,Card
BK-2023-03514,2023-11-29,2024-07-27,C00003,PK13,AG02,2,0,7485,0.15,Cancelled,Card
BK-2023-03515,2023-11-29,2024-01-15,C00747,PK08,AG09,1,0,1425,0.0,Completed,PayPal
BK-2023-03516,2023-11-29,2024-03-29,C00797,PK09,,8,0,2730,0.05,Completed,Card
BK-2023-03517,2023-11-29,2024-01-02,C01156,PK16,AG13,3,0,5555,0.0,Completed,Bank Transfer
BK-2023-03518,2023-11-29,2024-01-22,C01686,PK01,AG11,2,1,505,,Completed,Card
BK-2023-03519,2023-11-29,2024-06-22,C01719,PK14,AG04,2,0,4305,0.05,Completed,Bank Transfer
BK-2023-03520,2023-11-29,2024-04-14,C01913,PK15,AG10,2,0,4095,0.0,Completed,Card
BK-2023-03521,2023-11-29,2023-12-13,C02507,PK03,AG10,12,0,620,0.1,Completed,M-Pesa
BK-2023-03522,2023-11-29,2023-12-15,C03114,PK11,AG01,2,0,4485,0.0,Completed,Card
BK-2023-03523,2023-11-29,2024-01-15,C04549,PK12,AG02,2,1,5795,0.0,Completed,Bank Transfer
BK-2023-03524,2023-11-29,2024-05-07,C05114,PK07,AG05,2,0,2470,0.0,Completed,Card
BK-2023-03525,2023-11-29,2023-12-18,C05158,PK06,AG03,2,0,1440,0.0,Completed,PayPal
BK-2023-03526,2023-11-29,2023-12-21,C05818,PK08,AG06,2,0,1355,0.0,Completed,Card
BK-2023-03527,2023-11-30,2024-01-10,C00411,PK07,AG12,6,0,2840,0.0,Completed,Card
BK-2023-03528,2023-11-30,2023-12-16,C00916,PK02,,7,0,435,0.15,Completed,PayPal
BK-2023-03529,2023-11-30,2024-08-17,C02201,PK12,AG07,2,0,5795,0.0,Completed,Card
BK-2023-03530,2023-11-30,2023-12-12,C02311,PK02,,1,0,435,0.05,Completed,Card
BK-2023-03531,2023-11-30,2024-01-18,C02881,PK06,AG09,2,0,1510,0.0,Completed,Card
BK-2023-03532,2023-11-30,2024-03-18,C02914,PK11,AG04,2,0,4095,0.0,Completed,Bank Transfer
BK-2023-03533,2023-11-30,2023-12-12,C03552,PK06,AG11,2,0,1440,0.0,Completed,Bank Transfer
BK-2023-03534,2023-11-30,2023-12-12,C04088,PK01,AG11,1,0,485,0.0,Completed,Card
BK-2023-03535,2023-11-30,2024-03-10,C04265,PK14,AG10,2,2,4305,0.0,Completed,Card
BK-2023-03536,2023-11-30,2023-12-16,C04792,PK06,,1,0,1440,0.1,Cancelled,Bank Transfer
BK-2023-03537,2023-11-30,2024-01-16,C05599,PK01,AG04,2,0,505,0.0,Completed,Card
BK-2023-03538,2023-11-30,2023-12-29,C06092,PK10,,8,0,1025,0.0,Completed ,Bank Transfer
BK-2023-03539,2023-11-30,2024-04-08,C06209,PK16,AG13,7,0,4830,0.1,Completed,Card
BK-2023-03540,2023-11-30,2024-01-11,C06320,PK01,AG03,2,1,505,0.05,Canceled,Card
BK-2023-03541,2023-12-01,2023-12-15,C00056,PK05,AG03,6,0,895,0.05,Completed,Bank Transfer
BK-2023-03542,2023-12-01,2023-12-10,C00392,PK11,AG04,6,0,4485,0.15,Completed,Card
BK-2023-03543,2023-12-01,2024-01-04,C00454,PK08,AG05,2,0,1425,0.0,Completed,PayPal
BK-2023-03544,2023-12-01,2024-01-21,C00691,PK06,AG10,2,0,1510,0.0,Completed,PayPal
BK-2023-03545,2023-12-01,2024-01-25,C01171,PK13,AG02,2,0,7485,0.1,Canceled,Card
BK-2023-03546,2023-12-01,2023-12-22,C01401,PK06,AG05,2,2,1440,0.0,Completed,Bank Transfer
BK-2023-03547,2023-12-01,2024-02-18,C04593,PK02,AG08,9,0,400,0.1,Completed,Card
BK-2023-03548,2023-12-01,2024-03-20,C05200,PK16,,9,0,4830,0.1,Completed,Bank Transfer
BK-2023-03549,2023-12-01,2024-02-14,C05774,PK08,,2,0,1240,0.0,Completed,Card
BK-2023-03550,2023-12-02,2024-02-26,C00590,PK13,AG06,2,0,6510,0.05,Completed ,Bank Transfer
BK-2023-03551,2023-12-02,2024-01-09,C00954,PK04,AG03,2,0,605,,Completed,Bank Transfer
BK-2023-03552,2023-12-02,2023-12-05,C01427,PK06,AG12,12,0,1440,0.15,Completed,Card
BK-2023-03553,2023-12-02,2024-01-23,C01751,PK06,AG03,2,2,1510,0.0,Completed,Card
BK-2023-03554,2023-12-02,2024-01-08,C01796,PK02,,2,0,460,0.0,Completed,PayPal
BK-2023-03555,2023-12-02,2023-12-29,C02022,PK10,,2,0,1025,0.1,Completed,M-Pesa
BK-2023-03556,2023-12-02,2024-02-01,C05123,PK06,AG07,2,0,1310,,Completed,PayPal
BK-2023-03557,2023-12-03,2024-01-07,C00989,PK11,AG03,4,0,4710,0.0,cancelled,Bank Transfer
BK-2023-03558,2023-12-03,2023-12-28,C01369,PK03,,2,3,620,0.0,Completed,Bank Transfer
BK-2023-03559,2023-12-03,2024-01-06,C01795,PK02,AG01,4,0,460,0.1,Completed,Card
BK-2023-03560,2023-12-03,2024-01-15,C02152,PK09,AG07,2,0,3140,0.05,Completed,Bank Transfer
BK-2023-03561,2023-12-03,2023-12-29,C02257,PK07,,2,0,2700,0.0,completed,Card
BK-2023-03562,2023-12-03,2023-12-30,C02347,PK01,AG10,2,0,485,0.05,Completed,M-Pesa
BK-2023-03563,2023-12-03,2023-12-20,C03044,PK05,AG03,2,0,895,0.05,Completed,PayPal
BK-2023-03564,2023-12-03,2024-02-09,C04590,PK08,AG11,2,2,1240,0.0,Completed,M-Pesa
BK-2023-03565,2023-12-03,2024-01-26,C05239,PK05,AG03,2,0,940,0.0,Cancelled,PayPal
BK-2023-03566,2023-12-03,2024-01-23,C05957,PK09,AG11,1,0,3140,0.1,Cancelled,Card
BK-2023-03567,2023-12-04,2023-12-14,C00258,PK04,,2,0,575,0.15,Completed,M-Pesa
BK-2023-03568,2023-12-04,2023-12-21,C00712,PK06,,2,0,1440,0.0,Completed,PayPal
BK-2023-03569,2023-12-04,2024-01-18,C01125,PK09,AG11,1,0,3140,0.0,Completed,Card
BK-2023-03570,2023-12-04,2023-12-29,C01188,PK10,AG05,7,0,1025,0.05,Completed,Card
BK-2023-03571,2023-12-04,2023-12-27,C02169,PK02,,1,0,435,0.0,Completed,PayPal
BK-2023-03572,2023-12-04,2023-12-20,C02510,PK13,AG13,12,0,7130,0.05,Completed,Card
BK-2023-03573,2023-12-04,2024-01-25,C02594,PK07,AG04,2,3,2840,0.15,Completed,Card
BK-2023-03574,2023-12-04,2023-12-23,C02831,PK03,AG03,1,0,620,0.1,Completed,M-Pesa
BK-2023-03575,2023-12-04,2024-08-18,C03051,PK12,AG04,6,0,5795,0.1,Completed,Card
BK-2023-03576,2023-12-04,2024-06-30,C03366,PK12,,2,1,5040,0.0,Completed,Bank Transfer
BK-2023-03577,2023-12-04,2024-02-29,C03998,PK16,AG01,2,1,4830,0.05,Completed,Card
BK-2023-03578,2023-12-04,2024-02-28,C04150,PK06,AG05,2,1,1310,0.0,Completed,Bank Transfer
BK-2023-03579,2023-12-04,2023-12-26,C04371,PK01,AG08,1,0,485,0.1,Completed,Card
BK-2023-03580,2023-12-04,2023-12-07,C05124,PK03,,2,1,620,0.0,Completed,Bank Transfer
BK-2023-03581,2023-12-04,2024-01-07,C06018,PK02,,2,0,460,0.05,Completed,PayPal
BK-2023-03582,2023-12-04,2024-02-22,C06326,PK06,AG06,2,0,1310,0.15,Completed,M-Pesa
BK-2023-03583,2023-12-05,2024-04-10,C01057,PK14,,2,3,4305,0.05,Completed,PayPal
BK-2023-03584,2023-12-05,2023-12-29,C01565,PK03,AG03,2,2,620,0.05,Completed,Card
BK-2023-03585,2023-12-05,2024-05-05,C02115,PK10,AG03,2,1,935,0.0,Completed,M-Pesa
BK-2023-03586,2023-12-05,2024-09-27,C02199,PK16,AG01,2,2,5555,0.0,Completed,Card
BK-2023-03587,2023-12-05,2024-07-09,C03666,PK16,,2,0,5555,0.0,Completed,Bank Transfer
BK-2023-03588,2023-12-05,2024-01-31,C04023,PK02,AG05,2,2,460,0.05,Completed,PayPal
BK-2023-03589,2023-12-05,2024-01-24,C04209,PK06,AG01,1,0,1510,0.1,Completed,M-Pesa
BK-2023-03590,2023-12-05,2023-12-20,C04307,PK08,AG03,2,0,1355,0.05,Completed,Bank Transfer
BK-2023-03591,2023-12-05,2024-01-05,C04528,PK03,AG04,2,0,650,0.0,Completed,Card
BK-2023-03592,2023-12-05,2024-05-22,C04545,PK12,AG03,1,0,5040,0.0,Completed,Bank Transfer
BK-2023-03593,2023-12-05,2024-03-02,C04551,PK06,AG03,1,0,1310,0.1,Completed,Bank Transfer
BK-2023-03594,2023-12-05,2024-02-28,C04923,PK12,AG02,5,0,5040,0.15,Completed,PayPal
BK-2023-03595,2023-12-05,2023-12-22,C05275,PK03,,2,1,620,0.0,Completed,PayPal
BK-2023-03596,2023-12-05,2024-02-24,C05682,PK17,,2,1,10290,0.05,Completed,Bank Transfer
BK-2023-03597,2023-12-05,2024-07-13,C05698,PK15,,7,0,4710,0.1,Completed,M-Pesa
BK-2023-03598,2023-12-06,2024-06-15,C00531,PK12,,1,0,5040,0.1,Completed,Bank Transfer
BK-2023-03599,2023-12-06,2024-01-01,C00694,PK01,,2,0,505,0.1,Completed,M-Pesa
BK-2023-03600,2023-12-06,2023-12-29,C00697,PK03,AG03,2,1,620,0.0,Completed,Card
BK-2023-03601,2023-12-06,2024-01-01,C00952,PK07,AG02,2,3,2840,,Completed,Bank Transfer
BK-2023-03602,2023-12-06,2024-01-23,C02179,PK11,AG05,2,1,4710,0.0,Completed,Card
BK-2023-03603,2023-12-06,2024-01-15,C02493,PK05,AG04,2,1,940,0.05,Completed,Card
BK-2023-03604,2023-12-06,2024-03-15,C03293,PK10,AG10,2,3,935,0.0,Completed,Card
BK-2023-03605,2023-12-06,2024-01-08,C04337,PK02,AG01,2,1,460,0.0,Completed,Card
BK-2023-03606,2023-12-06,2024-02-13,C04562,PK14,AG11,2,0,4305,0.05,Completed,Card
BK-2023-03607,2023-12-06,2024-09-11,C06067,PK16,AG07,2,1,5555,0.0,Completed,Bank Transfer
BK-2023-03608,2023-12-06,2024-07-12,C06313,PK12,AG09,2,1,5795,0.0,Completed,Card
BK-2023-03609,2023-12-07,2024-03-12,C00380,PK08,,2,3,1240,0.05,Completed,Card
BK-2023-03610,2023-12-07,2024-01-15,C00945,PK07,,4,0,2840,0.0,Completed,M-Pesa
BK-2023-03611,2023-12-07,2024-01-10,C00989,PK02,AG11,6,0,460,0.15,Completed,PayPal
BK-2023-03612,2023-12-07,2024-01-13,C01278,PK02,AG07,1,0,460,0.0,Completed,Card
BK-2023-03613,2023-12-07,2024-08-20,C01444,PK13,AG12,9,0,7485,0.15,Completed,Card
BK-2023-03614,2023-12-07,2023-12-21,C01746,PK03,,1,0,620,0.0,Completed,M-Pesa
BK-2023-03615,2023-12-07,2024-02-02,C02524,PK09,AG06,2,0,2730,0.0,Cancelled,Card
BK-2023-03616,2023-12-07,2024-01-08,C02706,PK13,AG09,2,0,7485,0.05,Completed,Card
BK-2023-03617,2023-12-07,2024-01-06,C03566,PK01,AG13,9,0,505,0.0,Completed,PayPal
BK-2023-03618,2023-12-07,2024-01-11,C04816,PK02,AG05,4,0,460,0.1,Completed,Card
BK-2023-03619,2023-12-07,2024-01-10,C05282,PK17,AG07,2,0,11835,0.0,Completed,PayPal
BK-2023-03620,2023-12-07,2024-02-06,C05868,PK13,AG03,1,0,6510,,Completed,Card
BK-2023-03621,2023-12-07,2024-01-10,C06037,PK03,AG05,2,2,650,,Completed,Card
BK-2023-03622,2023-12-07,2024-01-24,C06208,PK10,,2,2,1075,0.0,Completed,Card
BK-2023-03623,2023-12-07,2024-01-03,C06416,PK02,,2,0,460,0.05,Completed,Card
BK-2023-03624,2023-12-08,2024-01-30,C00114,PK01,,2,0,505,0.0,Completed,Card
BK-2023-03625,2023-12-08,2024-01-10,C00349,PK06,AG03,2,1,1510,0.0,Completed,Card
BK-2023-03626,2023-12-08,2023-12-26,C01324,PK02,AG05,2,0,435,0.0,Completed,Bank Transfer
BK-2023-03627,2023-12-08,2024-01-02,C01460,PK04,,1,0,605,0.05,Completed,Bank Transfer
BK-2023-03628,2023-12-08,2024-01-03,C02436,PK01,AG09,2,0,505,0.0,Completed,Card
BK-2023-03629,2023-12-08,2024-01-09,C03221,PK10,AG12,12,0,1075,0.0,Completed,Card
BK-2023-03630,2023-12-08,2024-01-10,C04252,PK01,,2,0,505,0.0,Completed,Bank Transfer
BK-2023-03631,2023-12-08,2024-01-31,C05177,PK06,AG02,2,2,1510,0.0,Completed,Bank Transfer
BK-2023-03632,2023-12-08,2023-12-27,C05582,PK01,,7,0,485,0.0,Completed,M-Pesa
BK-2023-03633,2023-12-08,2024-01-21,C06230,PK12,AG01,1,0,5795,0.1,Completed,PayPal
BK-2023-03634,2023-12-08,2024-01-20,C06306,PK03,AG06,7,0,650,0.1,Completed,Bank Transfer
BK-2023-03635,2023-12-08,2024-01-24,C06309,PK09,AG11,2,1,3140,0.1,Completed,Card
BK-2023-03636,2023-12-09,2023-12-29,C00376,PK01,AG01,2,2,485,0.05,Completed,Card
BK-2023-03637,2023-12-09,2024-02-15,C01295,PK08,AG02,2,0,1240,0.0,Completed,Bank Transfer
BK-2023-03638,2023-12-09,2024-06-11,C01454,PK13,AG02,8,0,6510,0.0,Completed,Bank Transfer
BK-2023-03639,2023-12-09,2024-02-01,C01859,PK08,AG04,2,0,1240,0.15,Completed,M-Pesa
BK-2023-03640,2023-12-09,2024-01-06,C02137,PK09,,7,0,3140,0.1,Completed,Card
BK-2023-03641,2023-12-09,2024-04-13,C02331,PK12,AG09,6,0,5040,0.1,completed,Card
BK-2023-03642,2023-12-09,2024-01-11,C02565,PK11,,7,0,4710,0.1,Completed,PayPal
BK-2023-03643,2023-12-09,2024-02-14,C03434,PK15,AG10,2,0,4095,0.0,Completed,Bank Transfer
BK-2023-03644,2023-12-09,2024-08-01,C03830,PK12,AG02,2,0,5795,0.0,Completed,Card
BK-2023-03645,2023-12-09,2024-02-05,C03878,PK09,AG06,2,0,2730,0.1,completed,M-Pesa
BK-2023-03646,2023-12-09,2025-03-22,C03918,PK12,,2,3,5280,0.1,Completed,Card
BK-2023-03647,2023-12-09,2023-12-25,C03922,PK12,AG07,2,0,5520,0.1,Completed,Card
BK-2023-03648,2023-12-09,2024-01-06,C04152,PK03,AG01,2,0,650,0.0,Completed,M-Pesa
BK-2023-03649,2023-12-09,2024-01-15,C04630,PK10,AG11,2,0,1075,0.0,Completed,Bank Transfer
BK-2023-03650,2023-12-10,2023-12-31,C00046,PK08,AG04,1,0,1355,0.0,Completed,Card
BK-2023-03651,2023-12-10,2024-02-06,C00098,PK09,AG10,5,0,2730,0.0,Completed,M-Pesa
BK-2023-03652,2023-12-10,2024-04-21,C01217,PK06,AG10,4,0,1310,0.1,Completed,M-Pesa
BK-2023-03653,2023-12-10,2024-01-25,C01503,PK02,AG03,2,0,460,0.0,Completed,Bank Transfer
BK-2023-03654,2023-12-10,2024-01-31,C01675,PK17,,8,0,11835,0.0,Completed,Bank Transfer
BK-2023-03655,2023-12-10,2023-12-30,C03098,PK03,,1,0,620,0.0,Completed,M-Pesa
BK-2023-03656,2023-12-10,2024-02-01,C03206,PK06,,1,0,1310,0.0,Completed,Card
BK-2023-03657,2023-12-10,2024-02-20,C04475,PK02,AG03,2,0,400,0.05,Cancelled,M-Pesa
BK-2023-03658,2023-12-10,2024-01-11,C05308,PK11,AG07,4,0,4710,0.1,Completed,Bank Transfer
BK-2023-03659,2023-12-10,2024-02-02,C05475,PK01,AG05,2,0,440,0.05,Completed,PayPal
BK-2023-03660,2023-12-10,2024-01-06,C05667,PK05,AG03,8,0,940,0.15,Completed,Card
BK-2023-03661,2023-12-10,2023-12-22,C05824,PK06,AG11,6,0,1440,0.1,Completed,Card
BK-2023-03662,2023-12-10,2024-01-25,C05855,PK09,,2,0,3140,0.0,Completed ,Card
BK-2023-03663,2023-12-10,2024-04-16,C06388,PK17,AG05,2,1,10290,0.0,Completed,Bank Transfer
BK-2023-03664,2023-12-11,2024-02-15,C00511,PK08,AG05,2,0,1240,0.0,Completed,Card
BK-2023-03665,2023-12-11,2023-12-15,C02062,PK02,AG05,4,0,435,0.0,Completed,Card
BK-2023-03666,2023-12-11,2023-12-26,C02811,PK02,AG05,8,0,435,0.0,Completed,Card
BK-2023-03667,2023-12-11,2024-03-11,C03670,PK12,AG03,7,0,5040,0.1,COMPLETED,Bank Transfer
BK-2023-03668,2023-12-11,2024-02-20,C03817,PK11,AG04,1,0,4095,0.0,Completed,Bank Transfer
BK-2023-03669,2023-12-11,2024-01-14,C04342,PK04,AG01,1,0,605,0.0,Completed,Card
BK-2023-03670,2023-12-11,2024-01-12,C04984,PK02,AG01,6,0,460,0.1,Completed,PayPal
BK-2023-03671,2023-12-11,2024-12-06,C05091,PK13,AG03,6,0,7485,0.1,Completed,Card
BK-2023-03672,2023-12-11,2024-03-16,C05229,PK12,AG06,2,0,5040,0.1,Completed,PayPal
BK-2023-03673,2023-12-11,2024-01-17,C05290,PK03,AG10,2,2,650,0.1,Completed,Card
BK-2023-03674,2023-12-11,2024-01-13,C05751,PK05,,2,3,940,0.0,Completed,Bank Transfer
BK-2023-03675,2023-12-12,2023-12-30,C01893,PK10,AG02,2,0,1025,0.05,Completed,Card
BK-2023-03676,2023-12-12,2024-01-06,C01894,PK03,AG06,2,3,650,,Completed,Bank Transfer
BK-2023-03677,2023-12-12,2024-01-10,C02200,PK03,AG10,2,0,650,0.0,Completed,PayPal
BK-2023-03678,2023-12-12,2024-04-17,C03701,PK09,,2,2,2730,0.0,Completed,PayPal
BK-2023-03679,2023-12-12,2024-02-13,C04218,PK01,,7,0,440,0.0,Completed,Card
BK-2023-03680,2023-12-12,2024-01-26,C04881,PK15,AG04,6,0,4710,0.15,Cancelled,Card
BK-2023-03681,2023-12-12,2024-01-31,C04897,PK09,AG02,2,0,3140,0.05,Completed,PayPal
BK-2023-03682,2023-12-12,2024-01-26,C05604,PK01,AG05,4,0,505,0.0,COMPLETED,Bank Transfer
BK-2023-03683,2023-12-13,2024-01-29,C01016,PK02,AG10,2,3,460,0.1,Completed,PayPal
BK-2023-03684,2023-12-13,2024-02-10,C01988,PK06,,6,0,1310,0.1,Completed ,Bank Transfer
BK-2023-03685,2023-12-13,2024-02-01,C02842,PK01,AG02,2,2,440,0.0,Completed,Bank Transfer
BK-2023-03686,2023-12-13,2024-07-20,C02866,PK17,AG02,4,0,11835,0.05,Completed,M-Pesa
BK-2023-03687,2023-12-13,2023-12-31,C03525,PK02,AG04,2,3,435,0.1,COMPLETED,Card
BK-2023-03688,2023-12-13,2024-01-19,C03754,PK05,AG12,11,0,940,0.1,Completed ,Bank Transfer
BK-2023-03689,2023-12-13,2024-01-08,C04950,PK03,AG11,2,0,650,0.05,Cancelled,Card
BK-2023-03690,2023-12-14,2024-08-15,C00019,PK12,AG01,5,0,5795,0.1,Completed,Card
BK-2023-03691,2023-12-14,2024-02-20,C00314,PK15,AG01,2,3,4095,0.0,completed,Card
BK-2023-03692,2023-12-14,2023-12-28,C00353,PK01,AG07,2,2,485,,Completed,M-Pesa
BK-2023-03693,2023-12-14,2023-12-18,C00961,PK10,AG12,4,0,1025,0.1,Completed,Bank Transfer
BK-2023-03694,2023-12-14,2024-02-01,C01140,PK07,AG01,2,3,2470,0.0,Completed,Bank Transfer
BK-2023-03695,2023-12-14,2023-12-21,C02562,PK03,,2,2,620,0.0,Completed,Card
BK-2023-03696,2023-12-14,2024-02-19,C02875,PK01,,4,0,440,0.05,Completed,PayPal
BK-2023-03697,2023-12-14,2024-02-10,C03266,PK17,AG07,2,0,10290,0.0,Completed,Card
BK-2023-03698,2023-12-14,2023-12-27,C05173,PK07,AG05,2,3,2700,0.15,Completed,Card
BK-2023-03699,2023-12-14,2024-02-15,C05274,PK07,AG02,5,0,2470,0.0,Canceled,Bank Transfer
BK-2023-03700,2023-12-14,2024-02-18,C05305,PK10,AG12,12,0,935,0.1,Completed,Card
BK-2023-03701,2023-12-14,2024-01-07,C05325,PK13,AG05,7,0,7485,0.1,Completed,Bank Transfer
BK-2023-03702,2023-12-14,2024-01-05,C05342,PK05,AG03,2,1,940,0.0,Completed,Card
BK-2023-03703,2023-12-14,2024-02-10,C05365,PK10,,8,0,935,0.1,Completed,Card
BK-2023-03704,2023-12-14,2024-02-07,C05671,PK01,,2,0,440,0.05,Completed,M-Pesa
BK-2023-03705,2023-12-14,2023-12-25,C05896,PK06,AG05,2,0,1440,0.1,Cancelled,Card
BK-2023-03706,2023-12-15,2024-01-17,C00624,PK01,,2,1,505,0.0,Completed,M-Pesa
BK-2023-03707,2023-12-15,2023-12-28,C00846,PK03,,2,3,620,0.05,Completed,Card
BK-2023-03708,2023-12-15,2024-01-14,C01622,PK07,,2,0,2840,0.05,Completed,Bank Transfer
BK-2023-03709,2023-12-15,2024-04-03,C01919,PK09,,2,0,2730,0.05,Completed,M-Pesa
BK-2023-03710,2023-12-15,2024-01-19,C02218,PK12,AG11,2,0,5795,0.1,Completed,Card
BK-2023-03711,2023-12-15,2024-05-09,C04610,PK13,AG03,10,0,6510,0.0,Completed,Bank Transfer
BK-2023-03712,2023-12-15,2024-01-03,C04885,PK02,AG11,7,0,460,0.1,Completed,Card
BK-2023-03713,2023-12-15,2024-07-14,C05965,PK12,AG03,9,0,5795,0.0,Completed,PayPal
BK-2023-03714,2023-12-16,2024-01-10,C00192,PK07,AG08,1,0,2840,0.1,Completed,Bank Transfer
BK-2023-03715,2023-12-16,2024-01-19,C00465,PK06,,9,0,1510,0.0,Cancelled,Card
BK-2023-03716,2023-12-16,2024-01-12,C01621,PK01,AG05,2,0,505,0.0,Completed,Card
BK-2023-03717,2023-12-16,2024-01-24,C02117,PK13,,6,0,7485,0.1,Completed,Card
BK-2023-03718,2023-12-16,2024-01-12,C04013,PK06,AG08,2,2,1510,0.15,Completed,Bank Transfer
BK-2023-03719,2023-12-16,2024-03-03,C04149,PK03,AG03,4,0,565,0.0,Completed,Bank Transfer
BK-2023-03720,2023-12-16,2024-01-11,C04303,PK02,AG11,2,0,460,0.0,Completed,Bank Transfer
BK-2023-03721,2023-12-16,2024-04-02,C05337,PK08,AG05,4,0,1240,0.0,Completed,Card
BK-2023-03722,2023-12-16,2024-01-06,C05438,PK01,AG03,2,0,505,0.05,Completed,Card
BK-2023-03723,2023-12-16,2024-01-14,C05890,PK16,AG04,2,3,5555,0.0,completed,M-Pesa
BK-2023-03724,2023-12-17,2024-01-25,C00126,PK15,AG06,2,0,4710,0.0,Cancelled,PayPal
BK-2023-03725,2023-12-17,2024-03-13,C00357,PK13,,2,1,6510,0.0,Completed,PayPal
BK-2023-03726,2023-12-17,2024-01-11,C01368,PK05,AG03,2,0,940,0.0,Completed,Card
BK-2023-03727,2023-12-17,2024-02-02,C01588,PK02,AG03,8,0,400,0.05,Completed,Card
BK-2023-03728,2023-12-17,2023-12-25,C02059,PK03,AG11,7,0,620,,Completed,Card
BK-2023-03729,2023-12-17,2024-02-29,C02250,PK06,AG06,2,0,1310,0.0,Completed,PayPal
BK-2023-03730,2023-12-17,2024-02-15,C03444,PK02,AG10,2,0,400,0.0,Cancelled,M-Pesa
BK-2023-03731,2023-12-17,2024-05-05,C04455,PK07,AG04,2,0,2470,0.0,Completed,Card
BK-2023-03732,2023-12-17,2024-03-09,C04501,PK07,AG09,2,0,2470,0.1,Completed,PayPal
BK-2023-03733,2023-12-17,2024-02-16,C04933,PK09,AG13,11,0,2730,0.1,Completed,Bank Transfer
BK-2023-03734,2023-12-17,2024-02-18,C04999,PK10,AG02,2,0,935,0.0,Completed,Bank Transfer
BK-2023-03735,2023-12-17,2024-01-09,C05951,PK04,AG02,2,0,605,0.0,Completed,PayPal
BK-2023-03736,2023-12-17,2024-02-28,C06496,PK12,AG04,1,0,5040,0.0,Completed,Bank Transfer
BK-2023-03737,2023-12-18,2024-01-06,C00638,PK04,AG10,2,0,605,0.15,Completed,M-Pesa
BK-2023-03738,2023-12-18,2024-01-11,C01567,PK05,AG04,8,0,940,0.1,Completed,Bank Transfer
BK-2023-03739,2023-12-18,2024-02-07,C03422,PK09,AG03,2,0,2730,0.05,Completed,Card
BK-2023-03740,2023-12-18,2024-05-07,C03775,PK08,,2,3,1240,0.0,Completed,Card
BK-2023-03741,2023-12-19,2024-02-04,C00151,PK06,AG05,1,0,1310,0.05,Canceled,Card
BK-2023-03742,2023-12-19,2024-10-26,C00186,PK13,,4,0,7485,0.1,Completed,PayPal
BK-2023-03743,2023-12-19,2024-05-19,C00565,PK16,,2,0,4830,0.05,Completed,Card
BK-2023-03744,2023-12-19,2023-12-29,C01491,PK01,AG11,2,0,485,0.0,Completed,Card
BK-2023-03745,2023-12-19,2024-01-26,C01521,PK11,AG06,1,0,4710,0.0,Completed,Bank Transfer
BK-2023-03746,2023-12-19,2023-12-31,C02117,PK03,AG13,5,0,620,0.0,Cancelled,Bank Transfer
BK-2023-03747,2023-12-19,2024-01-08,C02839,PK04,,2,1,605,,Completed,Card
BK-2023-03748,2023-12-19,2024-01-14,C04677,PK01,AG04,2,2,505,0.1,Completed,Card
BK-2023-03749,2023-12-19,2024-07-18,C05308,PK06,AG02,6,0,1510,0.1,Completed,Card
BK-2023-03750,2023-12-19,2024-02-27,C06435,PK06,AG04,2,3,1310,0.05,Completed ,Card
BK-2023-03751,2023-12-20,2024-09-15,C01144,PK17,AG09,1,0,11835,0.05,Completed,Card
BK-2023-03752,2023-12-20,2024-01-15,C01293,PK02,AG02,2,3,460,0.0,Completed,M-Pesa
BK-2023-03753,2023-12-20,2024-01-19,C01979,PK09,AG07,2,0,3140,0.1,Completed,Bank Transfer
BK-2023-03754,2023-12-20,2024-05-19,C02938,PK08,AG03,2,3,1240,0.0,Completed,PayPal
BK-2023-03755,2023-12-20,2024-02-15,C03224,PK03,AG03,2,0,565,0.0,Completed,Card
BK-2023-03756,2023-12-20,2023-12-26,C03372,PK01,AG11,2,1,485,0.05,Completed,PayPal
BK-2023-03757,2023-12-20,2024-01-03,C03408,PK01,AG01,2,0,505,0.0,Completed,Card
BK-2023-03758,2023-12-20,2024-04-05,C04459,PK14,,10,0,4305,0.0,Completed,M-Pesa
BK-2023-03759,2023-12-20,2024-01-12,C04754,PK04,,2,0,605,0.05,Completed,M-Pesa
BK-2023-03760,2023-12-21,2024-07-11,C00849,PK13,AG04,2,2,7485,0.0,Completed,Card
BK-2023-03761,2023-12-21,2024-01-14,C01156,PK07,AG05,7,0,2840,0.1,Completed,Card
BK-2023-03762,2023-12-21,2024-02-11,C01590,PK06,AG01,1,0,1310,0.0,Completed,Card
BK-2023-03763,2023-12-21,2024-01-10,C01660,PK05,AG03,1,0,940,0.0,Completed,Bank Transfer
BK-2023-03764,2023-12-21,2024-01-21,C02469,PK12,AG05,1,0,5795,0.0,Completed,Card
BK-2023-03765,2023-12-21,2024-02-16,C02721,PK02,AG09,4,0,400,0.05,Completed,Card
BK-2023-03766,2023-12-21,2024-02-10,C02758,PK15,,2,0,4095,0.0,Completed,Bank Transfer
BK-2023-03767,2023-12-21,2024-01-27,C03038,PK09,AG02,2,3,3140,0.0,Completed,Bank Transfer
BK-2023-03768,2023-12-21,2024-10-15,C03166,PK15,,2,0,4710,0.05,Completed,Card
BK-2023-03769,2023-12-21,2024-05-17,C03760,PK01,AG08,2,0,440,0.0,Canceled,Card
BK-2023-03770,2023-12-21,2024-02-12,C04236,PK12,AG03,1,0,5040,0.0,Completed,Card
BK-2023-03771,2023-12-21,2024-06-05,C04695,PK16,AG06,1,0,4830,0.05,completed,Card
BK-2023-03772,2023-12-21,2024-02-07,C04721,PK01,,2,2,440,0.05,Completed,Card
BK-2023-03773,2023-12-21,2024-06-10,C05829,PK15,AG03,9,0,4095,0.15,Cancelled,Bank Transfer
BK-2023-03774,2023-12-22,2024-01-01,C00366,PK01,AG03,2,3,505,0.1,Completed,Card
BK-2023-03775,2023-12-22,2024-01-03,C00806,PK05,,1,0,940,0.0,Completed,Bank Transfer
BK-2023-03776,2023-12-22,2024-01-17,C02415,PK01,AG09,9,0,505,0.1,Completed,Card
BK-2023-03777,2023-12-22,2024-03-25,C03344,PK06,,2,3,1310,0.0,Completed,PayPal
BK-2023-03778,2023-12-22,2024-03-21,C03809,PK12,AG03,2,3,5040,0.0,Completed,Card
BK-2023-03779,2023-12-22,2024-02-02,C03960,PK14,AG04,2,1,4305,0.0,Completed,Card
BK-2023-03780,2023-12-22,2024-01-09,C05555,PK09,AG03,2,0,3140,0.0,Completed,Card
BK-2023-03781,2023-12-22,2024-02-01,C05894,PK01,AG01,5,0,440,0.15,Cancelled,PayPal
BK-2023-03782,2023-12-23,2024-02-01,C00515,PK06,AG07,2,2,1310,0.15,Completed,Card
BK-2023-03783,2023-12-23,2024-07-17,C03003,PK16,AG07,2,0,5555,0.1,Completed,Card
BK-2023-03784,2023-12-23,2024-01-15,C03261,PK02,AG09,9,0,460,0.0,Completed,PayPal
BK-2023-03785,2023-12-23,2024-03-03,C03298,PK13,,9,0,6510,0.05,Completed,Bank Transfer
BK-2023-03786,2023-12-23,2024-05-08,C03355,PK13,,2,1,6510,0.0,Completed,PayPal
BK-2023-03787,2023-12-23,2023-12-29,C03367,PK01,,2,1,485,0.05,Completed,Bank Transfer
BK-2023-03788,2023-12-23,2024-10-10,C03478,PK13,AG01,2,3,7485,0.1,Completed,PayPal
BK-2023-03789,2023-12-23,2024-03-10,C04109,PK06,AG04,1,0,1310,0.0,Completed,Card
BK-2023-03790,2023-12-23,2024-01-31,C04556,PK02,AG03,2,0,460,0.05,Completed,Card
BK-2023-03791,2023-12-23,2024-03-19,C04866,PK07,AG02,2,0,2470,0.0,Completed,PayPal
BK-2023-03792,2023-12-23,2024-07-21,C04955,PK12,,2,1,5795,0.0,Completed,Card
BK-2023-03793,2023-12-23,2024-01-02,C05781,PK11,AG03,1,0,4710,0.0,Completed,M-Pesa
BK-2023-03794,2023-12-23,2024-01-14,C06414,PK10,,1,0,1075,0.0,Completed,Card
BK-2023-03795,2023-12-24,2024-01-04,C00282,PK02,AG01,2,1,460,0.1,Completed,Bank Transfer
BK-2023-03796,2023-12-24,2024-06-10,C02357,PK17,AG04,2,0,10290,0.0,Completed ,PayPal
BK-2023-03797,2023-12-24,2024-01-30,C02433,PK02,AG06,2,3,460,0.0,Completed,Card
BK-2023-03798,2023-12-24,2024-02-19,C03988,PK10,,2,0,935,,Completed,PayPal
BK-2023-03799,2023-12-24,2024-10-26,C04379,PK10,,2,1,1075,0.15,Completed,PayPal
BK-2023-03800,2023-12-24,2024-03-06,C04522,PK07,,2,0,2470,0.0,Completed,Bank Transfer
BK-2023-03801,2023-12-24,2024-01-04,C05060,PK06,,2,0,1510,0.0,Completed,Card
BK-2023-03802,2023-12-24,2024-01-25,C05168,PK01,AG04,1,0,505,0.05,Completed,Card
BK-2023-03803,2023-12-24,2024-02-19,C05329,PK06,AG11,2,0,1310,0.0,Cancelled,Card
BK-2023-03804,2023-12-25,2024-01-26,C03081,PK09,AG03,2,2,3140,0.05,Completed,Bank Transfer
BK-2023-03805,2023-12-25,2024-01-22,C04055,PK06,,1,0,1510,0.0,Completed,Card
BK-2023-03806,2023-12-25,2023-12-29,C04273,PK01,AG01,1,0,485,0.0,Completed,Bank Transfer
BK-2023-03807,2023-12-25,2023-12-29,C05092,PK01,AG06,2,0,485,0.05,Completed,M-Pesa
BK-2023-03808,2023-12-25,2024-01-18,C06375,PK06,,2,1,1510,0.0,Completed ,Card
BK-2023-03809,2023-12-25,2024-09-01,C06409,PK07,AG05,2,3,2840,0.0,Completed,Card
BK-2023-03810,2023-12-25,2024-06-21,C06488,PK12,AG10,2,0,5040,0.0,Completed ,Card
BK-2023-03811,2023-12-26,2024-02-19,C00406,PK06,AG02,2,2,1310,0.0,Completed,Card
BK-2023-03812,2023-12-26,2024-06-30,C00619,PK15,AG09,2,2,4095,0.1,Completed,Card
BK-2023-03813,2023-12-26,2024-02-10,C01387,PK01,AG09,5,0,440,0.0,Completed,PayPal
BK-2023-03814,2023-12-26,2024-02-16,C03154,PK13,AG05,2,1,6510,0.0,Completed,Card
BK-2023-03815,2023-12-26,2024-06-11,C03465,PK12,,2,0,5040,0.0,Completed,M-Pesa
BK-2023-03816,2023-12-26,2024-02-05,C03847,PK10,AG11,2,1,935,,Completed,M-Pesa
BK-2023-03817,2023-12-26,2024-03-11,C03878,PK09,AG04,2,0,2730,0.0,Completed,PayPal
BK-2023-03818,2023-12-26,2024-01-13,C04227,PK17,AG08,2,0,11835,0.0,Completed,PayPal
BK-2023-03819,2023-12-26,2024-03-04,C04878,PK13,AG04,2,3,6510,0.0,Completed,Card
BK-2023-03820,2023-12-26,2024-09-11,C04960,PK09,AG03,2,3,3140,0.0,Completed,Bank Transfer
BK-2023-03821,2023-12-26,2023-12-29,C05296,PK04,,2,0,575,0.05,Completed,Card
BK-2023-03822,2023-12-26,2024-02-19,C05604,PK06,AG06,5,0,1310,0.0,Completed,Card
BK-2023-03823,2023-12-26,2024-02-29,C05680,PK10,AG10,1,0,935,0.15,Completed,Card
BK-2023-03824,2023-12-27,2024-01-17,C00513,PK10,,2,0,1075,0.1,Completed,Card
BK-2023-03825,2023-12-27,2024-02-23,C00620,PK06,AG06,2,0,1310,0.0,Completed,Card
BK-2023-03826,2023-12-27,2024-02-04,C00895,PK02,AG06,2,0,400,0.0,Completed,Card
BK-2023-03827,2023-12-27,2024-01-06,C01229,PK01,,8,0,505,0.05,Completed,Card
BK-2023-03828,2023-12-27,2024-04-20,C02518,PK14,AG07,1,0,4305,0.0,Completed,Bank Transfer
BK-2023-03829,2023-12-27,2024-02-11,C02614,PK07,AG03,6,0,2470,0.1,Completed,Card
BK-2023-03830,2023-12-27,2024-03-24,C03908,PK14,,2,2,4305,0.0,Completed,PayPal
BK-2023-03831,2023-12-27,2024-01-17,C04321,PK01,AG05,1,0,505,0.05,Completed,Card
BK-2023-03832,2023-12-27,2024-07-15,C05539,PK14,,2,0,4950,0.15,Completed,Bank Transfer
BK-2023-03833,2023-12-27,2024-02-04,C06254,PK09,,2,2,2730,0.0,Completed,M-Pesa
BK-2023-03834,2023-12-27,2024-02-29,C06468,PK07,,4,0,2470,0.0,Completed,M-Pesa
BK-2023-03835,2023-12-28,2024-02-28,C00112,PK16,AG03,1,0,4830,0.0,Completed,PayPal
BK-2023-03836,2023-12-28,2024-03-15,C00448,PK04,AG03,8,0,525,0.0,Completed,PayPal
BK-2023-03837,2023-12-28,2024-06-08,C00690,PK06,AG02,4,0,1310,0.1,Cancelled,Card
BK-2023-03838,2023-12-28,2024-01-18,C02956,PK01,AG03,2,3,505,0.1,Canceled,M-Pesa
BK-2023-03839,2023-12-28,2024-02-06,C04076,PK01,AG04,2,0,440,0.1,cancelled,Bank Transfer
BK-2023-03840,2023-12-28,2024-03-06,C04705,PK09,,2,3,2730,0.0,Completed,Bank Transfer
BK-2023-03841,2023-12-28,2024-02-18,C05221,PK07,,7,0,2470,0.05,Completed,Bank Transfer
BK-2023-03842,2023-12-28,2024-03-12,C05855,PK17,AG03,2,0,10290,0.1,Cancelled,Bank Transfer
BK-2023-03843,2023-12-29,2024-01-14,C00850,PK04,AG13,11,0,605,0.05,Completed,Bank Transfer
BK-2023-03844,2023-12-29,2024-02-09,C01636,PK01,,2,0,440,0.0,completed,Card
BK-2023-03845,2023-12-29,2024-02-26,C01754,PK06,AG02,2,0,1310,0.0,Completed,Card
BK-2023-03846,2023-12-29,2025-02-05,C03119,PK16,AG06,2,1,5060,0.05,Completed,Card
BK-2023-03847,2023-12-29,2024-03-29,C05500,PK08,,2,0,1240,0.0,Completed,PayPal
BK-2023-03848,2023-12-29,2024-02-09,C05570,PK09,AG01,1,0,2730,0.0,Completed,Bank Transfer
BK-2023-03849,2023-12-29,2024-02-09,C06284,PK03,AG03,1,0,565,0.05,Completed,Card
BK-2023-03850,2023-12-30,2024-04-13,C00525,PK14,AG01,2,0,4305,0.1,Completed,Card
BK-2023-03851,2023-12-30,2024-02-29,C00636,PK13,,2,1,6510,0.0,Completed,Card
BK-2023-03852,2023-12-30,2024-06-28,C01484,PK13,AG11,5,0,6510,0.1,Completed,Bank Transfer
BK-2023-03853,2023-12-30,2024-02-18,C01959,PK10,AG09,6,0,935,0.1,Completed,Card
BK-2023-03854,2023-12-30,2024-02-04,C02083,PK07,AG11,2,3,2470,0.0,Completed,Card
BK-2023-03855,2023-12-30,2024-02-12,C02549,PK09,,2,0,2730,0.05,Completed,Card
BK-2023-03856,2023-12-30,2024-02-03,C02916,PK04,,2,2,525,0.15,Completed,M-Pesa
BK-2023-03857,2023-12-30,2024-01-24,C03558,PK07,,2,3,2840,0.0,Completed,Bank Transfer
BK-2023-03858,2023-12-30,2024-01-10,C05731,PK05,AG01,2,0,940,,Completed,Card
BK-2023-03859,2023-12-31,2024-03-25,C01486,PK06,,2,1,1310,0.05,Completed,Bank Transfer
BK-2023-03860,2023-12-31,2024-01-28,C01495,PK05,,2,1,940,0.0,Completed,Card
BK-2023-03861,2023-12-31,2024-02-29,C01853,PK04,AG03,2,0,525,0.05,Completed,Card
BK-2023-03862,2023-12-31,2024-03-22,C02601,PK06,AG10,2,3,1310,0.05,Completed,PayPal
BK-2023-03863,2023-12-31,2024-02-22,C03049,PK09,AG12,9,0,2730,,Completed,PayPal
BK-2023-03864,2023-12-31,2024-03-13,C03123,PK06,AG13,8,0,1310,0.05,Completed,Card
BK-2023-03865,2023-12-31,2024-01-11,C05308,PK02,AG01,9,0,460,0.1,Completed,Card
BK-2023-03866,2023-12-31,2024-01-18,C05802,PK03,,1,0,650,0.05,Completed,Card
BK-2023-03867,2023-12-31,2024-08-09,C06281,PK15,AG05,2,0,4710,0.0,Completed,Card
