BookingID,BookingDate,TravelStartDate,CustomerID,PackageID,AgentID,Adults,Children,UnitPriceUSD,DiscountPct,Status,PaymentMethod
BK-2024-00001,2024-01-01,2024-01-17,C00037,PK05,AG10,2,1,940,0.05,Completed ,Card
BK-2024-00002,2024-01-01,2024-08-08,C00040,PK13,AG03,1,0,7485,0.0,Completed,Card
BK-2024-00003,2024-01-01,2024-02-14,C00381,PK03,AG12,5,0,565,0.0,Completed,PayPal
BK-2024-00004,2024-01-01,2024-03-22,C00500,PK07,AG00,2,1,2470,0.0,Completed,Card
BK-2024-00005,2024-01-01,2024-05-25,C00880,PK16,AG08,2,3,4830,0.05,Completed,Card
BK-2024-00006,2024-01-01,2024-07-16,C02225,PK17,AG06,2,0,11835,0.0,Completed,Card
BK-2024-00007,2024-01-01,2024-02-04,C02415,PK02,AG06,8,0,400,0.1,Completed,Card
BK-2024-00008,2024-01-01,2024-01-20,C02490,PK06,AG04,2,0,1510,0.0,Cancelled,Card
BK-2024-00009,2024-01-01,2024-11-17,C02625,PK15,AG11,2,0,4095,0.0,Completed,Card
BK-2024-00010,2024-01-01,2024-01-30,C02706,PK01,AG10,2,0,505,0.0,Completed,PayPal
BK-2024-00011,2024-01-01,2024-06-13,C02771,PK12,AG00,12,0,5040,0.0,Completed,Card
BK-2024-00012,2024-01-01,2024-01-09,C02984,PK03,AG04,9,0,650,0.15,completed,Card
BK-2024-00013,2024-01-01,2024-07-11,C03228,PK16,AG12,3,0,5555,0.1,Completed,PayPal
BK-2024-00014,2024-01-01,2024-01-21,C04153,PK01,AG00,11,0,505,0.05,Completed,Card
BK-2024-00015,2024-01-01,2024-02-12,C04254,PK14,AG05,1,0,4305,0.0,Cancelled,PayPal
BK-2024-00016,2024-01-01,2024-01-26,C05580,PK03,AG00,7,0,650,0.05,Completed,Card
BK-2024-00017,2024-01-01,2025-01-20,C05756,PK14,AG01,2,2,5185,0.1,Completed,Bank Transfer
BK-2024-00018,2024-01-01,2024-01-26,C06341,PK02,AG05,2,1,460,0.05,Completed,Card
BK-2024-00019,2024-01-02,2024-01-20,C00401,PK02,AG07,2,0,460,0.1,Completed,Card
BK-2024-00020,2024-01-02,2024-02-19,C01304,PK01,AG02,2,0,440,0.0,Completed,Card
BK-2024-00021,2024-01-02,2024-01-25,C01868,PK16,AG04,6,0,5555,0.1,Completed,Bank Transfer
BK-2024-00022,2024-01-02,2024-02-12,C02257,PK08,AG00,2,0,1240,0.0,Completed,Card
BK-2024-00023,2024-01-02,2024-09-10,C02443,PK06,AG04,2,0,1510,0.0,completed,Card
BK-2024-00024,2024-01-02,2024-03-02,C02876,PK16,AG03,2,0,4830,0.05,CANCELLED,Card
BK-2024-00025,2024-01-02,2024-02-09,C04520,PK07,AG00,1,0,2470,0.0,Completed,Card
BK-2024-00026,2024-01-02,2024-03-20,C04709,PK02,AG02,2,0,400,0.0,Completed,Card
BK-2024-00027,2024-01-02,2024-02-17,C04789,PK14,AG03,2,0,4305,0.0,Completed,Card
BK-2024-00028,2024-01-03,2024-03-06,C02248,PK17,AG08,7,0,10290,0.15,Completed,Bank Transfer
BK-2024-00029,2024-01-03,2024-02-07,C03741,PK11,AG00,2,0,4095,0.0,Completed,Card
BK-2024-00030,2024-01-03,2024-03-22,C06466,PK11,AG00,9,0,4095,0.1,Completed,Card
BK-2024-00031,2024-01-04,2024-10-20,C01059,PK17,AG03,2,0,11835,0.0,Completed,PayPal
BK-2024-00032,2024-01-04,2024-07-14,C01685,PK12,AG00,1,0,5795,0.0,Completed,Card
BK-2024-00033,2024-01-04,2024-02-18,C01877,PK10,AG10,2,0,935,0.05,Completed,M-Pesa
BK-2024-00034,2024-01-04,2024-02-14,C02283,PK08,AG00,1,0,1240,0.05,Completed,Card
BK-2024-00035,2024-01-04,2024-07-06,C02522,PK08,AG03,2,3,1425,0.0,Cancelled,Card
BK-2024-00036,2024-01-04,2024-01-27,C02639,PK09,AG13,4,0,3140,0.1,Completed,Bank Transfer
BK-2024-00037,2024-01-04,2024-02-18,C02673,PK02,AG01,2,1,400,0.1,Completed,Card
BK-2024-00038,2024-01-04,2024-09-27,C02801,PK16,AG00,1,0,5555,0.0,Completed,Card
BK-2024-00039,2024-01-04,2024-03-03,C03427,PK03,AG05,2,0,565,0.1,Completed,M-Pesa
BK-2024-00040,2024-01-04,2024-02-08,C03457,PK01,AG05,2,1,440,0.0,Completed,M-Pesa
BK-2024-00041,2024-01-04,2024-01-18,C03684,PK02,AG00,1,0,460,0.0,Completed,Card
BK-2024-00042,2024-01-04,2024-02-13,C03830,PK03,AG02,2,0,565,0.0,Completed,Card
BK-2024-00043,2024-01-04,2024-02-24,C03921,PK02,AG00,2,0,400,0.15,Cancelled,Bank Transfer
BK-2024-00044,2024-01-04,2024-04-06,C04283,PK11,AG03,2,0,4095,,Completed,Card
BK-2024-00045,2024-01-04,2024-03-17,C06225,PK15,AG02,8,0,4095,0.05,Completed,PayPal
BK-2024-00046,2024-01-04,2024-06-05,C06361,PK06,AG00,2,0,1310,0.0,Completed,Card
BK-2024-00047,2024-01-05,2024-03-04,C00565,PK09,AG00,2,0,2730,0.0,Completed,Card
BK-2024-00048,2024-01-05,2024-02-20,C01086,PK07,AG02,2,0,2470,0.0,Completed ,Bank Transfer
BK-2024-00049,2024-01-05,2024-07-21,C01327,PK16,AG10,2,0,5555,0.0,Completed,M-Pesa
BK-2024-00050,2024-01-05,2024-02-21,C01462,PK06,AG01,2,0,1310,0.1,Completed,Bank Transfer
BK-2024-00051,2024-01-05,2024-01-24,C01698,PK09,AG01,5,0,3140,0.0,Completed,PayPal
BK-2024-00052,2024-01-05,2024-04-10,C01810,PK10,AG05,1,0,935,0.0,Completed,PayPal
BK-2024-00053,2024-01-05,2024-04-05,C01824,PK11,AG09,2,0,4095,0.05,Completed,PayPal
BK-2024-00054,2024-01-05,2024-02-22,C02432,PK08,AG00,9,0,1240,0.15,Completed,PayPal
BK-2024-00055,2024-01-05,2024-07-19,C03619,PK14,AG03,6,0,4950,0.0,Completed,Card
BK-2024-00056,2024-01-05,2024-03-17,C04578,PK06,AG02,7,0,1310,0.0,COMPLETED,Bank Transfer
BK-2024-00057,2024-01-05,2025-01-17,C05546,PK07,AG00,2,0,2975,0.05,Completed ,Bank Transfer
BK-2024-00058,2024-01-06,2024-03-18,C00227,PK05,AG04,2,0,820,0.0,Completed,Bank Transfer
BK-2024-00059,2024-01-06,2024-01-29,C00274,PK12,AG08,2,1,5795,0.0,Completed,Bank Transfer
BK-2024-00060,2024-01-06,2024-02-27,C00745,PK12,AG04,4,0,5040,0.1,Completed,Bank Transfer
BK-2024-00061,2024-01-06,2024-01-20,C01027,PK03,AG01,2,0,650,0.0,Cancelled,M-Pesa
BK-2024-00062,2024-01-06,2024-02-25,C01577,PK13,AG00,7,0,6510,0.1,Completed,Card
BK-2024-00063,2024-01-06,2024-03-09,C01657,PK13,AG07,2,3,6510,0.0,Cancelled,PayPal
BK-2024-00064,2024-01-06,2024-04-25,C01687,PK11,AG01,2,0,4095,0.1,Completed,Bank Transfer
BK-2024-00065,2024-01-06,2024-01-24,C01699,PK10,AG06,1,0,1075,0.05,Completed,PayPal
BK-2024-00066,2024-01-06,2024-04-02,C02057,PK10,AG04,2,1,935,0.15,Completed,Bank Transfer
BK-2024-00067,2024-01-06,2024-03-23,C02305,PK08,AG06,1,0,1240,0.05,Completed,Card
BK-2024-00068,2024-01-06,2024-02-06,C03009,PK02,AG00,9,0,400,0.1,Completed,PayPal
BK-2024-00069,2024-01-06,2024-03-02,C03232,PK07,AG08,2,1,2470,0.0,Completed,M-Pesa
BK-2024-00070,2024-01-06,2024-03-18,C03880,PK06,AG03,2,3,1310,0.0,Completed,PayPal
BK-2024-00071,2024-01-06,2024-01-18,C05325,PK10,AG05,4,0,1075,0.0,Completed,Card
BK-2024-00072,2024-01-06,2024-01-18,C05882,PK06,AG11,2,3,1510,0.0,Completed,Bank Transfer
BK-2024-00073,2024-01-06,2024-08-13,C06113,PK13,AG06,4,0,7485,0.05,Cancelled,Bank Transfer
BK-2024-00074,2024-01-06,2024-02-07,C06463,PK09,AG05,2,0,2730,0.1,Completed,PayPal
BK-2024-00075,2024-01-07,2024-02-08,C00360,PK05,AG00,2,1,820,0.0,Completed,Bank Transfer
BK-2024-00076,2024-01-07,2024-09-04,C01977,PK11,AG03,1,0,4710,0.0,Completed,Bank Transfer
BK-2024-00077,2024-01-07,2024-05-08,C04372,PK13,AG05,5,0,6510,0.05,Completed,PayPal
BK-2024-00078,2024-01-07,2024-02-27,C05096,PK10,AG02,2,3,935,0.0,Completed,Card
BK-2024-00079,2024-01-07,2025-01-09,C05544,PK17,AG02,2,0,12395,0.0,Completed,Card
BK-2024-00080,2024-01-08,2024-02-23,C00752,PK02,AG06,5,0,400,0.0,Completed,M-Pesa
BK-2024-00081,2024-01-08,2024-02-19,C01255,PK05,AG10,9,0,820,0.1,Completed,PayPal
BK-2024-00082,2024-01-08,2024-03-24,C01590,PK02,AG03,1,0,400,0.05,Completed,Bank Transfer
BK-2024-00083,2024-01-08,2024-02-09,C01614,PK01,AG00,2,2,440,0.0,Completed,Card
BK-2024-00084,2024-01-08,2024-08-12,C02989,PK16,AG10,2,1,5555,0.0,Completed,Card
BK-2024-00085,2024-01-08,2024-07-25,C04813,PK16,AG03,2,0,5555,0.0,Completed,M-Pesa
BK-2024-00086,2024-01-08,2024-02-01,C04998,PK02,AG00,2,0,400,0.0,Completed,PayPal
BK-2024-00087,2024-01-08,2024-02-24,C05651,PK02,AG01,2,0,400,0.05,Completed,Bank Transfer
BK-2024-00088,2024-01-08,2024-02-17,C05844,PK13,AG12,5,0,6510,0.1,Completed,Bank Transfer
BK-2024-00089,2024-01-09,2024-02-22,C00322,PK06,AG03,2,0,1310,0.0,Completed,M-Pesa
BK-2024-00090,2024-01-09,2024-07-12,C00725,PK14,AG10,2,2,4950,0.0,Completed,Bank Transfer
BK-2024-00091,2024-01-09,2024-01-29,C00811,PK02,AG06,8,0,460,0.05,Completed,Card
BK-2024-00092,2024-01-09,2024-01-21,C01363,PK02,AG09,2,3,460,0.0,Completed,PayPal
BK-2024-00093,2024-01-09,2024-03-03,C01455,PK08,AG00,2,3,1240,0.0,Completed,Bank Transfer
BK-2024-00094,2024-01-09,2024-08-04,C01716,PK12,AG02,1,0,5795,,Completed,M-Pesa
BK-2024-00095,2024-01-09,2024-02-14,C02416,PK01,AG12,4,0,440,0.1,Completed ,Bank Transfer
BK-2024-00096,2024-01-09,2024-10-05,C02762,PK14,AG11,2,0,4950,0.1,Completed,PayPal
BK-2024-00097,2024-01-09,2024-02-11,C03035,PK01,AG01,1,0,440,,Completed,Card
BK-2024-00098,2024-01-09,2024-02-15,C03243,PK06,AG00,1,0,1310,0.05,Completed,Card
BK-2024-00099,2024-01-09,2024-01-20,C04325,PK06,AG00,1,0,1510,0.1,Completed,Card
BK-2024-00100,2024-01-09,2024-06-30,C05985,PK08,AG00,3,0,1240,0.1,Completed,M-Pesa
BK-2024-00101,2024-01-09,2024-02-09,C06285,PK13,AG05,2,1,6510,0.0,Completed,Card
BK-2024-00102,2024-01-10,2024-06-25,C00002,PK12,AG03,8,0,5040,0.05,cancelled,Bank Transfer
BK-2024-00103,2024-01-10,2024-01-29,C01843,PK06,AG13,9,0,1510,0.1,Completed,Card
BK-2024-00104,2024-01-10,2024-07-18,C02282,PK16,AG00,2,0,5555,0.0,Completed,Card
BK-2024-00105,2024-01-10,2024-05-31,C03305,PK10,AG11,2,0,935,0.0,completed,Card
BK-2024-00106,2024-01-10,2024-03-14,C04034,PK16,AG04,7,0,4830,0.05,Cancelled,M-Pesa
BK-2024-00107,2024-01-10,2024-03-02,C04474,PK01,AG00,2,0,440,0.05,Completed,M-Pesa
BK-2024-00108,2024-01-10,2024-01-28,C06076,PK03,AG00,1,0,650,0.0,Completed,M-Pesa
BK-2024-00109,2024-01-11,2024-09-07,C00249,PK17,AG09,2,0,11835,0.0,COMPLETED,M-Pesa
BK-2024-00110,2024-01-11,2024-01-20,C01382,PK04,AG04,1,0,605,0.0,Completed,M-Pesa
BK-2024-00111,2024-01-11,2024-03-01,C01442,PK09,AG08,2,0,2730,0.1,Cancelled,Card
BK-2024-00112,2024-01-11,2024-02-09,C03770,PK05,AG02,2,0,820,0.0,Completed,Bank Transfer
BK-2024-00113,2024-01-11,2024-06-07,C04460,PK16,AG10,2,2,4830,,Completed,Bank Transfer
BK-2024-00114,2024-01-11,2024-01-25,C04833,PK10,AG01,2,0,1075,0.1,Completed,Bank Transfer
BK-2024-00115,2024-01-11,2024-01-28,C05454,PK17,AG10,2,0,11835,0.15,Completed,M-Pesa
BK-2024-00116,2024-01-11,2024-08-08,C06149,PK12,AG13,4,0,5795,0.1,Completed,Bank Transfer
BK-2024-00117,2024-01-12,2024-02-05,C02431,PK12,AG00,9,0,5040,0.05,COMPLETED,Card
BK-2024-00118,2024-01-12,2024-02-26,C03140,PK10,AG03,2,0,935,0.0,Completed,PayPal
BK-2024-00119,2024-01-12,2024-01-31,C04781,PK05,AG04,2,3,940,0.0,Completed,Card
BK-2024-00120,2024-01-12,2024-02-03,C04806,PK01,AG04,2,2,440,0.0,completed,Card
BK-2024-00121,2024-01-12,2024-02-28,C05851,PK05,AG00,2,0,820,0.0,Completed,PayPal
BK-2024-00122,2024-01-13,2024-04-16,C01433,PK07,AG01,2,0,2470,0.0,Completed,Bank Transfer
BK-2024-00123,2024-01-13,2024-02-19,C02337,PK03,AG11,2,0,565,0.0,Completed,Card
BK-2024-00124,2024-01-13,2024-02-04,C02676,PK04,AG00,1,0,525,0.0,Completed,Card
BK-2024-00125,2024-01-13,2024-01-29,C03403,PK04,AG00,2,0,605,0.05,Completed,Bank Transfer
BK-2024-00126,2024-01-13,2024-09-28,C04772,PK09,AG00,2,0,3140,0.0,Completed,Card
BK-2024-00127,2024-01-13,2024-02-11,C06214,PK10,AG00,2,0,935,0.0,Completed,Card
BK-2024-00128,2024-01-13,2024-07-16,C06309,PK13,AG01,2,1,7485,0.0,Completed,Bank Transfer
BK-2024-00129,2024-01-13,2024-02-06,C06339,PK12,AG07,2,2,5040,0.05,Completed,PayPal
BK-2024-00130,2024-01-13,2024-02-24,C06445,PK17,AG06,2,2,10290,0.1,Completed,Bank Transfer
BK-2024-00131,2024-01-14,2024-01-26,C00958,PK10,AG00,2,3,1075,0.0,Completed,Card
BK-2024-00132,2024-01-14,2024-02-08,C00965,PK01,AG02,1,0,440,0.0,Completed,PayPal
BK-2024-00133,2024-01-14,2024-03-23,C01294,PK08,AG07,2,0,1240,0.0,Completed,Bank Transfer
BK-2024-00134,2024-01-14,2024-07-02,C01421,PK06,AG00,2,0,1510,0.1,Completed,Card
BK-2024-00135,2024-01-14,2024-07-07,C01585,PK16,AG00,1,0,5555,0.0,completed,M-Pesa
BK-2024-00136,2024-01-14,2024-03-01,C02070,PK06,AG03,2,0,1310,0.0,Cancelled,M-Pesa
BK-2024-00137,2024-01-14,2024-01-19,C02590,PK10,AG05,5,0,1075,0.0,Completed,Card
BK-2024-00138,2024-01-14,2024-02-24,C02808,PK13,AG07,7,0,6510,0.0,Completed,Card
BK-2024-00139,2024-01-14,2024-02-20,C04923,PK10,AG03,6,0,935,0.0,Completed,Card
BK-2024-00140,2024-01-14,2024-02-06,C05167,PK09,AG03,2,0,2730,0.0,Completed,Bank Transfer
BK-2024-00141,2024-01-14,2024-03-06,C05537,PK01,AG00,2,0,440,0.0,Completed,Bank Transfer
BK-2024-00142,2024-01-14,2024-03-09,C05723,PK13,AG08,1,0,6510,0.0,Completed,Card
BK-2024-00143,2024-01-14,2024-02-02,C06249,PK01,AG06,6,0,440,0.0,Completed ,Card
BK-2024-00144,2024-01-15,2024-01-24,C00865,PK01,AG02,1,0,505,0.05,Completed,Card
BK-2024-00145,2024-01-15,2024-04-23,C01207,PK08,AG09,2,2,1240,0.15,Completed,Bank Transfer
BK-2024-00146,2024-01-15,2024-02-09,C01535,PK10,AG03,2,2,935,0.0,Completed,Bank Transfer
BK-2024-00147,2024-01-15,2024-02-01,C01744,PK02,AG08,2,0,400,0.0,Completed,Bank Transfer
BK-2024-00148,2024-01-15,2024-02-10,C03158,PK01,AG04,2,1,440,0.0,Completed,Card
BK-2024-00149,2024-01-15,2024-03-16,C03294,PK08,AG00,2,2,1240,0.1,Completed,Bank Transfer
BK-2024-00150,2024-01-15,2024-03-16,C03450,PK03,AG04,2,0,565,0.05,Completed,Card
BK-2024-00151,2024-01-15,2024-02-12,C04055,PK02,AG03,1,0,400,0.05,completed,Card
BK-2024-00152,2024-01-15,2024-01-31,C04277,PK08,AG00,2,0,1425,,Completed,Card
BK-2024-00153,2024-01-15,2024-07-05,C05459,PK12,AG00,9,0,5795,0.05,Canceled,Card
BK-2024-00154,2024-01-15,2024-07-16,C06426,PK14,AG03,2,1,4950,,Cancelled,Card
BK-2024-00155,2024-01-16,2024-08-05,C01205,PK16,AG04,2,1,5555,0.15,Completed,PayPal
BK-2024-00156,2024-01-16,2024-02-09,C02675,PK03,AG01,2,3,565,0.0,Completed,M-Pesa
BK-2024-00157,2024-01-16,2024-10-11,C02851,PK15,AG03,6,0,4710,0.1,Completed,PayPal
BK-2024-00158,2024-01-16,2024-02-05,C02912,PK12,AG02,2,3,5040,0.05,Cancelled,Bank Transfer
BK-2024-00159,2024-01-16,2024-02-13,C03107,PK02,AG05,2,1,400,0.15,Completed,M-Pesa
BK-2024-00160,2024-01-16,2024-01-29,C03270,PK09,AG03,2,0,3140,0.0,Completed,Bank Transfer
BK-2024-00161,2024-01-16,2024-02-29,C05020,PK03,AG10,2,0,565,0.0,COMPLETED,Bank Transfer
BK-2024-00162,2024-01-16,2024-01-28,C05269,PK01,AG03,2,3,505,0.1,Completed ,Bank Transfer
BK-2024-00163,2024-01-17,2024-07-04,C01216,PK10,AG00,5,0,1075,0.0,Completed,M-Pesa
BK-2024-00164,2024-01-17,2024-02-28,C02674,PK08,AG01,2,3,1240,0.0,Completed,Card
BK-2024-00165,2024-01-17,2024-02-23,C02679,PK09,AG03,2,0,2730,0.0,Completed,Bank Transfer
BK-2024-00166,2024-01-17,2024-02-22,C04040,PK08,AG06,1,0,1240,,Completed,Bank Transfer
BK-2024-00167,2024-01-17,2024-03-29,C04475,PK06,AG00,2,0,1310,0.0,Completed,Card
BK-2024-00168,2024-01-17,2024-04-14,C04694,PK01,AG10,2,2,440,0.0,Completed,PayPal
BK-2024-00169,2024-01-17,2024-02-07,C05681,PK09,AG00,2,2,2730,0.1,Completed,Card
BK-2024-00170,2024-01-17,2024-04-13,C05743,PK12,AG12,6,0,5040,0.0,Completed,Bank Transfer
BK-2024-00171,2024-01-17,2024-03-13,C06104,PK01,AG09,2,0,440,0.0,Cancelled,PayPal
BK-2024-00172,2024-01-17,2024-06-11,C06478,PK12,AG09,7,0,5040,0.0,Canceled,Card
BK-2024-00173,2024-01-18,2024-07-23,C00085,PK15,AG00,2,0,4710,0.0,Cancelled ,Card
BK-2024-00174,2024-01-18,2024-02-29,C00794,PK07,AG04,2,0,2470,0.0,Completed,Bank Transfer
BK-2024-00175,2024-01-18,2024-03-05,C00817,PK01,AG06,2,0,440,0.05,Completed,PayPal
BK-2024-00176,2024-01-18,2024-02-12,C00970,PK06,AG01,2,2,1310,0.05,Completed,Card
BK-2024-00177,2024-01-18,2024-01-30,C01919,PK13,AG10,2,0,7485,0.0,Completed,Bank Transfer
BK-2024-00178,2024-01-18,2024-03-12,C02281,PK04,AG05,2,0,525,0.0,Completed,Bank Transfer
BK-2024-00179,2024-01-18,2024-01-26,C02699,PK04,AG02,2,0,605,0.05,Completed,Bank Transfer
BK-2024-00180,2024-01-18,2024-02-16,C02812,PK09,AG02,2,0,2730,0.0,Completed,Card
BK-2024-00181,2024-01-18,2024-02-11,C05292,PK05,AG01,2,3,820,0.0,Completed,Card
BK-2024-00182,2024-01-19,2024-03-26,C00193,PK06,AG07,2,2,1310,0.0,Completed,Card
BK-2024-00183,2024-01-19,2024-05-30,C00198,PK13,AG12,10,0,6510,0.05,Completed,Card
BK-2024-00184,2024-01-19,2024-03-25,C00417,PK06,AG03,1,0,1310,0.0,Completed,M-Pesa
BK-2024-00185,2024-01-19,2024-10-01,C00533,PK12,AG02,2,1,5795,0.05,Completed,Card
BK-2024-00186,2024-01-19,2024-02-04,C00897,PK06,AG07,2,2,1310,0.0,Completed,Card
BK-2024-00187,2024-01-19,2024-03-11,C01265,PK05,AG10,2,2,820,0.0,Completed,Card
BK-2024-00188,2024-01-19,2024-03-30,C02747,PK13,AG08,1,0,6510,0.0,Completed,Card
BK-2024-00189,2024-01-19,2024-04-23,C03359,PK13,AG00,2,1,6510,0.0,Completed,Card
BK-2024-00190,2024-01-19,2024-02-26,C03432,PK06,AG03,2,1,1310,0.0,Completed,M-Pesa
BK-2024-00191,2024-01-19,2024-03-05,C04238,PK01,AG02,2,2,440,0.0,Completed,Card
BK-2024-00192,2024-01-19,2024-03-19,C04469,PK01,AG04,2,0,440,0.05,Completed,Card
BK-2024-00193,2024-01-19,2024-02-29,C05360,PK04,AG06,4,0,525,0.05,Completed,Card
BK-2024-00194,2024-01-19,2024-02-24,C05397,PK09,AG05,2,2,2730,0.05,Completed,Card
BK-2024-00195,2024-01-19,2024-03-12,C05626,PK09,AG00,2,0,2730,0.05,Canceled,Card
BK-2024-00196,2024-01-19,2024-02-11,C05849,PK10,AG00,5,0,935,0.1,Completed,Card
BK-2024-00197,2024-01-19,2024-04-12,C06454,PK14,AG11,2,0,4305,0.05,Completed,PayPal
BK-2024-00198,2024-01-20,2024-07-22,C00409,PK14,AG00,2,2,4950,0.0,Completed,PayPal
BK-2024-00199,2024-01-20,2024-02-01,C00524,PK05,AG04,1,0,820,0.15,Completed,Card
BK-2024-00200,2024-01-20,2024-01-30,C00978,PK02,AG00,2,0,460,0.15,Completed,PayPal
BK-2024-00201,2024-01-20,2024-02-01,C04085,PK02,AG04,2,0,400,0.1,Cancelled,Card
BK-2024-00202,2024-01-20,2024-06-19,C04708,PK07,AG02,7,0,2470,0.1,Completed,Card
BK-2024-00203,2024-01-21,2024-03-12,C00475,PK03,AG04,5,0,565,0.1,COMPLETED,PayPal
BK-2024-00204,2024-01-21,2024-08-19,C00576,PK12,AG04,2,1,5795,0.05,Cancelled,PayPal
BK-2024-00205,2024-01-21,2024-02-01,C01313,PK09,AG02,9,0,2730,0.1,Completed,Card
BK-2024-00206,2024-01-21,2024-02-28,C01627,PK01,AG00,2,0,440,0.15,Completed,Card
BK-2024-00207,2024-01-21,2024-02-13,C03222,PK04,AG05,2,1,525,0.0,Completed,M-Pesa
BK-2024-00208,2024-01-21,2024-02-28,C04217,PK04,AG03,2,1,525,0.1,Completed,PayPal
BK-2024-00209,2024-01-21,2024-12-04,C04459,PK12,AG10,11,0,5795,0.1,Completed,Bank Transfer
BK-2024-00210,2024-01-21,2024-04-05,C04732,PK08,AG00,12,0,1240,0.1,Completed,Bank Transfer
BK-2024-00211,2024-01-21,2024-08-01,C04935,PK13,AG00,2,0,7485,0.0,Completed,PayPal
BK-2024-00212,2024-01-21,2024-09-03,C05017,PK16,AG00,2,0,5555,0.0,Completed,PayPal
BK-2024-00213,2024-01-21,2024-02-28,C05256,PK01,AG06,9,0,440,0.0,Completed,Bank Transfer
BK-2024-00214,2024-01-21,2024-02-18,C05873,PK09,AG01,2,0,2730,0.05,Completed,M-Pesa
BK-2024-00215,2024-01-22,2024-03-30,C00202,PK07,AG07,2,0,2470,0.0,Completed,Card
BK-2024-00216,2024-01-22,2024-02-02,C00381,PK03,AG13,4,0,565,0.0,Completed,Card
BK-2024-00217,2024-01-22,2024-08-12,C00635,PK11,AG00,2,0,4710,0.0,Completed,Card
BK-2024-00218,2024-01-22,2024-05-02,C00980,PK14,AG02,1,0,4305,0.0,Completed,Card
BK-2024-00219,2024-01-22,2024-03-10,C01109,PK01,AG12,6,0,440,0.1,Completed ,PayPal
BK-2024-00220,2024-01-22,2024-02-27,C02496,PK06,AG02,6,0,1310,,Completed,Card
BK-2024-00221,2024-01-22,2024-03-18,C03415,PK13,AG00,2,1,6510,,Completed,M-Pesa
BK-2024-00222,2024-01-22,2024-03-10,C04026,PK01,AG02,2,0,440,0.05,Completed,M-Pesa
BK-2024-00223,2024-01-22,2024-02-06,C04344,PK07,AG09,2,2,2470,0.05,Completed,Card
BK-2024-00224,2024-01-22,2024-03-25,C05057,PK07,AG00,2,1,2470,0.05,Completed,Card
BK-2024-00225,2024-01-22,2024-02-11,C05493,PK01,AG00,2,1,440,0.15,Completed,Card
BK-2024-00226,2024-01-23,2024-02-12,C00312,PK06,AG06,2,3,1310,0.05,Completed,M-Pesa
BK-2024-00227,2024-01-23,2024-03-30,C01497,PK09,AG01,2,2,2730,0.0,Completed,Card
BK-2024-00228,2024-01-23,2024-02-29,C01645,PK01,AG03,2,1,440,0.0,Completed,Card
BK-2024-00229,2024-01-23,2024-02-26,C02933,PK04,AG00,6,0,525,0.1,Completed,Bank Transfer
BK-2024-00230,2024-01-23,2024-02-20,C02974,PK04,AG04,2,0,525,0.05,Completed,Bank Transfer
BK-2024-00231,2024-01-23,2024-03-12,C02999,PK01,AG04,2,0,440,0.0,Completed,M-Pesa
BK-2024-00232,2024-01-23,2024-04-29,C03206,PK14,AG11,1,0,4305,0.1,Completed,Bank Transfer
BK-2024-00233,2024-01-23,2024-09-11,C03676,PK08,AG05,1,0,1425,,Completed,M-Pesa
BK-2024-00234,2024-01-23,2024-02-19,C04005,PK06,AG01,2,2,1310,0.05,Completed,Bank Transfer
BK-2024-00235,2024-01-23,2024-02-13,C04170,PK05,AG02,5,0,820,0.0,Completed,PayPal
BK-2024-00236,2024-01-23,2024-07-23,C04302,PK15,AG05,2,2,4710,0.0,Completed,Card
BK-2024-00237,2024-01-23,2024-02-29,C05667,PK03,AG00,8,0,565,0.1,Completed,Card
BK-2024-00238,2024-01-23,2024-04-17,C05720,PK15,AG00,7,0,4095,0.1,Completed,Bank Transfer
BK-2024-00239,2024-01-24,2024-07-22,C00046,PK06,AG03,1,0,1510,0.0,Completed,M-Pesa
BK-2024-00240,2024-01-24,2024-03-03,C00498,PK06,AG03,2,0,1310,0.05,Completed,Card
BK-2024-00241,2024-01-24,2024-02-07,C01805,PK08,AG00,2,3,1240,0.15,Completed,PayPal
BK-2024-00242,2024-01-24,2024-05-10,C01851,PK13,AG00,1,0,6510,0.0,Cancelled,Bank Transfer
BK-2024-00243,2024-01-24,2024-06-22,C02042,PK12,AG06,2,0,5040,0.05,Completed,Card
BK-2024-00244,2024-01-24,2024-02-08,C02354,PK01,AG05,2,3,440,0.0,Completed,M-Pesa
BK-2024-00245,2024-01-24,2024-10-13,C03168,PK16,AG00,2,0,5555,0.0,Completed,Bank Transfer
BK-2024-00246,2024-01-24,2024-03-07,C04051,PK04,AG01,4,0,525,0.0,Completed ,Card
BK-2024-00247,2024-01-24,2024-04-04,C04213,PK08,AG07,2,0,1240,0.0,Completed,PayPal
BK-2024-00248,2024-01-24,2024-02-23,C04586,PK06,AG03,2,0,1310,0.0,Completed,Bank Transfer
BK-2024-00249,2024-01-24,2024-08-10,C04894,PK14,AG00,2,2,4950,0.05,Completed,Card
BK-2024-00250,2024-01-25,2024-02-17,C01509,PK01,AG04,1,0,440,0.0,Completed,Bank Transfer
BK-2024-00251,2024-01-25,2024-09-11,C01911,PK12,AG04,1,0,5795,0.0,COMPLETED,Card
BK-2024-00252,2024-01-25,2024-02-26,C01960,PK03,AG00,2,0,565,0.0,Cancelled,Bank Transfer
BK-2024-00253,2024-01-25,2024-02-15,C01975,PK01,AG10,2,0,440,0.1,Completed,Card
BK-2024-00254,2024-01-25,2024-05-06,C02061,PK12,AG00,2,1,5040,0.0,Completed,Card
BK-2024-00255,2024-01-25,2024-03-31,C02939,PK12,AG01,2,2,5040,0.0,Completed,Card
BK-2024-00256,2024-01-25,2024-10-23,C03056,PK16,AG10,1,0,5555,0.0,Completed,Card
BK-2024-00257,2024-01-25,2024-03-01,C03890,PK09,AG09,2,2,2730,0.0,Completed,Card
BK-2024-00258,2024-01-25,2024-10-08,C04426,PK17,AG02,2,0,11835,0.05,Completed,PayPal
BK-2024-00259,2024-01-25,2024-02-21,C04459,PK01,AG12,6,0,440,0.0,Completed,Card
BK-2024-00260,2024-01-25,2024-03-09,C04913,PK05,AG02,2,0,820,0.1,Completed,Card
BK-2024-00261,2024-01-25,2024-04-25,C05827,PK14,AG00,2,0,4305,0.05,Completed,Bank Transfer
BK-2024-00262,2024-01-25,2024-03-11,C06445,PK08,AG02,2,2,1240,0.05,Completed,Card
BK-2024-00263,2024-01-26,2024-01-29,C00178,PK05,AG02,1,0,940,0.1,Completed,Card
BK-2024-00264,2024-01-26,2024-11-28,C00429,PK16,AG00,2,3,4830,0.0,Cancelled,Bank Transfer
BK-2024-00265,2024-01-26,2024-02-01,C00477,PK06,AG00,1,0,1310,0.0,Completed,M-Pesa
BK-2024-00266,2024-01-26,2024-01-29,C00668,PK01,AG07,7,0,505,,Completed,Card
BK-2024-00267,2024-01-26,2024-03-05,C00844,PK06,AG10,2,2,1310,0.0,Completed,Card
BK-2024-00268,2024-01-26,2024-02-28,C01377,PK05,AG02,2,0,820,,Completed,M-Pesa
BK-2024-00269,2024-01-26,2024-02-11,C02091,PK03,AG05,2,3,565,0.05,Completed,Card
BK-2024-00270,2024-01-26,2024-11-09,C03141,PK16,AG13,10,0,4830,0.0,Cancelled,M-Pesa
BK-2024-00271,2024-01-26,2024-03-04,C03273,PK02,AG01,2,0,400,0.0,Completed,M-Pesa
BK-2024-00272,2024-01-26,2024-02-21,C05159,PK02,AG00,2,0,400,0.0,Completed,Card
BK-2024-00273,2024-01-26,2024-06-05,C05206,PK06,AG00,2,0,1310,0.05,Completed,PayPal
BK-2024-00274,2024-01-26,2024-05-04,C05409,PK14,AG00,1,0,4305,0.0,Completed,PayPal
BK-2024-00275,2024-01-26,2024-02-12,C05631,PK01,AG11,2,0,440,0.05,Completed,Card
BK-2024-00276,2024-01-26,2024-02-26,C06040,PK16,AG02,5,0,4830,0.1,Cancelled,PayPal
BK-2024-00277,2024-01-27,2024-03-08,C00216,PK09,AG06,2,2,2730,0.0,Completed,Card
BK-2024-00278,2024-01-27,2024-06-15,C02660,PK11,AG00,2,0,4095,0.05,Completed,Card
BK-2024-00279,2024-01-27,2024-02-28,C03201,PK01,AG00,2,0,440,0.0,Completed,Bank Transfer
BK-2024-00280,2024-01-27,2024-06-29,C03243,PK16,AG00,1,0,4830,0.0,CANCELLED,Bank Transfer
BK-2024-00281,2024-01-27,2024-04-09,C04363,PK06,AG02,1,0,1310,0.0,Completed,M-Pesa
BK-2024-00282,2024-01-27,2024-09-25,C05286,PK12,AG00,7,0,5795,0.0,Completed,PayPal
BK-2024-00283,2024-01-27,2024-03-24,C05603,PK10,AG00,1,0,935,0.05,Completed,Card
BK-2024-00284,2024-01-27,2024-07-13,C06224,PK09,AG00,2,2,3140,0.15,Completed,M-Pesa
BK-2024-00285,2024-01-28,2024-03-22,C00532,PK02,AG02,2,0,400,0.0,Completed,M-Pesa
BK-2024-00286,2024-01-28,2024-02-05,C00543,PK03,AG00,2,0,565,0.0,COMPLETED,Card
BK-2024-00287,2024-01-28,2024-02-07,C01022,PK05,AG01,2,0,820,0.05,Completed,Bank Transfer
BK-2024-00288,2024-01-28,2024-02-08,C01632,PK09,AG07,4,0,2730,0.0,Completed,Bank Transfer
BK-2024-00289,2024-01-28,2024-03-06,C02774,PK04,AG05,6,0,525,0.0,Completed,M-Pesa
BK-2024-00290,2024-01-28,2024-02-19,C02848,PK09,AG00,2,0,2730,0.0,COMPLETED,PayPal
BK-2024-00291,2024-01-28,2024-03-20,C03577,PK16,AG00,2,0,4830,0.05,Completed,Bank Transfer
BK-2024-00292,2024-01-28,2024-03-17,C03828,PK09,AG02,8,0,2730,0.0,Completed,PayPal
BK-2024-00293,2024-01-28,2024-05-26,C05113,PK07,AG02,2,0,2470,0.0,Completed,Card
BK-2024-00294,2024-01-28,2024-12-01,C05657,PK12,AG04,2,0,5795,0.0,Completed,Card
BK-2024-00295,2024-01-29,2024-04-21,C00634,PK06,AG06,2,2,1310,0.0,Completed,PayPal
BK-2024-00296,2024-01-29,2024-06-28,C06466,PK07,AG00,5,0,2470,0.1,Completed,Bank Transfer
BK-2024-00297,2024-01-30,2024-03-22,C00672,PK01,AG00,7,0,440,0.0,Canceled,Card
BK-2024-00298,2024-01-30,2024-06-02,C03967,PK10,AG03,2,2,935,0.0,completed,Card
BK-2024-00299,2024-01-30,2024-09-05,C05681,PK15,AG00,2,2,4710,0.0,Completed ,Card
BK-2024-00300,2024-01-30,2024-09-06,C05945,PK13,AG05,2,0,7485,0.1,Completed,Card
BK-2024-00301,2024-01-31,2024-03-20,C00989,PK12,AG07,5,0,5040,0.1,Completed,Card
BK-2024-00302,2024-01-31,2024-11-10,C01454,PK12,AG02,5,0,5040,0.0,Completed,Bank Transfer
BK-2024-00303,2024-01-31,2024-02-20,C01742,PK05,AG08,4,0,820,0.0,Completed,Bank Transfer
BK-2024-00304,2024-01-31,2024-02-27,C02718,PK02,AG02,2,0,400,0.0,Cancelled,Bank Transfer
BK-2024-00305,2024-01-31,2024-09-11,C03886,PK16,AG02,2,1,5555,0.15,Completed,PayPal
BK-2024-00306,2024-01-31,2024-07-31,C04433,PK12,AG00,2,0,5795,0.05,Completed,PayPal
BK-2024-00307,2024-01-31,2024-02-13,C04467,PK03,AG00,2,0,565,,Completed,Card
BK-2024-00308,2024-01-31,2024-04-01,C05790,PK10,AG02,2,0,935,0.0,Completed,Bank Transfer
BK-2024-00309,2024-01-31,2024-02-25,C05928,PK09,AG02,2,0,2730,0.0,Completed,Card
BK-2024-00310,2024-01-31,2024-03-21,C06086,PK14,AG06,2,1,4305,0.0,Completed,Bank Transfer
BK-2024-00311,2024-02-01,2024-04-18,C00159,PK14,AG00,5,0,4305,0.1,Completed,Bank Transfer
BK-2024-00311,2024-02-01,2024-04-18,C00159,PK14,AG00,5,0,4305,0.1,Completed,Bank Transfer
BK-2024-00312,2024-02-01,2024-06-15,C01168,PK07,AG00,2,3,2470,0.0,Completed,Card
BK-2024-00313,2024-02-01,2024-08-21,C01230,PK13,AG02,2,1,7485,0.0,Completed,PayPal
BK-2024-00314,2024-02-01,2024-12-11,C01594,PK17,AG07,2,1,11835,0.0,Completed,PayPal
BK-2024-00315,2024-02-01,2024-02-08,C03148,PK01,AG12,7,0,440,0.1,Completed,Card
BK-2024-00316,2024-02-01,2024-10-26,C03740,PK17,AG04,1,0,11835,0.0,Completed,PayPal
BK-2024-00317,2024-02-01,2024-04-15,C05659,PK16,AG03,2,0,4830,0.0,Completed,PayPal
BK-2024-00318,2024-02-01,2024-02-17,C05791,PK01,AG02,2,3,440,0.0,Completed,Card
BK-2024-00319,2024-02-02,2024-02-22,C00595,PK03,AG00,1,0,565,0.0,Completed,Bank Transfer
BK-2024-00320,2024-02-02,2024-09-04,C04088,PK13,AG11,1,0,7485,0.0,Completed,Bank Transfer
BK-2024-00321,2024-02-02,2024-04-20,C05536,PK09,AG05,4,0,2730,0.0,Completed,Card
BK-2024-00322,2024-02-02,2024-02-19,C05583,PK10,AG04,2,0,935,0.0,Completed ,PayPal
BK-2024-00323,2024-02-02,2024-07-15,C06479,PK13,AG03,1,0,7485,0.0,Completed,Card
BK-2024-00324,2024-02-03,2024-06-19,C00592,PK13,AG10,2,2,6510,0.0,completed,M-Pesa
BK-2024-00325,2024-02-03,2024-07-14,C00751,PK17,AG07,8,0,11835,0.15,Completed,Bank Transfer
BK-2024-00326,2024-02-03,2024-02-27,C00980,PK01,AG03,1,0,440,0.05,completed,M-Pesa
BK-2024-00327,2024-02-03,2024-06-07,C01046,PK13,AG02,6,0,6510,0.05,Completed,M-Pesa
BK-2024-00328,2024-02-03,2024-07-02,C01641,PK10,AG02,4,0,1075,0.0,Completed,Bank Transfer
BK-2024-00329,2024-02-03,2024-03-06,C01671,PK03,AG03,1,0,565,0.05,Canceled,PayPal
BK-2024-00330,2024-02-03,2024-07-05,C02665,PK08,AG10,9,0,1425,0.0,Completed,PayPal
BK-2024-00331,2024-02-03,2024-02-09,C02844,PK02,AG10,2,0,400,0.0,Completed,Card
BK-2024-00332,2024-02-03,2024-02-21,C03491,PK03,AG00,2,1,565,0.0,Completed,Card
BK-2024-00333,2024-02-03,2024-05-03,C03900,PK16,AG00,2,3,4830,0.0,Completed,Card
BK-2024-00334,2024-02-03,2024-02-27,C06094,PK11,AG00,2,1,4095,0.0,completed,Card
BK-2024-00335,2024-02-04,2024-08-16,C00831,PK14,AG03,2,0,4950,0.1,Cancelled,Bank Transfer
BK-2024-00336,2024-02-04,2025-01-05,C02624,PK15,AG09,2,2,4935,0.0,Completed,M-Pesa
BK-2024-00337,2024-02-04,2024-02-23,C04092,PK02,AG06,2,0,400,0.05,Completed,Bank Transfer
BK-2024-00338,2024-02-04,2024-03-24,C04649,PK10,AG02,2,0,935,0.1,Completed,PayPal
BK-2024-00339,2024-02-04,2024-02-28,C04988,PK05,AG00,1,0,820,0.0,Completed,Bank Transfer
BK-2024-00340,2024-02-05,2024-07-11,C01027,PK16,AG03,2,0,5555,0.0,Completed,Card
BK-2024-00341,2024-02-05,2024-03-22,C01249,PK07,AG11,2,2,2470,0.0,Completed,Card
BK-2024-00342,2024-02-05,2024-03-05,C01608,PK12,AG12,4,0,5040,0.1,Completed,PayPal
BK-2024-00343,2024-02-05,2024-02-16,C02015,PK02,AG03,2,0,400,0.0,Completed,M-Pesa
BK-2024-00344,2024-02-05,2024-05-04,C02106,PK13,AG06,2,1,6510,0.0,Completed,Card
BK-2024-00345,2024-02-05,2024-02-14,C04010,PK04,AG00,2,0,525,0.0,Completed,Card
BK-2024-00346,2024-02-05,2024-02-28,C04642,PK02,AG03,2,0,400,0.0,Completed,Card
BK-2024-00347,2024-02-05,2024-03-21,C04865,PK03,AG00,2,1,565,0.05,Completed,Bank Transfer
BK-2024-00348,2024-02-05,2024-12-25,C05341,PK13,AG00,2,2,7485,0.0,Completed,Bank Transfer
BK-2024-00349,2024-02-05,2024-03-22,C06035,PK02,AG10,2,1,400,0.0,Completed,Bank Transfer
BK-2024-00350,2024-02-06,2024-06-28,C00074,PK15,AG07,1,0,4095,0.1,Canceled,Card
BK-2024-00351,2024-02-06,2024-02-21,C00221,PK01,AG06,2,3,440,,Completed,Bank Transfer
BK-2024-00352,2024-02-06,2024-02-26,C01262,PK03,AG03,2,0,565,0.0,Completed,PayPal
BK-2024-00353,2024-02-06,2024-02-28,C01616,PK01,AG00,7,0,440,0.1,Completed,Card
BK-2024-00354,2024-02-06,2024-02-25,C01840,PK01,AG00,2,2,440,0.05,Completed,Card
BK-2024-00355,2024-02-06,2024-11-15,C02092,PK14,AG04,1,0,4305,0.1,Completed,Bank Transfer
BK-2024-00356,2024-02-06,2024-06-12,C02141,PK12,AG04,2,0,5040,0.0,Completed,Card
BK-2024-00357,2024-02-06,2024-02-19,C02377,PK08,AG00,2,3,1240,0.0,Completed,PayPal
BK-2024-00358,2024-02-06,2024-07-26,C02615,PK14,AG00,2,3,4950,0.0,completed,Card
BK-2024-00359,2024-02-06,2024-07-06,C02643,PK10,AG00,2,0,1075,0.0,Completed,Card
BK-2024-00360,2024-02-06,2025-01-01,C02712,PK13,AG00,2,0,7845,0.15,Completed,Bank Transfer
BK-2024-00361,2024-02-06,2024-02-15,C02809,PK04,AG00,1,0,525,0.1,Completed,M-Pesa
BK-2024-00362,2024-02-06,2024-03-13,C03086,PK03,AG04,2,0,565,0.1,Completed,Card
BK-2024-00363,2024-02-06,2024-06-14,C03087,PK09,AG04,2,0,2730,0.15,Completed,M-Pesa
BK-2024-00364,2024-02-06,2024-03-10,C03413,PK01,AG04,1,0,440,0.0,Cancelled,Bank Transfer
BK-2024-00365,2024-02-06,2024-03-08,C03554,PK02,AG00,2,2,400,0.0,Completed ,PayPal
BK-2024-00366,2024-02-06,2024-07-29,C05026,PK12,AG06,1,0,5795,0.0,COMPLETED,PayPal
BK-2024-00367,2024-02-06,2024-03-07,C05300,PK09,AG00,2,0,2730,0.1,Completed,Card
BK-2024-00368,2024-02-07,2024-07-28,C02250,PK12,AG05,2,0,5795,0.0,Cancelled,Bank Transfer
BK-2024-00369,2024-02-07,2024-12-06,C02294,PK12,AG05,4,0,5795,0.0,Completed,Card
BK-2024-00370,2024-02-07,2024-03-08,C03976,PK04,AG04,2,1,525,0.0,Canceled,M-Pesa
BK-2024-00371,2024-02-07,2024-04-29,C04076,PK05,AG00,2,0,820,0.0,Completed,Bank Transfer
BK-2024-00372,2024-02-07,2024-03-28,C04137,PK02,AG13,3,0,400,0.05,Completed,Card
BK-2024-00373,2024-02-07,2024-09-02,C04192,PK12,AG12,3,0,5795,0.05,Completed,PayPal
BK-2024-00374,2024-02-07,2024-02-19,C04441,PK04,AG00,2,0,525,0.0,Completed,Card
BK-2024-00375,2024-02-07,2024-05-26,C04462,PK12,AG00,2,1,5040,0.0,Completed,Bank Transfer
BK-2024-00376,2024-02-08,2024-02-11,C00419,PK01,AG00,1,0,440,0.05,Completed,Card
BK-2024-00377,2024-02-08,2024-06-22,C01051,PK13,AG00,2,2,6510,0.05,Completed,PayPal
BK-2024-00378,2024-02-08,2024-07-07,C01078,PK09,AG07,10,0,3140,0.0,Canceled,M-Pesa
BK-2024-00379,2024-02-08,2024-04-14,C01195,PK11,AG08,4,0,4095,,Completed,Card
BK-2024-00380,2024-02-08,2024-03-22,C01542,PK02,AG02,2,0,400,0.0,Completed,Card
BK-2024-00381,2024-02-08,2024-02-29,C01870,PK11,AG01,1,0,4095,0.0,Completed,Bank Transfer
BK-2024-00382,2024-02-08,2024-02-25,C02385,PK09,AG04,2,2,2730,0.1,Completed,PayPal
BK-2024-00383,2024-02-08,2024-05-11,C02552,PK10,AG04,2,0,935,0.0,Cancelled,Card
BK-2024-00384,2024-02-08,2024-06-03,C02741,PK11,AG09,2,0,4095,0.0,Completed,Card
BK-2024-00385,2024-02-08,2024-02-18,C03028,PK01,AG03,2,0,440,0.0,Cancelled,Card
BK-2024-00386,2024-02-08,2024-03-27,C05351,PK09,AG00,2,0,2730,0.05,Completed,Card
BK-2024-00387,2024-02-08,2024-08-25,C05882,PK06,AG03,2,3,1510,0.1,Cancelled,Bank Transfer
BK-2024-00388,2024-02-08,2024-06-16,C06159,PK16,AG00,1,0,4830,0.1,Completed,Card
BK-2024-00389,2024-02-09,2025-02-13,C00379,PK14,AG11,1,0,4510,0.0,Completed,Card
BK-2024-00390,2024-02-09,2024-05-02,C01053,PK12,AG04,5,0,5040,0.0,Completed,Bank Transfer
BK-2024-00391,2024-02-09,2024-08-12,C01374,PK14,AG00,2,2,4950,0.1,Completed,Card
BK-2024-00392,2024-02-09,2024-08-31,C01652,PK17,AG02,2,0,11835,0.0,Completed,Bank Transfer
BK-2024-00393,2024-02-09,2024-03-09,C02516,PK05,AG02,1,0,820,0.0,Completed,Card
BK-2024-00394,2024-02-09,2024-03-01,C03876,PK02,AG01,4,0,400,0.0,Completed,Card
BK-2024-00395,2024-02-09,2024-02-12,C04047,PK01,AG01,5,0,440,0.1,Completed,Bank Transfer
BK-2024-00396,2024-02-09,2024-02-12,C05683,PK10,AG02,2,3,935,0.05,Completed,Bank Transfer
BK-2024-00397,2024-02-10,2024-02-29,C00645,PK01,AG06,8,0,440,0.0,completed,Card
BK-2024-00398,2024-02-10,2024-05-01,C00802,PK03,AG00,4,0,565,0.1,Completed,Card
BK-2024-00399,2024-02-10,2024-03-17,C01397,PK07,AG13,4,0,2470,0.05,Cancelled ,Bank Transfer
BK-2024-00400,2024-02-10,2024-08-30,C02289,PK15,AG08,2,0,4710,0.1,completed,Card
BK-2024-00401,2024-02-10,2024-03-22,C02322,PK09,AG00,2,0,2730,0.0,Completed,Card
BK-2024-00402,2024-02-10,2024-02-24,C03165,PK16,AG00,2,0,4830,0.0,Completed,Card
BK-2024-00403,2024-02-10,2024-07-19,C03371,PK12,AG09,2,0,5795,0.1,Completed ,Card
BK-2024-00404,2024-02-10,2024-02-21,C04422,PK04,AG03,2,0,525,0.0,Completed,Bank Transfer
BK-2024-00405,2024-02-10,2024-02-18,C05630,PK02,AG00,9,0,400,0.05,Completed,Card
BK-2024-00406,2024-02-10,2024-02-13,C05961,PK07,AG01,9,0,2470,0.05,Completed,Card
BK-2024-00407,2024-02-11,2024-02-22,C00678,PK07,AG05,2,0,2470,0.05,Completed,Card
BK-2024-00408,2024-02-11,2024-03-17,C00834,PK01,AG02,2,3,440,0.0,Completed,Bank Transfer
BK-2024-00409,2024-02-11,2024-08-17,C01318,PK14,AG03,2,0,4950,0.15,Cancelled ,M-Pesa
BK-2024-00410,2024-02-11,2024-04-27,C01779,PK07,AG02,2,0,2470,0.0,Completed,Card
BK-2024-00411,2024-02-11,2024-03-29,C03620,PK11,AG00,2,1,4095,0.0,Completed,Bank Transfer
BK-2024-00412,2024-02-11,2024-02-22,C03783,PK01,AG00,2,0,440,0.0,Completed,Bank Transfer
BK-2024-00413,2024-02-11,2024-08-26,C04510,PK06,AG03,2,1,1510,0.05,Completed,Bank Transfer
BK-2024-00414,2024-02-12,2024-02-25,C00390,PK08,AG04,2,2,1240,0.0,Completed,Card
BK-2024-00415,2024-02-12,2024-08-30,C01734,PK13,AG00,2,1,7485,0.1,Completed,Bank Transfer
BK-2024-00416,2024-02-12,2024-09-03,C02703,PK15,AG01,2,0,4710,0.0,Completed,M-Pesa
BK-2024-00417,2024-02-12,2024-03-14,C03871,PK07,AG03,12,0,2470,0.0,Completed ,Bank Transfer
BK-2024-00418,2024-02-12,2024-02-18,C04161,PK06,AG03,9,0,1310,0.1,Completed,Card
BK-2024-00419,2024-02-12,2024-04-07,C04958,PK05,AG01,4,0,820,0.05,Completed,Card
BK-2024-00420,2024-02-12,2024-04-05,C05097,PK09,AG08,5,0,2730,0.05,Completed,Card
BK-2024-00421,2024-02-12,2024-04-01,C05247,PK04,AG00,5,0,525,0.05,Completed,PayPal
BK-2024-00422,2024-02-13,2024-03-01,C00081,PK02,AG03,2,1,400,0.0,Completed,Card
BK-2024-00423,2024-02-13,2024-02-19,C00187,PK01,AG05,2,0,440,0.05,Completed,Card
BK-2024-00424,2024-02-13,2024-04-15,C00429,PK16,AG04,2,3,4830,0.0,Completed,Card
BK-2024-00425,2024-02-13,2024-03-09,C03876,PK15,AG11,6,0,4095,0.0,Completed,Card
BK-2024-00426,2024-02-13,2024-02-23,C04996,PK09,AG03,1,0,2730,0.05,Completed,PayPal
BK-2024-00427,2024-02-14,2024-03-21,C00900,PK01,AG00,2,0,440,0.0,Completed,Card
BK-2024-00428,2024-02-14,2024-07-04,C01613,PK14,AG00,2,1,4950,0.15,Completed,Card
BK-2024-00429,2024-02-14,2024-06-29,C01880,PK13,AG00,6,0,6510,0.1,Completed,Card
BK-2024-00430,2024-02-14,2024-03-31,C02778,PK07,AG09,2,2,2470,0.05,Completed,Card
BK-2024-00431,2024-02-14,2024-04-02,C02965,PK07,AG00,2,0,2470,0.05,Completed,Card
BK-2024-00432,2024-02-14,2024-03-18,C04504,PK04,AG13,5,0,525,0.15,Completed,Card
BK-2024-00433,2024-02-14,2024-07-07,C05532,PK12,AG00,2,3,5795,0.15,Completed,M-Pesa
BK-2024-00434,2024-02-15,2024-07-19,C01224,PK12,AG02,2,1,5795,0.0,Completed ,Card
BK-2024-00435,2024-02-15,2024-03-17,C01466,PK03,AG03,2,0,565,,Completed,PayPal
BK-2024-00436,2024-02-15,2024-03-01,C01600,PK01,AG03,1,0,440,0.0,Completed,PayPal
BK-2024-00437,2024-02-15,2024-07-23,C03278,PK15,AG00,2,0,4710,0.05,Completed,Bank Transfer
BK-2024-00438,2024-02-15,2024-03-26,C03299,PK14,AG04,8,0,4305,0.1,Completed,Bank Transfer
BK-2024-00439,2024-02-15,2024-07-01,C03979,PK08,AG12,9,0,1425,0.1,Completed,Card
BK-2024-00440,2024-02-15,2024-04-26,C04717,PK05,AG12,11,0,820,0.0,Completed,PayPal
BK-2024-00441,2024-02-15,2024-04-14,C05448,PK06,AG11,2,1,1310,0.0,Cancelled,Bank Transfer
BK-2024-00442,2024-02-15,2024-03-04,C05944,PK06,AG03,2,1,1310,0.15,Completed,Bank Transfer
BK-2024-00443,2024-02-15,2024-07-10,C05980,PK14,AG02,2,2,4950,0.1,Completed,PayPal
BK-2024-00444,2024-02-16,2024-03-31,C00665,PK05,AG00,2,0,820,0.1,Completed,M-Pesa
BK-2024-00445,2024-02-16,2024-03-16,C02409,PK07,AG00,2,3,2470,0.15,Completed,PayPal
BK-2024-00446,2024-02-16,2024-04-03,C02847,PK09,AG12,4,0,2730,0.05,completed,Card
BK-2024-00447,2024-02-16,2024-02-27,C03444,PK15,AG04,2,0,4095,0.0,COMPLETED,Card
BK-2024-00448,2024-02-16,2024-03-26,C03491,PK14,AG00,2,1,4305,0.0,Completed,Card
BK-2024-00448,2024-02-16,2024-03-26,C03491,PK14,AG00,2,1,4305,0.0,Completed,Card
BK-2024-00449,2024-02-16,2024-07-24,C03878,PK13,AG03,2,0,7485,0.1,Completed,Card
BK-2024-00449,2024-02-16,2024-07-24,C03878,PK13,AG03,2,0,7485,0.1,Completed,Card
BK-2024-00450,2024-02-16,2024-09-02,C04769,PK12,AG04,4,0,5795,0.15,cancelled,Card
BK-2024-00451,2024-02-16,2024-03-01,C05201,PK04,AG04,2,0,525,0.0,Completed,Card
BK-2024-00452,2024-02-16,2024-03-17,C05715,PK03,AG04,1,0,565,0.0,Completed,PayPal
BK-2024-00453,2024-02-16,2024-04-07,C06470,PK06,AG07,2,0,1310,0.0,Completed,Card
BK-2024-00454,2024-02-17,2024-09-04,C00196,PK14,AG04,4,0,4950,0.05,Completed,M-Pesa
BK-2024-00455,2024-02-17,2024-03-03,C00832,PK03,AG00,2,0,565,0.05,Completed,Bank Transfer
BK-2024-00456,2024-02-17,2024-05-29,C01277,PK12,AG10,7,0,5040,0.0,Completed,Bank Transfer
BK-2024-00457,2024-02-17,2024-06-10,C01600,PK15,AG00,1,0,4095,0.0,Completed,Bank Transfer
BK-2024-00458,2024-02-17,2024-07-15,C04482,PK13,AG01,7,0,7485,0.1,Completed,Bank Transfer
BK-2024-00459,2024-02-17,2024-04-04,C06186,PK10,AG00,2,1,935,0.0,Completed,Bank Transfer
BK-2024-00460,2024-02-18,2024-07-15,C00994,PK09,AG00,2,2,3140,0.0,Completed,Card
BK-2024-00461,2024-02-18,2024-03-13,C01027,PK05,AG00,2,0,820,0.1,Completed,M-Pesa
BK-2024-00462,2024-02-18,2024-02-24,C01438,PK13,AG05,2,0,6510,0.0,Completed,PayPal
BK-2024-00463,2024-02-18,2024-07-30,C02621,PK06,AG00,2,3,1510,0.0,Completed,Bank Transfer
BK-2024-00464,2024-02-18,2024-06-08,C03110,PK12,AG01,1,0,5040,0.0,Completed,Bank Transfer
BK-2024-00465,2024-02-18,2024-07-12,C03169,PK16,AG10,1,0,5555,0.0,Cancelled,Bank Transfer
BK-2024-00466,2024-02-18,2024-09-02,C03378,PK07,AG00,1,0,2840,0.0,Cancelled,Card
BK-2024-00467,2024-02-18,2024-03-13,C04844,PK10,AG01,2,3,935,0.05,Completed,PayPal
BK-2024-00468,2024-02-18,2024-02-23,C05625,PK10,AG12,6,0,935,0.1,Completed,Card
BK-2024-00469,2024-02-19,2024-04-19,C00872,PK07,AG06,6,0,2470,0.0,Completed,M-Pesa
BK-2024-00470,2024-02-19,2024-05-01,C01838,PK06,AG06,8,0,1310,0.0,Completed,Bank Transfer
BK-2024-00471,2024-02-19,2024-05-06,C02345,PK06,AG05,2,3,1310,0.0,Completed,Bank Transfer
BK-2024-00472,2024-02-19,2024-03-20,C02862,PK02,AG02,2,0,400,0.1,Completed,Card
BK-2024-00473,2024-02-19,2024-08-18,C04393,PK14,AG04,2,0,4950,0.0,Completed,Card
BK-2024-00474,2024-02-19,2024-09-01,C05672,PK11,AG12,6,0,4710,0.0,Completed,Bank Transfer
BK-2024-00475,2024-02-20,2024-05-16,C00285,PK11,AG04,2,0,4095,0.05,Completed,Bank Transfer
BK-2024-00476,2024-02-20,2024-07-04,C00849,PK13,AG07,2,1,7485,0.05,Completed ,Card
BK-2024-00477,2024-02-20,2024-07-09,C01636,PK12,AG00,2,0,5795,0.15,Cancelled,Card
BK-2024-00478,2024-02-20,2024-03-04,C03373,PK17,AG02,1,0,10290,0.0,Completed,PayPal
BK-2024-00479,2024-02-20,2024-03-02,C03907,PK02,AG04,2,0,400,0.1,Completed,Bank Transfer
BK-2024-00480,2024-02-20,2024-03-30,C04868,PK06,AG02,2,0,1310,0.0,Completed,Card
BK-2024-00481,2024-02-20,2024-03-16,C05142,PK04,AG12,9,0,525,0.1,Completed,Bank Transfer
BK-2024-00482,2024-02-20,2024-06-23,C05168,PK08,AG04,1,0,1240,0.0,Completed,Bank Transfer
BK-2024-00483,2024-02-20,2024-08-19,C05939,PK07,AG07,2,0,2840,0.0,Completed,Card
BK-2024-00484,2024-02-20,2024-08-24,C06073,PK10,AG00,2,0,1075,0.0,Completed,Bank Transfer
BK-2024-00485,2024-02-21,2024-04-05,C00615,PK06,AG02,2,0,1310,0.15,Completed,PayPal
BK-2024-00486,2024-02-21,2024-08-17,C02322,PK14,AG03,2,0,4950,,Completed,Bank Transfer
BK-2024-00487,2024-02-21,2024-06-09,C02397,PK12,AG10,2,0,5040,0.0,Completed,PayPal
BK-2024-00488,2024-02-21,2024-06-07,C02928,PK16,AG02,1,0,4830,0.05,Completed,PayPal
BK-2024-00489,2024-02-21,2024-08-16,C03415,PK07,AG05,2,2,2840,,Completed,Bank Transfer
BK-2024-00490,2024-02-21,2024-03-31,C03877,PK11,AG00,2,0,4095,0.0,Completed,Card
BK-2024-00491,2024-02-21,2024-03-19,C04103,PK03,AG01,7,0,565,0.1,Completed,Card
BK-2024-00492,2024-02-21,2024-04-26,C04667,PK10,AG10,1,0,935,0.05,Completed,PayPal
BK-2024-00493,2024-02-21,2024-07-30,C05209,PK07,AG11,2,0,2840,0.0,Canceled,Card
BK-2024-00494,2024-02-21,2024-06-13,C05329,PK16,AG09,2,0,4830,,Cancelled,PayPal
BK-2024-00495,2024-02-21,2024-07-24,C05485,PK17,AG04,2,0,11835,0.0,Cancelled,Bank Transfer
BK-2024-00496,2024-02-21,2024-04-21,C05704,PK08,AG09,2,0,1240,0.0,Completed,Bank Transfer
BK-2024-00497,2024-02-21,2024-05-30,C06137,PK05,AG03,2,3,820,0.05,Completed,M-Pesa
BK-2024-00498,2024-02-22,2024-07-30,C00183,PK12,AG00,2,2,5795,0.0,completed,M-Pesa
BK-2024-00499,2024-02-22,2024-03-08,C00252,PK01,AG07,2,0,440,0.1,Completed,Card
BK-2024-00500,2024-02-22,2024-04-10,C01182,PK06,AG00,7,0,1310,0.0,Completed ,Card
BK-2024-00501,2024-02-22,2024-03-30,C02300,PK07,AG03,2,0,2470,0.05,Completed,Card
BK-2024-00502,2024-02-22,2024-08-21,C02611,PK07,AG02,5,0,2840,0.0,Completed,Bank Transfer
BK-2024-00503,2024-02-22,2024-02-26,C02696,PK12,AG03,7,0,5040,0.1,Completed,M-Pesa
BK-2024-00504,2024-02-22,2024-08-20,C03193,PK14,AG10,2,0,4950,,Completed,M-Pesa
BK-2024-00505,2024-02-22,2024-03-02,C03296,PK01,AG00,2,0,440,0.0,Completed,Card
BK-2024-00506,2024-02-22,2024-03-05,C03804,PK02,AG00,2,3,400,0.0,Completed,Bank Transfer
BK-2024-00507,2024-02-22,2024-09-26,C05215,PK12,AG02,2,3,5795,0.1,Cancelled,Card
BK-2024-00508,2024-02-22,2024-03-16,C06036,PK02,AG03,9,0,400,0.15,Completed,Bank Transfer
BK-2024-00509,2024-02-23,2024-04-12,C00531,PK02,AG02,1,0,400,0.0,Completed,Card
BK-2024-00510,2024-02-23,2024-12-17,C01452,PK17,AG00,2,0,11835,0.0,Completed,Bank Transfer
BK-2024-00511,2024-02-23,2024-07-18,C01874,PK16,AG07,1,0,5555,0.0,Completed,Card
BK-2024-00512,2024-02-23,2024-03-17,C02069,PK01,AG00,6,0,440,0.1,Completed,Bank Transfer
BK-2024-00513,2024-02-23,2024-03-09,C02581,PK02,AG07,8,0,400,0.1,Completed,Bank Transfer
BK-2024-00514,2024-02-23,2024-04-05,C02749,PK02,AG00,2,0,400,0.1,Completed,Bank Transfer
BK-2024-00515,2024-02-23,2024-04-25,C04329,PK11,AG12,9,0,4095,0.0,Completed,Card
BK-2024-00516,2024-02-23,2024-08-04,C05114,PK14,AG03,2,0,4950,0.0,Completed,M-Pesa
BK-2024-00517,2024-02-23,2024-06-12,C05741,PK16,AG01,2,0,4830,0.1,Completed,Card
BK-2024-00518,2024-02-23,2024-07-31,C05754,PK16,AG00,2,2,5555,0.0,Completed,Card
BK-2024-00519,2024-02-23,2024-05-17,C06274,PK13,AG03,2,0,6510,0.0,Completed,PayPal
BK-2024-00520,2024-02-24,2024-09-04,C00754,PK12,AG07,2,1,5795,0.05,Completed,PayPal
BK-2024-00521,2024-02-24,2024-04-16,C00969,PK10,AG00,2,1,935,0.05,Completed,Card
BK-2024-00522,2024-02-24,2024-06-12,C01033,PK08,AG07,3,0,1240,0.1,Completed,Card
BK-2024-00523,2024-02-24,2024-04-13,C01045,PK03,AG00,2,0,565,,Completed,Card
BK-2024-00524,2024-02-24,2024-07-15,C02182,PK06,AG01,2,0,1510,0.05,Completed,Bank Transfer
BK-2024-00525,2024-02-24,2024-04-02,C04882,PK06,AG03,2,0,1310,0.0,Completed,Bank Transfer
BK-2024-00526,2024-02-24,2024-04-08,C05134,PK03,AG05,2,0,565,0.1,Completed,Bank Transfer
BK-2024-00527,2024-02-24,2024-03-20,C05232,PK01,AG11,1,0,440,0.0,Completed,Bank Transfer
BK-2024-00528,2024-02-24,2024-06-30,C05662,PK09,AG03,2,0,2730,0.0,Completed,Card
BK-2024-00529,2024-02-24,2024-09-05,C05881,PK17,AG05,4,0,11835,0.1,Completed,Card
BK-2024-00530,2024-02-25,2024-04-19,C01133,PK15,AG11,2,3,4095,0.05,Completed,Bank Transfer
BK-2024-00531,2024-02-25,2024-03-22,C01929,PK05,AG06,7,0,820,0.05,Completed,Card
BK-2024-00532,2024-02-25,2024-09-23,C02785,PK13,AG00,2,0,7485,0.0,Completed,Card
BK-2024-00533,2024-02-25,2024-07-10,C03107,PK13,AG04,2,2,7485,0.0,Completed,M-Pesa
BK-2024-00534,2024-02-25,2024-06-04,C03244,PK10,AG03,1,0,935,0.05,Completed,PayPal
BK-2024-00535,2024-02-25,2024-03-23,C03441,PK06,AG03,10,0,1310,0.1,Completed,PayPal
BK-2024-00536,2024-02-25,2024-03-18,C04179,PK02,AG09,2,0,400,0.05,Completed,Bank Transfer
BK-2024-00537,2024-02-25,2025-02-08,C04707,PK17,AG08,2,0,10780,0.0,Completed,M-Pesa
BK-2024-00538,2024-02-26,2024-07-24,C02589,PK16,AG06,2,2,5555,0.0,Completed,M-Pesa
BK-2024-00539,2024-02-26,2024-03-14,C03360,PK04,AG02,2,0,525,0.0,Completed,Card
BK-2024-00540,2024-02-26,2024-05-08,C04229,PK03,AG00,2,1,565,0.0,Completed,PayPal
BK-2024-00541,2024-02-26,2024-05-04,C05536,PK02,AG03,9,0,400,0.05,Completed,Card
BK-2024-00542,2024-02-26,2024-07-05,C05883,PK12,AG06,1,0,5795,0.15,Completed,Bank Transfer
BK-2024-00543,2024-02-26,2024-04-12,C06163,PK07,AG02,2,3,2470,0.0,Completed,PayPal
BK-2024-00544,2024-02-27,2024-04-29,C00155,PK02,AG00,2,2,400,0.0,Completed,Card
BK-2024-00545,2024-02-27,2024-07-23,C00422,PK12,AG08,2,0,5795,0.0,Completed,PayPal
BK-2024-00546,2024-02-27,2024-03-27,C02529,PK01,AG03,9,0,440,0.15,Completed,Bank Transfer
BK-2024-00547,2024-02-27,2024-03-29,C02858,PK04,AG00,2,0,525,0.1,Completed,Bank Transfer
BK-2024-00548,2024-02-27,2024-09-30,C03558,PK13,AG03,2,1,7485,0.0,Cancelled,Bank Transfer
BK-2024-00549,2024-02-27,2024-06-05,C03564,PK06,AG04,2,1,1310,0.0,Completed,Card
BK-2024-00550,2024-02-27,2024-06-03,C04117,PK12,AG01,2,0,5040,0.0,Completed,Bank Transfer
BK-2024-00551,2024-02-27,2024-05-26,C04741,PK06,AG06,2,0,1310,0.0,Completed,Bank Transfer
BK-2024-00552,2024-02-27,2024-04-04,C05254,PK03,AG04,1,0,565,0.05,Completed,Card
BK-2024-00553,2024-02-28,2024-03-19,C00275,PK06,AG01,1,0,1310,0.0,Completed,Bank Transfer
BK-2024-00554,2024-02-28,2024-03-23,C00743,PK03,AG00,1,0,565,0.1,Completed,Bank Transfer
BK-2024-00555,2024-02-28,2024-04-13,C01225,PK06,AG00,2,0,1310,0.05,Completed,Card
BK-2024-00556,2024-02-28,2024-05-01,C01504,PK05,AG08,2,2,820,0.1,Completed,M-Pesa
BK-2024-00557,2024-02-28,2024-07-18,C02827,PK12,AG06,9,0,5795,0.0,Completed,Card
BK-2024-00558,2024-02-28,2025-02-07,C04361,PK13,AG12,6,0,6820,0.1,Completed,M-Pesa
BK-2024-00559,2024-02-28,2024-09-09,C04874,PK14,AG00,2,0,4950,0.0,Cancelled,Bank Transfer
BK-2024-00560,2024-02-28,2024-08-01,C05160,PK12,AG11,5,0,5795,0.1,Completed,Bank Transfer
BK-2024-00561,2024-02-28,2024-03-14,C05478,PK01,AG08,2,0,440,0.0,Cancelled,PayPal
BK-2024-00562,2024-02-28,2024-08-04,C06041,PK14,AG02,2,0,4950,0.0,Completed,M-Pesa
BK-2024-00563,2024-02-29,2024-04-26,C01567,PK11,AG00,5,0,4095,0.0,Completed,Bank Transfer
BK-2024-00564,2024-02-29,2024-05-25,C02352,PK06,AG00,2,2,1310,0.0,Completed,Card
BK-2024-00565,2024-02-29,2024-08-25,C05764,PK12,AG02,2,0,5795,0.0,Completed,Bank Transfer
BK-2024-00566,2024-02-29,2024-03-07,C06293,PK01,AG03,2,1,440,0.0,Completed,Card
BK-2024-00567,2024-03-01,2024-09-07,C00159,PK15,AG00,7,0,4710,0.0,completed,M-Pesa
BK-2024-00568,2024-03-01,2024-03-28,C01725,PK08,AG04,1,0,1240,0.05,Completed,Card
BK-2024-00569,2024-03-01,2024-05-17,C01784,PK15,AG06,2,3,4095,0.0,Completed ,Bank Transfer
BK-2024-00570,2024-03-01,2024-04-26,C02224,PK12,AG00,1,0,5040,0.0,Completed,Card
BK-2024-00571,2024-03-01,2024-03-24,C03981,PK04,AG03,2,2,525,0.0,Completed,Bank Transfer
BK-2024-00572,2024-03-01,2024-07-31,C05375,PK14,AG13,3,0,4950,0.1,Completed,Card
BK-2024-00573,2024-03-02,2024-07-16,C00374,PK06,AG00,2,0,1510,0.0,Completed,Card
BK-2024-00574,2024-03-02,2024-04-12,C00744,PK01,AG10,2,0,440,0.0,Completed,Bank Transfer
BK-2024-00575,2024-03-02,2024-03-24,C04472,PK02,AG00,2,0,400,0.0,Completed,M-Pesa
BK-2024-00576,2024-03-02,2024-10-01,C05512,PK12,AG00,1,0,5795,0.0,Completed,Card
BK-2024-00577,2024-03-02,2024-03-17,C05662,PK06,AG00,2,0,1310,0.0,Completed,Card
BK-2024-00578,2024-03-02,2024-05-08,C06024,PK08,AG06,2,0,1240,0.0,completed,Card
BK-2024-00579,2024-03-03,2024-03-26,C00057,PK06,AG08,2,0,1310,0.0,Completed,Card
BK-2024-00580,2024-03-03,2024-03-13,C01347,PK03,AG07,1,0,565,0.0,Completed,Bank Transfer
BK-2024-00581,2024-03-03,2024-04-09,C01797,PK01,AG04,1,0,440,0.0,completed,M-Pesa
BK-2024-00582,2024-03-03,2024-06-08,C01800,PK06,AG11,2,2,1310,0.0,Completed,Card
BK-2024-00583,2024-03-03,2024-04-24,C01878,PK05,AG03,2,0,820,0.0,Completed,Card
BK-2024-00584,2024-03-03,2024-03-28,C02232,PK06,AG06,4,0,1310,0.1,Completed,Card
BK-2024-00585,2024-03-03,2024-04-24,C02357,PK06,AG09,2,0,1310,0.0,completed,PayPal
BK-2024-00586,2024-03-03,2024-03-25,C02696,PK10,AG00,6,0,935,0.1,Completed,M-Pesa
BK-2024-00587,2024-03-03,2024-03-25,C03400,PK05,AG11,1,0,820,0.0,Completed,Bank Transfer
BK-2024-00588,2024-03-03,2024-08-30,C04557,PK14,AG04,2,1,4950,0.0,Completed,Card
BK-2024-00589,2024-03-03,2024-07-10,C04948,PK09,AG07,2,0,3140,0.05,Completed,Card
BK-2024-00590,2024-03-03,2024-09-16,C05218,PK14,AG00,2,0,4950,0.0,Completed,Card
BK-2024-00591,2024-03-03,2024-03-11,C05446,PK05,AG00,2,0,820,0.15,Completed,Bank Transfer
BK-2024-00592,2024-03-04,2024-03-27,C00793,PK08,AG03,1,0,1240,,Completed,M-Pesa
BK-2024-00593,2024-03-04,2024-06-26,C01262,PK06,AG11,2,0,1310,0.1,Completed,Bank Transfer
BK-2024-00594,2024-03-04,2024-10-20,C01579,PK06,AG02,8,0,1510,0.0,Completed,M-Pesa
BK-2024-00595,2024-03-04,2024-05-05,C01877,PK10,AG00,2,0,935,0.05,Cancelled,Bank Transfer
BK-2024-00596,2024-03-04,2024-05-19,C02546,PK07,AG08,9,0,2470,0.0,Completed,Bank Transfer
BK-2024-00597,2024-03-04,2024-03-24,C03965,PK17,AG00,2,0,10290,0.0,Completed,M-Pesa
BK-2024-00598,2024-03-04,2024-03-16,C04257,PK04,AG00,2,2,525,0.1,Completed,M-Pesa
BK-2024-00599,2024-03-04,2024-04-07,C05136,PK03,AG00,3,0,565,0.1,Completed,Card
BK-2024-00600,2024-03-04,2024-05-16,C05437,PK15,AG13,12,0,4095,0.1,Completed,Card
BK-2024-00601,2024-03-04,2025-01-09,C05855,PK16,AG00,2,0,5820,,Completed,Bank Transfer
BK-2024-00602,2024-03-04,2024-06-17,C05890,PK07,AG01,2,2,2470,0.0,Completed,PayPal
BK-2024-00603,2024-03-05,2024-03-25,C00811,PK04,AG06,5,0,525,0.1,Completed,Card
BK-2024-00604,2024-03-05,2024-07-21,C01184,PK10,AG00,5,0,1075,0.05,Completed,M-Pesa
BK-2024-00604,2024-03-05,2024-07-21,C01184,PK10,AG00,5,0,1075,0.05,Completed,M-Pesa
BK-2024-00605,2024-03-05,2024-08-12,C01272,PK08,AG01,2,2,1425,0.15,Completed,Bank Transfer
BK-2024-00606,2024-03-05,2024-03-15,C01692,PK02,AG10,4,0,400,0.1,Completed,Card
BK-2024-00607,2024-03-05,2024-06-28,C01986,PK06,AG00,2,2,1310,0.0,Completed,Card
BK-2024-00608,2024-03-05,2024-09-13,C02461,PK17,AG04,2,0,11835,0.0,Completed,Card
BK-2024-00609,2024-03-05,2024-08-21,C03302,PK07,AG07,2,0,2840,0.05,Completed,Bank Transfer
BK-2024-00610,2024-03-05,2024-06-03,C03364,PK12,AG00,1,0,5040,0.05,Completed,PayPal
BK-2024-00611,2024-03-05,2024-06-07,C03395,PK07,AG03,2,0,2470,0.0,Completed,Bank Transfer
BK-2024-00612,2024-03-05,2024-03-08,C04724,PK11,AG07,2,3,4095,0.0,Completed,Card
BK-2024-00613,2024-03-05,2024-05-09,C05089,PK05,AG00,2,3,820,0.0,Completed,Bank Transfer
BK-2024-00614,2024-03-05,2024-08-17,C05183,PK15,AG00,2,0,4710,0.1,Completed,PayPal
BK-2024-00615,2024-03-05,2024-04-03,C05525,PK07,AG00,2,0,2470,0.0,Completed,Bank Transfer
BK-2024-00616,2024-03-05,2024-09-24,C05747,PK12,AG04,2,0,5795,0.0,Completed,Card
BK-2024-00617,2024-03-06,2024-09-18,C02653,PK14,AG04,2,2,4950,0.0,Cancelled,Card
BK-2024-00618,2024-03-06,2024-03-25,C04832,PK05,AG00,2,2,820,0.1,Completed,PayPal
BK-2024-00619,2024-03-06,2024-08-20,C05431,PK16,AG11,2,0,5555,0.0,Completed,Card
BK-2024-00620,2024-03-06,2024-08-10,C05614,PK16,AG03,2,0,5555,0.0,Canceled,Card
BK-2024-00621,2024-03-07,2024-09-18,C00504,PK16,AG02,8,0,5555,0.1,Cancelled,Bank Transfer
BK-2024-00622,2024-03-07,2024-05-12,C01599,PK04,AG02,4,0,525,0.1,Completed,Card
BK-2024-00623,2024-03-07,2024-06-15,C01635,PK15,AG01,2,0,4095,0.0,Completed,PayPal
BK-2024-00624,2024-03-07,2024-06-07,C01809,PK07,AG08,2,1,2470,0.1,Completed,PayPal
BK-2024-00625,2024-03-07,2024-08-28,C02272,PK12,AG02,2,0,5795,0.1,Cancelled ,M-Pesa
BK-2024-00626,2024-03-07,2024-07-17,C04632,PK14,AG07,9,0,4950,0.1,Completed,Card
BK-2024-00627,2024-03-07,2024-05-13,C05413,PK11,AG07,2,0,4095,0.0,COMPLETED,PayPal
BK-2024-00628,2024-03-07,2024-03-13,C05769,PK01,AG00,2,0,440,0.0,Completed,Bank Transfer
BK-2024-00629,2024-03-07,2024-04-29,C06042,PK11,AG07,2,0,4095,0.0,Completed,PayPal
BK-2024-00630,2024-03-08,2024-09-06,C01210,PK17,AG00,2,0,11835,0.05,Canceled,PayPal
BK-2024-00631,2024-03-08,2024-06-01,C01575,PK02,AG11,2,0,400,0.0,Completed,Bank Transfer
BK-2024-00632,2024-03-08,2024-07-12,C02540,PK16,AG00,2,0,5555,0.0,Completed,PayPal
BK-2024-00633,2024-03-08,2024-04-10,C02740,PK09,AG06,2,0,2730,0.15,Completed,Bank Transfer
BK-2024-00634,2024-03-08,2024-04-18,C04070,PK04,AG06,3,0,525,0.0,Completed,Card
BK-2024-00635,2024-03-08,2024-09-20,C04982,PK14,AG04,2,0,4950,0.05,Completed,Card
BK-2024-00636,2024-03-08,2024-04-08,C05123,PK12,AG00,2,0,5040,0.15,Completed,Card
BK-2024-00637,2024-03-08,2024-06-07,C05505,PK10,AG00,1,0,935,,Completed,Bank Transfer
BK-2024-00638,2024-03-08,2024-07-08,C05842,PK15,AG13,9,0,4710,0.1,Completed,Bank Transfer
BK-2024-00639,2024-03-08,2024-09-01,C06264,PK06,AG03,2,0,1510,0.15,Completed,Card
BK-2024-00640,2024-03-09,2024-03-13,C00116,PK06,AG09,1,0,1310,0.1,Completed ,Bank Transfer
BK-2024-00641,2024-03-09,2024-07-31,C00273,PK07,AG00,2,0,2840,0.0,Completed,Card
BK-2024-00642,2024-03-09,2024-07-01,C00301,PK12,AG00,1,0,5795,0.1,Completed,Bank Transfer
BK-2024-00643,2024-03-09,2024-04-19,C00776,PK02,AG01,2,3,400,0.1,Completed,M-Pesa
BK-2024-00644,2024-03-09,2024-03-20,C00896,PK03,AG00,1,0,565,0.05,Completed,Bank Transfer
BK-2024-00645,2024-03-09,2024-06-18,C02042,PK09,AG00,2,0,2730,,Completed,Bank Transfer
BK-2024-00646,2024-03-09,2024-07-05,C02122,PK13,AG10,2,0,7485,0.0,Completed,Bank Transfer
BK-2024-00647,2024-03-09,2024-03-20,C03079,PK05,AG05,2,0,820,0.0,Completed,M-Pesa
BK-2024-00648,2024-03-09,2024-04-22,C04146,PK06,AG00,2,1,1310,0.05,Completed,PayPal
BK-2024-00649,2024-03-09,2024-03-16,C04254,PK02,AG01,1,0,400,,Completed,Bank Transfer
BK-2024-00650,2024-03-09,2024-09-03,C04528,PK07,AG03,2,0,2840,0.0,COMPLETED,Card
BK-2024-00651,2024-03-09,2024-08-10,C05814,PK17,AG04,1,0,11835,0.05,Completed,M-Pesa
BK-2024-00652,2024-03-09,2024-05-30,C05974,PK12,AG00,2,0,5040,0.0,Completed,Card
BK-2024-00653,2024-03-09,2024-06-11,C06105,PK13,AG00,2,1,6510,0.0,Completed,PayPal
BK-2024-00654,2024-03-09,2024-05-01,C06342,PK07,AG02,2,3,2470,0.05,Completed,Card
BK-2024-00655,2024-03-10,2024-06-29,C00853,PK15,AG00,2,3,4095,0.0,Cancelled,Card
BK-2024-00656,2024-03-10,2024-05-26,C01290,PK10,AG07,5,0,935,0.1,Completed,Bank Transfer
BK-2024-00657,2024-03-10,2024-03-22,C01643,PK04,AG13,10,0,525,0.1,Completed,PayPal
BK-2024-00658,2024-03-10,2024-04-07,C02435,PK16,AG06,2,0,4830,0.0,Completed,Card
BK-2024-00659,2024-03-10,2024-08-24,C03526,PK13,AG00,7,0,7485,0.1,Completed,M-Pesa
BK-2024-00660,2024-03-10,2024-04-06,C04024,PK02,AG02,5,0,400,0.1,Completed,PayPal
BK-2024-00661,2024-03-10,2024-05-12,C04709,PK05,AG00,2,0,820,0.1,Completed,Card
BK-2024-00662,2024-03-10,2024-11-09,C04724,PK06,AG04,2,1,1310,0.05,Cancelled,M-Pesa
BK-2024-00663,2024-03-11,2024-03-29,C00292,PK02,AG10,2,2,400,0.05,Completed,Bank Transfer
BK-2024-00664,2024-03-11,2024-06-09,C00325,PK14,AG03,1,0,4305,0.0,completed,Card
BK-2024-00665,2024-03-11,2024-08-27,C01072,PK12,AG00,1,0,5795,0.1,Completed,Bank Transfer
BK-2024-00666,2024-03-11,2024-03-24,C02140,PK12,AG02,2,3,5040,0.0,Completed,PayPal
BK-2024-00667,2024-03-11,2024-08-01,C02668,PK07,AG10,8,0,2840,0.1,COMPLETED,Card
BK-2024-00668,2024-03-11,2024-04-05,C04989,PK12,AG04,5,0,5040,0.1,Completed,Bank Transfer
BK-2024-00669,2024-03-12,2024-07-02,C00161,PK07,AG08,5,0,2840,0.1,Completed,Bank Transfer
BK-2024-00670,2024-03-12,2024-03-30,C00822,PK03,AG03,2,0,565,0.0,Completed,Card
BK-2024-00671,2024-03-12,2024-07-23,C02543,PK09,AG05,2,2,3140,0.0,Completed,Card
BK-2024-00672,2024-03-12,2024-08-01,C02912,PK17,AG04,2,2,11835,0.0,Completed,PayPal
BK-2024-00673,2024-03-12,2024-03-20,C03602,PK04,AG01,8,0,525,0.1,completed,PayPal
BK-2024-00674,2024-03-12,2024-10-24,C05486,PK13,AG10,2,0,7485,0.0,Completed,M-Pesa
BK-2024-00675,2024-03-12,2024-03-27,C05613,PK09,AG03,2,1,2730,0.0,Completed,Bank Transfer
BK-2024-00676,2024-03-13,2024-07-07,C01093,PK06,AG04,2,0,1510,0.0,Completed,PayPal
BK-2024-00677,2024-03-13,2024-05-05,C01799,PK04,AG00,1,0,525,0.0,completed,Card
BK-2024-00678,2024-03-13,2024-09-08,C02176,PK16,AG05,2,1,5555,0.0,Completed,Bank Transfer
BK-2024-00679,2024-03-13,2024-06-24,C03128,PK12,AG10,2,0,5040,0.0,Completed,Card
BK-2024-00680,2024-03-13,2024-06-16,C04540,PK06,AG07,2,3,1310,0.1,Completed,Bank Transfer
BK-2024-00681,2024-03-13,2024-08-30,C05484,PK13,AG07,2,0,7485,0.0,Cancelled,Card
BK-2024-00682,2024-03-14,2024-04-02,C00029,PK03,AG04,2,0,565,0.0,Completed,PayPal
BK-2024-00683,2024-03-14,2024-06-06,C00881,PK11,AG00,1,0,4095,0.0,Completed,PayPal
BK-2024-00684,2024-03-14,2024-07-27,C00987,PK14,AG00,2,3,4950,0.05,Completed,Bank Transfer
BK-2024-00685,2024-03-14,2024-04-26,C01402,PK09,AG13,12,0,2730,0.15,Completed,Card
BK-2024-00686,2024-03-14,2024-10-09,C01593,PK16,AG00,2,1,5555,0.05,Completed,Card
BK-2024-00687,2024-03-14,2024-06-19,C01992,PK07,AG00,2,1,2470,0.05,Completed,PayPal
BK-2024-00688,2024-03-14,2024-03-19,C04800,PK01,AG10,1,0,440,0.1,Completed,Card
BK-2024-00689,2024-03-14,2024-03-27,C04850,PK02,AG09,5,0,400,0.0,Completed,Bank Transfer
BK-2024-00690,2024-03-14,2024-03-27,C05494,PK11,AG06,2,3,4095,0.1,Completed,Card
BK-2024-00691,2024-03-14,2024-03-24,C05983,PK02,AG11,2,0,400,0.0,Completed,Bank Transfer
BK-2024-00692,2024-03-15,2024-09-26,C01036,PK12,AG09,2,0,5795,0.0,Completed,Card
BK-2024-00693,2024-03-15,2024-10-24,C05993,PK15,AG01,8,0,4710,,Completed,Bank Transfer
BK-2024-00694,2024-03-16,2024-06-15,C02026,PK09,AG00,1,0,2730,0.05,Completed,Bank Transfer
BK-2024-00695,2024-03-16,2024-04-05,C04046,PK09,AG00,2,1,2730,0.0,Completed,M-Pesa
BK-2024-00696,2024-03-17,2024-03-26,C00610,PK03,AG05,2,0,565,0.0,Completed,Card
BK-2024-00697,2024-03-17,2024-07-19,C01070,PK11,AG13,9,0,4710,0.0,Completed,Bank Transfer
BK-2024-00698,2024-03-17,2024-04-12,C02140,PK05,AG00,2,1,820,0.0,Completed,Card
BK-2024-00699,2024-03-17,2024-07-16,C02270,PK07,AG13,4,0,2840,0.1,Completed,Card
BK-2024-00700,2024-03-17,2024-07-26,C03369,PK15,AG00,2,0,4710,0.05,Completed,Card
BK-2024-00701,2024-03-17,2024-04-27,C04263,PK14,AG00,2,2,4305,0.05,Completed,Card
BK-2024-00702,2024-03-17,2024-05-11,C05748,PK08,AG08,2,0,1240,0.0,Completed,Bank Transfer
BK-2024-00703,2024-03-17,2024-05-11,C05974,PK05,AG06,2,0,820,0.0,Completed,Card
BK-2024-00704,2024-03-18,2024-06-27,C00628,PK16,AG02,1,0,4830,0.1,Completed,Card
BK-2024-00705,2024-03-18,2024-07-18,C01855,PK09,AG02,2,3,3140,0.0,COMPLETED,Bank Transfer
BK-2024-00706,2024-03-18,2024-06-16,C01893,PK11,AG08,2,0,4095,0.0,Cancelled,PayPal
BK-2024-00707,2024-03-18,2024-04-02,C02459,PK05,AG00,1,0,820,0.1,Completed,M-Pesa
BK-2024-00708,2024-03-18,2024-07-27,C02814,PK08,AG01,1,0,1425,0.0,Completed,Card
BK-2024-00709,2024-03-18,2024-04-17,C03022,PK03,AG00,2,3,565,0.0,Completed,Card
BK-2024-00710,2024-03-18,2024-03-22,C03660,PK01,AG01,9,0,440,0.0,Completed,Card
BK-2024-00711,2024-03-18,2024-08-23,C04226,PK15,AG00,2,3,4710,0.0,Completed,PayPal
BK-2024-00712,2024-03-18,2024-07-02,C05035,PK13,AG06,2,3,7485,0.05,Completed,Card
BK-2024-00713,2024-03-18,2024-06-24,C05110,PK10,AG03,2,2,935,0.0,Completed,Bank Transfer
BK-2024-00714,2024-03-18,2024-09-19,C05892,PK10,AG00,2,0,1075,0.0,Completed,Card
BK-2024-00715,2024-03-18,2024-04-11,C05909,PK17,AG00,2,0,10290,0.0,Completed,Card
BK-2024-00716,2024-03-19,2024-03-22,C00104,PK03,AG02,2,0,565,0.0,Completed,Bank Transfer
BK-2024-00717,2024-03-19,2024-06-06,C01071,PK16,AG02,1,0,4830,0.0,Completed,PayPal
BK-2024-00718,2024-03-19,2024-06-05,C02464,PK12,AG02,2,3,5040,0.05,Completed,PayPal
BK-2024-00719,2024-03-19,2024-08-22,C06273,PK13,AG03,2,3,7485,0.0,Completed,Card
BK-2024-00720,2024-03-19,2024-05-25,C06290,PK07,AG08,4,0,2470,0.1,Completed,Bank Transfer
BK-2024-00721,2024-03-19,2024-06-22,C06344,PK14,AG01,6,0,4305,0.15,Completed,Bank Transfer
BK-2024-00722,2024-03-20,2024-05-13,C00729,PK11,AG06,2,1,4095,0.15,completed,Card
BK-2024-00723,2024-03-20,2024-05-04,C01304,PK03,AG04,2,0,565,0.15,Completed,Card
BK-2024-00724,2024-03-20,2025-02-19,C01571,PK15,AG01,2,3,4290,0.0,Completed,Card
BK-2024-00725,2024-03-20,2024-04-25,C03151,PK09,AG04,2,1,2730,0.0,Completed,Bank Transfer
BK-2024-00726,2024-03-20,2024-04-06,C03348,PK01,AG00,2,3,440,0.0,Completed,Bank Transfer
BK-2024-00727,2024-03-20,2024-09-04,C03627,PK12,AG02,2,1,5795,0.05,Canceled,Card
BK-2024-00728,2024-03-20,2024-06-29,C03761,PK13,AG03,9,0,6510,0.1,Completed,Card
BK-2024-00729,2024-03-20,2024-06-11,C03851,PK06,AG03,2,0,1310,0.0,Completed,Card
BK-2024-00730,2024-03-20,2024-08-13,C04048,PK09,AG09,7,0,3140,0.1,Completed,Bank Transfer
BK-2024-00731,2024-03-20,2024-08-23,C05813,PK16,AG00,4,0,5555,0.1,Completed,Card
BK-2024-00732,2024-03-21,2024-03-24,C00218,PK02,AG10,4,0,400,0.0,Completed ,Bank Transfer
BK-2024-00733,2024-03-21,2024-07-13,C00645,PK15,AG02,9,0,4710,0.15,Completed,Card
BK-2024-00734,2024-03-21,2024-11-11,C01637,PK12,AG11,2,2,5040,,Completed,PayPal
BK-2024-00735,2024-03-21,2024-08-25,C02239,PK11,AG00,2,0,4710,0.0,Completed,Card
BK-2024-00736,2024-03-21,2024-04-02,C02656,PK03,AG00,1,0,565,0.0,completed,Card
BK-2024-00737,2024-03-21,2024-08-06,C02995,PK14,AG00,2,0,4950,0.0,Completed,Card
BK-2024-00738,2024-03-21,2024-06-21,C03484,PK10,AG02,1,0,935,0.0,Cancelled,Card
BK-2024-00739,2024-03-21,2024-09-15,C04186,PK09,AG04,2,1,3140,0.0,completed,Bank Transfer
BK-2024-00740,2024-03-21,2024-08-12,C04268,PK15,AG02,1,0,4710,0.0,Canceled,PayPal
BK-2024-00741,2024-03-21,2024-06-05,C04852,PK09,AG02,1,0,2730,0.0,Canceled,Bank Transfer
BK-2024-00742,2024-03-21,2024-06-18,C05759,PK13,AG01,2,0,6510,0.05,Completed,Card
BK-2024-00743,2024-03-22,2024-05-08,C00298,PK11,AG00,2,2,4095,0.0,Completed,Card
BK-2024-00744,2024-03-22,2024-07-24,C00324,PK12,AG03,2,0,5795,0.1,Canceled,PayPal
BK-2024-00745,2024-03-22,2024-10-18,C03029,PK15,AG04,2,0,4710,0.05,Canceled,PayPal
BK-2024-00746,2024-03-22,2024-04-26,C03122,PK09,AG04,2,0,2730,,Completed,Card
BK-2024-00747,2024-03-22,2024-04-25,C03522,PK02,AG00,2,0,400,0.0,Completed,M-Pesa
BK-2024-00748,2024-03-22,2024-03-26,C03589,PK11,AG00,2,0,4095,,Completed,Card
BK-2024-00749,2024-03-22,2024-08-13,C03632,PK14,AG00,2,0,4950,0.0,Completed,Card
BK-2024-00750,2024-03-22,2024-06-02,C03785,PK13,AG07,2,0,6510,0.15,Completed,Bank Transfer
BK-2024-00751,2024-03-22,2024-09-26,C04682,PK08,AG00,2,2,1425,,Completed,Card
BK-2024-00752,2024-03-22,2024-05-07,C06210,PK11,AG04,2,0,4095,0.0,Completed,Bank Transfer
BK-2024-00753,2024-03-23,2024-06-28,C01860,PK14,AG09,9,0,4305,0.05,Completed,Card
BK-2024-00754,2024-03-23,2024-06-23,C02176,PK15,AG05,2,3,4095,0.0,Completed,PayPal
BK-2024-00755,2024-03-23,2024-08-14,C03356,PK12,AG00,2,2,5795,0.0,completed,Bank Transfer
BK-2024-00756,2024-03-23,2024-06-27,C03407,PK06,AG07,2,1,1310,0.05,Completed,Bank Transfer
BK-2024-00757,2024-03-23,2024-06-14,C04606,PK13,AG13,5,0,6510,0.0,Completed,M-Pesa
BK-2024-00758,2024-03-23,2024-04-23,C04688,PK01,AG04,2,1,440,0.05,Completed,Card
BK-2024-00759,2024-03-23,2024-04-04,C05302,PK01,AG03,2,3,440,0.1,Cancelled,M-Pesa
BK-2024-00760,2024-03-23,2024-05-13,C05517,PK12,AG04,2,0,5040,0.0,Completed,M-Pesa
BK-2024-00761,2024-03-23,2024-06-17,C05706,PK05,AG04,1,0,820,0.1,Completed,Card
BK-2024-00762,2024-03-23,2024-07-21,C06313,PK17,AG08,2,3,11835,0.0,Completed,M-Pesa
BK-2024-00763,2024-03-23,2024-05-10,C06423,PK07,AG04,2,0,2470,0.05,Completed,Card
BK-2024-00764,2024-03-24,2024-05-08,C02094,PK01,AG07,1,0,440,0.1,Completed,Bank Transfer
BK-2024-00765,2024-03-24,2024-09-09,C02459,PK16,AG00,1,0,5555,,Completed,Bank Transfer
BK-2024-00766,2024-03-24,2024-07-14,C04831,PK13,AG13,11,0,7485,0.1,Completed,PayPal
BK-2024-00767,2024-03-24,2024-07-03,C06274,PK03,AG11,2,0,650,0.0,Completed,Bank Transfer
BK-2024-00768,2024-03-24,2024-04-07,C06370,PK02,AG08,2,0,400,0.0,Cancelled,Card
BK-2024-00769,2024-03-25,2024-05-10,C00418,PK04,AG02,2,0,525,0.05,Completed,M-Pesa
BK-2024-00770,2024-03-25,2024-07-22,C01012,PK12,AG00,1,0,5795,0.0,Cancelled,Card
BK-2024-00771,2024-03-25,2024-06-17,C01840,PK10,AG07,2,2,935,0.0,Completed,M-Pesa
BK-2024-00772,2024-03-25,2024-04-14,C03347,PK03,AG00,1,0,565,0.05,Completed,Card
BK-2024-00773,2024-03-25,2024-07-06,C05775,PK17,AG00,2,3,11835,0.1,Completed,Bank Transfer
BK-2024-00774,2024-03-26,2024-08-19,C01786,PK17,AG00,2,0,11835,0.05,Completed,Card
BK-2024-00775,2024-03-26,2024-06-07,C02459,PK08,AG06,1,0,1240,0.1,Completed,Card
BK-2024-00776,2024-03-26,2024-03-31,C03511,PK03,AG08,5,0,565,0.05,Completed ,Card
BK-2024-00777,2024-03-26,2024-06-01,C04207,PK10,AG02,2,0,935,0.1,Completed,Card
BK-2024-00778,2024-03-26,2024-05-09,C04438,PK02,AG06,2,0,400,0.15,Completed,Card
BK-2024-00779,2024-03-26,2024-10-21,C05252,PK06,AG02,2,3,1510,0.0,Completed,Card
BK-2024-00780,2024-03-26,2024-09-11,C06443,PK12,AG06,6,0,5795,0.05,Completed,Bank Transfer
BK-2024-00781,2024-03-27,2024-07-20,C00133,PK14,AG00,2,0,4950,0.0,Completed,Bank Transfer
BK-2024-00782,2024-03-27,2024-10-22,C00374,PK12,AG00,2,0,5795,0.0,Completed,PayPal
BK-2024-00783,2024-03-27,2024-08-23,C00723,PK14,AG04,2,1,4950,0.0,Completed,Card
BK-2024-00784,2024-03-27,2024-07-06,C01672,PK13,AG02,2,1,7485,0.1,Canceled,M-Pesa
BK-2024-00785,2024-03-27,2024-06-10,C01754,PK07,AG06,2,0,2470,0.0,Completed ,M-Pesa
BK-2024-00786,2024-03-27,2024-07-15,C01826,PK15,AG00,2,0,4710,0.1,Completed,Bank Transfer
BK-2024-00787,2024-03-27,2024-10-21,C01889,PK16,AG06,2,0,5555,0.0,Completed,M-Pesa
BK-2024-00788,2024-03-27,2024-08-16,C03040,PK14,AG07,2,1,4950,0.1,Completed,PayPal
BK-2024-00789,2024-03-27,2024-04-17,C04033,PK04,AG07,9,0,525,0.1,Completed,Bank Transfer
BK-2024-00790,2024-03-27,2024-06-03,C04364,PK05,AG00,2,3,820,0.0,Completed ,Bank Transfer
BK-2024-00791,2024-03-27,2024-06-27,C05754,PK06,AG10,2,3,1310,0.05,Completed,PayPal
BK-2024-00792,2024-03-27,2024-04-28,C05770,PK01,AG00,2,3,440,0.0,Completed,Bank Transfer
BK-2024-00793,2024-03-27,2024-11-06,C06258,PK17,AG03,2,3,10290,,Completed,Card
BK-2024-00794,2024-03-28,2024-04-23,C02428,PK05,AG02,1,0,820,0.0,Cancelled,Bank Transfer
BK-2024-00795,2024-03-28,2024-04-23,C02553,PK06,AG05,2,1,1310,0.0,Completed,M-Pesa
BK-2024-00796,2024-03-28,2024-08-24,C03166,PK15,AG01,2,0,4710,0.0,Completed,PayPal
BK-2024-00797,2024-03-28,2024-07-27,C04621,PK15,AG00,8,0,4710,0.1,completed,Card
BK-2024-00798,2024-03-28,2024-08-28,C06483,PK16,AG06,2,3,5555,0.0,Completed,Card
BK-2024-00799,2024-03-29,2024-10-04,C01832,PK06,AG00,2,0,1510,0.15,Cancelled,Bank Transfer
BK-2024-00800,2024-03-29,2024-08-11,C02642,PK16,AG11,2,0,5555,0.0,Completed,M-Pesa
BK-2024-00801,2024-03-29,2024-05-21,C03266,PK03,AG04,2,0,565,0.15,Completed,M-Pesa
BK-2024-00802,2024-03-29,2024-06-14,C05114,PK09,AG00,2,0,2730,0.0,Completed,Card
BK-2024-00803,2024-03-29,2024-06-03,C05556,PK14,AG00,2,0,4305,0.0,Completed,PayPal
BK-2024-00804,2024-03-29,2024-09-21,C06208,PK15,AG01,2,1,4710,0.0,Completed,Card
BK-2024-00805,2024-03-30,2024-07-06,C00686,PK10,AG02,2,0,1075,0.0,COMPLETED,Bank Transfer
BK-2024-00806,2024-03-30,2024-05-13,C02773,PK03,AG00,2,1,565,0.1,Completed,Card
BK-2024-00807,2024-03-30,2024-07-02,C03864,PK15,AG03,2,2,4710,0.05,Completed ,Card
BK-2024-00808,2024-03-30,2024-09-05,C04573,PK17,AG00,2,0,11835,0.0,Completed,Card
BK-2024-00809,2024-03-30,2024-07-20,C05158,PK14,AG00,2,0,4950,0.0,Cancelled,Card
BK-2024-00810,2024-03-30,2024-08-30,C05182,PK10,AG05,2,0,1075,0.0,Completed,Bank Transfer
BK-2024-00811,2024-03-30,2024-07-07,C05436,PK13,AG04,2,0,7485,0.0,Completed,PayPal
BK-2024-00812,2024-03-31,2024-05-02,C02648,PK02,AG00,2,0,400,0.1,Completed,M-Pesa
BK-2024-00813,2024-03-31,2024-07-24,C02731,PK08,AG00,2,1,1425,0.0,Cancelled,M-Pesa
BK-2024-00814,2024-03-31,2024-06-04,C03640,PK01,AG05,2,0,440,0.1,Canceled,Card
BK-2024-00815,2024-03-31,2024-07-11,C04450,PK09,AG00,2,0,3140,0.0,Completed,Card
BK-2024-00816,2024-03-31,2024-09-05,C04763,PK13,AG04,2,0,7485,0.0,Completed,Card
BK-2024-00817,2024-03-31,2024-08-02,C05125,PK07,AG04,2,0,2840,0.0,CANCELLED,Card
BK-2024-00818,2024-04-01,2024-07-07,C00654,PK12,AG00,6,0,5795,0.05,Completed,PayPal
BK-2024-00819,2024-04-01,2024-12-28,C00712,PK10,AG07,2,0,1075,0.05,Completed,PayPal
BK-2024-00820,2024-04-01,2024-05-05,C02552,PK08,AG08,2,0,1240,0.1,Completed,Card
BK-2024-00821,2024-04-01,2024-04-05,C02575,PK01,AG05,4,0,440,0.0,Completed,Bank Transfer
BK-2024-00822,2024-04-01,2024-08-11,C03817,PK15,AG00,1,0,4710,0.0,Completed,Card
BK-2024-00823,2024-04-01,2024-05-04,C03906,PK03,AG00,1,0,565,0.1,Completed,PayPal
BK-2024-00824,2024-04-01,2024-07-13,C04016,PK01,AG00,2,0,505,0.0,Canceled,Bank Transfer
BK-2024-00825,2024-04-01,2024-05-09,C04896,PK12,AG00,4,0,5040,0.1,Completed,Bank Transfer
BK-2024-00826,2024-04-01,2024-05-13,C05595,PK09,AG02,9,0,2730,0.05,Completed,M-Pesa
BK-2024-00827,2024-04-01,2024-05-14,C06109,PK01,AG06,2,0,440,0.05,Completed,Card
BK-2024-00828,2024-04-02,2024-08-24,C00320,PK13,AG00,2,0,7485,0.1,Completed,M-Pesa
BK-2024-00829,2024-04-02,2024-04-14,C01658,PK05,AG04,2,0,820,0.05,Completed,Card
BK-2024-00830,2024-04-02,2024-05-13,C02720,PK05,AG10,2,2,820,0.0,COMPLETED,Bank Transfer
BK-2024-00831,2024-04-02,2024-10-09,C02796,PK07,AG13,12,0,2840,0.1,Completed,Card
BK-2024-00832,2024-04-02,2024-04-12,C03090,PK02,AG11,2,1,400,0.15,Completed,Bank Transfer
BK-2024-00833,2024-04-02,2024-08-13,C03309,PK13,AG00,1,0,7485,0.0,Completed,Bank Transfer
BK-2024-00834,2024-04-02,2024-06-13,C04458,PK13,AG04,2,0,6510,0.0,Completed,Card
BK-2024-00835,2024-04-02,2024-07-29,C04842,PK13,AG05,2,0,7485,0.1,Completed,Bank Transfer
BK-2024-00836,2024-04-02,2024-09-25,C05660,PK09,AG03,2,0,3140,0.0,Completed,Bank Transfer
BK-2024-00837,2024-04-02,2024-06-01,C06099,PK07,AG03,1,0,2470,0.0,Completed,Card
BK-2024-00838,2024-04-02,2024-08-30,C06105,PK11,AG00,2,3,4710,0.0,Completed,Bank Transfer
BK-2024-00839,2024-04-03,2024-10-27,C02889,PK17,AG00,2,3,11835,0.1,Completed,Bank Transfer
BK-2024-00840,2024-04-03,2024-07-18,C04031,PK06,AG10,2,0,1510,,Completed,Card
BK-2024-00841,2024-04-03,2024-07-12,C05724,PK08,AG03,1,0,1425,0.0,Completed,Bank Transfer
BK-2024-00842,2024-04-03,2024-06-11,C05836,PK10,AG01,1,0,935,0.05,Completed,PayPal
BK-2024-00843,2024-04-04,2024-07-10,C00231,PK09,AG11,2,0,3140,0.1,Completed,Bank Transfer
BK-2024-00844,2024-04-04,2024-08-03,C01189,PK15,AG00,2,0,4710,0.0,Completed,Card
BK-2024-00845,2024-04-04,2024-08-21,C02671,PK08,AG02,2,0,1425,0.0,Completed,Bank Transfer
BK-2024-00846,2024-04-04,2024-06-17,C04043,PK08,AG06,7,0,1240,0.1,Completed,Bank Transfer
BK-2024-00847,2024-04-04,2024-08-15,C04140,PK17,AG05,2,0,11835,0.1,Completed,Card
BK-2024-00848,2024-04-04,2024-08-20,C05730,PK15,AG02,2,0,4710,0.0,Completed,Card
BK-2024-00849,2024-04-05,2024-06-22,C01216,PK14,AG12,10,0,4305,0.0,Completed,Card
BK-2024-00850,2024-04-05,2024-04-12,C01799,PK06,AG05,1,0,1310,0.0,Completed,PayPal
BK-2024-00851,2024-04-05,2025-02-25,C02507,PK08,AG03,8,0,1300,0.0,Completed,Bank Transfer
BK-2024-00852,2024-04-05,2024-08-31,C02668,PK08,AG04,7,0,1425,0.1,Completed,Card
BK-2024-00853,2024-04-05,2024-05-19,C02789,PK03,AG01,1,0,565,0.0,Completed,Card
BK-2024-00854,2024-04-05,2024-08-02,C03199,PK08,AG05,2,0,1425,0.1,Completed,Card
BK-2024-00855,2024-04-05,2024-09-30,C03569,PK13,AG00,6,0,7485,0.0,Completed,PayPal
BK-2024-00856,2024-04-05,2024-11-16,C03935,PK15,AG04,2,0,4095,0.0,Completed,Card
BK-2024-00857,2024-04-05,2024-08-14,C04577,PK16,AG08,2,1,5555,,Completed,Card
BK-2024-00858,2024-04-05,2024-08-02,C04839,PK15,AG12,12,0,4710,0.1,Completed,PayPal
BK-2024-00859,2024-04-05,2024-08-13,C05585,PK14,AG03,2,0,4950,0.0,Cancelled,Bank Transfer
BK-2024-00860,2024-04-06,2024-07-04,C01472,PK14,AG01,7,0,4950,0.1,Completed,Bank Transfer
BK-2024-00861,2024-04-06,2024-07-07,C02063,PK04,AG11,4,0,605,0.0,Completed,Bank Transfer
BK-2024-00862,2024-04-06,2024-04-30,C03487,PK01,AG00,2,0,440,0.0,Completed ,Card
BK-2024-00863,2024-04-06,2024-04-29,C03507,PK01,AG12,4,0,440,0.1,Completed,Card
BK-2024-00864,2024-04-06,2024-08-13,C04273,PK14,AG00,1,0,4950,0.05,Completed,M-Pesa
BK-2024-00865,2024-04-06,2024-07-27,C04442,PK10,AG06,9,0,1075,0.1,Completed,Card
BK-2024-00866,2024-04-06,2024-06-01,C05236,PK01,AG00,1,0,440,0.0,Completed,Bank Transfer
BK-2024-00867,2024-04-07,2024-07-13,C01318,PK16,AG03,2,0,5555,0.0,Completed,M-Pesa
BK-2024-00868,2024-04-07,2024-08-18,C01430,PK14,AG08,6,0,4950,0.1,Completed,Card
BK-2024-00869,2024-04-07,2024-07-07,C01933,PK07,AG01,2,0,2840,0.0,Completed,Card
BK-2024-00870,2024-04-07,2024-08-22,C02444,PK10,AG08,4,0,1075,0.1,Completed,Bank Transfer
BK-2024-00871,2024-04-07,2024-08-06,C02774,PK09,AG07,8,0,3140,0.0,Completed,Card
BK-2024-00872,2024-04-07,2024-08-02,C03254,PK06,AG07,4,0,1510,0.1,Completed ,PayPal
BK-2024-00873,2024-04-07,2024-05-16,C03303,PK06,AG00,2,0,1310,0.05,Completed,Card
BK-2024-00874,2024-04-07,2024-12-12,C03315,PK15,AG09,2,0,4710,0.15,Completed,Card
BK-2024-00875,2024-04-07,2024-08-13,C05156,PK17,AG06,2,2,11835,0.0,Completed,Bank Transfer
BK-2024-00876,2024-04-07,2024-11-04,C05159,PK12,AG01,2,0,5040,0.0,Completed,Bank Transfer
BK-2024-00877,2024-04-08,2024-04-17,C00402,PK01,AG00,2,0,440,0.0,Completed,M-Pesa
BK-2024-00878,2024-04-08,2024-06-17,C00504,PK14,AG00,4,0,4305,0.1,Completed,PayPal
BK-2024-00879,2024-04-08,2024-05-13,C02825,PK02,AG02,2,0,400,0.0,Completed,M-Pesa
BK-2024-00880,2024-04-08,2024-09-05,C03847,PK12,AG00,2,2,5795,0.15,Completed,M-Pesa
BK-2024-00881,2024-04-08,2024-05-03,C04056,PK06,AG00,8,0,1310,0.1,Completed,PayPal
BK-2024-00882,2024-04-08,2024-06-27,C04673,PK08,AG03,2,1,1240,0.0,Completed,Card
BK-2024-00883,2024-04-08,2024-04-25,C05693,PK13,AG10,1,0,6510,0.0,Cancelled,Card
BK-2024-00884,2024-04-08,2024-07-15,C06443,PK04,AG06,8,0,605,0.1,Completed,Card
BK-2024-00885,2024-04-09,2024-06-01,C00454,PK01,AG00,2,0,440,0.0,Completed,M-Pesa
BK-2024-00886,2024-04-09,2024-06-03,C00539,PK01,AG10,2,2,440,0.0,Completed,Card
BK-2024-00887,2024-04-09,2024-06-12,C01148,PK15,AG04,2,0,4095,0.0,Completed,Card
BK-2024-00888,2024-04-09,2024-04-12,C01156,PK01,AG12,4,0,440,0.05,Cancelled,Card
BK-2024-00889,2024-04-09,2024-06-05,C02701,PK06,AG11,2,1,1310,0.0,Completed,M-Pesa
BK-2024-00890,2024-04-09,2024-07-10,C03320,PK08,AG01,1,0,1425,0.05,cancelled,PayPal
BK-2024-00891,2024-04-09,2024-08-31,C04284,PK13,AG00,1,0,7485,0.0,Completed,Bank Transfer
BK-2024-00892,2024-04-09,2024-06-22,C04536,PK07,AG07,2,0,2470,0.0,Completed,Bank Transfer
BK-2024-00893,2024-04-09,2024-06-15,C04943,PK14,AG11,2,1,4305,0.15,Completed,Card
BK-2024-00894,2024-04-09,2024-08-21,C04993,PK13,AG10,2,0,7485,0.0,Completed,Bank Transfer
BK-2024-00895,2024-04-09,2024-08-18,C06235,PK07,AG04,7,0,2840,0.05,Completed,Card
BK-2024-00896,2024-04-09,2024-07-02,C06399,PK14,AG01,8,0,4950,0.1,Completed,Card
BK-2024-00897,2024-04-10,2024-12-19,C00008,PK15,AG00,2,0,4710,0.05,Completed,Bank Transfer
BK-2024-00898,2024-04-10,2024-07-15,C00289,PK06,AG02,2,0,1510,0.0,Completed,Card
BK-2024-00899,2024-04-10,2024-07-05,C02000,PK09,AG07,2,3,3140,0.0,COMPLETED,M-Pesa
BK-2024-00900,2024-04-10,2024-12-01,C02927,PK16,AG13,3,0,5555,0.0,Completed,Bank Transfer
BK-2024-00901,2024-04-10,2024-09-05,C03263,PK12,AG06,2,0,5795,0.1,Completed,Bank Transfer
BK-2024-00902,2024-04-10,2024-06-11,C03992,PK06,AG06,1,0,1310,0.15,Completed,Card
BK-2024-00903,2024-04-10,2024-09-13,C05002,PK16,AG00,1,0,5555,0.0,Completed,Bank Transfer
BK-2024-00904,2024-04-10,2024-04-16,C05523,PK02,AG01,2,2,400,0.05,Completed,Card
BK-2024-00905,2024-04-10,2024-06-24,C06330,PK06,AG01,2,2,1310,0.1,Completed,Card
BK-2024-00906,2024-04-10,2024-07-01,C06446,PK11,AG07,7,0,4710,0.15,Completed,Bank Transfer
BK-2024-00907,2024-04-11,2024-06-28,C00259,PK09,AG06,2,2,2730,0.05,Completed,Card
BK-2024-00908,2024-04-11,2024-07-28,C02009,PK09,AG00,1,0,3140,0.0,Completed,Card
BK-2024-00909,2024-04-11,2024-06-11,C02023,PK14,AG00,2,0,4305,0.0,Completed,Bank Transfer
BK-2024-00910,2024-04-11,2024-08-04,C02624,PK17,AG00,2,1,11835,0.0,Completed,Bank Transfer
BK-2024-00911,2024-04-11,2024-06-23,C02972,PK07,AG01,2,0,2470,0.0,Completed,Card
BK-2024-00912,2024-04-11,2024-07-08,C03109,PK02,AG01,2,0,460,0.05,Cancelled,Card
BK-2024-00913,2024-04-11,2024-07-12,C03604,PK10,AG00,2,0,1075,0.1,Completed,Bank Transfer
BK-2024-00914,2024-04-11,2024-07-25,C04232,PK12,AG00,2,1,5795,0.0,Completed,PayPal
BK-2024-00915,2024-04-11,2024-06-03,C04839,PK11,AG13,6,0,4095,0.1,Completed,Bank Transfer
BK-2024-00916,2024-04-11,2024-09-01,C05942,PK08,AG07,2,0,1425,0.05,Completed,Bank Transfer
BK-2024-00917,2024-04-11,2024-10-26,C05956,PK15,AG00,1,0,4710,0.0,Completed,PayPal
BK-2024-00918,2024-04-12,2024-12-18,C00310,PK16,AG11,1,0,5555,0.0,Canceled,Bank Transfer
BK-2024-00919,2024-04-12,2024-08-05,C00540,PK08,AG03,4,0,1425,0.1,Completed,Card
BK-2024-00920,2024-04-12,2024-07-06,C00673,PK10,AG00,9,0,1075,0.1,Completed,Bank Transfer
BK-2024-00921,2024-04-12,2024-07-09,C00847,PK11,AG03,2,2,4710,0.0,Completed,Bank Transfer
BK-2024-00922,2024-04-12,2024-10-08,C01478,PK06,AG10,2,0,1510,0.0,Completed,Card
BK-2024-00923,2024-04-12,2024-06-14,C03085,PK12,AG00,2,2,5040,0.1,Completed,Bank Transfer
BK-2024-00924,2024-04-12,2024-05-25,C04421,PK01,AG11,1,0,440,0.0,Cancelled,Bank Transfer
BK-2024-00925,2024-04-12,2024-09-08,C05512,PK13,AG00,1,0,7485,0.0,Completed,Bank Transfer
BK-2024-00926,2024-04-13,2024-04-16,C00336,PK02,AG09,2,0,400,0.0,Completed,PayPal
BK-2024-00927,2024-04-13,2024-09-30,C00621,PK15,AG00,2,0,4710,0.1,Completed,Bank Transfer
BK-2024-00928,2024-04-13,2024-06-06,C01056,PK01,AG00,2,0,440,0.0,Completed,M-Pesa
BK-2024-00929,2024-04-13,2024-06-23,C01198,PK05,AG04,9,0,820,0.05,Completed,Card
BK-2024-00930,2024-04-13,2024-07-31,C02347,PK08,AG04,2,0,1425,0.05,Completed,M-Pesa
BK-2024-00931,2024-04-13,2024-04-24,C02436,PK01,AG02,2,0,440,0.0,Completed,Card
BK-2024-00932,2024-04-13,2024-08-09,C03181,PK10,AG02,1,0,1075,0.0,Completed,Bank Transfer
BK-2024-00933,2024-04-13,2024-07-23,C05949,PK12,AG00,1,0,5795,0.1,Completed,Bank Transfer
BK-2024-00934,2024-04-13,2024-07-05,C05959,PK06,AG10,2,0,1510,0.0,Completed,M-Pesa
BK-2024-00935,2024-04-13,2024-09-07,C06127,PK12,AG04,1,0,5795,0.1,Cancelled,Bank Transfer
BK-2024-00936,2024-04-14,2024-06-30,C00507,PK14,AG12,11,0,4305,0.05,Completed,Bank Transfer
BK-2024-00937,2024-04-14,2024-08-18,C01142,PK09,AG00,2,0,3140,0.0,Completed,Bank Transfer
BK-2024-00938,2024-04-14,2024-07-22,C01290,PK13,AG03,9,0,7485,0.05,Completed,PayPal
BK-2024-00939,2024-04-14,2024-07-04,C02147,PK07,AG00,4,0,2840,0.1,Completed,Bank Transfer
BK-2024-00940,2024-04-14,2024-06-03,C03300,PK06,AG02,1,0,1310,0.0,Completed,Bank Transfer
BK-2024-00941,2024-04-14,2024-07-14,C03658,PK12,AG04,2,2,5795,0.0,Completed,Card
BK-2024-00942,2024-04-14,2024-07-10,C03905,PK16,AG05,1,0,5555,0.1,Completed,PayPal
BK-2024-00943,2024-04-14,2024-07-23,C04146,PK06,AG00,2,1,1510,0.0,Completed,PayPal
BK-2024-00944,2024-04-14,2024-07-31,C06015,PK02,AG02,2,1,460,0.0,completed,Card
BK-2024-00945,2024-04-14,2024-04-30,C06406,PK03,AG02,2,0,565,0.0,Completed,Bank Transfer
BK-2024-00946,2024-04-15,2024-05-07,C00604,PK01,AG06,4,0,440,0.05,Completed,M-Pesa
BK-2024-00947,2024-04-15,2024-05-31,C00877,PK01,AG07,2,1,440,,Completed,PayPal
BK-2024-00948,2024-04-15,2024-07-02,C00940,PK04,AG08,1,0,605,0.0,Completed,M-Pesa
BK-2024-00949,2024-04-15,2024-05-07,C02974,PK02,AG00,2,0,400,0.0,Completed,Card
BK-2024-00950,2024-04-15,2024-06-12,C03161,PK15,AG03,8,0,4095,0.0,Completed,Card
BK-2024-00951,2024-04-15,2024-07-22,C05339,PK12,AG10,2,1,5795,0.0,Completed,M-Pesa
BK-2024-00952,2024-04-15,2024-10-15,C05586,PK14,AG00,1,0,4950,0.0,Completed,PayPal
BK-2024-00953,2024-04-15,2024-06-20,C05987,PK08,AG02,2,0,1240,0.1,Completed,Card
BK-2024-00954,2024-04-15,2024-08-16,C06117,PK07,AG00,2,0,2840,0.0,Completed,Bank Transfer
BK-2024-00955,2024-04-16,2024-08-09,C00011,PK07,AG00,4,0,2840,0.0,Completed ,Bank Transfer
BK-2024-00956,2024-04-16,2024-12-22,C00142,PK16,AG00,4,0,5555,0.05,Completed,PayPal
BK-2024-00957,2024-04-16,2024-04-20,C00183,PK01,AG00,2,1,440,0.0,Completed,Bank Transfer
BK-2024-00958,2024-04-16,2024-08-16,C00536,PK01,AG02,2,0,505,0.0,Cancelled,Bank Transfer
BK-2024-00959,2024-04-16,2024-07-28,C00603,PK12,AG03,2,0,5795,0.05,Completed,Card
BK-2024-00960,2024-04-16,2024-06-13,C02741,PK07,AG03,2,0,2470,0.0,Completed,PayPal
BK-2024-00961,2024-04-16,2024-08-21,C02753,PK12,AG04,2,0,5795,0.0,Completed,M-Pesa
BK-2024-00962,2024-04-17,2024-05-13,C00023,PK14,AG12,11,0,4305,0.1,Completed,Bank Transfer
BK-2024-00963,2024-04-17,2024-04-26,C00669,PK02,AG09,2,0,400,,Completed,Card
BK-2024-00964,2024-04-17,2024-06-16,C01383,PK02,AG00,2,3,400,0.0,Completed,Card
BK-2024-00965,2024-04-17,2024-09-06,C02191,PK15,AG13,3,0,4710,0.0,Completed,Card
BK-2024-00966,2024-04-17,2024-08-24,C03147,PK11,AG12,3,0,4710,0.1,Completed,M-Pesa
BK-2024-00967,2024-04-17,2024-08-17,C03684,PK12,AG04,1,0,5795,0.0,Completed,Bank Transfer
BK-2024-00968,2024-04-17,2025-07-08,C03761,PK12,AG02,4,0,6070,0.1,Completed,Bank Transfer
BK-2024-00969,2024-04-17,2024-08-01,C03885,PK03,AG00,6,0,650,0.1,Completed,M-Pesa
BK-2024-00970,2024-04-17,2024-06-03,C05182,PK10,AG10,2,0,935,0.0,Completed,Card
BK-2024-00971,2024-04-17,2024-10-30,C06248,PK13,AG01,2,2,7485,0.05,Completed,Bank Transfer
BK-2024-00972,2024-04-18,2024-05-24,C02397,PK06,AG03,2,0,1310,0.0,Cancelled,Card
BK-2024-00973,2024-04-18,2024-05-21,C02671,PK10,AG09,2,0,935,0.1,completed,PayPal
BK-2024-00974,2024-04-18,2024-05-23,C02737,PK09,AG00,2,3,2730,0.05,Completed ,Card
BK-2024-00975,2024-04-18,2024-06-13,C02827,PK08,AG05,7,0,1240,0.1,Completed,Card
BK-2024-00976,2024-04-18,2024-09-27,C04863,PK07,AG00,2,1,2840,0.05,Completed,Card
BK-2024-00977,2024-04-18,2024-08-16,C04865,PK08,AG02,2,1,1425,0.1,Cancelled,PayPal
BK-2024-00978,2024-04-18,2024-07-06,C04977,PK10,AG03,2,0,1075,0.05,Completed,Bank Transfer
BK-2024-00979,2024-04-18,2024-08-14,C04988,PK09,AG00,1,0,3140,0.1,Completed,PayPal
BK-2024-00980,2024-04-18,2024-05-04,C05201,PK08,AG10,2,0,1240,0.1,Completed,Card
BK-2024-00981,2024-04-18,2024-08-15,C05871,PK12,AG00,2,2,5795,0.0,Completed,Bank Transfer
BK-2024-00982,2024-04-18,2024-05-21,C06054,PK05,AG04,4,0,820,0.15,Cancelled,M-Pesa
BK-2024-00983,2024-04-18,2024-10-03,C06275,PK12,AG04,2,0,5795,0.0,Completed,Card
BK-2024-00984,2024-04-19,2024-07-26,C00577,PK16,AG03,1,0,5555,0.0,Canceled,M-Pesa
BK-2024-00985,2024-04-19,2024-07-13,C00777,PK13,AG02,2,0,7485,0.0,Completed,PayPal
BK-2024-00986,2024-04-19,2025-04-20,C01406,PK13,AG04,2,2,6820,0.0,Completed,Card
BK-2024-00987,2024-04-19,2024-07-11,C01407,PK07,AG05,2,3,2840,0.0,Completed,PayPal
BK-2024-00988,2024-04-19,2024-06-17,C02384,PK01,AG04,2,0,440,0.0,Completed,M-Pesa
BK-2024-00989,2024-04-19,2024-07-23,C02635,PK16,AG04,2,0,5555,0.0,Canceled,Card
BK-2024-00990,2024-04-19,2024-06-22,C02906,PK07,AG03,2,3,2470,0.0,Cancelled,M-Pesa
BK-2024-00991,2024-04-19,2024-05-31,C03776,PK09,AG03,5,0,2730,0.0,Completed,Card
BK-2024-00992,2024-04-19,2024-07-01,C05786,PK04,AG00,2,3,605,,Completed,Card
BK-2024-00993,2024-04-19,2024-07-10,C06055,PK08,AG02,2,0,1425,0.15,Completed ,Card
BK-2024-00994,2024-04-20,2024-07-20,C00661,PK13,AG05,2,0,7485,0.1,Completed,PayPal
BK-2024-00995,2024-04-20,2024-07-05,C00800,PK13,AG11,2,0,7485,0.0,Cancelled,Card
BK-2024-00996,2024-04-20,2024-05-07,C01018,PK07,AG06,2,0,2470,0.05,Completed,Bank Transfer
BK-2024-00997,2024-04-20,2024-04-25,C01636,PK07,AG02,2,0,2470,0.1,Completed,Bank Transfer
BK-2024-00998,2024-04-20,2024-10-12,C01912,PK07,AG08,2,2,2840,0.0,Completed,Card
BK-2024-00999,2024-04-20,2024-05-19,C02374,PK14,AG10,2,0,4305,0.0,Completed ,Card
BK-2024-01000,2024-04-20,2024-08-05,C04080,PK16,AG11,1,0,5555,0.05,Completed,PayPal
BK-2024-01001,2024-04-20,2024-05-27,C04153,PK07,AG13,3,0,2470,0.1,Completed,Card
BK-2024-01002,2024-04-20,2024-09-04,C04468,PK17,AG01,2,0,11835,0.0,Completed,M-Pesa
BK-2024-01003,2024-04-20,2024-05-07,C05533,PK04,AG00,2,2,525,0.05,Completed,Bank Transfer
BK-2024-01004,2024-04-20,2024-09-10,C06008,PK08,AG11,2,0,1425,0.05,Completed,Card
BK-2024-01005,2024-04-20,2024-06-22,C06248,PK04,AG07,2,2,525,0.05,Completed,Bank Transfer
BK-2024-01006,2024-04-21,2024-07-29,C00324,PK09,AG05,2,0,3140,0.0,COMPLETED,Card
BK-2024-01007,2024-04-21,2024-05-20,C03542,PK02,AG00,1,0,400,0.05,Completed,Card
BK-2024-01008,2024-04-21,2024-05-27,C03712,PK08,AG11,2,0,1240,0.05,Completed,Card
BK-2024-01009,2024-04-21,2024-07-03,C04083,PK13,AG04,2,1,7485,0.0,Completed ,Bank Transfer
BK-2024-01010,2024-04-21,2024-05-16,C04726,PK09,AG08,2,1,2730,0.05,Completed,PayPal
BK-2024-01011,2024-04-21,2024-04-26,C05379,PK04,AG00,2,2,525,0.0,Completed,Bank Transfer
BK-2024-01012,2024-04-21,2024-06-30,C05463,PK10,AG04,2,0,935,0.0,Completed,Card
BK-2024-01013,2024-04-21,2024-05-22,C06475,PK06,AG00,2,1,1310,0.0,Completed,M-Pesa
BK-2024-01014,2024-04-22,2024-06-08,C00241,PK02,AG06,7,0,400,0.1,Completed,M-Pesa
BK-2024-01015,2024-04-22,2024-07-17,C00981,PK01,AG02,4,0,505,0.1,Completed,Bank Transfer
BK-2024-01016,2024-04-22,2024-08-23,C01556,PK06,AG00,1,0,1510,0.05,Completed,Bank Transfer
BK-2024-01017,2024-04-22,2024-08-15,C02691,PK13,AG02,1,0,7485,0.0,Cancelled,Bank Transfer
BK-2024-01018,2024-04-22,2024-06-24,C03000,PK14,AG03,2,3,4305,0.0,Completed,PayPal
BK-2024-01019,2024-04-22,2024-07-16,C03964,PK03,AG00,2,2,650,0.0,completed,Card
BK-2024-01020,2024-04-22,2024-08-14,C04169,PK06,AG04,8,0,1510,0.1,Completed,Bank Transfer
BK-2024-01021,2024-04-22,2024-05-20,C04273,PK03,AG10,1,0,565,0.15,Completed,M-Pesa
BK-2024-01022,2024-04-22,2024-06-09,C04610,PK16,AG02,6,0,4830,0.0,Completed,Card
BK-2024-01023,2024-04-22,2024-08-17,C04951,PK12,AG00,2,1,5795,0.1,Completed,Bank Transfer
BK-2024-01024,2024-04-22,2024-07-07,C06084,PK15,AG03,2,3,4710,0.0,Cancelled,Card
BK-2024-01025,2024-04-23,2024-08-13,C00222,PK15,AG00,2,0,4710,0.0,Completed,Bank Transfer
BK-2024-01026,2024-04-23,2024-05-18,C02266,PK08,AG10,8,0,1240,0.1,completed,Bank Transfer
BK-2024-01027,2024-04-23,2024-06-22,C02508,PK06,AG00,2,0,1310,0.1,Cancelled,Card
BK-2024-01028,2024-04-23,2024-09-01,C02713,PK16,AG01,2,1,5555,0.0,Completed,Card
BK-2024-01029,2024-04-23,2024-06-18,C03173,PK09,AG00,4,0,2730,0.1,Completed ,Bank Transfer
BK-2024-01030,2024-04-23,2024-05-05,C05348,PK08,AG10,2,0,1240,0.1,COMPLETED,Bank Transfer
BK-2024-01031,2024-04-24,2024-08-22,C01145,PK15,AG06,6,0,4710,0.05,Completed ,Card
BK-2024-01032,2024-04-24,2024-07-15,C01729,PK12,AG09,1,0,5795,0.05,Completed,Bank Transfer
BK-2024-01033,2024-04-24,2024-08-12,C02449,PK11,AG01,2,0,4710,0.0,Completed,M-Pesa
BK-2024-01034,2024-04-24,2024-06-07,C03357,PK04,AG00,1,0,525,0.05,Completed,Bank Transfer
BK-2024-01035,2024-04-24,2024-08-11,C04194,PK06,AG00,2,3,1510,0.0,Completed,Bank Transfer
BK-2024-01036,2024-04-24,2024-07-14,C04622,PK17,AG09,2,3,11835,0.0,Completed,Card
BK-2024-01037,2024-04-24,2024-05-16,C04766,PK06,AG10,6,0,1310,0.1,Cancelled,Card
BK-2024-01038,2024-04-24,2024-06-06,C05540,PK12,AG00,2,0,5040,0.0,Completed,Card
BK-2024-01039,2024-04-24,2024-07-15,C06217,PK08,AG04,7,0,1425,0.0,Completed ,PayPal
BK-2024-01040,2024-04-25,2025-02-18,C00589,PK08,AG04,2,1,1300,0.0,Completed,M-Pesa
BK-2024-01041,2024-04-25,2024-09-10,C01045,PK12,AG04,2,0,5795,0.15,Completed ,Bank Transfer
BK-2024-01042,2024-04-25,2024-10-11,C01047,PK13,AG04,2,2,7485,0.0,Completed,Card
BK-2024-01043,2024-04-25,2024-07-12,C01847,PK01,AG00,2,3,505,0.15,Completed,Card
BK-2024-01044,2024-04-25,2024-06-21,C02400,PK14,AG07,2,2,4305,0.0,Completed,PayPal
BK-2024-01045,2024-04-25,2024-10-17,C02619,PK09,AG03,1,0,3140,0.0,Completed,M-Pesa
BK-2024-01046,2024-04-25,2024-07-14,C02719,PK15,AG12,9,0,4710,0.05,Completed,Bank Transfer
BK-2024-01047,2024-04-25,2024-08-29,C02763,PK14,AG06,2,0,4950,0.05,Cancelled ,Bank Transfer
BK-2024-01048,2024-04-25,2024-08-24,C02860,PK09,AG01,2,0,3140,0.0,Completed,Bank Transfer
BK-2024-01049,2024-04-25,2024-08-12,C03684,PK14,AG00,1,0,4950,0.1,Completed,Card
BK-2024-01050,2024-04-25,2024-06-07,C03781,PK03,AG07,2,2,565,,Completed,M-Pesa
BK-2024-01051,2024-04-25,2024-05-19,C04050,PK13,AG12,10,0,6510,0.1,Completed,Card
BK-2024-01052,2024-04-25,2024-09-08,C04948,PK06,AG02,2,0,1510,0.0,Completed,Bank Transfer
BK-2024-01053,2024-04-25,2024-07-29,C05394,PK09,AG06,2,3,3140,0.0,Completed,Bank Transfer
BK-2024-01054,2024-04-25,2024-08-25,C05431,PK16,AG04,2,0,5555,0.0,Completed,Bank Transfer
BK-2024-01055,2024-04-25,2024-06-22,C05575,PK03,AG01,1,0,565,0.05,Completed,M-Pesa
BK-2024-01056,2024-04-25,2024-06-12,C06147,PK01,AG00,2,0,440,0.0,Cancelled,PayPal
BK-2024-01057,2024-04-26,2024-06-10,C00623,PK02,AG08,2,0,400,0.05,Completed,Card
BK-2024-01058,2024-04-26,2024-09-05,C01927,PK11,AG00,1,0,4710,0.0,Completed,Bank Transfer
BK-2024-01059,2024-04-26,2024-06-08,C04285,PK06,AG00,2,0,1310,0.0,Completed,M-Pesa
BK-2024-01060,2024-04-26,2024-06-23,C04350,PK12,AG06,2,0,5040,0.05,Cancelled,M-Pesa
BK-2024-01061,2024-04-26,2024-06-07,C04411,PK02,AG02,2,0,400,0.15,Completed,Bank Transfer
BK-2024-01062,2024-04-26,2024-10-29,C04710,PK10,AG00,2,0,1075,0.1,completed,M-Pesa
BK-2024-01063,2024-04-26,2024-07-05,C06351,PK11,AG03,2,0,4710,0.0,Completed,Bank Transfer
BK-2024-01064,2024-04-26,2025-01-22,C06459,PK17,AG03,2,0,12395,0.0,Completed,PayPal
BK-2024-01065,2024-04-27,2024-07-08,C02498,PK06,AG00,2,0,1510,0.05,Cancelled,Card
BK-2024-01066,2024-04-27,2024-07-15,C02708,PK06,AG00,2,2,1510,0.0,Completed ,Card
BK-2024-01067,2024-04-27,2024-08-03,C02757,PK17,AG04,2,2,11835,0.0,Cancelled,Bank Transfer
BK-2024-01068,2024-04-27,2024-08-13,C03053,PK11,AG04,2,0,4710,0.1,Completed,Card
BK-2024-01069,2024-04-27,2024-08-27,C03968,PK16,AG04,8,0,5555,0.05,Cancelled,PayPal
BK-2024-01070,2024-04-27,2024-07-28,C05011,PK10,AG03,2,2,1075,0.0,Completed,Card
BK-2024-01071,2024-04-27,2024-10-12,C05212,PK12,AG10,2,0,5795,0.0,Completed,PayPal
BK-2024-01072,2024-04-27,2024-06-26,C05609,PK03,AG11,2,0,565,0.0,Completed,M-Pesa
BK-2024-01073,2024-04-27,2024-07-02,C06101,PK03,AG11,2,0,650,0.05,Completed,Card
BK-2024-01074,2024-04-27,2024-12-14,C06275,PK12,AG03,2,0,5795,0.05,Completed,Card
BK-2024-01075,2024-04-27,2024-09-10,C06287,PK14,AG02,9,0,4950,0.0,Completed,Bank Transfer
BK-2024-01076,2024-04-27,2024-08-10,C06341,PK14,AG01,2,2,4950,0.0,Completed,Bank Transfer
BK-2024-01077,2024-04-27,2024-09-23,C06424,PK14,AG04,2,3,4950,0.0,Completed,Bank Transfer
BK-2024-01078,2024-04-28,2024-09-12,C00119,PK07,AG00,2,2,2840,0.05,Completed,Bank Transfer
BK-2024-01079,2024-04-28,2024-06-12,C01409,PK08,AG06,1,0,1240,0.0,Completed,Card
BK-2024-01080,2024-04-28,2024-07-29,C02157,PK12,AG00,8,0,5795,0.05,Completed,Card
BK-2024-01081,2024-04-28,2024-07-10,C02673,PK02,AG10,2,1,460,0.1,Completed,Bank Transfer
BK-2024-01082,2024-04-28,2024-08-24,C03005,PK14,AG00,7,0,4950,0.1,Completed,Bank Transfer
BK-2024-01083,2024-04-28,2024-07-21,C03511,PK10,AG13,3,0,1075,0.1,Completed,Bank Transfer
BK-2024-01084,2024-04-28,2024-08-01,C04236,PK10,AG00,1,0,1075,0.05,Completed,Card
BK-2024-01085,2024-04-28,2024-07-14,C04983,PK12,AG07,2,0,5795,0.05,Completed,PayPal
BK-2024-01086,2024-04-28,2024-07-29,C05460,PK07,AG00,2,0,2840,0.0,Completed,Card
BK-2024-01087,2024-04-28,2024-12-02,C05680,PK13,AG02,1,0,7485,0.15,Completed,PayPal
BK-2024-01088,2024-04-28,2024-08-14,C05750,PK15,AG00,2,0,4710,0.0,Completed,Bank Transfer
BK-2024-01089,2024-04-28,2024-06-04,C06289,PK10,AG13,3,0,935,0.0,Completed,PayPal
BK-2024-01090,2024-04-28,2024-07-12,C06415,PK08,AG04,2,2,1425,0.0,Completed,Bank Transfer
BK-2024-01091,2024-04-28,2024-09-08,C06439,PK06,AG00,8,0,1510,0.05,Completed,Bank Transfer
BK-2024-01092,2024-04-29,2024-09-10,C01074,PK14,AG04,2,0,4950,0.0,Completed,PayPal
BK-2024-01093,2024-04-29,2024-07-15,C02755,PK01,AG07,6,0,505,0.0,Completed,PayPal
BK-2024-01094,2024-04-29,2024-05-07,C03142,PK01,AG00,4,0,440,0.1,Completed,Bank Transfer
BK-2024-01095,2024-04-29,2024-08-18,C03431,PK15,AG05,5,0,4710,0.0,Completed,M-Pesa
BK-2024-01096,2024-04-29,2024-06-06,C05490,PK09,AG00,5,0,2730,0.05,Completed,Card
BK-2024-01097,2024-04-29,2025-04-02,C05539,PK12,AG00,2,0,5280,0.05,Completed,Card
BK-2024-01098,2024-04-29,2024-06-03,C06333,PK06,AG13,8,0,1310,0.1,Completed,PayPal
BK-2024-01099,2024-04-30,2024-10-07,C00114,PK15,AG00,2,0,4710,0.05,Completed,Card
BK-2024-01100,2024-04-30,2024-08-28,C00797,PK16,AG05,6,0,5555,0.0,Completed,Card
BK-2024-01101,2024-04-30,2024-07-20,C00867,PK10,AG00,2,0,1075,0.15,Completed ,Card
BK-2024-01101,2024-04-30,2024-07-20,C00867,PK10,AG00,2,0,1075,0.15,Completed ,Card
BK-2024-01102,2024-04-30,2024-09-11,C01148,PK16,AG00,2,0,5555,0.0,Completed,Bank Transfer
BK-2024-01103,2024-04-30,2024-06-09,C01532,PK17,AG04,1,0,10290,0.0,Completed,Card
BK-2024-01104,2024-04-30,2025-02-19,C01645,PK16,AG00,2,2,5060,0.0,Completed,Bank Transfer
BK-2024-01105,2024-04-30,2024-09-25,C02281,PK06,AG01,2,0,1510,0.15,COMPLETED,Card
BK-2024-01106,2024-04-30,2024-12-05,C02464,PK12,AG00,2,2,5795,0.0,Completed,Card
BK-2024-01107,2024-04-30,2024-05-06,C02778,PK01,AG01,2,2,440,,Completed,M-Pesa
BK-2024-01108,2024-04-30,2024-06-10,C02882,PK09,AG02,2,0,2730,0.0,Completed,Card
BK-2024-01109,2024-04-30,2024-06-02,C04138,PK01,AG03,2,0,440,0.05,Canceled,Card
BK-2024-01110,2024-04-30,2024-06-29,C04256,PK12,AG07,5,0,5040,0.05,Completed,Bank Transfer
BK-2024-01111,2024-04-30,2024-08-31,C05528,PK06,AG09,5,0,1510,0.15,Cancelled,PayPal
BK-2024-01112,2024-04-30,2024-07-26,C05683,PK13,AG05,2,3,7485,0.0,Completed,Card
BK-2024-01113,2024-04-30,2024-10-03,C06075,PK10,AG00,5,0,1075,0.1,Completed,Card
BK-2024-01114,2024-04-30,2024-09-10,C06446,PK12,AG00,4,0,5795,0.1,Completed,Bank Transfer
BK-2024-01115,2024-05-01,2024-07-24,C01029,PK06,AG00,1,0,1510,0.05,Completed,Bank Transfer
BK-2024-01116,2024-05-01,2024-07-30,C01236,PK09,AG11,2,0,3140,0.0,Completed,Card
BK-2024-01117,2024-05-01,2024-08-21,C01360,PK13,AG03,2,0,7485,0.05,Completed,Card
BK-2024-01118,2024-05-01,2024-07-15,C01756,PK02,AG07,9,0,460,0.0,Completed,Bank Transfer
BK-2024-01119,2024-05-01,2024-06-26,C02674,PK09,AG00,2,1,2730,0.05,Completed,Card
BK-2024-01120,2024-05-01,2024-05-19,C03559,PK01,AG00,2,1,440,0.1,Completed,M-Pesa
BK-2024-01121,2024-05-01,2024-07-18,C05121,PK10,AG00,2,0,1075,0.05,Completed,Card
BK-2024-01122,2024-05-01,2025-02-18,C05954,PK14,AG00,4,0,4510,0.1,Completed,Card
BK-2024-01123,2024-05-01,2024-05-24,C06254,PK06,AG00,2,1,1310,0.05,Completed,PayPal
BK-2024-01124,2024-05-02,2024-06-14,C01223,PK03,AG04,8,0,565,0.0,Completed,Card
BK-2024-01125,2024-05-02,2024-09-26,C03408,PK11,AG01,2,0,4710,0.0,Completed,Card
BK-2024-01126,2024-05-02,2024-06-20,C03649,PK07,AG07,9,0,2470,0.15,Completed,Card
BK-2024-01127,2024-05-02,2024-06-04,C04570,PK02,AG04,2,0,400,0.0,Completed,Bank Transfer
BK-2024-01128,2024-05-02,2024-10-04,C04869,PK15,AG04,8,0,4710,0.0,Completed,Card
BK-2024-01129,2024-05-03,2024-08-13,C01070,PK08,AG00,3,0,1425,0.0,Completed,PayPal
BK-2024-01130,2024-05-03,2024-10-06,C01562,PK17,AG11,1,0,11835,0.05,Completed,Bank Transfer
BK-2024-01131,2024-05-03,2024-06-10,C01922,PK09,AG04,2,2,2730,,Completed,Card
BK-2024-01132,2024-05-03,2024-06-06,C01988,PK11,AG06,6,0,4095,0.1,Completed ,Card
BK-2024-01133,2024-05-03,2024-06-14,C02070,PK03,AG03,2,0,565,0.0,Completed,Card
BK-2024-01134,2024-05-03,2024-09-15,C02335,PK06,AG07,2,1,1510,0.0,Completed,Card
BK-2024-01135,2024-05-03,2024-09-12,C03489,PK16,AG00,2,0,5555,0.0,Completed,Card
BK-2024-01136,2024-05-03,2024-06-14,C03531,PK09,AG04,1,0,2730,0.0,completed,Card
BK-2024-01137,2024-05-03,2024-07-14,C04285,PK06,AG00,2,0,1510,,Completed,Bank Transfer
BK-2024-01138,2024-05-03,2024-05-16,C04539,PK04,AG02,2,0,525,,Completed,Card
BK-2024-01139,2024-05-03,2024-08-28,C05278,PK12,AG10,2,0,5795,0.0,Completed,Card
BK-2024-01140,2024-05-03,2024-07-19,C05415,PK06,AG02,1,0,1510,0.0,Cancelled,Card
BK-2024-01141,2024-05-03,2024-06-07,C06465,PK03,AG01,2,0,565,0.0,Completed,Bank Transfer
BK-2024-01142,2024-05-04,2024-07-06,C00104,PK07,AG00,2,0,2840,0.15,Completed,M-Pesa
BK-2024-01143,2024-05-04,2024-07-29,C01149,PK03,AG00,9,0,650,0.15,Completed,M-Pesa
BK-2024-01144,2024-05-04,2024-07-24,C01635,PK16,AG04,2,0,5555,0.0,Completed,Bank Transfer
BK-2024-01145,2024-05-04,2024-05-22,C02550,PK01,AG02,2,0,440,0.0,Completed ,Card
BK-2024-01146,2024-05-04,2024-06-11,C02630,PK03,AG01,1,0,565,0.05,Completed,Bank Transfer
BK-2024-01147,2024-05-04,2024-07-01,C03691,PK07,AG07,2,3,2840,0.15,Completed,Bank Transfer
BK-2024-01148,2024-05-04,2024-07-04,C04193,PK12,AG09,2,3,5795,0.0,Completed,Card
BK-2024-01149,2024-05-04,2024-12-13,C04309,PK16,AG00,5,0,5555,0.1,Cancelled,Bank Transfer
BK-2024-01150,2024-05-04,2024-08-22,C05142,PK10,AG09,5,0,1075,0.15,Completed,Card
BK-2024-01151,2024-05-04,2024-07-11,C05160,PK09,AG12,9,0,3140,0.0,Completed,Card
BK-2024-01152,2024-05-04,2024-06-01,C05601,PK06,AG00,2,0,1310,0.05,Completed,Card
BK-2024-01153,2024-05-04,2024-08-29,C06259,PK09,AG07,2,0,3140,0.1,Completed ,Card
BK-2024-01154,2024-05-05,2024-06-25,C01328,PK02,AG02,2,0,400,0.1,Cancelled,M-Pesa
BK-2024-01155,2024-05-05,2024-09-20,C02376,PK12,AG00,2,3,5795,0.0,Completed,Card
BK-2024-01156,2024-05-05,2024-07-18,C03729,PK10,AG02,6,0,1075,0.05,Completed,Card
BK-2024-01157,2024-05-05,2024-08-04,C03957,PK15,AG12,7,0,4710,0.0,Completed,Card
BK-2024-01158,2024-05-05,2024-11-17,C04327,PK16,AG00,11,0,4830,0.05,Completed,Card
BK-2024-01159,2024-05-05,2024-08-26,C04330,PK12,AG01,2,3,5795,0.0,Completed ,Card
BK-2024-01160,2024-05-05,2024-10-06,C05007,PK11,AG04,1,0,4710,0.0,Completed,PayPal
BK-2024-01161,2024-05-05,2024-05-13,C05248,PK01,AG03,8,0,440,0.05,Cancelled,Bank Transfer
BK-2024-01162,2024-05-05,2024-06-09,C05586,PK13,AG02,1,0,6510,0.0,Completed,Bank Transfer
BK-2024-01163,2024-05-05,2024-07-03,C05756,PK05,AG03,2,1,940,0.0,Completed,Card
BK-2024-01164,2024-05-05,2024-06-06,C06076,PK13,AG00,1,0,6510,0.15,Completed,M-Pesa
BK-2024-01165,2024-05-06,2024-09-15,C00009,PK15,AG00,2,3,4710,0.0,Completed,Bank Transfer
BK-2024-01166,2024-05-06,2024-06-11,C00973,PK06,AG10,2,2,1310,0.0,Completed,M-Pesa
BK-2024-01167,2024-05-06,2024-10-09,C01607,PK08,AG02,1,0,1425,0.05,Canceled,Bank Transfer
BK-2024-01168,2024-05-06,2024-09-19,C01701,PK11,AG03,2,0,4710,0.0,Completed,Bank Transfer
BK-2024-01169,2024-05-06,2024-06-16,C01841,PK03,AG00,8,0,565,0.0,Completed,Bank Transfer
BK-2024-01170,2024-05-06,2024-06-22,C01984,PK05,AG01,2,0,820,0.05,Completed,M-Pesa
BK-2024-01171,2024-05-06,2024-12-13,C04316,PK15,AG03,2,0,4710,0.1,Completed,PayPal
BK-2024-01172,2024-05-06,2024-07-11,C04415,PK01,AG06,2,0,505,0.0,Completed,Bank Transfer
BK-2024-01173,2024-05-06,2024-07-12,C05521,PK09,AG05,1,0,3140,0.0,Completed,Bank Transfer
BK-2024-01174,2024-05-06,2024-06-23,C05971,PK09,AG03,2,0,2730,0.0,Completed,M-Pesa
BK-2024-01175,2024-05-06,2024-08-26,C06024,PK06,AG00,2,0,1510,0.0,Completed,Bank Transfer
BK-2024-01176,2024-05-06,2024-06-05,C06066,PK10,AG05,2,2,935,0.0,Completed ,PayPal
BK-2024-01177,2024-05-07,2024-09-03,C00451,PK06,AG10,9,0,1510,0.1,Completed,M-Pesa
BK-2024-01178,2024-05-07,2024-05-17,C01398,PK01,AG00,2,3,440,0.0,Completed,Bank Transfer
BK-2024-01179,2024-05-07,2024-07-31,C01727,PK16,AG04,6,0,5555,0.1,Cancelled,Card
BK-2024-01180,2024-05-07,2024-06-17,C02168,PK17,AG00,2,1,10290,0.0,Completed,Card
BK-2024-01181,2024-05-07,2024-11-06,C02546,PK06,AG00,9,0,1310,0.0,Completed,Bank Transfer
BK-2024-01182,2024-05-07,2024-05-12,C04096,PK04,AG07,8,0,525,0.1,Completed,M-Pesa
BK-2024-01183,2024-05-07,2024-09-06,C04228,PK06,AG01,2,3,1510,0.1,Completed,Card
BK-2024-01184,2024-05-07,2024-08-12,C04395,PK04,AG00,2,2,605,0.1,Completed,Bank Transfer
BK-2024-01185,2024-05-07,2024-06-20,C04574,PK06,AG00,2,3,1310,0.0,Completed,M-Pesa
BK-2024-01186,2024-05-07,2024-06-06,C04603,PK05,AG10,2,3,820,0.0,Completed,Card
BK-2024-01187,2024-05-07,2024-08-11,C05321,PK06,AG09,2,0,1510,0.0,Completed,Card
BK-2024-01188,2024-05-07,2024-08-30,C05731,PK06,AG03,2,0,1510,0.0,completed,Card
BK-2024-01189,2024-05-07,2024-06-21,C06389,PK03,AG04,2,3,565,0.0,Completed,M-Pesa
BK-2024-01190,2024-05-08,2024-12-30,C01238,PK13,AG05,6,0,7485,0.0,Completed,Card
BK-2024-01191,2024-05-08,2024-07-13,C02215,PK15,AG00,2,3,4710,0.05,Completed,M-Pesa
BK-2024-01192,2024-05-08,2024-08-11,C02433,PK07,AG00,2,1,2840,0.1,Completed,Card
BK-2024-01193,2024-05-08,2024-08-17,C03021,PK13,AG06,2,0,7485,0.1,COMPLETED,Card
BK-2024-01194,2024-05-08,2024-07-09,C03227,PK17,AG04,2,0,11835,0.05,Completed,M-Pesa
BK-2024-01195,2024-05-08,2024-07-27,C03384,PK12,AG04,2,0,5795,0.1,completed,M-Pesa
BK-2024-01196,2024-05-08,2024-07-04,C03528,PK10,AG00,1,0,1075,0.0,Cancelled,Card
BK-2024-01197,2024-05-08,2024-07-24,C03871,PK13,AG06,5,0,7485,0.1,Completed,M-Pesa
BK-2024-01198,2024-05-08,2024-06-27,C05238,PK04,AG00,2,0,525,0.0,Cancelled,Bank Transfer
BK-2024-01199,2024-05-08,2025-03-25,C05256,PK17,AG06,8,0,10780,0.15,Completed,Card
BK-2024-01200,2024-05-08,2024-08-10,C05432,PK08,AG00,9,0,1425,0.0,completed,M-Pesa
BK-2024-01201,2024-05-09,2024-06-17,C00959,PK09,AG02,2,0,2730,0.0,Completed,Card
BK-2024-01202,2024-05-09,2024-08-07,C02109,PK12,AG03,2,0,5795,0.05,Completed,M-Pesa
BK-2024-01203,2024-05-09,2024-08-12,C02385,PK15,AG11,2,3,4710,0.0,Completed,Card
BK-2024-01204,2024-05-09,2024-08-16,C02597,PK06,AG09,2,3,1510,,Completed,Card
BK-2024-01205,2024-05-09,2024-10-01,C02723,PK15,AG00,3,0,4710,0.05,Completed,Card
BK-2024-01206,2024-05-09,2024-10-05,C03021,PK05,AG00,2,0,940,0.05,Completed,M-Pesa
BK-2024-01207,2024-05-09,2024-06-25,C03217,PK07,AG03,2,0,2470,0.0,Completed,Bank Transfer
BK-2024-01208,2024-05-09,2024-06-04,C03384,PK01,AG02,2,0,440,0.0,Cancelled,Card
BK-2024-01209,2024-05-09,2024-05-12,C04365,PK04,AG00,2,0,525,0.05,completed,M-Pesa
BK-2024-01210,2024-05-09,2024-07-28,C04687,PK09,AG01,8,0,3140,0.05,Completed,Bank Transfer
BK-2024-01211,2024-05-09,2024-08-03,C04876,PK09,AG04,2,3,3140,0.1,Cancelled,Card
BK-2024-01212,2024-05-09,2024-06-29,C05228,PK09,AG03,2,1,2730,0.05,Completed,Bank Transfer
BK-2024-01213,2024-05-09,2024-09-15,C05557,PK12,AG02,4,0,5795,0.05,Cancelled,PayPal
BK-2024-01214,2024-05-09,2025-02-15,C05602,PK17,AG00,2,0,10780,0.0,Completed,Card
BK-2024-01215,2024-05-10,2024-08-17,C00154,PK08,AG10,2,2,1425,0.05,Completed,Bank Transfer
BK-2024-01216,2024-05-10,2024-06-02,C00155,PK02,AG06,2,1,400,0.05,Cancelled,Card
BK-2024-01217,2024-05-10,2024-05-19,C00507,PK03,AG13,11,0,565,,Completed,M-Pesa
BK-2024-01218,2024-05-10,2024-07-24,C00645,PK12,AG00,6,0,5795,0.15,Cancelled,Card
BK-2024-01219,2024-05-10,2024-11-19,C01276,PK14,AG03,2,3,4305,0.0,Completed,Bank Transfer
BK-2024-01220,2024-05-10,2025-08-14,C01925,PK13,AG01,2,0,7845,0.0,Completed ,Bank Transfer
BK-2024-01221,2024-05-10,2024-06-02,C02027,PK02,AG00,2,0,400,0.05,Completed,PayPal
BK-2024-01222,2024-05-10,2024-06-22,C02255,PK01,AG06,1,0,440,0.0,Completed ,Card
BK-2024-01223,2024-05-10,2024-07-14,C02646,PK15,AG00,2,2,4710,0.15,Completed,Card
BK-2024-01224,2024-05-10,2024-07-13,C03229,PK17,AG04,9,0,11835,0.1,Completed,M-Pesa
BK-2024-01225,2024-05-10,2024-07-20,C04349,PK11,AG00,8,0,4710,0.05,Completed,Bank Transfer
BK-2024-01226,2024-05-10,2024-05-19,C05815,PK03,AG11,2,0,565,0.0,Completed,Bank Transfer
BK-2024-01227,2024-05-10,2024-09-14,C06346,PK17,AG12,5,0,11835,0.0,Completed,PayPal
BK-2024-01228,2024-05-11,2024-07-19,C00033,PK15,AG00,2,1,4710,0.0,completed,Card
BK-2024-01229,2024-05-11,2024-09-24,C00275,PK12,AG00,1,0,5795,0.05,Completed,Card
BK-2024-01230,2024-05-11,2024-07-13,C01020,PK05,AG00,1,0,940,0.15,Completed,Card
BK-2024-01231,2024-05-11,2024-06-09,C01757,PK04,AG02,2,2,525,0.0,Completed,PayPal
BK-2024-01232,2024-05-11,2025-02-13,C02110,PK15,AG00,2,3,4290,0.0,Completed,PayPal
BK-2024-01233,2024-05-11,2025-02-20,C02491,PK13,AG04,2,0,6820,0.0,Cancelled,Card
BK-2024-01234,2024-05-11,2024-08-06,C02873,PK14,AG00,8,0,4950,0.0,Completed,Card
BK-2024-01235,2024-05-11,2024-08-25,C04625,PK14,AG04,2,0,4950,0.1,Completed,Bank Transfer
BK-2024-01236,2024-05-11,2024-06-21,C04813,PK02,AG02,2,0,400,0.0,Completed,Card
BK-2024-01237,2024-05-11,2024-09-14,C05596,PK13,AG02,8,0,7485,0.0,Canceled,Bank Transfer
BK-2024-01238,2024-05-11,2024-10-01,C05918,PK16,AG06,2,0,5555,0.1,Completed,Bank Transfer
BK-2024-01239,2024-05-11,2024-07-30,C06165,PK10,AG10,1,0,1075,0.0,Completed,M-Pesa
BK-2024-01240,2024-05-12,2024-08-07,C00467,PK17,AG00,2,1,11835,0.05,Completed,Bank Transfer
BK-2024-01241,2024-05-12,2024-09-01,C00657,PK13,AG00,2,3,7485,0.0,Completed,Bank Transfer
BK-2024-01242,2024-05-12,2024-07-26,C00914,PK11,AG04,1,0,4710,0.1,Canceled,Card
BK-2024-01243,2024-05-12,2024-09-13,C01070,PK06,AG12,7,0,1510,0.0,Completed,Card
BK-2024-01244,2024-05-12,2024-06-07,C02983,PK11,AG04,6,0,4095,0.1,Completed,Card
BK-2024-01245,2024-05-12,2024-07-04,C04259,PK12,AG04,1,0,5795,0.0,Completed,Card
BK-2024-01246,2024-05-12,2024-10-12,C04955,PK12,AG07,2,2,5795,0.1,Completed ,PayPal
BK-2024-01247,2024-05-12,2024-07-29,C05378,PK12,AG08,2,0,5795,0.0,Completed,Card
BK-2024-01248,2024-05-12,2024-09-11,C05395,PK14,AG09,5,0,4950,0.0,Canceled,Bank Transfer
BK-2024-01249,2024-05-12,2024-06-04,C05813,PK02,AG00,6,0,400,0.05,Completed,Bank Transfer
BK-2024-01250,2024-05-12,2024-08-10,C06444,PK13,AG00,7,0,7485,0.0,Completed,Card
BK-2024-01251,2024-05-13,2024-07-03,C01072,PK06,AG07,1,0,1510,0.1,Completed,Card
BK-2024-01252,2024-05-13,2024-07-17,C03920,PK14,AG12,11,0,4950,0.15,Completed,Bank Transfer
BK-2024-01253,2024-05-13,2024-06-03,C04934,PK01,AG00,2,3,440,0.15,Completed,Card
BK-2024-01254,2024-05-13,2024-10-09,C05491,PK14,AG01,2,0,4950,0.0,Completed,Bank Transfer
BK-2024-01255,2024-05-13,2024-09-02,C05776,PK13,AG07,2,0,7485,0.0,Completed,Bank Transfer
BK-2024-01255,2024-05-13,2024-09-02,C05776,PK13,AG07,2,0,7485,0.0,Completed,Bank Transfer
BK-2024-01256,2024-05-13,2024-08-27,C05926,PK12,AG00,8,0,5795,,Completed,Bank Transfer
BK-2024-01257,2024-05-13,2024-06-26,C05927,PK06,AG00,5,0,1310,0.1,Completed,PayPal
BK-2024-01258,2024-05-13,2024-09-15,C06201,PK13,AG04,1,0,7485,0.0,Completed,Card
BK-2024-01259,2024-05-13,2024-10-10,C06465,PK09,AG03,2,0,3140,,COMPLETED,Bank Transfer
BK-2024-01260,2024-05-14,2024-09-10,C00673,PK06,AG02,7,0,1510,0.1,Completed,Card
BK-2024-01261,2024-05-14,2024-06-14,C00685,PK10,AG01,1,0,935,0.15,Completed,PayPal
BK-2024-01262,2024-05-14,2024-11-21,C01627,PK12,AG10,2,0,5040,0.0,Completed,M-Pesa
BK-2024-01263,2024-05-14,2025-01-03,C02244,PK12,AG08,1,0,6070,0.1,Completed,Bank Transfer
BK-2024-01264,2024-05-14,2024-05-29,C02693,PK02,AG03,2,1,400,0.0,Canceled,Bank Transfer
BK-2024-01265,2024-05-14,2024-05-28,C02810,PK02,AG03,2,0,400,0.0,Completed,Bank Transfer
BK-2024-01266,2024-05-14,2024-06-25,C03038,PK07,AG02,2,3,2470,0.0,Canceled,Bank Transfer
BK-2024-01267,2024-05-14,2024-09-05,C03496,PK09,AG00,1,0,3140,0.15,Canceled,Card
BK-2024-01268,2024-05-14,2024-06-11,C03546,PK01,AG03,8,0,440,0.0,Cancelled ,Card
BK-2024-01269,2024-05-14,2024-09-01,C03735,PK09,AG00,5,0,3140,0.05,Completed,Card
BK-2024-01270,2024-05-14,2024-08-18,C04016,PK12,AG03,2,0,5795,0.0,Completed,Bank Transfer
BK-2024-01271,2024-05-14,2024-08-23,C04430,PK06,AG00,1,0,1510,0.05,COMPLETED,Card
BK-2024-01272,2024-05-14,2024-09-04,C04922,PK10,AG00,1,0,1075,0.05,Completed,M-Pesa
BK-2024-01273,2024-05-14,2024-05-20,C05442,PK01,AG12,6,0,440,0.05,Completed,Bank Transfer
BK-2024-01274,2024-05-14,2024-07-17,C06347,PK15,AG04,2,0,4710,0.0,Completed,Card
BK-2024-01275,2024-05-15,2024-07-15,C00345,PK09,AG00,1,0,3140,0.05,Completed,Card
BK-2024-01276,2024-05-15,2024-07-05,C00469,PK09,AG01,2,0,3140,0.0,Cancelled,PayPal
BK-2024-01276,2024-05-15,2024-07-05,C00469,PK09,AG01,2,0,3140,0.0,Cancelled,PayPal
BK-2024-01277,2024-05-15,2024-07-14,C00652,PK14,AG08,2,1,4950,0.1,Completed,Card
BK-2024-01278,2024-05-15,2024-09-03,C00817,PK13,AG06,2,0,7485,0.0,Completed,PayPal
BK-2024-01279,2024-05-15,2024-09-30,C01567,PK09,AG04,6,0,3140,0.15,Completed,M-Pesa
BK-2024-01280,2024-05-15,2024-12-06,C01793,PK10,AG00,2,0,1075,0.1,Completed,M-Pesa
BK-2024-01281,2024-05-15,2024-06-19,C02963,PK08,AG05,2,2,1240,0.0,Completed,Bank Transfer
BK-2024-01282,2024-05-15,2024-09-15,C04055,PK13,AG05,1,0,7485,0.15,Completed,Card
BK-2024-01283,2024-05-15,2024-07-21,C04711,PK06,AG08,1,0,1510,0.0,Completed,Card
BK-2024-01284,2024-05-15,2024-07-19,C04977,PK06,AG02,2,0,1510,0.0,Completed,Card
BK-2024-01285,2024-05-16,2024-07-09,C00520,PK11,AG00,11,0,4710,0.0,Completed,Card
BK-2024-01286,2024-05-16,2024-12-16,C00765,PK15,AG00,1,0,4710,0.0,Completed,Card
BK-2024-01287,2024-05-16,2024-06-01,C02372,PK05,AG00,2,1,820,0.0,Completed,Bank Transfer
BK-2024-01288,2024-05-16,2024-07-19,C02923,PK07,AG04,2,0,2840,0.0,Completed,Bank Transfer
BK-2024-01289,2024-05-16,2024-08-26,C03965,PK06,AG00,2,0,1510,0.0,Completed,M-Pesa
BK-2024-01290,2024-05-16,2024-07-12,C04107,PK09,AG00,4,0,3140,0.1,Completed,PayPal
BK-2024-01291,2024-05-16,2024-08-20,C04987,PK09,AG10,2,0,3140,0.1,Completed,Bank Transfer
BK-2024-01292,2024-05-16,2024-06-30,C05946,PK07,AG03,2,3,2470,0.0,Completed,Card
BK-2024-01293,2024-05-16,2025-05-02,C06203,PK12,AG09,2,3,5280,0.0,Completed,PayPal
BK-2024-01294,2024-05-17,2024-06-08,C00295,PK12,AG03,8,0,5040,0.1,Completed,M-Pesa
BK-2024-01295,2024-05-17,2024-08-03,C00392,PK01,AG00,11,0,505,0.05,Completed,PayPal
BK-2024-01296,2024-05-17,2024-07-07,C00552,PK13,AG00,1,0,7485,0.0,Canceled,PayPal
BK-2024-01297,2024-05-17,2024-07-21,C00835,PK07,AG11,2,1,2840,0.0,Completed,PayPal
BK-2024-01298,2024-05-17,2024-08-14,C02074,PK12,AG11,2,0,5795,0.0,Completed,Card
BK-2024-01299,2024-05-17,2024-07-02,C02305,PK05,AG10,1,0,940,0.05,Completed,Bank Transfer
BK-2024-01300,2024-05-17,2024-09-30,C02429,PK15,AG00,8,0,4710,0.05,Completed,Bank Transfer
BK-2024-01301,2024-05-17,2024-07-24,C02435,PK01,AG01,2,0,505,0.1,Completed,Card
BK-2024-01302,2024-05-17,2024-12-22,C03873,PK16,AG01,2,0,5555,0.0,Canceled,Bank Transfer
BK-2024-01303,2024-05-17,2024-07-02,C03932,PK14,AG07,2,3,4950,0.0,Completed,Card
BK-2024-01304,2024-05-17,2024-12-22,C04394,PK14,AG02,1,0,4950,0.0,Completed,M-Pesa
BK-2024-01305,2024-05-17,2024-06-11,C04872,PK05,AG02,2,0,820,0.0,Completed ,M-Pesa
BK-2024-01306,2024-05-17,2024-07-04,C05152,PK07,AG09,2,0,2840,0.15,Completed,Card
BK-2024-01307,2024-05-17,2024-07-02,C05246,PK04,AG02,2,2,605,0.05,Completed,Card
BK-2024-01308,2024-05-17,2024-07-02,C05533,PK08,AG11,2,3,1425,0.05,Completed,Bank Transfer
BK-2024-01309,2024-05-17,2024-07-26,C06058,PK14,AG03,2,0,4950,0.1,Completed,Card
BK-2024-01310,2024-05-17,2024-08-10,C06438,PK12,AG06,2,2,5795,0.05,Completed,Bank Transfer
BK-2024-01311,2024-05-18,2024-07-16,C00362,PK16,AG00,2,0,5555,0.0,Completed,Card
BK-2024-01312,2024-05-18,2024-08-03,C00957,PK12,AG08,1,0,5795,0.1,Completed,Bank Transfer
BK-2024-01313,2024-05-18,2024-06-19,C01255,PK02,AG03,6,0,400,0.0,Completed,Bank Transfer
BK-2024-01314,2024-05-18,2024-06-18,C02149,PK05,AG00,2,0,820,0.0,completed,Card
BK-2024-01315,2024-05-18,2024-07-13,C02210,PK06,AG02,9,0,1510,0.1,cancelled,Card
BK-2024-01316,2024-05-18,2025-02-17,C02518,PK15,AG11,1,0,4290,0.1,COMPLETED,Card
BK-2024-01317,2024-05-18,2024-08-16,C02854,PK16,AG10,2,0,5555,0.0,Completed,Bank Transfer
BK-2024-01318,2024-05-18,2024-08-20,C02978,PK15,AG00,1,0,4710,0.0,Completed,Bank Transfer
BK-2024-01319,2024-05-18,2024-07-18,C03014,PK10,AG04,2,1,1075,0.0,Completed,Card
BK-2024-01320,2024-05-18,2024-06-16,C03380,PK04,AG02,2,0,525,0.05,Completed,Bank Transfer
BK-2024-01321,2024-05-18,2024-08-08,C04173,PK07,AG13,10,0,2840,0.1,Completed,PayPal
BK-2024-01322,2024-05-18,2024-08-21,C04190,PK12,AG00,2,3,5795,0.0,Completed,Card
BK-2024-01323,2024-05-18,2024-06-27,C04929,PK06,AG00,9,0,1310,0.1,Completed,Card
BK-2024-01324,2024-05-18,2024-08-04,C05441,PK10,AG03,1,0,1075,0.0,Completed,M-Pesa
BK-2024-01325,2024-05-18,2024-09-22,C05827,PK13,AG00,2,0,7485,0.0,Cancelled,Card
BK-2024-01326,2024-05-18,2024-09-29,C05864,PK15,AG11,7,0,4710,0.0,Completed,Bank Transfer
BK-2024-01326,2024-05-18,2024-09-29,C05864,PK15,AG11,7,0,4710,0.0,Completed,Bank Transfer
BK-2024-01327,2024-05-18,2025-01-13,C05976,PK14,AG04,2,0,5185,0.0,Completed,Card
BK-2024-01328,2024-05-19,2024-08-21,C00050,PK14,AG00,2,0,4950,0.1,completed,Card
BK-2024-01329,2024-05-19,2024-06-06,C00256,PK01,AG00,2,1,440,0.0,Completed,Card
BK-2024-01330,2024-05-19,2024-07-27,C00559,PK06,AG00,2,3,1510,0.0,Completed,M-Pesa
BK-2024-01331,2024-05-19,2024-08-30,C00702,PK12,AG03,1,0,5795,0.0,Completed,Bank Transfer
BK-2024-01332,2024-05-19,2024-07-13,C01088,PK04,AG00,6,0,605,0.0,Completed,Card
BK-2024-01333,2024-05-19,2024-06-28,C01109,PK11,AG02,12,0,4095,0.0,Completed,Bank Transfer
BK-2024-01334,2024-05-19,2024-05-29,C01630,PK03,AG00,2,0,565,0.0,Completed,PayPal
BK-2024-01335,2024-05-19,2024-06-25,C01715,PK04,AG00,1,0,525,0.05,Cancelled,M-Pesa
BK-2024-01336,2024-05-19,2024-08-29,C02117,PK15,AG13,3,0,4710,0.0,Completed,Bank Transfer
BK-2024-01337,2024-05-19,2024-06-25,C02238,PK07,AG02,2,0,2470,0.0,Completed ,Card
BK-2024-01338,2024-05-19,2024-08-09,C03066,PK14,AG01,2,0,4950,0.0,Completed ,Card
BK-2024-01339,2024-05-19,2024-09-08,C04378,PK08,AG11,1,0,1425,0.0,completed,Card
BK-2024-01340,2024-05-19,2024-07-05,C04788,PK07,AG06,2,0,2840,0.1,Completed,Card
BK-2024-01341,2024-05-19,2024-06-10,C05555,PK01,AG00,2,0,440,0.05,Completed,PayPal
BK-2024-01342,2024-05-19,2024-06-24,C06040,PK07,AG11,8,0,2470,,Completed,Card
BK-2024-01343,2024-05-19,2024-07-02,C06127,PK02,AG04,1,0,460,0.0,Completed,Card
BK-2024-01344,2024-05-19,2024-08-10,C06432,PK01,AG00,8,0,505,0.0,completed,Card
BK-2024-01345,2024-05-20,2024-07-13,C00156,PK08,AG00,2,0,1425,0.0,Completed,Card
BK-2024-01346,2024-05-20,2024-06-06,C00219,PK14,AG00,2,0,4305,,Completed,M-Pesa
BK-2024-01347,2024-05-20,2024-07-16,C00560,PK01,AG07,2,0,505,0.0,Completed,M-Pesa
BK-2024-01348,2024-05-20,2024-07-04,C00637,PK03,AG08,2,1,650,0.05,Completed ,Bank Transfer
BK-2024-01349,2024-05-20,2024-07-26,C00716,PK14,AG00,2,0,4950,0.0,Completed,Bank Transfer
BK-2024-01350,2024-05-20,2024-07-31,C01034,PK08,AG00,2,2,1425,0.0,Cancelled,PayPal
BK-2024-01351,2024-05-20,2024-09-03,C01596,PK12,AG00,2,3,5795,0.0,Completed,PayPal
BK-2024-01352,2024-05-20,2025-01-27,C02294,PK15,AG10,9,0,4935,0.0,Completed,Bank Transfer
BK-2024-01353,2024-05-20,2024-10-15,C02486,PK15,AG11,4,0,4710,0.1,Cancelled,PayPal
BK-2024-01354,2024-05-20,2024-08-24,C02803,PK17,AG10,2,3,11835,0.05,Completed,M-Pesa
BK-2024-01355,2024-05-20,2024-07-15,C02884,PK12,AG05,7,0,5795,0.05,Completed,Bank Transfer
BK-2024-01356,2024-05-20,2024-08-21,C04980,PK12,AG00,2,0,5795,0.15,Completed,PayPal
BK-2024-01357,2024-05-20,2024-10-05,C05520,PK12,AG06,2,0,5795,0.0,Completed,Bank Transfer
BK-2024-01358,2024-05-20,2024-07-12,C05574,PK11,AG12,5,0,4710,0.0,Completed,Bank Transfer
BK-2024-01359,2024-05-20,2024-08-28,C06301,PK16,AG00,1,0,5555,0.15,Cancelled,Card
BK-2024-01360,2024-05-21,2024-07-22,C00225,PK10,AG01,1,0,1075,,Completed,Card
BK-2024-01361,2024-05-21,2024-11-16,C00934,PK06,AG12,4,0,1310,0.05,Completed,PayPal
BK-2024-01362,2024-05-21,2024-06-28,C03139,PK04,AG00,2,2,525,0.05,Completed,PayPal
BK-2024-01363,2024-05-21,2024-06-18,C03275,PK03,AG13,3,0,565,0.1,Completed,PayPal
BK-2024-01364,2024-05-21,2024-07-26,C03340,PK06,AG00,2,3,1510,0.0,Completed,M-Pesa
BK-2024-01365,2024-05-21,2024-08-26,C03364,PK16,AG03,1,0,5555,0.0,Completed,Card
BK-2024-01366,2024-05-21,2024-06-20,C05130,PK13,AG03,9,0,6510,0.1,Canceled,Card
BK-2024-01367,2024-05-21,2024-10-31,C05361,PK13,AG07,1,0,7485,0.0,Completed,Bank Transfer
BK-2024-01368,2024-05-21,2024-08-09,C05834,PK15,AG00,2,0,4710,0.1,completed,Card
BK-2024-01369,2024-05-21,2024-09-01,C06379,PK13,AG03,2,0,7485,0.0,Completed,PayPal
BK-2024-01370,2024-05-22,2024-08-30,C01283,PK13,AG13,9,0,7485,0.1,Completed,Bank Transfer
BK-2024-01371,2024-05-22,2024-10-07,C02301,PK07,AG05,2,3,2840,,Completed,PayPal
BK-2024-01372,2024-05-22,2024-07-11,C02343,PK04,AG00,2,0,605,0.0,Completed,Bank Transfer
BK-2024-01373,2024-05-22,2025-03-28,C02789,PK17,AG01,1,0,10780,0.0,Completed,Card
BK-2024-01374,2024-05-22,2024-06-23,C02985,PK02,AG04,9,0,400,0.0,Completed,Card
BK-2024-01375,2024-05-22,2024-08-27,C03011,PK07,AG06,2,0,2840,0.0,Completed,PayPal
BK-2024-01376,2024-05-22,2024-10-31,C03092,PK12,AG12,11,0,5795,0.15,Completed,Bank Transfer
BK-2024-01377,2024-05-22,2024-07-04,C03180,PK03,AG00,2,0,650,0.0,Completed,Card
BK-2024-01378,2024-05-22,2024-07-03,C04106,PK01,AG08,2,3,505,0.0,Completed,Card
BK-2024-01379,2024-05-22,2024-08-31,C04235,PK13,AG00,2,1,7485,0.0,Completed,PayPal
BK-2024-01380,2024-05-22,2024-07-09,C04238,PK15,AG02,2,2,4710,0.0,Cancelled,Card
BK-2024-01381,2024-05-22,2024-07-28,C05207,PK09,AG01,2,1,3140,0.1,Completed,Bank Transfer
BK-2024-01382,2024-05-22,2024-08-13,C05272,PK06,AG01,2,2,1510,0.1,Completed,Bank Transfer
BK-2024-01383,2024-05-22,2024-08-06,C05338,PK13,AG05,2,1,7485,0.0,Completed,Bank Transfer
BK-2024-01384,2024-05-22,2024-07-31,C05393,PK15,AG05,2,0,4710,0.0,Completed,Card
BK-2024-01385,2024-05-22,2025-02-06,C05630,PK14,AG10,4,0,4510,0.0,Completed,M-Pesa
BK-2024-01386,2024-05-22,2025-01-10,C06303,PK12,AG04,4,0,6070,0.1,Completed,Card
BK-2024-01387,2024-05-23,2024-08-04,C00532,PK06,AG04,2,0,1510,0.0,Completed,PayPal
BK-2024-01388,2024-05-23,2024-07-16,C00701,PK09,AG00,2,0,3140,0.0,Completed,Card
BK-2024-01389,2024-05-23,2024-07-16,C01185,PK05,AG01,1,0,940,0.15,Completed,PayPal
BK-2024-01390,2024-05-23,2024-07-20,C01642,PK04,AG00,2,0,605,0.05,Completed,Card
BK-2024-01391,2024-05-23,2024-06-28,C01685,PK09,AG03,1,0,2730,0.0,Completed,PayPal
BK-2024-01392,2024-05-23,2024-08-08,C02891,PK01,AG10,1,0,505,0.0,Completed,Bank Transfer
BK-2024-01393,2024-05-23,2024-10-13,C03200,PK12,AG00,2,1,5795,0.0,Completed,Card
BK-2024-01394,2024-05-23,2025-01-12,C03316,PK17,AG07,1,0,12395,0.05,Completed,Bank Transfer
BK-2024-01395,2024-05-23,2024-08-06,C03447,PK06,AG05,2,2,1510,0.05,Completed,Bank Transfer
BK-2024-01396,2024-05-23,2024-09-05,C03609,PK09,AG02,2,0,3140,0.05,Completed,Card
BK-2024-01397,2024-05-23,2024-06-06,C03694,PK06,AG08,5,0,1310,0.1,Completed,Bank Transfer
BK-2024-01398,2024-05-23,2024-09-11,C04020,PK09,AG02,2,3,3140,0.0,Completed,Card
BK-2024-01399,2024-05-23,2024-07-22,C04607,PK16,AG10,2,0,5555,0.0,Completed,Bank Transfer
BK-2024-01400,2024-05-23,2025-01-04,C04628,PK17,AG01,2,0,12395,0.05,cancelled,Card
BK-2024-01401,2024-05-23,2024-07-02,C05299,PK03,AG03,2,1,650,0.0,Completed,Bank Transfer
BK-2024-01402,2024-05-23,2024-12-24,C05792,PK12,AG05,6,0,5795,0.1,Completed,M-Pesa
BK-2024-01403,2024-05-23,2024-08-11,C06430,PK06,AG00,5,0,1510,0.15,Completed,Bank Transfer
BK-2024-01404,2024-05-24,2024-06-09,C00957,PK03,AG01,1,0,565,0.05,Completed,PayPal
BK-2024-01405,2024-05-24,2024-07-03,C01310,PK01,AG04,1,0,505,0.0,Completed,Card
BK-2024-01406,2024-05-24,2024-07-18,C01394,PK03,AG05,2,2,650,0.1,Completed,Card
BK-2024-01407,2024-05-24,2024-09-18,C02106,PK09,AG04,2,3,3140,0.0,Completed,PayPal
BK-2024-01408,2024-05-24,2024-07-15,C03338,PK16,AG02,2,0,5555,0.0,Completed,Bank Transfer
BK-2024-01409,2024-05-24,2024-06-20,C03532,PK05,AG00,2,0,820,0.0,Completed,Bank Transfer
BK-2024-01410,2024-05-24,2024-07-08,C03700,PK01,AG02,2,3,505,0.0,completed,PayPal
BK-2024-01411,2024-05-24,2024-06-24,C04714,PK09,AG06,2,0,2730,0.05,Completed,Card
BK-2024-01412,2024-05-24,2024-07-08,C04926,PK14,AG05,2,1,4950,0.0,Completed,Card
BK-2024-01412,2024-05-24,2024-07-08,C04926,PK14,AG05,2,1,4950,0.0,Completed,Card
BK-2024-01413,2024-05-24,2024-06-05,C05426,PK09,AG06,2,2,2730,0.15,Completed,Card
BK-2024-01414,2024-05-25,2024-08-21,C00194,PK17,AG10,2,0,11835,0.1,Completed,M-Pesa
BK-2024-01415,2024-05-25,2024-07-30,C01236,PK03,AG00,2,0,650,0.0,cancelled,Bank Transfer
BK-2024-01416,2024-05-25,2024-09-07,C01710,PK06,AG00,2,0,1510,0.05,Completed,Card
BK-2024-01417,2024-05-25,2024-08-04,C01978,PK04,AG02,4,0,605,0.1,Completed,Bank Transfer
BK-2024-01417,2024-05-25,2024-08-04,C01978,PK04,AG02,4,0,605,0.1,Completed,Bank Transfer
BK-2024-01418,2024-05-25,2024-06-19,C02011,PK07,AG00,7,0,2470,0.0,Completed,Card
BK-2024-01419,2024-05-25,2024-08-10,C02146,PK01,AG00,2,0,505,0.0,Completed,M-Pesa
BK-2024-01420,2024-05-25,2024-07-08,C02489,PK13,AG02,2,0,7485,0.0,Completed,Card
BK-2024-01421,2024-05-25,2024-08-13,C03194,PK17,AG00,7,0,11835,0.0,Completed,Card
BK-2024-01422,2024-05-25,2024-10-10,C03267,PK12,AG00,1,0,5795,0.0,Completed,Card
BK-2024-01423,2024-05-25,2024-06-23,C03692,PK01,AG00,2,0,440,0.0,Completed,Bank Transfer
BK-2024-01424,2024-05-25,2024-07-06,C03865,PK04,AG03,2,1,605,0.0,Completed,Card
BK-2024-01425,2024-05-25,2024-07-18,C03944,PK13,AG04,2,1,7485,0.0,Cancelled,PayPal
BK-2024-01426,2024-05-25,2024-06-16,C06148,PK01,AG08,2,3,440,0.1,Completed,Bank Transfer
BK-2024-01427,2024-05-25,2024-09-13,C06480,PK16,AG01,2,0,5555,0.0,Completed,Card
BK-2024-01428,2024-05-26,2024-09-24,C01133,PK16,AG05,2,1,5555,0.1,Completed,Card
BK-2024-01429,2024-05-26,2024-08-20,C01822,PK15,AG02,2,0,4710,0.0,cancelled,Card
BK-2024-01430,2024-05-26,2024-06-13,C02157,PK02,AG07,9,0,400,0.1,Canceled,Bank Transfer
BK-2024-01431,2024-05-26,2024-07-12,C02394,PK12,AG05,2,1,5795,0.05,Completed,Bank Transfer
BK-2024-01432,2024-05-26,2025-01-02,C03360,PK07,AG02,2,0,2975,0.0,Completed,Card
BK-2024-01433,2024-05-26,2024-08-25,C04855,PK14,AG13,9,0,4950,0.1,Completed,M-Pesa
BK-2024-01434,2024-05-26,2024-06-09,C05165,PK04,AG00,2,0,525,0.05,Completed,Bank Transfer
BK-2024-01435,2024-05-26,2024-07-19,C06077,PK12,AG04,2,1,5795,0.1,Completed,Card
BK-2024-01436,2024-05-27,2024-09-06,C00541,PK09,AG00,2,0,3140,0.0,Completed,Bank Transfer
BK-2024-01437,2024-05-27,2024-08-25,C00929,PK05,AG01,2,0,940,0.0,completed,Bank Transfer
BK-2024-01438,2024-05-27,2024-07-04,C00964,PK02,AG02,2,3,460,0.0,Completed ,Card
BK-2024-01439,2024-05-27,2024-08-27,C01619,PK14,AG05,2,1,4950,0.1,Completed,Card
BK-2024-01440,2024-05-27,2024-07-29,C01820,PK06,AG04,1,0,1510,0.05,Cancelled,Card
BK-2024-01441,2024-05-27,2024-08-06,C02975,PK14,AG04,2,0,4950,0.05,Cancelled,M-Pesa
BK-2024-01442,2024-05-27,2024-08-11,C03220,PK07,AG10,2,0,2840,0.05,Completed,Card
BK-2024-01443,2024-05-27,2024-06-04,C03225,PK01,AG02,6,0,440,0.1,Completed,Card
BK-2024-01444,2024-05-27,2024-07-17,C04111,PK03,AG01,2,1,650,0.15,Completed,Card
BK-2024-01445,2024-05-27,2024-06-22,C04499,PK09,AG05,2,0,2730,0.05,Cancelled,M-Pesa
BK-2024-01446,2024-05-27,2024-07-17,C04704,PK13,AG09,6,0,7485,0.1,Completed ,Bank Transfer
BK-2024-01447,2024-05-27,2024-06-29,C05023,PK07,AG07,2,3,2470,0.05,Completed,Card
BK-2024-01448,2024-05-27,2024-10-27,C05810,PK11,AG07,4,0,4710,,Completed ,Card
BK-2024-01449,2024-05-27,2024-09-17,C05829,PK11,AG01,5,0,4710,0.05,Completed,Bank Transfer
BK-2024-01450,2024-05-28,2024-07-14,C00416,PK07,AG02,2,0,2840,0.1,Canceled,M-Pesa
BK-2024-01451,2024-05-28,2024-07-05,C00499,PK07,AG04,2,3,2840,0.05,Cancelled,Bank Transfer
BK-2024-01452,2024-05-28,2024-08-21,C00853,PK13,AG04,2,3,7485,0.0,Completed,Card
BK-2024-01453,2024-05-28,2024-08-19,C01910,PK09,AG08,2,0,3140,0.0,completed,Bank Transfer
BK-2024-01454,2024-05-28,2024-07-20,C02429,PK17,AG00,7,0,11835,0.1,Completed,Bank Transfer
BK-2024-01455,2024-05-28,2024-09-13,C02961,PK12,AG07,2,3,5795,0.0,Completed,Bank Transfer
BK-2024-01456,2024-05-28,2024-09-26,C03188,PK02,AG00,7,0,460,0.0,Completed,Card
BK-2024-01457,2024-05-28,2024-07-13,C03250,PK17,AG03,2,0,11835,0.0,Completed,PayPal
BK-2024-01458,2024-05-28,2024-07-05,C03347,PK05,AG07,1,0,940,0.15,Completed ,Card
BK-2024-01459,2024-05-28,2024-08-18,C04414,PK04,AG12,4,0,605,0.05,Completed,Card
BK-2024-01460,2024-05-28,2024-06-18,C05366,PK06,AG00,6,0,1310,0.0,Completed,PayPal
BK-2024-01461,2024-05-28,2024-08-04,C05460,PK11,AG00,2,0,4710,0.05,Completed,Card
BK-2024-01462,2024-05-29,2024-07-04,C00356,PK06,AG03,2,0,1510,0.0,Canceled,Bank Transfer
BK-2024-01463,2024-05-29,2024-08-07,C01270,PK12,AG02,2,0,5795,0.0,Completed,PayPal
BK-2024-01464,2024-05-29,2025-07-07,C01444,PK12,AG01,3,0,6070,0.05,Completed,M-Pesa
BK-2024-01465,2024-05-29,2024-08-01,C02098,PK08,AG10,2,1,1425,0.0,Cancelled,Bank Transfer
BK-2024-01466,2024-05-29,2024-06-28,C02460,PK07,AG01,2,2,2470,0.0,Completed,PayPal
BK-2024-01467,2024-05-29,2024-08-16,C02566,PK15,AG03,2,2,4710,0.1,Completed,PayPal
BK-2024-01468,2024-05-29,2024-06-01,C03604,PK01,AG00,2,0,440,0.1,Completed,PayPal
BK-2024-01469,2024-05-29,2024-06-25,C04346,PK03,AG00,2,0,565,0.0,Completed,Card
BK-2024-01470,2024-05-29,2024-07-19,C04576,PK06,AG00,1,0,1510,0.0,Completed,PayPal
BK-2024-01471,2024-05-29,2024-08-30,C05120,PK06,AG12,5,0,1510,0.1,Completed,M-Pesa
BK-2024-01472,2024-05-29,2024-06-24,C05309,PK01,AG02,2,1,440,0.0,Completed,Bank Transfer
BK-2024-01473,2024-05-29,2024-07-28,C05870,PK07,AG09,2,0,2840,0.05,Completed,Card
BK-2024-01474,2024-05-29,2024-06-26,C06232,PK09,AG06,1,0,2730,0.05,Completed,PayPal
BK-2024-01475,2024-05-30,2024-10-22,C01145,PK13,AG00,9,0,7485,0.0,COMPLETED,Card
BK-2024-01476,2024-05-30,2025-01-06,C01753,PK12,AG12,7,0,6070,0.0,Cancelled,Bank Transfer
BK-2024-01477,2024-05-30,2024-07-22,C02175,PK01,AG10,2,1,505,0.0,Completed,Card
BK-2024-01478,2024-05-30,2024-07-07,C02281,PK07,AG06,2,0,2840,0.0,Completed,Card
BK-2024-01479,2024-05-30,2024-07-25,C03244,PK03,AG03,1,0,650,0.0,Canceled,Card
BK-2024-01480,2024-05-30,2024-10-24,C03325,PK11,AG00,2,0,4710,0.0,Completed,Card
BK-2024-01481,2024-05-30,2024-12-09,C04074,PK07,AG07,2,2,2840,0.1,Completed,Bank Transfer
BK-2024-01482,2024-05-30,2024-10-07,C04888,PK14,AG00,2,2,4950,0.15,Completed ,Card
BK-2024-01483,2024-05-30,2024-06-29,C06089,PK02,AG00,7,0,400,0.0,Completed,M-Pesa
BK-2024-01484,2024-05-30,2024-07-05,C06162,PK16,AG07,2,0,5555,0.1,Completed,Card
BK-2024-01485,2024-05-31,2024-08-17,C00200,PK09,AG00,2,3,3140,0.0,Completed,M-Pesa
BK-2024-01486,2024-05-31,2024-09-27,C00674,PK13,AG01,2,2,7485,0.0,Completed,Card
BK-2024-01487,2024-05-31,2024-08-30,C00719,PK13,AG10,7,0,7485,0.0,Completed,PayPal
BK-2024-01488,2024-05-31,2024-06-14,C01239,PK06,AG01,2,2,1310,0.05,Completed,Bank Transfer
BK-2024-01489,2024-05-31,2024-10-19,C01949,PK06,AG05,2,0,1510,0.0,Completed,Card
BK-2024-01490,2024-05-31,2024-07-02,C03387,PK08,AG03,1,0,1425,0.05,Cancelled,Bank Transfer
BK-2024-01491,2024-05-31,2024-07-21,C03954,PK12,AG00,2,0,5795,0.1,Completed,Card
BK-2024-01492,2024-05-31,2024-09-03,C04495,PK09,AG05,2,2,3140,0.0,Completed,M-Pesa
BK-2024-01493,2024-05-31,2024-10-29,C04575,PK06,AG00,2,3,1510,0.0,Completed,Card
BK-2024-01494,2024-05-31,2024-07-08,C05702,PK06,AG03,6,0,1510,,Completed,PayPal
BK-2024-01495,2024-05-31,2024-06-13,C05924,PK01,AG00,2,0,440,0.0,Completed,Card
BK-2024-01496,2024-05-31,2024-08-29,C05987,PK10,AG03,2,0,1075,0.0,Completed,Bank Transfer
BK-2024-01497,2024-06-01,2024-08-19,C00495,PK02,AG03,9,0,460,0.05,Completed,Bank Transfer
BK-2024-01498,2024-06-01,2024-09-06,C00916,PK10,AG11,8,0,1075,0.0,Completed,Bank Transfer
BK-2024-01499,2024-06-01,2024-08-12,C01289,PK11,AG04,4,0,4710,0.1,Completed,Bank Transfer
BK-2024-01500,2024-06-01,2024-11-02,C01440,PK13,AG02,2,1,6510,0.0,Completed,M-Pesa
BK-2024-01501,2024-06-01,2024-07-01,C01769,PK05,AG00,2,0,940,0.05,Completed,Bank Transfer
BK-2024-01502,2024-06-01,2024-08-19,C01819,PK11,AG01,8,0,4710,0.05,Completed,Card
BK-2024-01503,2024-06-01,2024-07-18,C02344,PK11,AG00,2,0,4710,0.0,Completed,Card
BK-2024-01504,2024-06-01,2024-09-07,C02607,PK09,AG02,8,0,3140,0.0,Completed,Card
BK-2024-01505,2024-06-01,2024-07-19,C02790,PK08,AG00,7,0,1425,0.1,Completed,Card
BK-2024-01506,2024-06-01,2024-09-23,C03063,PK12,AG12,3,0,5795,0.1,Completed,Bank Transfer
BK-2024-01507,2024-06-01,2024-06-26,C03223,PK07,AG10,2,3,2470,0.05,Completed,Bank Transfer
BK-2024-01508,2024-06-01,2024-11-07,C04252,PK09,AG03,2,0,2730,0.15,Canceled,PayPal
BK-2024-01509,2024-06-01,2024-10-04,C04255,PK17,AG00,2,0,11835,0.05,Completed,Bank Transfer
BK-2024-01510,2024-06-01,2024-07-28,C04495,PK09,AG00,2,1,3140,0.05,Completed,Card
BK-2024-01511,2024-06-01,2024-11-24,C04561,PK13,AG00,2,1,6510,0.0,completed,Card
BK-2024-01512,2024-06-01,2024-06-17,C04690,PK08,AG00,6,0,1240,0.05,Completed,M-Pesa
BK-2024-01513,2024-06-01,2024-08-05,C05150,PK06,AG10,2,0,1510,0.05,Completed,Bank Transfer
BK-2024-01514,2024-06-01,2024-10-03,C05171,PK07,AG05,1,0,2840,0.0,Completed,Card
BK-2024-01515,2024-06-01,2024-07-08,C05469,PK02,AG04,9,0,460,0.1,Completed,Bank Transfer
BK-2024-01516,2024-06-01,2025-01-14,C06105,PK12,AG05,2,3,6070,0.1,Completed,Card
BK-2024-01517,2024-06-02,2024-09-07,C00250,PK04,AG02,2,2,605,0.05,Completed,Bank Transfer
BK-2024-01518,2024-06-02,2024-08-28,C01991,PK12,AG01,2,1,5795,0.05,Completed,Card
BK-2024-01519,2024-06-02,2024-06-09,C02512,PK03,AG07,1,0,565,0.0,Completed,Card
BK-2024-01520,2024-06-02,2024-09-11,C02697,PK12,AG04,4,0,5795,0.1,Completed,Bank Transfer
BK-2024-01521,2024-06-02,2024-06-28,C02945,PK09,AG02,7,0,2730,0.0,Completed,Card
BK-2024-01522,2024-06-02,2024-08-17,C03563,PK07,AG11,2,0,2840,0.15,Completed,Card
BK-2024-01523,2024-06-02,2024-07-07,C03995,PK06,AG05,2,0,1510,0.0,Completed,Card
BK-2024-01524,2024-06-02,2024-08-29,C04000,PK06,AG02,2,2,1510,0.05,Completed,Bank Transfer
BK-2024-01525,2024-06-02,2024-06-20,C04019,PK05,AG02,1,0,820,0.05,Completed,Card
BK-2024-01526,2024-06-02,2024-08-23,C05179,PK08,AG00,5,0,1425,0.05,Completed,PayPal
BK-2024-01527,2024-06-02,2024-07-27,C05459,PK10,AG01,8,0,1075,0.1,Completed,Card
BK-2024-01528,2024-06-03,2024-09-18,C00207,PK14,AG11,1,0,4950,0.05,Cancelled,Bank Transfer
BK-2024-01529,2024-06-03,2024-07-10,C01148,PK05,AG03,2,0,940,0.0,Completed,PayPal
BK-2024-01530,2024-06-03,2024-09-21,C01271,PK15,AG11,2,0,4710,0.0,Completed,Bank Transfer
BK-2024-01531,2024-06-03,2024-08-26,C01304,PK12,AG00,2,0,5795,0.0,Completed,Bank Transfer
BK-2024-01532,2024-06-03,2024-06-23,C01573,PK03,AG00,2,3,565,0.0,COMPLETED,Bank Transfer
BK-2024-01533,2024-06-03,2024-08-04,C02249,PK07,AG02,2,1,2840,0.0,Completed,Card
BK-2024-01534,2024-06-03,2024-08-28,C03377,PK09,AG09,2,2,3140,0.0,Completed,Bank Transfer
BK-2024-01535,2024-06-03,2024-06-29,C03546,PK09,AG00,5,0,2730,0.1,Completed,M-Pesa
BK-2024-01536,2024-06-03,2024-08-25,C04343,PK06,AG03,2,2,1510,0.0,Completed,PayPal
BK-2024-01537,2024-06-03,2024-12-14,C04775,PK15,AG04,1,0,4710,0.0,Completed,Bank Transfer
BK-2024-01538,2024-06-03,2024-07-28,C04904,PK07,AG03,2,1,2840,0.0,Completed,M-Pesa
BK-2024-01539,2024-06-03,2024-07-11,C05081,PK06,AG04,4,0,1510,0.05,Completed,Bank Transfer
BK-2024-01540,2024-06-03,2024-07-25,C05321,PK07,AG09,2,0,2840,0.0,Completed,Card
BK-2024-01541,2024-06-03,2024-08-21,C05406,PK08,AG00,1,0,1425,0.0,Completed,M-Pesa
BK-2024-01542,2024-06-04,2024-07-24,C00587,PK02,AG00,5,0,460,0.05,Completed,PayPal
BK-2024-01543,2024-06-04,2024-07-25,C01035,PK11,AG01,2,0,4710,0.0,Cancelled,Bank Transfer
BK-2024-01544,2024-06-04,2024-07-01,C01281,PK05,AG08,2,1,940,0.0,Completed,PayPal
BK-2024-01545,2024-06-04,2024-08-11,C01690,PK07,AG07,2,2,2840,0.05,Completed,Card
BK-2024-01546,2024-06-04,2024-07-15,C01803,PK07,AG04,2,0,2840,0.0,Completed,Bank Transfer
BK-2024-01547,2024-06-04,2024-08-06,C01960,PK05,AG02,2,0,940,0.0,Completed,Card
BK-2024-01548,2024-06-04,2024-10-28,C02154,PK08,AG00,6,0,1425,0.1,Completed,M-Pesa
BK-2024-01549,2024-06-04,2024-07-20,C02219,PK12,AG00,1,0,5795,0.0,Completed,Card
BK-2024-01550,2024-06-04,2024-07-12,C02477,PK02,AG00,2,3,460,0.05,Completed ,PayPal
BK-2024-01551,2024-06-04,2024-08-13,C02744,PK02,AG05,2,0,460,0.0,Completed,Card
BK-2024-01552,2024-06-04,2024-09-28,C03233,PK01,AG00,2,0,505,0.0,Completed,PayPal
BK-2024-01553,2024-06-04,2024-12-04,C03682,PK15,AG04,7,0,4710,0.0,Completed,Card
BK-2024-01554,2024-06-04,2024-10-16,C04206,PK13,AG00,9,0,7485,0.05,Completed,PayPal
BK-2024-01555,2024-06-04,2024-07-21,C04298,PK06,AG03,2,0,1510,0.0,Completed,Card
BK-2024-01556,2024-06-04,2024-07-05,C04330,PK10,AG08,2,3,1075,0.05,Completed,Bank Transfer
BK-2024-01557,2024-06-04,2024-08-16,C04477,PK11,AG00,2,1,4710,0.0,Completed,M-Pesa
BK-2024-01558,2024-06-04,2024-07-15,C04521,PK08,AG02,2,3,1425,0.0,Completed,PayPal
BK-2024-01559,2024-06-04,2024-08-05,C05040,PK07,AG02,5,0,2840,0.1,Completed,Bank Transfer
BK-2024-01560,2024-06-04,2024-07-05,C05667,PK01,AG07,4,0,505,0.1,Completed,M-Pesa
BK-2024-01561,2024-06-04,2024-12-30,C06460,PK15,AG00,2,0,4710,0.0,Completed,Card
BK-2024-01562,2024-06-05,2025-04-30,C00299,PK14,AG12,6,0,4510,0.1,Completed,Bank Transfer
BK-2024-01563,2024-06-05,2024-09-15,C00475,PK11,AG04,7,0,4710,0.0,Completed,Card
BK-2024-01564,2024-06-05,2024-07-27,C01408,PK05,AG00,1,0,940,0.05,Completed,Card
BK-2024-01565,2024-06-05,2024-09-13,C01523,PK16,AG06,2,2,5555,0.05,Completed,Card
BK-2024-01566,2024-06-05,2024-07-19,C01675,PK01,AG04,7,0,505,0.0,Completed,Bank Transfer
BK-2024-01567,2024-06-05,2024-08-17,C01719,PK17,AG00,2,0,11835,0.0,Completed,Card
BK-2024-01568,2024-06-05,2024-09-05,C02289,PK08,AG00,2,0,1425,0.05,Canceled,PayPal
BK-2024-01569,2024-06-05,2024-11-20,C02499,PK17,AG05,2,0,10290,0.05,Completed,Card
BK-2024-01570,2024-06-05,2024-10-25,C02575,PK07,AG02,6,0,2840,0.1,Completed,Bank Transfer
BK-2024-01571,2024-06-05,2024-08-12,C02947,PK13,AG09,2,0,7485,0.05,Completed,Card
BK-2024-01572,2024-06-05,2024-08-03,C03088,PK03,AG01,2,2,650,0.0,Completed,Card
BK-2024-01573,2024-06-05,2024-12-17,C03317,PK15,AG03,2,0,4710,0.05,Completed,Bank Transfer
BK-2024-01574,2024-06-05,2024-08-01,C03469,PK06,AG06,8,0,1510,0.0,Completed,Card
BK-2024-01575,2024-06-05,2024-07-08,C04028,PK04,AG02,2,0,605,0.0,Completed,M-Pesa
BK-2024-01576,2024-06-05,2024-07-02,C04257,PK03,AG00,2,2,650,0.0,Completed,M-Pesa
BK-2024-01577,2024-06-05,2024-06-11,C04294,PK03,AG04,2,2,565,0.0,completed,M-Pesa
BK-2024-01578,2024-06-05,2024-09-01,C04297,PK04,AG06,2,0,605,0.0,Completed,PayPal
BK-2024-01579,2024-06-05,2024-07-25,C04852,PK06,AG03,1,0,1510,0.0,Completed,Card
BK-2024-01580,2024-06-05,2024-07-03,C05356,PK06,AG10,7,0,1510,0.0,Completed,M-Pesa
BK-2024-01581,2024-06-05,2024-07-20,C05421,PK04,AG00,2,0,605,0.0,Completed,Card
BK-2024-01582,2024-06-05,2024-06-22,C06336,PK12,AG00,2,2,5040,0.1,Completed,Card
BK-2024-01583,2024-06-05,2024-07-24,C06458,PK02,AG02,1,0,460,0.05,Completed,Card
BK-2024-01584,2024-06-06,2024-09-04,C00163,PK08,AG02,2,2,1425,0.0,Completed,Bank Transfer
BK-2024-01585,2024-06-06,2024-08-22,C00188,PK08,AG03,2,0,1425,0.0,Completed,Card
BK-2024-01586,2024-06-06,2024-07-30,C01156,PK02,AG12,9,0,460,0.0,Completed,PayPal
BK-2024-01587,2024-06-06,2024-10-17,C01301,PK15,AG06,8,0,4710,0.1,Completed,Bank Transfer
BK-2024-01588,2024-06-06,2024-07-27,C01377,PK05,AG04,2,0,940,0.05,Completed,Card
BK-2024-01589,2024-06-06,2024-08-04,C01482,PK06,AG10,2,1,1510,0.05,Completed,M-Pesa
BK-2024-01590,2024-06-06,2024-06-10,C01662,PK02,AG00,4,0,400,0.0,Completed,Card
BK-2024-01591,2024-06-06,2024-07-10,C01894,PK17,AG03,2,1,11835,0.05,Canceled,PayPal
BK-2024-01592,2024-06-06,2024-06-12,C02789,PK01,AG03,1,0,440,0.1,Completed,Card
BK-2024-01593,2024-06-06,2024-08-13,C03077,PK13,AG03,11,0,7485,0.15,Completed,PayPal
BK-2024-01594,2024-06-06,2024-07-07,C03349,PK08,AG00,2,0,1425,0.15,completed,Card
BK-2024-01595,2024-06-06,2024-06-15,C03909,PK05,AG10,2,0,820,0.0,Completed,M-Pesa
BK-2024-01596,2024-06-06,2024-09-20,C04207,PK06,AG00,2,0,1510,0.0,Completed,Card
BK-2024-01597,2024-06-06,2024-07-15,C04234,PK09,AG00,2,1,3140,0.0,Completed,Bank Transfer
BK-2024-01598,2024-06-06,2024-09-23,C04770,PK10,AG00,2,0,1075,0.0,Completed,Bank Transfer
BK-2024-01599,2024-06-06,2024-08-18,C04997,PK07,AG00,2,2,2840,0.0,COMPLETED,Card
BK-2024-01600,2024-06-06,2024-09-12,C05116,PK06,AG10,2,0,1510,0.0,Completed,PayPal
BK-2024-01601,2024-06-06,2024-08-15,C05220,PK02,AG00,9,0,460,0.05,completed,Card
BK-2024-01602,2024-06-06,2024-07-06,C05261,PK06,AG00,2,0,1510,,Completed,Bank Transfer
BK-2024-01603,2024-06-06,2024-08-01,C05422,PK07,AG00,1,0,2840,0.0,Completed,Card
BK-2024-01604,2024-06-06,2024-08-25,C05423,PK14,AG10,2,0,4950,0.0,Completed,M-Pesa
BK-2024-01605,2024-06-06,2024-07-17,C05970,PK05,AG03,1,0,940,0.05,Completed,Card
BK-2024-01606,2024-06-06,2024-07-08,C06169,PK01,AG04,1,0,505,0.0,Completed,Bank Transfer
BK-2024-01607,2024-06-06,2024-09-20,C06359,PK15,AG10,2,0,4710,0.0,Completed,M-Pesa
BK-2024-01608,2024-06-06,2024-10-12,C06363,PK12,AG10,2,0,5795,0.0,Completed,Bank Transfer
BK-2024-01609,2024-06-07,2024-09-16,C00392,PK06,AG05,10,0,1510,0.0,Completed,Card
BK-2024-01610,2024-06-07,2024-12-15,C00725,PK13,AG00,2,3,7485,0.0,Completed,Card
BK-2024-01611,2024-06-07,2024-07-15,C01173,PK08,AG03,2,0,1425,0.0,Completed,Card
BK-2024-01612,2024-06-07,2024-07-21,C01819,PK07,AG00,7,0,2840,0.1,Completed,M-Pesa
BK-2024-01612,2024-06-07,2024-07-21,C01819,PK07,AG00,7,0,2840,0.1,Completed,M-Pesa
BK-2024-01613,2024-06-07,2024-08-03,C02131,PK04,AG00,1,0,605,0.0,Completed,Card
BK-2024-01614,2024-06-07,2024-10-16,C02297,PK14,AG00,2,3,4950,0.1,Completed,M-Pesa
BK-2024-01615,2024-06-07,2024-07-01,C02393,PK10,AG04,8,0,1075,0.05,Canceled,PayPal
BK-2024-01616,2024-06-07,2024-08-04,C02551,PK03,AG00,2,2,650,0.1,Completed,PayPal
BK-2024-01617,2024-06-07,2024-06-16,C02725,PK05,AG04,1,0,820,0.0,Completed,Card
BK-2024-01618,2024-06-07,2024-07-07,C02820,PK08,AG00,1,0,1425,0.0,Completed,Bank Transfer
BK-2024-01619,2024-06-07,2024-08-08,C03957,PK15,AG11,4,0,4710,0.1,Completed,Bank Transfer
BK-2024-01620,2024-06-07,2024-11-06,C04318,PK14,AG00,2,0,4305,0.1,Completed,Card
BK-2024-01621,2024-06-07,2024-08-27,C04745,PK13,AG02,1,0,7485,0.0,Completed,Bank Transfer
BK-2024-01622,2024-06-07,2024-11-01,C05701,PK13,AG04,1,0,6510,0.0,Cancelled,Card
BK-2024-01623,2024-06-07,2024-07-08,C06196,PK10,AG12,3,0,1075,0.0,Completed,Bank Transfer
BK-2024-01624,2024-06-08,2024-08-09,C00245,PK09,AG00,2,1,3140,0.05,Completed,Bank Transfer
BK-2024-01625,2024-06-08,2024-07-29,C00562,PK14,AG11,6,0,4950,0.1,Completed,Card
BK-2024-01626,2024-06-08,2024-06-25,C02535,PK05,AG00,1,0,820,0.0,Completed ,Card
BK-2024-01627,2024-06-08,2024-09-04,C02657,PK12,AG00,1,0,5795,0.05,Completed,Card
BK-2024-01628,2024-06-08,2024-09-25,C02840,PK07,AG08,2,0,2840,0.1,Completed,Bank Transfer
BK-2024-01629,2024-06-08,2024-07-15,C02943,PK14,AG02,2,0,4950,0.15,Completed,Bank Transfer
BK-2024-01630,2024-06-08,2024-07-10,C03406,PK06,AG06,7,0,1510,0.1,Completed,PayPal
BK-2024-01631,2024-06-08,2025-01-30,C03475,PK08,AG09,2,0,1495,0.0,Completed,Card
BK-2024-01632,2024-06-08,2024-11-06,C03886,PK12,AG09,2,2,5040,0.1,Cancelled,Card
BK-2024-01633,2024-06-08,2024-07-18,C04218,PK08,AG06,8,0,1425,0.1,Completed,Bank Transfer
BK-2024-01634,2024-06-08,2024-07-18,C04464,PK01,AG07,8,0,505,0.0,Completed,Bank Transfer
BK-2024-01635,2024-06-08,2024-08-05,C04476,PK05,AG00,2,0,940,0.0,Completed,Card
BK-2024-01636,2024-06-08,2024-09-10,C04865,PK09,AG01,2,1,3140,0.0,Completed,PayPal
BK-2024-01637,2024-06-08,2024-06-24,C04913,PK07,AG06,2,0,2470,0.0,Completed,M-Pesa
BK-2024-01638,2024-06-08,2024-07-15,C06304,PK06,AG00,7,0,1510,0.05,Completed,Card
BK-2024-01639,2024-06-08,2024-09-07,C06380,PK16,AG10,2,0,5555,0.05,Completed,Bank Transfer
BK-2024-01640,2024-06-09,2024-07-11,C00042,PK03,AG00,2,1,650,0.15,Completed,M-Pesa
BK-2024-01641,2024-06-09,2024-07-04,C02030,PK02,AG04,2,0,460,0.0,Completed,Bank Transfer
BK-2024-01642,2024-06-09,2024-10-14,C02094,PK07,AG03,1,0,2840,0.0,Completed,Card
BK-2024-01643,2024-06-09,2024-08-11,C03085,PK08,AG08,2,1,1425,0.0,Completed,Bank Transfer
BK-2024-01644,2024-06-09,2024-08-22,C03333,PK06,AG02,2,0,1510,0.0,Completed,Card
BK-2024-01645,2024-06-09,2024-07-07,C04275,PK06,AG10,5,0,1510,0.0,Completed,Card
BK-2024-01646,2024-06-09,2025-01-21,C04383,PK14,AG08,8,0,5185,0.1,Completed,M-Pesa
BK-2024-01647,2024-06-09,2024-07-05,C04514,PK04,AG04,1,0,605,,Completed,Card
BK-2024-01648,2024-06-09,2024-07-12,C05302,PK06,AG11,2,3,1510,0.15,Completed,Card
BK-2024-01649,2024-06-10,2024-08-04,C00082,PK06,AG04,2,0,1510,0.1,Completed,Card
BK-2024-01650,2024-06-10,2024-08-07,C00294,PK06,AG03,2,1,1510,0.0,Completed,Card
BK-2024-01651,2024-06-10,2024-07-08,C00384,PK01,AG03,2,1,505,0.05,Completed,Bank Transfer
BK-2024-01652,2024-06-10,2024-10-17,C00642,PK14,AG11,2,0,4950,0.0,Completed,Bank Transfer
BK-2024-01653,2024-06-10,2024-06-29,C01751,PK03,AG01,2,1,565,0.05,Completed,M-Pesa
BK-2024-01654,2024-06-10,2024-10-01,C02011,PK10,AG00,8,0,1075,0.0,Completed,PayPal
BK-2024-01655,2024-06-10,2024-08-11,C02197,PK05,AG00,2,1,940,0.0,Completed,M-Pesa
BK-2024-01656,2024-06-10,2024-06-17,C02291,PK11,AG10,1,0,4095,0.05,Completed,M-Pesa
BK-2024-01657,2024-06-10,2024-07-28,C02858,PK10,AG00,2,0,1075,0.0,Completed,Bank Transfer
BK-2024-01658,2024-06-10,2024-10-08,C02987,PK09,AG06,9,0,3140,0.0,cancelled,PayPal
BK-2024-01659,2024-06-10,2024-09-14,C03233,PK13,AG11,2,0,7485,0.0,Completed,Card
BK-2024-01660,2024-06-10,2024-10-24,C03467,PK06,AG00,2,0,1510,,completed,M-Pesa
BK-2024-01661,2024-06-10,2024-07-04,C04220,PK06,AG00,5,0,1510,0.0,Completed,Bank Transfer
BK-2024-01662,2024-06-10,2024-07-06,C04624,PK01,AG02,2,1,505,0.0,Cancelled,Card
BK-2024-01663,2024-06-10,2026-02-20,C04640,PK14,AG00,6,0,4715,0.05,Completed,Bank Transfer
BK-2024-01664,2024-06-10,2024-07-18,C04723,PK15,AG13,3,0,4710,0.0,Completed,PayPal
BK-2024-01665,2024-06-10,2024-07-20,C04728,PK14,AG07,2,0,4950,0.0,Completed,M-Pesa
BK-2024-01666,2024-06-10,2024-08-05,C04812,PK06,AG00,2,1,1510,0.1,Completed,Card
BK-2024-01667,2024-06-10,2024-07-08,C05013,PK03,AG12,5,0,650,,Completed,Bank Transfer
BK-2024-01668,2024-06-10,2024-07-11,C05287,PK08,AG03,2,1,1425,0.0,Completed,Bank Transfer
BK-2024-01669,2024-06-10,2024-06-24,C05359,PK04,AG02,1,0,525,0.0,Completed,Bank Transfer
BK-2024-01670,2024-06-10,2024-08-07,C05503,PK11,AG04,2,0,4710,0.15,Completed ,PayPal
BK-2024-01671,2024-06-10,2024-08-08,C05569,PK09,AG00,2,3,3140,0.1,Completed,Card
BK-2024-01672,2024-06-10,2024-07-15,C05895,PK09,AG06,1,0,3140,0.0,Completed,Card
BK-2024-01673,2024-06-11,2024-12-25,C00085,PK12,AG05,2,0,5795,0.0,COMPLETED,Card
BK-2024-01674,2024-06-11,2024-07-11,C00127,PK12,AG12,12,0,5795,0.1,Cancelled,Card
BK-2024-01675,2024-06-11,2024-07-02,C00415,PK07,AG00,2,0,2840,0.0,Completed,M-Pesa
BK-2024-01676,2024-06-11,2024-11-24,C00577,PK14,AG07,1,0,4305,0.0,Completed,Card
BK-2024-01677,2024-06-11,2024-09-17,C00659,PK10,AG04,2,0,1075,0.0,Completed,M-Pesa
BK-2024-01678,2024-06-11,2025-01-29,C01339,PK15,AG01,2,0,4935,0.0,Completed,Card
BK-2024-01679,2024-06-11,2024-10-13,C01892,PK09,AG04,7,0,3140,0.05,Completed,Card
BK-2024-01680,2024-06-11,2024-07-11,C02654,PK02,AG04,2,0,460,0.0,Completed,M-Pesa
BK-2024-01681,2024-06-11,2024-07-18,C03058,PK06,AG13,10,0,1510,0.1,Completed,Card
BK-2024-01682,2024-06-11,2024-07-02,C03059,PK12,AG00,5,0,5795,0.0,Completed ,Card
BK-2024-01683,2024-06-11,2024-11-25,C03359,PK11,AG00,2,3,4095,,Completed,Card
BK-2024-01684,2024-06-11,2024-08-20,C04192,PK07,AG04,7,0,2840,0.1,CANCELLED,PayPal
BK-2024-01685,2024-06-11,2024-09-13,C04196,PK13,AG00,2,0,7485,0.0,completed,Bank Transfer
BK-2024-01686,2024-06-11,2024-09-03,C04745,PK07,AG07,1,0,2840,0.0,Completed,M-Pesa
BK-2024-01686,2024-06-11,2024-09-03,C04745,PK07,AG07,1,0,2840,0.0,Completed,M-Pesa
BK-2024-01687,2024-06-11,2024-07-24,C04904,PK06,AG03,2,3,1510,0.1,COMPLETED,PayPal
BK-2024-01688,2024-06-11,2024-08-14,C05166,PK03,AG10,2,0,650,0.0,Completed,M-Pesa
BK-2024-01689,2024-06-11,2024-10-11,C05821,PK06,AG01,2,0,1510,0.1,Completed,Card
BK-2024-01690,2024-06-11,2024-09-24,C05982,PK12,AG12,6,0,5795,0.05,Completed,Bank Transfer
BK-2024-01691,2024-06-11,2024-07-11,C06330,PK06,AG05,2,1,1510,0.1,Completed,M-Pesa
BK-2024-01692,2024-06-12,2024-08-14,C00699,PK12,AG11,2,0,5795,0.0,Completed,PayPal
BK-2024-01693,2024-06-12,2024-07-30,C00942,PK06,AG01,1,0,1510,0.0,Completed,M-Pesa
BK-2024-01694,2024-06-12,2024-09-06,C00974,PK12,AG03,2,0,5795,0.0,Completed,Bank Transfer
BK-2024-01695,2024-06-12,2024-07-27,C01343,PK08,AG06,2,3,1425,0.0,Completed,Card
BK-2024-01696,2024-06-12,2025-01-31,C02636,PK12,AG01,2,0,6070,0.05,Completed,Bank Transfer
BK-2024-01697,2024-06-12,2024-09-09,C02933,PK06,AG04,6,0,1510,0.1,Completed,PayPal
BK-2024-01698,2024-06-12,2025-02-02,C03751,PK17,AG09,1,0,10780,0.0,Cancelled,Bank Transfer
BK-2024-01699,2024-06-12,2024-07-31,C03834,PK14,AG00,2,1,4950,0.0,Completed,Card
BK-2024-01700,2024-06-12,2024-07-30,C05352,PK01,AG00,2,0,505,0.0,Completed,Card
BK-2024-01701,2024-06-12,2024-07-22,C05386,PK06,AG02,2,1,1510,0.1,Completed,Card
BK-2024-01702,2024-06-12,2024-07-09,C05573,PK05,AG04,2,1,940,0.1,Completed,Bank Transfer
BK-2024-01703,2024-06-12,2024-07-13,C05688,PK02,AG01,1,0,460,0.0,Completed,Card
BK-2024-01704,2024-06-12,2024-11-20,C06270,PK12,AG12,12,0,5040,0.1,Completed,Bank Transfer
BK-2024-01705,2024-06-13,2024-07-23,C01318,PK08,AG02,2,0,1425,0.0,Completed,M-Pesa
BK-2024-01706,2024-06-13,2024-07-11,C01360,PK02,AG06,2,0,460,,Completed,PayPal
BK-2024-01707,2024-06-13,2024-06-26,C01969,PK01,AG03,1,0,440,0.0,Completed,Card
BK-2024-01708,2024-06-13,2024-08-27,C02035,PK15,AG10,2,3,4710,0.0,Completed,PayPal
BK-2024-01709,2024-06-13,2024-07-07,C02052,PK15,AG02,2,0,4710,0.0,Completed,Card
BK-2024-01710,2024-06-13,2024-09-25,C02580,PK10,AG00,7,0,1075,0.05,Completed,Card
BK-2024-01711,2024-06-13,2024-07-24,C02583,PK01,AG04,4,0,505,0.1,Cancelled,PayPal
BK-2024-01712,2024-06-13,2024-08-17,C03607,PK07,AG00,2,1,2840,0.05,Completed,Card
BK-2024-01713,2024-06-13,2024-07-16,C03844,PK03,AG08,2,2,650,0.0,Completed,Card
BK-2024-01714,2024-06-13,2024-07-28,C04004,PK10,AG00,1,0,1075,0.15,Completed,Card
BK-2024-01715,2024-06-13,2025-02-03,C04499,PK16,AG06,2,0,5060,0.05,Completed,Bank Transfer
BK-2024-01716,2024-06-13,2024-08-26,C04657,PK06,AG13,11,0,1510,0.0,Completed,Card
BK-2024-01717,2024-06-13,2024-08-25,C04872,PK09,AG00,2,0,3140,0.0,Completed,Card
BK-2024-01718,2024-06-13,2024-08-12,C05309,PK06,AG00,2,3,1510,0.15,Completed,PayPal
BK-2024-01719,2024-06-13,2025-01-24,C05522,PK09,AG00,2,1,3290,0.15,Completed,Bank Transfer
BK-2024-01720,2024-06-13,2024-07-07,C05768,PK01,AG07,7,0,505,0.0,Completed,Card
BK-2024-01721,2024-06-13,2024-06-27,C05815,PK03,AG03,2,0,565,0.05,Completed,Bank Transfer
BK-2024-01722,2024-06-13,2024-07-30,C05895,PK05,AG06,1,0,940,0.0,Completed,Bank Transfer
BK-2024-01723,2024-06-13,2024-07-17,C06372,PK06,AG05,1,0,1510,0.15,Completed,Card
BK-2024-01724,2024-06-14,2024-08-05,C01149,PK13,AG00,11,0,7485,,Completed,Card
BK-2024-01725,2024-06-14,2024-07-09,C01264,PK04,AG00,2,3,605,0.05,Completed ,PayPal
BK-2024-01726,2024-06-14,2024-08-15,C01510,PK15,AG07,7,0,4710,0.1,Completed,M-Pesa
BK-2024-01727,2024-06-14,2024-07-24,C01951,PK14,AG00,2,2,4950,0.05,Completed,Card
BK-2024-01728,2024-06-14,2024-07-05,C02036,PK07,AG02,2,1,2840,0.0,Completed,Bank Transfer
BK-2024-01729,2024-06-14,2024-06-20,C02086,PK01,AG10,7,0,440,0.1,Completed,M-Pesa
BK-2024-01730,2024-06-14,2024-08-21,C02273,PK09,AG02,2,0,3140,0.05,Completed,Bank Transfer
BK-2024-01731,2024-06-14,2024-08-08,C02314,PK07,AG06,2,1,2840,0.1,Canceled,PayPal
BK-2024-01732,2024-06-14,2024-06-22,C02482,PK02,AG02,2,0,400,0.0,Completed,Bank Transfer
BK-2024-01733,2024-06-14,2024-07-01,C02662,PK03,AG01,2,0,650,0.0,Completed,Bank Transfer
BK-2024-01734,2024-06-14,2024-09-10,C03033,PK08,AG00,2,0,1425,0.0,Cancelled,Card
BK-2024-01735,2024-06-14,2024-07-22,C03093,PK12,AG07,8,0,5795,0.1,Completed,Bank Transfer
BK-2024-01736,2024-06-14,2024-09-30,C03539,PK06,AG03,4,0,1510,0.1,Completed,PayPal
BK-2024-01737,2024-06-14,2024-12-03,C03686,PK09,AG00,2,0,3140,0.15,Completed,Card
BK-2024-01738,2024-06-14,2024-07-28,C03916,PK06,AG07,2,2,1510,0.0,Completed,Bank Transfer
BK-2024-01739,2024-06-14,2024-08-09,C04235,PK07,AG00,2,3,2840,0.0,Completed,Bank Transfer
BK-2024-01740,2024-06-14,2024-07-08,C05455,PK05,AG02,2,2,940,0.1,Cancelled,Bank Transfer
BK-2024-01741,2024-06-14,2024-08-04,C05802,PK02,AG10,1,0,460,0.0,Completed,M-Pesa
BK-2024-01742,2024-06-14,2024-08-07,C06400,PK07,AG11,2,0,2840,,Completed,Card
BK-2024-01743,2024-06-15,2024-09-03,C00229,PK06,AG11,2,0,1510,0.0,Completed,Card
BK-2024-01744,2024-06-15,2024-07-22,C00389,PK02,AG10,2,3,460,0.0,Completed,PayPal
BK-2024-01745,2024-06-15,2024-10-20,C00627,PK16,AG05,2,0,5555,0.05,Completed,Card
BK-2024-01746,2024-06-15,2024-09-20,C00743,PK11,AG00,1,0,4710,0.15,Completed,M-Pesa
BK-2024-01747,2024-06-15,2024-09-10,C01314,PK06,AG08,2,2,1510,0.05,Completed,Card
BK-2024-01748,2024-06-15,2024-09-13,C01356,PK12,AG02,2,3,5795,0.05,Completed,M-Pesa
BK-2024-01749,2024-06-15,2024-07-31,C01531,PK06,AG13,9,0,1510,0.05,Completed,M-Pesa
BK-2024-01750,2024-06-15,2024-08-02,C03300,PK04,AG01,1,0,605,,Completed,PayPal
BK-2024-01751,2024-06-15,2024-08-03,C04279,PK08,AG00,7,0,1425,,Completed,PayPal
BK-2024-01752,2024-06-15,2024-08-03,C04761,PK10,AG08,1,0,1075,0.0,Completed,Bank Transfer
BK-2024-01753,2024-06-15,2024-07-28,C04914,PK09,AG02,2,2,3140,0.05,Completed,M-Pesa
BK-2024-01754,2024-06-15,2024-08-19,C05093,PK10,AG00,4,0,1075,0.0,Completed,Bank Transfer
BK-2024-01755,2024-06-15,2024-08-04,C06297,PK05,AG10,1,0,940,0.0,Completed,M-Pesa
BK-2024-01756,2024-06-15,2024-09-07,C06438,PK15,AG05,2,1,4710,0.1,Completed,Card
BK-2024-01757,2024-06-16,2024-08-14,C00127,PK03,AG12,4,0,650,0.0,Completed,Bank Transfer
BK-2024-01758,2024-06-16,2024-08-08,C00552,PK15,AG01,1,0,4710,0.0,Completed,Card
BK-2024-01759,2024-06-16,2024-12-06,C00843,PK14,AG00,2,2,4950,0.1,Completed,Bank Transfer
BK-2024-01760,2024-06-16,2024-07-13,C02948,PK03,AG00,2,3,650,0.0,Completed,Bank Transfer
BK-2024-01761,2024-06-16,2024-07-07,C03236,PK05,AG00,2,0,940,0.05,Completed,M-Pesa
BK-2024-01762,2024-06-16,2024-08-31,C03684,PK03,AG05,1,0,650,0.1,Completed,PayPal
BK-2024-01763,2024-06-16,2024-07-25,C04256,PK03,AG07,8,0,650,0.0,Completed,Card
BK-2024-01764,2024-06-16,2024-08-08,C04311,PK11,AG01,2,0,4710,0.0,Completed,Card
BK-2024-01765,2024-06-16,2024-08-30,C05724,PK16,AG00,1,0,5555,0.05,Completed ,Bank Transfer
BK-2024-01766,2024-06-17,2024-08-04,C00405,PK02,AG02,2,1,460,0.0,Completed,M-Pesa
BK-2024-01767,2024-06-17,2024-07-06,C00688,PK16,AG00,2,0,5555,0.0,Completed,M-Pesa
BK-2024-01768,2024-06-17,2024-07-11,C00707,PK05,AG09,2,1,940,0.1,Completed,PayPal
BK-2024-01769,2024-06-17,2024-07-04,C01662,PK12,AG12,9,0,5795,0.05,Completed,PayPal
BK-2024-01770,2024-06-17,2024-08-25,C01804,PK10,AG00,2,2,1075,,Completed,Bank Transfer
BK-2024-01771,2024-06-17,2024-09-23,C02297,PK09,AG00,2,1,3140,0.0,Completed,Bank Transfer
BK-2024-01772,2024-06-17,2024-07-28,C02301,PK06,AG01,2,3,1510,0.0,Completed,M-Pesa
BK-2024-01773,2024-06-17,2024-09-02,C02908,PK07,AG09,4,0,2840,0.1,Completed,Bank Transfer
BK-2024-01774,2024-06-17,2024-07-23,C03214,PK09,AG02,7,0,3140,0.1,Completed,M-Pesa
BK-2024-01775,2024-06-17,2024-08-25,C03454,PK03,AG06,2,0,650,0.15,Completed,Bank Transfer
BK-2024-01776,2024-06-17,2024-06-27,C03485,PK02,AG02,2,0,400,0.05,cancelled,Bank Transfer
BK-2024-01777,2024-06-17,2024-07-02,C03732,PK04,AG00,2,0,605,0.0,Completed,PayPal
BK-2024-01778,2024-06-17,2024-10-14,C03938,PK07,AG04,2,1,2840,0.05,Completed,Card
BK-2024-01779,2024-06-17,2024-10-21,C04546,PK16,AG00,2,0,5555,0.0,Completed,M-Pesa
BK-2024-01780,2024-06-17,2024-08-10,C04875,PK07,AG09,2,1,2840,0.1,Completed,Bank Transfer
BK-2024-01781,2024-06-17,2024-08-10,C05393,PK14,AG03,2,0,4950,0.0,Completed,Bank Transfer
BK-2024-01782,2024-06-17,2024-06-22,C05868,PK02,AG04,1,0,400,0.0,Completed,Card
BK-2024-01783,2024-06-17,2024-07-27,C06312,PK04,AG01,1,0,605,0.05,Completed,PayPal
BK-2024-01784,2024-06-18,2024-07-25,C00055,PK14,AG00,2,1,4950,0.0,Completed,PayPal
BK-2024-01785,2024-06-18,2024-09-03,C00659,PK07,AG03,2,0,2840,0.0,Completed,Bank Transfer
BK-2024-01786,2024-06-18,2024-07-08,C00910,PK11,AG09,9,0,4710,0.1,Completed,PayPal
BK-2024-01787,2024-06-18,2024-07-13,C02264,PK08,AG00,2,1,1425,0.0,Completed,Card
BK-2024-01788,2024-06-18,2024-08-02,C02382,PK01,AG03,2,0,505,0.0,COMPLETED,Card
BK-2024-01789,2024-06-18,2024-09-27,C02843,PK11,AG13,7,0,4710,0.05,Completed,Card
BK-2024-01790,2024-06-18,2024-08-23,C02883,PK03,AG04,2,1,650,0.15,Completed,Card
BK-2024-01791,2024-06-18,2024-07-28,C03009,PK14,AG09,7,0,4950,0.05,COMPLETED,Bank Transfer
BK-2024-01792,2024-06-18,2024-08-15,C03072,PK14,AG04,1,0,4950,0.0,Completed,Card
BK-2024-01793,2024-06-18,2024-07-19,C03088,PK01,AG06,2,2,505,0.05,Completed,Bank Transfer
BK-2024-01794,2024-06-18,2025-09-21,C03390,PK14,AG00,6,0,5185,0.05,Canceled,PayPal
BK-2024-01795,2024-06-18,2024-08-09,C03748,PK05,AG10,2,1,940,0.0,Cancelled,Bank Transfer
BK-2024-01796,2024-06-18,2024-08-15,C04672,PK09,AG00,2,0,3140,0.0,Completed,Card
BK-2024-01797,2024-06-18,2024-09-11,C05148,PK15,AG04,2,0,4710,0.05,Completed,Card
BK-2024-01798,2024-06-18,2024-07-31,C05664,PK03,AG03,2,0,650,0.0,Completed ,Bank Transfer
BK-2024-01799,2024-06-18,2024-09-29,C05748,PK12,AG09,2,0,5795,0.05,Completed,PayPal
BK-2024-01800,2024-06-18,2024-09-01,C05835,PK13,AG09,4,0,7485,0.05,Completed,M-Pesa
BK-2024-01801,2024-06-18,2024-06-28,C06283,PK09,AG00,2,0,2730,0.05,Completed,Card
BK-2024-01802,2024-06-18,2024-07-29,C06438,PK14,AG00,2,1,4950,0.1,Completed,PayPal
BK-2024-01803,2024-06-19,2024-08-19,C00558,PK06,AG11,6,0,1510,0.0,Completed,Card
BK-2024-01804,2024-06-19,2024-07-29,C00865,PK09,AG10,1,0,3140,0.05,Completed,M-Pesa
BK-2024-01805,2024-06-19,2024-07-12,C01301,PK07,AG11,4,0,2840,0.1,Completed,M-Pesa
BK-2024-01806,2024-06-19,2024-07-29,C01388,PK02,AG02,1,0,460,0.1,Completed,Card
BK-2024-01807,2024-06-19,2024-07-21,C01440,PK14,AG05,2,1,4950,0.15,Completed,PayPal
BK-2024-01808,2024-06-19,2024-09-08,C02070,PK01,AG04,2,0,505,0.0,Completed,Card
BK-2024-01809,2024-06-19,2024-10-20,C02742,PK12,AG02,2,1,5795,0.0,Cancelled,M-Pesa
BK-2024-01810,2024-06-19,2024-07-12,C03293,PK03,AG00,2,3,650,0.15,Completed,Card
BK-2024-01811,2024-06-19,2024-10-23,C03602,PK14,AG00,6,0,4950,0.05,Completed,Card
BK-2024-01812,2024-06-19,2024-07-28,C03820,PK06,AG02,2,0,1510,0.0,Completed,PayPal
BK-2024-01813,2024-06-19,2024-06-30,C03960,PK05,AG04,2,3,820,,Completed,M-Pesa
BK-2024-01814,2024-06-19,2024-08-14,C04079,PK09,AG00,2,1,3140,0.05,Completed,PayPal
BK-2024-01815,2024-06-19,2024-08-03,C04728,PK06,AG07,2,0,1510,0.0,Completed,Card
BK-2024-01816,2024-06-19,2024-07-19,C04912,PK02,AG02,4,0,460,0.0,COMPLETED,Bank Transfer
BK-2024-01816,2024-06-19,2024-07-19,C04912,PK02,AG02,4,0,460,0.0,COMPLETED,Bank Transfer
BK-2024-01817,2024-06-19,2024-07-24,C06131,PK02,AG00,1,0,460,0.1,Cancelled,PayPal
BK-2024-01818,2024-06-19,2024-08-02,C06160,PK04,AG00,4,0,605,0.0,Completed,Card
BK-2024-01819,2024-06-20,2024-12-31,C00293,PK07,AG00,2,2,2840,0.0,Completed,Card
BK-2024-01820,2024-06-20,2024-08-08,C00307,PK11,AG04,2,1,4710,0.0,Completed,Card
BK-2024-01821,2024-06-20,2024-10-11,C00432,PK13,AG00,1,0,7485,0.0,Completed,Card
BK-2024-01822,2024-06-20,2024-10-27,C00856,PK06,AG12,3,0,1510,0.1,COMPLETED,M-Pesa
BK-2024-01823,2024-06-20,2024-06-26,C01114,PK01,AG08,2,0,440,0.0,Completed,PayPal
BK-2024-01824,2024-06-20,2024-08-28,C01169,PK06,AG04,2,0,1510,0.0,Completed,Bank Transfer
BK-2024-01825,2024-06-20,2024-09-04,C01482,PK03,AG01,2,2,650,0.15,Completed,Bank Transfer
BK-2024-01826,2024-06-20,2024-07-24,C01849,PK08,AG00,1,0,1425,0.0,Completed,Card
BK-2024-01827,2024-06-20,2024-08-20,C02823,PK06,AG00,2,2,1510,0.0,Completed,Card
BK-2024-01828,2024-06-20,2024-07-16,C03063,PK03,AG12,8,0,650,0.05,Completed,Bank Transfer
BK-2024-01829,2024-06-20,2024-08-12,C03149,PK10,AG04,7,0,1075,0.0,completed,Bank Transfer
BK-2024-01830,2024-06-20,2024-09-04,C03651,PK15,AG00,5,0,4710,0.0,Completed,Card
BK-2024-01831,2024-06-20,2024-08-06,C03962,PK01,AG01,2,0,505,0.05,Completed,Bank Transfer
BK-2024-01832,2024-06-20,2024-09-27,C04577,PK10,AG02,2,2,1075,0.0,Completed,PayPal
BK-2024-01833,2024-06-20,2024-08-12,C05127,PK03,AG00,6,0,650,0.0,Completed,Bank Transfer
BK-2024-01834,2024-06-20,2024-07-27,C06297,PK03,AG04,1,0,650,0.05,Completed,PayPal
BK-2024-01835,2024-06-20,2024-08-25,C06477,PK09,AG11,7,0,3140,0.0,Completed,Card
BK-2024-01836,2024-06-21,2024-08-07,C00025,PK09,AG08,9,0,3140,0.05,Completed,PayPal
BK-2024-01837,2024-06-21,2024-07-16,C00397,PK10,AG03,2,0,1075,,Completed,Bank Transfer
BK-2024-01838,2024-06-21,2024-07-10,C00831,PK01,AG03,2,0,505,0.05,Completed ,Card
BK-2024-01839,2024-06-21,2025-02-03,C01196,PK16,AG00,2,3,5060,0.0,Cancelled,Card
BK-2024-01840,2024-06-21,2024-09-24,C01288,PK14,AG02,2,0,4950,0.1,Completed,PayPal
BK-2024-01841,2024-06-21,2024-07-19,C01408,PK03,AG00,1,0,650,0.1,Cancelled,M-Pesa
BK-2024-01842,2024-06-21,2024-07-24,C01666,PK05,AG07,1,0,940,0.0,completed,Card
BK-2024-01843,2024-06-21,2024-08-01,C01691,PK10,AG13,12,0,1075,0.1,Completed,M-Pesa
BK-2024-01844,2024-06-21,2024-12-06,C02491,PK12,AG03,2,0,5795,0.0,Completed,Card
BK-2024-01845,2024-06-21,2024-07-31,C02673,PK05,AG00,2,3,940,0.05,Completed,PayPal
BK-2024-01846,2024-06-21,2024-07-29,C02891,PK17,AG00,1,0,11835,0.0,Completed,Card
BK-2024-01847,2024-06-21,2024-07-19,C03001,PK08,AG04,2,2,1425,0.1,Completed,Card
BK-2024-01848,2024-06-21,2024-07-10,C04080,PK06,AG11,1,0,1510,0.0,Completed,Bank Transfer
BK-2024-01849,2024-06-21,2024-12-15,C04239,PK16,AG07,2,0,5555,,Completed,M-Pesa
BK-2024-01850,2024-06-21,2024-07-15,C04370,PK02,AG06,2,2,460,0.0,completed,PayPal
BK-2024-01851,2024-06-21,2024-08-31,C04873,PK01,AG04,1,0,505,0.0,Completed,M-Pesa
BK-2024-01852,2024-06-21,2024-08-13,C05608,PK05,AG13,9,0,940,0.0,Completed,Bank Transfer
BK-2024-01853,2024-06-21,2024-09-09,C06195,PK06,AG00,1,0,1510,0.0,Completed,Bank Transfer
BK-2024-01854,2024-06-22,2024-08-02,C00945,PK05,AG03,4,0,940,0.1,Completed,Card
BK-2024-01855,2024-06-22,2024-09-16,C01147,PK06,AG01,2,0,1510,0.0,Completed,M-Pesa
BK-2024-01856,2024-06-22,2024-09-06,C01614,PK08,AG01,2,3,1425,0.0,COMPLETED,Card
BK-2024-01857,2024-06-22,2024-07-20,C01839,PK03,AG03,2,0,650,0.0,Completed,Card
BK-2024-01858,2024-06-22,2024-08-12,C01961,PK04,AG03,2,0,605,0.0,Completed,Bank Transfer
BK-2024-01859,2024-06-22,2024-11-20,C02545,PK06,AG04,2,1,1310,0.0,Canceled,Bank Transfer
BK-2024-01860,2024-06-22,2024-06-29,C02703,PK04,AG03,2,0,525,0.0,Completed,Card
BK-2024-01861,2024-06-22,2024-08-24,C02840,PK09,AG03,2,0,3140,0.0,Completed,Bank Transfer
BK-2024-01862,2024-06-22,2024-10-09,C03340,PK06,AG09,2,3,1510,0.0,Completed ,Bank Transfer
BK-2024-01863,2024-06-22,2024-11-14,C03520,PK15,AG00,4,0,4095,0.1,Cancelled,Card
BK-2024-01864,2024-06-22,2024-08-02,C04645,PK02,AG00,2,3,460,,Completed,Card
BK-2024-01865,2024-06-22,2024-07-26,C04682,PK02,AG00,2,2,460,0.1,Completed,Card
BK-2024-01866,2024-06-22,2024-10-07,C04884,PK17,AG02,2,2,11835,0.15,Completed,Bank Transfer
BK-2024-01867,2024-06-22,2024-07-21,C04899,PK08,AG08,2,0,1425,0.15,Completed,Card
BK-2024-01868,2024-06-22,2024-08-19,C06085,PK03,AG02,6,0,650,0.1,Completed,Card
BK-2024-01869,2024-06-22,2024-07-17,C06086,PK06,AG02,2,2,1510,0.0,Canceled,Card
BK-2024-01870,2024-06-23,2025-09-20,C00173,PK13,AG04,2,0,7845,0.0,Completed,M-Pesa
BK-2024-01871,2024-06-23,2024-09-25,C00619,PK12,AG00,2,1,5795,0.0,Completed,M-Pesa
BK-2024-01872,2024-06-23,2024-07-19,C00787,PK05,AG04,4,0,940,0.1,Canceled,Card
BK-2024-01873,2024-06-23,2024-07-16,C01056,PK02,AG03,2,0,460,0.0,Completed,Bank Transfer
BK-2024-01874,2024-06-23,2024-07-23,C01762,PK01,AG03,2,0,505,0.0,Completed,Card
BK-2024-01875,2024-06-23,2024-11-05,C02067,PK14,AG00,1,0,4305,0.0,Completed,Bank Transfer
BK-2024-01876,2024-06-23,2024-10-12,C02412,PK12,AG00,2,0,5795,0.0,Completed,Bank Transfer
BK-2024-01877,2024-06-23,2024-08-17,C02597,PK07,AG02,2,1,2840,0.0,Completed,M-Pesa
BK-2024-01878,2024-06-23,2024-08-02,C02924,PK12,AG06,1,0,5795,0.05,Completed,Bank Transfer
BK-2024-01879,2024-06-23,2024-07-27,C03079,PK10,AG00,2,0,1075,0.05,Completed,Card
BK-2024-01880,2024-06-23,2024-06-30,C03501,PK02,AG12,5,0,400,0.15,Completed,Card
BK-2024-01881,2024-06-23,2024-07-06,C03949,PK01,AG00,2,0,505,0.1,Completed,M-Pesa
BK-2024-01882,2024-06-23,2024-07-20,C04194,PK16,AG00,2,1,5555,0.1,Completed,Bank Transfer
BK-2024-01883,2024-06-23,2025-02-27,C04629,PK14,AG00,2,2,4510,0.15,Completed,Card
BK-2024-01884,2024-06-23,2024-07-08,C04705,PK06,AG07,2,2,1510,0.0,Completed,PayPal
BK-2024-01885,2024-06-23,2024-07-23,C04765,PK02,AG08,2,3,460,0.1,Completed,Card
BK-2024-01886,2024-06-23,2024-10-27,C04940,PK07,AG03,2,0,2840,0.05,Completed,Card
BK-2024-01887,2024-06-23,2024-08-14,C05686,PK01,AG04,2,0,505,0.0,Completed,Card
BK-2024-01888,2024-06-23,2024-07-03,C05875,PK06,AG00,2,0,1510,0.0,Completed,Bank Transfer
BK-2024-01889,2024-06-23,2025-01-28,C06210,PK12,AG00,2,0,6070,0.05,Completed,M-Pesa
BK-2024-01890,2024-06-23,2024-08-21,C06333,PK02,AG13,4,0,460,0.0,Completed,PayPal
BK-2024-01891,2024-06-23,2024-10-26,C06420,PK12,AG08,2,0,5795,0.0,Completed,Card
BK-2024-01892,2024-06-24,2024-08-03,C00890,PK06,AG00,1,0,1510,0.0,Completed,Card
BK-2024-01893,2024-06-24,2024-07-16,C01191,PK02,AG01,2,3,460,0.1,completed,Bank Transfer
BK-2024-01894,2024-06-24,2024-07-16,C02092,PK02,AG02,1,0,460,0.0,Completed,Card
BK-2024-01895,2024-06-24,2024-09-22,C02561,PK15,AG13,5,0,4710,0.0,Completed,Bank Transfer
BK-2024-01896,2024-06-24,2024-07-11,C02795,PK03,AG03,5,0,650,0.15,Completed,Bank Transfer
BK-2024-01897,2024-06-24,2024-08-30,C03604,PK03,AG08,2,0,650,0.0,Completed,Bank Transfer
BK-2024-01898,2024-06-24,2024-07-03,C03613,PK02,AG04,2,0,460,0.0,Cancelled,Card
BK-2024-01899,2024-06-24,2024-07-03,C03650,PK03,AG05,1,0,650,0.0,Completed,PayPal
BK-2024-01900,2024-06-24,2024-10-11,C04345,PK01,AG01,2,0,505,0.0,Completed,Card
BK-2024-01901,2024-06-24,2024-07-03,C04544,PK02,AG05,9,0,460,0.0,Canceled,Bank Transfer
BK-2024-01902,2024-06-24,2024-08-24,C04797,PK08,AG08,2,0,1425,0.0,completed,M-Pesa
BK-2024-01903,2024-06-24,2024-07-17,C05391,PK02,AG10,2,2,460,0.15,Completed,M-Pesa
BK-2024-01904,2024-06-24,2024-07-07,C05743,PK01,AG04,7,0,505,0.05,Completed,Bank Transfer
BK-2024-01905,2024-06-24,2024-07-01,C06022,PK04,AG10,2,0,605,0.05,Completed,M-Pesa
BK-2024-01906,2024-06-24,2024-07-16,C06025,PK10,AG04,2,1,1075,0.0,Completed,M-Pesa
BK-2024-01907,2024-06-25,2024-09-12,C00666,PK06,AG08,6,0,1510,0.0,completed,Card
BK-2024-01908,2024-06-25,2024-10-20,C00719,PK10,AG00,4,0,1075,0.1,Completed,M-Pesa
BK-2024-01909,2024-06-25,2024-08-19,C01092,PK07,AG03,2,0,2840,0.0,Completed,Card
BK-2024-01910,2024-06-25,2024-09-22,C01162,PK16,AG10,2,0,5555,0.0,Completed,M-Pesa
BK-2024-01911,2024-06-25,2024-07-24,C02442,PK08,AG02,1,0,1425,0.0,Completed,PayPal
BK-2024-01912,2024-06-25,2024-07-18,C02950,PK02,AG04,2,2,460,0.0,Completed,PayPal
BK-2024-01913,2024-06-25,2024-10-25,C04200,PK14,AG02,1,0,4950,0.05,Completed,M-Pesa
BK-2024-01914,2024-06-25,2024-07-27,C04276,PK01,AG00,1,0,505,0.0,Completed,Card
BK-2024-01915,2024-06-25,2024-07-14,C04455,PK05,AG09,2,0,940,0.0,Completed,Card
BK-2024-01916,2024-06-25,2024-07-08,C05207,PK03,AG00,2,3,650,0.1,Completed,PayPal
BK-2024-01917,2024-06-25,2024-08-25,C05310,PK10,AG03,2,3,1075,0.0,Completed,M-Pesa
BK-2024-01918,2024-06-25,2024-08-23,C06086,PK13,AG03,2,1,7485,0.05,Completed,Bank Transfer
BK-2024-01919,2024-06-25,2025-02-23,C06477,PK12,AG00,6,0,5280,0.0,Completed,Bank Transfer
BK-2024-01920,2024-06-26,2024-07-28,C00213,PK05,AG06,2,3,940,0.0,Completed,Bank Transfer
BK-2024-01921,2024-06-26,2024-09-16,C00803,PK09,AG05,2,2,3140,0.0,Completed,Bank Transfer
BK-2024-01922,2024-06-26,2024-08-08,C01221,PK11,AG00,2,0,4710,0.0,Completed,Card
BK-2024-01923,2024-06-26,2024-08-17,C02343,PK08,AG07,2,0,1425,0.0,Completed,Card
BK-2024-01924,2024-06-26,2025-02-04,C03137,PK15,AG01,1,0,4290,0.0,Completed,M-Pesa
BK-2024-01925,2024-06-26,2024-07-28,C04198,PK06,AG02,2,2,1510,0.05,COMPLETED,Card
BK-2024-01926,2024-06-26,2024-08-17,C04710,PK16,AG10,2,0,5555,0.0,Completed ,Card
BK-2024-01927,2024-06-26,2024-07-30,C05463,PK08,AG01,2,0,1425,0.1,Completed,Card
BK-2024-01928,2024-06-26,2024-07-31,C05716,PK06,AG00,2,0,1510,0.0,Completed,Bank Transfer
BK-2024-01929,2024-06-26,2024-09-19,C06000,PK17,AG08,2,1,11835,0.0,cancelled,M-Pesa
BK-2024-01930,2024-06-26,2024-12-15,C06102,PK16,AG00,8,0,5555,0.0,Completed,Card
BK-2024-01931,2024-06-26,2024-09-09,C06498,PK09,AG00,5,0,3140,0.0,Completed,Card
BK-2024-01932,2024-06-27,2024-07-23,C00406,PK03,AG00,2,2,650,0.0,Completed,Card
BK-2024-01933,2024-06-27,2024-08-03,C00905,PK10,AG00,2,3,1075,0.05,Completed,Bank Transfer
BK-2024-01934,2024-06-27,2024-07-29,C01130,PK01,AG03,1,0,505,0.05,Completed,M-Pesa
BK-2024-01935,2024-06-27,2024-08-22,C01878,PK12,AG06,2,0,5795,0.0,Completed,M-Pesa
BK-2024-01936,2024-06-27,2024-08-10,C02585,PK06,AG00,2,2,1510,0.05,Completed,PayPal
BK-2024-01937,2024-06-27,2024-09-21,C03233,PK15,AG00,2,0,4710,0.1,Completed,Bank Transfer
BK-2024-01938,2024-06-27,2024-08-19,C03692,PK07,AG04,2,0,2840,0.15,Canceled,M-Pesa
BK-2024-01939,2024-06-27,2024-09-13,C04624,PK08,AG01,2,3,1425,0.0,Completed,Card
BK-2024-01940,2024-06-27,2024-07-24,C04671,PK07,AG00,2,2,2840,0.0,Completed,Card
BK-2024-01941,2024-06-27,2024-07-22,C05478,PK12,AG00,2,0,5795,0.05,Completed,M-Pesa
BK-2024-01942,2024-06-27,2024-09-15,C06157,PK06,AG07,1,0,1510,,Completed,M-Pesa
BK-2024-01943,2024-06-28,2024-10-04,C00089,PK06,AG01,2,0,1510,0.0,Completed,PayPal
BK-2024-01944,2024-06-28,2024-12-09,C00650,PK13,AG01,2,0,7485,0.0,Completed,Card
BK-2024-01945,2024-06-28,2025-01-12,C00962,PK12,AG10,2,0,6070,0.0,Cancelled,Bank Transfer
BK-2024-01946,2024-06-28,2024-08-02,C05683,PK04,AG04,2,1,605,0.0,Completed,Bank Transfer
BK-2024-01947,2024-06-28,2024-07-16,C05961,PK06,AG06,8,0,1510,0.0,Completed,Bank Transfer
BK-2024-01948,2024-06-28,2024-07-10,C06058,PK05,AG02,2,0,940,0.0,Completed,Card
BK-2024-01949,2024-06-29,2024-08-04,C01054,PK14,AG02,2,0,4950,0.0,Completed,Card
BK-2024-01950,2024-06-29,2024-07-31,C01436,PK08,AG06,2,0,1425,0.15,COMPLETED,M-Pesa
BK-2024-01951,2024-06-29,2024-07-30,C01902,PK03,AG04,2,0,650,0.0,Completed,Card
BK-2024-01952,2024-06-29,2024-08-13,C01993,PK10,AG00,1,0,1075,0.0,Completed,PayPal
BK-2024-01953,2024-06-29,2024-09-06,C02196,PK01,AG02,2,0,505,0.0,Completed,Card
BK-2024-01954,2024-06-29,2024-10-05,C02837,PK10,AG04,2,0,1075,0.0,Completed,Card
BK-2024-01955,2024-06-29,2024-08-15,C02979,PK08,AG07,7,0,1425,0.05,Completed,Card
BK-2024-01956,2024-06-29,2024-07-28,C03663,PK02,AG03,2,1,460,0.05,Completed,Card
BK-2024-01957,2024-06-29,2024-08-17,C05058,PK15,AG00,5,0,4710,0.0,Completed,Card
BK-2024-01958,2024-06-29,2024-07-18,C05219,PK01,AG01,2,0,505,0.05,Completed,Card
BK-2024-01959,2024-06-29,2024-07-08,C05900,PK04,AG10,1,0,605,0.0,Completed,PayPal
BK-2024-01960,2024-06-29,2024-10-04,C06101,PK08,AG11,2,0,1425,0.15,Completed,PayPal
BK-2024-01961,2024-06-30,2025-03-09,C00333,PK14,AG07,1,0,4510,0.0,Completed,Card
BK-2024-01962,2024-06-30,2024-08-14,C00517,PK07,AG05,2,3,2840,0.0,COMPLETED,Bank Transfer
BK-2024-01963,2024-06-30,2024-07-30,C01698,PK04,AG10,6,0,605,0.1,COMPLETED,PayPal
BK-2024-01964,2024-06-30,2024-11-13,C01843,PK15,AG08,9,0,4095,0.1,Completed,PayPal
BK-2024-01965,2024-06-30,2024-09-30,C02463,PK05,AG01,8,0,940,0.1,Completed,Bank Transfer
BK-2024-01966,2024-06-30,2024-08-05,C02489,PK09,AG03,2,0,3140,0.1,Completed,PayPal
BK-2024-01967,2024-06-30,2024-09-02,C02578,PK07,AG01,9,0,2840,0.05,Completed,M-Pesa
BK-2024-01968,2024-06-30,2024-08-07,C02987,PK01,AG02,9,0,505,0.0,Completed,Bank Transfer
BK-2024-01969,2024-06-30,2024-10-06,C03664,PK10,AG03,1,0,1075,0.0,Completed,Card
BK-2024-01970,2024-06-30,2024-07-08,C03706,PK02,AG02,2,0,460,0.0,Completed,Card
BK-2024-01971,2024-06-30,2024-10-20,C03877,PK10,AG01,2,0,1075,0.0,Completed,Bank Transfer
BK-2024-01972,2024-06-30,2024-08-02,C04827,PK01,AG05,2,1,505,0.05,Completed,M-Pesa
BK-2024-01973,2024-06-30,2024-07-16,C05142,PK02,AG12,3,0,460,0.0,Completed,Bank Transfer
BK-2024-01974,2024-06-30,2024-08-13,C05744,PK09,AG02,7,0,3140,0.1,Completed,Bank Transfer
BK-2024-01975,2024-07-01,2024-08-26,C00196,PK03,AG01,5,0,650,0.05,CANCELLED,M-Pesa
BK-2024-01976,2024-07-01,2024-07-08,C00660,PK11,AG09,2,1,4710,0.05,Completed,Card
BK-2024-01977,2024-07-01,2024-07-12,C01357,PK03,AG03,2,1,650,0.05,Completed,Bank Transfer
BK-2024-01978,2024-07-01,2025-01-14,C01643,PK17,AG12,12,0,12395,0.05,Completed,Bank Transfer
BK-2024-01979,2024-07-01,2024-07-08,C01748,PK02,AG04,2,2,460,0.0,Completed,Card
BK-2024-01980,2024-07-01,2024-07-27,C01754,PK03,AG04,2,0,650,0.1,Completed,Card
BK-2024-01981,2024-07-01,2024-09-01,C01791,PK03,AG07,2,0,650,0.0,Completed,Bank Transfer
BK-2024-01982,2024-07-01,2024-09-13,C02216,PK13,AG01,1,0,7485,0.0,Completed,Bank Transfer
BK-2024-01983,2024-07-01,2024-08-02,C02414,PK05,AG00,4,0,940,0.05,Completed,Card
BK-2024-01984,2024-07-01,2024-09-20,C02441,PK14,AG00,1,0,4950,0.0,completed,M-Pesa
BK-2024-01985,2024-07-01,2024-08-18,C03543,PK03,AG09,9,0,650,0.0,Cancelled,Bank Transfer
BK-2024-01986,2024-07-01,2024-08-31,C04706,PK02,AG00,2,2,460,0.15,Completed,M-Pesa
BK-2024-01987,2024-07-01,2024-07-30,C05075,PK09,AG08,9,0,3140,0.1,Completed,Bank Transfer
BK-2024-01988,2024-07-01,2024-08-21,C05549,PK04,AG01,8,0,605,0.1,Completed,Card
BK-2024-01989,2024-07-01,2024-09-18,C05641,PK06,AG06,2,2,1510,0.0,completed,M-Pesa
BK-2024-01990,2024-07-01,2024-07-16,C05653,PK01,AG07,1,0,505,0.0,Completed,Card
BK-2024-01991,2024-07-01,2024-07-11,C06127,PK09,AG00,1,0,3140,0.05,Completed ,Bank Transfer
BK-2024-01992,2024-07-01,2024-12-23,C06145,PK12,AG10,2,3,5795,0.1,completed,Bank Transfer
BK-2024-01993,2024-07-02,2024-10-03,C00439,PK02,AG00,1,0,460,0.0,Completed,M-Pesa
BK-2024-01994,2024-07-02,2024-11-10,C00467,PK07,AG04,2,2,2470,0.0,Completed,Bank Transfer
BK-2024-01995,2024-07-02,2024-09-06,C00614,PK14,AG02,2,0,4950,0.05,COMPLETED,Card
BK-2024-01996,2024-07-02,2024-07-31,C00792,PK03,AG12,11,0,650,0.05,Completed,Card
BK-2024-01997,2024-07-02,2024-09-16,C01195,PK08,AG00,7,0,1425,0.1,Completed,M-Pesa
BK-2024-01998,2024-07-02,2024-07-17,C01377,PK08,AG00,2,0,1425,0.0,Completed,PayPal
BK-2024-01999,2024-07-02,2024-07-26,C01487,PK06,AG01,5,0,1510,0.1,Completed,PayPal
BK-2024-02000,2024-07-02,2024-07-15,C01767,PK05,AG01,2,0,940,0.1,Completed,Bank Transfer
BK-2024-02001,2024-07-02,2024-08-14,C02308,PK05,AG11,2,0,940,0.0,Completed,Bank Transfer
BK-2024-02002,2024-07-02,2024-09-26,C02679,PK17,AG00,2,0,11835,0.0,Completed,Card
BK-2024-02003,2024-07-02,2024-08-19,C02805,PK12,AG10,6,0,5795,0.1,Completed,PayPal
BK-2024-02003,2024-07-02,2024-08-19,C02805,PK12,AG10,6,0,5795,0.1,Completed,PayPal
BK-2024-02004,2024-07-02,2024-08-20,C03655,PK07,AG00,2,0,2840,0.0,Completed,Card
BK-2024-02005,2024-07-02,2024-07-19,C04172,PK10,AG04,6,0,1075,0.05,Completed,Card
BK-2024-02006,2024-07-02,2024-08-12,C04879,PK18,AG01,12,0,6280,0.05,Completed,Card
BK-2024-02007,2024-07-02,2024-10-24,C05315,PK07,AG08,1,0,2840,0.1,Completed,Bank Transfer
BK-2024-02008,2024-07-02,2024-12-18,C05724,PK16,AG00,1,0,5555,0.15,Completed,M-Pesa
BK-2024-02009,2024-07-02,2024-11-01,C05893,PK09,AG05,7,0,2730,0.0,Completed,Card
BK-2024-02010,2024-07-02,2024-08-03,C06390,PK09,AG05,2,0,3140,0.1,Completed,Card
BK-2024-02011,2024-07-03,2024-08-24,C00099,PK16,AG04,2,1,5555,0.15,Completed,Card
BK-2024-02012,2024-07-03,2024-07-23,C00881,PK18,AG00,1,0,6280,0.05,Completed,Bank Transfer
BK-2024-02013,2024-07-03,2024-08-10,C01431,PK11,AG05,2,1,4710,0.15,Completed,Bank Transfer
BK-2024-02014,2024-07-03,2024-08-13,C03068,PK10,AG04,4,0,1075,0.0,Completed,M-Pesa
BK-2024-02015,2024-07-03,2024-08-29,C03633,PK06,AG03,2,0,1510,0.0,cancelled,M-Pesa
BK-2024-02016,2024-07-03,2024-08-20,C04684,PK08,AG03,2,3,1425,0.1,Completed,Card
BK-2024-02017,2024-07-03,2024-08-22,C04818,PK06,AG00,2,3,1510,0.0,Completed,Card
BK-2024-02018,2024-07-03,2024-07-19,C05739,PK08,AG00,1,0,1425,0.0,cancelled,M-Pesa
BK-2024-02019,2024-07-03,2025-07-06,C06106,PK17,AG03,2,3,12395,0.0,Completed,Bank Transfer
BK-2024-02020,2024-07-03,2024-09-25,C06110,PK17,AG04,2,2,11835,0.0,Completed,Card
BK-2024-02021,2024-07-04,2024-08-22,C00186,PK10,AG02,5,0,1075,0.05,Completed,Bank Transfer
BK-2024-02022,2024-07-04,2024-07-16,C00263,PK03,AG02,9,0,650,0.1,Completed,Bank Transfer
BK-2024-02023,2024-07-04,2024-08-09,C00478,PK13,AG10,9,0,7485,0.0,Completed,Bank Transfer
BK-2024-02024,2024-07-04,2024-09-30,C00547,PK17,AG04,1,0,11835,0.05,Cancelled,Card
BK-2024-02025,2024-07-04,2024-08-19,C00601,PK06,AG00,2,0,1510,0.1,Completed,Bank Transfer
BK-2024-02026,2024-07-04,2024-09-01,C00779,PK15,AG00,2,0,4710,0.0,Completed,Card
BK-2024-02027,2024-07-04,2024-08-31,C00921,PK08,AG06,2,2,1425,0.15,COMPLETED,Card
BK-2024-02028,2024-07-04,2024-08-17,C01295,PK01,AG00,2,0,505,0.0,completed,M-Pesa
BK-2024-02029,2024-07-04,2024-08-21,C01390,PK18,AG04,2,0,6280,0.05,Completed,Bank Transfer
BK-2024-02030,2024-07-04,2024-09-04,C01449,PK06,AG01,2,2,1510,0.1,Completed,PayPal
BK-2024-02031,2024-07-04,2024-07-27,C01527,PK05,AG00,2,0,940,0.1,Completed,Bank Transfer
BK-2024-02032,2024-07-04,2024-08-25,C03266,PK03,AG01,2,0,650,0.15,Completed,PayPal
BK-2024-02033,2024-07-04,2024-07-15,C03524,PK03,AG00,2,0,650,0.05,completed,Card
BK-2024-02034,2024-07-04,2024-08-02,C04034,PK01,AG05,7,0,505,0.0,Completed,Card
BK-2024-02035,2024-07-04,2024-08-21,C04332,PK08,AG00,2,0,1425,0.0,Cancelled,Card
BK-2024-02036,2024-07-04,2024-08-03,C04369,PK02,AG04,1,0,460,0.0,Completed,Card
BK-2024-02037,2024-07-04,2024-07-24,C05078,PK06,AG06,6,0,1510,0.15,Completed,Card
BK-2024-02038,2024-07-04,2024-08-07,C05078,PK02,AG00,6,0,460,0.1,Completed,Card
BK-2024-02039,2024-07-04,2024-09-18,C05668,PK08,AG05,2,0,1425,0.0,Completed,Card
BK-2024-02040,2024-07-04,2024-08-22,C06167,PK09,AG00,2,0,3140,0.1,Completed,M-Pesa
BK-2024-02041,2024-07-04,2024-12-01,C06171,PK16,AG07,9,0,5555,0.0,Cancelled,Bank Transfer
BK-2024-02042,2024-07-04,2024-09-04,C06326,PK04,AG00,2,0,605,0.0,Completed,M-Pesa
BK-2024-02043,2024-07-05,2024-09-24,C00292,PK06,AG01,2,1,1510,0.15,Completed,Card
BK-2024-02044,2024-07-05,2024-09-16,C00925,PK02,AG00,1,0,460,0.15,Completed,Card
BK-2024-02045,2024-07-05,2024-07-28,C01230,PK09,AG11,2,3,3140,0.05,Completed,Bank Transfer
BK-2024-02046,2024-07-05,2024-07-21,C01244,PK10,AG00,2,0,1075,,Completed,Card
BK-2024-02047,2024-07-05,2024-09-22,C02131,PK01,AG00,1,0,505,0.1,Completed,Bank Transfer
BK-2024-02048,2024-07-05,2024-08-08,C02591,PK09,AG00,2,0,3140,0.05,Completed,Card
BK-2024-02049,2024-07-05,2024-08-09,C03028,PK02,AG06,2,0,460,0.0,Completed,Bank Transfer
BK-2024-02050,2024-07-05,2024-10-18,C03967,PK07,AG00,2,2,2840,0.0,Completed ,Bank Transfer
BK-2024-02051,2024-07-05,2024-08-01,C04596,PK02,AG03,9,0,460,0.05,Completed,Card
BK-2024-02052,2024-07-05,2024-08-03,C05198,PK03,AG08,2,0,650,0.05,Completed,Card
BK-2024-02053,2024-07-05,2024-09-18,C06268,PK12,AG02,2,0,5795,0.0,Completed,M-Pesa
BK-2024-02054,2024-07-06,2024-11-27,C00134,PK13,AG00,2,3,6510,,Completed,Card
BK-2024-02055,2024-07-06,2024-10-17,C01067,PK12,AG03,2,3,5795,0.0,completed,Bank Transfer
BK-2024-02056,2024-07-06,2024-11-14,C01125,PK15,AG01,1,0,4095,0.15,Canceled,Bank Transfer
BK-2024-02057,2024-07-06,2024-07-21,C01181,PK08,AG00,2,2,1425,0.0,completed,Card
BK-2024-02058,2024-07-06,2024-12-01,C01546,PK13,AG06,2,2,7485,0.1,Completed,PayPal
BK-2024-02059,2024-07-06,2024-07-18,C01636,PK04,AG00,2,0,605,0.0,Completed,Card
BK-2024-02060,2024-07-06,2024-08-04,C01818,PK08,AG06,2,1,1425,0.05,Completed,Card
BK-2024-02061,2024-07-06,2024-10-31,C02565,PK18,AG10,6,0,6280,0.0,Completed,Card
BK-2024-02062,2024-07-06,2024-08-06,C02695,PK01,AG07,2,0,505,0.0,Completed,Card
BK-2024-02063,2024-07-06,2024-08-26,C02954,PK11,AG00,2,2,4710,0.05,Completed,Card
BK-2024-02064,2024-07-06,2024-07-25,C02957,PK05,AG09,2,0,940,0.0,Completed,Card
BK-2024-02065,2024-07-06,2024-09-24,C03726,PK06,AG03,1,0,1510,0.05,Completed,M-Pesa
BK-2024-02066,2024-07-06,2024-07-21,C03799,PK05,AG02,2,3,940,0.05,Completed,Bank Transfer
BK-2024-02067,2024-07-06,2024-09-28,C03941,PK03,AG07,2,0,650,0.0,Completed,PayPal
BK-2024-02068,2024-07-06,2024-07-13,C04366,PK01,AG00,2,1,505,0.05,Completed,Bank Transfer
BK-2024-02069,2024-07-06,2025-01-08,C05248,PK15,AG04,5,0,4935,0.1,Completed,M-Pesa
BK-2024-02070,2024-07-06,2024-08-21,C05423,PK01,AG08,2,0,505,0.05,Completed,Bank Transfer
BK-2024-02071,2024-07-07,2024-08-24,C00131,PK01,AG03,2,0,505,0.0,Completed,Bank Transfer
BK-2024-02072,2024-07-07,2024-07-23,C00149,PK03,AG07,2,0,650,0.1,Cancelled,Card
BK-2024-02073,2024-07-07,2024-10-10,C00199,PK18,AG00,2,2,6280,0.15,Completed,PayPal
BK-2024-02074,2024-07-07,2024-09-11,C00404,PK07,AG03,1,0,2840,0.0,Completed,Bank Transfer
BK-2024-02075,2024-07-07,2024-09-30,C00891,PK08,AG02,1,0,1425,0.0,Completed,M-Pesa
BK-2024-02076,2024-07-07,2024-10-13,C01961,PK03,AG00,2,0,650,0.1,Completed,M-Pesa
BK-2024-02077,2024-07-07,2024-10-31,C02078,PK13,AG01,8,0,7485,0.0,Completed,Card
BK-2024-02078,2024-07-07,2024-12-30,C02191,PK13,AG04,11,0,7485,0.0,Canceled,Card
BK-2024-02079,2024-07-07,2024-08-13,C02227,PK12,AG00,2,0,5795,0.0,Completed ,Card
BK-2024-02080,2024-07-07,2024-08-07,C02678,PK04,AG00,2,0,605,0.0,Completed,Bank Transfer
BK-2024-02081,2024-07-07,2025-01-01,C03015,PK06,AG01,2,0,1580,0.0,Completed,Card
BK-2024-02082,2024-07-07,2024-09-11,C03381,PK13,AG02,2,1,7485,0.15,Cancelled,PayPal
BK-2024-02083,2024-07-07,2024-09-29,C03811,PK12,AG00,1,0,5795,0.0,Completed,Card
BK-2024-02084,2024-07-07,2024-07-24,C04021,PK03,AG00,2,0,650,0.0,Completed,Card
BK-2024-02085,2024-07-07,2024-08-01,C04135,PK04,AG00,8,0,605,0.05,Completed,PayPal
BK-2024-02086,2024-07-07,2024-10-24,C04297,PK14,AG05,2,0,4950,0.0,Completed,Card
BK-2024-02087,2024-07-07,2024-07-22,C04779,PK04,AG00,2,1,605,0.0,COMPLETED,PayPal
BK-2024-02088,2024-07-07,2024-09-02,C05693,PK06,AG02,1,0,1510,0.05,Completed,Bank Transfer
BK-2024-02089,2024-07-08,2024-08-11,C00027,PK01,AG01,2,1,505,0.05,Completed,Card
BK-2024-02090,2024-07-08,2024-08-04,C00224,PK08,AG09,2,0,1425,0.05,Completed,M-Pesa
BK-2024-02091,2024-07-08,2024-09-03,C00372,PK07,AG11,1,0,2840,0.0,Completed,M-Pesa
BK-2024-02092,2024-07-08,2024-09-01,C00537,PK06,AG02,2,0,1510,0.1,Completed,M-Pesa
BK-2024-02093,2024-07-08,2024-07-22,C00673,PK06,AG04,9,0,1510,0.1,Completed,Card
BK-2024-02094,2024-07-08,2024-07-12,C01599,PK07,AG04,6,0,2840,0.1,Completed,M-Pesa
BK-2024-02095,2024-07-08,2024-08-15,C01888,PK18,AG00,8,0,6280,0.0,Completed,M-Pesa
BK-2024-02096,2024-07-08,2024-08-29,C02073,PK07,AG05,1,0,2840,0.0,Completed,Bank Transfer
BK-2024-02097,2024-07-08,2024-07-11,C02145,PK06,AG04,6,0,1510,0.1,Completed ,PayPal
BK-2024-02098,2024-07-08,2024-07-22,C02678,PK06,AG00,2,0,1510,0.0,Completed ,PayPal
BK-2024-02099,2024-07-08,2024-07-14,C02850,PK01,AG00,2,0,505,0.0,Completed,Bank Transfer
BK-2024-02100,2024-07-08,2024-12-14,C02872,PK12,AG07,1,0,5795,0.0,Completed,Card
BK-2024-02101,2024-07-08,2024-09-20,C02990,PK17,AG09,2,2,11835,0.0,Completed,PayPal
BK-2024-02102,2024-07-08,2024-08-24,C03354,PK10,AG09,2,0,1075,0.0,Completed,M-Pesa
BK-2024-02103,2024-07-08,2024-08-19,C03532,PK08,AG05,2,0,1425,0.0,Completed ,Card
BK-2024-02104,2024-07-08,2024-07-28,C03686,PK04,AG00,2,0,605,0.0,Completed,Card
BK-2024-02105,2024-07-08,2024-09-08,C03689,PK13,AG09,6,0,7485,,Completed,Card
BK-2024-02106,2024-07-08,2024-08-25,C03879,PK15,AG04,2,0,4710,0.05,Completed,Card
BK-2024-02107,2024-07-08,2024-08-26,C04128,PK08,AG04,2,3,1425,0.0,Completed,Card
BK-2024-02108,2024-07-08,2024-11-13,C05084,PK06,AG07,8,0,1310,0.15,Completed,Card
BK-2024-02109,2024-07-08,2024-10-11,C05253,PK08,AG00,2,0,1425,0.15,Completed,Card
BK-2024-02110,2024-07-08,2024-08-30,C05369,PK01,AG02,1,0,505,0.0,Completed,Card
BK-2024-02111,2024-07-08,2024-07-29,C05396,PK04,AG00,2,0,605,0.05,Completed,Card
BK-2024-02112,2024-07-08,2024-10-18,C05486,PK11,AG04,2,0,4710,0.05,Completed,Card
BK-2024-02113,2024-07-08,2024-09-10,C05487,PK04,AG07,6,0,605,0.1,Completed,Card
BK-2024-02114,2024-07-09,2024-08-20,C00730,PK03,AG04,1,0,650,0.1,Completed,Bank Transfer
BK-2024-02115,2024-07-09,2024-08-05,C01532,PK01,AG00,1,0,505,0.0,Completed,M-Pesa
BK-2024-02116,2024-07-09,2024-09-24,C02133,PK06,AG05,1,0,1510,0.0,Completed,Card
BK-2024-02117,2024-07-09,2024-10-20,C02396,PK06,AG06,2,0,1510,0.0,Completed ,PayPal
BK-2024-02118,2024-07-09,2024-08-08,C02494,PK01,AG03,2,0,505,0.0,completed,Bank Transfer
BK-2024-02119,2024-07-09,2024-07-29,C02926,PK02,AG02,2,2,460,0.1,Completed,Bank Transfer
BK-2024-02120,2024-07-09,2024-08-03,C03426,PK02,AG02,2,0,460,0.0,Cancelled,Card
BK-2024-02121,2024-07-09,2024-09-05,C03813,PK11,AG11,2,0,4710,0.1,Completed,Card
BK-2024-02122,2024-07-09,2024-08-19,C04820,PK01,AG07,9,0,505,0.1,Completed,Card
BK-2024-02123,2024-07-09,2024-12-10,C05147,PK16,AG00,9,0,5555,0.1,Completed,M-Pesa
BK-2024-02124,2024-07-09,2024-08-11,C05618,PK08,AG00,1,0,1425,0.1,Completed,Card
BK-2024-02125,2024-07-09,2024-07-12,C05669,PK01,AG03,3,0,505,0.1,Completed,Card
BK-2024-02126,2024-07-09,2024-07-12,C06100,PK06,AG00,2,0,1510,0.0,Completed,Bank Transfer
BK-2024-02127,2024-07-09,2024-09-22,C06168,PK07,AG02,5,0,2840,0.1,Completed,Card
BK-2024-02128,2024-07-09,2024-08-26,C06351,PK07,AG02,2,0,2840,0.0,Completed,M-Pesa
BK-2024-02129,2024-07-09,2024-10-31,C06379,PK10,AG02,2,0,1075,0.0,Completed,Bank Transfer
BK-2024-02130,2024-07-10,2024-10-08,C00072,PK13,AG04,1,0,7485,0.1,Completed,M-Pesa
BK-2024-02131,2024-07-10,2024-07-13,C00174,PK03,AG00,4,0,650,0.1,Completed,M-Pesa
BK-2024-02132,2024-07-10,2024-08-21,C00190,PK13,AG04,2,2,7485,0.0,Completed,PayPal
BK-2024-02133,2024-07-10,2025-02-24,C01212,PK13,AG00,2,0,6820,0.0,Completed,Card
BK-2024-02134,2024-07-10,2024-09-15,C01318,PK01,AG10,2,0,505,0.1,Completed,Card
BK-2024-02135,2024-07-10,2024-10-15,C01679,PK07,AG04,8,0,2840,0.0,Completed,Bank Transfer
BK-2024-02136,2024-07-10,2024-08-29,C01696,PK02,AG03,2,0,460,0.0,Completed,M-Pesa
BK-2024-02137,2024-07-10,2024-08-09,C02821,PK01,AG04,1,0,505,0.1,Completed,Bank Transfer
BK-2024-02138,2024-07-10,2024-08-27,C03112,PK13,AG06,1,0,7485,0.15,Cancelled,Card
BK-2024-02139,2024-07-10,2024-08-18,C03484,PK15,AG00,1,0,4710,0.05,Cancelled ,Bank Transfer
BK-2024-02140,2024-07-10,2024-08-08,C03542,PK02,AG00,1,0,460,0.05,Completed,Bank Transfer
BK-2024-02141,2024-07-10,2024-09-07,C03757,PK10,AG03,2,1,1075,0.15,Completed,Bank Transfer
BK-2024-02142,2024-07-10,2024-10-02,C04141,PK02,AG06,1,0,460,0.05,Completed,Bank Transfer
BK-2024-02143,2024-07-10,2024-09-10,C04270,PK09,AG01,2,0,3140,0.05,Completed,Bank Transfer
BK-2024-02144,2024-07-10,2024-12-16,C04814,PK12,AG10,2,3,5795,0.0,Completed,Bank Transfer
BK-2024-02145,2024-07-10,2024-09-09,C04941,PK06,AG11,1,0,1510,0.1,Completed,M-Pesa
BK-2024-02146,2024-07-10,2024-08-21,C05071,PK03,AG03,2,2,650,0.0,Completed,Bank Transfer
BK-2024-02147,2024-07-10,2024-08-11,C05248,PK04,AG00,6,0,605,0.0,Completed,Bank Transfer
BK-2024-02148,2024-07-10,2024-09-03,C05393,PK06,AG00,2,0,1510,0.05,Canceled,Bank Transfer
BK-2024-02149,2024-07-10,2024-08-29,C06023,PK11,AG02,2,1,4710,0.05,Canceled,Bank Transfer
BK-2024-02150,2024-07-10,2024-07-30,C06049,PK04,AG00,2,2,605,,Completed,M-Pesa
BK-2024-02151,2024-07-10,2024-09-27,C06101,PK15,AG00,2,0,4710,0.05,Completed,Bank Transfer
BK-2024-02152,2024-07-11,2024-08-10,C00045,PK05,AG01,9,0,940,0.0,Completed,Bank Transfer
BK-2024-02153,2024-07-11,2024-09-18,C00306,PK03,AG00,2,0,650,0.0,Cancelled ,Bank Transfer
BK-2024-02154,2024-07-11,2024-09-01,C01514,PK15,AG09,1,0,4710,0.1,completed,Card
BK-2024-02155,2024-07-11,2024-08-27,C01612,PK12,AG05,2,0,5795,0.1,Completed,PayPal
BK-2024-02156,2024-07-11,2024-08-09,C01664,PK09,AG05,2,0,3140,0.0,Completed,M-Pesa
BK-2024-02157,2024-07-11,2024-08-17,C01881,PK06,AG08,2,0,1510,0.0,Completed ,Card
BK-2024-02158,2024-07-11,2024-07-31,C02369,PK01,AG12,5,0,505,0.05,Completed,Bank Transfer
BK-2024-02159,2024-07-11,2024-08-12,C02478,PK12,AG07,9,0,5795,0.0,Completed,PayPal
BK-2024-02160,2024-07-11,2025-01-27,C02520,PK13,AG00,1,0,7845,0.0,Completed,Bank Transfer
BK-2024-02161,2024-07-11,2024-10-03,C02542,PK12,AG00,2,2,5795,0.0,completed,M-Pesa
BK-2024-02162,2024-07-11,2024-07-19,C02586,PK09,AG07,9,0,3140,0.0,Completed,Bank Transfer
BK-2024-02163,2024-07-11,2024-11-11,C02859,PK16,AG08,2,0,4830,0.0,Completed,M-Pesa
BK-2024-02164,2024-07-11,2024-09-06,C03140,PK12,AG03,2,0,5795,0.0,Completed,Card
BK-2024-02165,2024-07-11,2024-07-24,C03597,PK08,AG00,2,0,1425,0.0,Completed,Card
BK-2024-02166,2024-07-11,2024-08-03,C04037,PK03,AG02,2,0,650,0.0,Cancelled,PayPal
BK-2024-02167,2024-07-11,2024-08-03,C04336,PK03,AG02,2,3,650,0.0,Completed,Card
BK-2024-02168,2024-07-11,2024-10-02,C04533,PK07,AG00,2,0,2840,0.0,Completed,Card
BK-2024-02169,2024-07-11,2025-02-05,C04601,PK14,AG00,4,0,4510,0.1,Completed,Bank Transfer
BK-2024-02170,2024-07-11,2024-09-15,C04655,PK03,AG06,2,1,650,0.0,Completed,Bank Transfer
BK-2024-02171,2024-07-11,2024-07-31,C04970,PK04,AG03,1,0,605,0.1,Completed,Card
BK-2024-02172,2024-07-11,2024-11-21,C04994,PK16,AG02,2,1,4830,0.1,Completed,Card
BK-2024-02173,2024-07-11,2024-12-17,C05429,PK07,AG00,2,1,2840,0.05,Completed,PayPal
BK-2024-02173,2024-07-11,2024-12-17,C05429,PK07,AG00,2,1,2840,0.05,Completed,PayPal
BK-2024-02174,2024-07-11,2024-07-24,C06025,PK02,AG00,2,2,460,0.0,Completed,PayPal
BK-2024-02175,2024-07-11,2024-12-05,C06074,PK18,AG04,2,2,6280,0.1,Completed,Bank Transfer
BK-2024-02176,2024-07-12,2024-08-30,C00345,PK05,AG00,1,0,940,,Completed,Card
BK-2024-02177,2024-07-12,2024-11-16,C00389,PK09,AG00,2,1,2730,0.0,Completed,Card
BK-2024-02178,2024-07-12,2024-11-04,C00709,PK14,AG12,8,0,4305,0.1,Completed,M-Pesa
BK-2024-02179,2024-07-12,2024-07-30,C01130,PK05,AG04,1,0,940,0.1,Completed,Bank Transfer
BK-2024-02180,2024-07-12,2024-09-09,C01458,PK05,AG10,2,1,940,0.1,Completed,Card
BK-2024-02181,2024-07-12,2024-12-07,C02145,PK18,AG04,7,0,6280,0.1,COMPLETED,Bank Transfer
BK-2024-02182,2024-07-12,2024-10-10,C02577,PK06,AG00,2,0,1510,0.0,Completed,Card
BK-2024-02183,2024-07-12,2024-08-06,C02594,PK02,AG00,2,3,460,0.1,Completed,M-Pesa
BK-2024-02184,2024-07-12,2024-10-10,C02613,PK06,AG00,1,0,1510,0.15,Completed,Card
BK-2024-02185,2024-07-12,2024-08-21,C03702,PK05,AG02,1,0,940,0.0,Completed,PayPal
BK-2024-02186,2024-07-12,2024-07-20,C03801,PK03,AG12,9,0,650,0.0,Completed,Card
BK-2024-02187,2024-07-12,2024-09-08,C03877,PK11,AG00,2,0,4710,0.0,Completed,Bank Transfer
BK-2024-02187,2024-07-12,2024-09-08,C03877,PK11,AG00,2,0,4710,0.0,Completed,Bank Transfer
BK-2024-02188,2024-07-12,2024-09-12,C04823,PK09,AG00,2,0,3140,0.0,Completed,Bank Transfer
BK-2024-02189,2024-07-12,2024-08-31,C05165,PK02,AG09,2,0,460,0.1,Completed,Bank Transfer
BK-2024-02190,2024-07-12,2024-09-22,C05375,PK13,AG13,11,0,7485,0.1,Completed,PayPal
BK-2024-02191,2024-07-12,2024-08-17,C05548,PK01,AG00,2,0,505,0.0,Cancelled,M-Pesa
BK-2024-02192,2024-07-12,2024-08-06,C05553,PK01,AG03,2,2,505,0.0,Completed,Card
BK-2024-02193,2024-07-13,2024-08-02,C00029,PK01,AG00,2,0,505,0.0,Completed,M-Pesa
BK-2024-02194,2024-07-13,2024-08-30,C01276,PK11,AG00,2,2,4710,0.15,Completed,Card
BK-2024-02195,2024-07-13,2024-08-17,C01423,PK06,AG02,7,0,1510,0.0,Completed,Card
BK-2024-02196,2024-07-13,2024-09-13,C01481,PK13,AG07,2,0,7485,0.15,Completed,Card
BK-2024-02197,2024-07-13,2024-09-17,C01544,PK05,AG00,2,2,940,0.0,Completed,Card
BK-2024-02198,2024-07-13,2024-09-05,C01938,PK01,AG00,2,0,505,0.15,Completed,Bank Transfer
BK-2024-02198,2024-07-13,2024-09-05,C01938,PK01,AG00,2,0,505,0.15,Completed,Bank Transfer
BK-2024-02199,2024-07-13,2024-10-12,C02192,PK08,AG10,2,0,1425,0.1,Completed,PayPal
BK-2024-02200,2024-07-13,2024-07-24,C02239,PK01,AG10,2,0,505,0.1,Completed,Bank Transfer
BK-2024-02201,2024-07-13,2024-08-31,C02584,PK18,AG04,8,0,6280,0.05,Completed,Card
BK-2024-02202,2024-07-13,2025-01-01,C03908,PK18,AG07,2,2,6580,0.0,Completed,PayPal
BK-2024-02203,2024-07-13,2024-10-29,C05073,PK09,AG07,7,0,3140,0.1,Completed,PayPal
BK-2024-02204,2024-07-13,2024-08-11,C05357,PK11,AG05,1,0,4710,0.1,Completed,Card
BK-2024-02205,2024-07-13,2024-09-29,C05763,PK08,AG03,2,1,1425,0.0,Completed,Bank Transfer
BK-2024-02206,2024-07-13,2025-02-11,C05764,PK18,AG04,2,0,5720,0.0,Completed,PayPal
BK-2024-02207,2024-07-13,2024-10-28,C06127,PK10,AG03,1,0,1075,0.15,Completed,M-Pesa
BK-2024-02208,2024-07-13,2024-12-06,C06429,PK14,AG02,1,0,4950,0.0,Completed,Card
BK-2024-02209,2024-07-14,2024-09-03,C01665,PK08,AG00,6,0,1425,0.0,Completed,Card
BK-2024-02210,2024-07-14,2024-08-16,C02022,PK07,AG00,2,0,2840,0.05,Completed,Bank Transfer
BK-2024-02211,2024-07-14,2024-07-29,C03489,PK01,AG00,2,0,505,0.1,Completed,Card
BK-2024-02212,2024-07-14,2024-09-13,C03493,PK06,AG05,2,2,1510,0.0,Completed,Card
BK-2024-02213,2024-07-14,2024-08-25,C03600,PK06,AG00,2,2,1510,0.0,Completed,Bank Transfer
BK-2024-02214,2024-07-14,2024-08-31,C03607,PK09,AG11,2,1,3140,0.1,Completed,Card
BK-2024-02215,2024-07-14,2024-09-05,C03700,PK01,AG10,2,3,505,0.05,Completed,Card
BK-2024-02216,2024-07-14,2024-08-15,C03751,PK16,AG09,1,0,5555,0.15,COMPLETED,Bank Transfer
BK-2024-02217,2024-07-14,2024-12-25,C04540,PK12,AG00,2,3,5795,0.05,Completed,Card
BK-2024-02218,2024-07-14,2024-09-06,C04818,PK01,AG00,2,3,505,0.1,Completed,Card
BK-2024-02219,2024-07-14,2024-09-16,C05044,PK16,AG03,2,0,5555,0.0,Completed,Bank Transfer
BK-2024-02220,2024-07-14,2024-12-01,C05884,PK07,AG07,2,0,2840,0.0,Completed,Card
BK-2024-02221,2024-07-14,2024-09-22,C06245,PK15,AG06,2,1,4710,0.0,Completed,Card
BK-2024-02222,2024-07-14,2024-12-19,C06247,PK06,AG13,7,0,1510,0.0,Completed,Bank Transfer
BK-2024-02223,2024-07-15,2024-08-15,C00441,PK18,AG07,2,1,6280,0.0,Cancelled,Card
BK-2024-02224,2024-07-15,2024-08-27,C01508,PK04,AG04,2,0,605,0.05,Completed,Card
BK-2024-02225,2024-07-15,2024-08-14,C01689,PK02,AG00,5,0,460,0.15,Completed,Bank Transfer
BK-2024-02226,2024-07-15,2024-09-20,C01989,PK01,AG02,2,3,505,0.1,Completed,Card
BK-2024-02227,2024-07-15,2024-08-02,C03290,PK07,AG10,2,1,2840,0.0,Completed,Card
BK-2024-02228,2024-07-15,2024-08-28,C04016,PK10,AG00,2,0,1075,0.0,Canceled,Card
BK-2024-02229,2024-07-15,2024-08-13,C04220,PK04,AG05,4,0,605,0.1,Completed,Bank Transfer
BK-2024-02230,2024-07-15,2024-08-07,C04254,PK15,AG06,1,0,4710,0.0,Completed,Card
BK-2024-02231,2024-07-15,2025-01-20,C04262,PK14,AG01,2,0,5185,0.0,Completed,M-Pesa
BK-2024-02232,2024-07-15,2025-01-26,C04653,PK18,AG03,6,0,6580,0.15,Completed,M-Pesa
BK-2024-02233,2024-07-15,2024-11-21,C04691,PK17,AG00,2,0,10290,0.05,COMPLETED,Card
BK-2024-02234,2024-07-15,2024-10-12,C04882,PK06,AG00,2,0,1510,0.1,Completed,Bank Transfer
BK-2024-02235,2024-07-15,2024-08-14,C04998,PK06,AG04,2,0,1510,0.05,Completed,Card
BK-2024-02236,2024-07-15,2024-08-23,C05025,PK05,AG10,2,3,940,0.0,Completed,Card
BK-2024-02237,2024-07-15,2024-08-07,C05764,PK18,AG02,2,0,6280,0.0,Completed,Card
BK-2024-02238,2024-07-15,2024-09-05,C05875,PK16,AG09,2,0,5555,0.0,Completed,Bank Transfer
BK-2024-02239,2024-07-15,2024-07-24,C05940,PK09,AG06,2,0,3140,0.0,Completed,PayPal
BK-2024-02240,2024-07-16,2024-09-13,C00255,PK06,AG08,2,0,1510,0.0,Completed,Bank Transfer
BK-2024-02241,2024-07-16,2024-08-25,C00357,PK06,AG01,2,1,1510,0.0,Completed,Card
BK-2024-02242,2024-07-16,2024-07-23,C00360,PK05,AG02,2,2,940,0.0,Completed,Card
BK-2024-02243,2024-07-16,2024-10-26,C00684,PK18,AG06,2,2,6280,0.0,Completed,Card
BK-2024-02244,2024-07-16,2024-12-21,C02024,PK18,AG00,2,3,6280,0.05,Cancelled,Card
BK-2024-02245,2024-07-16,2024-12-03,C02358,PK07,AG07,3,0,2840,0.1,COMPLETED,Bank Transfer
BK-2024-02246,2024-07-16,2024-08-06,C02368,PK06,AG09,5,0,1510,0.1,Completed,Bank Transfer
BK-2024-02247,2024-07-16,2024-09-20,C02655,PK05,AG00,2,1,940,0.0,Completed,PayPal
BK-2024-02248,2024-07-16,2024-08-29,C03602,PK02,AG05,5,0,460,0.1,Completed,Bank Transfer
BK-2024-02249,2024-07-16,2024-08-10,C03671,PK06,AG04,8,0,1510,0.1,Completed,Card
BK-2024-02250,2024-07-16,2024-09-14,C03920,PK12,AG09,7,0,5795,0.1,Completed,M-Pesa
BK-2024-02251,2024-07-16,2024-09-19,C04888,PK07,AG04,2,1,2840,0.1,Completed,Card
BK-2024-02252,2024-07-16,2024-08-28,C05048,PK08,AG02,9,0,1425,0.1,COMPLETED,Card
BK-2024-02253,2024-07-16,2025-03-17,C05488,PK12,AG04,2,2,5280,0.0,Cancelled,Bank Transfer
BK-2024-02254,2024-07-16,2024-08-11,C05612,PK11,AG00,2,0,4710,0.0,Completed,Card
BK-2024-02255,2024-07-17,2024-09-18,C00177,PK03,AG09,2,0,650,0.05,Completed,M-Pesa
BK-2024-02256,2024-07-17,2024-09-18,C00380,PK09,AG11,2,2,3140,0.05,Completed,PayPal
BK-2024-02257,2024-07-17,2024-07-31,C00432,PK04,AG07,1,0,605,0.05,Completed,PayPal
BK-2024-02258,2024-07-17,2024-12-25,C00678,PK18,AG00,2,0,6280,0.0,Canceled,M-Pesa
BK-2024-02259,2024-07-17,2024-08-29,C01522,PK03,AG00,2,0,650,0.1,Completed,Card
BK-2024-02260,2024-07-17,2024-07-26,C01901,PK01,AG00,2,0,505,0.0,Completed,Card
BK-2024-02261,2024-07-17,2024-09-07,C02231,PK02,AG04,2,0,460,0.0,Cancelled,Card
BK-2024-02262,2024-07-17,2024-08-21,C02663,PK16,AG02,2,2,5555,0.15,Completed,Bank Transfer
BK-2024-02263,2024-07-17,2024-08-30,C02746,PK05,AG00,2,0,940,0.05,Completed,Bank Transfer
BK-2024-02264,2024-07-17,2025-02-28,C03123,PK09,AG12,8,0,2860,0.1,Completed,Card
BK-2024-02265,2024-07-17,2024-09-20,C03133,PK02,AG09,2,2,460,0.05,Completed,M-Pesa
BK-2024-02266,2024-07-17,2024-10-30,C03190,PK12,AG00,9,0,5795,0.1,Completed,Bank Transfer
BK-2024-02267,2024-07-17,2024-09-09,C03867,PK06,AG11,2,3,1510,0.1,Completed,PayPal
BK-2024-02268,2024-07-17,2025-01-05,C04097,PK13,AG03,2,3,7845,0.0,Completed,Bank Transfer
BK-2024-02269,2024-07-17,2024-08-28,C04599,PK12,AG04,2,3,5795,0.05,Completed,Card
BK-2024-02270,2024-07-17,2024-08-30,C04615,PK07,AG00,2,3,2840,0.0,Completed,M-Pesa
BK-2024-02271,2024-07-17,2024-08-21,C04773,PK12,AG00,5,0,5795,0.05,Completed,Card
BK-2024-02272,2024-07-17,2024-08-20,C05008,PK02,AG00,1,0,460,0.0,completed,Card
BK-2024-02273,2024-07-17,2024-09-15,C05524,PK17,AG06,2,0,11835,0.1,Completed,M-Pesa
BK-2024-02274,2024-07-17,2024-09-29,C05541,PK06,AG07,1,0,1510,0.0,Completed,PayPal
BK-2024-02275,2024-07-17,2024-11-22,C05744,PK09,AG00,9,0,2730,0.1,Completed,Card
BK-2024-02276,2024-07-17,2024-09-27,C05751,PK06,AG02,2,2,1510,0.1,Completed,Card
BK-2024-02277,2024-07-17,2024-08-05,C05803,PK07,AG09,2,0,2840,0.1,Completed,Bank Transfer
BK-2024-02278,2024-07-17,2025-01-11,C06058,PK18,AG10,2,0,6580,0.05,Completed,Card
BK-2024-02279,2024-07-17,2024-09-11,C06434,PK01,AG07,2,2,505,0.0,Completed,Bank Transfer
BK-2024-02279,2024-07-17,2024-09-11,C06434,PK01,AG07,2,2,505,0.0,Completed,Bank Transfer
BK-2024-02280,2024-07-18,2024-11-19,C00020,PK11,AG00,1,0,4095,0.0,Completed,Card
BK-2024-02281,2024-07-18,2024-11-05,C00360,PK10,AG01,2,3,935,0.15,completed,M-Pesa
BK-2024-02282,2024-07-18,2024-09-10,C00493,PK01,AG05,4,0,505,0.05,Completed,Card
BK-2024-02283,2024-07-18,2024-09-03,C01696,PK16,AG00,2,0,5555,0.1,Completed,Card
BK-2024-02284,2024-07-18,2024-07-27,C01834,PK05,AG00,2,0,940,0.05,Canceled,PayPal
BK-2024-02285,2024-07-18,2024-08-07,C03218,PK08,AG00,7,0,1425,0.0,Completed,Bank Transfer
BK-2024-02286,2024-07-18,2024-08-08,C03385,PK01,AG02,1,0,505,0.0,Completed,M-Pesa
BK-2024-02287,2024-07-18,2024-10-13,C04265,PK11,AG10,2,1,4710,0.0,Completed,Bank Transfer
BK-2024-02288,2024-07-18,2024-09-22,C04354,PK10,AG09,2,0,1075,0.0,Completed,Card
BK-2024-02289,2024-07-18,2024-08-06,C04730,PK04,AG01,1,0,605,0.1,Completed,M-Pesa
BK-2024-02290,2024-07-18,2025-04-25,C05478,PK12,AG00,2,0,5280,0.0,Completed,Card
BK-2024-02291,2024-07-18,2024-10-25,C05676,PK07,AG00,2,0,2840,0.0,Cancelled,PayPal
BK-2024-02292,2024-07-18,2024-10-18,C06096,PK05,AG06,9,0,940,0.0,Completed,Bank Transfer
BK-2024-02293,2024-07-18,2024-10-11,C06185,PK02,AG00,2,0,460,0.15,completed,Card
BK-2024-02294,2024-07-19,2024-12-06,C00253,PK18,AG05,2,3,6280,0.0,Completed,Card
BK-2024-02295,2024-07-19,2024-07-31,C00352,PK02,AG13,8,0,460,0.1,Completed,Card
BK-2024-02296,2024-07-19,2025-06-10,C00872,PK18,AG13,5,0,5720,0.0,Completed,Card
BK-2024-02297,2024-07-19,2024-11-19,C01625,PK07,AG00,7,0,2470,0.0,Completed,Bank Transfer
BK-2024-02298,2024-07-19,2024-08-30,C02101,PK06,AG09,2,3,1510,,Completed,Card
BK-2024-02299,2024-07-19,2024-08-12,C02241,PK03,AG04,2,0,650,0.0,Completed,Card
BK-2024-02300,2024-07-19,2024-08-23,C02705,PK04,AG00,12,0,605,0.05,Completed,Bank Transfer
BK-2024-02301,2024-07-19,2024-09-21,C03392,PK16,AG00,2,3,5555,0.0,Cancelled,PayPal
BK-2024-02302,2024-07-19,2024-11-04,C03657,PK12,AG02,2,0,5040,0.0,Completed ,Bank Transfer
BK-2024-02303,2024-07-19,2024-10-09,C03849,PK07,AG11,2,0,2840,0.0,Completed,Bank Transfer
BK-2024-02304,2024-07-19,2024-08-23,C04252,PK06,AG09,2,0,1510,0.0,Completed,PayPal
BK-2024-02305,2024-07-19,2024-12-05,C04434,PK07,AG00,9,0,2840,0.05,Completed,Card
BK-2024-02306,2024-07-19,2024-09-15,C04773,PK08,AG11,8,0,1425,0.0,COMPLETED,Card
BK-2024-02307,2024-07-19,2024-12-08,C05219,PK12,AG00,2,0,5795,0.0,Completed,M-Pesa
BK-2024-02308,2024-07-19,2024-12-23,C05525,PK06,AG11,2,0,1510,0.0,Completed,Card
BK-2024-02309,2024-07-19,2024-11-01,C05849,PK09,AG13,8,0,2730,0.05,Completed,Bank Transfer
BK-2024-02310,2024-07-19,2024-10-11,C06053,PK06,AG00,2,0,1510,0.0,CANCELLED,M-Pesa
BK-2024-02311,2024-07-19,2024-08-29,C06280,PK05,AG00,2,2,940,0.0,Completed,Bank Transfer
BK-2024-02312,2024-07-20,2024-09-09,C00037,PK01,AG02,2,1,505,0.15,Completed,Card
BK-2024-02313,2024-07-20,2024-08-21,C00079,PK16,AG10,2,0,5555,0.0,Completed,Card
BK-2024-02314,2024-07-20,2024-08-17,C00171,PK04,AG13,6,0,605,0.1,Completed,Bank Transfer
BK-2024-02315,2024-07-20,2024-08-22,C00201,PK06,AG13,9,0,1510,0.05,Completed,Card
BK-2024-02316,2024-07-20,2025-01-13,C00398,PK17,AG09,2,2,12395,0.0,Completed,Card
BK-2024-02317,2024-07-20,2024-09-29,C00496,PK15,AG04,6,0,4710,0.15,Completed,PayPal
BK-2024-02318,2024-07-20,2024-07-25,C00887,PK02,AG01,2,0,460,0.0,Completed,Bank Transfer
BK-2024-02319,2024-07-20,2024-10-09,C01273,PK13,AG12,7,0,7485,0.1,Completed,Card
BK-2024-02320,2024-07-20,2024-09-07,C01741,PK18,AG02,2,1,6280,0.0,Completed,Card
BK-2024-02321,2024-07-20,2024-10-14,C02053,PK02,AG00,2,0,460,0.0,Completed,PayPal
BK-2024-02322,2024-07-20,2024-09-08,C02497,PK04,AG00,2,1,605,0.1,Completed,Bank Transfer
BK-2024-02323,2024-07-20,2024-08-02,C03572,PK02,AG04,2,2,460,0.0,Completed,Bank Transfer
BK-2024-02324,2024-07-20,2024-08-18,C03751,PK15,AG09,1,0,4710,0.1,Completed,PayPal
BK-2024-02325,2024-07-20,2024-09-25,C04276,PK11,AG09,1,0,4710,0.05,Completed,Card
BK-2024-02326,2024-07-20,2024-10-15,C04597,PK13,AG04,2,0,7485,0.0,Completed,PayPal
BK-2024-02327,2024-07-20,2025-01-10,C04714,PK12,AG05,2,0,6070,0.0,Completed,PayPal
BK-2024-02328,2024-07-21,2024-11-11,C00377,PK05,AG03,2,0,820,0.0,Completed,Bank Transfer
BK-2024-02329,2024-07-21,2024-08-10,C00513,PK01,AG00,2,0,505,0.0,Completed,Card
BK-2024-02330,2024-07-21,2024-09-01,C01622,PK17,AG00,2,0,11835,0.0,Completed,Card
BK-2024-02331,2024-07-21,2024-08-06,C01835,PK05,AG09,2,0,940,0.05,Completed,Card
BK-2024-02332,2024-07-21,2024-10-25,C02141,PK08,AG03,2,0,1425,0.1,Completed,Card
BK-2024-02333,2024-07-21,2024-07-26,C02243,PK02,AG02,2,1,460,0.0,Completed,Bank Transfer
BK-2024-02334,2024-07-21,2024-09-05,C02247,PK04,AG00,2,2,605,0.0,Completed,Card
BK-2024-02335,2024-07-21,2024-09-18,C02490,PK09,AG07,2,0,3140,0.0,Completed,M-Pesa
BK-2024-02336,2024-07-21,2024-08-09,C02830,PK06,AG02,2,0,1510,0.0,Completed,Card
BK-2024-02337,2024-07-21,2024-12-09,C03474,PK12,AG04,2,0,5795,0.1,Canceled,Card
BK-2024-02338,2024-07-21,2024-09-12,C04087,PK11,AG00,2,0,4710,0.0,Cancelled,PayPal
BK-2024-02339,2024-07-21,2024-07-31,C04129,PK05,AG13,12,0,940,0.1,Completed,PayPal
BK-2024-02340,2024-07-21,2024-08-28,C04960,PK13,AG00,2,1,7485,0.0,Completed,Card
BK-2024-02341,2024-07-21,2024-08-13,C05010,PK02,AG03,1,0,460,0.0,Completed,Card
BK-2024-02342,2024-07-21,2024-09-16,C05533,PK09,AG04,2,2,3140,0.0,Completed,Card
BK-2024-02343,2024-07-21,2024-08-03,C05536,PK05,AG03,4,0,940,0.1,Completed,Card
BK-2024-02344,2024-07-21,2024-10-20,C05569,PK13,AG05,2,2,7485,0.0,Completed,Card
BK-2024-02345,2024-07-21,2024-08-12,C05686,PK01,AG08,2,0,505,0.0,Completed,Card
BK-2024-02346,2024-07-21,2024-10-05,C06006,PK09,AG09,2,0,3140,0.0,Completed,M-Pesa
BK-2024-02347,2024-07-21,2024-09-16,C06164,PK17,AG05,2,0,11835,0.0,Completed,Bank Transfer
BK-2024-02348,2024-07-21,2024-09-20,C06292,PK09,AG00,2,0,3140,0.05,Completed,M-Pesa
BK-2024-02349,2024-07-22,2024-09-24,C00129,PK06,AG05,1,0,1510,,Completed,Bank Transfer
BK-2024-02350,2024-07-22,2024-08-08,C00523,PK02,AG11,2,0,460,0.1,Completed,Bank Transfer
BK-2024-02351,2024-07-22,2024-09-01,C00544,PK08,AG02,2,0,1425,0.15,Completed,M-Pesa
BK-2024-02352,2024-07-22,2024-08-15,C01033,PK05,AG00,6,0,940,0.0,Cancelled,Bank Transfer
BK-2024-02353,2024-07-22,2024-09-10,C01171,PK06,AG00,2,0,1510,0.0,Completed,PayPal
BK-2024-02354,2024-07-22,2024-08-23,C01516,PK02,AG07,2,0,460,0.0,Completed,Card
BK-2024-02355,2024-07-22,2024-09-22,C02225,PK12,AG04,2,0,5795,0.05,Completed,Card
BK-2024-02356,2024-07-22,2024-08-09,C02283,PK02,AG04,1,0,460,0.1,Completed,Card
BK-2024-02357,2024-07-22,2024-08-19,C02614,PK05,AG06,6,0,940,0.05,Completed,Bank Transfer
BK-2024-02358,2024-07-22,2024-10-30,C04154,PK15,AG03,2,0,4710,0.0,Completed,Card
BK-2024-02359,2024-07-22,2024-09-05,C04235,PK05,AG04,2,3,940,0.05,completed,M-Pesa
BK-2024-02360,2024-07-22,2024-11-15,C05060,PK18,AG10,2,0,5460,0.0,Completed,Card
BK-2024-02361,2024-07-22,2024-08-22,C05114,PK12,AG04,2,0,5795,0.0,Completed,Card
BK-2024-02361,2024-07-22,2024-08-22,C05114,PK12,AG04,2,0,5795,0.0,Completed,Card
BK-2024-02362,2024-07-22,2024-09-10,C05391,PK05,AG00,2,2,940,0.0,Completed,Card
BK-2024-02363,2024-07-22,2024-08-12,C05567,PK03,AG05,2,2,650,0.1,Completed,M-Pesa
BK-2024-02364,2024-07-22,2024-08-13,C06247,PK05,AG13,9,0,940,0.1,Completed,Bank Transfer
BK-2024-02365,2024-07-22,2024-10-30,C06250,PK16,AG10,1,0,5555,0.0,Completed,M-Pesa
BK-2024-02366,2024-07-22,2024-08-04,C06338,PK08,AG02,1,0,1425,0.0,Completed,Card
BK-2024-02367,2024-07-23,2024-07-30,C00732,PK04,AG10,2,3,605,0.0,Completed,M-Pesa
BK-2024-02368,2024-07-23,2024-10-04,C01245,PK12,AG03,1,0,5795,0.0,Completed,Bank Transfer
BK-2024-02369,2024-07-23,2024-10-08,C01599,PK08,AG03,8,0,1425,0.05,Completed,Bank Transfer
BK-2024-02370,2024-07-23,2024-09-07,C01708,PK18,AG09,7,0,6280,0.1,Completed,Bank Transfer
BK-2024-02371,2024-07-23,2024-10-03,C01972,PK10,AG04,2,0,1075,0.1,Completed,Bank Transfer
BK-2024-02372,2024-07-23,2024-10-19,C02470,PK13,AG01,1,0,7485,0.15,Completed,M-Pesa
BK-2024-02373,2024-07-23,2024-08-11,C03056,PK09,AG10,1,0,3140,0.0,Completed,Card
BK-2024-02374,2024-07-23,2025-01-23,C03202,PK15,AG00,2,1,4935,0.0,Completed,Bank Transfer
BK-2024-02375,2024-07-23,2024-09-16,C03385,PK07,AG00,1,0,2840,0.1,Completed,Bank Transfer
BK-2024-02376,2024-07-23,2024-08-04,C03807,PK02,AG00,1,0,460,0.0,Completed,M-Pesa
BK-2024-02377,2024-07-23,2024-10-27,C04204,PK12,AG02,4,0,5795,0.1,Completed,PayPal
BK-2024-02378,2024-07-23,2024-09-13,C04370,PK03,AG00,2,3,650,0.0,Completed,Card
BK-2024-02379,2024-07-23,2024-10-03,C05243,PK08,AG11,2,2,1425,0.0,COMPLETED,Bank Transfer
BK-2024-02380,2024-07-23,2024-09-12,C05438,PK01,AG06,2,0,505,0.0,Completed,Bank Transfer
BK-2024-02381,2024-07-23,2024-09-11,C05679,PK02,AG01,2,2,460,0.05,Completed,Bank Transfer
BK-2024-02382,2024-07-24,2025-01-23,C00408,PK12,AG04,9,0,6070,0.0,Completed,Card
BK-2024-02383,2024-07-24,2024-08-01,C00521,PK08,AG00,2,0,1425,0.0,Completed,Card
BK-2024-02384,2024-07-24,2024-09-07,C01109,PK11,AG13,9,0,4710,0.1,Completed,Bank Transfer
BK-2024-02385,2024-07-24,2024-08-14,C01380,PK05,AG00,2,0,940,0.0,completed,Bank Transfer
BK-2024-02386,2024-07-24,2024-07-31,C01580,PK08,AG04,1,0,1425,0.1,Cancelled,M-Pesa
BK-2024-02387,2024-07-24,2024-10-30,C01769,PK09,AG00,2,0,3140,0.0,Completed,Bank Transfer
BK-2024-02388,2024-07-24,2024-08-26,C02236,PK04,AG02,8,0,605,0.0,Completed,Card
BK-2024-02389,2024-07-24,2025-02-14,C02431,PK15,AG10,8,0,4290,0.1,Completed,Card
BK-2024-02390,2024-07-24,2024-08-21,C02809,PK11,AG00,1,0,4710,0.0,Completed,Card
BK-2024-02391,2024-07-24,2024-09-11,C02973,PK09,AG06,2,0,3140,0.0,Completed,Card
BK-2024-02392,2024-07-24,2024-09-14,C03275,PK10,AG12,4,0,1075,0.0,Completed,Card
BK-2024-02393,2024-07-24,2024-11-06,C03298,PK08,AG05,6,0,1240,0.15,Completed,PayPal
BK-2024-02394,2024-07-24,2025-04-03,C03316,PK13,AG03,1,0,6820,0.0,Completed,Bank Transfer
BK-2024-02395,2024-07-24,2024-08-23,C03369,PK15,AG05,2,0,4710,0.1,Completed,Bank Transfer
BK-2024-02396,2024-07-24,2025-01-19,C03376,PK13,AG00,1,0,7845,0.0,Completed,PayPal
BK-2024-02397,2024-07-24,2024-08-01,C04116,PK01,AG02,1,0,505,0.0,Completed,Bank Transfer
BK-2024-02398,2024-07-24,2024-08-27,C04194,PK12,AG00,2,2,5795,0.0,Completed,Card
BK-2024-02399,2024-07-24,2024-09-17,C04590,PK16,AG11,2,3,5555,0.1,Cancelled,Bank Transfer
BK-2024-02400,2024-07-24,2024-09-03,C05261,PK09,AG00,2,0,3140,0.15,Completed,Bank Transfer
BK-2024-02401,2024-07-24,2024-07-30,C05522,PK12,AG04,2,3,5795,0.0,Completed,Bank Transfer
BK-2024-02402,2024-07-24,2024-09-14,C06080,PK06,AG02,9,0,1510,0.1,Cancelled,PayPal
BK-2024-02403,2024-07-24,2024-12-04,C06210,PK15,AG00,2,0,4710,0.0,Completed,M-Pesa
BK-2024-02404,2024-07-25,2025-07-26,C00055,PK14,AG06,2,3,5185,0.0,Completed,M-Pesa
BK-2024-02405,2024-07-25,2024-09-30,C00106,PK15,AG06,2,0,4710,0.0,Completed,Bank Transfer
BK-2024-02406,2024-07-25,2024-09-05,C00275,PK03,AG00,1,0,650,0.1,Completed,Card
BK-2024-02407,2024-07-25,2024-07-29,C00619,PK01,AG09,2,1,505,0.0,Completed,Bank Transfer
BK-2024-02408,2024-07-25,2024-09-08,C00638,PK08,AG00,2,0,1425,0.05,Completed,M-Pesa
BK-2024-02409,2024-07-25,2024-09-13,C00691,PK03,AG09,2,0,650,0.0,Completed,Card
BK-2024-02410,2024-07-25,2024-09-05,C00745,PK06,AG08,4,0,1510,0.1,Completed,PayPal
BK-2024-02411,2024-07-25,2024-08-18,C01801,PK09,AG08,2,1,3140,0.0,Completed,Card
BK-2024-02412,2024-07-25,2024-08-24,C01959,PK06,AG04,8,0,1510,0.1,Canceled,PayPal
BK-2024-02413,2024-07-25,2024-08-20,C02351,PK06,AG00,2,0,1510,0.0,Cancelled,Bank Transfer
BK-2024-02414,2024-07-25,2024-08-23,C02368,PK02,AG08,6,0,460,0.0,Completed ,Card
BK-2024-02415,2024-07-25,2024-08-26,C03087,PK11,AG03,2,0,4710,0.1,Completed,Bank Transfer
BK-2024-02416,2024-07-25,2024-09-05,C03371,PK09,AG00,2,0,3140,0.0,Completed,Card
BK-2024-02417,2024-07-25,2024-08-07,C03414,PK01,AG00,1,0,505,0.1,Completed,Card
BK-2024-02418,2024-07-25,2024-10-18,C04455,PK03,AG00,2,0,650,0.0,Completed,Bank Transfer
BK-2024-02419,2024-07-25,2024-12-05,C04666,PK17,AG04,2,0,11835,0.0,completed,Card
BK-2024-02420,2024-07-25,2024-12-20,C04737,PK09,AG11,2,3,3140,0.05,Completed,Card
BK-2024-02421,2024-07-25,2024-09-24,C05884,PK04,AG00,2,0,605,0.0,CANCELLED,PayPal
BK-2024-02422,2024-07-25,2025-01-24,C06052,PK11,AG01,2,2,4935,0.0,Completed,Bank Transfer
BK-2024-02423,2024-07-25,2024-09-04,C06080,PK08,AG05,9,0,1425,0.0,Completed,Bank Transfer
BK-2024-02424,2024-07-25,2024-08-15,C06185,PK03,AG00,2,0,650,0.05,Completed,M-Pesa
BK-2024-02425,2024-07-26,2024-10-27,C00743,PK07,AG06,1,0,2840,0.0,Completed,Card
BK-2024-02426,2024-07-26,2024-12-03,C01588,PK18,AG00,5,0,6280,0.1,Completed,Card
BK-2024-02427,2024-07-26,2024-08-15,C01631,PK01,AG05,2,0,505,0.15,Completed,Card
BK-2024-02428,2024-07-26,2025-03-11,C01759,PK07,AG03,2,3,2585,0.1,Completed,Card
BK-2024-02429,2024-07-26,2024-09-29,C01952,PK01,AG10,2,1,505,0.0,Completed,Card
BK-2024-02430,2024-07-26,2024-08-29,C02274,PK16,AG08,1,0,5555,0.05,Completed,PayPal
BK-2024-02431,2024-07-26,2024-09-18,C03509,PK07,AG00,2,0,2840,0.1,Completed,M-Pesa
BK-2024-02432,2024-07-26,2024-11-23,C04122,PK12,AG04,1,0,5040,0.0,Completed,Card
BK-2024-02433,2024-07-26,2024-08-31,C04143,PK06,AG10,1,0,1510,0.1,Completed,M-Pesa
BK-2024-02434,2024-07-26,2024-10-29,C04270,PK11,AG00,2,0,4710,0.0,Completed,M-Pesa
BK-2024-02435,2024-07-26,2024-09-13,C04594,PK06,AG00,2,0,1510,0.0,completed,PayPal
BK-2024-02436,2024-07-26,2024-08-15,C04741,PK05,AG00,2,0,940,0.05,Completed,Bank Transfer
BK-2024-02437,2024-07-26,2024-08-31,C05319,PK06,AG03,1,0,1510,0.0,Cancelled,Card
BK-2024-02438,2024-07-26,2024-08-24,C05398,PK08,AG04,2,0,1425,0.1,Completed,Bank Transfer
BK-2024-02439,2024-07-26,2024-09-17,C05468,PK16,AG04,2,1,5555,0.15,Completed,M-Pesa
BK-2024-02440,2024-07-26,2024-11-18,C05898,PK08,AG08,2,0,1240,0.05,Completed,Bank Transfer
BK-2024-02441,2024-07-26,2025-02-17,C06174,PK14,AG01,2,3,4510,0.0,Cancelled,Bank Transfer
BK-2024-02442,2024-07-27,2024-12-25,C00051,PK15,AG00,2,0,4710,0.05,Completed,M-Pesa
BK-2024-02443,2024-07-27,2024-12-21,C01292,PK12,AG02,2,0,5795,0.0,Completed,Card
BK-2024-02444,2024-07-27,2024-09-10,C01602,PK01,AG12,12,0,505,0.0,Completed,Card
BK-2024-02445,2024-07-27,2024-08-16,C01736,PK06,AG04,1,0,1510,0.1,Completed,Bank Transfer
BK-2024-02446,2024-07-27,2024-08-16,C02043,PK08,AG05,1,0,1425,0.05,Completed,Card
BK-2024-02447,2024-07-27,2024-08-05,C02100,PK15,AG01,2,0,4710,0.0,Completed,Card
BK-2024-02448,2024-07-27,2024-09-04,C02270,PK09,AG13,3,0,3140,0.1,Completed,Card
BK-2024-02449,2024-07-27,2024-12-12,C02700,PK14,AG02,2,0,4950,0.0,Completed,Bank Transfer
BK-2024-02450,2024-07-27,2024-08-29,C03765,PK06,AG08,2,0,1510,0.1,COMPLETED,Card
BK-2024-02451,2024-07-27,2025-06-03,C04000,PK13,AG00,2,3,6820,0.1,Completed,Card
BK-2024-02452,2024-07-27,2024-08-06,C04224,PK03,AG00,2,1,650,0.0,Completed,Bank Transfer
BK-2024-02453,2024-07-27,2024-09-25,C04661,PK12,AG00,2,0,5795,0.0,Completed,Bank Transfer
BK-2024-02454,2024-07-27,2024-10-29,C04780,PK07,AG03,1,0,2840,0.0,Completed,Card
BK-2024-02455,2024-07-27,2024-09-24,C04958,PK12,AG09,3,0,5795,0.0,Completed,Card
BK-2024-02456,2024-07-27,2024-09-18,C05015,PK06,AG10,1,0,1510,0.1,Completed,Card
BK-2024-02457,2024-07-27,2025-05-06,C05157,PK14,AG00,2,1,4510,0.0,Completed,Card
BK-2024-02458,2024-07-27,2024-08-08,C06208,PK04,AG03,2,2,605,0.05,Completed,Card
BK-2024-02459,2024-07-27,2024-08-15,C06444,PK05,AG01,5,0,940,0.05,Completed,Card
BK-2024-02460,2024-07-28,2024-08-25,C00111,PK01,AG04,4,0,505,0.1,Completed,Card
BK-2024-02461,2024-07-28,2025-01-17,C00171,PK13,AG04,12,0,7845,0.05,Completed,M-Pesa
BK-2024-02462,2024-07-28,2024-10-23,C00337,PK06,AG07,1,0,1510,0.0,Completed,Bank Transfer
BK-2024-02463,2024-07-28,2024-08-15,C01040,PK07,AG04,2,0,2840,0.1,Canceled,PayPal
BK-2024-02464,2024-07-28,2024-12-13,C01989,PK18,AG00,2,1,6280,0.0,Completed,Bank Transfer
BK-2024-02465,2024-07-28,2024-09-24,C02061,PK12,AG09,2,2,5795,0.15,Completed,Card
BK-2024-02466,2024-07-28,2024-08-31,C03175,PK03,AG00,2,2,650,0.05,Completed,Card
BK-2024-02467,2024-07-28,2024-08-09,C03193,PK02,AG00,2,0,460,0.0,Completed,M-Pesa
BK-2024-02468,2024-07-28,2024-11-06,C03492,PK18,AG12,10,0,5460,0.0,Completed,Card
BK-2024-02469,2024-07-28,2024-12-24,C03715,PK16,AG10,7,0,5555,0.15,Completed,Card
BK-2024-02470,2024-07-28,2024-08-20,C04067,PK04,AG03,2,0,605,0.0,Completed,PayPal
BK-2024-02471,2024-07-28,2024-12-31,C04074,PK15,AG00,2,3,4710,0.05,Completed,PayPal
BK-2024-02472,2024-07-28,2024-08-12,C04078,PK03,AG01,1,0,650,0.0,Completed,Bank Transfer
BK-2024-02473,2024-07-28,2024-08-17,C05003,PK18,AG06,9,0,6280,0.1,Completed,Card
BK-2024-02474,2024-07-28,2024-10-31,C05168,PK12,AG01,1,0,5795,0.0,Completed,M-Pesa
BK-2024-02475,2024-07-28,2024-10-14,C05239,PK07,AG05,2,0,2840,0.0,Completed,M-Pesa
BK-2024-02476,2024-07-28,2024-08-19,C06135,PK08,AG06,2,1,1425,0.0,Completed,Card
BK-2024-02477,2024-07-28,2024-08-20,C06350,PK03,AG01,1,0,650,0.05,Completed,M-Pesa
BK-2024-02478,2024-07-28,2024-08-04,C06450,PK01,AG00,2,3,505,0.05,Completed,M-Pesa
BK-2024-02479,2024-07-29,2025-07-25,C01258,PK17,AG10,9,0,12395,0.1,Completed,Card
BK-2024-02480,2024-07-29,2024-08-17,C01328,PK05,AG00,2,0,940,0.0,Completed,PayPal
BK-2024-02481,2024-07-29,2024-10-06,C02546,PK10,AG10,8,0,1075,0.05,Completed,PayPal
BK-2024-02482,2024-07-29,2025-09-04,C02723,PK15,AG13,12,0,4935,0.1,Completed,Bank Transfer
BK-2024-02483,2024-07-29,2025-10-19,C04288,PK16,AG08,5,0,5820,0.0,Completed,Card
BK-2024-02484,2024-07-29,2024-09-28,C04789,PK10,AG03,2,0,1075,0.0,Completed,PayPal
BK-2024-02485,2024-07-29,2024-09-22,C04820,PK12,AG00,8,0,5795,0.0,Completed,Card
BK-2024-02486,2024-07-29,2025-01-26,C04824,PK13,AG00,2,1,7845,,Completed,Bank Transfer
BK-2024-02487,2024-07-29,2024-08-07,C04834,PK01,AG00,2,0,505,0.0,Completed,PayPal
BK-2024-02488,2024-07-29,2024-08-13,C04836,PK05,AG02,2,1,940,0.1,Completed,M-Pesa
BK-2024-02489,2024-07-29,2024-08-28,C05559,PK06,AG00,2,0,1510,0.1,Completed,M-Pesa
BK-2024-02490,2024-07-29,2024-09-08,C05677,PK12,AG00,2,2,5795,0.0,Cancelled,PayPal
BK-2024-02491,2024-07-29,2024-08-23,C06218,PK02,AG00,4,0,460,,Completed,Card
BK-2024-02492,2024-07-29,2024-11-17,C06263,PK13,AG00,6,0,6510,0.05,Completed,Card
BK-2024-02493,2024-07-29,2024-10-09,C06285,PK10,AG03,2,2,1075,0.0,Cancelled ,Card
BK-2024-02494,2024-07-29,2024-08-18,C06445,PK04,AG05,2,2,605,0.1,Completed,Card
BK-2024-02495,2024-07-30,2025-03-19,C00274,PK07,AG01,2,2,2585,0.0,Completed,Card
BK-2024-02496,2024-07-30,2024-10-08,C00314,PK07,AG04,2,3,2840,0.0,Completed,Card
BK-2024-02497,2024-07-30,2024-10-22,C00322,PK03,AG10,2,0,650,0.0,Completed,Bank Transfer
BK-2024-02498,2024-07-30,2024-12-12,C02426,PK03,AG01,1,0,650,0.1,Completed,Card
BK-2024-02499,2024-07-30,2024-08-27,C03428,PK10,AG00,2,3,1075,0.0,Completed,Card
BK-2024-02500,2024-07-30,2025-02-14,C04061,PK13,AG03,2,0,6820,0.0,Completed,Card
BK-2024-02501,2024-07-30,2024-08-19,C04126,PK16,AG06,2,1,5555,0.05,Completed,PayPal
BK-2024-02502,2024-07-30,2024-10-05,C06107,PK18,AG10,2,0,6280,0.0,Completed,PayPal
BK-2024-02503,2024-07-30,2024-09-23,C06317,PK17,AG02,1,0,11835,0.0,completed,Bank Transfer
BK-2024-02504,2024-07-30,2024-08-21,C06430,PK06,AG00,9,0,1510,0.1,Completed,Card
BK-2024-02505,2024-07-31,2024-09-27,C00288,PK01,AG05,2,0,505,0.1,Completed,Card
BK-2024-02506,2024-07-31,2024-10-21,C01676,PK06,AG02,7,0,1510,0.1,Completed ,Bank Transfer
BK-2024-02507,2024-07-31,2024-09-19,C01901,PK07,AG02,2,0,2840,0.0,Completed,Bank Transfer
BK-2024-02508,2024-07-31,2024-09-09,C02162,PK04,AG00,8,0,605,0.1,Completed,Card
BK-2024-02509,2024-07-31,2024-08-28,C02248,PK02,AG00,4,0,460,0.1,Completed,Card
BK-2024-02510,2024-07-31,2024-10-20,C02797,PK08,AG00,2,2,1425,0.0,Completed,Bank Transfer
BK-2024-02511,2024-07-31,2024-09-04,C02889,PK02,AG00,2,1,460,0.0,Completed,Bank Transfer
BK-2024-02512,2024-07-31,2024-09-16,C02898,PK10,AG03,2,0,1075,0.05,Completed,Card
BK-2024-02513,2024-07-31,2024-09-13,C03577,PK06,AG03,2,0,1510,0.0,completed,Card
BK-2024-02514,2024-07-31,2025-05-11,C03968,PK17,AG00,9,0,10780,0.0,Completed,Card
BK-2024-02515,2024-07-31,2024-10-15,C04139,PK06,AG02,5,0,1510,0.05,Completed,Card
BK-2024-02516,2024-07-31,2024-09-01,C04431,PK03,AG02,2,1,650,0.0,Completed,Bank Transfer
BK-2024-02517,2024-07-31,2024-08-23,C04770,PK04,AG00,2,0,605,0.0,Canceled,Bank Transfer
BK-2024-02518,2024-08-01,2024-08-05,C00046,PK07,AG00,1,0,2840,0.0,Completed ,M-Pesa
BK-2024-02519,2024-08-01,2024-08-09,C00385,PK01,AG02,2,1,505,0.0,Completed,Card
BK-2024-02520,2024-08-01,2024-09-02,C01523,PK06,AG03,2,1,1510,0.0,Completed,Card
BK-2024-02521,2024-08-01,2024-10-05,C01543,PK18,AG01,2,2,6280,0.05,Completed,PayPal
BK-2024-02522,2024-08-01,2024-11-28,C02272,PK09,AG02,2,0,2730,0.0,Completed,Card
BK-2024-02523,2024-08-01,2025-01-11,C02359,PK18,AG00,2,1,6580,0.1,Completed,Bank Transfer
BK-2024-02524,2024-08-01,2024-10-27,C02372,PK18,AG04,2,3,6280,0.05,Completed,Card
BK-2024-02525,2024-08-01,2024-08-28,C02484,PK10,AG00,2,2,1075,0.0,Completed,M-Pesa
BK-2024-02526,2024-08-01,2024-09-02,C05642,PK11,AG04,2,1,4710,0.05,Completed,PayPal
BK-2024-02527,2024-08-02,2024-10-28,C00264,PK06,AG00,2,0,1510,0.0,Completed,M-Pesa
BK-2024-02528,2024-08-02,2025-06-10,C00508,PK18,AG04,2,0,5720,0.0,Cancelled,Card
BK-2024-02529,2024-08-02,2024-08-05,C00872,PK02,AG13,4,0,460,,Completed,Card
BK-2024-02530,2024-08-02,2024-12-02,C01349,PK13,AG12,6,0,7485,0.0,Completed,Card
BK-2024-02531,2024-08-02,2024-10-06,C01420,PK06,AG00,2,3,1510,0.0,Canceled,Card
BK-2024-02532,2024-08-02,2024-09-18,C01427,PK01,AG12,11,0,505,0.0,Completed,Card
BK-2024-02533,2024-08-02,2024-09-06,C01937,PK01,AG11,2,0,505,0.0,Completed,Bank Transfer
BK-2024-02534,2024-08-02,2024-08-25,C02002,PK01,AG06,2,2,505,0.15,Canceled,Bank Transfer
BK-2024-02535,2024-08-02,2024-08-25,C02882,PK05,AG08,2,0,940,0.1,completed,PayPal
BK-2024-02536,2024-08-02,2024-10-08,C02955,PK06,AG13,10,0,1510,0.0,Completed,Card
BK-2024-02537,2024-08-02,2025-01-09,C03157,PK07,AG03,2,0,2975,0.0,Completed,Card
BK-2024-02538,2024-08-02,2024-08-23,C03936,PK03,AG03,6,0,650,0.0,Cancelled,Bank Transfer
BK-2024-02539,2024-08-02,2024-09-19,C05306,PK09,AG00,9,0,3140,0.1,Completed,Card
BK-2024-02540,2024-08-02,2024-09-15,C06303,PK08,AG13,8,0,1425,0.1,Completed,Bank Transfer
BK-2024-02541,2024-08-03,2024-10-23,C00281,PK14,AG09,9,0,4950,0.0,Completed,Card
BK-2024-02542,2024-08-03,2024-09-09,C00899,PK01,AG04,2,2,505,0.0,Completed,PayPal
BK-2024-02543,2024-08-03,2024-08-17,C01132,PK05,AG07,2,0,940,0.0,Completed,Bank Transfer
BK-2024-02544,2024-08-03,2025-02-05,C01862,PK08,AG02,1,0,1300,0.0,Completed,Card
BK-2024-02545,2024-08-03,2024-08-25,C01993,PK01,AG00,1,0,505,0.1,Cancelled,PayPal
BK-2024-02546,2024-08-03,2025-07-22,C02544,PK18,AG00,8,0,6580,0.1,Completed,Bank Transfer
BK-2024-02547,2024-08-03,2025-02-03,C03009,PK12,AG00,7,0,5280,0.05,Completed,Card
BK-2024-02548,2024-08-03,2024-09-01,C03120,PK10,AG00,2,0,1075,0.1,Completed,M-Pesa
BK-2024-02549,2024-08-03,2025-02-25,C03544,PK17,AG03,2,3,10780,0.0,Completed,Bank Transfer
BK-2024-02550,2024-08-03,2024-09-07,C04204,PK03,AG06,9,0,650,0.15,Completed,Bank Transfer
BK-2024-02551,2024-08-03,2024-12-11,C04684,PK13,AG00,2,1,7485,0.0,Completed,Bank Transfer
BK-2024-02552,2024-08-03,2024-08-08,C04880,PK04,AG00,2,0,605,0.1,Completed,PayPal
BK-2024-02553,2024-08-03,2024-12-09,C05322,PK09,AG02,2,2,3140,0.15,Cancelled,Card
BK-2024-02554,2024-08-03,2024-10-08,C05340,PK12,AG00,2,0,5795,0.0,Completed,Card
BK-2024-02555,2024-08-03,2024-08-19,C05627,PK02,AG04,1,0,460,0.05,Cancelled,PayPal
BK-2024-02556,2024-08-03,2024-08-28,C05879,PK03,AG09,1,0,650,,Completed,M-Pesa
BK-2024-02557,2024-08-03,2024-10-24,C06102,PK16,AG07,8,0,5555,0.0,Completed,Bank Transfer
BK-2024-02558,2024-08-03,2025-01-14,C06105,PK15,AG10,2,2,4935,0.1,Completed,Card
BK-2024-02559,2024-08-04,2024-08-15,C01190,PK18,AG07,2,0,6280,0.0,Completed,Card
BK-2024-02560,2024-08-04,2024-09-01,C01240,PK04,AG09,2,0,605,0.05,Completed,Card
BK-2024-02561,2024-08-04,2025-06-06,C01346,PK14,AG13,7,0,4510,0.1,Completed,Card
BK-2024-02562,2024-08-04,2024-12-11,C01480,PK10,AG03,1,0,1075,0.05,Completed,Bank Transfer
BK-2024-02563,2024-08-04,2024-10-03,C01668,PK18,AG05,2,0,6280,0.0,Completed,Card
BK-2024-02564,2024-08-04,2024-08-29,C03358,PK18,AG04,2,0,6280,0.0,Completed,PayPal
BK-2024-02564,2024-08-04,2024-08-29,C03358,PK18,AG04,2,0,6280,0.0,Completed,PayPal
BK-2024-02565,2024-08-04,2024-12-24,C04162,PK07,AG06,5,0,2840,0.1,Completed,Bank Transfer
BK-2024-02566,2024-08-04,2024-09-19,C05323,PK02,AG00,2,0,460,0.05,Completed,Bank Transfer
BK-2024-02567,2024-08-04,2024-09-14,C05450,PK01,AG00,2,0,505,0.0,Completed,Card
BK-2024-02568,2024-08-05,2024-09-29,C00169,PK04,AG02,1,0,605,0.0,Completed,Bank Transfer
BK-2024-02569,2024-08-05,2024-11-26,C00200,PK18,AG09,2,2,5460,0.05,Completed,Card
BK-2024-02570,2024-08-05,2024-10-19,C00220,PK11,AG02,2,0,4710,0.0,Completed,Bank Transfer
BK-2024-02571,2024-08-05,2024-10-30,C00395,PK17,AG01,2,0,11835,0.05,Completed,Bank Transfer
BK-2024-02572,2024-08-05,2025-01-03,C00791,PK18,AG00,8,0,6580,0.05,Completed,Card
BK-2024-02573,2024-08-05,2024-11-02,C01166,PK12,AG03,2,1,5040,0.0,Completed,Bank Transfer
BK-2024-02574,2024-08-05,2024-10-23,C01191,PK07,AG00,2,3,2840,0.0,CANCELLED,Card
BK-2024-02575,2024-08-05,2024-10-11,C01592,PK03,AG10,6,0,650,0.1,Completed,Card
BK-2024-02576,2024-08-05,2024-08-15,C02406,PK02,AG03,7,0,460,0.05,completed,Card
BK-2024-02577,2024-08-05,2024-08-26,C02419,PK09,AG07,2,1,3140,0.1,Completed,PayPal
BK-2024-02578,2024-08-05,2024-08-15,C02430,PK11,AG00,1,0,4710,0.0,Completed ,M-Pesa
BK-2024-02579,2024-08-05,2024-11-01,C02765,PK10,AG13,6,0,935,0.1,Completed,Card
BK-2024-02580,2024-08-05,2024-09-09,C02884,PK12,AG02,4,0,5795,0.15,Completed,Bank Transfer
BK-2024-02581,2024-08-05,2024-08-20,C02992,PK05,AG03,2,2,940,0.0,Completed,Card
BK-2024-02582,2024-08-05,2025-02-06,C03342,PK16,AG07,2,1,5060,0.0,Completed ,Bank Transfer
BK-2024-02583,2024-08-05,2024-11-08,C03680,PK18,AG05,2,2,5460,0.0,Completed,Bank Transfer
BK-2024-02584,2024-08-05,2024-08-13,C03823,PK03,AG05,6,0,650,0.1,Completed,Card
BK-2024-02585,2024-08-05,2024-11-04,C04805,PK03,AG00,2,0,565,0.05,Completed,Card
BK-2024-02586,2024-08-05,2025-01-09,C04990,PK16,AG05,2,2,5820,0.0,Completed,M-Pesa
BK-2024-02587,2024-08-05,2024-09-28,C06459,PK06,AG07,2,0,1510,0.0,Completed,Card
BK-2024-02588,2024-08-06,2024-08-09,C00604,PK04,AG05,5,0,605,0.0,Cancelled,Card
BK-2024-02589,2024-08-06,2024-09-10,C01092,PK08,AG00,2,0,1425,0.0,Completed,Card
BK-2024-02590,2024-08-06,2025-01-15,C02139,PK15,AG00,1,0,4935,0.1,Completed,M-Pesa
BK-2024-02591,2024-08-06,2024-09-24,C02461,PK02,AG00,2,0,460,0.0,Completed,Bank Transfer
BK-2024-02592,2024-08-06,2024-09-29,C02645,PK06,AG06,2,0,1510,0.15,Completed,Card
BK-2024-02593,2024-08-06,2024-12-28,C02752,PK18,AG00,2,0,6280,0.1,Completed,Bank Transfer
BK-2024-02594,2024-08-06,2024-09-21,C02836,PK06,AG11,2,0,1510,0.05,Completed,Bank Transfer
BK-2024-02595,2024-08-06,2024-08-31,C03970,PK06,AG00,1,0,1510,0.0,Completed,Card
BK-2024-02596,2024-08-06,2024-08-09,C04081,PK02,AG04,2,1,460,0.05,Completed,Bank Transfer
BK-2024-02597,2024-08-06,2024-08-25,C04497,PK01,AG02,2,3,505,0.05,Completed,Card
BK-2024-02598,2024-08-06,2024-10-24,C04833,PK05,AG03,2,0,940,0.05,Completed,Bank Transfer
BK-2024-02599,2024-08-06,2024-10-28,C05996,PK13,AG10,2,1,7485,0.0,Completed,M-Pesa
BK-2024-02600,2024-08-07,2025-07-20,C00830,PK16,AG06,1,0,5820,0.1,Completed,Bank Transfer
BK-2024-02601,2024-08-07,2024-12-18,C00971,PK07,AG10,2,0,2840,0.0,completed,Bank Transfer
BK-2024-02602,2024-08-07,2024-10-03,C01522,PK09,AG03,2,0,3140,0.0,Completed,Card
BK-2024-02603,2024-08-07,2025-03-12,C02436,PK13,AG11,2,0,6820,0.0,Completed,Card
BK-2024-02604,2024-08-07,2024-09-16,C02773,PK13,AG00,2,3,7485,0.05,Completed,M-Pesa
BK-2024-02605,2024-08-07,2024-09-08,C03098,PK12,AG04,1,0,5795,0.1,Completed,PayPal
BK-2024-02606,2024-08-07,2024-10-19,C03356,PK08,AG01,2,1,1425,0.0,Completed,Bank Transfer
BK-2024-02607,2024-08-07,2024-08-16,C03447,PK07,AG01,2,2,2840,0.1,Completed,Bank Transfer
BK-2024-02608,2024-08-07,2024-08-20,C03600,PK06,AG00,2,2,1510,0.0,Completed ,Bank Transfer
BK-2024-02609,2024-08-07,2024-12-08,C03782,PK12,AG00,2,0,5795,0.05,Cancelled ,PayPal
BK-2024-02610,2024-08-07,2024-09-23,C04523,PK02,AG02,1,0,460,0.0,Cancelled,Card
BK-2024-02611,2024-08-07,2024-08-28,C05470,PK04,AG00,2,1,605,0.05,completed,Card
BK-2024-02612,2024-08-07,2024-08-31,C06481,PK05,AG03,2,0,940,0.05,Cancelled,Card
BK-2024-02613,2024-08-08,2024-11-18,C00023,PK16,AG04,10,0,4830,0.1,Completed,M-Pesa
BK-2024-02614,2024-08-08,2024-08-14,C00371,PK03,AG01,8,0,650,0.0,Completed,M-Pesa
BK-2024-02615,2024-08-08,2024-08-26,C00716,PK03,AG07,2,0,650,0.05,Completed,PayPal
BK-2024-02616,2024-08-08,2024-09-08,C01263,PK01,AG12,5,0,505,,Completed,Card
BK-2024-02617,2024-08-08,2025-02-02,C01775,PK17,AG01,2,0,10780,0.0,Completed,Card
BK-2024-02618,2024-08-08,2024-10-15,C01813,PK04,AG03,2,1,605,0.15,Canceled,Card
BK-2024-02619,2024-08-08,2024-09-11,C02707,PK06,AG03,2,0,1510,0.0,Completed,Bank Transfer
BK-2024-02620,2024-08-08,2024-08-31,C03119,PK02,AG00,2,1,460,0.0,Completed,Bank Transfer
BK-2024-02621,2024-08-08,2024-09-22,C03412,PK03,AG11,2,0,650,0.05,Completed,Card
BK-2024-02622,2024-08-08,2024-10-24,C03842,PK11,AG00,1,0,4710,0.0,Completed,PayPal
BK-2024-02623,2024-08-08,2024-11-23,C04220,PK01,AG01,4,0,440,0.15,Completed,M-Pesa
BK-2024-02624,2024-08-08,2024-11-03,C05191,PK11,AG00,1,0,4095,0.0,Completed,Bank Transfer
BK-2024-02625,2024-08-08,2024-09-22,C05483,PK08,AG04,2,0,1425,0.0,Completed,Bank Transfer
BK-2024-02626,2024-08-08,2024-11-25,C05484,PK12,AG00,2,0,5040,0.05,Completed,Card
BK-2024-02627,2024-08-08,2024-10-15,C05568,PK07,AG03,2,0,2840,0.0,Cancelled,Bank Transfer
BK-2024-02628,2024-08-08,2024-11-20,C06315,PK12,AG00,2,0,5040,0.0,Completed,M-Pesa
BK-2024-02629,2024-08-09,2024-09-01,C00023,PK16,AG12,3,0,5555,0.1,Completed,Bank Transfer
BK-2024-02630,2024-08-09,2025-01-25,C00295,PK15,AG02,4,0,4935,0.0,Completed,Bank Transfer
BK-2024-02631,2024-08-09,2024-08-29,C00632,PK15,AG04,2,2,4710,0.0,Completed,Bank Transfer
BK-2024-02632,2024-08-09,2024-08-24,C00819,PK06,AG00,1,0,1510,0.1,Completed,Card
BK-2024-02633,2024-08-09,2024-08-26,C01003,PK02,AG01,2,2,460,,Completed,PayPal
BK-2024-02634,2024-08-09,2024-11-21,C01097,PK13,AG00,2,0,6510,0.05,Completed,PayPal
BK-2024-02635,2024-08-09,2024-10-08,C02711,PK03,AG04,2,0,650,0.05,Completed,Bank Transfer
BK-2024-02636,2024-08-09,2024-09-11,C02901,PK04,AG05,5,0,605,0.1,Completed,Card
BK-2024-02637,2024-08-09,2024-10-12,C03035,PK13,AG00,1,0,7485,0.0,COMPLETED,Card
BK-2024-02638,2024-08-09,2024-09-10,C03492,PK05,AG00,12,0,940,0.1,Completed ,Bank Transfer
BK-2024-02639,2024-08-09,2024-08-24,C03631,PK01,AG01,2,0,505,0.0,Completed,Bank Transfer
BK-2024-02640,2024-08-09,2024-09-13,C04020,PK01,AG06,2,3,505,0.0,Completed,Card
BK-2024-02641,2024-08-09,2024-08-30,C04430,PK02,AG00,1,0,460,0.15,Completed,Card
BK-2024-02642,2024-08-09,2024-09-25,C04537,PK05,AG02,2,0,940,0.05,Completed,Bank Transfer
BK-2024-02643,2024-08-09,2024-08-28,C04552,PK10,AG02,1,0,1075,0.0,Completed,Bank Transfer
BK-2024-02644,2024-08-09,2024-10-29,C05059,PK18,AG00,2,0,6280,0.0,Completed,Bank Transfer
BK-2024-02645,2024-08-09,2024-09-11,C05152,PK07,AG00,2,0,2840,0.0,Completed,M-Pesa
BK-2024-02646,2024-08-09,2024-09-09,C05379,PK03,AG04,2,2,650,0.15,Completed,PayPal
BK-2024-02647,2024-08-09,2024-10-22,C05900,PK02,AG08,1,0,460,0.15,Canceled,M-Pesa
BK-2024-02648,2024-08-10,2024-08-23,C00335,PK01,AG00,2,0,505,0.05,Completed,PayPal
BK-2024-02649,2024-08-10,2024-10-02,C00896,PK14,AG00,1,0,4950,0.0,Completed,PayPal
BK-2024-02650,2024-08-10,2024-09-27,C01065,PK09,AG09,2,1,3140,0.0,Completed,M-Pesa
BK-2024-02651,2024-08-10,2024-10-27,C01330,PK09,AG13,9,0,3140,0.1,Completed,Card
BK-2024-02652,2024-08-10,2024-09-01,C01346,PK09,AG04,11,0,3140,,Completed,Card
BK-2024-02653,2024-08-10,2024-09-12,C01443,PK03,AG06,2,0,650,0.0,Completed,Card
BK-2024-02654,2024-08-10,2025-06-07,C01827,PK16,AG07,2,0,5060,0.15,Completed,Bank Transfer
BK-2024-02655,2024-08-10,2024-11-28,C02587,PK13,AG02,1,0,6510,0.05,Completed,Bank Transfer
BK-2024-02656,2024-08-10,2025-09-05,C03077,PK12,AG12,6,0,6070,0.1,Completed,Bank Transfer
BK-2024-02657,2024-08-10,2025-03-08,C03740,PK15,AG02,1,0,4290,0.15,Completed,M-Pesa
BK-2024-02658,2024-08-10,2024-08-27,C05733,PK14,AG11,2,0,4950,0.0,Completed,PayPal
BK-2024-02659,2024-08-10,2024-10-05,C05798,PK10,AG00,2,0,1075,0.1,Completed,Card
BK-2024-02660,2024-08-10,2024-08-24,C05829,PK04,AG06,6,0,605,0.0,Completed,Bank Transfer
BK-2024-02661,2024-08-10,2025-03-03,C05973,PK16,AG11,9,0,5060,0.1,Completed,PayPal
BK-2024-02662,2024-08-11,2024-10-10,C01346,PK04,AG13,12,0,605,0.05,Completed,Bank Transfer
BK-2024-02663,2024-08-11,2024-09-01,C01538,PK06,AG04,2,3,1510,0.0,Completed,Card
BK-2024-02664,2024-08-11,2025-01-29,C01740,PK12,AG03,2,0,6070,0.0,Completed,PayPal
BK-2024-02665,2024-08-11,2024-09-12,C01808,PK04,AG00,2,0,605,0.0,Completed,PayPal
BK-2024-02666,2024-08-11,2024-09-04,C01867,PK03,AG00,8,0,650,0.15,Completed,PayPal
BK-2024-02667,2024-08-11,2024-09-13,C01935,PK06,AG12,10,0,1510,0.0,Completed,Card
BK-2024-02668,2024-08-11,2024-09-13,C02041,PK06,AG07,9,0,1510,0.0,Completed,PayPal
BK-2024-02669,2024-08-11,2024-09-09,C02279,PK12,AG04,9,0,5795,0.05,Completed,PayPal
BK-2024-02670,2024-08-11,2024-11-28,C02492,PK06,AG00,2,0,1310,0.0,Completed,M-Pesa
BK-2024-02671,2024-08-11,2024-09-21,C02616,PK11,AG03,2,2,4710,0.15,COMPLETED,Bank Transfer
BK-2024-02672,2024-08-11,2024-09-26,C03485,PK10,AG04,2,0,1075,0.0,Completed,Bank Transfer
BK-2024-02673,2024-08-11,2024-09-06,C04037,PK01,AG03,2,0,505,0.0,Completed,Card
BK-2024-02674,2024-08-11,2024-09-27,C04472,PK05,AG00,2,0,940,0.0,completed,M-Pesa
BK-2024-02675,2024-08-11,2025-06-22,C04821,PK12,AG01,5,0,5280,0.1,Completed,Bank Transfer
BK-2024-02676,2024-08-11,2024-10-19,C05244,PK07,AG12,8,0,2840,0.1,Completed,Bank Transfer
BK-2024-02677,2024-08-11,2024-09-01,C05748,PK01,AG00,2,0,505,0.05,Completed,PayPal
BK-2024-02678,2024-08-11,2025-05-13,C06278,PK13,AG09,2,2,6820,0.0,Completed,Bank Transfer
BK-2024-02679,2024-08-11,2024-08-21,C06423,PK05,AG08,2,0,940,0.1,Completed,Card
BK-2024-02680,2024-08-12,2024-09-16,C00072,PK06,AG00,1,0,1510,0.0,Completed,Card
BK-2024-02681,2024-08-12,2024-08-29,C00315,PK05,AG11,1,0,940,,Completed,Card
BK-2024-02682,2024-08-12,2024-09-09,C00327,PK11,AG05,2,0,4710,0.0,Completed,Card
BK-2024-02683,2024-08-12,2025-08-07,C00458,PK17,AG01,7,0,12395,0.05,Cancelled,Bank Transfer
BK-2024-02684,2024-08-12,2024-12-15,C00498,PK15,AG00,2,0,4710,0.0,Completed,PayPal
BK-2024-02685,2024-08-12,2024-09-11,C00766,PK03,AG04,2,0,650,0.0,Completed,Card
BK-2024-02686,2024-08-12,2024-09-09,C00834,PK01,AG04,2,3,505,0.0,Completed,Card
BK-2024-02687,2024-08-12,2024-08-21,C01056,PK03,AG00,2,0,650,0.0,Completed,M-Pesa
BK-2024-02688,2024-08-12,2024-10-28,C01845,PK15,AG01,2,0,4710,0.1,Completed,PayPal
BK-2024-02689,2024-08-12,2025-03-14,C02468,PK14,AG04,1,0,4510,0.0,Completed,Card
BK-2024-02690,2024-08-12,2024-10-09,C02606,PK14,AG07,2,0,4950,0.0,Completed,PayPal
BK-2024-02691,2024-08-12,2024-09-17,C03694,PK01,AG02,9,0,505,0.0,Cancelled,Bank Transfer
BK-2024-02692,2024-08-12,2024-09-16,C03799,PK06,AG00,2,1,1510,0.05,Completed,Bank Transfer
BK-2024-02693,2024-08-12,2024-09-02,C05238,PK13,AG01,2,0,7485,0.0,Completed,M-Pesa
BK-2024-02694,2024-08-12,2024-09-26,C05372,PK02,AG05,2,3,460,0.0,Completed,M-Pesa
BK-2024-02695,2024-08-12,2024-08-20,C05537,PK02,AG04,2,0,460,0.0,Completed,Card
BK-2024-02696,2024-08-13,2024-09-24,C00222,PK01,AG04,2,0,505,0.0,Cancelled,Bank Transfer
BK-2024-02697,2024-08-13,2024-08-28,C00301,PK06,AG00,1,0,1510,0.05,Completed,Card
BK-2024-02698,2024-08-13,2025-09-06,C00395,PK12,AG02,2,0,6070,0.0,Cancelled,PayPal
BK-2024-02699,2024-08-13,2024-09-30,C02864,PK01,AG04,2,0,505,0.1,Completed,M-Pesa
BK-2024-02700,2024-08-13,2024-11-26,C03095,PK07,AG02,2,0,2470,0.0,Completed,Bank Transfer
BK-2024-02701,2024-08-13,2025-02-22,C03664,PK06,AG09,1,0,1375,0.1,Completed,Card
BK-2024-02702,2024-08-13,2024-09-10,C03906,PK02,AG00,1,0,460,0.0,Completed,Card
BK-2024-02703,2024-08-13,2024-09-12,C04246,PK13,AG08,1,0,7485,0.0,Completed,Card
BK-2024-02704,2024-08-13,2024-08-22,C04379,PK11,AG00,2,1,4710,0.0,Completed ,Card
BK-2024-02705,2024-08-13,2024-10-04,C04379,PK08,AG11,2,1,1425,0.0,Completed ,Card
BK-2024-02706,2024-08-13,2024-09-21,C05035,PK03,AG05,2,1,650,,Completed,Bank Transfer
BK-2024-02707,2024-08-13,2024-10-27,C05787,PK18,AG04,8,0,6280,0.1,Completed,Card
BK-2024-02708,2024-08-14,2024-09-05,C01173,PK03,AG02,2,0,650,0.0,Cancelled,Bank Transfer
BK-2024-02709,2024-08-14,2024-09-22,C01460,PK01,AG07,1,0,505,0.0,Completed,Card
BK-2024-02710,2024-08-14,2025-01-12,C01685,PK07,AG00,1,0,2975,0.05,Completed,Bank Transfer
BK-2024-02711,2024-08-14,2024-09-02,C01918,PK02,AG03,6,0,460,0.0,Completed,PayPal
BK-2024-02712,2024-08-14,2024-09-08,C01964,PK03,AG01,2,1,650,0.0,Completed,Bank Transfer
BK-2024-02713,2024-08-14,2024-09-08,C02568,PK03,AG00,2,0,650,0.0,Completed,Card
BK-2024-02714,2024-08-14,2025-09-03,C02660,PK13,AG07,2,0,7845,0.05,Completed,Card
BK-2024-02715,2024-08-14,2024-09-10,C02782,PK06,AG01,2,1,1510,0.0,Completed,M-Pesa
BK-2024-02716,2024-08-14,2025-07-06,C03649,PK18,AG04,4,0,6580,0.0,Completed,Bank Transfer
BK-2024-02717,2024-08-14,2024-09-09,C04241,PK02,AG00,7,0,460,0.0,Completed,M-Pesa
BK-2024-02718,2024-08-14,2024-10-13,C04298,PK01,AG00,2,0,505,0.1,Completed ,Card
BK-2024-02719,2024-08-14,2024-08-27,C04854,PK02,AG00,2,1,460,0.0,Completed,Card
BK-2024-02720,2024-08-14,2024-09-04,C04938,PK09,AG10,2,0,3140,0.0,Cancelled,Card
BK-2024-02721,2024-08-14,2024-08-26,C06285,PK10,AG01,2,3,1075,0.1,Completed,PayPal
BK-2024-02722,2024-08-14,2024-09-04,C06294,PK01,AG04,2,1,505,0.1,Completed,PayPal
BK-2024-02723,2024-08-14,2024-10-22,C06470,PK15,AG07,2,0,4710,0.0,Completed,Card
BK-2024-02724,2024-08-15,2024-10-13,C01058,PK14,AG02,1,0,4950,0.0,Completed,Card
BK-2024-02725,2024-08-15,2024-10-23,C01413,PK11,AG02,2,2,4710,0.1,Completed,Bank Transfer
BK-2024-02726,2024-08-15,2024-09-06,C02182,PK05,AG11,2,0,940,0.0,Completed,Bank Transfer
BK-2024-02727,2024-08-15,2024-12-09,C02942,PK15,AG02,2,0,4710,0.05,completed,PayPal
BK-2024-02728,2024-08-15,2024-11-26,C03031,PK06,AG00,2,0,1310,0.0,Completed,M-Pesa
BK-2024-02729,2024-08-15,2024-10-14,C03095,PK13,AG00,2,0,7485,0.0,Completed,Card
BK-2024-02730,2024-08-15,2024-10-07,C03433,PK05,AG10,2,2,940,0.15,Completed,Card
BK-2024-02731,2024-08-15,2024-09-20,C03637,PK08,AG08,2,2,1425,0.0,Completed,Card
BK-2024-02732,2024-08-15,2024-09-12,C03675,PK03,AG04,2,0,650,0.0,Completed,Bank Transfer
BK-2024-02732,2024-08-15,2024-09-12,C03675,PK03,AG04,2,0,650,0.0,Completed,Bank Transfer
BK-2024-02733,2024-08-15,2024-09-22,C04467,PK06,AG05,2,0,1510,0.0,Completed,Card
BK-2024-02734,2024-08-15,2025-03-04,C05862,PK12,AG05,1,0,5280,0.0,Completed,Card
BK-2024-02735,2024-08-15,2024-11-23,C06042,PK10,AG00,2,0,935,0.0,Completed,Card
BK-2024-02736,2024-08-15,2024-09-17,C06050,PK04,AG01,6,0,605,0.1,Completed,M-Pesa
BK-2024-02737,2024-08-15,2024-08-24,C06220,PK01,AG04,2,3,505,0.05,Completed,Card
BK-2024-02738,2024-08-15,2024-09-20,C06251,PK02,AG00,6,0,460,0.1,COMPLETED,PayPal
BK-2024-02739,2024-08-16,2024-08-28,C00360,PK04,AG07,2,1,605,0.0,COMPLETED,Card
BK-2024-02740,2024-08-16,2024-09-25,C00885,PK02,AG00,5,0,460,0.1,Completed,Bank Transfer
BK-2024-02741,2024-08-16,2024-10-28,C00904,PK18,AG02,8,0,6280,0.1,Completed,Bank Transfer
BK-2024-02742,2024-08-16,2024-08-28,C02086,PK04,AG03,7,0,605,0.0,cancelled,M-Pesa
BK-2024-02743,2024-08-16,2024-09-04,C02164,PK04,AG07,4,0,605,0.0,Completed,Bank Transfer
BK-2024-02744,2024-08-16,2024-08-28,C02490,PK06,AG07,2,0,1510,0.1,Completed,Card
BK-2024-02745,2024-08-16,2025-07-08,C02808,PK14,AG05,4,0,5185,0.05,Completed,Card
BK-2024-02746,2024-08-16,2024-09-20,C03096,PK07,AG00,2,1,2840,0.1,Completed,Card
BK-2024-02747,2024-08-16,2024-09-02,C03636,PK02,AG13,10,0,460,0.05,Completed,Card
BK-2024-02748,2024-08-16,2024-09-17,C04325,PK16,AG01,1,0,5555,0.05,Completed,Bank Transfer
BK-2024-02749,2024-08-16,2024-10-25,C04350,PK05,AG01,2,0,940,0.0,Completed,Card
BK-2024-02750,2024-08-16,2024-11-04,C05533,PK12,AG02,2,3,5040,0.1,Completed,Card
BK-2024-02751,2024-08-16,2024-09-14,C05833,PK03,AG00,9,0,650,0.1,Completed,Card
BK-2024-02752,2024-08-16,2024-09-04,C06116,PK13,AG00,2,0,7485,0.05,Completed,M-Pesa
BK-2024-02753,2024-08-16,2024-08-31,C06374,PK04,AG02,2,0,605,0.0,Completed,PayPal
BK-2024-02754,2024-08-17,2024-09-22,C00218,PK01,AG00,8,0,505,0.0,completed,M-Pesa
BK-2024-02755,2024-08-17,2024-12-05,C00394,PK06,AG02,2,2,1510,0.0,Completed,Card
BK-2024-02756,2024-08-17,2024-12-16,C00434,PK18,AG07,2,3,6280,0.05,Completed,Card
BK-2024-02757,2024-08-17,2025-01-10,C01695,PK14,AG02,2,0,5185,0.05,Completed,Bank Transfer
BK-2024-02758,2024-08-17,2024-08-25,C01719,PK03,AG07,2,0,650,0.0,Completed,Bank Transfer
BK-2024-02759,2024-08-17,2024-10-10,C02145,PK02,AG02,7,0,460,0.1,Completed ,Card
BK-2024-02760,2024-08-17,2024-09-03,C02399,PK02,AG08,6,0,460,0.1,Completed,Card
BK-2024-02761,2024-08-17,2024-09-12,C02503,PK09,AG04,2,2,3140,0.1,Completed,Bank Transfer
BK-2024-02762,2024-08-17,2024-12-17,C03334,PK11,AG04,2,3,4710,0.0,Completed,Card
BK-2024-02763,2024-08-17,2024-12-09,C03452,PK10,AG02,2,0,1075,0.15,Completed,Card
BK-2024-02764,2024-08-17,2024-10-24,C04065,PK10,AG03,2,2,1075,0.0,completed,Bank Transfer
BK-2024-02765,2024-08-17,2025-01-04,C04069,PK14,AG00,2,1,5185,0.0,Completed,Bank Transfer
BK-2024-02766,2024-08-17,2024-09-13,C04310,PK01,AG03,2,0,505,0.05,Completed ,Bank Transfer
BK-2024-02767,2024-08-17,2024-09-16,C04462,PK04,AG00,2,3,605,0.05,Completed,M-Pesa
BK-2024-02768,2024-08-17,2024-12-21,C05878,PK18,AG00,2,0,6280,0.0,Completed,Card
BK-2024-02769,2024-08-17,2025-01-25,C06051,PK16,AG04,2,0,5820,0.0,Cancelled,Bank Transfer
BK-2024-02770,2024-08-18,2024-12-08,C00022,PK12,AG00,2,1,5795,0.0,Completed,Card
BK-2024-02771,2024-08-18,2024-08-28,C00107,PK10,AG01,12,0,1075,0.05,Completed,Bank Transfer
BK-2024-02772,2024-08-18,2025-01-03,C01097,PK06,AG04,2,0,1580,0.0,Completed,Card
BK-2024-02773,2024-08-18,2025-01-27,C01370,PK08,AG02,2,0,1495,,Completed,Bank Transfer
BK-2024-02774,2024-08-18,2024-09-09,C01467,PK02,AG06,9,0,460,0.05,COMPLETED,Card
BK-2024-02775,2024-08-18,2024-09-07,C01583,PK12,AG00,2,0,5795,0.0,COMPLETED,Card
BK-2024-02776,2024-08-18,2024-09-24,C02005,PK06,AG06,2,0,1510,0.15,Completed,PayPal
BK-2024-02777,2024-08-18,2024-10-12,C02095,PK07,AG00,2,0,2840,0.0,Completed,Card
BK-2024-02778,2024-08-18,2024-11-06,C03573,PK12,AG10,2,0,5040,0.0,COMPLETED,Bank Transfer
BK-2024-02779,2024-08-18,2024-09-19,C04035,PK06,AG03,2,0,1510,0.15,Completed,Card
BK-2024-02780,2024-08-18,2024-09-27,C04855,PK07,AG00,5,0,2840,0.05,Completed,Bank Transfer
BK-2024-02781,2024-08-18,2024-10-08,C05416,PK05,AG00,2,1,940,0.0,Completed,Bank Transfer
BK-2024-02782,2024-08-19,2024-08-27,C00211,PK02,AG10,2,0,460,0.05,Completed,M-Pesa
BK-2024-02783,2024-08-19,2024-10-24,C00964,PK06,AG00,2,1,1510,0.0,completed,Card
BK-2024-02784,2024-08-19,2025-01-10,C01819,PK14,AG00,5,0,5185,0.05,Completed,Bank Transfer
BK-2024-02785,2024-08-19,2024-12-05,C02864,PK14,AG05,2,0,4950,0.05,Completed,Bank Transfer
BK-2024-02786,2024-08-19,2024-09-03,C02969,PK06,AG04,2,0,1510,0.0,Completed,PayPal
BK-2024-02787,2024-08-19,2024-08-28,C03529,PK05,AG04,2,1,940,0.0,Completed,PayPal
BK-2024-02788,2024-08-19,2025-09-24,C04054,PK15,AG08,2,0,4935,0.0,Completed,Bank Transfer
BK-2024-02789,2024-08-19,2024-09-14,C04315,PK06,AG04,2,0,1510,0.0,Completed,M-Pesa
BK-2024-02790,2024-08-19,2024-10-26,C05020,PK18,AG03,2,0,6280,0.05,Completed,Card
BK-2024-02791,2024-08-19,2024-09-19,C06018,PK09,AG06,2,0,3140,0.1,Completed,Card
BK-2024-02792,2024-08-20,2024-10-24,C00392,PK04,AG13,7,0,605,0.0,Completed,Bank Transfer
BK-2024-02793,2024-08-20,2024-10-24,C00519,PK02,AG06,2,1,460,0.05,Completed,Card
BK-2024-02794,2024-08-20,2024-12-12,C00779,PK10,AG02,2,0,1075,0.0,Completed,M-Pesa
BK-2024-02795,2024-08-20,2024-09-21,C01363,PK04,AG03,2,3,605,0.0,Cancelled,Card
BK-2024-02796,2024-08-20,2024-09-30,C01452,PK12,AG04,2,0,5795,0.0,Completed,M-Pesa
BK-2024-02797,2024-08-20,2024-10-03,C01865,PK07,AG07,4,0,2840,0.15,Completed,Card
BK-2024-02798,2024-08-20,2024-08-28,C01941,PK06,AG00,1,0,1510,0.0,Completed,PayPal
BK-2024-02799,2024-08-20,2024-11-27,C02467,PK11,AG11,2,2,4095,0.0,Completed,Card
BK-2024-02800,2024-08-20,2024-09-14,C03346,PK01,AG00,4,0,505,0.1,Completed,Bank Transfer
BK-2024-02801,2024-08-20,2024-09-06,C03722,PK01,AG01,2,0,505,0.0,Completed,M-Pesa
BK-2024-02802,2024-08-20,2024-10-10,C03762,PK07,AG08,1,0,2840,0.0,Completed,Bank Transfer
BK-2024-02803,2024-08-20,2024-09-06,C03829,PK07,AG00,2,0,2840,0.0,Completed,PayPal
BK-2024-02804,2024-08-20,2024-12-02,C04161,PK18,AG11,8,0,6280,0.0,Completed,Bank Transfer
BK-2024-02805,2024-08-20,2024-09-06,C04304,PK01,AG00,2,2,505,0.1,Completed,PayPal
BK-2024-02806,2024-08-20,2024-09-03,C04668,PK02,AG04,2,0,460,0.1,Completed,Card
BK-2024-02807,2024-08-20,2025-08-06,C04722,PK14,AG01,2,0,5185,0.05,Completed,Card
BK-2024-02808,2024-08-20,2024-09-07,C05858,PK05,AG00,2,0,940,0.0,Completed,M-Pesa
BK-2024-02809,2024-08-20,2024-11-10,C05973,PK07,AG05,5,0,2470,0.0,Completed,M-Pesa
BK-2024-02810,2024-08-21,2025-02-05,C00164,PK12,AG08,2,0,5280,0.0,Completed,Bank Transfer
BK-2024-02811,2024-08-21,2024-09-11,C00168,PK02,AG02,2,0,460,0.0,Completed,M-Pesa
BK-2024-02812,2024-08-21,2024-10-21,C00232,PK02,AG00,2,0,460,0.0,Completed,Bank Transfer
BK-2024-02813,2024-08-21,2024-08-24,C00261,PK01,AG05,2,3,505,0.05,Completed,Card
BK-2024-02814,2024-08-21,2024-09-09,C00797,PK11,AG04,8,0,4710,0.0,Completed,Bank Transfer
BK-2024-02815,2024-08-21,2025-01-06,C01815,PK13,AG00,2,0,7845,0.0,Completed,Bank Transfer
BK-2024-02816,2024-08-21,2024-09-19,C02001,PK03,AG00,9,0,650,0.1,Completed,Card
BK-2024-02817,2024-08-21,2024-09-01,C02137,PK02,AG00,8,0,460,0.05,Completed,Card
BK-2024-02818,2024-08-21,2025-06-01,C02405,PK12,AG06,2,0,5280,0.0,Cancelled,Bank Transfer
BK-2024-02819,2024-08-21,2025-03-03,C02722,PK16,AG07,2,0,5060,0.0,Completed,Card
BK-2024-02820,2024-08-21,2024-09-18,C03148,PK03,AG00,5,0,650,0.1,Completed,M-Pesa
BK-2024-02821,2024-08-21,2024-11-28,C03177,PK09,AG03,2,0,2730,0.05,completed,Bank Transfer
BK-2024-02822,2024-08-21,2024-10-21,C03433,PK01,AG06,2,3,505,0.0,Completed,Card
BK-2024-02823,2024-08-21,2024-09-27,C03762,PK13,AG00,1,0,7485,0.0,completed,M-Pesa
BK-2024-02824,2024-08-21,2024-10-02,C03798,PK10,AG00,2,3,1075,0.05,Completed,Bank Transfer
BK-2024-02825,2024-08-21,2024-12-03,C04109,PK17,AG00,1,0,11835,0.1,Completed,Card
BK-2024-02826,2024-08-21,2024-12-05,C04661,PK10,AG07,2,0,1075,0.1,Completed,Bank Transfer
BK-2024-02827,2024-08-21,2024-10-04,C04729,PK01,AG02,2,0,505,0.05,Completed,Bank Transfer
BK-2024-02828,2024-08-21,2024-09-08,C04946,PK05,AG00,2,1,940,0.0,Completed,Card
BK-2024-02829,2024-08-21,2024-11-22,C05704,PK09,AG08,2,0,2730,0.1,Completed,M-Pesa
BK-2024-02830,2024-08-21,2024-09-18,C06233,PK08,AG00,2,0,1425,0.0,Completed,Card
BK-2024-02831,2024-08-22,2024-09-02,C00174,PK03,AG00,8,0,650,0.1,Completed,Bank Transfer
BK-2024-02832,2024-08-22,2024-12-18,C00359,PK16,AG01,2,1,5555,0.0,Completed,Bank Transfer
BK-2024-02833,2024-08-22,2024-11-19,C00836,PK07,AG06,2,3,2470,0.0,Completed,Card
BK-2024-02834,2024-08-22,2024-09-05,C00905,PK11,AG11,2,1,4710,0.1,Completed,PayPal
BK-2024-02835,2024-08-22,2024-10-29,C01077,PK15,AG01,2,3,4710,0.1,Completed,Card
BK-2024-02836,2024-08-22,2025-01-11,C01097,PK15,AG01,2,0,4935,0.0,Completed,M-Pesa
BK-2024-02837,2024-08-22,2024-10-19,C01192,PK13,AG03,2,1,7485,0.0,Completed,Card
BK-2024-02838,2024-08-22,2024-09-08,C01358,PK05,AG07,2,0,940,0.0,Completed,Bank Transfer
BK-2024-02839,2024-08-22,2024-09-26,C01513,PK04,AG08,2,1,605,0.05,Completed,Card
BK-2024-02840,2024-08-22,2024-09-18,C01661,PK08,AG07,8,0,1425,0.0,Completed,Bank Transfer
BK-2024-02841,2024-08-22,2024-10-28,C01884,PK03,AG10,6,0,650,0.05,Completed,M-Pesa
BK-2024-02842,2024-08-22,2024-09-13,C02123,PK04,AG01,1,0,605,0.15,Completed,M-Pesa
BK-2024-02843,2024-08-22,2024-11-11,C02780,PK06,AG00,1,0,1310,0.0,Completed,PayPal
BK-2024-02844,2024-08-22,2024-09-20,C03685,PK09,AG09,2,0,3140,0.05,Completed,PayPal
BK-2024-02845,2024-08-22,2024-09-26,C04332,PK06,AG02,2,0,1510,0.0,Completed,PayPal
BK-2024-02846,2024-08-22,2024-12-06,C06031,PK16,AG00,6,0,5555,0.1,Completed,Card
BK-2024-02847,2024-08-23,2024-09-09,C01245,PK11,AG03,1,0,4710,0.05,Completed,Card
BK-2024-02848,2024-08-23,2024-09-25,C02081,PK06,AG00,2,0,1510,0.05,Completed,Card
BK-2024-02849,2024-08-23,2024-11-09,C02563,PK06,AG12,7,0,1310,0.1,Completed,M-Pesa
BK-2024-02850,2024-08-23,2024-11-25,C02972,PK06,AG02,2,0,1310,,Completed,PayPal
BK-2024-02851,2024-08-23,2024-09-19,C02983,PK15,AG06,5,0,4710,0.1,Completed,M-Pesa
BK-2024-02852,2024-08-23,2024-10-12,C03000,PK09,AG11,2,2,3140,0.0,Completed,Bank Transfer
BK-2024-02853,2024-08-23,2024-11-13,C03209,PK01,AG00,1,0,440,0.05,Completed,Bank Transfer
BK-2024-02854,2024-08-23,2024-10-17,C05078,PK12,AG00,4,0,5795,0.1,Completed,PayPal
BK-2024-02855,2024-08-23,2025-03-21,C05517,PK12,AG00,2,0,5280,0.0,Completed,PayPal
BK-2024-02856,2024-08-23,2024-08-30,C05853,PK01,AG04,2,0,505,0.1,Completed,M-Pesa
BK-2024-02857,2024-08-23,2024-10-04,C06407,PK11,AG00,1,0,4710,0.0,Completed,Bank Transfer
BK-2024-02858,2024-08-24,2024-12-06,C00039,PK18,AG00,2,0,6280,0.0,Completed,Card
BK-2024-02859,2024-08-24,2024-09-06,C00446,PK02,AG03,2,0,460,0.0,Completed,PayPal
BK-2024-02860,2024-08-24,2025-01-16,C00769,PK06,AG11,2,0,1580,0.0,Completed,Card
BK-2024-02861,2024-08-24,2024-09-16,C01202,PK09,AG01,2,0,3140,0.0,completed,M-Pesa
BK-2024-02862,2024-08-24,2024-09-27,C01833,PK01,AG02,1,0,505,0.05,cancelled,Card
BK-2024-02863,2024-08-24,2024-10-10,C02548,PK03,AG04,2,0,650,0.0,Completed,Card
BK-2024-02864,2024-08-24,2024-10-09,C02930,PK10,AG03,2,2,1075,0.0,Completed,Card
BK-2024-02865,2024-08-24,2024-10-13,C03377,PK14,AG01,2,3,4950,0.05,Cancelled,Card
BK-2024-02866,2024-08-24,2024-09-16,C05375,PK05,AG13,6,0,940,0.1,Completed,M-Pesa
BK-2024-02867,2024-08-24,2024-12-17,C06213,PK13,AG01,2,0,7485,0.1,Completed,Bank Transfer
BK-2024-02868,2024-08-24,2024-12-30,C06227,PK12,AG11,6,0,5795,0.05,Completed,Bank Transfer
BK-2024-02869,2024-08-24,2024-09-22,C06489,PK04,AG13,6,0,605,0.0,Cancelled,Bank Transfer
BK-2024-02870,2024-08-25,2025-06-05,C00259,PK12,AG00,2,1,5280,0.0,Completed,Card
BK-2024-02871,2024-08-25,2025-07-16,C00276,PK18,AG03,2,0,6580,0.05,Completed,Bank Transfer
BK-2024-02872,2024-08-25,2024-09-14,C00531,PK03,AG02,1,0,650,0.0,Completed,Bank Transfer
BK-2024-02873,2024-08-25,2024-10-05,C00565,PK06,AG10,2,0,1510,0.15,Completed,Bank Transfer
BK-2024-02874,2024-08-25,2025-01-30,C00701,PK12,AG07,2,0,6070,0.0,Completed ,Card
BK-2024-02875,2024-08-25,2024-09-09,C00786,PK02,AG00,1,0,460,0.1,Completed,PayPal
BK-2024-02876,2024-08-25,2024-10-02,C01563,PK02,AG04,2,0,460,0.0,COMPLETED,PayPal
BK-2024-02877,2024-08-25,2024-10-25,C02439,PK06,AG08,1,0,1510,0.0,cancelled,M-Pesa
BK-2024-02878,2024-08-25,2024-12-19,C03196,PK12,AG06,2,3,5795,0.0,Completed,Card
BK-2024-02879,2024-08-25,2024-09-20,C03224,PK03,AG09,2,0,650,0.15,Completed,Card
BK-2024-02880,2024-08-25,2024-10-12,C03552,PK11,AG01,2,0,4710,0.0,Completed,M-Pesa
BK-2024-02881,2024-08-25,2025-01-10,C05557,PK16,AG05,9,0,5820,0.0,Completed,Card
BK-2024-02882,2024-08-25,2024-10-02,C05607,PK06,AG12,3,0,1510,0.05,Completed,Bank Transfer
BK-2024-02883,2024-08-25,2024-10-26,C05825,PK06,AG00,2,0,1510,0.05,Completed,Card
BK-2024-02884,2024-08-25,2024-11-26,C06051,PK12,AG02,2,0,5040,0.0,Completed,Card
BK-2024-02885,2024-08-26,2024-09-27,C00323,PK03,AG02,5,0,650,0.1,Canceled,Bank Transfer
BK-2024-02886,2024-08-26,2025-01-01,C02237,PK07,AG05,1,0,2975,0.0,Cancelled,Card
BK-2024-02887,2024-08-26,2025-01-22,C02386,PK12,AG03,6,0,6070,0.0,Completed,PayPal
BK-2024-02888,2024-08-26,2024-09-18,C02729,PK03,AG00,1,0,650,0.0,Completed,Card
BK-2024-02889,2024-08-26,2024-09-25,C02736,PK01,AG04,8,0,505,0.1,cancelled,Bank Transfer
BK-2024-02890,2024-08-26,2024-09-21,C02798,PK13,AG00,1,0,7485,0.0,Completed,Card
BK-2024-02891,2024-08-26,2024-12-07,C03062,PK09,AG11,5,0,3140,0.0,Completed,M-Pesa
BK-2024-02892,2024-08-26,2024-09-28,C03525,PK06,AG04,2,1,1510,0.05,Completed,Card
BK-2024-02893,2024-08-26,2024-10-07,C03614,PK09,AG02,1,0,3140,0.1,Completed,Bank Transfer
BK-2024-02894,2024-08-26,2024-09-15,C03665,PK05,AG07,2,0,940,0.0,Completed,Bank Transfer
BK-2024-02895,2024-08-26,2024-10-16,C04212,PK03,AG03,5,0,650,0.1,Completed,Card
BK-2024-02896,2024-08-26,2024-09-10,C04351,PK07,AG13,4,0,2840,0.1,Completed,PayPal
BK-2024-02897,2024-08-26,2024-08-29,C04762,PK05,AG02,2,3,940,0.0,Completed,Card
BK-2024-02898,2024-08-26,2024-09-17,C05548,PK13,AG00,2,0,7485,0.0,Canceled,Bank Transfer
BK-2024-02899,2024-08-26,2024-12-09,C05930,PK13,AG00,2,3,7485,0.0,Completed,PayPal
BK-2024-02900,2024-08-26,2024-10-24,C06317,PK03,AG04,1,0,650,0.1,Completed,PayPal
BK-2024-02901,2024-08-26,2024-10-27,C06408,PK06,AG07,2,0,1510,0.0,Completed,M-Pesa
BK-2024-02902,2024-08-27,2024-09-14,C00482,PK02,AG00,1,0,460,0.0,Completed,M-Pesa
BK-2024-02903,2024-08-27,2024-09-25,C00602,PK08,AG03,2,0,1425,0.0,Completed,Card
BK-2024-02904,2024-08-27,2024-09-10,C00607,PK03,AG11,2,0,650,0.05,Completed,Card
BK-2024-02905,2024-08-27,2024-10-21,C00779,PK07,AG03,2,0,2840,0.0,Canceled,M-Pesa
BK-2024-02906,2024-08-27,2024-09-30,C01145,PK05,AG03,8,0,940,0.05,Completed,Card
BK-2024-02907,2024-08-27,2024-09-12,C01649,PK02,AG02,2,3,460,0.1,Completed,M-Pesa
BK-2024-02908,2024-08-27,2025-07-21,C02770,PK13,AG00,2,3,7845,0.0,Completed,Card
BK-2024-02909,2024-08-27,2024-09-17,C03686,PK01,AG08,2,0,505,0.0,Completed,Card
BK-2024-02910,2024-08-27,2024-12-10,C04624,PK15,AG05,2,1,4710,0.0,Completed,Card
BK-2024-02911,2024-08-27,2024-10-31,C04708,PK02,AG00,4,0,460,0.1,Completed,Card
BK-2024-02912,2024-08-28,2024-12-04,C00097,PK14,AG00,2,0,4950,0.0,Completed,Bank Transfer
BK-2024-02913,2024-08-28,2024-10-01,C00289,PK11,AG00,2,0,4710,0.0,Completed,Bank Transfer
BK-2024-02914,2024-08-28,2024-09-08,C00967,PK06,AG03,4,0,1510,,Completed,Card
BK-2024-02915,2024-08-28,2024-10-03,C01046,PK07,AG01,4,0,2840,0.1,Completed,PayPal
BK-2024-02916,2024-08-28,2024-11-13,C01211,PK18,AG02,2,2,5460,0.1,Completed,Card
BK-2024-02917,2024-08-28,2024-12-21,C01224,PK17,AG01,2,3,11835,0.0,Completed,Card
BK-2024-02918,2024-08-28,2024-09-10,C01261,PK02,AG05,2,0,460,0.0,Canceled,Card
BK-2024-02919,2024-08-28,2024-12-12,C01391,PK06,AG02,7,0,1510,0.05,Canceled,Bank Transfer
BK-2024-02920,2024-08-28,2024-12-01,C02258,PK09,AG00,2,0,3140,0.0,Completed,Card
BK-2024-02921,2024-08-28,2024-09-13,C02406,PK05,AG01,7,0,940,0.1,completed,Card
BK-2024-02922,2024-08-28,2024-09-25,C02612,PK01,AG03,1,0,505,0.0,cancelled,PayPal
BK-2024-02923,2024-08-28,2025-02-13,C03268,PK09,AG03,2,0,2860,0.15,Completed,Card
BK-2024-02924,2024-08-28,2024-09-28,C03807,PK12,AG10,1,0,5795,0.05,Completed,Bank Transfer
BK-2024-02925,2024-08-28,2025-02-03,C03957,PK13,AG13,9,0,6820,0.05,Completed,Bank Transfer
BK-2024-02926,2024-08-28,2024-12-06,C04109,PK07,AG01,1,0,2840,0.0,Completed,Bank Transfer
BK-2024-02927,2024-08-28,2025-01-28,C04208,PK17,AG08,2,0,12395,0.0,Completed,Card
BK-2024-02928,2024-08-28,2024-10-13,C04902,PK01,AG05,2,0,505,0.1,Completed,PayPal
BK-2024-02929,2024-08-28,2024-10-06,C04922,PK12,AG04,1,0,5795,0.0,Completed,Card
BK-2024-02930,2024-08-28,2025-01-28,C05630,PK15,AG00,8,0,4935,0.1,Completed,Bank Transfer
BK-2024-02931,2024-08-28,2024-10-29,C05677,PK14,AG00,2,1,4950,0.05,Completed,Card
BK-2024-02932,2024-08-29,2024-09-14,C00504,PK02,AG02,9,0,460,0.1,Completed,Card
BK-2024-02933,2024-08-29,2024-10-06,C00529,PK14,AG03,9,0,4950,0.0,Completed,Card
BK-2024-02934,2024-08-29,2024-10-21,C00845,PK11,AG11,2,0,4710,0.1,Completed,Card
BK-2024-02935,2024-08-29,2024-10-26,C00908,PK09,AG08,2,0,3140,0.1,COMPLETED,Bank Transfer
BK-2024-02936,2024-08-29,2024-09-01,C01349,PK05,AG02,9,0,940,0.1,Completed,Card
BK-2024-02937,2024-08-29,2024-09-11,C01496,PK07,AG06,2,1,2840,0.0,Completed,M-Pesa
BK-2024-02938,2024-08-29,2024-10-25,C01832,PK03,AG06,2,0,650,0.15,Completed,Card
BK-2024-02939,2024-08-29,2024-10-02,C01859,PK03,AG10,2,0,650,0.0,Completed,M-Pesa
BK-2024-02940,2024-08-29,2024-12-28,C01925,PK06,AG00,2,0,1510,0.05,Completed,Bank Transfer
BK-2024-02941,2024-08-29,2024-09-26,C02967,PK09,AG00,2,0,3140,0.0,Completed,Bank Transfer
BK-2024-02942,2024-08-29,2024-10-16,C02993,PK06,AG00,2,0,1510,0.0,Completed,Bank Transfer
BK-2024-02943,2024-08-29,2024-10-07,C04013,PK06,AG07,2,1,1510,0.05,Completed,Card
BK-2024-02944,2024-08-29,2024-09-26,C04241,PK03,AG10,5,0,650,,Completed,Card
BK-2024-02945,2024-08-29,2024-09-22,C04677,PK01,AG03,2,2,505,,Cancelled,M-Pesa
BK-2024-02946,2024-08-29,2024-10-13,C04690,PK01,AG00,5,0,505,0.1,Completed ,Card
BK-2024-02947,2024-08-29,2025-01-06,C04928,PK15,AG02,1,0,4935,0.1,Completed ,Card
BK-2024-02948,2024-08-30,2024-09-18,C00357,PK13,AG09,2,1,7485,0.05,completed,M-Pesa
BK-2024-02949,2024-08-30,2024-09-27,C01048,PK18,AG07,1,0,6280,0.0,Cancelled,Card
BK-2024-02950,2024-08-30,2024-12-22,C01587,PK07,AG03,2,0,2840,0.15,Completed,PayPal
BK-2024-02951,2024-08-30,2024-10-07,C01837,PK02,AG06,5,0,460,0.05,Completed ,PayPal
BK-2024-02952,2024-08-30,2024-10-05,C01935,PK09,AG06,6,0,3140,0.05,Completed,PayPal
BK-2024-02953,2024-08-30,2025-03-04,C02338,PK08,AG01,4,0,1300,0.1,Completed,Card
BK-2024-02954,2024-08-30,2024-10-31,C02442,PK09,AG00,1,0,3140,0.0,Completed,M-Pesa
BK-2024-02955,2024-08-30,2024-10-09,C02843,PK03,AG12,4,0,650,0.1,Completed,M-Pesa
BK-2024-02956,2024-08-30,2025-03-19,C03037,PK11,AG02,2,2,4290,0.0,Completed,Bank Transfer
BK-2024-02957,2024-08-30,2025-03-11,C04118,PK15,AG05,2,0,4290,,Canceled,Card
BK-2024-02958,2024-08-30,2024-09-24,C04808,PK03,AG00,1,0,650,0.1,Completed,Bank Transfer
BK-2024-02959,2024-08-31,2024-10-12,C00844,PK03,AG11,2,2,650,0.05,Completed,M-Pesa
BK-2024-02960,2024-08-31,2024-12-18,C01293,PK18,AG04,2,1,6280,,Completed,Card
BK-2024-02961,2024-08-31,2025-03-13,C01702,PK17,AG04,2,3,10780,0.1,Completed,M-Pesa
BK-2024-02962,2024-08-31,2024-09-12,C01746,PK08,AG01,1,0,1425,0.05,Completed,M-Pesa
BK-2024-02963,2024-08-31,2024-11-17,C02004,PK07,AG07,2,3,2470,0.1,Completed,M-Pesa
BK-2024-02964,2024-08-31,2024-09-29,C02723,PK02,AG12,7,0,460,0.0,Completed,Bank Transfer
BK-2024-02965,2024-08-31,2024-09-11,C02739,PK03,AG03,2,0,650,0.0,Completed,Card
BK-2024-02966,2024-08-31,2024-10-07,C04202,PK01,AG03,2,0,505,0.0,Completed ,PayPal
BK-2024-02967,2024-08-31,2025-02-28,C04762,PK17,AG03,2,2,10780,0.0,Completed,Card
BK-2024-02968,2024-08-31,2024-10-09,C06084,PK07,AG03,2,1,2840,0.05,Completed,Bank Transfer
BK-2024-02969,2024-08-31,2024-09-24,C06341,PK03,AG06,2,3,650,0.0,Completed,Card
BK-2024-02970,2024-09-01,2025-01-24,C00493,PK18,AG00,4,0,6580,0.1,Completed,Bank Transfer
BK-2024-02971,2024-09-01,2025-01-14,C00629,PK18,AG00,1,0,6580,0.1,Completed,Card
BK-2024-02972,2024-09-01,2024-10-07,C00842,PK07,AG06,2,0,2840,0.05,Completed,PayPal
BK-2024-02973,2024-09-01,2024-09-25,C01277,PK04,AG00,4,0,605,0.1,Completed,PayPal
BK-2024-02974,2024-09-01,2024-11-01,C01722,PK12,AG03,2,0,5040,0.1,Completed,Bank Transfer
BK-2024-02975,2024-09-01,2025-01-22,C03378,PK18,AG07,1,0,6580,0.0,Completed,PayPal
BK-2024-02976,2024-09-01,2024-09-12,C03482,PK05,AG01,6,0,940,0.05,Completed,M-Pesa
BK-2024-02977,2024-09-01,2024-10-04,C03870,PK11,AG11,2,0,4710,0.0,Canceled,Card
BK-2024-02978,2024-09-01,2024-09-22,C04199,PK02,AG10,2,3,460,0.0,Completed,Card
BK-2024-02979,2024-09-01,2024-11-01,C04632,PK12,AG11,8,0,5040,0.1,Completed,Bank Transfer
BK-2024-02980,2024-09-01,2024-09-15,C04837,PK13,AG04,2,0,7485,0.0,Completed,Card
BK-2024-02981,2024-09-01,2025-04-27,C04957,PK12,AG01,2,3,5280,,Completed,M-Pesa
BK-2024-02982,2024-09-01,2024-10-06,C05116,PK07,AG03,2,0,2840,0.0,Cancelled,Bank Transfer
BK-2024-02983,2024-09-01,2024-10-08,C05183,PK07,AG03,2,0,2840,0.0,Completed,Card
BK-2024-02984,2024-09-01,2024-11-25,C05549,PK06,AG00,9,0,1310,0.1,Completed,Bank Transfer
BK-2024-02985,2024-09-01,2024-12-25,C05716,PK18,AG06,2,0,6280,0.0,Completed,Bank Transfer
BK-2024-02986,2024-09-01,2025-06-20,C05777,PK13,AG08,6,0,6820,0.15,Completed,Bank Transfer
BK-2024-02987,2024-09-01,2024-12-30,C05945,PK07,AG09,2,0,2840,0.15,Completed,Bank Transfer
BK-2024-02988,2024-09-01,2024-12-02,C06378,PK15,AG09,1,0,4710,0.0,Completed,PayPal
BK-2024-02989,2024-09-02,2024-10-14,C00105,PK12,AG00,5,0,5795,0.1,Completed,Card
BK-2024-02990,2024-09-02,2024-09-06,C00582,PK05,AG00,5,0,940,0.05,Completed,Bank Transfer
BK-2024-02991,2024-09-02,2024-09-08,C01217,PK02,AG09,4,0,460,0.1,Completed,M-Pesa
BK-2024-02992,2024-09-02,2024-09-20,C01709,PK03,AG00,1,0,650,0.05,Completed,Card
BK-2024-02993,2024-09-02,2024-10-13,C02050,PK06,AG00,2,1,1510,0.15,Completed,PayPal
BK-2024-02994,2024-09-02,2025-01-02,C02744,PK08,AG00,2,0,1495,0.05,Completed,Card
BK-2024-02995,2024-09-02,2024-09-10,C03011,PK13,AG05,2,0,7485,0.0,Completed,M-Pesa
BK-2024-02996,2024-09-02,2024-10-18,C04676,PK03,AG00,1,0,650,0.0,Completed,M-Pesa
BK-2024-02997,2024-09-02,2025-01-17,C05314,PK18,AG01,2,0,6580,0.0,Completed,PayPal
BK-2024-02998,2024-09-02,2024-10-02,C05868,PK12,AG05,1,0,5795,0.0,Completed,Bank Transfer
BK-2024-02999,2024-09-02,2025-02-04,C05986,PK13,AG04,2,1,6820,0.0,Completed,Bank Transfer
BK-2024-03000,2024-09-02,2025-06-15,C06071,PK18,AG01,2,2,5720,0.0,Completed ,Card
BK-2024-03001,2024-09-02,2025-07-16,C06358,PK14,AG06,2,3,5185,0.0,Completed,Card
BK-2024-03002,2024-09-02,2024-10-11,C06400,PK06,AG03,2,0,1510,,Completed,Card
BK-2024-03003,2024-09-02,2024-09-28,C06412,PK06,AG13,12,0,1510,0.0,Completed,Card
BK-2024-03004,2024-09-03,2024-11-19,C00109,PK07,AG00,2,0,2470,0.15,Completed,Card
BK-2024-03005,2024-09-03,2024-10-01,C00295,PK03,AG01,5,0,650,0.1,Completed,Bank Transfer
BK-2024-03006,2024-09-03,2024-10-02,C01028,PK04,AG01,7,0,605,0.15,Completed,Bank Transfer
BK-2024-03007,2024-09-03,2024-09-24,C01227,PK10,AG04,11,0,1075,0.0,Completed,Bank Transfer
BK-2024-03008,2024-09-03,2024-09-18,C01449,PK16,AG02,2,2,5555,0.0,Completed,Bank Transfer
BK-2024-03009,2024-09-03,2024-11-03,C02947,PK07,AG03,2,0,2470,0.1,Completed,Bank Transfer
BK-2024-03010,2024-09-03,2024-12-17,C03691,PK16,AG09,2,3,5555,,Completed,Card
BK-2024-03011,2024-09-03,2024-09-21,C03880,PK06,AG00,2,3,1510,0.0,Cancelled ,Bank Transfer
BK-2024-03012,2024-09-03,2025-02-15,C04642,PK16,AG09,2,0,5060,0.1,Completed,Bank Transfer
BK-2024-03013,2024-09-03,2025-02-24,C05259,PK09,AG07,2,0,2860,0.0,Completed,M-Pesa
BK-2024-03014,2024-09-03,2024-09-21,C05971,PK02,AG08,2,0,460,0.1,Completed,M-Pesa
BK-2024-03015,2024-09-03,2024-12-11,C06389,PK09,AG09,2,3,3140,0.0,Cancelled,Bank Transfer
BK-2024-03016,2024-09-04,2025-07-18,C01128,PK12,AG00,2,0,6070,0.0,Completed,PayPal
BK-2024-03017,2024-09-04,2025-01-30,C01231,PK16,AG03,2,0,5820,0.15,Completed,Card
BK-2024-03018,2024-09-04,2024-11-19,C01435,PK05,AG03,2,3,820,0.05,Cancelled,Card
BK-2024-03019,2024-09-04,2024-09-23,C02070,PK01,AG01,2,0,505,0.0,Completed,M-Pesa
BK-2024-03020,2024-09-04,2024-09-13,C02916,PK03,AG02,2,1,650,0.0,Completed ,Bank Transfer
BK-2024-03021,2024-09-04,2024-10-06,C03809,PK05,AG00,2,3,940,0.1,Completed,Card
BK-2024-03022,2024-09-04,2025-07-29,C03882,PK12,AG13,4,0,6070,0.0,Completed,Bank Transfer
BK-2024-03023,2024-09-04,2024-10-31,C04569,PK05,AG00,2,0,940,0.0,Completed,Card
BK-2024-03024,2024-09-04,2024-12-07,C04853,PK18,AG04,1,0,6280,0.0,Cancelled,Bank Transfer
BK-2024-03025,2024-09-04,2025-03-23,C05034,PK13,AG00,1,0,6820,0.0,Completed,M-Pesa
BK-2024-03026,2024-09-04,2024-09-18,C05284,PK03,AG06,2,2,650,0.1,Completed,Bank Transfer
BK-2024-03027,2024-09-05,2024-10-09,C00030,PK17,AG05,2,0,11835,0.15,Completed,Bank Transfer
BK-2024-03028,2024-09-05,2024-10-14,C00178,PK03,AG02,1,0,650,0.05,completed,Bank Transfer
BK-2024-03029,2024-09-05,2024-09-18,C00803,PK04,AG06,2,2,605,0.0,Completed,M-Pesa
BK-2024-03030,2024-09-05,2024-11-14,C01003,PK09,AG05,2,1,2730,0.0,Completed,Card
BK-2024-03031,2024-09-05,2024-10-19,C01043,PK01,AG03,1,0,505,0.0,Completed,M-Pesa
BK-2024-03032,2024-09-05,2024-09-20,C01495,PK02,AG04,2,1,460,0.0,Completed,Bank Transfer
BK-2024-03033,2024-09-05,2024-10-22,C01549,PK01,AG12,12,0,505,0.05,Completed,Card
BK-2024-03034,2024-09-05,2024-10-28,C02361,PK12,AG00,1,0,5795,0.0,Completed,Bank Transfer
BK-2024-03035,2024-09-05,2024-09-20,C02738,PK06,AG00,1,0,1510,0.0,Completed,M-Pesa
BK-2024-03036,2024-09-05,2024-12-03,C04248,PK13,AG02,2,1,7485,0.0,Completed,Card
BK-2024-03037,2024-09-05,2024-10-13,C04255,PK14,AG05,2,0,4950,0.0,Completed ,PayPal
BK-2024-03038,2024-09-05,2024-10-03,C04399,PK01,AG00,11,0,505,0.0,Completed,Card
BK-2024-03039,2024-09-05,2024-09-21,C05241,PK04,AG03,2,1,605,0.05,Completed,Card
BK-2024-03040,2024-09-06,2025-04-05,C00352,PK17,AG02,6,0,10780,0.0,Completed,Card
BK-2024-03041,2024-09-06,2024-12-14,C00386,PK16,AG00,1,0,5555,0.0,Completed,Bank Transfer
BK-2024-03042,2024-09-06,2025-01-29,C00419,PK12,AG04,1,0,6070,0.0,Completed,Card
BK-2024-03043,2024-09-06,2024-10-20,C00888,PK18,AG13,8,0,6280,0.0,Completed,M-Pesa
BK-2024-03044,2024-09-06,2024-10-07,C01409,PK04,AG07,1,0,605,0.0,Completed,Card
BK-2024-03045,2024-09-06,2024-10-26,C01425,PK09,AG05,2,0,3140,0.1,Completed,Bank Transfer
BK-2024-03046,2024-09-06,2024-12-23,C02422,PK13,AG03,2,2,7485,0.0,Completed,PayPal
BK-2024-03047,2024-09-06,2025-08-11,C02560,PK12,AG00,2,0,6070,0.0,Completed,Card
BK-2024-03048,2024-09-06,2025-02-10,C03378,PK06,AG00,1,0,1375,0.0,Completed,Card
BK-2024-03049,2024-09-06,2024-09-19,C03807,PK15,AG10,1,0,4710,0.05,Completed,Bank Transfer
BK-2024-03050,2024-09-06,2024-10-25,C04075,PK07,AG00,2,0,2840,0.0,Completed,M-Pesa
BK-2024-03051,2024-09-06,2024-10-23,C04097,PK10,AG00,2,3,1075,0.15,Completed,Card
BK-2024-03052,2024-09-06,2024-10-21,C04657,PK01,AG12,3,0,505,0.0,Completed,Bank Transfer
BK-2024-03053,2024-09-06,2024-09-18,C06401,PK01,AG01,1,0,505,0.15,Completed,Card
BK-2024-03054,2024-09-07,2024-10-14,C00703,PK01,AG00,2,1,505,0.0,completed,PayPal
BK-2024-03055,2024-09-07,2024-11-03,C02079,PK09,AG04,2,0,2730,0.0,Completed,Card
BK-2024-03056,2024-09-07,2024-11-15,C02461,PK12,AG04,2,0,5040,0.05,Completed,Card
BK-2024-03057,2024-09-07,2025-01-03,C03019,PK17,AG02,2,1,12395,0.0,Completed,Card
BK-2024-03058,2024-09-07,2024-11-29,C03149,PK13,AG00,4,0,6510,0.1,Completed,Card
BK-2024-03059,2024-09-07,2024-11-14,C03287,PK01,AG00,4,0,440,0.0,Completed,Bank Transfer
BK-2024-03060,2024-09-07,2025-01-08,C03378,PK06,AG00,1,0,1580,0.15,Completed,Bank Transfer
BK-2024-03061,2024-09-07,2024-10-10,C03486,PK01,AG13,6,0,505,0.05,Cancelled ,Card
BK-2024-03062,2024-09-07,2025-01-04,C03855,PK07,AG01,2,1,2975,0.0,Completed,M-Pesa
BK-2024-03063,2024-09-07,2025-01-10,C04946,PK06,AG01,2,1,1580,0.0,Completed,PayPal
BK-2024-03064,2024-09-07,2024-11-30,C04961,PK18,AG06,6,0,5460,0.0,Completed,Card
BK-2024-03065,2024-09-07,2024-10-03,C05357,PK02,AG03,1,0,460,0.15,Completed,PayPal
BK-2024-03066,2024-09-07,2024-12-23,C05501,PK10,AG02,5,0,1075,0.1,Completed,Card
BK-2024-03067,2024-09-07,2024-10-17,C05720,PK06,AG03,7,0,1510,0.1,Cancelled,Bank Transfer
BK-2024-03068,2024-09-08,2025-02-05,C00499,PK06,AG06,2,2,1375,0.05,Completed,Card
BK-2024-03069,2024-09-08,2024-11-03,C00570,PK06,AG00,1,0,1310,0.0,Completed ,Bank Transfer
BK-2024-03070,2024-09-08,2026-01-14,C00864,PK14,AG00,2,1,5420,0.05,Completed,Bank Transfer
BK-2024-03071,2024-09-08,2024-09-19,C01658,PK04,AG00,2,0,605,0.0,Completed,Card
BK-2024-03072,2024-09-08,2025-01-29,C02421,PK16,AG02,2,0,5820,0.0,completed,Card
BK-2024-03073,2024-09-08,2024-10-16,C02471,PK02,AG03,2,0,460,0.0,Completed,PayPal
BK-2024-03074,2024-09-08,2024-10-20,C02591,PK01,AG00,2,0,505,0.0,Completed,Card
BK-2024-03075,2024-09-08,2024-11-05,C03051,PK18,AG00,6,0,5460,0.0,Completed ,Bank Transfer
BK-2024-03076,2024-09-08,2024-12-14,C03273,PK07,AG05,2,0,2840,0.0,Completed,M-Pesa
BK-2024-03077,2024-09-08,2024-10-19,C03314,PK07,AG05,2,0,2840,0.0,Completed,Bank Transfer
BK-2024-03078,2024-09-08,2024-10-09,C03402,PK02,AG10,2,1,460,0.0,Completed,Card
BK-2024-03079,2024-09-08,2025-04-30,C04711,PK15,AG06,1,0,4290,0.0,completed,Card
BK-2024-03080,2024-09-08,2024-09-28,C05319,PK15,AG11,1,0,4710,0.15,Completed,Card
BK-2024-03081,2024-09-08,2024-12-08,C05592,PK13,AG09,2,0,7485,0.1,Completed,M-Pesa
BK-2024-03082,2024-09-08,2024-09-21,C05627,PK04,AG03,1,0,605,0.1,Completed,Card
BK-2024-03083,2024-09-09,2024-10-29,C00690,PK03,AG02,7,0,650,0.1,Completed,Bank Transfer
BK-2024-03084,2024-09-09,2024-09-15,C01126,PK06,AG03,2,0,1510,0.1,Completed,M-Pesa
BK-2024-03085,2024-09-09,2025-01-04,C01684,PK12,AG00,6,0,6070,0.1,Completed,Bank Transfer
BK-2024-03086,2024-09-09,2024-09-26,C01801,PK04,AG05,2,3,605,0.0,Completed,Card
BK-2024-03087,2024-09-09,2024-10-08,C01901,PK06,AG00,2,0,1510,0.0,Completed,Card
BK-2024-03088,2024-09-09,2025-06-05,C02478,PK12,AG12,6,0,5280,0.1,completed,Bank Transfer
BK-2024-03089,2024-09-09,2024-12-20,C02574,PK13,AG07,1,0,7485,0.0,Completed,Card
BK-2024-03090,2024-09-09,2025-01-07,C03438,PK07,AG00,2,0,2975,0.05,Completed,Card
BK-2024-03091,2024-09-09,2024-11-02,C03658,PK08,AG03,2,2,1240,0.05,Completed,PayPal
BK-2024-03092,2024-09-09,2025-03-03,C04128,PK16,AG03,2,3,5060,0.15,Completed,Card
BK-2024-03093,2024-09-09,2024-09-19,C04267,PK16,AG12,10,0,5555,0.05,Completed,Card
BK-2024-03094,2024-09-09,2024-10-14,C05154,PK05,AG02,2,3,940,0.0,Canceled,Card
BK-2024-03095,2024-09-09,2024-10-04,C05265,PK01,AG04,5,0,505,0.05,Cancelled,Card
BK-2024-03096,2024-09-09,2025-03-28,C05442,PK15,AG13,7,0,4290,0.1,Completed,M-Pesa
BK-2024-03097,2024-09-10,2025-02-10,C00124,PK16,AG03,1,0,5060,0.1,Completed,Card
BK-2024-03098,2024-09-10,2024-10-12,C00799,PK06,AG07,2,0,1510,,completed,Card
BK-2024-03099,2024-09-10,2024-10-23,C01458,PK16,AG04,2,3,5555,0.0,Completed,Bank Transfer
BK-2024-03100,2024-09-10,2024-11-02,C01951,PK15,AG00,2,3,4095,0.15,Completed,Bank Transfer
BK-2024-03101,2024-09-10,2024-10-15,C02176,PK02,AG00,2,3,460,0.0,Completed,PayPal
BK-2024-03102,2024-09-10,2024-09-19,C02337,PK11,AG11,2,0,4710,0.0,Completed,Card
BK-2024-03103,2024-09-10,2024-09-17,C03077,PK03,AG12,8,0,650,0.1,Completed,Bank Transfer
BK-2024-03104,2024-09-10,2025-08-19,C03499,PK18,AG07,8,0,6580,0.0,Completed,PayPal
BK-2024-03105,2024-09-10,2024-11-06,C03563,PK01,AG02,2,0,440,0.1,Completed,Bank Transfer
BK-2024-03106,2024-09-10,2024-10-31,C03665,PK02,AG00,2,0,460,0.0,completed,PayPal
BK-2024-03107,2024-09-10,2024-10-13,C04248,PK10,AG00,2,3,1075,0.0,Completed,Card
BK-2024-03108,2024-09-10,2024-10-12,C04296,PK15,AG01,9,0,4710,0.1,Completed,Card
BK-2024-03109,2024-09-10,2024-11-18,C05129,PK18,AG00,2,0,5460,0.05,Completed,Bank Transfer
BK-2024-03110,2024-09-10,2024-10-16,C05726,PK07,AG00,1,0,2840,0.05,Completed,M-Pesa
BK-2024-03110,2024-09-10,2024-10-16,C05726,PK07,AG00,1,0,2840,0.05,Completed,M-Pesa
BK-2024-03111,2024-09-11,2024-10-05,C00092,PK02,AG05,1,0,460,0.0,Completed,Bank Transfer
BK-2024-03112,2024-09-11,2024-10-10,C00296,PK01,AG13,5,0,505,0.1,Completed,PayPal
BK-2024-03113,2024-09-11,2024-11-11,C00841,PK06,AG05,2,0,1310,0.0,Cancelled,Bank Transfer
BK-2024-03114,2024-09-11,2025-02-12,C01574,PK12,AG01,7,0,5280,0.1,Completed,Card
BK-2024-03115,2024-09-11,2024-11-06,C02140,PK10,AG07,2,1,935,0.15,Completed,Card
BK-2024-03116,2024-09-11,2025-01-26,C03047,PK16,AG00,2,0,5820,0.1,Completed,Card
BK-2024-03117,2024-09-11,2024-10-06,C03194,PK03,AG06,4,0,650,0.0,Completed,Bank Transfer
BK-2024-03118,2024-09-11,2024-12-29,C03319,PK09,AG04,1,0,3140,0.0,Completed,Card
BK-2024-03119,2024-09-11,2025-08-10,C03325,PK18,AG09,2,0,6580,0.05,Completed,M-Pesa
BK-2024-03120,2024-09-11,2024-10-23,C03404,PK08,AG10,1,0,1425,0.0,Completed,Card
BK-2024-03121,2024-09-11,2025-09-27,C03931,PK18,AG04,2,0,6580,0.0,Completed,Card
BK-2024-03122,2024-09-11,2024-09-21,C04141,PK02,AG02,1,0,460,0.0,Completed,Card
BK-2024-03123,2024-09-11,2024-10-13,C04312,PK18,AG08,7,0,6280,0.1,Completed,PayPal
BK-2024-03124,2024-09-11,2025-07-15,C04540,PK14,AG04,2,1,5185,0.0,Canceled,Card
BK-2024-03125,2024-09-11,2025-06-16,C05223,PK17,AG07,2,2,10780,0.0,Completed,Card
BK-2024-03126,2024-09-11,2024-12-04,C05797,PK09,AG01,2,1,3140,0.0,Completed,PayPal
BK-2024-03127,2024-09-11,2024-09-24,C05810,PK05,AG07,7,0,940,0.15,Completed,Card
BK-2024-03128,2024-09-11,2024-12-03,C05841,PK10,AG11,2,2,1075,0.0,Completed,PayPal
BK-2024-03129,2024-09-11,2024-10-11,C06064,PK05,AG04,4,0,940,0.15,Completed,Card
BK-2024-03130,2024-09-12,2024-10-24,C00005,PK09,AG03,2,0,3140,0.0,Completed,PayPal
BK-2024-03131,2024-09-12,2024-10-14,C00269,PK05,AG00,2,0,940,,Completed,Bank Transfer
BK-2024-03132,2024-09-12,2024-09-22,C00552,PK05,AG04,1,0,940,0.0,Completed,Card
BK-2024-03133,2024-09-12,2025-01-18,C00553,PK12,AG00,6,0,6070,0.1,Completed,PayPal
BK-2024-03134,2024-09-12,2024-10-26,C01121,PK14,AG00,2,0,4950,0.0,Completed,Card
BK-2024-03135,2024-09-12,2024-10-11,C01841,PK06,AG06,7,0,1510,0.1,Completed,Card
BK-2024-03136,2024-09-12,2024-10-17,C02275,PK03,AG03,2,2,650,0.05,Completed,Bank Transfer
BK-2024-03137,2024-09-12,2024-09-28,C02394,PK01,AG10,2,2,505,0.0,Cancelled,Card
BK-2024-03138,2024-09-12,2024-10-20,C02430,PK06,AG06,1,0,1510,0.0,Completed,Bank Transfer
BK-2024-03139,2024-09-12,2024-10-14,C03599,PK03,AG04,2,0,650,0.05,Completed,Bank Transfer
BK-2024-03140,2024-09-12,2024-10-03,C03811,PK02,AG00,1,0,460,0.1,Completed,PayPal
BK-2024-03141,2024-09-12,2024-12-25,C03851,PK03,AG07,2,0,650,0.0,Completed ,Bank Transfer
BK-2024-03142,2024-09-12,2024-10-19,C04875,PK09,AG04,2,2,3140,0.0,Completed,Bank Transfer
BK-2024-03143,2024-09-12,2024-11-20,C04891,PK17,AG01,2,3,10290,0.0,Completed,Bank Transfer
BK-2024-03144,2024-09-12,2024-10-13,C05238,PK02,AG02,2,0,460,0.0,Completed,Card
BK-2024-03145,2024-09-12,2024-10-21,C05317,PK18,AG02,9,0,6280,0.0,Completed,Bank Transfer
BK-2024-03146,2024-09-12,2025-01-21,C05768,PK12,AG12,8,0,6070,0.05,Cancelled,PayPal
BK-2024-03147,2024-09-12,2024-12-30,C05997,PK15,AG01,4,0,4710,0.05,Completed,Card
BK-2024-03148,2024-09-12,2024-11-09,C06052,PK09,AG11,2,3,2730,0.0,Completed,PayPal
BK-2024-03149,2024-09-13,2025-02-01,C00442,PK12,AG04,2,1,5280,0.0,Completed,Bank Transfer
BK-2024-03150,2024-09-13,2024-10-01,C00628,PK18,AG03,1,0,6280,0.1,Completed,Card
BK-2024-03151,2024-09-13,2024-11-05,C01254,PK09,AG07,2,0,2730,0.0,Completed,Bank Transfer
BK-2024-03152,2024-09-13,2024-09-18,C02382,PK01,AG08,2,0,505,0.0,Completed,Card
BK-2024-03153,2024-09-13,2024-12-15,C02794,PK08,AG06,8,0,1425,0.1,Completed,Bank Transfer
BK-2024-03154,2024-09-13,2024-12-15,C03289,PK10,AG08,2,0,1075,0.0,COMPLETED,Card
BK-2024-03155,2024-09-13,2024-10-18,C03455,PK03,AG10,2,1,650,0.15,Completed,M-Pesa
BK-2024-03156,2024-09-13,2024-11-28,C04364,PK08,AG04,2,3,1240,0.0,Completed,Card
BK-2024-03157,2024-09-13,2025-02-15,C04523,PK10,AG00,1,0,980,0.05,Completed,Card
BK-2024-03157,2024-09-13,2025-02-15,C04523,PK10,AG00,1,0,980,0.05,Completed,Card
BK-2024-03158,2024-09-13,2024-09-17,C04636,PK18,AG01,2,0,6280,0.1,Completed,Card
BK-2024-03159,2024-09-13,2024-10-08,C05145,PK09,AG05,6,0,3140,0.1,Completed,PayPal
BK-2024-03160,2024-09-13,2025-01-05,C05289,PK08,AG02,2,2,1495,0.05,Completed,PayPal
BK-2024-03161,2024-09-13,2024-09-16,C06007,PK01,AG05,2,1,505,0.05,Completed,M-Pesa
BK-2024-03162,2024-09-13,2024-09-27,C06162,PK16,AG00,2,0,5555,0.05,Completed,Bank Transfer
BK-2024-03163,2024-09-14,2024-11-15,C00036,PK15,AG00,1,0,4095,0.0,Completed,Card
BK-2024-03164,2024-09-14,2024-12-20,C00215,PK10,AG04,1,0,1075,0.0,Completed,M-Pesa
BK-2024-03165,2024-09-14,2024-11-29,C00724,PK08,AG03,2,1,1240,0.1,Completed,PayPal
BK-2024-03166,2024-09-14,2024-11-15,C01130,PK13,AG01,1,0,6510,0.05,Completed,Bank Transfer
BK-2024-03167,2024-09-14,2024-10-27,C01374,PK10,AG01,2,2,1075,0.0,completed,Card
BK-2024-03168,2024-09-14,2024-09-26,C01459,PK06,AG09,9,0,1510,0.1,Completed,Bank Transfer
BK-2024-03169,2024-09-14,2025-02-21,C01764,PK16,AG00,2,1,5060,0.0,Completed,PayPal
BK-2024-03170,2024-09-14,2024-10-19,C02504,PK06,AG05,2,0,1510,0.05,Completed,Card
BK-2024-03171,2024-09-14,2024-11-18,C03164,PK01,AG12,9,0,440,0.0,Completed ,Card
BK-2024-03172,2024-09-14,2024-12-13,C03577,PK06,AG04,2,0,1510,0.0,Completed,PayPal
BK-2024-03173,2024-09-14,2025-01-08,C03983,PK15,AG00,2,3,4935,0.0,Completed,Card
BK-2024-03174,2024-09-14,2025-01-03,C04308,PK07,AG12,4,0,2975,0.1,Completed,Card
BK-2024-03175,2024-09-14,2024-10-21,C04654,PK06,AG07,2,0,1510,0.05,Completed,Bank Transfer
BK-2024-03176,2024-09-14,2024-12-26,C06398,PK13,AG00,2,2,7485,0.0,Completed,PayPal
BK-2024-03177,2024-09-15,2025-08-13,C00246,PK18,AG03,2,3,6580,0.05,Cancelled,Bank Transfer
BK-2024-03178,2024-09-15,2024-10-19,C00661,PK09,AG09,2,0,3140,0.0,Completed,Card
BK-2024-03179,2024-09-15,2025-11-30,C01185,PK16,AG00,1,0,5060,0.15,Completed,Bank Transfer
BK-2024-03180,2024-09-15,2024-10-12,C01546,PK05,AG02,2,2,940,0.0,Completed,Card
BK-2024-03181,2024-09-15,2024-10-13,C01695,PK05,AG00,2,0,940,0.0,Completed,Card
BK-2024-03182,2024-09-15,2025-02-15,C01801,PK06,AG00,2,3,1375,0.05,Completed,PayPal
BK-2024-03183,2024-09-15,2025-04-19,C01874,PK13,AG00,1,0,6820,0.0,Completed,Bank Transfer
BK-2024-03184,2024-09-15,2025-01-05,C01883,PK06,AG11,2,3,1580,0.0,Completed,Card
BK-2024-03185,2024-09-15,2024-11-24,C02686,PK10,AG03,2,3,935,0.1,Completed,Card
BK-2024-03186,2024-09-15,2024-10-20,C04328,PK12,AG00,2,0,5795,0.05,Completed,PayPal
BK-2024-03187,2024-09-15,2025-02-19,C05714,PK14,AG10,2,3,4510,0.0,Completed,M-Pesa
BK-2024-03188,2024-09-15,2024-10-21,C05946,PK01,AG00,2,1,505,0.0,Completed,Card
BK-2024-03189,2024-09-16,2024-11-07,C00365,PK16,AG02,2,1,4830,0.1,Completed,Card
BK-2024-03190,2024-09-16,2024-09-29,C00634,PK13,AG03,2,3,7485,0.0,Completed,Bank Transfer
BK-2024-03191,2024-09-16,2024-11-10,C01662,PK16,AG13,5,0,4830,0.1,Completed,Card
BK-2024-03192,2024-09-16,2024-09-24,C02090,PK03,AG04,2,0,650,,COMPLETED,Bank Transfer
BK-2024-03193,2024-09-16,2024-10-25,C02381,PK05,AG00,2,2,940,0.0,Completed,Card
BK-2024-03194,2024-09-16,2024-10-21,C02857,PK02,AG09,2,0,460,0.0,Completed,Bank Transfer
BK-2024-03195,2024-09-16,2024-12-19,C02970,PK08,AG04,7,0,1425,0.15,Completed,Bank Transfer
BK-2024-03196,2024-09-16,2025-02-11,C03329,PK14,AG02,6,0,4510,,Completed,Card
BK-2024-03197,2024-09-16,2024-10-02,C03497,PK05,AG09,2,2,940,0.0,Completed,Card
BK-2024-03198,2024-09-16,2024-10-12,C03778,PK09,AG00,2,2,3140,0.1,Completed,Card
BK-2024-03199,2024-09-16,2024-10-08,C04361,PK03,AG03,6,0,650,0.1,Completed,Bank Transfer
BK-2024-03200,2024-09-16,2024-12-08,C04408,PK07,AG00,1,0,2840,0.05,Completed,Card
BK-2024-03201,2024-09-16,2025-01-26,C04861,PK12,AG07,2,0,6070,0.0,Cancelled,Bank Transfer
BK-2024-03202,2024-09-16,2025-09-17,C04904,PK15,AG08,2,1,4935,0.05,Completed,Bank Transfer
BK-2024-03203,2024-09-16,2024-10-08,C04947,PK07,AG01,2,2,2840,0.1,Completed,Bank Transfer
BK-2024-03204,2024-09-16,2024-10-29,C05779,PK11,AG06,2,0,4710,0.0,Cancelled ,PayPal
BK-2024-03205,2024-09-16,2024-12-24,C06456,PK01,AG11,2,3,505,0.0,Completed,PayPal
BK-2024-03206,2024-09-17,2024-10-27,C00464,PK18,AG04,2,2,6280,0.05,Completed,Card
BK-2024-03207,2024-09-17,2024-10-18,C01353,PK07,AG07,2,0,2840,0.05,Completed,M-Pesa
BK-2024-03208,2024-09-17,2024-11-06,C01928,PK06,AG09,2,0,1310,0.05,Completed,M-Pesa
BK-2024-03209,2024-09-17,2024-11-03,C02043,PK02,AG09,1,0,400,0.0,Completed,Card
BK-2024-03210,2024-09-17,2025-01-03,C02334,PK14,AG03,2,3,5185,0.0,Completed,Card
BK-2024-03211,2024-09-17,2024-09-20,C02340,PK05,AG08,2,0,940,0.0,Completed,Card
BK-2024-03212,2024-09-17,2025-01-20,C02844,PK14,AG06,2,0,5185,0.1,Completed,PayPal
BK-2024-03213,2024-09-17,2025-01-19,C02847,PK09,AG12,3,0,3290,0.0,Completed,Bank Transfer
BK-2024-03214,2024-09-17,2024-10-21,C03039,PK01,AG00,9,0,505,0.1,Completed,Bank Transfer
BK-2024-03215,2024-09-17,2024-12-18,C03196,PK07,AG02,2,2,2840,0.0,Completed,PayPal
BK-2024-03216,2024-09-17,2024-10-18,C03230,PK01,AG00,2,0,505,0.05,Completed,Card
BK-2024-03217,2024-09-17,2025-01-12,C03328,PK10,AG05,2,0,1125,0.1,Completed,Card
BK-2024-03218,2024-09-17,2024-11-02,C03372,PK01,AG00,2,2,440,0.0,Completed ,Bank Transfer
BK-2024-03219,2024-09-17,2024-10-17,C03438,PK02,AG04,2,0,460,0.05,completed,Card
BK-2024-03220,2024-09-17,2024-09-28,C04002,PK03,AG02,5,0,650,0.1,Completed,Card
BK-2024-03221,2024-09-17,2024-10-13,C04443,PK04,AG07,2,3,605,0.05,Completed,M-Pesa
BK-2024-03222,2024-09-17,2025-02-17,C04630,PK12,AG04,2,0,5280,0.0,Completed,PayPal
BK-2024-03223,2024-09-17,2024-10-01,C04993,PK05,AG10,2,0,940,0.0,Completed,Bank Transfer
BK-2024-03224,2024-09-17,2024-09-28,C05204,PK18,AG08,2,0,6280,0.05,Completed,Bank Transfer
BK-2024-03225,2024-09-17,2025-01-09,C05457,PK08,AG06,6,0,1495,0.0,Completed,Card
BK-2024-03226,2024-09-17,2025-01-26,C05604,PK16,AG04,12,0,5820,0.1,Completed,Bank Transfer
BK-2024-03227,2024-09-17,2025-05-03,C05935,PK18,AG06,1,0,5720,0.15,Completed,M-Pesa
BK-2024-03228,2024-09-17,2025-01-02,C06192,PK12,AG00,1,0,6070,0.0,Completed,Card
BK-2024-03229,2024-09-18,2024-11-11,C00004,PK11,AG00,1,0,4095,0.0,Completed,Bank Transfer
BK-2024-03230,2024-09-18,2024-10-31,C00161,PK02,AG03,6,0,460,0.15,Completed,Card
BK-2024-03231,2024-09-18,2024-11-16,C00267,PK11,AG02,2,1,4095,0.0,Completed,Bank Transfer
BK-2024-03232,2024-09-18,2024-09-28,C00463,PK04,AG03,2,0,605,0.0,Completed,Card
BK-2024-03233,2024-09-18,2024-10-17,C00721,PK08,AG04,2,3,1425,0.05,Completed,Card
BK-2024-03234,2024-09-18,2025-09-10,C00883,PK17,AG00,9,0,12395,0.0,Completed,Bank Transfer
BK-2024-03235,2024-09-18,2024-12-26,C01059,PK06,AG04,2,0,1510,0.0,Completed ,PayPal
BK-2024-03236,2024-09-18,2024-09-21,C01737,PK01,AG05,2,3,505,0.0,Completed,Card
BK-2024-03237,2024-09-18,2024-11-23,C02818,PK06,AG00,6,0,1310,0.05,Completed,Card
BK-2024-03238,2024-09-18,2024-10-18,C03063,PK02,AG06,12,0,460,0.0,Cancelled,Bank Transfer
BK-2024-03239,2024-09-18,2024-09-26,C03736,PK04,AG02,2,2,605,0.0,Completed,PayPal
BK-2024-03240,2024-09-18,2024-10-05,C05429,PK03,AG07,2,1,650,0.0,Completed ,Card
BK-2024-03241,2024-09-18,2024-10-14,C05598,PK08,AG02,2,1,1425,0.0,Completed,Card
BK-2024-03242,2024-09-18,2024-10-27,C05619,PK07,AG05,2,0,2840,0.1,Completed,M-Pesa
BK-2024-03243,2024-09-18,2025-04-12,C05726,PK16,AG07,1,0,5060,0.1,Completed,Card
BK-2024-03244,2024-09-18,2025-02-26,C06256,PK07,AG08,1,0,2585,0.15,Completed,Card
BK-2024-03245,2024-09-19,2024-11-20,C00880,PK03,AG01,2,3,565,0.15,Completed,Card
BK-2024-03246,2024-09-19,2024-12-08,C00952,PK12,AG02,2,1,5795,0.1,Completed,Card
BK-2024-03247,2024-09-19,2024-10-28,C01478,PK01,AG00,2,0,505,0.05,Completed,PayPal
BK-2024-03248,2024-09-19,2024-10-14,C02068,PK08,AG08,6,0,1425,0.1,Completed,PayPal
BK-2024-03249,2024-09-19,2025-01-17,C02509,PK12,AG04,2,0,6070,,Completed,Bank Transfer
BK-2024-03250,2024-09-19,2024-10-05,C02721,PK04,AG04,8,0,605,0.05,Completed,Card
BK-2024-03251,2024-09-19,2025-03-12,C04265,PK15,AG00,2,3,4290,0.0,Completed,Bank Transfer
BK-2024-03252,2024-09-19,2025-01-05,C04721,PK18,AG05,2,1,6580,0.1,Completed,M-Pesa
BK-2024-03253,2024-09-19,2024-10-15,C05231,PK02,AG01,2,0,460,0.05,Completed,Card
BK-2024-03254,2024-09-19,2024-11-21,C05835,PK08,AG04,8,0,1240,0.1,Completed,Card
BK-2024-03255,2024-09-19,2024-12-18,C06370,PK06,AG01,2,0,1510,0.15,Completed,Card
BK-2024-03256,2024-09-20,2024-10-09,C00433,PK18,AG04,9,0,6280,0.0,Completed,Bank Transfer
BK-2024-03257,2024-09-20,2024-10-24,C00594,PK01,AG00,1,0,505,0.05,completed,M-Pesa
BK-2024-03258,2024-09-20,2024-12-16,C00732,PK08,AG00,2,3,1425,0.0,Completed,Bank Transfer
BK-2024-03259,2024-09-20,2024-11-14,C01657,PK13,AG06,2,1,6510,0.0,Completed,Bank Transfer
BK-2024-03260,2024-09-20,2024-10-03,C02979,PK02,AG02,8,0,460,0.1,Completed,Bank Transfer
BK-2024-03261,2024-09-20,2024-10-15,C02996,PK01,AG06,8,0,505,0.1,Completed,Card
BK-2024-03262,2024-09-20,2024-12-18,C03823,PK12,AG01,9,0,5795,0.1,Completed,Bank Transfer
BK-2024-03263,2024-09-20,2025-03-19,C04002,PK11,AG00,4,0,4290,0.1,Completed,Card
BK-2024-03264,2024-09-20,2024-11-14,C04137,PK02,AG01,7,0,400,0.1,Completed,Card
BK-2024-03265,2024-09-20,2024-10-27,C04302,PK01,AG02,2,2,505,0.0,Completed,M-Pesa
BK-2024-03266,2024-09-20,2025-02-10,C04414,PK09,AG04,5,0,2860,0.1,Completed,PayPal
BK-2024-03266,2024-09-20,2025-02-10,C04414,PK09,AG04,5,0,2860,0.1,Completed,PayPal
BK-2024-03267,2024-09-20,2025-02-11,C05552,PK09,AG00,2,2,2860,0.0,Completed,M-Pesa
BK-2024-03268,2024-09-20,2024-10-18,C05960,PK01,AG00,1,0,505,0.05,Completed,Card
BK-2024-03269,2024-09-20,2025-08-22,C06354,PK12,AG04,2,2,6070,0.0,Cancelled,PayPal
BK-2024-03270,2024-09-20,2024-11-07,C06426,PK02,AG00,2,3,400,0.1,Completed,Card
BK-2024-03271,2024-09-21,2024-12-25,C00310,PK14,AG08,1,0,4950,0.0,Completed,M-Pesa
BK-2024-03272,2024-09-21,2025-08-18,C00749,PK13,AG00,2,0,7845,0.0,Completed,Bank Transfer
BK-2024-03273,2024-09-21,2024-12-07,C00807,PK12,AG02,7,0,5795,0.15,Completed,Bank Transfer
BK-2024-03274,2024-09-21,2025-04-12,C01923,PK14,AG04,2,1,4510,0.15,Completed,M-Pesa
BK-2024-03275,2024-09-21,2025-08-30,C02612,PK12,AG10,1,0,6070,0.0,Completed,M-Pesa
BK-2024-03276,2024-09-21,2024-12-06,C02808,PK04,AG00,5,0,605,0.05,Completed,Card
BK-2024-03277,2024-09-21,2024-11-20,C04412,PK12,AG00,2,2,5040,0.1,Completed,Bank Transfer
BK-2024-03278,2024-09-21,2024-10-01,C04899,PK01,AG08,2,0,505,,Completed,Bank Transfer
BK-2024-03279,2024-09-21,2025-04-29,C05164,PK13,AG02,4,0,6820,0.1,Cancelled,Bank Transfer
BK-2024-03280,2024-09-21,2024-12-19,C06209,PK06,AG13,9,0,1510,0.0,Completed,Card
BK-2024-03281,2024-09-21,2024-09-24,C06266,PK02,AG02,1,0,460,0.0,Completed,Card
BK-2024-03282,2024-09-22,2025-02-20,C00736,PK08,AG10,2,3,1300,0.0,Completed,M-Pesa
BK-2024-03283,2024-09-22,2024-10-11,C02745,PK13,AG10,2,0,7485,0.0,Completed,M-Pesa
BK-2024-03284,2024-09-22,2024-12-18,C03432,PK04,AG01,2,1,605,0.0,Completed,Card
BK-2024-03285,2024-09-22,2024-10-23,C04798,PK12,AG05,1,0,5795,0.0,Completed,Card
BK-2024-03286,2024-09-22,2024-12-18,C05568,PK15,AG00,2,0,4710,0.1,Completed,Card
BK-2024-03287,2024-09-22,2024-09-26,C05852,PK01,AG02,1,0,505,0.05,Completed ,Bank Transfer
BK-2024-03288,2024-09-22,2024-10-24,C06201,PK02,AG00,1,0,460,0.0,Completed,M-Pesa
BK-2024-03289,2024-09-23,2024-12-30,C00336,PK12,AG04,2,0,5795,0.0,Completed,Card
BK-2024-03290,2024-09-23,2024-10-08,C00545,PK16,AG03,6,0,5555,0.1,Completed,M-Pesa
BK-2024-03291,2024-09-23,2024-12-29,C02290,PK13,AG00,2,1,7485,0.0,Completed,Card
BK-2024-03292,2024-09-23,2025-02-15,C02584,PK17,AG06,9,0,10780,0.1,Completed,Bank Transfer
BK-2024-03293,2024-09-23,2025-01-18,C02605,PK12,AG06,2,0,6070,0.0,Completed,Bank Transfer
BK-2024-03294,2024-09-23,2025-02-08,C03979,PK14,AG04,5,0,4510,0.0,Completed,M-Pesa
BK-2024-03295,2024-09-23,2024-12-19,C04470,PK16,AG02,2,0,5555,0.05,Completed,Bank Transfer
BK-2024-03296,2024-09-23,2025-05-18,C05491,PK12,AG06,2,0,5280,0.0,Completed,Card
BK-2024-03297,2024-09-23,2024-10-29,C05573,PK04,AG05,2,3,605,0.0,Completed,Bank Transfer
BK-2024-03298,2024-09-23,2025-01-11,C06192,PK17,AG08,1,0,12395,0.0,Completed,PayPal
BK-2024-03299,2024-09-23,2025-12-12,C06382,PK15,AG00,2,1,4935,0.0,Completed,Card
BK-2024-03300,2024-09-24,2024-12-08,C00111,PK06,AG00,4,0,1510,0.1,Completed,M-Pesa
BK-2024-03301,2024-09-24,2024-11-16,C00410,PK10,AG01,2,3,935,0.1,Canceled,Bank Transfer
BK-2024-03302,2024-09-24,2024-12-25,C00464,PK15,AG08,2,1,4710,0.0,Completed,Bank Transfer
BK-2024-03303,2024-09-24,2025-01-04,C00498,PK09,AG00,2,0,3290,0.0,Completed ,PayPal
BK-2024-03304,2024-09-24,2024-09-27,C00705,PK01,AG13,4,0,505,0.0,Completed,PayPal
BK-2024-03305,2024-09-24,2024-10-01,C01526,PK02,AG02,7,0,460,0.0,Cancelled,Bank Transfer
BK-2024-03306,2024-09-24,2024-10-30,C01801,PK02,AG06,2,2,460,0.1,Cancelled,PayPal
BK-2024-03307,2024-09-24,2024-11-03,C02140,PK08,AG02,2,1,1240,0.1,Completed,PayPal
BK-2024-03308,2024-09-24,2024-11-22,C02940,PK02,AG00,3,0,400,0.0,Completed,Card
BK-2024-03309,2024-09-24,2024-12-22,C03258,PK15,AG02,2,0,4710,0.0,Completed,Bank Transfer
BK-2024-03310,2024-09-24,2024-10-15,C03607,PK02,AG00,2,3,460,0.0,Completed,Card
BK-2024-03311,2024-09-24,2024-10-22,C03609,PK03,AG11,2,0,650,0.0,Completed,Bank Transfer
BK-2024-03312,2024-09-24,2024-12-26,C03632,PK13,AG11,2,0,7485,0.0,Completed,PayPal
BK-2024-03313,2024-09-24,2025-03-25,C04713,PK13,AG00,2,0,6820,0.1,Completed,Card
BK-2024-03314,2024-09-24,2024-10-13,C05232,PK09,AG00,1,0,3140,0.0,Completed,PayPal
BK-2024-03315,2024-09-24,2024-11-02,C05733,PK01,AG01,2,0,440,0.1,completed,Bank Transfer
BK-2024-03316,2024-09-25,2024-09-29,C00290,PK09,AG00,2,0,3140,0.0,Completed,PayPal
BK-2024-03317,2024-09-25,2024-12-23,C00385,PK07,AG11,2,2,2840,0.0,Cancelled,Bank Transfer
BK-2024-03318,2024-09-25,2024-11-05,C00421,PK09,AG09,2,2,2730,0.0,Completed,Bank Transfer
BK-2024-03319,2024-09-25,2024-11-28,C01205,PK09,AG05,2,1,2730,0.0,Completed,Card
BK-2024-03320,2024-09-25,2024-11-02,C02022,PK09,AG04,2,0,2730,0.0,Completed,M-Pesa
BK-2024-03321,2024-09-25,2025-01-29,C02206,PK06,AG04,2,0,1580,0.0,Completed,Bank Transfer
BK-2024-03322,2024-09-25,2024-10-24,C02558,PK09,AG04,2,0,3140,0.0,Completed,Card
BK-2024-03323,2024-09-25,2024-12-02,C04883,PK13,AG00,1,0,7485,0.0,Completed,PayPal
BK-2024-03324,2024-09-25,2025-08-12,C05569,PK15,AG02,2,3,4935,0.0,Completed,M-Pesa
BK-2024-03325,2024-09-25,2024-10-13,C06202,PK13,AG03,2,1,7485,0.0,Completed,Card
BK-2024-03326,2024-09-26,2024-12-19,C00198,PK10,AG12,10,0,1075,0.15,completed,Card
BK-2024-03327,2024-09-26,2025-09-02,C01027,PK15,AG05,2,0,4935,0.1,Completed,Card
BK-2024-03328,2024-09-26,2025-01-12,C01323,PK12,AG10,2,2,6070,0.0,COMPLETED,Card
BK-2024-03329,2024-09-26,2024-10-17,C01602,PK02,AG10,4,0,460,0.1,Completed,Card
BK-2024-03330,2024-09-26,2024-10-25,C02336,PK10,AG04,2,0,1075,0.0,Completed,Card
BK-2024-03331,2024-09-26,2024-11-19,C02432,PK09,AG00,5,0,2730,0.0,Completed,Card
BK-2024-03332,2024-09-26,2024-12-01,C02494,PK09,AG04,2,0,3140,0.0,Completed,Bank Transfer
BK-2024-03333,2024-09-26,2024-10-31,C02890,PK01,AG04,1,0,505,0.0,Completed,Card
BK-2024-03334,2024-09-26,2024-12-26,C03513,PK11,AG01,2,3,4710,0.1,Completed,PayPal
BK-2024-03335,2024-09-26,2024-10-05,C04134,PK04,AG09,2,0,605,0.1,Completed,Card
BK-2024-03336,2024-09-26,2024-11-09,C05108,PK08,AG04,1,0,1240,0.1,Cancelled ,Bank Transfer
BK-2024-03337,2024-09-26,2024-11-22,C05797,PK09,AG04,2,2,2730,0.15,Completed,PayPal
BK-2024-03338,2024-09-26,2025-07-29,C05893,PK18,AG04,9,0,6580,0.1,Canceled,Bank Transfer
BK-2024-03339,2024-09-26,2024-10-22,C06257,PK01,AG06,2,0,505,0.0,Completed,Card
BK-2024-03340,2024-09-26,2024-10-09,C06277,PK08,AG12,5,0,1425,0.0,Canceled,Card
BK-2024-03341,2024-09-27,2024-11-13,C00049,PK07,AG06,1,0,2470,0.05,Completed,Card
BK-2024-03342,2024-09-27,2024-10-28,C01972,PK02,AG10,2,0,460,0.0,Completed,Card
BK-2024-03343,2024-09-27,2024-12-24,C02002,PK01,AG03,2,3,505,0.05,Completed,Card
BK-2024-03344,2024-09-27,2024-11-02,C02058,PK04,AG08,8,0,525,0.1,Completed,Bank Transfer
BK-2024-03345,2024-09-27,2025-02-27,C02264,PK15,AG00,2,2,4290,0.05,Cancelled,Card
BK-2024-03346,2024-09-27,2024-10-25,C02334,PK02,AG10,2,1,460,0.05,Completed,Card
BK-2024-03347,2024-09-27,2024-12-12,C04038,PK07,AG04,2,0,2840,0.0,COMPLETED,Card
BK-2024-03348,2024-09-27,2025-04-04,C06204,PK12,AG10,2,3,5280,0.15,Completed,Bank Transfer
BK-2024-03349,2024-09-27,2025-02-04,C06395,PK13,AG00,2,0,6820,0.1,Completed,PayPal
BK-2024-03350,2024-09-28,2024-10-02,C00086,PK02,AG00,1,0,460,0.0,Completed,Card
BK-2024-03351,2024-09-28,2024-11-25,C00164,PK09,AG02,2,0,2730,0.0,Canceled,Card
BK-2024-03352,2024-09-28,2025-01-26,C00183,PK12,AG10,2,1,6070,0.1,Completed,M-Pesa
BK-2024-03353,2024-09-28,2024-10-28,C00658,PK05,AG00,1,0,940,0.0,Completed,Card
BK-2024-03354,2024-09-28,2024-12-07,C01385,PK18,AG00,5,0,6280,0.05,Completed,Bank Transfer
BK-2024-03355,2024-09-28,2024-11-22,C01918,PK12,AG00,9,0,5040,0.15,Completed,Bank Transfer
BK-2024-03356,2024-09-28,2025-06-29,C03703,PK17,AG11,2,1,10780,0.0,Completed,Card
BK-2024-03357,2024-09-28,2025-01-27,C04251,PK18,AG10,1,0,6580,0.15,Canceled,Card
BK-2024-03358,2024-09-28,2024-10-22,C05664,PK01,AG03,2,0,505,0.05,Completed,PayPal
BK-2024-03359,2024-09-28,2024-11-27,C06226,PK06,AG07,2,0,1310,0.0,Completed,Card
BK-2024-03360,2024-09-28,2024-12-13,C06425,PK13,AG03,2,0,7485,0.05,Completed,Card
BK-2024-03361,2024-09-29,2024-10-18,C00008,PK02,AG05,2,0,460,0.05,Completed,Card
BK-2024-03362,2024-09-29,2024-10-29,C00568,PK01,AG03,2,0,505,0.0,Completed,M-Pesa
BK-2024-03363,2024-09-29,2024-10-17,C00850,PK02,AG12,5,0,460,0.1,Canceled,Card
BK-2024-03364,2024-09-29,2025-01-28,C00856,PK06,AG13,4,0,1580,0.0,Completed,PayPal
BK-2024-03365,2024-09-29,2024-10-02,C01086,PK05,AG08,2,0,940,0.0,Completed,M-Pesa
BK-2024-03366,2024-09-29,2024-11-11,C01133,PK01,AG04,2,1,440,0.0,Completed,Card
BK-2024-03367,2024-09-29,2024-10-07,C02542,PK04,AG00,2,1,605,0.0,Completed,Bank Transfer
BK-2024-03368,2024-09-29,2024-10-18,C03018,PK18,AG12,3,0,6280,0.0,Completed,Card
BK-2024-03369,2024-09-29,2024-10-11,C03287,PK01,AG08,4,0,505,0.1,Completed,Card
BK-2024-03370,2024-09-29,2025-01-12,C03672,PK14,AG00,2,2,5185,0.0,Completed,Bank Transfer
BK-2024-03371,2024-09-29,2025-01-08,C03741,PK13,AG03,2,0,7845,0.0,Completed,Bank Transfer
BK-2024-03372,2024-09-29,2024-12-09,C03896,PK18,AG09,2,3,6280,0.1,Cancelled,M-Pesa
BK-2024-03373,2024-09-29,2025-02-06,C04079,PK13,AG00,2,2,6820,0.0,Completed,M-Pesa
BK-2024-03374,2024-09-29,2025-07-28,C04898,PK14,AG00,2,0,5185,0.0,Completed,Bank Transfer
BK-2024-03375,2024-09-30,2025-01-08,C00352,PK09,AG13,11,0,3290,0.05,Completed,Card
BK-2024-03376,2024-09-30,2024-11-16,C00444,PK07,AG02,2,2,2470,0.05,Completed,Bank Transfer
BK-2024-03377,2024-09-30,2024-11-07,C00533,PK17,AG01,2,3,10290,0.1,Completed,Bank Transfer
BK-2024-03378,2024-09-30,2024-12-01,C00819,PK10,AG05,1,0,1075,0.05,Completed,Card
BK-2024-03379,2024-09-30,2024-12-07,C02163,PK10,AG00,1,0,1075,0.0,Canceled,Bank Transfer
BK-2024-03380,2024-09-30,2024-12-01,C02683,PK18,AG02,1,0,6280,0.0,Completed,Card
BK-2024-03381,2024-09-30,2025-07-05,C03128,PK12,AG00,2,0,6070,,Completed,Card
BK-2024-03382,2024-09-30,2025-10-08,C03199,PK13,AG02,2,0,7845,0.05,COMPLETED,Bank Transfer
BK-2024-03383,2024-09-30,2024-10-26,C04247,PK16,AG00,1,0,5555,0.0,Completed,PayPal
BK-2024-03384,2024-09-30,2024-11-23,C04490,PK15,AG00,2,0,4095,0.05,Completed,Card
BK-2024-03385,2024-09-30,2024-10-18,C04617,PK03,AG01,2,0,650,0.0,Completed,M-Pesa
BK-2024-03386,2024-09-30,2024-10-26,C04742,PK10,AG10,2,1,1075,0.0,Completed,Bank Transfer
BK-2024-03387,2024-09-30,2024-12-17,C04913,PK06,AG03,2,0,1510,0.0,completed,Bank Transfer
BK-2024-03388,2024-09-30,2024-11-03,C04954,PK08,AG11,2,0,1240,0.05,Completed,Bank Transfer
BK-2024-03389,2024-09-30,2024-10-28,C05220,PK01,AG03,7,0,505,0.0,Cancelled,Card
BK-2024-03390,2024-09-30,2024-12-29,C06423,PK15,AG00,2,0,4710,0.0,Completed,Bank Transfer
BK-2024-03391,2024-09-30,2025-07-21,C06428,PK17,AG11,2,1,12395,0.0,Completed,Card
BK-2024-03392,2024-10-01,2025-01-27,C00395,PK09,AG07,2,0,3290,0.05,Completed ,Card
BK-2024-03393,2024-10-01,2024-11-19,C00470,PK09,AG00,2,0,2730,0.0,Completed,PayPal
BK-2024-03394,2024-10-01,2024-11-30,C01985,PK18,AG04,2,0,5460,0.0,Completed,Bank Transfer
BK-2024-03395,2024-10-01,2024-12-12,C02012,PK11,AG03,4,0,4710,0.15,Canceled,Bank Transfer
BK-2024-03396,2024-10-01,2024-10-07,C02324,PK01,AG02,2,3,505,0.1,Completed,Card
BK-2024-03397,2024-10-01,2024-10-15,C04904,PK05,AG00,2,2,940,0.0,Completed,Bank Transfer
BK-2024-03398,2024-10-01,2024-10-29,C05267,PK05,AG02,2,0,940,0.0,Completed,Card
BK-2024-03399,2024-10-01,2024-10-12,C05356,PK03,AG02,9,0,650,0.0,Completed,Bank Transfer
BK-2024-03400,2024-10-01,2024-12-28,C05620,PK02,AG11,2,0,460,0.0,Completed,Card
BK-2024-03401,2024-10-01,2025-02-12,C06008,PK10,AG00,2,0,980,0.1,Completed,PayPal
BK-2024-03402,2024-10-01,2025-01-25,C06046,PK12,AG02,1,0,6070,,Completed,M-Pesa
BK-2024-03403,2024-10-01,2024-12-03,C06085,PK01,AG00,9,0,505,0.05,Completed,Card
BK-2024-03404,2024-10-01,2024-11-30,C06262,PK02,AG11,1,0,400,0.0,Cancelled,Card
BK-2024-03405,2024-10-02,2024-12-01,C00100,PK06,AG11,2,1,1510,0.0,Completed,Bank Transfer
BK-2024-03406,2024-10-02,2025-01-16,C00564,PK07,AG05,1,0,2975,0.0,Completed,Card
BK-2024-03407,2024-10-02,2024-11-12,C00798,PK13,AG07,2,0,6510,0.15,Completed,Card
BK-2024-03408,2024-10-02,2024-10-16,C01169,PK01,AG03,2,0,505,0.0,Completed,PayPal
BK-2024-03409,2024-10-02,2025-01-18,C01973,PK08,AG01,4,0,1495,0.1,COMPLETED,M-Pesa
BK-2024-03410,2024-10-02,2024-12-05,C02437,PK13,AG00,1,0,7485,0.0,Completed,PayPal
BK-2024-03411,2024-10-02,2024-12-03,C03024,PK10,AG04,1,0,1075,0.0,Completed,Card
BK-2024-03412,2024-10-02,2024-12-16,C03512,PK06,AG13,5,0,1510,0.05,Completed,PayPal
BK-2024-03413,2024-10-02,2025-01-01,C05711,PK16,AG02,1,0,5820,0.0,Cancelled ,M-Pesa
BK-2024-03414,2024-10-03,2024-11-19,C01171,PK09,AG00,2,0,2730,0.05,Completed,Card
BK-2024-03415,2024-10-03,2024-10-18,C01476,PK01,AG03,2,2,505,0.0,Completed,PayPal
BK-2024-03415,2024-10-03,2024-10-18,C01476,PK01,AG03,2,2,505,0.0,Completed,PayPal
BK-2024-03416,2024-10-03,2024-12-07,C02076,PK05,AG00,2,2,940,0.1,Cancelled,Card
BK-2024-03417,2024-10-03,2025-03-13,C02846,PK09,AG05,2,0,2860,0.0,Completed,Bank Transfer
BK-2024-03418,2024-10-03,2025-01-31,C03294,PK06,AG06,2,2,1580,0.05,Completed,Bank Transfer
BK-2024-03419,2024-10-03,2024-10-29,C03302,PK02,AG01,2,0,460,0.05,Completed,Card
BK-2024-03420,2024-10-03,2024-11-28,C03579,PK06,AG00,2,1,1310,0.0,Completed,Bank Transfer
BK-2024-03421,2024-10-03,2024-10-31,C04294,PK06,AG04,2,1,1510,0.0,Completed,PayPal
BK-2024-03422,2024-10-03,2025-03-17,C04605,PK12,AG06,2,0,5280,0.0,Completed,Card
BK-2024-03423,2024-10-03,2024-12-14,C04710,PK09,AG05,2,0,3140,0.1,Completed,Bank Transfer
BK-2024-03424,2024-10-03,2024-11-02,C04901,PK01,AG08,5,0,440,0.1,Completed,PayPal
BK-2024-03425,2024-10-03,2025-03-09,C05349,PK12,AG00,9,0,5280,0.0,Completed,M-Pesa
BK-2024-03426,2024-10-03,2024-11-02,C05654,PK07,AG04,2,1,2470,0.05,COMPLETED,Card
BK-2024-03427,2024-10-03,2024-10-12,C06337,PK03,AG01,2,3,650,0.1,Completed,Bank Transfer
BK-2024-03428,2024-10-04,2024-11-26,C00021,PK07,AG00,2,0,2470,0.1,Completed,PayPal
BK-2024-03429,2024-10-04,2024-12-13,C00361,PK02,AG03,7,0,460,0.05,Completed,Bank Transfer
BK-2024-03430,2024-10-04,2024-12-29,C00824,PK06,AG02,2,0,1510,0.0,Completed,Card
BK-2024-03431,2024-10-04,2025-01-31,C00897,PK13,AG00,2,3,7845,0.0,Completed,Card
BK-2024-03432,2024-10-04,2025-01-05,C01471,PK06,AG09,2,0,1580,0.0,Completed,Bank Transfer
BK-2024-03433,2024-10-04,2024-10-24,C02072,PK01,AG02,2,0,505,0.0,Completed,Bank Transfer
BK-2024-03434,2024-10-04,2025-03-13,C02139,PK15,AG00,1,0,4290,0.1,Completed,Card
BK-2024-03435,2024-10-04,2024-11-02,C02621,PK02,AG03,2,2,400,0.0,Completed,Card
BK-2024-03436,2024-10-04,2024-10-30,C02918,PK01,AG00,2,1,505,0.0,Completed,Card
BK-2024-03437,2024-10-04,2025-01-05,C03474,PK13,AG06,2,0,7845,0.0,Completed,Bank Transfer
BK-2024-03438,2024-10-04,2024-10-26,C03492,PK16,AG12,10,0,5555,0.05,Completed,Bank Transfer
BK-2024-03439,2024-10-04,2025-01-19,C03988,PK06,AG02,2,0,1580,0.05,Completed,PayPal
BK-2024-03440,2024-10-04,2024-10-22,C04169,PK03,AG00,5,0,650,0.0,Completed,Card
BK-2024-03441,2024-10-04,2024-11-29,C04674,PK16,AG00,1,0,4830,0.0,Completed,Card
BK-2024-03442,2024-10-04,2025-04-24,C04897,PK13,AG04,2,0,6820,0.15,Completed,PayPal
BK-2024-03443,2024-10-04,2024-10-25,C05236,PK07,AG00,1,0,2840,0.05,Completed,M-Pesa
BK-2024-03444,2024-10-04,2025-03-03,C05246,PK18,AG03,2,1,5720,0.05,Completed,Card
BK-2024-03445,2024-10-04,2024-10-30,C05259,PK02,AG04,2,0,460,0.0,Completed,M-Pesa
BK-2024-03446,2024-10-05,2024-12-12,C00638,PK10,AG00,2,0,1075,0.1,Completed,PayPal
BK-2024-03447,2024-10-05,2024-12-04,C00942,PK09,AG06,1,0,3140,0.0,Completed,Bank Transfer
BK-2024-03448,2024-10-05,2025-01-27,C01238,PK07,AG06,5,0,2975,0.1,Cancelled,Card
BK-2024-03449,2024-10-05,2024-12-11,C01802,PK18,AG02,12,0,6280,0.1,Completed,PayPal
BK-2024-03450,2024-10-05,2024-10-20,C01960,PK05,AG00,2,0,940,0.0,cancelled,Card
BK-2024-03450,2024-10-05,2024-10-20,C01960,PK05,AG00,2,0,940,0.0,cancelled,Card
BK-2024-03451,2024-10-05,2025-02-10,C01964,PK16,AG00,2,1,5060,0.05,Completed,PayPal
BK-2024-03452,2024-10-05,2025-01-03,C02088,PK07,AG03,2,2,2975,0.0,Completed,Bank Transfer
BK-2024-03453,2024-10-05,2025-02-02,C02146,PK14,AG02,2,0,4510,0.0,COMPLETED,Card
BK-2024-03454,2024-10-05,2025-02-05,C03696,PK18,AG05,2,0,5720,0.05,Completed,Card
BK-2024-03455,2024-10-05,2025-01-18,C04789,PK17,AG00,2,0,12395,0.05,Completed,Card
BK-2024-03456,2024-10-05,2024-12-14,C04840,PK01,AG00,2,0,505,0.0,Completed,M-Pesa
BK-2024-03457,2024-10-05,2024-12-04,C05762,PK13,AG00,2,0,7485,0.0,Completed,PayPal
BK-2024-03458,2024-10-05,2025-01-18,C05865,PK03,AG02,9,0,685,0.1,Completed,Card
BK-2024-03459,2024-10-05,2025-01-16,C06256,PK02,AG00,1,0,480,0.0,Completed,Bank Transfer
BK-2024-03460,2024-10-06,2025-07-19,C00330,PK15,AG04,2,1,4935,0.0,Canceled,PayPal
BK-2024-03461,2024-10-06,2024-11-11,C00591,PK04,AG01,2,0,525,0.05,Completed,Card
BK-2024-03462,2024-10-06,2024-12-28,C01213,PK14,AG00,2,2,4950,0.0,Completed,PayPal
BK-2024-03463,2024-10-06,2025-06-04,C01267,PK18,AG06,2,0,5720,0.1,Completed,Bank Transfer
BK-2024-03464,2024-10-06,2024-10-16,C01447,PK01,AG00,2,0,505,0.0,Completed,PayPal
BK-2024-03465,2024-10-06,2025-01-09,C02489,PK16,AG05,2,0,5820,0.05,Completed,Card
BK-2024-03466,2024-10-06,2025-02-20,C02937,PK16,AG02,1,0,5060,0.0,Completed,Bank Transfer
BK-2024-03467,2024-10-06,2025-07-08,C03626,PK13,AG08,1,0,7845,0.0,Completed,Card
BK-2024-03468,2024-10-06,2024-12-26,C03801,PK09,AG04,7,0,3140,0.1,Completed,Bank Transfer
BK-2024-03469,2024-10-06,2024-12-20,C04187,PK07,AG06,6,0,2840,0.0,Completed ,Card
BK-2024-03470,2024-10-06,2025-01-11,C04885,PK12,AG13,3,0,6070,0.0,Completed,PayPal
BK-2024-03471,2024-10-06,2025-01-14,C04969,PK08,AG03,2,0,1495,0.0,Completed,M-Pesa
BK-2024-03472,2024-10-06,2025-08-14,C05201,PK10,AG06,2,0,1125,0.0,Completed,Card
BK-2024-03473,2024-10-06,2024-11-06,C05860,PK01,AG02,2,0,440,0.0,Canceled,PayPal
BK-2024-03474,2024-10-06,2024-10-17,C06040,PK01,AG00,7,0,505,0.0,Completed,Card
BK-2024-03475,2024-10-06,2025-01-10,C06164,PK02,AG00,2,0,480,0.0,Completed,M-Pesa
BK-2024-03476,2024-10-07,2024-10-22,C00575,PK06,AG02,2,1,1510,0.0,Completed,Card
BK-2024-03477,2024-10-07,2024-10-11,C00678,PK06,AG02,2,0,1510,0.0,Completed,Card
BK-2024-03478,2024-10-07,2024-10-28,C01275,PK08,AG11,2,1,1425,0.0,Completed,PayPal
BK-2024-03479,2024-10-07,2024-10-11,C01484,PK02,AG00,4,0,460,0.05,Completed,M-Pesa
BK-2024-03480,2024-10-07,2025-01-09,C02049,PK09,AG00,8,0,3290,0.1,Completed,Card
BK-2024-03481,2024-10-07,2025-02-13,C02116,PK06,AG03,2,0,1375,0.05,Cancelled,Card
BK-2024-03482,2024-10-07,2024-11-29,C02120,PK01,AG03,2,1,440,0.0,Completed,Bank Transfer
BK-2024-03483,2024-10-07,2024-10-31,C02948,PK06,AG00,2,1,1510,0.1,Completed,PayPal
BK-2024-03484,2024-10-07,2024-11-14,C02957,PK06,AG00,2,0,1310,0.1,Completed,PayPal
BK-2024-03485,2024-10-07,2025-02-19,C03080,PK12,AG04,1,0,5280,0.0,Completed,Card
BK-2024-03486,2024-10-07,2024-12-24,C03215,PK10,AG00,2,0,1075,0.1,Completed,Bank Transfer
BK-2024-03487,2024-10-07,2025-03-22,C04782,PK12,AG06,2,0,5280,0.1,Completed,Card
BK-2024-03488,2024-10-07,2024-12-13,C05484,PK15,AG00,2,0,4710,0.1,Completed,Card
BK-2024-03489,2024-10-08,2025-01-18,C00324,PK06,AG10,2,0,1580,0.0,Completed,Card
BK-2024-03490,2024-10-08,2025-01-05,C00339,PK11,AG04,2,2,4935,0.0,Completed,Card
BK-2024-03491,2024-10-08,2025-02-03,C00606,PK12,AG00,1,0,5280,0.1,Completed,Bank Transfer
BK-2024-03492,2024-10-08,2025-01-08,C00627,PK14,AG03,2,0,5185,0.0,Completed,PayPal
BK-2024-03493,2024-10-08,2024-10-25,C00736,PK09,AG00,2,2,3140,0.05,Completed,PayPal
BK-2024-03494,2024-10-08,2024-12-05,C01119,PK08,AG01,2,1,1425,0.0,Completed,Card
BK-2024-03495,2024-10-08,2024-12-24,C01194,PK06,AG10,2,0,1510,0.0,Completed,Card
BK-2024-03496,2024-10-08,2024-10-30,C02139,PK02,AG03,1,0,460,0.0,Completed,M-Pesa
BK-2024-03497,2024-10-08,2024-12-16,C02364,PK05,AG13,4,0,940,0.1,Cancelled,Card
BK-2024-03498,2024-10-08,2025-01-20,C02654,PK17,AG00,2,0,12395,0.1,Completed,Bank Transfer
BK-2024-03499,2024-10-08,2025-02-05,C03015,PK10,AG06,2,0,980,0.0,Completed,Bank Transfer
BK-2024-03500,2024-10-08,2024-10-29,C03175,PK17,AG00,2,2,11835,0.0,Completed,Card
BK-2024-03501,2024-10-08,2025-01-20,C03530,PK09,AG02,2,0,3290,0.0,Completed,Card
BK-2024-03502,2024-10-08,2024-10-24,C03840,PK02,AG11,2,0,460,0.05,Cancelled,M-Pesa
BK-2024-03503,2024-10-08,2025-01-23,C03971,PK18,AG06,2,3,6580,0.0,Completed,PayPal
BK-2024-03504,2024-10-08,2024-11-08,C04138,PK08,AG01,2,0,1240,0.15,Completed,M-Pesa
BK-2024-03505,2024-10-08,2024-10-24,C04234,PK01,AG04,2,3,505,0.0,Cancelled ,PayPal
BK-2024-03506,2024-10-08,2024-11-16,C04484,PK01,AG04,2,0,440,0.0,Completed,Card
BK-2024-03507,2024-10-08,2025-02-10,C05436,PK06,AG04,2,0,1375,0.1,Completed,Bank Transfer
BK-2024-03508,2024-10-08,2024-10-17,C05508,PK02,AG03,2,0,460,0.0,Completed,Card
BK-2024-03509,2024-10-09,2024-12-17,C03182,PK16,AG02,2,0,5555,0.1,Completed,Card
BK-2024-03510,2024-10-09,2025-02-15,C04892,PK07,AG03,2,2,2585,0.1,Cancelled,PayPal
BK-2024-03511,2024-10-09,2024-10-17,C05974,PK06,AG00,2,0,1510,0.0,Completed,Card
BK-2024-03512,2024-10-09,2024-12-01,C06226,PK10,AG11,2,0,1075,0.05,Completed,Card
BK-2024-03513,2024-10-10,2025-12-07,C00388,PK14,AG04,1,0,5185,0.0,Completed,Card
BK-2024-03514,2024-10-10,2024-10-21,C00518,PK01,AG08,2,3,505,0.0,Completed,Bank Transfer
BK-2024-03515,2024-10-10,2024-12-02,C00823,PK05,AG02,2,2,940,0.05,Cancelled,PayPal
BK-2024-03516,2024-10-10,2025-02-14,C01234,PK18,AG00,1,0,5720,0.05,Completed,Bank Transfer
BK-2024-03517,2024-10-10,2024-12-14,C02084,PK13,AG08,2,3,7485,0.0,Completed,PayPal
BK-2024-03518,2024-10-10,2024-11-16,C02194,PK02,AG00,1,0,400,0.05,Completed,Card
BK-2024-03519,2024-10-10,2025-01-10,C02836,PK06,AG00,2,0,1580,0.0,Completed,Bank Transfer
BK-2024-03520,2024-10-10,2025-03-20,C03140,PK18,AG09,2,0,5720,0.1,Completed,Card
BK-2024-03521,2024-10-10,2024-10-19,C04230,PK01,AG00,2,0,505,0.05,Cancelled,Bank Transfer
BK-2024-03522,2024-10-10,2025-03-28,C04569,PK17,AG00,2,0,10780,0.0,Completed,PayPal
BK-2024-03523,2024-10-10,2025-01-25,C04773,PK12,AG01,4,0,6070,0.1,Completed,Bank Transfer
BK-2024-03524,2024-10-10,2025-01-28,C05218,PK15,AG07,2,0,4935,0.05,Completed,Card
BK-2024-03525,2024-10-10,2024-10-28,C05393,PK01,AG06,2,0,505,0.0,Completed,Card
BK-2024-03526,2024-10-11,2025-01-27,C00444,PK13,AG04,2,2,7845,0.05,Completed,Bank Transfer
BK-2024-03527,2024-10-11,2024-12-01,C00568,PK06,AG08,2,0,1510,0.0,Completed,Card
BK-2024-03528,2024-10-11,2024-10-25,C00901,PK03,AG11,1,0,650,0.0,Completed,M-Pesa
BK-2024-03529,2024-10-11,2024-12-13,C01137,PK02,AG10,1,0,460,0.15,Completed,Card
BK-2024-03530,2024-10-11,2024-12-16,C01282,PK09,AG04,1,0,3140,,Completed,PayPal
BK-2024-03531,2024-10-11,2024-10-14,C02556,PK01,AG03,1,0,505,0.05,Completed,PayPal
BK-2024-03532,2024-10-11,2025-01-12,C02711,PK17,AG00,2,0,12395,0.1,Completed,Bank Transfer
BK-2024-03533,2024-10-11,2025-02-10,C02909,PK18,AG03,2,0,5720,0.1,Cancelled,M-Pesa
BK-2024-03534,2024-10-11,2025-02-05,C02940,PK04,AG13,7,0,550,0.1,Completed,Bank Transfer
BK-2024-03535,2024-10-11,2025-01-15,C03193,PK10,AG00,2,0,1125,0.1,Completed,Card
BK-2024-03536,2024-10-11,2024-10-17,C03674,PK08,AG07,1,0,1425,0.05,Completed ,Card
BK-2024-03537,2024-10-11,2025-01-29,C03868,PK16,AG00,2,0,5820,0.0,COMPLETED,Card
BK-2024-03538,2024-10-11,2025-01-21,C04077,PK15,AG13,5,0,4935,0.1,Completed,PayPal
BK-2024-03539,2024-10-11,2024-12-11,C04725,PK15,AG04,2,0,4710,0.0,Completed,Card
BK-2024-03540,2024-10-11,2024-12-06,C05157,PK12,AG08,2,3,5795,0.0,Completed,Card
BK-2024-03541,2024-10-11,2024-12-09,C05768,PK07,AG13,11,0,2840,0.0,Completed,PayPal
BK-2024-03542,2024-10-11,2025-07-31,C06393,PK10,AG00,2,0,1125,0.15,Completed,PayPal
BK-2024-03543,2024-10-12,2025-08-27,C00412,PK18,AG03,2,3,6580,0.05,Completed,PayPal
BK-2024-03544,2024-10-12,2024-11-06,C03259,PK09,AG00,2,1,2730,0.05,Completed,Card
BK-2024-03545,2024-10-12,2024-11-11,C03310,PK02,AG00,2,3,400,0.05,Completed,Bank Transfer
BK-2024-03546,2024-10-12,2024-12-24,C03655,PK08,AG06,2,0,1425,0.0,Completed,Card
BK-2024-03547,2024-10-12,2025-02-28,C04472,PK16,AG00,2,0,5060,0.1,Completed,Bank Transfer
BK-2024-03548,2024-10-12,2024-11-03,C04960,PK11,AG10,2,3,4095,0.0,Completed,M-Pesa
BK-2024-03549,2024-10-12,2025-01-10,C05176,PK03,AG01,9,0,685,0.05,Completed,PayPal
BK-2024-03550,2024-10-12,2024-12-15,C05908,PK11,AG04,2,2,4710,0.05,Cancelled,Bank Transfer
BK-2024-03551,2024-10-12,2024-12-30,C06046,PK01,AG00,1,0,505,0.15,Completed,PayPal
BK-2024-03552,2024-10-12,2025-02-04,C06082,PK02,AG00,2,0,420,,Completed,Bank Transfer
BK-2024-03553,2024-10-12,2024-10-19,C06179,PK13,AG03,1,0,7485,0.0,Completed,Bank Transfer
BK-2024-03554,2024-10-13,2024-10-26,C00585,PK05,AG00,2,0,940,0.0,Completed,Bank Transfer
BK-2024-03555,2024-10-13,2024-12-16,C01080,PK06,AG03,2,0,1510,0.05,Completed,M-Pesa
BK-2024-03556,2024-10-13,2024-11-02,C01134,PK03,AG06,2,0,565,0.05,Completed,Card
BK-2024-03557,2024-10-13,2024-11-11,C02947,PK06,AG00,2,0,1310,0.1,completed,Card
BK-2024-03558,2024-10-13,2024-12-06,C04049,PK17,AG09,7,0,11835,0.1,completed,Card
BK-2024-03559,2024-10-13,2024-12-21,C04112,PK06,AG00,9,0,1510,0.0,Completed,Card
BK-2024-03560,2024-10-13,2025-03-25,C04389,PK13,AG00,2,0,6820,0.0,Completed,Card
BK-2024-03561,2024-10-13,2024-10-30,C05860,PK07,AG03,2,0,2840,0.0,Completed,Card
BK-2024-03562,2024-10-13,2025-01-29,C06311,PK13,AG00,4,0,7845,0.05,Completed,Bank Transfer
BK-2024-03563,2024-10-14,2025-03-28,C00213,PK09,AG10,2,3,2860,0.0,Completed,PayPal
BK-2024-03564,2024-10-14,2025-01-07,C00592,PK09,AG04,2,1,3290,0.1,Completed,Card
BK-2024-03565,2024-10-14,2024-11-14,C00666,PK01,AG01,9,0,440,0.0,Completed,Card
BK-2024-03566,2024-10-14,2025-01-19,C00804,PK18,AG06,2,0,6580,0.0,Completed,Bank Transfer
BK-2024-03567,2024-10-14,2024-10-25,C01287,PK13,AG00,2,2,7485,0.15,Completed,Card
BK-2024-03568,2024-10-14,2025-02-06,C01529,PK06,AG07,2,2,1375,0.0,Completed,Card
BK-2024-03569,2024-10-14,2024-11-14,C01842,PK01,AG02,2,0,440,0.05,Completed,Bank Transfer
BK-2024-03570,2024-10-14,2024-12-20,C02102,PK06,AG08,2,1,1510,0.1,Completed,Card
BK-2024-03571,2024-10-14,2024-10-22,C02216,PK01,AG11,1,0,505,0.0,Completed,Card
BK-2024-03572,2024-10-14,2024-12-08,C02590,PK06,AG03,6,0,1510,0.1,Completed,Card
BK-2024-03573,2024-10-14,2025-07-03,C04827,PK14,AG05,2,1,5185,0.05,Completed,Bank Transfer
BK-2024-03574,2024-10-14,2024-11-06,C04986,PK03,AG07,1,0,565,0.0,Completed,Bank Transfer
BK-2024-03575,2024-10-14,2025-01-03,C05277,PK14,AG01,1,0,5185,0.0,Completed,Bank Transfer
BK-2024-03575,2024-10-14,2025-01-03,C05277,PK14,AG01,1,0,5185,0.0,Completed,Bank Transfer
BK-2024-03576,2024-10-14,2024-11-01,C05377,PK10,AG03,11,0,935,0.1,Completed,Bank Transfer
BK-2024-03577,2024-10-14,2024-11-15,C05622,PK07,AG06,2,0,2470,0.0,Cancelled,M-Pesa
BK-2024-03578,2024-10-14,2024-12-13,C06099,PK12,AG00,1,0,5795,0.0,Completed,PayPal
BK-2024-03579,2024-10-15,2024-12-22,C00735,PK07,AG00,2,2,2840,0.0,Completed,Bank Transfer
BK-2024-03580,2024-10-15,2025-01-01,C01079,PK11,AG04,2,3,4935,0.05,Completed,M-Pesa
BK-2024-03581,2024-10-15,2025-06-25,C01655,PK18,AG03,1,0,5720,0.1,completed,Card
BK-2024-03582,2024-10-15,2025-02-16,C02498,PK10,AG02,2,0,980,0.0,Cancelled,Card
BK-2024-03583,2024-10-15,2024-10-29,C02750,PK04,AG03,8,0,605,0.0,Canceled,PayPal
BK-2024-03584,2024-10-15,2024-12-07,C03174,PK06,AG04,1,0,1510,0.1,Completed,M-Pesa
BK-2024-03585,2024-10-15,2025-01-12,C03968,PK12,AG03,7,0,6070,0.1,Completed,PayPal
BK-2024-03586,2024-10-15,2024-12-31,C04241,PK15,AG04,8,0,4710,0.0,Completed,Card
BK-2024-03587,2024-10-15,2024-10-30,C05049,PK06,AG03,2,3,1510,0.0,Completed,Card
BK-2024-03588,2024-10-15,2024-12-19,C05300,PK05,AG00,2,0,940,0.0,Completed,Bank Transfer
BK-2024-03589,2024-10-15,2025-08-22,C05449,PK14,AG05,2,1,5185,0.15,Completed,Card
BK-2024-03590,2024-10-15,2025-01-14,C05917,PK10,AG02,1,0,1125,0.05,Completed,Card
BK-2024-03591,2024-10-16,2024-11-04,C00296,PK07,AG05,10,0,2470,0.05,Completed,Card
BK-2024-03592,2024-10-16,2024-10-19,C01375,PK17,AG00,2,2,11835,0.0,COMPLETED,Card
BK-2024-03593,2024-10-16,2025-02-12,C02017,PK16,AG06,2,0,5060,0.05,Completed,Bank Transfer
BK-2024-03594,2024-10-16,2024-12-21,C02290,PK06,AG01,2,1,1510,0.0,Completed,Card
BK-2024-03595,2024-10-16,2024-11-28,C02614,PK06,AG05,4,0,1310,0.15,Completed,M-Pesa
BK-2024-03596,2024-10-16,2024-12-14,C03732,PK12,AG07,2,0,5795,0.1,Completed,Card
BK-2024-03597,2024-10-16,2024-10-23,C03746,PK05,AG00,2,0,940,0.0,Completed,Card
BK-2024-03598,2024-10-16,2024-10-29,C03850,PK09,AG00,6,0,3140,0.1,Completed,Card
BK-2024-03599,2024-10-16,2025-03-09,C04054,PK14,AG10,2,0,4510,0.05,Cancelled ,M-Pesa
BK-2024-03600,2024-10-16,2025-01-18,C04262,PK06,AG06,2,0,1580,0.0,Completed ,PayPal
BK-2024-03601,2024-10-16,2025-06-11,C04853,PK16,AG11,1,0,5060,0.0,Completed,Card
BK-2024-03602,2024-10-16,2024-12-25,C04964,PK11,AG00,2,0,4710,0.0,Completed,Bank Transfer
BK-2024-03603,2024-10-17,2024-12-06,C00048,PK07,AG08,2,0,2840,0.0,Canceled,PayPal
BK-2024-03604,2024-10-17,2025-02-21,C00050,PK16,AG08,2,0,5060,0.05,completed,Bank Transfer
BK-2024-03605,2024-10-17,2025-07-17,C00171,PK15,AG12,5,0,4935,0.0,COMPLETED,Bank Transfer
BK-2024-03606,2024-10-17,2024-12-25,C00927,PK08,AG02,1,0,1425,0.0,Completed,Bank Transfer
BK-2024-03607,2024-10-17,2024-10-24,C02146,PK03,AG00,2,0,650,0.0,Cancelled,Card
BK-2024-03608,2024-10-17,2025-03-23,C02855,PK06,AG01,1,0,1375,0.15,Cancelled,Bank Transfer
BK-2024-03609,2024-10-17,2025-08-20,C03066,PK13,AG00,2,0,7845,,Completed,Bank Transfer
BK-2024-03610,2024-10-17,2024-11-14,C03703,PK05,AG04,2,1,820,0.15,Completed,Card
BK-2024-03611,2024-10-17,2025-02-27,C04232,PK14,AG00,2,3,4510,0.05,Completed,Card
BK-2024-03612,2024-10-17,2024-12-04,C04370,PK13,AG03,2,2,7485,0.1,Cancelled,Bank Transfer
BK-2024-03613,2024-10-17,2025-01-25,C04954,PK12,AG03,2,0,6070,0.0,Completed,Card
BK-2024-03614,2024-10-17,2024-11-20,C05028,PK04,AG02,7,0,525,0.1,Completed,M-Pesa
BK-2024-03615,2024-10-17,2024-11-13,C05508,PK15,AG03,2,0,4095,0.05,Completed,Bank Transfer
BK-2024-03616,2024-10-17,2024-12-02,C05523,PK09,AG11,2,1,3140,0.0,Completed,Card
BK-2024-03617,2024-10-17,2024-11-11,C05642,PK03,AG00,2,1,565,0.05,Completed,Bank Transfer
BK-2024-03618,2024-10-17,2024-12-30,C05643,PK08,AG05,2,1,1425,0.0,Completed,Card
BK-2024-03619,2024-10-17,2024-11-17,C06298,PK09,AG00,2,0,2730,0.0,Completed,M-Pesa
BK-2024-03620,2024-10-17,2024-10-24,C06340,PK14,AG12,9,0,4950,0.1,Completed,Card
BK-2024-03621,2024-10-18,2024-12-17,C01967,PK13,AG06,1,0,7485,0.0,Completed,Card
BK-2024-03622,2024-10-18,2025-07-28,C02574,PK08,AG03,1,0,1495,0.0,Completed,M-Pesa
BK-2024-03623,2024-10-18,2024-10-31,C02738,PK04,AG03,1,0,605,0.0,Completed,M-Pesa
BK-2024-03624,2024-10-18,2025-02-21,C03305,PK17,AG00,2,0,10780,0.0,Completed,Card
BK-2024-03625,2024-10-18,2024-11-03,C03675,PK01,AG07,2,0,440,0.05,Completed,Card
BK-2024-03626,2024-10-18,2025-01-21,C03732,PK09,AG00,2,0,3290,0.05,Completed,PayPal
BK-2024-03627,2024-10-18,2025-07-28,C04476,PK12,AG00,2,0,6070,0.05,Completed,Card
BK-2024-03628,2024-10-18,2025-02-12,C05643,PK07,AG06,2,3,2585,0.0,Completed,Card
BK-2024-03629,2024-10-19,2024-11-05,C00193,PK03,AG04,2,3,565,0.05,completed,M-Pesa
BK-2024-03630,2024-10-19,2025-07-11,C00336,PK14,AG00,2,0,5185,0.0,Completed,Card
BK-2024-03631,2024-10-19,2025-02-15,C00663,PK08,AG00,2,0,1300,0.05,Cancelled,Bank Transfer
BK-2024-03632,2024-10-19,2025-01-25,C00666,PK10,AG09,5,0,1125,,Completed ,Bank Transfer
BK-2024-03633,2024-10-19,2024-12-29,C01286,PK03,AG04,2,0,650,0.0,Completed,Card
BK-2024-03634,2024-10-19,2024-11-01,C02200,PK05,AG00,2,0,820,0.0,Completed,Card
BK-2024-03635,2024-10-19,2024-12-26,C02292,PK17,AG02,2,2,11835,0.05,Completed,Card
BK-2024-03636,2024-10-19,2024-11-27,C02538,PK15,AG05,2,3,4095,0.05,Completed,M-Pesa
BK-2024-03637,2024-10-19,2024-12-25,C02637,PK07,AG05,2,3,2840,0.05,Completed,Bank Transfer
BK-2024-03638,2024-10-19,2024-12-05,C04315,PK01,AG06,2,0,505,0.0,Completed,Bank Transfer
BK-2024-03639,2024-10-19,2024-10-29,C04321,PK01,AG10,1,0,505,0.0,Completed,Card
BK-2024-03640,2024-10-19,2024-12-16,C04413,PK07,AG09,2,0,2840,0.0,Completed,Bank Transfer
BK-2024-03641,2024-10-19,2024-11-25,C04550,PK01,AG00,2,2,440,0.05,Completed,M-Pesa
BK-2024-03642,2024-10-19,2024-12-15,C04837,PK11,AG01,2,0,4710,0.1,Completed,Card
BK-2024-03643,2024-10-19,2024-11-11,C05964,PK01,AG00,1,0,440,0.0,Completed,Card
BK-2024-03644,2024-10-20,2025-02-13,C01213,PK09,AG05,2,3,2860,0.05,Completed,Card
BK-2024-03645,2024-10-20,2024-11-25,C01599,PK15,AG10,8,0,4095,0.1,Completed,PayPal
BK-2024-03646,2024-10-20,2024-12-28,C01975,PK03,AG00,2,0,650,0.05,Completed,Card
BK-2024-03647,2024-10-20,2024-10-30,C02083,PK02,AG03,2,2,460,0.0,Completed ,Bank Transfer
BK-2024-03648,2024-10-20,2024-11-15,C03128,PK02,AG00,2,0,400,0.0,Completed,Card
BK-2024-03649,2024-10-20,2024-12-21,C03878,PK08,AG03,2,0,1425,0.05,Completed,Bank Transfer
BK-2024-03650,2024-10-20,2024-11-18,C04320,PK07,AG03,1,0,2470,0.0,Completed,Bank Transfer
BK-2024-03651,2024-10-20,2025-02-21,C05742,PK08,AG00,2,0,1300,0.15,Completed ,Bank Transfer
BK-2024-03652,2024-10-20,2025-02-01,C05893,PK11,AG07,5,0,4290,0.1,Completed,Card
BK-2024-03653,2024-10-20,2024-12-01,C06398,PK02,AG08,2,2,460,0.0,Completed,M-Pesa
BK-2024-03654,2024-10-20,2025-01-04,C06430,PK11,AG00,7,0,4935,,Canceled,PayPal
BK-2024-03655,2024-10-21,2024-11-25,C00063,PK08,AG09,12,0,1240,0.1,Completed,M-Pesa
BK-2024-03656,2024-10-21,2025-02-14,C02031,PK14,AG01,2,1,4510,0.0,Completed,Card
BK-2024-03657,2024-10-21,2024-11-01,C02333,PK09,AG00,2,0,2730,0.05,Completed,PayPal
BK-2024-03658,2024-10-21,2025-01-05,C02760,PK06,AG02,6,0,1580,0.05,Completed,Bank Transfer
BK-2024-03659,2024-10-21,2024-11-01,C03101,PK06,AG04,2,0,1310,0.0,Completed,Bank Transfer
BK-2024-03660,2024-10-21,2025-01-04,C03262,PK01,AG00,1,0,530,0.0,Completed,Card
BK-2024-03661,2024-10-21,2025-01-01,C03382,PK11,AG00,6,0,4935,0.05,Completed,PayPal
BK-2024-03662,2024-10-21,2024-12-12,C03458,PK04,AG10,2,0,605,0.0,Completed,Bank Transfer
BK-2024-03663,2024-10-21,2025-03-13,C04055,PK09,AG10,1,0,2860,0.0,Completed,Bank Transfer
BK-2024-03664,2024-10-21,2024-11-18,C04301,PK18,AG00,6,0,5460,0.0,Completed,PayPal
BK-2024-03665,2024-10-21,2024-11-21,C05001,PK01,AG02,2,1,440,0.0,Canceled,Bank Transfer
BK-2024-03666,2024-10-21,2025-01-11,C05465,PK08,AG00,2,0,1495,0.0,cancelled,Card
BK-2024-03667,2024-10-21,2024-11-01,C05835,PK04,AG04,9,0,525,0.05,Completed ,Bank Transfer
BK-2024-03668,2024-10-22,2024-12-03,C00443,PK03,AG00,2,3,650,0.0,Completed,Card
BK-2024-03669,2024-10-22,2025-12-26,C00453,PK17,AG05,2,1,12395,0.0,Canceled,Bank Transfer
BK-2024-03670,2024-10-22,2025-09-23,C01187,PK12,AG04,2,0,6070,0.0,Completed,M-Pesa
BK-2024-03671,2024-10-22,2025-09-13,C02295,PK18,AG04,9,0,6580,,Completed,Bank Transfer
BK-2024-03672,2024-10-22,2025-01-25,C02648,PK07,AG00,2,0,2975,0.0,Completed,Bank Transfer
BK-2024-03673,2024-10-22,2024-11-23,C03063,PK07,AG05,9,0,2470,0.1,Cancelled,Card
BK-2024-03674,2024-10-22,2025-05-08,C03363,PK15,AG00,2,0,4290,0.0,Completed,Card
BK-2024-03675,2024-10-22,2024-11-11,C03500,PK01,AG08,2,0,440,0.0,Completed,M-Pesa
BK-2024-03676,2024-10-22,2025-02-15,C03589,PK13,AG00,2,0,6820,0.0,Completed,Card
BK-2024-03677,2024-10-22,2025-08-09,C04125,PK13,AG04,2,0,7845,0.0,Completed,Card
BK-2024-03678,2024-10-22,2024-12-03,C05142,PK03,AG12,7,0,650,0.0,Completed,Card
BK-2024-03679,2024-10-22,2025-09-22,C05360,PK16,AG00,7,0,5820,0.0,Completed,Bank Transfer
BK-2024-03680,2024-10-22,2025-01-19,C05830,PK11,AG02,2,3,4935,0.0,Completed,Bank Transfer
BK-2024-03681,2024-10-22,2025-01-28,C06149,PK13,AG12,4,0,7845,0.0,COMPLETED,Bank Transfer
BK-2024-03682,2024-10-22,2025-01-24,C06283,PK17,AG07,2,0,12395,0.0,Completed,Card
BK-2024-03683,2024-10-23,2024-12-08,C01760,PK15,AG00,7,0,4710,0.15,Completed,Card
BK-2024-03684,2024-10-23,2024-11-30,C02007,PK01,AG07,2,0,440,0.0,Cancelled,PayPal
BK-2024-03685,2024-10-23,2025-04-09,C03062,PK16,AG00,10,0,5060,0.0,Completed,Bank Transfer
BK-2024-03686,2024-10-23,2024-12-19,C03783,PK07,AG00,2,0,2840,0.0,Completed,Bank Transfer
BK-2024-03687,2024-10-23,2024-11-23,C04196,PK01,AG00,2,0,440,0.0,Completed,Card
BK-2024-03688,2024-10-23,2025-02-18,C04310,PK11,AG00,2,0,4290,0.0,completed,Card
BK-2024-03689,2024-10-23,2025-03-08,C04356,PK13,AG11,6,0,6820,0.1,Completed,Card
BK-2024-03690,2024-10-23,2024-11-20,C04591,PK01,AG04,5,0,440,0.0,Completed,Bank Transfer
BK-2024-03691,2024-10-23,2025-01-10,C04882,PK17,AG05,2,0,12395,0.0,Cancelled,Bank Transfer
BK-2024-03692,2024-10-23,2024-11-27,C05373,PK11,AG08,2,0,4095,0.0,Completed,Card
BK-2024-03693,2024-10-23,2025-03-11,C05801,PK18,AG03,1,0,5720,0.05,Completed,Bank Transfer
BK-2024-03694,2024-10-23,2024-12-17,C05898,PK09,AG10,2,0,3140,0.0,Completed ,Bank Transfer
BK-2024-03695,2024-10-23,2025-02-05,C05994,PK06,AG10,7,0,1375,0.0,Completed,Card
BK-2024-03696,2024-10-23,2024-12-06,C06329,PK11,AG13,8,0,4710,0.1,Completed,M-Pesa
BK-2024-03697,2024-10-23,2024-10-26,C06347,PK01,AG05,2,0,505,0.1,Completed,Card
BK-2024-03698,2024-10-24,2025-01-16,C00083,PK17,AG07,2,0,12395,,Completed,Card
BK-2024-03699,2024-10-24,2024-12-16,C00657,PK09,AG04,2,1,3140,0.0,Completed,PayPal
BK-2024-03700,2024-10-24,2024-12-05,C01499,PK14,AG06,2,0,4950,0.15,Completed,Bank Transfer
BK-2024-03701,2024-10-24,2024-12-29,C01507,PK08,AG04,2,1,1425,,Completed,Bank Transfer
BK-2024-03702,2024-10-24,2025-02-17,C01540,PK06,AG06,12,0,1375,0.1,Completed,Card
BK-2024-03703,2024-10-24,2025-03-29,C01608,PK17,AG12,10,0,10780,0.1,Completed,Card
BK-2024-03704,2024-10-24,2024-11-02,C01627,PK04,AG00,2,0,525,0.0,Completed,Card
BK-2024-03705,2024-10-24,2024-12-04,C02494,PK12,AG06,2,0,5795,0.0,Completed,PayPal
BK-2024-03706,2024-10-24,2024-12-20,C02527,PK15,AG00,2,1,4710,0.05,Completed,Card
BK-2024-03707,2024-10-24,2025-01-30,C02656,PK09,AG02,1,0,3290,0.05,Canceled,Bank Transfer
BK-2024-03708,2024-10-24,2024-12-28,C03031,PK14,AG11,2,0,4950,0.0,Completed,Bank Transfer
BK-2024-03709,2024-10-24,2025-01-16,C03340,PK14,AG08,2,2,5185,0.0,Cancelled,Card
BK-2024-03710,2024-10-24,2025-05-10,C03558,PK16,AG07,2,3,5060,0.0,Completed,PayPal
BK-2024-03711,2024-10-24,2024-12-15,C05112,PK07,AG01,6,0,2840,0.05,Completed,PayPal
BK-2024-03712,2024-10-25,2024-12-11,C00292,PK03,AG10,2,1,650,0.0,Completed,Card
BK-2024-03713,2024-10-25,2025-02-26,C00585,PK09,AG05,2,0,2860,0.0,Completed,Bank Transfer
BK-2024-03714,2024-10-25,2025-02-12,C00878,PK16,AG01,9,0,5060,0.05,Completed,PayPal
BK-2024-03715,2024-10-25,2024-12-01,C01456,PK13,AG11,5,0,7485,0.0,Completed,M-Pesa
BK-2024-03716,2024-10-25,2024-12-09,C01577,PK03,AG06,6,0,650,0.0,Completed,Bank Transfer
BK-2024-03717,2024-10-25,2024-12-13,C01663,PK06,AG00,1,0,1510,0.0,Completed,Bank Transfer
BK-2024-03718,2024-10-25,2025-03-04,C02731,PK11,AG00,2,3,4290,0.0,Cancelled,Card
BK-2024-03719,2024-10-25,2024-11-07,C03063,PK06,AG12,9,0,1310,0.1,Cancelled,PayPal
BK-2024-03720,2024-10-25,2025-03-08,C03243,PK18,AG10,1,0,5720,0.0,Completed,Card
BK-2024-03721,2024-10-25,2025-01-17,C03869,PK07,AG12,5,0,2975,0.05,Completed,M-Pesa
BK-2024-03722,2024-10-25,2025-01-28,C04319,PK11,AG00,10,0,4935,0.0,Completed,PayPal
BK-2024-03723,2024-10-25,2025-02-03,C04498,PK16,AG01,2,0,5060,0.0,Completed,Bank Transfer
BK-2024-03724,2024-10-25,2025-08-25,C05419,PK16,AG00,1,0,5820,0.1,Completed,Bank Transfer
BK-2024-03725,2024-10-25,2024-12-13,C05885,PK14,AG05,4,0,4950,0.0,Completed,Card
BK-2024-03726,2024-10-25,2024-12-11,C06025,PK12,AG00,2,3,5795,0.05,Completed,Bank Transfer
BK-2024-03727,2024-10-26,2024-11-08,C01480,PK14,AG07,1,0,4305,0.0,Completed,Card
BK-2024-03728,2024-10-26,2024-12-28,C01638,PK06,AG11,2,2,1510,0.05,Completed,Card
BK-2024-03729,2024-10-26,2024-11-24,C01684,PK03,AG05,5,0,565,0.0,Cancelled,M-Pesa
BK-2024-03730,2024-10-26,2025-02-21,C03005,PK18,AG00,9,0,5720,0.1,Completed,Card
BK-2024-03731,2024-10-26,2024-12-29,C04409,PK06,AG00,1,0,1510,0.1,Completed,PayPal
BK-2024-03732,2024-10-26,2025-02-18,C04486,PK17,AG00,9,0,10780,0.05,Cancelled,Card
BK-2024-03733,2024-10-27,2025-01-15,C00515,PK06,AG07,2,2,1580,0.05,Completed,M-Pesa
BK-2024-03734,2024-10-27,2025-01-13,C01473,PK03,AG06,2,0,685,0.0,Completed,Card
BK-2024-03735,2024-10-27,2025-01-09,C01475,PK17,AG07,9,0,12395,0.1,Completed,M-Pesa
BK-2024-03736,2024-10-27,2024-12-09,C02520,PK09,AG07,1,0,3140,0.0,Completed,Bank Transfer
BK-2024-03737,2024-10-27,2024-12-22,C03297,PK11,AG00,2,0,4710,0.0,Completed,Card
BK-2024-03738,2024-10-27,2025-01-16,C05008,PK07,AG07,1,0,2975,0.0,Completed,Bank Transfer
BK-2024-03739,2024-10-27,2025-01-23,C05070,PK10,AG00,8,0,1125,0.0,Completed ,Card
BK-2024-03740,2024-10-27,2024-12-14,C05284,PK03,AG00,2,2,650,0.0,Completed,Bank Transfer
BK-2024-03741,2024-10-27,2024-12-28,C05489,PK14,AG00,2,0,4950,0.0,Completed,Card
BK-2024-03742,2024-10-27,2024-12-02,C05693,PK05,AG11,1,0,940,,Completed,Card
BK-2024-03743,2024-10-27,2024-12-09,C06139,PK03,AG08,7,0,650,0.05,Completed,Card
BK-2024-03744,2024-10-27,2025-01-20,C06141,PK02,AG11,2,0,480,0.1,Completed,Card
BK-2024-03745,2024-10-28,2024-12-18,C00414,PK02,AG04,2,0,460,0.0,Completed,Bank Transfer
BK-2024-03746,2024-10-28,2025-01-17,C00519,PK12,AG00,2,2,6070,0.05,Completed,Card
BK-2024-03747,2024-10-28,2025-01-28,C01304,PK06,AG00,2,0,1580,0.0,Completed,PayPal
BK-2024-03748,2024-10-28,2025-01-05,C01638,PK01,AG01,2,3,530,0.0,Completed,M-Pesa
BK-2024-03749,2024-10-28,2025-01-24,C01675,PK11,AG07,8,0,4935,0.1,Cancelled,Card
BK-2024-03750,2024-10-28,2025-02-12,C01686,PK16,AG03,2,3,5060,0.0,CANCELLED,Card
BK-2024-03751,2024-10-28,2024-12-09,C01885,PK08,AG11,2,0,1425,0.0,Completed,Bank Transfer
BK-2024-03752,2024-10-28,2025-07-15,C02178,PK13,AG00,2,3,7845,0.05,completed,M-Pesa
BK-2024-03753,2024-10-28,2024-11-27,C02548,PK17,AG10,2,0,10290,,Completed,M-Pesa
BK-2024-03754,2024-10-28,2024-11-29,C03096,PK06,AG06,2,1,1310,0.05,Completed,Card
BK-2024-03755,2024-10-28,2025-01-04,C04915,PK11,AG04,1,0,4935,0.15,Completed,M-Pesa
BK-2024-03756,2024-10-29,2025-01-03,C00552,PK14,AG01,1,0,5185,0.05,Completed,Card
BK-2024-03757,2024-10-29,2024-11-02,C01485,PK06,AG01,4,0,1310,0.15,Completed,Card
BK-2024-03758,2024-10-29,2025-06-05,C01856,PK15,AG04,2,2,4290,0.0,Completed,Card
BK-2024-03759,2024-10-29,2025-01-10,C02755,PK13,AG00,9,0,7845,0.0,Cancelled,PayPal
BK-2024-03760,2024-10-29,2025-08-18,C03297,PK18,AG04,2,0,6580,0.05,Completed,M-Pesa
BK-2024-03761,2024-10-29,2024-12-11,C03470,PK09,AG10,2,0,3140,0.0,Completed,Bank Transfer
BK-2024-03762,2024-10-29,2025-01-06,C03560,PK15,AG00,2,0,4935,0.1,Completed ,PayPal
BK-2024-03763,2024-10-29,2024-11-06,C04907,PK03,AG05,2,0,565,0.05,Completed,PayPal
BK-2024-03764,2024-10-29,2024-11-27,C05567,PK06,AG02,2,2,1310,0.0,Completed,PayPal
BK-2024-03765,2024-10-29,2025-10-30,C06467,PK16,AG04,2,0,5820,0.0,Completed,PayPal
BK-2024-03766,2024-10-30,2025-01-27,C00150,PK08,AG04,6,0,1495,0.05,Cancelled,Bank Transfer
BK-2024-03767,2024-10-30,2024-11-30,C00282,PK01,AG09,2,1,440,0.0,Completed,Card
BK-2024-03768,2024-10-30,2025-03-28,C02864,PK17,AG07,2,0,10780,0.05,Completed,PayPal
BK-2024-03769,2024-10-30,2025-01-10,C03106,PK13,AG05,1,0,7845,0.05,Completed,Card
BK-2024-03770,2024-10-30,2025-02-05,C03512,PK13,AG12,3,0,6820,0.15,Completed,PayPal
BK-2024-03771,2024-10-30,2024-12-03,C03734,PK06,AG05,2,0,1510,0.0,Completed,Card
BK-2024-03772,2024-10-30,2025-01-07,C03885,PK01,AG00,5,0,530,0.05,Completed,Card
BK-2024-03773,2024-10-30,2025-02-27,C04100,PK15,AG13,4,0,4290,0.1,Completed,Bank Transfer
BK-2024-03774,2024-10-30,2025-01-09,C04229,PK05,AG00,2,2,985,0.05,Completed,Bank Transfer
BK-2024-03775,2024-10-30,2025-02-22,C06202,PK13,AG07,2,2,6820,0.0,Completed ,Card
BK-2024-03776,2024-10-31,2025-01-08,C01017,PK15,AG11,1,0,4935,0.0,Completed,Bank Transfer
BK-2024-03777,2024-10-31,2025-02-21,C02215,PK07,AG04,2,1,2585,0.1,Completed,Card
BK-2024-03778,2024-10-31,2025-03-15,C02620,PK06,AG11,1,0,1375,0.1,Completed,Bank Transfer
BK-2024-03779,2024-10-31,2025-01-11,C04085,PK17,AG00,2,0,12395,0.0,Completed,M-Pesa
BK-2024-03780,2024-10-31,2024-12-03,C04412,PK17,AG11,2,2,11835,0.0,Completed,Bank Transfer
BK-2024-03781,2024-10-31,2025-01-08,C05172,PK13,AG02,5,0,7845,0.1,Completed,Bank Transfer
BK-2024-03782,2024-10-31,2025-01-11,C05999,PK02,AG12,6,0,480,0.1,Cancelled,Bank Transfer
BK-2024-03783,2024-10-31,2025-01-09,C06438,PK09,AG00,2,3,3290,0.15,Completed,Card
BK-2024-03784,2024-11-01,2024-12-25,C01031,PK18,AG01,2,1,6280,0.0,Completed,Bank Transfer
BK-2024-03785,2024-11-01,2024-12-21,C01886,PK08,AG01,1,0,1425,0.1,Completed,Card
BK-2024-03786,2024-11-01,2025-01-14,C02930,PK14,AG05,2,3,5185,0.0,Completed,Card
BK-2024-03787,2024-11-01,2024-12-18,C04679,PK05,AG07,2,0,940,0.0,Completed,Card
BK-2024-03788,2024-11-01,2025-01-15,C05377,PK06,AG00,10,0,1580,0.05,Completed,Card
BK-2024-03789,2024-11-01,2024-11-25,C05635,PK02,AG04,5,0,400,0.05,Completed,Card
BK-2024-03790,2024-11-01,2025-03-13,C05676,PK17,AG01,2,0,10780,0.0,Cancelled,Bank Transfer
BK-2024-03791,2024-11-01,2025-03-04,C05748,PK12,AG01,2,0,5280,0.05,Completed,Card
BK-2024-03792,2024-11-01,2025-07-13,C05944,PK06,AG04,2,1,1580,0.05,Completed,Bank Transfer
BK-2024-03793,2024-11-01,2024-12-01,C06481,PK07,AG00,2,0,2840,0.1,Completed,Card
BK-2024-03794,2024-11-02,2024-12-18,C00318,PK07,AG07,1,0,2840,0.1,Completed,Card
BK-2024-03795,2024-11-02,2025-04-23,C00419,PK09,AG02,1,0,2860,0.0,Cancelled,PayPal
BK-2024-03796,2024-11-02,2025-01-31,C01303,PK09,AG05,5,0,3290,0.05,Completed,Bank Transfer
BK-2024-03797,2024-11-02,2025-05-17,C01449,PK18,AG03,2,3,5720,0.05,Cancelled,Card
BK-2024-03797,2024-11-02,2025-05-17,C01449,PK18,AG03,2,3,5720,0.05,Cancelled,Card
BK-2024-03798,2024-11-02,2025-01-05,C02521,PK09,AG08,2,0,3290,0.0,Completed,Bank Transfer
BK-2024-03799,2024-11-02,2024-12-04,C02560,PK15,AG01,2,0,4710,0.1,Completed,M-Pesa
BK-2024-03800,2024-11-02,2024-12-10,C02609,PK02,AG00,2,2,460,0.0,Completed,Card
BK-2024-03801,2024-11-02,2024-12-28,C02812,PK06,AG00,2,0,1510,0.0,Completed,M-Pesa
BK-2024-03802,2024-11-02,2025-01-26,C03429,PK12,AG09,1,0,6070,0.15,Completed,Bank Transfer
BK-2024-03803,2024-11-02,2025-02-23,C03884,PK12,AG03,2,1,5280,0.0,Completed,Card
BK-2024-03804,2024-11-02,2024-11-18,C03887,PK12,AG00,2,0,5040,0.0,Completed,Card
BK-2024-03805,2024-11-02,2024-11-22,C03974,PK05,AG08,1,0,820,0.0,Completed,Card
BK-2024-03806,2024-11-02,2025-06-04,C05900,PK17,AG02,1,0,10780,0.05,Completed,PayPal
BK-2024-03807,2024-11-03,2024-12-03,C01145,PK07,AG00,9,0,2840,0.05,Completed,Bank Transfer
BK-2024-03808,2024-11-03,2025-01-20,C02644,PK14,AG10,2,1,5185,0.0,Completed,Bank Transfer
BK-2024-03809,2024-11-03,2025-09-08,C03109,PK17,AG00,2,0,12395,0.1,Completed,Bank Transfer
BK-2024-03810,2024-11-03,2024-12-11,C03468,PK01,AG02,2,0,505,0.1,Completed ,Card
BK-2024-03811,2024-11-03,2024-12-25,C03689,PK02,AG00,9,0,460,0.05,Completed ,Card
BK-2024-03812,2024-11-03,2025-01-25,C04516,PK06,AG10,2,0,1580,,Completed,M-Pesa
BK-2024-03813,2024-11-03,2024-12-06,C04604,PK08,AG11,2,3,1425,0.0,Completed,M-Pesa
BK-2024-03814,2024-11-03,2024-12-02,C04745,PK04,AG03,1,0,605,0.0,Cancelled,Bank Transfer
BK-2024-03815,2024-11-03,2025-01-10,C05382,PK02,AG10,2,0,480,0.0,Completed,M-Pesa
BK-2024-03816,2024-11-03,2024-12-07,C06403,PK04,AG03,2,3,605,0.1,Completed,Bank Transfer
BK-2024-03817,2024-11-04,2025-07-03,C00532,PK14,AG02,2,0,5185,0.0,Cancelled,Bank Transfer
BK-2024-03818,2024-11-04,2024-12-29,C00567,PK08,AG00,2,0,1425,0.1,Completed,Card
BK-2024-03819,2024-11-04,2025-04-25,C01376,PK06,AG00,2,3,1375,0.05,Completed,Card
BK-2024-03820,2024-11-04,2025-01-10,C02153,PK04,AG10,2,1,630,0.0,Completed,Card
BK-2024-03821,2024-11-04,2024-12-26,C02247,PK02,AG00,2,2,460,0.0,Completed,Card
BK-2024-03822,2024-11-04,2025-01-02,C03088,PK03,AG10,2,1,685,0.1,Completed,Bank Transfer
BK-2024-03823,2024-11-04,2025-01-25,C03242,PK06,AG09,7,0,1580,,Completed,Bank Transfer
BK-2024-03824,2024-11-04,2024-12-10,C04624,PK03,AG04,2,2,650,0.05,Completed,Bank Transfer
BK-2024-03825,2024-11-04,2025-02-03,C04830,PK14,AG00,2,0,4510,0.05,Completed,Card
BK-2024-03826,2024-11-04,2024-11-25,C04845,PK09,AG04,2,0,2730,0.05,Completed ,PayPal
BK-2024-03827,2024-11-04,2025-01-03,C05059,PK12,AG00,2,0,6070,0.05,Completed,Bank Transfer
BK-2024-03827,2024-11-04,2025-01-03,C05059,PK12,AG00,2,0,6070,0.05,Completed,Bank Transfer
BK-2024-03828,2024-11-04,2024-11-27,C05570,PK04,AG02,1,0,525,0.15,Completed,Card
BK-2024-03829,2024-11-04,2025-01-29,C06055,PK07,AG00,2,0,2975,0.0,Completed,Card
BK-2024-03830,2024-11-04,2025-01-29,C06101,PK11,AG11,2,0,4935,0.05,Completed ,PayPal
BK-2024-03831,2024-11-04,2025-03-19,C06489,PK12,AG13,9,0,5280,0.1,Cancelled,M-Pesa
BK-2024-03832,2024-11-05,2025-02-25,C00027,PK01,AG00,2,2,460,0.0,Completed,M-Pesa
BK-2024-03833,2024-11-05,2024-11-28,C00416,PK02,AG04,2,0,400,0.05,Completed,M-Pesa
BK-2024-03834,2024-11-05,2025-08-18,C01878,PK12,AG03,2,0,6070,0.1,Completed,PayPal
BK-2024-03835,2024-11-05,2025-07-03,C02483,PK12,AG04,1,0,6070,0.0,Completed,M-Pesa
BK-2024-03836,2024-11-05,2025-09-05,C02805,PK17,AG10,6,0,12395,,Completed,M-Pesa
BK-2024-03837,2024-11-05,2024-12-23,C03130,PK07,AG00,2,0,2840,0.0,Completed,Card
BK-2024-03838,2024-11-05,2024-12-15,C03571,PK03,AG00,2,0,650,0.0,Completed,PayPal
BK-2024-03839,2024-11-05,2024-11-29,C03676,PK03,AG00,1,0,565,0.1,Completed,Card
BK-2024-03840,2024-11-05,2024-12-14,C04157,PK03,AG02,2,0,650,0.0,Completed,Bank Transfer
BK-2024-03841,2024-11-05,2024-12-08,C04731,PK17,AG02,2,0,11835,0.15,Completed,Bank Transfer
BK-2024-03842,2024-11-05,2024-11-22,C04792,PK01,AG08,1,0,440,0.05,Cancelled,Bank Transfer
BK-2024-03843,2024-11-05,2025-02-04,C05623,PK15,AG09,2,0,4290,0.0,Completed,Bank Transfer
BK-2024-03844,2024-11-06,2025-01-13,C00283,PK09,AG00,2,0,3290,0.0,Completed,PayPal
BK-2024-03845,2024-11-06,2024-12-10,C00450,PK02,AG00,2,3,460,0.1,Completed ,M-Pesa
BK-2024-03846,2024-11-06,2024-12-09,C00899,PK03,AG02,2,1,650,0.05,Completed,Bank Transfer
BK-2024-03847,2024-11-06,2025-08-15,C01305,PK12,AG03,2,0,6070,0.0,Cancelled,Card
BK-2024-03848,2024-11-06,2025-03-21,C01538,PK15,AG07,2,1,4290,0.0,Completed,Card
BK-2024-03849,2024-11-06,2024-12-26,C01972,PK01,AG04,2,0,505,0.0,Cancelled,PayPal
BK-2024-03850,2024-11-06,2024-11-12,C02242,PK02,AG03,2,0,400,0.0,Completed,Bank Transfer
BK-2024-03851,2024-11-06,2024-12-19,C03630,PK06,AG02,2,2,1510,0.0,Completed,M-Pesa
BK-2024-03852,2024-11-06,2025-02-02,C04171,PK15,AG04,5,0,4290,0.15,Completed,Card
BK-2024-03853,2024-11-06,2025-03-28,C04412,PK11,AG00,2,1,4290,0.0,Completed,PayPal
BK-2024-03854,2024-11-06,2024-12-21,C04522,PK11,AG11,2,0,4710,0.05,Completed,Bank Transfer
BK-2024-03855,2024-11-06,2024-12-03,C04537,PK04,AG01,2,0,605,0.05,Cancelled,Card
BK-2024-03856,2024-11-06,2024-12-24,C04624,PK15,AG05,2,2,4710,0.0,Completed,Bank Transfer
BK-2024-03857,2024-11-07,2024-12-27,C00053,PK06,AG09,2,0,1510,0.0,Completed,Card
BK-2024-03858,2024-11-07,2025-01-01,C02134,PK13,AG03,4,0,7845,0.1,Completed,Bank Transfer
BK-2024-03859,2024-11-07,2025-01-02,C02254,PK07,AG13,11,0,2975,0.05,Completed,Bank Transfer
BK-2024-03860,2024-11-07,2024-12-03,C02715,PK06,AG00,2,2,1510,0.05,Completed,Bank Transfer
BK-2024-03861,2024-11-07,2025-03-05,C02936,PK13,AG07,2,0,6820,0.0,Completed,Card
BK-2024-03862,2024-11-07,2024-12-01,C03301,PK03,AG06,1,0,650,0.1,Completed,Card
BK-2024-03863,2024-11-07,2024-12-08,C03382,PK06,AG00,6,0,1510,0.1,Completed,Card
BK-2024-03864,2024-11-07,2025-02-17,C06185,PK10,AG11,2,0,980,0.05,Completed,Bank Transfer
BK-2024-03865,2024-11-07,2025-07-18,C06391,PK16,AG03,2,2,5820,0.0,Cancelled ,Card
BK-2024-03866,2024-11-08,2025-01-12,C00372,PK07,AG11,1,0,2975,0.0,Completed,M-Pesa
BK-2024-03867,2024-11-08,2025-01-20,C00967,PK09,AG03,8,0,3290,0.1,Completed,Bank Transfer
BK-2024-03868,2024-11-08,2024-12-09,C01938,PK07,AG00,2,0,2840,0.0,Completed,Bank Transfer
BK-2024-03869,2024-11-08,2025-01-05,C02417,PK09,AG00,2,3,3290,0.05,Completed,Bank Transfer
BK-2024-03870,2024-11-08,2024-12-09,C02777,PK01,AG00,1,0,505,,Completed,Bank Transfer
BK-2024-03871,2024-11-08,2025-01-30,C03024,PK06,AG05,1,0,1580,0.0,Completed,Card
BK-2024-03872,2024-11-08,2025-01-14,C03240,PK01,AG06,2,0,530,0.05,Completed,M-Pesa
BK-2024-03873,2024-11-08,2025-02-02,C03522,PK06,AG00,2,0,1375,0.0,Completed,Bank Transfer
BK-2024-03874,2024-11-08,2025-02-16,C04813,PK07,AG00,2,0,2585,0.1,Completed,Bank Transfer
BK-2024-03875,2024-11-08,2024-12-21,C05701,PK01,AG00,1,0,505,0.05,Completed,Bank Transfer
BK-2024-03876,2024-11-08,2025-01-08,C05766,PK12,AG01,2,0,6070,0.05,Completed,Bank Transfer
BK-2024-03877,2024-11-08,2025-01-01,C06096,PK03,AG03,8,0,685,0.1,Canceled,PayPal
BK-2024-03878,2024-11-08,2024-12-10,C06222,PK18,AG00,1,0,6280,0.0,Completed,Card
BK-2024-03879,2024-11-09,2025-01-05,C00344,PK12,AG00,2,0,6070,0.0,Completed,Card
BK-2024-03880,2024-11-09,2025-01-22,C00543,PK07,AG05,2,0,2975,0.05,Completed,Card
BK-2024-03881,2024-11-09,2024-11-26,C00599,PK07,AG00,2,1,2470,0.05,Completed,Card
BK-2024-03882,2024-11-09,2024-12-15,C00668,PK05,AG03,8,0,940,0.05,Completed ,Card
BK-2024-03883,2024-11-09,2025-02-13,C00867,PK07,AG03,2,0,2585,0.0,Completed,Card
BK-2024-03884,2024-11-09,2025-01-06,C00900,PK15,AG06,2,0,4935,0.0,Completed,Card
BK-2024-03885,2024-11-09,2024-12-14,C01948,PK09,AG08,2,2,3140,0.05,Completed,Bank Transfer
BK-2024-03886,2024-11-09,2024-12-06,C02271,PK16,AG00,2,2,5555,0.0,Completed,Card
BK-2024-03887,2024-11-09,2025-01-22,C02506,PK09,AG13,12,0,3290,0.05,Completed,Card
BK-2024-03888,2024-11-09,2025-02-27,C03273,PK13,AG10,2,0,6820,0.0,Cancelled,PayPal
BK-2024-03889,2024-11-09,2024-12-30,C03445,PK16,AG00,2,3,5555,0.0,completed,M-Pesa
BK-2024-03890,2024-11-09,2025-08-05,C03840,PK15,AG00,2,0,4935,0.05,Completed,Card
BK-2024-03891,2024-11-09,2024-12-17,C04132,PK08,AG00,2,0,1425,0.0,Completed,Card
BK-2024-03892,2024-11-09,2024-12-15,C05021,PK03,AG05,2,3,650,0.0,Completed,PayPal
BK-2024-03893,2024-11-09,2024-11-30,C05190,PK01,AG10,6,0,440,0.1,Completed,Card
BK-2024-03894,2024-11-09,2025-01-16,C06237,PK08,AG04,2,0,1495,0.0,Completed,M-Pesa
BK-2024-03895,2024-11-09,2025-05-17,C06450,PK13,AG00,2,3,6820,0.1,Cancelled,Bank Transfer
BK-2024-03896,2024-11-10,2024-12-03,C00110,PK02,AG12,3,0,460,0.1,Completed,Bank Transfer
BK-2024-03897,2024-11-10,2024-11-16,C00213,PK04,AG02,2,1,525,0.0,Completed,Bank Transfer
BK-2024-03898,2024-11-10,2025-06-08,C00309,PK12,AG13,8,0,5280,0.0,Completed,Bank Transfer
BK-2024-03899,2024-11-10,2025-01-08,C00906,PK18,AG03,2,0,6580,0.15,Completed,Bank Transfer
BK-2024-03900,2024-11-10,2024-12-28,C01426,PK06,AG00,2,2,1510,0.0,Completed,Bank Transfer
BK-2024-03901,2024-11-10,2024-11-18,C01635,PK06,AG10,2,0,1310,0.0,Completed,M-Pesa
BK-2024-03902,2024-11-10,2025-01-13,C02496,PK10,AG02,9,0,1125,0.05,Completed,PayPal
BK-2024-03903,2024-11-10,2024-12-23,C03146,PK05,AG00,7,0,940,0.05,Completed,PayPal
BK-2024-03904,2024-11-10,2025-05-07,C03296,PK15,AG02,2,0,4290,0.0,Completed,PayPal
BK-2024-03905,2024-11-10,2024-12-23,C04079,PK12,AG03,2,3,5795,0.0,Completed,Card
BK-2024-03906,2024-11-10,2025-04-16,C04379,PK14,AG04,2,3,4510,0.15,Completed,PayPal
BK-2024-03907,2024-11-10,2025-03-16,C04428,PK18,AG04,2,2,5720,0.15,Cancelled,M-Pesa
BK-2024-03908,2024-11-10,2024-12-25,C05257,PK02,AG02,5,0,460,0.1,Canceled,Bank Transfer
BK-2024-03909,2024-11-10,2025-07-07,C05456,PK18,AG12,4,0,6580,0.0,completed,Card
BK-2024-03910,2024-11-10,2024-12-13,C05754,PK04,AG05,2,1,605,0.05,Completed,M-Pesa
BK-2024-03911,2024-11-10,2024-12-10,C05930,PK05,AG00,2,2,940,0.1,Completed ,PayPal
BK-2024-03912,2024-11-10,2025-04-04,C05937,PK16,AG00,1,0,5060,0.15,Completed,Bank Transfer
BK-2024-03913,2024-11-10,2024-11-30,C06075,PK01,AG00,7,0,440,0.1,Completed,Card
BK-2024-03914,2024-11-11,2024-11-30,C01011,PK02,AG02,2,0,400,0.1,Completed,Card
BK-2024-03915,2024-11-11,2024-12-07,C01786,PK04,AG08,2,0,605,0.05,Completed,Card
BK-2024-03916,2024-11-11,2025-07-14,C02294,PK13,AG00,8,0,7845,0.1,Completed,M-Pesa
BK-2024-03916,2024-11-11,2025-07-14,C02294,PK13,AG00,8,0,7845,0.1,Completed,M-Pesa
BK-2024-03917,2024-11-11,2025-03-24,C02642,PK10,AG00,2,0,980,0.05,Completed,Card
BK-2024-03918,2024-11-11,2025-09-09,C03161,PK12,AG00,7,0,6070,0.0,Cancelled,Card
BK-2024-03919,2024-11-11,2025-05-21,C03399,PK16,AG00,2,0,5060,0.0,Completed,Card
BK-2024-03920,2024-11-11,2024-12-13,C03868,PK06,AG03,2,0,1510,0.05,Completed,Card
BK-2024-03921,2024-11-11,2025-01-05,C04752,PK02,AG00,1,0,480,0.1,Completed,M-Pesa
BK-2024-03922,2024-11-12,2025-01-02,C00389,PK16,AG04,2,3,5820,0.1,Cancelled,Bank Transfer
BK-2024-03923,2024-11-12,2025-03-20,C02444,PK07,AG00,6,0,2585,0.1,Completed,M-Pesa
BK-2024-03924,2024-11-12,2025-01-24,C02991,PK16,AG00,2,0,5820,0.0,Completed,Card
BK-2024-03925,2024-11-12,2025-01-07,C03736,PK04,AG04,2,1,630,0.0,Completed,Bank Transfer
BK-2024-03925,2024-11-12,2025-01-07,C03736,PK04,AG04,2,1,630,0.0,Completed,Bank Transfer
BK-2024-03926,2024-11-12,2025-01-02,C04171,PK04,AG04,9,0,630,0.1,Completed,PayPal
BK-2024-03927,2024-11-12,2025-02-20,C04310,PK16,AG04,2,0,5060,0.05,Cancelled,Card
BK-2024-03928,2024-11-12,2024-12-01,C04391,PK15,AG00,6,0,4710,0.0,Completed,M-Pesa
BK-2024-03929,2024-11-12,2024-12-14,C04740,PK06,AG01,2,0,1510,0.0,Completed,Bank Transfer
BK-2024-03930,2024-11-12,2025-01-29,C04801,PK01,AG01,1,0,530,0.0,Cancelled,M-Pesa
BK-2024-03931,2024-11-12,2025-04-18,C05239,PK15,AG01,2,0,4290,0.0,Completed,PayPal
BK-2024-03932,2024-11-13,2025-04-06,C00591,PK18,AG01,2,0,5720,0.05,Completed,PayPal
BK-2024-03933,2024-11-13,2025-02-02,C00896,PK15,AG02,1,0,4290,0.0,Completed,Card
BK-2024-03934,2024-11-13,2024-12-31,C01079,PK12,AG02,2,3,5795,0.0,Completed,Card
BK-2024-03935,2024-11-13,2025-08-07,C01182,PK14,AG03,5,0,5185,0.15,Completed,Card
BK-2024-03936,2024-11-13,2025-02-06,C01986,PK11,AG02,2,1,4290,0.0,Completed,Bank Transfer
BK-2024-03937,2024-11-13,2025-01-10,C02349,PK14,AG04,2,0,5185,0.0,Completed,Card
BK-2024-03938,2024-11-13,2025-01-03,C02493,PK09,AG00,2,1,3290,0.0,Completed,Card
BK-2024-03939,2024-11-13,2025-02-24,C02800,PK17,AG03,2,0,10780,0.1,Completed,PayPal
BK-2024-03940,2024-11-13,2024-12-17,C03837,PK06,AG11,2,2,1510,0.0,Completed,Card
BK-2024-03941,2024-11-13,2024-12-10,C03863,PK02,AG01,1,0,460,0.0,COMPLETED,M-Pesa
BK-2024-03942,2024-11-13,2025-05-23,C05348,PK14,AG01,2,0,4510,0.0,Completed,Bank Transfer
BK-2024-03943,2024-11-13,2025-01-20,C05763,PK05,AG01,2,3,985,0.05,Completed,Card
BK-2024-03944,2024-11-13,2024-12-06,C05913,PK09,AG04,1,0,3140,0.0,Completed,Bank Transfer
BK-2024-03945,2024-11-14,2025-03-01,C00347,PK12,AG06,1,0,5280,0.0,Completed,Card
BK-2024-03946,2024-11-14,2024-12-09,C00802,PK02,AG02,8,0,460,0.15,Completed,Bank Transfer
BK-2024-03947,2024-11-14,2025-01-05,C00873,PK15,AG04,1,0,4935,0.0,Completed,Card
BK-2024-03948,2024-11-14,2025-01-24,C02153,PK08,AG00,2,2,1495,0.0,Completed,Bank Transfer
BK-2024-03949,2024-11-14,2024-12-11,C02376,PK07,AG02,2,2,2840,0.0,Completed,Card
BK-2024-03950,2024-11-14,2025-01-30,C02590,PK09,AG02,4,0,3290,0.0,Canceled,M-Pesa
BK-2024-03951,2024-11-14,2025-01-07,C03050,PK13,AG11,2,1,7845,0.0,Completed,PayPal
BK-2024-03952,2024-11-14,2025-01-15,C03197,PK11,AG00,1,0,4935,0.1,Completed,Card
BK-2024-03953,2024-11-14,2024-12-18,C04031,PK17,AG03,2,0,11835,0.0,Completed,M-Pesa
BK-2024-03954,2024-11-14,2024-12-22,C04344,PK03,AG00,2,3,650,0.05,Completed,Card
BK-2024-03955,2024-11-14,2025-09-20,C04598,PK16,AG00,2,0,5820,0.0,Completed,Bank Transfer
BK-2024-03956,2024-11-14,2024-12-30,C05495,PK07,AG00,1,0,2840,0.1,Completed,Card
BK-2024-03957,2024-11-14,2024-12-08,C05526,PK03,AG00,2,0,650,0.05,Completed,Bank Transfer
BK-2024-03958,2024-11-15,2024-11-29,C00957,PK05,AG09,1,0,820,0.0,Completed,Bank Transfer
BK-2024-03959,2024-11-15,2025-01-23,C01820,PK11,AG05,1,0,4935,0.05,Completed,Card
BK-2024-03960,2024-11-15,2024-12-18,C03199,PK06,AG00,2,0,1510,0.0,Completed,Bank Transfer
BK-2024-03961,2024-11-15,2025-08-06,C03840,PK16,AG07,2,0,5820,0.1,Completed,Card
BK-2024-03962,2024-11-15,2024-12-26,C04005,PK01,AG00,2,3,505,0.0,Completed,Card
BK-2024-03963,2024-11-15,2024-12-09,C04057,PK05,AG04,5,0,940,0.1,Completed,Card
BK-2024-03964,2024-11-15,2024-12-03,C04120,PK05,AG00,2,1,940,0.0,Completed,M-Pesa
BK-2024-03965,2024-11-15,2024-12-27,C04344,PK05,AG02,2,3,940,0.05,Canceled,Card
BK-2024-03965,2024-11-15,2024-12-27,C04344,PK05,AG02,2,3,940,0.05,Canceled,Card
BK-2024-03966,2024-11-15,2024-12-21,C04740,PK01,AG00,2,0,505,0.0,Completed,Card
BK-2024-03967,2024-11-15,2024-12-02,C05148,PK01,AG00,2,0,505,0.0,Cancelled,Bank Transfer
BK-2024-03968,2024-11-15,2025-02-06,C05789,PK14,AG03,1,0,4510,0.05,Cancelled,Card
BK-2024-03969,2024-11-16,2025-01-21,C00192,PK09,AG11,1,0,3290,0.0,Completed,PayPal
BK-2024-03970,2024-11-16,2025-07-20,C00690,PK14,AG03,9,0,5185,0.1,Cancelled,Card
BK-2024-03971,2024-11-16,2025-02-14,C00759,PK14,AG00,2,2,4510,0.0,Completed,Bank Transfer
BK-2024-03972,2024-11-16,2025-02-05,C00919,PK07,AG00,2,0,2585,0.0,Completed,Card
BK-2024-03973,2024-11-16,2025-01-06,C02142,PK06,AG00,2,0,1580,0.1,Completed,Card
BK-2024-03974,2024-11-16,2025-03-23,C02325,PK18,AG13,5,0,5720,0.15,Completed,Card
BK-2024-03975,2024-11-16,2024-11-26,C02479,PK01,AG00,1,0,440,0.0,Completed,Card
BK-2024-03976,2024-11-16,2025-08-11,C02600,PK17,AG00,2,0,12395,0.0,Completed,Card
BK-2024-03977,2024-11-16,2024-12-07,C03507,PK07,AG12,5,0,2840,0.05,Completed,Card
BK-2024-03978,2024-11-16,2024-12-27,C03934,PK01,AG05,2,1,505,0.15,Completed,PayPal
BK-2024-03979,2024-11-16,2025-10-18,C03941,PK14,AG00,2,0,5185,0.0,Completed,PayPal
BK-2024-03980,2024-11-16,2025-01-15,C04208,PK03,AG00,2,0,685,0.0,Completed,Card
BK-2024-03981,2024-11-16,2025-01-18,C05248,PK01,AG01,4,0,530,0.0,Completed,PayPal
BK-2024-03982,2024-11-16,2024-12-11,C05353,PK04,AG00,2,2,605,0.0,Completed,Bank Transfer
BK-2024-03983,2024-11-16,2024-12-26,C05453,PK07,AG02,2,3,2840,0.0,Completed,PayPal
BK-2024-03984,2024-11-16,2024-12-15,C05555,PK12,AG04,2,0,5795,0.0,Completed,Card
BK-2024-03985,2024-11-16,2025-02-08,C05620,PK10,AG00,2,0,980,0.0,Completed,Card
BK-2024-03986,2024-11-16,2024-12-08,C06384,PK11,AG00,2,0,4710,0.0,Completed,Card
BK-2024-03987,2024-11-16,2024-12-09,C06498,PK10,AG02,4,0,1075,0.0,Completed,Card
BK-2024-03988,2024-11-17,2024-12-08,C01562,PK11,AG00,1,0,4710,0.05,Completed,Card
BK-2024-03989,2024-11-17,2025-01-16,C02338,PK01,AG00,9,0,530,0.1,Completed ,PayPal
BK-2024-03990,2024-11-17,2025-03-12,C02350,PK08,AG06,2,3,1300,0.05,Completed,M-Pesa
BK-2024-03991,2024-11-17,2025-06-12,C02597,PK15,AG05,2,2,4290,0.0,Completed,Card
BK-2024-03992,2024-11-17,2024-12-20,C02791,PK01,AG07,5,0,505,0.0,Completed,Bank Transfer
BK-2024-03993,2024-11-17,2024-11-25,C03969,PK04,AG00,2,1,525,0.0,Completed,Bank Transfer
BK-2024-03994,2024-11-17,2025-04-24,C04143,PK16,AG10,1,0,5060,0.0,Completed,Card
BK-2024-03995,2024-11-17,2024-12-01,C04143,PK01,AG04,1,0,505,0.0,Completed,Bank Transfer
BK-2024-03995,2024-11-17,2024-12-01,C04143,PK01,AG04,1,0,505,0.0,Completed,Bank Transfer
BK-2024-03996,2024-11-17,2024-12-22,C04432,PK06,AG00,2,0,1510,0.15,Completed,PayPal
BK-2024-03997,2024-11-17,2025-01-15,C04638,PK12,AG03,2,0,6070,0.0,Completed,Card
BK-2024-03998,2024-11-17,2025-02-14,C05969,PK13,AG04,2,0,6820,0.0,Completed,Card
BK-2024-03999,2024-11-17,2025-03-26,C06088,PK14,AG03,2,3,4510,0.0,Completed,Card
BK-2024-04000,2024-11-18,2025-01-01,C00231,PK01,AG05,2,0,530,0.0,Completed,Card
BK-2024-04001,2024-11-18,2025-01-03,C00425,PK02,AG07,2,1,480,0.0,Completed,M-Pesa
BK-2024-04002,2024-11-18,2025-08-02,C00913,PK18,AG07,2,2,6580,0.0,Completed,Card
BK-2024-04003,2024-11-18,2024-12-03,C01051,PK09,AG04,2,2,3140,0.0,Completed,PayPal
BK-2024-04004,2024-11-18,2025-03-20,C01409,PK17,AG02,1,0,10780,0.0,Completed,Card
BK-2024-04005,2024-11-18,2024-12-23,C01735,PK08,AG02,7,0,1425,0.0,Completed ,Card
BK-2024-04006,2024-11-18,2025-02-08,C02331,PK06,AG05,8,0,1375,0.1,completed,PayPal
BK-2024-04007,2024-11-18,2025-02-11,C02746,PK06,AG10,2,0,1375,0.0,completed,M-Pesa
BK-2024-04008,2024-11-18,2024-12-09,C03052,PK01,AG08,2,0,505,0.05,Completed,Card
BK-2024-04009,2024-11-18,2024-12-19,C03378,PK16,AG07,1,0,5555,0.0,Completed,Card
BK-2024-04010,2024-11-18,2024-12-27,C03426,PK02,AG02,2,0,460,0.15,Completed,Bank Transfer
BK-2024-04011,2024-11-18,2025-01-09,C03677,PK13,AG00,2,0,7845,0.05,Completed,Bank Transfer
BK-2024-04012,2024-11-18,2024-12-04,C04028,PK01,AG00,2,0,505,0.05,Completed,Card
BK-2024-04013,2024-11-18,2025-08-04,C04927,PK16,AG00,1,0,5820,0.1,Completed,Bank Transfer
BK-2024-04014,2024-11-18,2025-02-22,C04997,PK06,AG03,2,3,1375,0.15,Completed,Bank Transfer
BK-2024-04015,2024-11-18,2024-12-18,C05158,PK03,AG07,2,0,650,0.0,Completed,Bank Transfer
BK-2024-04016,2024-11-18,2025-01-01,C06284,PK17,AG01,1,0,12395,0.1,Completed,Card
BK-2024-04017,2024-11-19,2024-12-07,C00116,PK02,AG02,1,0,460,,Completed,Bank Transfer
BK-2024-04018,2024-11-19,2024-12-17,C00493,PK01,AG00,7,0,505,0.0,Completed,Card
BK-2024-04019,2024-11-19,2025-03-06,C00691,PK13,AG04,2,0,6820,0.0,Completed,Card
BK-2024-04020,2024-11-19,2024-12-14,C00884,PK01,AG02,2,0,505,0.0,Completed,Bank Transfer
BK-2024-04021,2024-11-19,2025-01-20,C01326,PK06,AG06,6,0,1580,0.1,Completed,Card
BK-2024-04022,2024-11-19,2025-01-15,C01537,PK08,AG00,2,0,1495,0.0,Completed,Bank Transfer
BK-2024-04023,2024-11-19,2025-09-08,C03184,PK17,AG07,2,0,12395,0.0,Completed,Card
BK-2024-04024,2024-11-19,2024-12-24,C03196,PK14,AG00,2,1,4950,0.05,Completed,Bank Transfer
BK-2024-04025,2024-11-19,2025-02-05,C03493,PK13,AG03,2,1,6820,0.1,Completed,Bank Transfer
BK-2024-04026,2024-11-19,2025-01-26,C03848,PK12,AG00,2,0,6070,0.0,Completed,PayPal
BK-2024-04027,2024-11-19,2024-12-20,C03908,PK01,AG02,2,3,505,0.0,Completed,Card
BK-2024-04028,2024-11-19,2025-02-20,C04194,PK07,AG06,2,2,2585,0.05,Cancelled,PayPal
BK-2024-04029,2024-11-19,2025-03-31,C04688,PK13,AG04,2,3,6820,0.05,Completed,Bank Transfer
BK-2024-04030,2024-11-19,2024-12-29,C04965,PK06,AG04,2,0,1510,0.0,completed,PayPal
BK-2024-04031,2024-11-19,2024-12-01,C05030,PK02,AG06,1,0,460,0.0,Completed,Card
BK-2024-04032,2024-11-19,2024-12-21,C05517,PK06,AG05,2,0,1510,0.05,Completed,PayPal
BK-2024-04033,2024-11-19,2025-05-06,C05763,PK15,AG03,2,1,4290,0.0,Completed,Bank Transfer
BK-2024-04034,2024-11-19,2025-01-27,C05783,PK07,AG10,2,3,2975,0.0,Completed,Bank Transfer
BK-2024-04035,2024-11-19,2025-02-28,C06083,PK13,AG00,2,0,6820,0.0,Completed,Card
BK-2024-04036,2024-11-19,2024-12-24,C06268,PK15,AG11,2,0,4710,0.1,Completed,Bank Transfer
BK-2024-04037,2024-11-19,2025-02-04,C06383,PK13,AG04,2,2,6820,0.1,COMPLETED,Card
BK-2024-04038,2024-11-19,2024-12-18,C06448,PK04,AG03,1,0,605,0.0,Completed,Bank Transfer
BK-2024-04039,2024-11-19,2024-11-28,C06458,PK01,AG00,1,0,440,0.05,COMPLETED,Bank Transfer
BK-2024-04040,2024-11-19,2025-01-06,C06459,PK07,AG01,2,0,2975,0.05,Completed,Card
BK-2024-04041,2024-11-19,2025-03-18,C06489,PK10,AG03,9,0,980,0.0,COMPLETED,Card
BK-2024-04042,2024-11-20,2025-01-07,C00442,PK07,AG03,2,2,2975,0.0,Completed,Bank Transfer
BK-2024-04043,2024-11-20,2025-01-06,C00567,PK14,AG00,2,0,5185,0.0,Completed,Card
BK-2024-04044,2024-11-20,2025-02-15,C00646,PK12,AG00,2,3,5280,0.0,Completed,Bank Transfer
BK-2024-04045,2024-11-20,2025-02-08,C01677,PK09,AG13,11,0,2860,0.1,Completed,M-Pesa
BK-2024-04046,2024-11-20,2024-12-08,C02003,PK04,AG07,2,3,605,0.0,Cancelled,Card
BK-2024-04047,2024-11-20,2025-07-07,C02092,PK12,AG01,1,0,6070,0.05,Completed,Card
BK-2024-04048,2024-11-20,2025-02-26,C02299,PK14,AG00,2,0,4510,0.15,Completed,Bank Transfer
BK-2024-04049,2024-11-20,2025-01-06,C02436,PK01,AG11,2,0,530,0.05,Completed,Card
BK-2024-04050,2024-11-20,2025-01-29,C02640,PK06,AG04,2,1,1580,0.0,Completed,Bank Transfer
BK-2024-04051,2024-11-20,2025-03-15,C04083,PK06,AG09,2,3,1375,0.05,Completed,Bank Transfer
BK-2024-04052,2024-11-20,2024-12-20,C04213,PK15,AG04,2,0,4710,0.0,completed,Card
BK-2024-04053,2024-11-20,2025-01-12,C04550,PK07,AG00,2,3,2975,0.0,Completed,Card
BK-2024-04054,2024-11-20,2025-01-25,C05041,PK17,AG06,2,0,12395,0.0,Completed,Card
BK-2024-04055,2024-11-21,2025-02-03,C00257,PK11,AG03,1,0,4290,0.0,Completed,PayPal
BK-2024-04056,2024-11-21,2024-12-30,C00376,PK07,AG01,2,2,2840,0.1,Completed,Bank Transfer
BK-2024-04057,2024-11-21,2025-01-06,C00474,PK11,AG03,9,0,4935,0.0,Completed,Bank Transfer
BK-2024-04058,2024-11-21,2025-02-08,C00720,PK09,AG02,2,3,2860,0.1,completed,Card
BK-2024-04059,2024-11-21,2025-02-02,C00832,PK03,AG00,2,0,595,,COMPLETED,M-Pesa
BK-2024-04060,2024-11-21,2025-02-28,C01968,PK09,AG04,2,2,2860,0.0,CANCELLED,Card
BK-2024-04061,2024-11-21,2025-01-18,C02373,PK12,AG04,4,0,6070,0.0,Completed,PayPal
BK-2024-04062,2024-11-21,2025-01-09,C02403,PK01,AG00,2,2,530,0.0,Completed,Card
BK-2024-04063,2024-11-21,2025-01-26,C02426,PK02,AG09,1,0,480,0.15,Completed,Card
BK-2024-04064,2024-11-21,2024-11-27,C03689,PK09,AG02,6,0,2730,0.0,Completed,Bank Transfer
BK-2024-04065,2024-11-21,2024-12-21,C03788,PK05,AG03,7,0,940,0.1,Completed,M-Pesa
BK-2024-04066,2024-11-21,2025-06-02,C03808,PK13,AG01,2,0,6820,0.0,Completed ,Card
BK-2024-04067,2024-11-21,2025-03-16,C05008,PK13,AG03,1,0,6820,0.0,Completed,Bank Transfer
BK-2024-04068,2024-11-21,2025-01-11,C05355,PK09,AG04,2,0,3290,0.0,Completed,PayPal
BK-2024-04069,2024-11-21,2024-12-01,C06290,PK01,AG03,4,0,505,0.0,Completed,PayPal
BK-2024-04070,2024-11-22,2025-09-18,C00477,PK18,AG00,1,0,6580,0.05,Completed,Card
BK-2024-04071,2024-11-22,2025-02-26,C01531,PK16,AG12,11,0,5060,0.1,Completed,M-Pesa
BK-2024-04072,2024-11-22,2025-02-28,C03654,PK13,AG02,5,0,6820,0.15,Completed,Card
BK-2024-04073,2024-11-22,2025-06-07,C04113,PK07,AG07,9,0,2585,0.0,Completed,PayPal
BK-2024-04074,2024-11-22,2025-07-10,C04917,PK12,AG04,8,0,6070,0.1,Cancelled,Card
BK-2024-04075,2024-11-22,2025-01-02,C05360,PK09,AG06,5,0,3290,0.1,Completed,Card
BK-2024-04076,2024-11-23,2024-12-26,C01538,PK01,AG00,2,2,505,0.0,Completed,M-Pesa
BK-2024-04077,2024-11-23,2024-12-27,C01946,PK10,AG00,2,0,1075,,Completed,Card
BK-2024-04078,2024-11-23,2024-12-17,C01972,PK02,AG00,2,0,460,0.05,Completed,Bank Transfer
BK-2024-04079,2024-11-23,2025-02-13,C02105,PK09,AG00,2,1,2860,0.05,Completed,PayPal
BK-2024-04080,2024-11-23,2025-01-14,C02238,PK01,AG00,2,0,530,0.0,Completed,Card
BK-2024-04081,2024-11-23,2025-01-14,C02598,PK12,AG03,1,0,6070,0.0,Completed,Bank Transfer
BK-2024-04082,2024-11-23,2025-01-21,C02727,PK06,AG03,2,3,1580,0.0,Completed,Bank Transfer
BK-2024-04083,2024-11-23,2025-02-24,C02758,PK09,AG05,2,0,2860,0.0,Completed,Bank Transfer
BK-2024-04084,2024-11-23,2024-12-23,C03181,PK02,AG00,1,0,460,0.15,Completed,Card
BK-2024-04085,2024-11-23,2025-01-09,C03972,PK18,AG07,2,1,6580,0.0,Completed,Card
BK-2024-04086,2024-11-23,2025-01-03,C04913,PK08,AG00,2,0,1495,0.05,Completed,M-Pesa
BK-2024-04087,2024-11-23,2024-12-28,C05347,PK10,AG07,2,0,1075,0.0,Completed,Card
BK-2024-04088,2024-11-23,2025-06-09,C05873,PK12,AG05,2,0,5280,0.05,CANCELLED,Bank Transfer
BK-2024-04089,2024-11-23,2025-10-13,C06370,PK16,AG00,2,0,5820,0.0,Completed,Card
BK-2024-04090,2024-11-24,2025-03-17,C00145,PK09,AG04,2,3,2860,0.0,Completed,Bank Transfer
BK-2024-04091,2024-11-24,2025-03-08,C00242,PK17,AG00,11,0,10780,0.05,Completed,Bank Transfer
BK-2024-04092,2024-11-24,2025-01-12,C00988,PK02,AG00,2,2,480,0.05,Completed,Card
BK-2024-04093,2024-11-24,2024-12-10,C01881,PK11,AG09,2,0,4710,0.0,Completed,Bank Transfer
BK-2024-04093,2024-11-24,2024-12-10,C01881,PK11,AG09,2,0,4710,0.0,Completed,Bank Transfer
BK-2024-04094,2024-11-24,2024-12-01,C01883,PK13,AG04,2,1,7485,0.1,Cancelled,PayPal
BK-2024-04095,2024-11-24,2024-12-11,C02158,PK04,AG00,1,0,605,0.0,Completed,Bank Transfer
BK-2024-04096,2024-11-24,2024-12-23,C02415,PK01,AG06,5,0,505,0.1,Cancelled,Bank Transfer
BK-2024-04097,2024-11-24,2024-12-18,C03425,PK01,AG03,2,0,505,0.0,Completed,Bank Transfer
BK-2024-04098,2024-11-24,2024-12-05,C04114,PK01,AG02,2,0,505,0.05,Completed,Card
BK-2024-04099,2024-11-24,2024-12-27,C04314,PK05,AG07,1,0,940,0.0,Completed,Bank Transfer
BK-2024-04100,2024-11-24,2024-12-08,C04704,PK02,AG09,8,0,460,,Completed ,Bank Transfer
BK-2024-04101,2024-11-24,2025-02-01,C04974,PK17,AG03,2,0,10780,0.0,completed,Card
BK-2024-04102,2024-11-24,2024-12-01,C04986,PK05,AG00,1,0,940,,Completed,Bank Transfer
BK-2024-04103,2024-11-24,2025-02-24,C05322,PK06,AG06,2,3,1375,0.0,Completed,PayPal
BK-2024-04104,2024-11-24,2025-06-04,C05680,PK17,AG00,1,0,10780,0.0,Completed,PayPal
BK-2024-04105,2024-11-24,2024-12-05,C05787,PK03,AG03,4,0,650,0.1,completed,Card
BK-2024-04106,2024-11-24,2025-06-09,C06468,PK08,AG04,9,0,1300,0.1,Completed,Bank Transfer
BK-2024-04107,2024-11-25,2024-12-21,C00272,PK02,AG03,1,0,460,0.0,Canceled,PayPal
BK-2024-04108,2024-11-25,2025-02-02,C00703,PK08,AG11,2,1,1300,0.05,completed,Card
BK-2024-04109,2024-11-25,2025-01-02,C01143,PK06,AG00,2,0,1580,0.1,Completed,Bank Transfer
BK-2024-04110,2024-11-25,2025-01-31,C01251,PK04,AG01,2,0,630,0.05,completed,PayPal
BK-2024-04111,2024-11-25,2024-12-19,C01369,PK02,AG04,2,2,460,0.15,Completed,PayPal
BK-2024-04112,2024-11-25,2024-12-15,C01426,PK09,AG00,2,1,3140,0.05,Completed,Card
BK-2024-04113,2024-11-25,2024-12-03,C02145,PK07,AG08,6,0,2840,0.0,Completed,Bank Transfer
BK-2024-04114,2024-11-25,2025-07-02,C02337,PK14,AG03,2,0,5185,0.0,completed,M-Pesa
BK-2024-04115,2024-11-25,2024-12-10,C03038,PK15,AG03,2,3,4710,0.0,Completed,PayPal
BK-2024-04116,2024-11-25,2024-12-02,C03158,PK03,AG00,2,1,650,0.05,Completed,Card
BK-2024-04117,2024-11-25,2025-01-31,C03734,PK02,AG03,2,0,480,0.0,Completed,Card
BK-2024-04118,2024-11-25,2025-02-03,C03964,PK12,AG00,2,2,5280,0.0,Completed,Card
BK-2024-04119,2024-11-25,2025-01-03,C04641,PK02,AG00,2,2,480,0.05,Cancelled,Card
BK-2024-04120,2024-11-25,2025-02-06,C05033,PK11,AG10,2,0,4290,,Completed,Card
BK-2024-04121,2024-11-25,2025-01-07,C05428,PK04,AG08,2,0,630,0.1,Completed,Card
BK-2024-04122,2024-11-26,2025-01-27,C00498,PK15,AG00,2,0,4935,,completed,Card
BK-2024-04123,2024-11-26,2025-01-04,C01758,PK15,AG00,2,0,4935,0.0,Completed ,PayPal
BK-2024-04124,2024-11-26,2025-02-04,C01928,PK12,AG08,2,0,5280,0.0,Completed,Bank Transfer
BK-2024-04125,2024-11-26,2025-08-17,C01978,PK14,AG00,7,0,5185,0.1,Completed,Bank Transfer
BK-2024-04126,2024-11-26,2025-02-26,C02215,PK10,AG08,2,1,980,0.0,Completed,Bank Transfer
BK-2024-04127,2024-11-26,2025-01-09,C02314,PK14,AG06,2,1,5185,0.05,Completed,Card
BK-2024-04128,2024-11-26,2025-02-12,C02427,PK13,AG04,2,3,6820,0.0,Cancelled,Card
BK-2024-04129,2024-11-26,2025-01-16,C02570,PK01,AG12,7,0,530,0.05,Completed,Card
BK-2024-04130,2024-11-26,2025-01-17,C03032,PK04,AG00,7,0,630,0.1,Cancelled,PayPal
BK-2024-04131,2024-11-26,2024-12-30,C03388,PK02,AG01,2,0,460,0.0,Completed,Bank Transfer
BK-2024-04132,2024-11-26,2025-03-21,C03915,PK15,AG00,2,0,4290,0.1,Completed,Bank Transfer
BK-2024-04133,2024-11-26,2025-04-12,C05122,PK17,AG05,2,0,10780,0.05,Completed,Card
BK-2024-04134,2024-11-27,2024-12-30,C00187,PK07,AG04,2,0,2840,0.05,Completed,Bank Transfer
BK-2024-04135,2024-11-27,2024-12-23,C00700,PK08,AG00,8,0,1425,0.1,Completed,Card
BK-2024-04136,2024-11-27,2025-08-11,C01219,PK17,AG00,1,0,12395,0.0,Completed,Bank Transfer
BK-2024-04137,2024-11-27,2025-04-30,C01332,PK16,AG04,2,0,5060,0.15,Completed,Card
BK-2024-04138,2024-11-27,2025-03-16,C02062,PK13,AG05,9,0,6820,0.0,Completed,Card
BK-2024-04139,2024-11-27,2025-04-07,C02396,PK12,AG08,2,0,5280,0.0,Completed,Card
BK-2024-04140,2024-11-27,2025-02-28,C02795,PK09,AG00,7,0,2860,0.05,Completed,Card
BK-2024-04141,2024-11-27,2025-01-18,C02965,PK02,AG04,2,0,480,0.0,Completed,Card
BK-2024-04142,2024-11-27,2025-04-17,C03948,PK10,AG08,1,0,980,0.0,Completed,Bank Transfer
BK-2024-04143,2024-11-27,2025-01-20,C04102,PK06,AG06,7,0,1580,0.15,Completed,Card
BK-2024-04144,2024-11-27,2025-02-01,C05187,PK12,AG05,1,0,5280,0.05,completed,Card
BK-2024-04145,2024-11-27,2025-01-20,C06217,PK06,AG04,4,0,1580,0.0,Completed,Bank Transfer
BK-2024-04146,2024-11-28,2025-06-30,C00006,PK15,AG00,2,0,4290,0.1,Completed,PayPal
BK-2024-04147,2024-11-28,2025-02-18,C00317,PK09,AG00,2,3,2860,0.0,Completed,Bank Transfer
BK-2024-04148,2024-11-28,2025-02-13,C00744,PK07,AG10,2,0,2585,0.1,completed,M-Pesa
BK-2024-04149,2024-11-28,2025-01-20,C00812,PK06,AG00,2,0,1580,0.1,Completed,PayPal
BK-2024-04150,2024-11-28,2025-03-02,C00869,PK10,AG03,2,0,980,0.05,Completed,M-Pesa
BK-2024-04151,2024-11-28,2025-06-26,C00908,PK16,AG08,2,0,5060,0.1,Completed,Bank Transfer
BK-2024-04152,2024-11-28,2025-02-24,C00957,PK18,AG00,1,0,5720,0.0,Completed,PayPal
BK-2024-04153,2024-11-28,2025-02-24,C02505,PK07,AG05,2,0,2585,0.05,Completed,Bank Transfer
BK-2024-04154,2024-11-28,2025-01-01,C03023,PK03,AG02,2,2,685,0.05,Completed,Card
BK-2024-04155,2024-11-28,2024-12-28,C03136,PK06,AG03,2,0,1510,0.0,Completed,M-Pesa
BK-2024-04156,2024-11-28,2026-01-11,C03168,PK13,AG01,2,0,8200,0.15,Completed,Bank Transfer
BK-2024-04157,2024-11-28,2025-01-31,C03633,PK01,AG10,2,0,530,0.05,Completed,Bank Transfer
BK-2024-04158,2024-11-28,2025-03-20,C04823,PK11,AG00,2,0,4290,0.0,Cancelled,M-Pesa
BK-2024-04159,2024-11-28,2025-01-10,C05905,PK03,AG07,5,0,685,0.0,Completed,Card
BK-2024-04160,2024-11-28,2025-03-04,C06149,PK08,AG13,6,0,1300,0.05,Completed,PayPal
BK-2024-04161,2024-11-29,2025-08-19,C00531,PK16,AG07,1,0,5820,0.0,Completed,Card
BK-2024-04162,2024-11-29,2024-12-15,C00610,PK09,AG06,2,0,3140,0.05,completed,Bank Transfer
BK-2024-04163,2024-11-29,2025-01-05,C00728,PK18,AG00,2,0,6580,0.05,Completed,Bank Transfer
BK-2024-04164,2024-11-29,2025-05-01,C00757,PK16,AG03,2,0,5060,0.0,Completed,M-Pesa
BK-2024-04165,2024-11-29,2025-02-07,C01663,PK03,AG01,1,0,595,0.0,Cancelled,Card
BK-2024-04166,2024-11-29,2025-03-07,C02146,PK18,AG00,2,0,5720,0.05,Completed,Card
BK-2024-04167,2024-11-29,2024-12-07,C02548,PK09,AG09,2,0,3140,0.0,Completed,Card
BK-2024-04168,2024-11-29,2026-02-18,C02750,PK16,AG00,9,0,5290,0.15,Completed,Card
BK-2024-04169,2024-11-29,2025-01-06,C03007,PK18,AG13,12,0,6580,0.1,Completed,Card
BK-2024-04170,2024-11-29,2025-01-09,C03201,PK03,AG00,2,0,685,0.15,Completed,PayPal
BK-2024-04171,2024-11-29,2025-12-05,C03672,PK15,AG07,2,3,4935,0.1,Completed,Card
BK-2024-04172,2024-11-29,2024-12-21,C03733,PK06,AG02,2,0,1510,0.05,Completed,Card
BK-2024-04173,2024-11-29,2025-09-02,C04084,PK16,AG01,2,0,5820,0.15,Completed,M-Pesa
BK-2024-04174,2024-11-29,2025-07-20,C04646,PK14,AG01,1,0,5185,0.05,Cancelled,Card
BK-2024-04175,2024-11-29,2025-02-22,C04769,PK06,AG10,5,0,1375,0.1,Completed,Card
BK-2024-04176,2024-11-29,2025-02-04,C04915,PK06,AG00,1,0,1375,0.0,Completed,Bank Transfer
BK-2024-04177,2024-11-29,2025-01-22,C05058,PK05,AG00,8,0,985,0.15,COMPLETED,Card
BK-2024-04178,2024-11-29,2025-03-11,C05728,PK16,AG12,10,0,5060,,Completed,Card
BK-2024-04179,2024-11-29,2024-12-29,C06072,PK04,AG03,2,1,605,0.0,Completed ,Bank Transfer
BK-2024-04180,2024-11-30,2025-01-23,C00026,PK10,AG07,2,1,1125,0.0,Completed,M-Pesa
BK-2024-04181,2024-11-30,2024-12-06,C00204,PK01,AG12,4,0,505,0.1,Completed,M-Pesa
BK-2024-04182,2024-11-30,2025-05-26,C00274,PK08,AG09,2,2,1300,0.05,Completed,Bank Transfer
BK-2024-04183,2024-11-30,2025-01-31,C00850,PK09,AG02,4,0,3290,0.05,Completed,Bank Transfer
BK-2024-04184,2024-11-30,2024-12-21,C00867,PK04,AG04,2,0,605,0.0,Completed,Card
BK-2024-04185,2024-11-30,2024-12-16,C01045,PK18,AG06,2,0,6280,0.0,Completed,Bank Transfer
BK-2024-04186,2024-11-30,2025-05-14,C01099,PK08,AG00,2,3,1300,0.15,completed,Card
BK-2024-04187,2024-11-30,2025-01-27,C01450,PK03,AG12,3,0,685,0.1,Completed,Bank Transfer
BK-2024-04188,2024-11-30,2024-12-13,C01471,PK02,AG00,2,0,460,0.0,Completed,M-Pesa
BK-2024-04189,2024-11-30,2025-03-11,C01545,PK18,AG01,2,0,5720,0.0,Completed,Card
BK-2024-04190,2024-11-30,2024-12-23,C04264,PK04,AG01,2,0,605,0.0,Completed,M-Pesa
BK-2024-04191,2024-11-30,2024-12-31,C04286,PK09,AG01,2,0,3140,0.05,Completed,Bank Transfer
BK-2024-04192,2024-11-30,2024-12-08,C04522,PK01,AG01,2,0,505,0.1,Completed,PayPal
BK-2024-04193,2024-11-30,2024-12-11,C04549,PK08,AG08,2,3,1425,0.0,Completed,Bank Transfer
BK-2024-04194,2024-11-30,2024-12-12,C05220,PK11,AG00,9,0,4710,0.1,Completed,Card
BK-2024-04195,2024-11-30,2025-02-04,C05797,PK01,AG00,2,3,460,0.0,Completed,Card
BK-2024-04196,2024-11-30,2025-01-05,C05918,PK07,AG04,2,0,2975,0.0,Completed,Card
BK-2024-04197,2024-11-30,2025-01-25,C06480,PK08,AG11,2,0,1495,0.1,Completed,Bank Transfer
BK-2024-04198,2024-12-01,2025-01-11,C00094,PK12,AG03,9,0,6070,0.1,Completed,M-Pesa
BK-2024-04199,2024-12-01,2025-06-03,C00351,PK14,AG00,6,0,4510,0.1,Completed,PayPal
BK-2024-04200,2024-12-01,2025-03-17,C00351,PK07,AG07,5,0,2585,0.0,Completed,PayPal
BK-2024-04201,2024-12-01,2024-12-22,C00528,PK09,AG02,2,1,3140,0.0,Canceled,Bank Transfer
BK-2024-04202,2024-12-01,2024-12-20,C00814,PK11,AG11,1,0,4710,0.0,Completed,PayPal
BK-2024-04203,2024-12-01,2024-12-18,C01270,PK01,AG11,2,0,505,0.0,Completed,M-Pesa
BK-2024-04204,2024-12-01,2024-12-07,C01544,PK06,AG10,2,3,1510,0.0,completed,Card
BK-2024-04205,2024-12-01,2025-07-25,C02584,PK14,AG04,9,0,5185,0.1,Completed,Bank Transfer
BK-2024-04206,2024-12-01,2024-12-26,C02796,PK10,AG02,6,0,1075,0.05,Completed,PayPal
BK-2024-04207,2024-12-01,2025-03-01,C03262,PK12,AG01,1,0,5280,0.0,Cancelled,PayPal
BK-2024-04208,2024-12-01,2025-02-19,C03791,PK10,AG00,1,0,980,0.0,Completed,Card
BK-2024-04209,2024-12-01,2024-12-19,C04205,PK15,AG04,1,0,4710,0.15,Completed,Card
BK-2024-04210,2024-12-01,2025-02-07,C04867,PK04,AG04,1,0,550,0.0,Completed,PayPal
BK-2024-04211,2024-12-01,2025-05-11,C05096,PK12,AG00,2,2,5280,0.0,Completed,Bank Transfer
BK-2024-04212,2024-12-01,2025-02-06,C05545,PK14,AG05,2,0,4510,,Completed,Bank Transfer
BK-2024-04213,2024-12-02,2025-02-01,C00031,PK07,AG04,2,0,2585,0.1,Completed,Card
BK-2024-04214,2024-12-02,2025-02-15,C00987,PK01,AG11,2,1,460,0.05,Completed,PayPal
BK-2024-04215,2024-12-02,2025-12-08,C00992,PK16,AG02,2,2,5820,0.0,Completed,Card
BK-2024-04216,2024-12-02,2025-02-05,C01529,PK15,AG04,2,3,4290,0.1,Completed,Card
BK-2024-04217,2024-12-02,2025-09-28,C02354,PK15,AG06,2,2,4935,0.05,Completed,Card
BK-2024-04218,2024-12-02,2025-02-08,C02379,PK04,AG04,2,0,550,0.0,Completed,PayPal
BK-2024-04219,2024-12-02,2024-12-31,C02583,PK05,AG00,6,0,940,0.0,Completed,Card
BK-2024-04220,2024-12-02,2025-10-09,C02906,PK13,AG00,2,3,7845,0.05,Completed,PayPal
BK-2024-04221,2024-12-02,2025-01-20,C04213,PK12,AG00,2,0,6070,0.0,Completed,Card
BK-2024-04222,2024-12-02,2025-02-20,C04362,PK06,AG00,4,0,1375,0.0,Completed,PayPal
BK-2024-04223,2024-12-02,2025-01-01,C04484,PK01,AG07,2,0,530,0.0,Completed,Card
BK-2024-04224,2024-12-02,2026-01-04,C05288,PK16,AG11,2,0,6085,0.0,Completed,Card
BK-2024-04225,2024-12-02,2025-03-03,C05936,PK17,AG04,1,0,10780,0.15,Completed,Bank Transfer
BK-2024-04226,2024-12-02,2025-02-22,C06199,PK09,AG00,2,0,2860,0.0,Completed,Card
BK-2024-04227,2024-12-03,2024-12-17,C00401,PK12,AG03,2,0,5795,0.0,Cancelled,Bank Transfer
BK-2024-04228,2024-12-03,2025-02-02,C00752,PK17,AG09,7,0,10780,0.0,Completed,Bank Transfer
BK-2024-04229,2024-12-03,2025-03-05,C00978,PK12,AG00,2,0,5280,,Completed,Card
BK-2024-04230,2024-12-03,2025-01-22,C02744,PK10,AG02,2,0,1125,0.0,Completed,Bank Transfer
BK-2024-04231,2024-12-03,2025-05-01,C02848,PK13,AG03,2,0,6820,0.1,Completed,Card
BK-2024-04232,2024-12-03,2025-03-09,C03425,PK12,AG02,2,0,5280,0.0,Completed,Card
BK-2024-04233,2024-12-03,2024-12-20,C03469,PK18,AG05,8,0,6280,0.1,Completed,Bank Transfer
BK-2024-04234,2024-12-03,2025-02-08,C04232,PK11,AG00,2,1,4290,0.0,Completed,Card
BK-2024-04235,2024-12-03,2025-02-12,C04574,PK07,AG01,2,1,2585,0.0,Cancelled,Card
BK-2024-04235,2024-12-03,2025-02-12,C04574,PK07,AG01,2,1,2585,0.0,Cancelled,Card
BK-2024-04236,2024-12-03,2024-12-20,C04579,PK05,AG03,2,0,940,0.0,Cancelled,M-Pesa
BK-2024-04237,2024-12-03,2025-01-11,C04684,PK05,AG00,2,3,985,0.1,Cancelled,Card
BK-2024-04238,2024-12-03,2025-02-22,C05863,PK06,AG07,2,3,1375,0.05,Completed,PayPal
BK-2024-04239,2024-12-03,2025-01-05,C05894,PK03,AG06,4,0,685,0.1,Completed,Card
BK-2024-04240,2024-12-04,2025-05-04,C00069,PK18,AG12,5,0,5720,0.0,Completed,Card
BK-2024-04241,2024-12-04,2025-05-02,C00145,PK11,AG03,2,3,4290,0.0,Completed,Bank Transfer
BK-2024-04242,2024-12-04,2025-02-05,C00430,PK15,AG02,1,0,4290,0.0,Completed,M-Pesa
BK-2024-04243,2024-12-04,2025-01-05,C00641,PK13,AG07,2,0,7845,0.0,Completed,Card
BK-2024-04244,2024-12-04,2025-02-20,C00729,PK07,AG00,2,3,2585,0.05,Completed,PayPal
BK-2024-04245,2024-12-04,2024-12-09,C01137,PK05,AG10,1,0,940,0.0,Completed,Card
BK-2024-04246,2024-12-04,2024-12-17,C01697,PK04,AG05,2,0,605,0.1,Completed,M-Pesa
BK-2024-04247,2024-12-04,2024-12-27,C01923,PK15,AG05,2,2,4710,0.0,Completed,M-Pesa
BK-2024-04248,2024-12-04,2024-12-13,C02154,PK01,AG04,6,0,505,0.05,Completed,Bank Transfer
BK-2024-04249,2024-12-04,2025-04-06,C03126,PK13,AG00,9,0,6820,0.05,Completed,Card
BK-2024-04250,2024-12-04,2024-12-25,C03516,PK02,AG00,2,0,460,0.1,Completed,Card
BK-2024-04251,2024-12-04,2025-06-03,C04206,PK13,AG00,5,0,6820,0.05,Completed,Card
BK-2024-04252,2024-12-04,2025-01-16,C05561,PK13,AG12,12,0,7845,0.05,Completed,Card
BK-2024-04253,2024-12-04,2025-02-06,C05620,PK01,AG00,2,0,460,0.1,Completed,Bank Transfer
BK-2024-04254,2024-12-04,2025-02-18,C06152,PK06,AG02,2,3,1375,0.0,Completed,Card
BK-2024-04255,2024-12-05,2025-01-12,C00131,PK03,AG04,2,0,685,0.0,Completed,Card
BK-2024-04256,2024-12-05,2025-02-02,C00330,PK10,AG11,2,1,980,0.0,Completed,Bank Transfer
BK-2024-04257,2024-12-05,2025-02-27,C01062,PK05,AG05,2,3,860,0.05,Completed,Bank Transfer
BK-2024-04258,2024-12-05,2025-01-17,C01099,PK11,AG01,2,3,4935,0.05,Completed,M-Pesa
BK-2024-04259,2024-12-05,2025-01-17,C01129,PK03,AG02,2,0,685,0.15,completed,Card
BK-2024-04260,2024-12-05,2024-12-26,C01856,PK02,AG01,2,1,460,0.15,Cancelled,M-Pesa
BK-2024-04261,2024-12-05,2025-02-27,C01979,PK13,AG00,2,0,6820,0.0,Completed,Bank Transfer
BK-2024-04262,2024-12-05,2025-01-09,C02557,PK09,AG04,1,0,3290,0.0,Completed,PayPal
BK-2024-04263,2024-12-05,2025-01-05,C03186,PK13,AG06,2,0,7845,0.0,Completed,Card
BK-2024-04264,2024-12-05,2025-01-05,C03798,PK06,AG05,2,2,1580,0.0,Completed,Card
BK-2024-04265,2024-12-05,2025-12-01,C04767,PK12,AG00,1,0,6070,0.0,Cancelled,Card
BK-2024-04266,2024-12-05,2025-01-27,C05527,PK11,AG06,6,0,4935,0.1,Completed,Card
BK-2024-04267,2024-12-05,2025-01-15,C06226,PK04,AG07,2,0,630,,Completed,Card
BK-2024-04268,2024-12-06,2024-12-18,C00613,PK04,AG06,2,2,605,0.0,Completed,PayPal
BK-2024-04269,2024-12-06,2025-02-12,C01491,PK17,AG04,2,0,10780,0.0,Completed,Bank Transfer
BK-2024-04270,2024-12-06,2025-01-10,C01543,PK01,AG02,2,3,530,0.05,Completed,Bank Transfer
BK-2024-04271,2024-12-06,2024-12-31,C01831,PK05,AG01,2,3,940,0.05,Completed,Bank Transfer
BK-2024-04272,2024-12-06,2025-01-28,C01923,PK12,AG00,2,2,6070,0.0,Completed,Bank Transfer
BK-2024-04273,2024-12-06,2026-01-13,C02071,PK12,AG06,2,1,6350,0.0,Completed,Bank Transfer
BK-2024-04274,2024-12-06,2026-02-25,C02502,PK12,AG04,2,0,5520,0.05,Completed,M-Pesa
BK-2024-04275,2024-12-06,2025-03-27,C03517,PK14,AG08,1,0,4510,0.0,Completed,Card
BK-2024-04276,2024-12-06,2025-03-20,C05584,PK18,AG00,2,0,5720,0.0,Completed,Card
BK-2024-04277,2024-12-06,2025-01-07,C05965,PK01,AG02,6,0,530,0.0,Completed,Card
BK-2024-04278,2024-12-06,2025-12-31,C06019,PK16,AG01,2,2,5820,0.1,Completed,M-Pesa
BK-2024-04279,2024-12-07,2025-03-19,C00684,PK12,AG10,2,3,5280,0.05,Completed,Bank Transfer
BK-2024-04280,2024-12-07,2025-03-31,C01548,PK14,AG03,2,2,4510,0.15,Completed,Card
BK-2024-04281,2024-12-07,2024-12-31,C02146,PK04,AG00,2,0,605,0.05,Completed,PayPal
BK-2024-04282,2024-12-07,2025-04-04,C02190,PK07,AG11,2,1,2585,0.1,Completed ,Bank Transfer
BK-2024-04283,2024-12-07,2025-03-21,C02341,PK13,AG04,2,1,6820,0.0,Completed,Bank Transfer
BK-2024-04284,2024-12-07,2025-09-15,C02465,PK18,AG13,8,0,6580,0.0,Completed,PayPal
BK-2024-04285,2024-12-07,2025-04-17,C02485,PK14,AG02,1,0,4510,0.0,completed,Bank Transfer
BK-2024-04286,2024-12-07,2025-08-29,C02919,PK14,AG09,2,0,5185,0.05,Completed,PayPal
BK-2024-04287,2024-12-07,2025-01-20,C03241,PK07,AG01,11,0,2975,0.0,Completed,Card
BK-2024-04288,2024-12-07,2025-02-11,C03267,PK08,AG02,1,0,1300,0.05,Completed,Bank Transfer
BK-2024-04289,2024-12-07,2025-02-26,C03362,PK15,AG02,1,0,4290,0.0,Completed,Bank Transfer
BK-2024-04290,2024-12-07,2025-01-05,C03861,PK16,AG04,6,0,5820,0.1,Completed,Card
BK-2024-04291,2024-12-07,2025-01-01,C05140,PK05,AG00,6,0,985,0.1,Completed,Card
BK-2024-04292,2024-12-07,2025-06-12,C05926,PK18,AG12,10,0,5720,0.1,Completed,Card
BK-2024-04293,2024-12-07,2024-12-19,C06407,PK03,AG05,1,0,650,0.15,Completed,Card
BK-2024-04294,2024-12-07,2025-01-25,C06496,PK06,AG00,1,0,1580,0.0,Completed,Card
BK-2024-04295,2024-12-08,2025-01-27,C00038,PK14,AG08,5,0,5185,0.0,Completed,Card
BK-2024-04296,2024-12-08,2025-02-05,C00539,PK01,AG10,2,2,460,0.1,Completed,Bank Transfer
BK-2024-04297,2024-12-08,2024-12-26,C01431,PK09,AG02,2,3,3140,0.0,Completed,PayPal
BK-2024-04298,2024-12-08,2025-01-21,C01660,PK02,AG07,1,0,480,0.15,Completed,Bank Transfer
BK-2024-04299,2024-12-08,2025-03-10,C02145,PK14,AG02,6,0,4510,0.05,Completed,M-Pesa
BK-2024-04300,2024-12-08,2024-12-25,C02477,PK04,AG00,2,3,605,0.05,Completed,Card
BK-2024-04301,2024-12-08,2025-09-10,C02940,PK13,AG12,5,0,7845,0.1,Completed ,Card
BK-2024-04302,2024-12-08,2025-02-21,C02979,PK15,AG00,4,0,4290,0.1,Completed,Card
BK-2024-04303,2024-12-08,2024-12-29,C03061,PK03,AG00,2,1,650,0.05,Completed,M-Pesa
BK-2024-04304,2024-12-08,2024-12-28,C04013,PK01,AG03,2,3,505,0.05,Completed,M-Pesa
BK-2024-04305,2024-12-08,2024-12-23,C04284,PK05,AG03,1,0,940,0.05,Completed,Card
BK-2024-04306,2024-12-08,2025-02-05,C04443,PK01,AG00,2,3,460,0.0,Completed,Bank Transfer
BK-2024-04307,2024-12-08,2025-07-10,C05225,PK16,AG00,2,0,5820,0.05,Completed,PayPal
BK-2024-04308,2024-12-09,2025-01-13,C00107,PK04,AG13,12,0,630,0.1,COMPLETED,Card
BK-2024-04309,2024-12-09,2025-02-07,C00355,PK17,AG09,2,0,10780,0.0,Completed,PayPal
BK-2024-04310,2024-12-09,2024-12-26,C00736,PK02,AG04,2,3,460,0.0,Completed,Card
BK-2024-04311,2024-12-09,2025-07-09,C02032,PK13,AG09,5,0,7845,0.0,Completed,Bank Transfer
BK-2024-04312,2024-12-09,2025-01-09,C02601,PK17,AG10,2,1,12395,0.1,Completed,M-Pesa
BK-2024-04313,2024-12-09,2026-06-13,C03513,PK12,AG11,2,1,5520,0.0,Completed,PayPal
BK-2024-04314,2024-12-09,2025-01-22,C03801,PK01,AG13,3,0,530,0.15,Completed,Card
BK-2024-04315,2024-12-09,2025-01-06,C04780,PK01,AG00,1,0,530,0.05,completed,M-Pesa
BK-2024-04316,2024-12-09,2025-01-18,C06370,PK06,AG09,2,0,1580,0.1,Completed,Card
BK-2024-04317,2024-12-10,2024-12-21,C00400,PK02,AG00,2,0,460,0.05,Completed,Bank Transfer
BK-2024-04318,2024-12-10,2025-12-24,C01274,PK18,AG13,12,0,6580,0.0,Completed,Bank Transfer
BK-2024-04319,2024-12-10,2024-12-31,C02264,PK03,AG06,2,3,650,0.0,Completed,Bank Transfer
BK-2024-04320,2024-12-10,2025-02-02,C03681,PK14,AG02,2,0,4510,0.0,Completed,Card
BK-2024-04321,2024-12-10,2025-01-16,C03878,PK11,AG05,2,0,4935,0.0,Completed,Bank Transfer
BK-2024-04322,2024-12-10,2025-01-03,C03922,PK05,AG00,2,0,985,0.0,Completed,Card
BK-2024-04323,2024-12-10,2024-12-22,C04575,PK02,AG04,2,3,460,0.15,Cancelled,Card
BK-2024-04324,2024-12-10,2025-02-02,C05476,PK01,AG13,12,0,460,0.1,Completed,Card
BK-2024-04325,2024-12-10,2025-02-18,C05827,PK05,AG00,2,0,860,0.1,Completed,Card
BK-2024-04326,2024-12-11,2025-01-23,C00002,PK07,AG01,8,0,2975,0.1,Completed,PayPal
BK-2024-04327,2024-12-11,2025-03-08,C00266,PK13,AG09,2,1,6820,0.0,Completed,PayPal
BK-2024-04328,2024-12-11,2025-07-05,C00473,PK17,AG00,4,0,12395,0.1,Completed,Card
BK-2024-04329,2024-12-11,2025-01-26,C00611,PK14,AG13,9,0,5185,0.0,Canceled,Card
BK-2024-04330,2024-12-11,2025-01-26,C01013,PK07,AG03,2,2,2975,0.1,Completed,Card
BK-2024-04331,2024-12-11,2025-01-20,C01829,PK10,AG00,2,1,1125,0.05,Completed,PayPal
BK-2024-04332,2024-12-11,2024-12-18,C02039,PK01,AG00,2,0,505,0.0,Completed,M-Pesa
BK-2024-04333,2024-12-11,2025-01-03,C02642,PK12,AG00,2,0,6070,0.05,Completed,Bank Transfer
BK-2024-04334,2024-12-11,2025-01-18,C03123,PK09,AG12,10,0,3290,0.0,Completed,Card
BK-2024-04335,2024-12-11,2025-01-18,C03406,PK11,AG12,4,0,4935,0.0,Completed,Bank Transfer
BK-2024-04336,2024-12-11,2025-06-30,C03451,PK16,AG11,2,1,5060,0.1,Completed,Card
BK-2024-04337,2024-12-11,2025-02-15,C03602,PK14,AG00,5,0,4510,0.05,Completed,Card
BK-2024-04338,2024-12-11,2024-12-17,C03696,PK04,AG00,2,0,605,0.1,Cancelled,Bank Transfer
BK-2024-04339,2024-12-11,2025-01-27,C05162,PK01,AG05,2,0,530,0.0,Completed,Card
BK-2024-04340,2024-12-11,2024-12-31,C05433,PK04,AG04,1,0,605,0.0,Completed,Bank Transfer
BK-2024-04341,2024-12-12,2025-03-08,C01572,PK14,AG00,4,0,4510,0.1,Completed,M-Pesa
BK-2024-04342,2024-12-12,2025-06-30,C01673,PK17,AG04,1,0,10780,0.0,Completed,Bank Transfer
BK-2024-04343,2024-12-12,2024-12-31,C02145,PK12,AG02,5,0,5795,0.0,Completed,Card
BK-2024-04344,2024-12-12,2025-02-02,C03435,PK01,AG00,2,0,460,0.0,Cancelled,Card
BK-2024-04345,2024-12-12,2025-02-04,C03500,PK12,AG04,2,0,5280,0.05,completed,M-Pesa
BK-2024-04346,2024-12-12,2025-02-08,C04366,PK18,AG00,2,1,5720,0.15,Cancelled,Card
BK-2024-04347,2024-12-12,2024-12-31,C05320,PK18,AG01,7,0,6280,0.1,Completed,Card
BK-2024-04348,2024-12-12,2025-02-18,C05608,PK11,AG02,6,0,4290,0.1,Completed,Bank Transfer
BK-2024-04349,2024-12-12,2025-01-20,C05645,PK02,AG02,9,0,480,0.1,Completed,Bank Transfer
BK-2024-04350,2024-12-12,2025-06-26,C05922,PK12,AG00,2,0,5280,0.0,Completed,Card
BK-2024-04351,2024-12-13,2025-01-06,C00440,PK10,AG05,2,3,1125,0.1,Completed,PayPal
BK-2024-04352,2024-12-13,2025-02-16,C00797,PK09,AG00,9,0,2860,0.1,Completed,Card
BK-2024-04353,2024-12-13,2025-01-03,C01396,PK08,AG13,5,0,1495,0.1,Completed,M-Pesa
BK-2024-04354,2024-12-13,2025-08-14,C01893,PK18,AG07,2,0,6580,0.05,Completed,Card
BK-2024-04355,2024-12-13,2025-01-27,C02086,PK15,AG00,9,0,4935,0.0,Completed,M-Pesa
BK-2024-04356,2024-12-13,2025-07-28,C02288,PK14,AG07,5,0,5185,0.1,Completed,PayPal
BK-2024-04357,2024-12-13,2025-02-10,C02771,PK07,AG12,5,0,2585,0.1,Completed,Card
BK-2024-04358,2024-12-13,2025-01-21,C03599,PK01,AG04,2,0,530,0.0,Completed,PayPal
BK-2024-04359,2024-12-13,2025-01-23,C03666,PK05,AG06,2,0,985,0.15,Completed,Bank Transfer
BK-2024-04360,2024-12-13,2025-01-22,C04100,PK15,AG12,4,0,4935,0.0,Completed,Card
BK-2024-04361,2024-12-13,2025-01-22,C05320,PK03,AG01,8,0,685,0.15,Completed,Bank Transfer
BK-2024-04362,2024-12-13,2025-01-30,C05606,PK01,AG04,2,0,530,0.1,Cancelled,Card
BK-2024-04363,2024-12-14,2025-03-09,C00517,PK10,AG00,2,3,980,0.0,Completed,Card
BK-2024-04364,2024-12-14,2024-12-31,C00656,PK06,AG01,2,1,1510,0.0,Completed,Card
BK-2024-04365,2024-12-14,2025-03-31,C00787,PK16,AG01,6,0,5060,0.1,completed,PayPal
BK-2024-04366,2024-12-14,2025-06-22,C00828,PK17,AG00,2,0,10780,0.1,Completed,Card
BK-2024-04367,2024-12-14,2025-01-18,C03116,PK02,AG11,2,0,480,0.0,Completed,Card
BK-2024-04368,2024-12-14,2025-01-04,C03565,PK01,AG07,2,0,530,0.0,Completed,PayPal
BK-2024-04369,2024-12-14,2024-12-30,C03812,PK11,AG00,2,1,4710,0.1,Completed,Bank Transfer
BK-2024-04370,2024-12-14,2025-02-09,C04089,PK08,AG09,1,0,1300,0.0,Completed,Card
BK-2024-04371,2024-12-14,2025-03-21,C04285,PK16,AG02,2,0,5060,0.05,Completed,Bank Transfer
BK-2024-04372,2024-12-15,2025-01-14,C00390,PK01,AG02,2,2,530,0.0,Completed,M-Pesa
BK-2024-04373,2024-12-15,2026-01-29,C01143,PK13,AG04,2,0,8200,0.0,Completed,Bank Transfer
BK-2024-04374,2024-12-15,2025-02-28,C02166,PK07,AG02,1,0,2585,0.1,Completed,Card
BK-2024-04375,2024-12-15,2025-05-02,C02243,PK06,AG02,2,2,1375,0.05,Completed,M-Pesa
BK-2024-04376,2024-12-15,2024-12-29,C02291,PK15,AG00,1,0,4710,0.0,COMPLETED,Card
BK-2024-04377,2024-12-15,2025-01-27,C02304,PK04,AG00,2,0,630,0.1,Completed,PayPal
BK-2024-04378,2024-12-15,2025-01-16,C02331,PK11,AG00,9,0,4935,0.1,Completed,Bank Transfer
BK-2024-04379,2024-12-15,2025-01-15,C02384,PK14,AG10,2,0,5185,0.05,Completed,Card
BK-2024-04380,2024-12-15,2025-01-15,C03330,PK12,AG00,1,0,6070,0.0,Completed,Card
BK-2024-04381,2024-12-15,2025-01-27,C03442,PK02,AG00,2,0,480,0.1,Completed,Bank Transfer
BK-2024-04382,2024-12-15,2025-06-18,C03456,PK18,AG01,2,3,5720,0.0,Completed,Card
BK-2024-04383,2024-12-15,2025-01-04,C03506,PK18,AG03,2,1,6580,0.0,Cancelled,Card
BK-2024-04384,2024-12-15,2025-02-14,C03690,PK17,AG03,2,2,10780,0.0,Canceled,Card
BK-2024-04385,2024-12-15,2025-02-27,C03750,PK05,AG08,5,0,860,0.1,completed,Bank Transfer
BK-2024-04386,2024-12-15,2025-01-28,C04334,PK10,AG00,5,0,1125,0.0,Completed,Bank Transfer
BK-2024-04387,2024-12-15,2025-07-29,C04374,PK12,AG00,2,0,6070,0.0,Completed ,Bank Transfer
BK-2024-04388,2024-12-15,2025-03-11,C04821,PK06,AG00,6,0,1375,0.1,Completed,Card
BK-2024-04389,2024-12-15,2025-08-02,C04862,PK12,AG09,6,0,6070,0.0,Completed,Card
BK-2024-04390,2024-12-15,2025-01-23,C05781,PK04,AG03,1,0,630,0.0,Completed,M-Pesa
BK-2024-04391,2024-12-16,2025-03-08,C00823,PK06,AG02,2,3,1375,0.1,Cancelled,PayPal
BK-2024-04392,2024-12-16,2025-02-24,C00850,PK08,AG12,7,0,1300,0.1,Completed,Card
BK-2024-04393,2024-12-16,2025-07-08,C01139,PK12,AG11,2,0,6070,0.05,Completed,Card
BK-2024-04394,2024-12-16,2025-03-15,C01224,PK17,AG04,2,1,10780,0.05,Cancelled,Bank Transfer
BK-2024-04395,2024-12-16,2025-05-08,C01253,PK16,AG00,1,0,5060,0.0,Completed,Card
BK-2024-04396,2024-12-16,2025-01-13,C01630,PK06,AG02,2,0,1580,0.0,Completed,Card
BK-2024-04397,2024-12-16,2024-12-26,C02160,PK04,AG09,1,0,605,0.15,Canceled,PayPal
BK-2024-04398,2024-12-16,2025-09-20,C03295,PK14,AG05,1,0,5185,0.1,Completed,Card
BK-2024-04399,2024-12-16,2025-01-01,C03327,PK01,AG00,2,0,530,0.05,Completed,Bank Transfer
BK-2024-04400,2024-12-16,2025-01-25,C04354,PK03,AG10,2,0,685,0.0,Completed,Card
BK-2024-04401,2024-12-16,2025-01-06,C04622,PK07,AG00,2,2,2975,0.0,Completed,Card
BK-2024-04402,2024-12-16,2025-04-24,C05253,PK14,AG01,2,0,4510,0.0,Completed,PayPal
BK-2024-04403,2024-12-17,2025-03-07,C00911,PK13,AG04,1,0,6820,0.0,Completed,PayPal
BK-2024-04404,2024-12-17,2025-01-11,C01736,PK09,AG00,1,0,3290,0.0,Completed,Card
BK-2024-04405,2024-12-17,2025-02-05,C02242,PK02,AG01,2,0,420,0.05,Completed,Bank Transfer
BK-2024-04406,2024-12-17,2025-02-10,C02942,PK09,AG05,2,0,2860,0.0,Completed,Bank Transfer
BK-2024-04407,2024-12-17,2024-12-30,C03719,PK05,AG13,7,0,940,0.05,Completed,Card
BK-2024-04408,2024-12-17,2025-01-17,C04178,PK03,AG10,2,0,685,0.1,Completed,Card
BK-2024-04409,2024-12-17,2025-09-17,C04561,PK18,AG05,2,1,6580,0.0,Completed,PayPal
BK-2024-04410,2024-12-17,2025-08-19,C05975,PK16,AG13,12,0,5820,0.1,Completed,Card
BK-2024-04411,2024-12-17,2025-03-02,C06181,PK06,AG00,5,0,1375,0.1,Completed ,Bank Transfer
BK-2024-04412,2024-12-18,2025-05-12,C00632,PK12,AG00,2,3,5280,0.0,Completed,Card
BK-2024-04413,2024-12-18,2025-02-14,C00713,PK13,AG00,4,0,6820,0.1,Completed,PayPal
BK-2024-04414,2024-12-18,2025-06-11,C00845,PK18,AG00,2,0,5720,0.05,Completed,Bank Transfer
BK-2024-04415,2024-12-18,2025-01-10,C01476,PK01,AG00,2,3,530,0.1,Completed,M-Pesa
BK-2024-04416,2024-12-18,2025-05-26,C01645,PK12,AG00,2,1,5280,0.05,Completed,Card
BK-2024-04417,2024-12-18,2025-02-26,C01752,PK07,AG01,9,0,2585,0.05,Completed,Card
BK-2024-04418,2024-12-18,2025-01-22,C01872,PK03,AG03,2,0,685,0.0,Completed ,M-Pesa
BK-2024-04419,2024-12-18,2024-12-21,C01920,PK07,AG06,2,3,2840,0.0,Completed,M-Pesa
BK-2024-04420,2024-12-18,2025-01-21,C02104,PK02,AG07,2,0,480,0.0,Completed,Card
BK-2024-04421,2024-12-18,2025-01-23,C02180,PK01,AG00,2,0,530,0.1,Completed,Card
BK-2024-04422,2024-12-18,2025-02-12,C03381,PK05,AG01,2,1,860,0.0,Completed,Card
BK-2024-04423,2024-12-18,2024-12-28,C03944,PK02,AG02,2,3,460,0.0,Completed,Bank Transfer
BK-2024-04424,2024-12-18,2025-01-02,C06374,PK02,AG05,2,0,480,0.0,Completed,Card
BK-2024-04425,2024-12-19,2025-02-15,C00422,PK08,AG09,2,0,1300,0.0,Completed ,Card
BK-2024-04426,2024-12-19,2025-01-25,C00908,PK16,AG08,2,0,5820,0.1,Completed,Card
BK-2024-04427,2024-12-19,2025-01-10,C02501,PK01,AG00,1,0,530,0.1,Completed,Card
BK-2024-04428,2024-12-19,2025-08-05,C02611,PK14,AG02,9,0,5185,0.05,completed,Bank Transfer
BK-2024-04429,2024-12-19,2025-01-26,C02752,PK05,AG03,2,0,985,0.1,Completed,Card
BK-2024-04430,2024-12-19,2025-10-15,C03054,PK18,AG11,2,0,6580,0.05,Completed,Card
BK-2024-04431,2024-12-19,2025-01-25,C03137,PK18,AG02,1,0,6580,0.0,Completed,Card
BK-2024-04432,2024-12-19,2025-01-22,C03494,PK05,AG05,1,0,985,0.0,Completed,Bank Transfer
BK-2024-04433,2024-12-19,2025-03-12,C04074,PK05,AG00,2,3,860,0.1,Completed,Card
BK-2024-04434,2024-12-19,2024-12-27,C04170,PK01,AG00,9,0,505,0.0,Completed,Bank Transfer
BK-2024-04435,2024-12-19,2025-01-23,C05965,PK04,AG04,8,0,630,0.0,Completed,M-Pesa
BK-2024-04436,2024-12-19,2025-03-26,C06261,PK09,AG02,1,0,2860,0.05,Completed,PayPal
BK-2024-04437,2024-12-20,2025-02-12,C00052,PK08,AG00,12,0,1300,0.0,Completed,Bank Transfer
BK-2024-04438,2024-12-20,2025-01-24,C00377,PK06,AG09,2,0,1580,0.05,Completed,Bank Transfer
BK-2024-04439,2024-12-20,2025-11-20,C00457,PK18,AG00,6,0,5720,0.0,Completed,Card
BK-2024-04440,2024-12-20,2025-12-07,C00603,PK14,AG00,2,0,5185,0.05,Completed,M-Pesa
BK-2024-04441,2024-12-20,2025-09-06,C01237,PK12,AG00,2,2,6070,0.0,Cancelled,Card
BK-2024-04442,2024-12-20,2025-02-26,C01644,PK01,AG00,2,0,460,0.05,Completed,Bank Transfer
BK-2024-04443,2024-12-20,2025-03-30,C01783,PK16,AG00,1,0,5060,0.05,Completed,Card
BK-2024-04444,2024-12-20,2025-02-09,C01833,PK01,AG10,1,0,460,0.0,Completed,M-Pesa
BK-2024-04445,2024-12-20,2025-02-01,C02435,PK07,AG02,2,0,2585,0.1,Completed,Bank Transfer
BK-2024-04445,2024-12-20,2025-02-01,C02435,PK07,AG02,2,0,2585,0.1,Completed,Bank Transfer
BK-2024-04446,2024-12-20,2025-09-04,C02842,PK16,AG07,2,1,5820,0.1,Cancelled,M-Pesa
BK-2024-04447,2024-12-20,2024-12-31,C03761,PK02,AG06,6,0,460,,Completed,Bank Transfer
BK-2024-04448,2024-12-20,2025-01-19,C04688,PK01,AG01,2,2,530,0.05,Completed,Card
BK-2024-04449,2024-12-20,2025-02-11,C04754,PK03,AG07,2,0,595,0.0,Completed,Card
BK-2024-04450,2024-12-20,2025-03-31,C05452,PK16,AG11,2,0,5060,0.0,Completed,M-Pesa
BK-2024-04451,2024-12-20,2025-03-28,C05688,PK07,AG00,1,0,2585,0.1,Completed,Bank Transfer
BK-2024-04452,2024-12-20,2025-02-05,C05802,PK14,AG00,1,0,4510,0.0,Completed,Bank Transfer
BK-2024-04453,2024-12-20,2025-02-06,C05948,PK12,AG00,2,0,5280,0.0,Completed,Card
BK-2024-04454,2024-12-20,2025-01-03,C06476,PK05,AG02,2,0,985,0.0,Completed,M-Pesa
BK-2024-04455,2024-12-21,2025-04-15,C00860,PK15,AG01,2,0,4290,0.1,Completed ,Card
BK-2024-04456,2024-12-21,2025-01-24,C01727,PK12,AG12,9,0,6070,0.1,Completed,Bank Transfer
BK-2024-04457,2024-12-21,2025-01-27,C02807,PK03,AG06,1,0,685,0.0,Cancelled,Bank Transfer
BK-2024-04458,2024-12-21,2025-05-28,C02854,PK14,AG01,2,0,4510,0.0,Completed,Card
BK-2024-04459,2024-12-21,2025-01-04,C03267,PK03,AG03,1,0,685,0.0,Completed,PayPal
BK-2024-04460,2024-12-21,2025-01-10,C03534,PK09,AG06,8,0,3290,0.05,Completed,PayPal
BK-2024-04461,2024-12-21,2024-12-29,C03777,PK02,AG02,7,0,460,0.0,Cancelled,Bank Transfer
BK-2024-04462,2024-12-21,2025-01-12,C04348,PK16,AG00,2,1,5820,0.05,Completed,Card
BK-2024-04463,2024-12-21,2025-02-03,C04722,PK12,AG03,2,0,5280,0.0,completed,Card
BK-2024-04464,2024-12-21,2025-03-17,C05187,PK12,AG02,1,0,5280,0.0,COMPLETED,Card
BK-2024-04465,2024-12-21,2024-12-30,C05218,PK03,AG00,2,0,650,0.0,Completed,Bank Transfer
BK-2024-04466,2024-12-22,2025-03-07,C00111,PK07,AG11,8,0,2585,0.0,Completed,Bank Transfer
BK-2024-04467,2024-12-22,2024-12-27,C00557,PK06,AG03,1,0,1510,0.05,Completed,Card
BK-2024-04468,2024-12-22,2025-02-23,C01768,PK02,AG12,4,0,420,0.1,Completed,PayPal
BK-2024-04469,2024-12-22,2025-03-20,C02071,PK13,AG00,2,1,6820,0.0,Completed,Bank Transfer
BK-2024-04470,2024-12-22,2025-02-19,C02798,PK15,AG00,1,0,4290,0.0,Completed,Card
BK-2024-04471,2024-12-22,2025-01-13,C02853,PK02,AG07,2,0,480,0.05,completed,PayPal
BK-2024-04472,2024-12-22,2025-01-03,C03190,PK04,AG00,6,0,630,0.05,Completed,Card
BK-2024-04473,2024-12-22,2025-02-03,C03552,PK06,AG03,2,0,1375,0.05,Completed,PayPal
BK-2024-04474,2024-12-22,2025-02-24,C03594,PK07,AG00,2,1,2585,0.0,Completed,Bank Transfer
BK-2024-04475,2024-12-22,2025-01-23,C05456,PK09,AG13,9,0,3290,0.05,Completed,PayPal
BK-2024-04476,2024-12-23,2025-10-18,C00012,PK15,AG00,2,0,4935,0.0,Completed,Bank Transfer
BK-2024-04477,2024-12-23,2025-01-16,C00316,PK07,AG01,1,0,2975,0.0,Completed,Card
BK-2024-04478,2024-12-23,2025-02-17,C00534,PK16,AG00,1,0,5060,0.0,Completed,PayPal
BK-2024-04479,2024-12-23,2025-03-23,C01882,PK12,AG12,8,0,5280,0.0,Completed ,Card
BK-2024-04480,2024-12-23,2025-02-16,C03603,PK01,AG00,2,1,460,0.0,Completed,Card
BK-2024-04481,2024-12-23,2025-01-07,C04007,PK05,AG10,2,3,985,0.0,Completed,PayPal
BK-2024-04482,2024-12-23,2025-02-24,C04524,PK11,AG11,1,0,4290,0.0,Completed,Bank Transfer
BK-2024-04483,2024-12-23,2025-01-26,C05471,PK03,AG02,2,0,685,0.0,Completed,Card
BK-2024-04484,2024-12-23,2025-01-20,C06282,PK13,AG00,1,0,7845,0.0,Cancelled,PayPal
BK-2024-04485,2024-12-24,2025-08-11,C00258,PK18,AG00,2,0,6580,0.0,Completed,Bank Transfer
BK-2024-04486,2024-12-24,2025-03-14,C01507,PK06,AG06,2,3,1375,0.05,Completed,Card
BK-2024-04487,2024-12-24,2025-02-11,C01715,PK06,AG10,1,0,1375,0.0,Completed,M-Pesa
BK-2024-04488,2024-12-24,2025-01-08,C02394,PK09,AG10,2,3,3290,0.0,Completed,Card
BK-2024-04489,2024-12-24,2025-10-16,C02526,PK13,AG00,2,2,7845,0.0,Completed,Bank Transfer
BK-2024-04490,2024-12-24,2025-01-06,C02718,PK13,AG01,2,0,7845,0.0,Completed ,Card
BK-2024-04491,2024-12-24,2025-01-26,C03150,PK01,AG00,2,0,530,0.05,Completed,PayPal
BK-2024-04492,2024-12-24,2025-02-14,C04354,PK11,AG00,2,0,4290,0.05,Completed,Bank Transfer
BK-2024-04493,2024-12-24,2025-03-25,C04810,PK09,AG10,2,0,2860,0.0,Completed,Card
BK-2024-04494,2024-12-24,2024-12-28,C04833,PK01,AG00,2,0,505,0.05,Completed,Bank Transfer
BK-2024-04495,2024-12-24,2025-02-12,C04834,PK07,AG11,2,0,2585,0.0,Completed,Card
BK-2024-04496,2024-12-24,2025-01-19,C04920,PK13,AG00,1,0,7845,0.05,Completed,Card
BK-2024-04497,2024-12-24,2025-03-18,C05399,PK17,AG12,9,0,10780,0.05,Completed,Bank Transfer
BK-2024-04498,2024-12-24,2025-06-01,C05455,PK09,AG00,2,3,2860,0.0,Completed,M-Pesa
BK-2024-04499,2024-12-24,2025-03-22,C05524,PK08,AG02,2,0,1300,0.15,Completed,Card
BK-2024-04500,2024-12-24,2025-01-16,C05909,PK03,AG00,2,0,685,0.0,Completed,Bank Transfer
BK-2024-04501,2024-12-24,2025-04-14,C06246,PK12,AG06,5,0,5280,0.1,Completed,Card
BK-2024-04502,2024-12-25,2025-01-07,C00046,PK01,AG09,1,0,530,0.05,Completed,Card
BK-2024-04503,2024-12-25,2025-03-06,C00782,PK11,AG00,2,1,4290,0.0,Completed,PayPal
BK-2024-04504,2024-12-25,2025-01-30,C01953,PK10,AG04,2,0,1125,0.0,Completed,Card
BK-2024-04505,2024-12-25,2025-02-02,C01985,PK13,AG00,2,0,6820,0.0,Completed,Card
BK-2024-04506,2024-12-25,2025-09-06,C02299,PK16,AG00,2,0,5820,0.0,Completed,Bank Transfer
BK-2024-04507,2024-12-25,2025-02-04,C02718,PK03,AG03,2,0,595,0.05,Completed,Card
BK-2024-04508,2024-12-25,2025-02-24,C02763,PK01,AG02,2,0,460,0.0,Completed,Card
BK-2024-04509,2024-12-25,2025-03-01,C04624,PK09,AG04,2,1,2860,0.1,Canceled,Card
BK-2024-04509,2024-12-25,2025-03-01,C04624,PK09,AG04,2,1,2860,0.1,Canceled,Card
BK-2024-04510,2024-12-25,2025-08-10,C05789,PK18,AG06,1,0,6580,0.0,Completed,Card
BK-2024-04511,2024-12-25,2025-02-25,C06083,PK06,AG10,2,0,1375,0.1,Completed,Bank Transfer
BK-2024-04512,2024-12-25,2025-01-17,C06165,PK01,AG08,1,0,530,0.0,Completed,Bank Transfer
BK-2024-04513,2024-12-25,2025-01-24,C06476,PK02,AG07,2,0,480,0.0,Completed,Bank Transfer
BK-2024-04514,2024-12-26,2025-03-21,C00869,PK14,AG00,2,0,4510,0.0,COMPLETED,Card
BK-2024-04515,2024-12-26,2025-01-22,C02128,PK09,AG00,4,0,3290,0.0,Completed,M-Pesa
BK-2024-04516,2024-12-26,2025-06-03,C02521,PK15,AG07,2,0,4290,0.1,completed,Bank Transfer
BK-2024-04517,2024-12-26,2025-01-25,C02739,PK07,AG00,2,0,2975,0.15,Completed,PayPal
BK-2024-04518,2024-12-26,2025-02-17,C02789,PK08,AG00,1,0,1300,0.0,Completed,Bank Transfer
BK-2024-04519,2024-12-26,2025-02-26,C02813,PK09,AG02,2,0,2860,0.0,Completed,Card
BK-2024-04520,2024-12-26,2025-01-27,C03715,PK16,AG01,7,0,5820,,Completed,Bank Transfer
BK-2024-04521,2024-12-26,2025-01-22,C03754,PK17,AG12,10,0,12395,0.05,Completed,Bank Transfer
BK-2024-04522,2024-12-26,2025-02-26,C03822,PK02,AG00,2,2,420,0.1,Completed,Card
BK-2024-04523,2024-12-26,2025-02-02,C04617,PK06,AG07,2,0,1375,0.05,Completed,PayPal
BK-2024-04524,2024-12-26,2025-01-17,C05662,PK12,AG06,2,0,6070,0.05,completed,Card
BK-2024-04525,2024-12-26,2025-04-30,C05897,PK18,AG02,1,0,5720,0.0,Completed,Bank Transfer
BK-2024-04526,2024-12-26,2025-02-12,C06009,PK03,AG10,7,0,595,0.0,Completed,PayPal
BK-2024-04527,2024-12-26,2025-02-05,C06040,PK03,AG00,5,0,595,0.0,Completed,Bank Transfer
BK-2024-04528,2024-12-26,2025-02-23,C06370,PK02,AG03,2,0,420,0.0,Completed,Card
BK-2024-04529,2024-12-26,2025-01-29,C06406,PK07,AG00,2,0,2975,0.0,Cancelled,M-Pesa
BK-2024-04530,2024-12-27,2025-02-15,C00714,PK03,AG00,2,0,595,0.1,Completed,Bank Transfer
BK-2024-04531,2024-12-27,2025-07-12,C00801,PK15,AG01,2,0,4935,0.0,Completed,Card
BK-2024-04532,2024-12-27,2025-02-14,C01946,PK02,AG01,2,0,420,0.0,Completed,Card
BK-2024-04533,2024-12-27,2025-02-21,C02166,PK02,AG00,1,0,420,0.0,Cancelled,Bank Transfer
BK-2024-04534,2024-12-27,2025-08-28,C02219,PK18,AG00,1,0,6580,0.1,Completed,Bank Transfer
BK-2024-04535,2024-12-27,2025-02-12,C02815,PK08,AG10,2,0,1300,0.0,Completed,Card
BK-2024-04536,2024-12-27,2025-02-22,C03361,PK01,AG04,6,0,460,0.1,Completed,Bank Transfer
BK-2024-04537,2024-12-27,2025-02-11,C03427,PK03,AG04,2,0,595,0.0,completed,PayPal
BK-2024-04538,2024-12-27,2025-05-24,C04107,PK06,AG00,5,0,1375,0.05,Completed,PayPal
BK-2024-04539,2024-12-27,2025-03-24,C04158,PK04,AG04,1,0,550,0.05,Completed,Card
BK-2024-04540,2024-12-27,2025-01-21,C04307,PK05,AG00,2,0,985,0.0,Completed,PayPal
BK-2024-04541,2024-12-27,2025-02-27,C05054,PK09,AG02,2,1,2860,0.15,Completed,Card
BK-2024-04542,2024-12-27,2025-08-27,C06357,PK16,AG04,2,0,5820,0.05,Completed,Card
BK-2024-04543,2024-12-28,2025-03-11,C00911,PK01,AG00,1,0,460,0.0,Completed,Card
BK-2024-04544,2024-12-28,2025-02-01,C01207,PK08,AG04,2,2,1300,0.0,Completed,Bank Transfer
BK-2024-04545,2024-12-28,2025-02-09,C01282,PK06,AG04,1,0,1375,0.05,Completed,Card
BK-2024-04546,2024-12-28,2025-01-10,C01583,PK03,AG03,2,0,685,0.0,Completed,M-Pesa
BK-2024-04547,2024-12-28,2025-01-27,C02380,PK01,AG05,1,0,530,0.0,COMPLETED,PayPal
BK-2024-04548,2024-12-28,2025-01-14,C02506,PK01,AG11,12,0,530,,Completed,Card
BK-2024-04549,2024-12-28,2025-03-05,C02642,PK17,AG03,2,0,10780,0.1,Completed,Bank Transfer
BK-2024-04550,2024-12-28,2025-02-26,C04277,PK01,AG00,2,0,460,0.0,Completed,Card
BK-2024-04551,2024-12-28,2025-03-28,C05061,PK01,AG00,2,0,460,0.05,Completed,Bank Transfer
BK-2024-04552,2024-12-28,2025-04-15,C05249,PK08,AG09,2,0,1300,0.05,Completed,Card
BK-2024-04553,2024-12-28,2025-05-09,C05355,PK06,AG04,2,0,1375,0.05,Completed,Bank Transfer
BK-2024-04554,2024-12-28,2025-02-15,C05513,PK07,AG04,9,0,2585,0.1,Completed,PayPal
BK-2024-04555,2024-12-28,2025-11-07,C06125,PK14,AG00,2,2,4510,0.05,Completed,PayPal
BK-2024-04556,2024-12-28,2025-03-20,C06328,PK05,AG10,4,0,860,0.0,Completed,PayPal
BK-2024-04557,2024-12-29,2025-01-26,C00297,PK10,AG00,7,0,1125,0.1,Completed,M-Pesa
BK-2024-04558,2024-12-29,2025-04-13,C00561,PK10,AG13,7,0,980,0.1,Completed,Card
BK-2024-04559,2024-12-29,2025-07-16,C01445,PK12,AG00,5,0,6070,0.0,Cancelled,M-Pesa
BK-2024-04560,2024-12-29,2025-02-21,C01648,PK11,AG01,2,0,4290,0.0,Completed,Card
BK-2024-04561,2024-12-29,2025-01-01,C02851,PK14,AG03,6,0,5185,0.0,Completed,Card
BK-2024-04562,2024-12-29,2025-03-28,C03912,PK18,AG08,2,0,5720,0.0,Completed,Card
BK-2024-04563,2024-12-29,2025-02-17,C04333,PK14,AG06,1,0,4510,0.0,Completed,M-Pesa
BK-2024-04564,2024-12-29,2025-02-04,C04501,PK11,AG00,2,0,4290,0.0,Completed,PayPal
BK-2024-04565,2024-12-29,2025-02-01,C04720,PK06,AG00,2,0,1375,,Completed,Card
BK-2024-04566,2024-12-29,2025-05-17,C04752,PK14,AG00,1,0,4510,0.0,Canceled,Bank Transfer
BK-2024-04567,2024-12-29,2025-06-26,C05910,PK13,AG02,2,0,6820,0.0,Completed,PayPal
BK-2024-04568,2024-12-30,2025-01-21,C00242,PK03,AG13,9,0,685,0.0,Completed,Card
BK-2024-04569,2024-12-30,2025-03-12,C00357,PK06,AG07,2,3,1375,0.0,Completed,Card
BK-2024-04570,2024-12-30,2025-01-17,C00771,PK04,AG11,4,0,630,0.0,Completed,Bank Transfer
BK-2024-04571,2024-12-30,2025-02-04,C01438,PK12,AG00,2,0,5280,0.0,Completed,Bank Transfer
BK-2024-04572,2024-12-30,2025-01-21,C01588,PK05,AG05,9,0,985,0.1,Completed,Card
BK-2024-04573,2024-12-30,2025-02-20,C01890,PK08,AG01,2,0,1300,0.0,Completed,Bank Transfer
BK-2024-04574,2024-12-30,2025-01-16,C02109,PK04,AG00,2,0,630,0.05,Completed,Bank Transfer
BK-2024-04575,2024-12-30,2025-02-18,C03891,PK09,AG07,2,0,2860,0.0,Completed,M-Pesa
BK-2024-04576,2024-12-30,2025-07-29,C04145,PK18,AG13,3,0,6580,0.1,Completed,PayPal
BK-2024-04577,2024-12-30,2025-06-17,C04379,PK12,AG00,2,1,5280,0.0,Completed,PayPal
BK-2024-04578,2024-12-30,2025-06-11,C05164,PK15,AG13,6,0,4290,0.0,Completed,Card
BK-2024-04579,2024-12-30,2025-05-10,C05887,PK10,AG00,2,0,980,0.05,Completed,PayPal
BK-2024-04580,2024-12-31,2025-12-18,C01206,PK13,AG03,2,3,7845,0.0,Cancelled,M-Pesa
BK-2024-04581,2024-12-31,2025-01-21,C01632,PK01,AG00,5,0,530,0.0,Completed,Bank Transfer
BK-2024-04582,2024-12-31,2025-05-23,C02242,PK13,AG02,2,0,6820,0.0,Completed,M-Pesa
BK-2024-04583,2024-12-31,2025-03-20,C02480,PK13,AG11,1,0,6820,0.0,Completed,PayPal
BK-2024-04584,2024-12-31,2025-02-25,C03925,PK13,AG00,2,0,6820,,Completed,Card
BK-2024-04585,2024-12-31,2025-01-17,C04035,PK11,AG00,2,0,4935,0.05,Completed,Card
BK-2024-04586,2024-12-31,2025-01-14,C04120,PK12,AG01,2,3,6070,0.1,Completed,Card
BK-2024-04587,2024-12-31,2025-02-21,C04723,PK03,AG13,12,0,595,0.15,Completed,M-Pesa
BK-2024-04588,2024-12-31,2025-03-02,C05102,PK09,AG03,2,1,2860,0.0,Completed,M-Pesa
BK-2024-04589,2024-12-31,2025-07-12,C05743,PK18,AG02,10,0,6580,0.0,Completed,Bank Transfer
