ReviewID,BookingID,ReviewDate,Rating,NPSScore,ReviewText
RV00001,BK-2023-00001,2023-03-04,5,10,Best holiday of our lives.
RV00002,BK-2023-00003,2023-09-13,4,9,"Lovely camp, a little pricey."
RV00003,BK-2023-00004,2023-04-11,4,9,"Lovely camp, a little pricey."
RV00004,BK-2023-00010,2023-03-19,4,9,"Very good trip, long drives though."
RV00005,BK-2023-00013,2023-04-20,5,10,Unforgettable — saw the river crossing!
RV00006,BK-2023-00016,2023-02-23,3,6,"Okay overall, vehicle was cramped."
RV00007,BK-2023-00018,2023-04-15,3,7,"Okay overall, vehicle was cramped."
RV00008,BK-2023-00020,2023-02-04,3,7,"Wildlife good, communication before trip poor."
RV00009,BK-2023-00021,2023-04-09,4,7,"Lovely camp, a little pricey."
RV00010,BK-2023-00022,2023-03-06,4,7,"Very good trip, long drives though."
RV00011,BK-2023-00023,2023-03-29,4,7,"Lovely camp, a little pricey."
RV00012,BK-2023-00025,2023-01-31,4,7,Guide knew every bird by name.
RV00013,BK-2023-00026,2023-02-03,4,9,"Very good trip, long drives though."
RV00014,BK-2023-00027,2023-01-23,3,5,"Okay overall, vehicle was cramped."
RV00015,BK-2023-00028,2023-04-11,3,7,"Okay overall, vehicle was cramped."
RV00016,BK-2023-00029,2023-02-27,5,9,Flawless from airport pickup to farewell.
RV00017,BK-2023-00031,2023-03-08,4,9,"Great sightings, lodge food could improve."
RV00018,BK-2023-00032,2023-02-18,3,5,Too many vehicles at sightings.
RV00019,BK-2023-00034,2023-10-12,5,10,"Guide was exceptional, every detail handled."
RV00020,BK-2023-00035,2023-03-18,4,7,Guide knew every bird by name.
RV00021,BK-2023-00038,2023-02-19,4,8,Guide knew every bird by name.
RV00022,BK-2023-00039,2023-03-05,4,8,"Great sightings, lodge food could improve."
RV00023,BK-2023-00041,2023-02-07,5,9,Flawless from airport pickup to farewell.
RV00024,BK-2023-00046,2023-03-23,4,7,"Lovely camp, a little pricey."
RV00025,BK-2023-00047,2023-03-08,4,9,"Lovely camp, a little pricey."
RV00026,BK-2023-00049,2023-09-07,3,6,"Okay overall, vehicle was cramped."
RV00027,BK-2023-00050,2023-09-10,4,9,"Very good trip, long drives though."
RV00028,BK-2023-00051,2023-02-10,2,3,Delayed pickup and a flat tyre.
RV00029,BK-2023-00052,2023-03-07,3,6,"Okay overall, vehicle was cramped."
RV00030,BK-2023-00053,2023-02-22,3,6,"Wildlife good, communication before trip poor."
RV00031,BK-2023-00054,2023-02-04,3,5,"Wildlife good, communication before trip poor."
RV00032,BK-2023-00056,2023-02-19,5,10,"Guide was exceptional, every detail handled."
RV00033,BK-2023-00057,2023-01-18,4,8,"Very good trip, long drives though."
RV00034,BK-2023-00062,2023-07-14,4,7,"Lovely camp, a little pricey."
RV00035,BK-2023-00065,2023-07-19,5,10,Best holiday of our lives.
RV00036,BK-2023-00066,2023-04-02,3,7,"Wildlife good, communication before trip poor."
RV00037,BK-2023-00067,2023-08-08,5,10,"Guide was exceptional, every detail handled."
RV00038,BK-2023-00070,2023-07-03,4,9,"Lovely camp, a little pricey."
RV00039,BK-2023-00075,2023-11-01,5,9,"Guide was exceptional, every detail handled."
RV00040,BK-2023-00076,2023-02-21,5,10,Best holiday of our lives.
RV00041,BK-2023-00077,2023-02-23,4,9,"Great sightings, lodge food could improve."
RV00042,BK-2023-00078,2023-03-08,5,9,Best holiday of our lives.
RV00043,BK-2023-00080,2023-06-17,3,7,"Wildlife good, communication before trip poor."
RV00044,BK-2023-00082,2023-05-28,5,10,Unforgettable — saw the river crossing!
RV00045,BK-2023-00083,2023-02-25,4,7,"Lovely camp, a little pricey."
RV00046,BK-2023-00084,2023-02-02,4,9,"Very good trip, long drives though."
RV00047,BK-2023-00086,2023-01-31,4,9,"Very good trip, long drives though."
RV00048,BK-2023-00088,2023-08-22,4,9,"Lovely camp, a little pricey."
RV00049,BK-2023-00090,2023-02-15,5,10,"Guide was exceptional, every detail handled."
RV00050,BK-2023-00092,2023-03-05,4,9,"Very good trip, long drives though."
RV00051,BK-2023-00094,2023-04-20,5,9,"Guide was exceptional, every detail handled."
RV00052,BK-2023-00095,2023-07-10,4,7,"Very good trip, long drives though."
RV00053,BK-2023-00096,2023-04-15,5,9,"Guide was exceptional, every detail handled."
RV00054,BK-2023-00099,2023-09-25,5,9,"Guide was exceptional, every detail handled."
RV00055,BK-2023-00100,2023-03-07,5,10,Flawless from airport pickup to farewell.
RV00056,BK-2023-00102,2023-02-10,3,5,"Okay overall, vehicle was cramped."
RV00057,BK-2023-00103,2023-01-29,4,7,Guide knew every bird by name.
RV00058,BK-2023-00107,2023-02-24,4,8,"Lovely camp, a little pricey."
RV00059,BK-2023-00108,2023-04-10,5,9,Flawless from airport pickup to farewell.
RV00060,BK-2023-00112,2023-07-21,5,9,Unforgettable — saw the river crossing!
RV00061,BK-2023-00115,2023-03-06,4,8,"Great sightings, lodge food could improve."
RV00062,BK-2023-00116,2023-02-18,4,7,"Lovely camp, a little pricey."
RV00063,BK-2023-00118,2023-03-18,4,9,"Very good trip, long drives though."
RV00064,BK-2023-00120,2023-03-22,4,9,Guide knew every bird by name.
RV00065,BK-2023-00121,2023-01-30,3,7,"Wildlife good, communication before trip poor."
RV00066,BK-2023-00123,2023-04-05,5,9,Flawless from airport pickup to farewell.
RV00067,BK-2023-00124,2023-01-24,3,7,"Wildlife good, communication before trip poor."
RV00068,BK-2023-00125,2023-03-08,4,7,"Great sightings, lodge food could improve."
RV00069,BK-2023-00126,2023-07-07,5,10,Flawless from airport pickup to farewell.
RV00070,BK-2023-00127,2023-02-13,4,8,"Lovely camp, a little pricey."
RV00071,BK-2023-00130,2023-05-16,5,10,"Guide was exceptional, every detail handled."
RV00072,BK-2023-00138,2023-03-31,5,10,"Guide was exceptional, every detail handled."
RV00073,BK-2023-00140,2023-09-15,5,9,Flawless from airport pickup to farewell.
RV00074,BK-2023-00142,2023-08-01,4,9,"Great sightings, lodge food could improve."
RV00075,BK-2023-00146,2023-10-06,4,9,"Lovely camp, a little pricey."
RV00076,BK-2023-00147,2023-02-22,4,7,"Lovely camp, a little pricey."
RV00077,BK-2023-00154,2023-02-10,3,6,"Okay overall, vehicle was cramped."
RV00078,BK-2023-00156,2023-02-25,4,9,"Lovely camp, a little pricey."
RV00079,BK-2023-00161,2023-02-14,2,3,Accommodation not as advertised.
RV00080,BK-2023-00162,2023-08-20,4,7,Guide knew every bird by name.
RV00081,BK-2023-00165,2023-02-13,2,3,Delayed pickup and a flat tyre.
RV00082,BK-2023-00166,2023-03-22,3,7,Too many vehicles at sightings.
RV00083,BK-2023-00168,2023-03-10,3,6,"Wildlife good, communication before trip poor."
RV00084,BK-2023-00169,2023-03-08,3,7,Too many vehicles at sightings.
RV00085,BK-2023-00172,2023-05-12,4,7,"Lovely camp, a little pricey."
RV00086,BK-2023-00177,2023-02-02,4,7,"Great sightings, lodge food could improve."
RV00087,BK-2023-00178,2023-01-29,3,5,"Okay overall, vehicle was cramped."
RV00088,BK-2023-00180,2023-03-09,5,10,Unforgettable — saw the river crossing!
RV00089,BK-2023-00185,2023-07-28,5,9,Best holiday of our lives.
RV00090,BK-2023-00186,2023-03-08,3,7,"Wildlife good, communication before trip poor."
RV00091,BK-2023-00187,2023-04-02,5,9,Unforgettable — saw the river crossing!
RV00092,BK-2023-00188,2023-05-17,4,8,"Lovely camp, a little pricey."
RV00093,BK-2023-00190,2023-08-17,4,9,"Lovely camp, a little pricey."
RV00094,BK-2023-00191,2023-03-17,4,9,Guide knew every bird by name.
RV00095,BK-2023-00193,2023-02-23,4,7,"Great sightings, lodge food could improve."
RV00096,BK-2023-00194,2023-03-25,4,8,"Lovely camp, a little pricey."
RV00097,BK-2023-00195,2023-02-15,4,7,"Lovely camp, a little pricey."
RV00098,BK-2023-00198,2023-02-28,4,7,"Very good trip, long drives though."
RV00099,BK-2023-00201,2023-04-18,5,10,Flawless from airport pickup to farewell.
RV00100,BK-2023-00202,2023-07-02,4,9,"Great sightings, lodge food could improve."
RV00101,BK-2023-00203,2023-07-11,5,9,Unforgettable — saw the river crossing!
RV00102,BK-2023-00205,2023-06-10,4,7,"Very good trip, long drives though."
RV00103,BK-2023-00206,2023-04-07,5,9,Best holiday of our lives.
RV00104,BK-2023-00208,2023-02-25,5,10,Flawless from airport pickup to farewell.
RV00105,BK-2023-00210,2023-03-06,5,9,Best holiday of our lives.
RV00106,BK-2023-00215,2023-02-17,5,9,Flawless from airport pickup to farewell.
RV00107,BK-2023-00216,2023-03-14,4,9,Guide knew every bird by name.
RV00108,BK-2023-00217,2023-03-03,5,9,Unforgettable — saw the river crossing!
RV00109,BK-2023-00219,2023-05-27,5,9,"Guide was exceptional, every detail handled."
RV00110,BK-2023-00222,2023-03-06,3,7,"Okay overall, vehicle was cramped."
RV00111,BK-2023-00223,2023-03-14,2,6,Accommodation not as advertised.
RV00112,BK-2023-00225,2023-03-19,4,7,"Lovely camp, a little pricey."
RV00113,BK-2023-00227,2024-08-01,4,8,"Very good trip, long drives though."
RV00114,BK-2023-00228,2023-04-20,4,7,"Lovely camp, a little pricey."
RV00115,BK-2023-00229,2023-10-11,5,10,"Guide was exceptional, every detail handled."
RV00116,BK-2023-00233,2023-03-21,4,9,"Great sightings, lodge food could improve."
RV00117,BK-2023-00235,2023-04-07,4,8,"Very good trip, long drives though."
RV00118,BK-2023-00236,2023-10-21,5,9,Unforgettable — saw the river crossing!
RV00119,BK-2023-00237,2023-03-06,4,7,"Great sightings, lodge food could improve."
RV00120,BK-2023-00239,2023-03-09,5,9,Flawless from airport pickup to farewell.
RV00121,BK-2023-00241,2023-03-17,5,9,"Guide was exceptional, every detail handled."
RV00122,BK-2023-00242,2023-02-09,4,8,"Very good trip, long drives though."
RV00123,BK-2023-00243,2023-07-01,4,7,"Very good trip, long drives though."
RV00124,BK-2023-00244,2023-03-22,5,10,Unforgettable — saw the river crossing!
RV00125,BK-2023-00245,2023-08-14,4,7,"Lovely camp, a little pricey."
RV00126,BK-2023-00246,2023-05-09,5,10,Unforgettable — saw the river crossing!
RV00127,BK-2023-00247,2023-02-26,3,5,"Wildlife good, communication before trip poor."
RV00128,BK-2023-00248,2023-03-11,4,9,Guide knew every bird by name.
RV00129,BK-2023-00249,2023-03-05,5,10,Unforgettable — saw the river crossing!
RV00130,BK-2023-00254,2023-10-07,5,10,Unforgettable — saw the river crossing!
RV00131,BK-2023-00255,2023-03-14,5,10,Best holiday of our lives.
RV00132,BK-2023-00257,2023-08-24,5,10,"Guide was exceptional, every detail handled."
RV00133,BK-2023-00258,2023-03-16,4,8,"Lovely camp, a little pricey."
RV00134,BK-2023-00259,2023-02-12,4,8,"Very good trip, long drives though."
RV00135,BK-2023-00261,2023-03-09,3,7,"Okay overall, vehicle was cramped."
RV00136,BK-2023-00264,2023-03-20,4,9,"Lovely camp, a little pricey."
RV00137,BK-2023-00267,2023-04-14,4,7,"Lovely camp, a little pricey."
RV00138,BK-2023-00268,2023-10-31,5,9,"Guide was exceptional, every detail handled."
RV00139,BK-2023-00270,2023-05-04,4,8,"Very good trip, long drives though."
RV00140,BK-2023-00271,2023-08-13,5,10,Flawless from airport pickup to farewell.
RV00141,BK-2023-00275,2023-11-03,5,10,Unforgettable — saw the river crossing!
RV00142,BK-2023-00276,2023-06-22,5,9,Best holiday of our lives.
RV00143,BK-2023-00277,2023-08-09,5,10,Flawless from airport pickup to farewell.
RV00144,BK-2023-00278,2023-02-28,3,5,"Okay overall, vehicle was cramped."
RV00145,BK-2023-00280,2023-05-03,4,9,"Great sightings, lodge food could improve."
RV00146,BK-2023-00281,2023-03-17,4,8,"Very good trip, long drives though."
RV00147,BK-2023-00282,2023-03-19,4,7,"Great sightings, lodge food could improve."
RV00148,BK-2023-00284,2023-07-15,4,9,"Lovely camp, a little pricey."
RV00149,BK-2023-00285,2023-08-03,4,8,"Lovely camp, a little pricey."
RV00150,BK-2023-00286,2023-03-07,4,8,"Very good trip, long drives though."
RV00151,BK-2023-00289,2023-04-17,5,9,"Guide was exceptional, every detail handled."
RV00152,BK-2023-00292,2023-07-11,4,9,"Very good trip, long drives though."
RV00153,BK-2023-00293,2023-03-12,3,5,"Wildlife good, communication before trip poor."
RV00154,BK-2023-00294,2023-04-09,4,8,"Lovely camp, a little pricey."
RV00155,BK-2023-00295,2023-09-17,3,5,"Wildlife good, communication before trip poor."
RV00156,BK-2023-00296,2023-10-04,3,5,"Okay overall, vehicle was cramped."
RV00157,BK-2023-00297,2023-04-30,4,9,"Lovely camp, a little pricey."
RV00158,BK-2023-00298,2023-09-21,5,9,Best holiday of our lives.
RV00159,BK-2023-00300,2023-08-06,4,8,"Great sightings, lodge food could improve."
RV00160,BK-2023-00303,2023-03-13,4,7,Guide knew every bird by name.
RV00161,BK-2023-00309,2023-03-11,4,9,"Great sightings, lodge food could improve."
RV00162,BK-2023-00311,2023-03-14,5,9,Flawless from airport pickup to farewell.
RV00163,BK-2023-00312,2023-04-12,4,7,"Great sightings, lodge food could improve."
RV00164,BK-2023-00315,2023-03-15,4,7,"Lovely camp, a little pricey."
RV00165,BK-2023-00316,2023-04-11,3,5,"Wildlife good, communication before trip poor."
RV00166,BK-2023-00319,2023-06-18,5,10,Flawless from airport pickup to farewell.
RV00167,BK-2023-00324,2023-07-22,5,10,Best holiday of our lives.
RV00168,BK-2023-00325,2023-05-20,4,8,"Very good trip, long drives though."
RV00169,BK-2023-00326,2024-08-08,4,7,"Lovely camp, a little pricey."
RV00170,BK-2023-00329,2023-09-01,3,5,"Okay overall, vehicle was cramped."
RV00171,BK-2023-00330,2023-04-09,4,8,"Great sightings, lodge food could improve."
RV00172,BK-2023-00331,2023-04-15,4,7,Guide knew every bird by name.
RV00173,BK-2023-00334,2023-10-28,5,9,Flawless from airport pickup to farewell.
RV00174,BK-2023-00338,2023-07-19,4,8,"Lovely camp, a little pricey."
RV00175,BK-2023-00340,2023-04-19,5,9,Best holiday of our lives.
RV00176,BK-2023-00341,2023-03-01,5,10,Unforgettable — saw the river crossing!
RV00177,BK-2023-00343,2023-04-17,5,10,Best holiday of our lives.
RV00178,BK-2023-00344,2023-03-15,4,8,"Great sightings, lodge food could improve."
RV00179,BK-2023-00346,2023-03-18,4,7,"Very good trip, long drives though."
RV00180,BK-2023-00349,2023-03-21,5,10,Flawless from airport pickup to farewell.
RV00181,BK-2023-00350,2023-03-12,4,8,"Lovely camp, a little pricey."
RV00182,BK-2023-00352,2023-06-14,5,10,"Guide was exceptional, every detail handled."
RV00183,BK-2023-00353,2023-03-08,5,9,Unforgettable — saw the river crossing!
RV00184,BK-2023-00354,2023-03-31,3,6,"Wildlife good, communication before trip poor."
RV00185,BK-2023-00355,2023-03-30,4,7,"Great sightings, lodge food could improve."
RV00186,BK-2023-00358,2023-04-04,4,9,"Very good trip, long drives though."
RV00187,BK-2023-00360,2023-04-28,4,8,"Lovely camp, a little pricey."
RV00188,BK-2023-00362,2023-03-23,5,9,Flawless from airport pickup to farewell.
RV00189,BK-2023-00364,2023-05-05,4,7,"Very good trip, long drives though."
RV00190,BK-2023-00367,2023-03-28,4,8,"Great sightings, lodge food could improve."
RV00191,BK-2023-00370,2023-06-14,4,7,"Very good trip, long drives though."
RV00192,BK-2023-00371,2023-08-04,5,9,"Guide was exceptional, every detail handled."
RV00193,BK-2023-00373,2023-06-28,5,10,"Guide was exceptional, every detail handled."
RV00194,BK-2023-00376,2023-03-25,4,8,Guide knew every bird by name.
RV00195,BK-2023-00380,2023-03-15,4,8,"Lovely camp, a little pricey."
RV00196,BK-2023-00381,2023-08-30,5,10,"Guide was exceptional, every detail handled."
RV00197,BK-2023-00382,2023-11-02,5,10,"Guide was exceptional, every detail handled."
RV00198,BK-2023-00384,2023-03-22,3,6,Too many vehicles at sightings.
RV00199,BK-2023-00387,2023-04-10,5,10,"Guide was exceptional, every detail handled."
RV00200,BK-2023-00388,2023-04-12,5,10,Unforgettable — saw the river crossing!
RV00201,BK-2023-00389,2023-05-12,3,7,"Wildlife good, communication before trip poor."
RV00202,BK-2023-00391,2023-09-21,4,9,"Great sightings, lodge food could improve."
RV00203,BK-2023-00392,2023-03-25,3,6,Too many vehicles at sightings.
RV00204,BK-2023-00393,2023-05-16,5,10,Unforgettable — saw the river crossing!
RV00205,BK-2023-00394,2023-08-10,3,5,Too many vehicles at sightings.
RV00206,BK-2023-00395,2023-04-07,3,7,"Wildlife good, communication before trip poor."
RV00207,BK-2023-00397,2023-08-19,4,7,Guide knew every bird by name.
RV00208,BK-2023-00399,2023-09-01,5,9,Best holiday of our lives.
RV00209,BK-2023-00400,2023-03-28,5,10,"Guide was exceptional, every detail handled."
RV00210,BK-2023-00402,2023-03-17,4,8,"Great sightings, lodge food could improve."
RV00211,BK-2023-00405,2023-03-16,4,9,Guide knew every bird by name.
RV00212,BK-2023-00406,2023-05-11,4,7,"Very good trip, long drives though."
RV00213,BK-2023-00408,2023-04-10,3,6,Too many vehicles at sightings.
RV00214,BK-2023-00410,2023-09-16,4,8,"Lovely camp, a little pricey."
RV00215,BK-2023-00411,2023-03-24,3,7,"Okay overall, vehicle was cramped."
RV00216,BK-2023-00412,2023-03-17,4,7,"Lovely camp, a little pricey."
RV00217,BK-2023-00413,2023-04-06,4,8,Guide knew every bird by name.
RV00218,BK-2023-00417,2023-06-16,4,8,"Lovely camp, a little pricey."
RV00219,BK-2023-00418,2023-03-31,5,10,"Guide was exceptional, every detail handled."
RV00220,BK-2023-00419,2023-08-10,3,5,Too many vehicles at sightings.
RV00221,BK-2023-00422,2023-04-03,4,8,"Very good trip, long drives though."
RV00222,BK-2023-00423,2023-07-26,4,9,"Very good trip, long drives though."
RV00223,BK-2023-00425,2023-08-06,5,10,Flawless from airport pickup to farewell.
RV00224,BK-2023-00426,2023-04-27,4,7,"Very good trip, long drives though."
RV00225,BK-2023-00429,2023-07-26,5,10,Flawless from airport pickup to farewell.
RV00226,BK-2023-00430,2023-05-06,3,5,Too many vehicles at sightings.
RV00227,BK-2023-00432,2023-07-01,4,9,"Very good trip, long drives though."
RV00228,BK-2023-00433,2023-03-16,4,7,"Great sightings, lodge food could improve."
RV00229,BK-2023-00436,2023-10-27,5,9,Flawless from airport pickup to farewell.
RV00230,BK-2023-00439,2023-09-13,4,9,Guide knew every bird by name.
RV00231,BK-2023-00440,2023-05-23,4,7,Guide knew every bird by name.
RV00232,BK-2023-00442,2023-12-27,5,9,Flawless from airport pickup to farewell.
RV00233,BK-2023-00443,2023-04-16,5,9,Flawless from airport pickup to farewell.
RV00234,BK-2023-00445,2023-06-06,4,8,"Very good trip, long drives though."
RV00235,BK-2023-00450,2023-09-19,5,10,Best holiday of our lives.
RV00236,BK-2023-00451,2024-01-06,3,7,"Wildlife good, communication before trip poor."
RV00237,BK-2023-00452,2023-05-06,4,7,"Lovely camp, a little pricey."
RV00238,BK-2023-00456,2023-09-14,2,6,Delayed pickup and a flat tyre.
RV00239,BK-2023-00460,2023-09-05,4,7,"Very good trip, long drives though."
RV00240,BK-2023-00461,2023-07-13,3,7,Too many vehicles at sightings.
RV00241,BK-2023-00462,2023-03-31,4,7,"Lovely camp, a little pricey."
RV00242,BK-2023-00463,2023-07-28,4,8,Guide knew every bird by name.
RV00243,BK-2023-00464,2023-07-13,4,7,"Great sightings, lodge food could improve."
RV00244,BK-2023-00465,2023-07-15,3,7,Too many vehicles at sightings.
RV00245,BK-2023-00466,2023-03-29,3,7,"Okay overall, vehicle was cramped."
RV00246,BK-2023-00468,2023-03-22,3,5,"Wildlife good, communication before trip poor."
RV00247,BK-2023-00472,2023-04-24,4,7,"Great sightings, lodge food could improve."
RV00248,BK-2023-00473,2023-04-20,5,10,Flawless from airport pickup to farewell.
RV00249,BK-2023-00474,2023-08-23,4,8,"Very good trip, long drives though."
RV00250,BK-2023-00477,2023-08-30,5,10,Flawless from airport pickup to farewell.
RV00251,BK-2023-00479,2023-04-16,4,9,"Lovely camp, a little pricey."
RV00252,BK-2023-00481,2023-04-10,4,7,Guide knew every bird by name.
RV00253,BK-2023-00482,2023-07-19,5,9,Best holiday of our lives.
RV00254,BK-2023-00483,2023-04-21,5,10,Unforgettable — saw the river crossing!
RV00255,BK-2023-00485,2023-07-20,4,7,"Great sightings, lodge food could improve."
RV00256,BK-2023-00486,2023-04-23,3,7,"Wildlife good, communication before trip poor."
RV00257,BK-2023-00487,2023-09-09,4,8,"Great sightings, lodge food could improve."
RV00258,BK-2023-00489,2023-04-17,4,7,"Lovely camp, a little pricey."
RV00259,BK-2023-00493,2023-07-10,4,8,Guide knew every bird by name.
RV00260,BK-2023-00496,2023-04-17,4,9,"Lovely camp, a little pricey."
RV00261,BK-2023-00504,2023-05-31,3,6,"Wildlife good, communication before trip poor."
RV00262,BK-2023-00505,2023-07-04,3,6,Too many vehicles at sightings.
RV00263,BK-2023-00511,2023-06-22,4,7,Guide knew every bird by name.
RV00264,BK-2023-00512,2023-12-24,5,9,Best holiday of our lives.
RV00265,BK-2023-00513,2023-05-07,5,9,Flawless from airport pickup to farewell.
RV00266,BK-2023-00516,2023-07-16,5,10,"Guide was exceptional, every detail handled."
RV00267,BK-2023-00517,2023-06-26,4,8,Guide knew every bird by name.
RV00268,BK-2023-00518,2023-09-17,3,7,"Wildlife good, communication before trip poor."
RV00269,BK-2023-00519,2023-05-02,2,6,Delayed pickup and a flat tyre.
RV00270,BK-2023-00522,2023-08-11,4,7,"Lovely camp, a little pricey."
RV00271,BK-2023-00527,2023-05-02,5,10,Flawless from airport pickup to farewell.
RV00272,BK-2023-00528,2023-07-15,5,10,Best holiday of our lives.
RV00273,BK-2023-00529,2023-09-18,4,8,"Lovely camp, a little pricey."
RV00274,BK-2023-00531,2023-05-13,5,9,Best holiday of our lives.
RV00275,BK-2023-00533,2023-04-06,3,6,"Wildlife good, communication before trip poor."
RV00276,BK-2023-00536,2023-05-22,4,8,Guide knew every bird by name.
RV00277,BK-2023-00537,2023-04-28,3,6,"Okay overall, vehicle was cramped."
RV00278,BK-2023-00538,2023-04-19,5,9,"Guide was exceptional, every detail handled."
RV00279,BK-2023-00541,2023-04-25,4,8,Guide knew every bird by name.
RV00280,BK-2023-00542,2023-06-28,3,6,Too many vehicles at sightings.
RV00281,BK-2023-00544,2023-04-15,5,9,Best holiday of our lives.
RV00282,BK-2023-00546,2023-04-05,3,7,"Wildlife good, communication before trip poor."
RV00283,BK-2023-00547,2023-05-04,3,5,"Okay overall, vehicle was cramped."
RV00284,BK-2023-00549,2023-08-26,4,7,Guide knew every bird by name.
RV00285,BK-2023-00551,2023-04-17,5,10,Unforgettable — saw the river crossing!
RV00286,BK-2023-00555,2023-04-11,4,9,"Great sightings, lodge food could improve."
RV00287,BK-2023-00557,2023-08-01,4,8,"Great sightings, lodge food could improve."
RV00288,BK-2023-00560,2023-07-18,5,9,Best holiday of our lives.
RV00289,BK-2023-00562,2023-04-08,4,8,Guide knew every bird by name.
RV00290,BK-2023-00564,2023-07-28,5,10,Flawless from airport pickup to farewell.
RV00291,BK-2023-00567,2023-07-31,5,10,Unforgettable — saw the river crossing!
RV00292,BK-2023-00568,2023-04-17,4,8,Guide knew every bird by name.
RV00293,BK-2023-00569,2023-10-07,3,7,"Wildlife good, communication before trip poor."
RV00294,BK-2023-00574,2023-08-17,4,8,"Great sightings, lodge food could improve."
RV00295,BK-2023-00576,2023-09-09,5,9,"Guide was exceptional, every detail handled."
RV00296,BK-2023-00578,2023-08-08,5,10,"Guide was exceptional, every detail handled."
RV00297,BK-2023-00582,2023-04-16,4,8,"Lovely camp, a little pricey."
RV00298,BK-2023-00584,2023-07-30,4,8,Guide knew every bird by name.
RV00299,BK-2023-00586,2023-06-02,5,9,"Guide was exceptional, every detail handled."
RV00300,BK-2023-00588,2023-09-07,5,9,Flawless from airport pickup to farewell.
RV00301,BK-2023-00589,2023-04-27,2,4,Delayed pickup and a flat tyre.
RV00302,BK-2023-00590,2023-08-15,5,10,Flawless from airport pickup to farewell.
RV00303,BK-2023-00591,2023-05-24,4,9,"Very good trip, long drives though."
RV00304,BK-2023-00593,2023-08-01,4,7,"Very good trip, long drives though."
RV00305,BK-2023-00598,2023-06-16,5,9,Best holiday of our lives.
RV00306,BK-2023-00599,2023-06-02,4,8,"Lovely camp, a little pricey."
RV00307,BK-2023-00600,2023-07-18,5,9,"Guide was exceptional, every detail handled."
RV00308,BK-2023-00603,2023-10-18,4,7,"Lovely camp, a little pricey."
RV00309,BK-2023-00605,2023-06-05,4,9,"Very good trip, long drives though."
RV00310,BK-2023-00607,2023-06-22,5,9,Flawless from airport pickup to farewell.
RV00311,BK-2023-00609,2023-07-18,4,8,"Lovely camp, a little pricey."
RV00312,BK-2023-00611,2023-08-05,4,7,"Very good trip, long drives though."
RV00313,BK-2023-00612,2023-07-29,4,7,"Very good trip, long drives though."
RV00314,BK-2023-00620,2023-08-05,4,7,"Lovely camp, a little pricey."
RV00315,BK-2023-00622,2023-05-27,4,9,"Lovely camp, a little pricey."
RV00316,BK-2023-00626,2023-05-17,4,9,"Very good trip, long drives though."
RV00317,BK-2023-00627,2023-08-01,4,9,Guide knew every bird by name.
RV00318,BK-2023-00628,2023-07-16,4,9,Guide knew every bird by name.
RV00319,BK-2023-00629,2023-04-29,4,9,"Great sightings, lodge food could improve."
RV00320,BK-2023-00632,2023-06-26,3,5,"Wildlife good, communication before trip poor."
RV00321,BK-2023-00636,2023-07-17,4,8,"Lovely camp, a little pricey."
RV00322,BK-2023-00638,2023-04-11,4,7,"Great sightings, lodge food could improve."
RV00323,BK-2023-00640,2023-08-02,4,7,"Great sightings, lodge food could improve."
RV00324,BK-2023-00641,2024-03-24,4,9,"Great sightings, lodge food could improve."
RV00325,BK-2023-00642,2023-06-02,4,7,"Lovely camp, a little pricey."
RV00326,BK-2023-00644,2024-01-14,5,10,Unforgettable — saw the river crossing!
RV00327,BK-2023-00645,2023-05-18,4,9,"Great sightings, lodge food could improve."
RV00328,BK-2023-00647,2023-07-22,5,9,"Guide was exceptional, every detail handled."
RV00329,BK-2023-00649,2023-06-09,5,10,"Guide was exceptional, every detail handled."
RV00330,BK-2023-00651,2023-07-28,4,7,"Great sightings, lodge food could improve."
RV00331,BK-2023-00653,2023-07-28,5,9,Flawless from airport pickup to farewell.
RV00332,BK-2023-00654,2023-05-02,4,7,"Very good trip, long drives though."
RV00333,BK-2023-00657,2023-07-24,5,9,Unforgettable — saw the river crossing!
RV00334,BK-2023-00659,2023-07-28,5,10,Best holiday of our lives.
RV00335,BK-2023-00662,2023-05-12,5,9,Best holiday of our lives.
RV00336,BK-2023-00664,2023-09-04,5,10,Flawless from airport pickup to farewell.
RV00337,BK-2023-00665,2023-07-21,3,6,Too many vehicles at sightings.
RV00338,BK-2023-00671,2023-07-25,4,9,"Great sightings, lodge food could improve."
RV00339,BK-2023-00672,2023-08-09,5,9,"Guide was exceptional, every detail handled."
RV00340,BK-2023-00675,2023-04-27,4,9,"Lovely camp, a little pricey."
RV00341,BK-2023-00678,2023-06-24,5,10,"Guide was exceptional, every detail handled."
RV00342,BK-2023-00679,2023-05-08,3,6,Too many vehicles at sightings.
RV00343,BK-2023-00681,2023-07-23,5,10,Unforgettable — saw the river crossing!
RV00344,BK-2023-00683,2023-06-05,4,7,"Lovely camp, a little pricey."
RV00345,BK-2023-00684,2023-08-12,4,9,"Very good trip, long drives though."
RV00346,BK-2023-00686,2024-02-05,5,9,Unforgettable — saw the river crossing!
RV00347,BK-2023-00688,2023-06-14,3,5,Too many vehicles at sightings.
RV00348,BK-2023-00689,2023-07-29,3,6,Too many vehicles at sightings.
RV00349,BK-2023-00690,2023-06-04,5,10,"Guide was exceptional, every detail handled."
RV00350,BK-2023-00691,2023-05-15,5,10,Flawless from airport pickup to farewell.
RV00351,BK-2023-00694,2023-10-06,5,9,Flawless from airport pickup to farewell.
RV00352,BK-2023-00695,2023-07-03,5,9,Unforgettable — saw the river crossing!
RV00353,BK-2023-00696,2023-08-06,4,7,"Very good trip, long drives though."
RV00354,BK-2023-00697,2023-09-19,3,5,"Okay overall, vehicle was cramped."
RV00355,BK-2023-00698,2023-10-16,4,8,"Great sightings, lodge food could improve."
RV00356,BK-2023-00704,2023-05-29,5,10,Flawless from airport pickup to farewell.
RV00357,BK-2023-00705,2023-05-30,4,7,"Lovely camp, a little pricey."
RV00358,BK-2023-00706,2023-07-24,3,7,"Wildlife good, communication before trip poor."
RV00359,BK-2023-00707,2023-07-31,4,9,"Great sightings, lodge food could improve."
RV00360,BK-2023-00710,2023-07-10,5,10,"Guide was exceptional, every detail handled."
RV00361,BK-2023-00714,2023-08-11,3,6,"Okay overall, vehicle was cramped."
RV00362,BK-2023-00715,2023-10-17,5,10,Best holiday of our lives.
RV00363,BK-2023-00722,2023-05-15,4,9,"Very good trip, long drives though."
RV00364,BK-2023-00725,2023-05-22,3,7,"Okay overall, vehicle was cramped."
RV00365,BK-2023-00727,2023-09-15,4,7,"Very good trip, long drives though."
RV00366,BK-2023-00728,2023-05-30,4,7,"Very good trip, long drives though."
RV00367,BK-2023-00729,2023-08-18,3,5,Too many vehicles at sightings.
RV00368,BK-2023-00730,2023-07-11,5,10,Best holiday of our lives.
RV00369,BK-2023-00731,2023-10-07,4,9,"Great sightings, lodge food could improve."
RV00370,BK-2023-00732,2023-07-30,5,9,Unforgettable — saw the river crossing!
RV00371,BK-2023-00733,2023-09-23,4,8,Guide knew every bird by name.
RV00372,BK-2023-00735,2023-05-21,4,7,"Great sightings, lodge food could improve."
RV00373,BK-2023-00737,2023-10-16,5,9,Flawless from airport pickup to farewell.
RV00374,BK-2023-00740,2023-07-27,4,8,Guide knew every bird by name.
RV00375,BK-2023-00741,2023-09-05,4,8,Guide knew every bird by name.
RV00376,BK-2023-00742,2023-09-16,4,9,"Very good trip, long drives though."
RV00377,BK-2023-00743,2023-09-28,3,6,Too many vehicles at sightings.
RV00378,BK-2023-00745,2023-07-26,4,8,"Very good trip, long drives though."
RV00379,BK-2023-00746,2023-06-19,3,6,Too many vehicles at sightings.
RV00380,BK-2023-00747,2023-06-05,4,8,"Very good trip, long drives though."
RV00381,BK-2023-00749,2023-07-26,4,7,"Great sightings, lodge food could improve."
RV00382,BK-2023-00750,2023-06-28,4,9,"Lovely camp, a little pricey."
RV00383,BK-2023-00751,2023-06-28,4,8,"Great sightings, lodge food could improve."
RV00384,BK-2023-00758,2023-07-31,5,9,Flawless from airport pickup to farewell.
RV00385,BK-2023-00759,2023-08-15,4,7,Guide knew every bird by name.
RV00386,BK-2023-00760,2023-05-04,4,7,"Very good trip, long drives though."
RV00387,BK-2023-00761,2023-08-20,4,9,"Lovely camp, a little pricey."
RV00388,BK-2023-00768,2023-06-03,4,7,"Very good trip, long drives though."
RV00389,BK-2023-00769,2023-05-29,4,8,"Lovely camp, a little pricey."
RV00390,BK-2023-00772,2023-05-16,4,8,"Lovely camp, a little pricey."
RV00391,BK-2023-00773,2023-10-18,5,9,Best holiday of our lives.
RV00392,BK-2023-00774,2023-05-25,3,5,Too many vehicles at sightings.
RV00393,BK-2023-00775,2023-05-25,3,6,Too many vehicles at sightings.
RV00394,BK-2023-00776,2023-07-28,3,7,Too many vehicles at sightings.
RV00395,BK-2023-00777,2023-07-25,5,9,"Guide was exceptional, every detail handled."
RV00396,BK-2023-00778,2023-08-28,4,8,Guide knew every bird by name.
RV00397,BK-2023-00780,2023-08-21,3,6,"Okay overall, vehicle was cramped."
RV00398,BK-2023-00782,2023-06-17,3,6,"Okay overall, vehicle was cramped."
RV00399,BK-2023-00783,2023-06-04,5,9,Unforgettable — saw the river crossing!
RV00400,BK-2023-00784,2023-08-16,5,9,Best holiday of our lives.
RV00401,BK-2023-00785,2023-08-24,5,10,Unforgettable — saw the river crossing!
RV00402,BK-2023-00786,2023-07-05,5,10,Flawless from airport pickup to farewell.
RV00403,BK-2023-00788,2023-05-26,3,6,Too many vehicles at sightings.
RV00404,BK-2023-00790,2024-02-13,4,7,"Lovely camp, a little pricey."
RV00405,BK-2023-00794,2023-06-20,5,9,Flawless from airport pickup to farewell.
RV00406,BK-2023-00797,2023-06-17,4,7,"Very good trip, long drives though."
RV00407,BK-2023-00799,2023-07-22,3,7,"Okay overall, vehicle was cramped."
RV00408,BK-2023-00800,2023-06-22,5,10,Flawless from airport pickup to farewell.
RV00409,BK-2023-00801,2023-05-26,4,8,"Great sightings, lodge food could improve."
RV00410,BK-2023-00802,2023-06-26,5,9,Unforgettable — saw the river crossing!
RV00411,BK-2023-00805,2024-01-23,4,8,Guide knew every bird by name.
RV00412,BK-2023-00810,2023-06-18,4,9,"Great sightings, lodge food could improve."
RV00413,BK-2023-00811,2023-09-06,5,9,Best holiday of our lives.
RV00414,BK-2023-00813,2023-09-13,2,5,Accommodation not as advertised.
RV00415,BK-2023-00814,2023-07-19,5,9,Flawless from airport pickup to farewell.
RV00416,BK-2023-00818,2023-05-29,4,7,"Lovely camp, a little pricey."
RV00417,BK-2023-00819,2023-09-14,5,9,Best holiday of our lives.
RV00418,BK-2023-00822,2023-10-25,5,10,Unforgettable — saw the river crossing!
RV00419,BK-2023-00824,2023-06-15,4,8,Guide knew every bird by name.
RV00420,BK-2023-00825,2023-08-02,4,7,"Great sightings, lodge food could improve."
RV00421,BK-2023-00826,2023-07-29,5,9,Unforgettable — saw the river crossing!
RV00422,BK-2023-00827,2023-05-30,3,7,"Wildlife good, communication before trip poor."
RV00423,BK-2023-00828,2023-08-31,3,6,"Okay overall, vehicle was cramped."
RV00424,BK-2023-00829,2023-07-16,4,7,"Great sightings, lodge food could improve."
RV00425,BK-2023-00830,2023-08-03,5,9,Unforgettable — saw the river crossing!
RV00426,BK-2023-00832,2023-06-07,4,9,"Great sightings, lodge food could improve."
RV00427,BK-2023-00840,2023-05-26,3,7,Too many vehicles at sightings.
RV00428,BK-2023-00842,2023-06-14,5,10,"Guide was exceptional, every detail handled."
RV00429,BK-2023-00844,2023-09-19,3,7,"Wildlife good, communication before trip poor."
RV00430,BK-2023-00847,2023-06-12,5,10,"Guide was exceptional, every detail handled."
RV00431,BK-2023-00849,2023-05-29,4,9,"Very good trip, long drives though."
RV00432,BK-2023-00850,2023-06-09,5,9,Best holiday of our lives.
RV00433,BK-2023-00851,2023-07-07,5,9,Flawless from airport pickup to farewell.
RV00434,BK-2023-00856,2023-06-22,4,7,"Very good trip, long drives though."
RV00435,BK-2023-00857,2023-07-22,5,9,"Guide was exceptional, every detail handled."
RV00436,BK-2023-00858,2023-10-20,4,8,"Lovely camp, a little pricey."
RV00437,BK-2023-00859,2023-09-30,4,8,"Great sightings, lodge food could improve."
RV00438,BK-2023-00860,2023-06-28,5,9,Unforgettable — saw the river crossing!
RV00439,BK-2023-00861,2023-08-04,4,8,Guide knew every bird by name.
RV00440,BK-2023-00862,2023-07-14,4,9,"Lovely camp, a little pricey."
RV00441,BK-2023-00865,2023-05-16,4,8,"Great sightings, lodge food could improve."
RV00442,BK-2023-00866,2023-06-17,4,8,Guide knew every bird by name.
RV00443,BK-2023-00869,2023-07-25,4,7,"Very good trip, long drives though."
RV00444,BK-2023-00876,2023-07-27,5,10,"Guide was exceptional, every detail handled."
RV00445,BK-2023-00878,2023-08-04,3,6,"Okay overall, vehicle was cramped."
RV00446,BK-2023-00879,2023-12-02,4,7,"Great sightings, lodge food could improve."
RV00447,BK-2023-00882,2023-06-14,4,9,"Very good trip, long drives though."
RV00448,BK-2023-00886,2023-09-17,3,6,Too many vehicles at sightings.
RV00449,BK-2023-00887,2023-10-04,4,8,"Lovely camp, a little pricey."
RV00450,BK-2023-00891,2023-06-21,4,7,"Lovely camp, a little pricey."
RV00451,BK-2023-00898,2023-08-02,4,8,"Great sightings, lodge food could improve."
RV00452,BK-2023-00900,2023-07-04,3,6,"Okay overall, vehicle was cramped."
RV00453,BK-2023-00901,2024-07-05,5,10,Best holiday of our lives.
RV00454,BK-2023-00904,2023-07-17,4,8,"Very good trip, long drives though."
RV00455,BK-2023-00907,2023-07-06,5,9,"Guide was exceptional, every detail handled."
RV00456,BK-2023-00908,2023-09-05,5,10,Unforgettable — saw the river crossing!
RV00457,BK-2023-00909,2024-07-01,5,10,Unforgettable — saw the river crossing!
RV00458,BK-2023-00913,2023-08-18,4,9,"Lovely camp, a little pricey."
RV00459,BK-2023-00917,2023-07-12,4,7,"Lovely camp, a little pricey."
RV00460,BK-2023-00919,2023-07-20,4,8,"Lovely camp, a little pricey."
RV00461,BK-2023-00920,2023-11-04,5,9,Unforgettable — saw the river crossing!
RV00462,BK-2023-00921,2023-05-22,3,7,"Okay overall, vehicle was cramped."
RV00463,BK-2023-00922,2023-07-09,5,10,Flawless from airport pickup to farewell.
RV00464,BK-2023-00924,2023-08-12,4,8,"Great sightings, lodge food could improve."
RV00465,BK-2023-00925,2023-05-21,4,7,"Very good trip, long drives though."
RV00466,BK-2023-00926,2023-07-24,3,6,"Okay overall, vehicle was cramped."
RV00467,BK-2023-00927,2023-07-11,4,7,Guide knew every bird by name.
RV00468,BK-2023-00929,2023-11-15,5,9,Flawless from airport pickup to farewell.
RV00469,BK-2023-00932,2023-07-14,3,5,"Okay overall, vehicle was cramped."
RV00470,BK-2023-00936,2023-09-26,5,10,Unforgettable — saw the river crossing!
RV00471,BK-2023-00939,2023-08-31,4,7,"Lovely camp, a little pricey."
RV00472,BK-2023-00940,2023-10-09,5,9,Unforgettable — saw the river crossing!
RV00473,BK-2023-00942,2023-06-26,5,10,Flawless from airport pickup to farewell.
RV00474,BK-2023-00945,2023-08-18,4,8,"Lovely camp, a little pricey."
RV00475,BK-2023-00947,2023-11-21,5,10,"Guide was exceptional, every detail handled."
RV00476,BK-2023-00949,2023-06-26,3,6,"Okay overall, vehicle was cramped."
RV00477,BK-2023-00958,2023-08-14,4,9,Guide knew every bird by name.
RV00478,BK-2023-00959,2023-06-10,4,7,"Great sightings, lodge food could improve."
RV00479,BK-2023-00960,2023-07-01,5,9,Unforgettable — saw the river crossing!
RV00480,BK-2023-00965,2023-06-03,5,10,Flawless from airport pickup to farewell.
RV00481,BK-2023-00966,2023-08-06,4,7,Guide knew every bird by name.
RV00482,BK-2023-00967,2023-07-10,4,7,"Lovely camp, a little pricey."
RV00483,BK-2023-00968,2023-07-21,5,10,Unforgettable — saw the river crossing!
RV00484,BK-2023-00969,2023-09-30,4,9,"Great sightings, lodge food could improve."
RV00485,BK-2023-00970,2023-06-29,5,9,Flawless from airport pickup to farewell.
RV00486,BK-2023-00971,2023-08-14,5,9,Flawless from airport pickup to farewell.
RV00487,BK-2023-00975,2023-09-25,5,9,Best holiday of our lives.
RV00488,BK-2023-00976,2023-06-16,5,10,Unforgettable — saw the river crossing!
RV00489,BK-2023-00977,2023-09-05,5,9,"Guide was exceptional, every detail handled."
RV00490,BK-2023-00978,2023-07-28,3,6,"Okay overall, vehicle was cramped."
RV00491,BK-2023-00981,2023-09-01,5,9,Unforgettable — saw the river crossing!
RV00492,BK-2023-00982,2023-06-06,5,10,Flawless from airport pickup to farewell.
RV00493,BK-2023-00984,2023-09-23,4,7,"Very good trip, long drives though."
RV00494,BK-2023-00987,2023-09-10,4,8,"Lovely camp, a little pricey."
RV00495,BK-2023-00988,2023-07-13,4,8,"Great sightings, lodge food could improve."
RV00496,BK-2023-00989,2023-09-15,5,10,Best holiday of our lives.
RV00497,BK-2023-00991,2023-07-27,4,9,"Great sightings, lodge food could improve."
RV00498,BK-2023-00996,2024-09-13,5,9,Unforgettable — saw the river crossing!
RV00499,BK-2023-00997,2023-08-20,5,10,Unforgettable — saw the river crossing!
RV00500,BK-2023-00998,2024-03-24,4,7,"Lovely camp, a little pricey."
RV00501,BK-2023-00999,2023-09-29,5,9,"Guide was exceptional, every detail handled."
RV00502,BK-2023-01000,2023-07-27,4,8,"Lovely camp, a little pricey."
RV00503,BK-2023-01003,2023-10-03,5,10,"Guide was exceptional, every detail handled."
RV00504,BK-2023-01004,2023-09-19,4,9,"Very good trip, long drives though."
RV00505,BK-2023-01008,2023-06-11,3,5,"Okay overall, vehicle was cramped."
RV00506,BK-2023-01009,2023-10-21,4,7,"Lovely camp, a little pricey."
RV00507,BK-2023-01010,2023-07-12,5,10,Unforgettable — saw the river crossing!
RV00508,BK-2023-01011,2023-08-23,4,9,"Great sightings, lodge food could improve."
RV00509,BK-2023-01016,2023-10-02,5,10,Unforgettable — saw the river crossing!
RV00510,BK-2023-01017,2023-09-08,5,10,Flawless from airport pickup to farewell.
RV00511,BK-2023-01020,2023-08-17,4,9,"Very good trip, long drives though."
RV00512,BK-2023-01021,2023-06-29,3,6,"Wildlife good, communication before trip poor."
RV00513,BK-2023-01025,2023-09-04,3,6,Too many vehicles at sightings.
RV00514,BK-2023-01027,2023-11-01,2,4,Accommodation not as advertised.
RV00515,BK-2023-01029,2023-07-30,5,10,Unforgettable — saw the river crossing!
RV00516,BK-2023-01030,2023-06-20,5,9,Unforgettable — saw the river crossing!
RV00517,BK-2023-01032,2023-07-27,4,8,"Lovely camp, a little pricey."
RV00518,BK-2023-01035,2023-07-24,3,6,"Wildlife good, communication before trip poor."
RV00519,BK-2023-01036,2023-09-08,4,7,Guide knew every bird by name.
RV00520,BK-2023-01037,2023-08-15,3,5,"Wildlife good, communication before trip poor."
RV00521,BK-2023-01040,2023-07-23,3,6,"Okay overall, vehicle was cramped."
RV00522,BK-2023-01041,2023-08-22,4,9,"Lovely camp, a little pricey."
RV00523,BK-2023-01042,2023-07-01,4,9,"Lovely camp, a little pricey."
RV00524,BK-2023-01043,2023-06-14,5,10,Flawless from airport pickup to farewell.
RV00525,BK-2023-01044,2023-08-20,4,9,"Great sightings, lodge food could improve."
RV00526,BK-2023-01046,2023-07-29,4,7,"Lovely camp, a little pricey."
RV00527,BK-2023-01047,2023-07-09,2,3,Delayed pickup and a flat tyre.
RV00528,BK-2023-01049,2023-07-02,5,9,Unforgettable — saw the river crossing!
RV00529,BK-2023-01050,2023-12-26,3,7,Too many vehicles at sightings.
RV00530,BK-2023-01051,2023-06-30,5,10,Best holiday of our lives.
RV00531,BK-2023-01053,2023-07-17,5,10,Flawless from airport pickup to farewell.
RV00532,BK-2023-01055,2023-06-12,4,7,Guide knew every bird by name.
RV00533,BK-2023-01058,2023-08-07,4,8,"Very good trip, long drives though."
RV00534,BK-2023-01059,2023-06-13,4,8,"Lovely camp, a little pricey."
RV00535,BK-2023-01060,2023-07-24,4,7,"Great sightings, lodge food could improve."
RV00536,BK-2023-01062,2023-08-21,4,8,Guide knew every bird by name.
RV00537,BK-2023-01066,2023-07-18,4,9,"Very good trip, long drives though."
RV00538,BK-2023-01068,2023-08-15,4,7,"Lovely camp, a little pricey."
RV00539,BK-2023-01072,2023-07-10,5,10,Best holiday of our lives.
RV00540,BK-2023-01075,2023-06-15,4,8,Guide knew every bird by name.
RV00541,BK-2023-01077,2023-07-19,4,9,"Great sightings, lodge food could improve."
RV00542,BK-2023-01079,2023-08-31,3,7,"Wildlife good, communication before trip poor."
RV00543,BK-2023-01080,2023-08-04,4,8,Guide knew every bird by name.
RV00544,BK-2023-01082,2023-12-20,5,10,"Guide was exceptional, every detail handled."
RV00545,BK-2023-01085,2023-08-06,3,5,Too many vehicles at sightings.
RV00546,BK-2023-01092,2023-09-01,4,8,"Very good trip, long drives though."
RV00547,BK-2023-01094,2023-10-02,4,8,Guide knew every bird by name.
RV00548,BK-2023-01096,2023-08-14,3,5,Too many vehicles at sightings.
RV00549,BK-2023-01098,2023-12-19,5,10,Flawless from airport pickup to farewell.
RV00550,BK-2023-01099,2023-09-01,5,10,Unforgettable — saw the river crossing!
RV00551,BK-2023-01100,2023-09-19,4,7,"Great sightings, lodge food could improve."
RV00552,BK-2023-01101,2023-06-21,4,8,Guide knew every bird by name.
RV00553,BK-2023-01106,2023-08-08,5,9,"Guide was exceptional, every detail handled."
RV00554,BK-2023-01108,2023-07-06,5,9,Best holiday of our lives.
RV00555,BK-2023-01109,2023-08-11,5,9,Unforgettable — saw the river crossing!
RV00556,BK-2023-01110,2023-05-31,3,6,Too many vehicles at sightings.
RV00557,BK-2023-01111,2023-07-13,4,7,"Great sightings, lodge food could improve."
RV00558,BK-2023-01113,2023-08-05,3,6,Too many vehicles at sightings.
RV00559,BK-2023-01116,2023-09-13,4,8,"Great sightings, lodge food could improve."
RV00560,BK-2023-01122,2023-12-07,5,9,Unforgettable — saw the river crossing!
RV00561,BK-2023-01124,2023-08-26,5,10,Flawless from airport pickup to farewell.
RV00562,BK-2023-01126,2024-02-18,5,9,"Guide was exceptional, every detail handled."
RV00563,BK-2023-01128,2023-07-04,3,6,"Okay overall, vehicle was cramped."
RV00564,BK-2023-01129,2023-08-08,4,9,Guide knew every bird by name.
RV00565,BK-2023-01132,2023-08-18,4,7,Guide knew every bird by name.
RV00566,BK-2023-01133,2023-06-20,5,9,Flawless from airport pickup to farewell.
RV00567,BK-2023-01135,2023-08-18,5,10,Flawless from airport pickup to farewell.
RV00568,BK-2023-01139,2023-06-10,5,10,Flawless from airport pickup to farewell.
RV00569,BK-2023-01140,2024-01-26,3,5,"Okay overall, vehicle was cramped."
RV00570,BK-2023-01143,2023-07-12,3,7,"Okay overall, vehicle was cramped."
RV00571,BK-2023-01146,2023-07-28,3,6,"Okay overall, vehicle was cramped."
RV00572,BK-2023-01152,2023-09-29,3,6,Too many vehicles at sightings.
RV00573,BK-2023-01153,2024-03-01,4,9,"Very good trip, long drives though."
RV00574,BK-2023-01156,2023-08-20,5,9,Best holiday of our lives.
RV00575,BK-2023-01160,2023-09-01,3,5,"Wildlife good, communication before trip poor."
RV00576,BK-2023-01162,2023-06-19,3,7,Too many vehicles at sightings.
RV00577,BK-2023-01163,2023-10-28,5,10,Flawless from airport pickup to farewell.
RV00578,BK-2023-01164,2023-07-29,4,9,Guide knew every bird by name.
RV00579,BK-2023-01169,2023-07-19,4,8,"Great sightings, lodge food could improve."
RV00580,BK-2023-01172,2023-09-08,4,7,"Lovely camp, a little pricey."
RV00581,BK-2023-01174,2023-09-19,4,7,"Lovely camp, a little pricey."
RV00582,BK-2023-01175,2023-08-10,4,7,"Very good trip, long drives though."
RV00583,BK-2023-01176,2023-10-14,4,9,Guide knew every bird by name.
RV00584,BK-2023-01177,2023-11-09,5,10,Unforgettable — saw the river crossing!
RV00585,BK-2023-01178,2023-12-31,4,7,Guide knew every bird by name.
RV00586,BK-2023-01179,2023-09-06,5,9,"Guide was exceptional, every detail handled."
RV00587,BK-2023-01180,2023-07-20,4,9,"Very good trip, long drives though."
RV00588,BK-2023-01181,2023-06-25,5,10,Unforgettable — saw the river crossing!
RV00589,BK-2023-01183,2023-08-14,4,7,"Very good trip, long drives though."
RV00590,BK-2023-01187,2023-06-14,4,8,"Lovely camp, a little pricey."
RV00591,BK-2023-01189,2023-08-03,5,9,"Guide was exceptional, every detail handled."
RV00592,BK-2023-01192,2023-08-04,4,7,"Great sightings, lodge food could improve."
RV00593,BK-2023-01196,2023-06-21,3,6,"Wildlife good, communication before trip poor."
RV00594,BK-2023-01199,2023-09-29,5,10,Best holiday of our lives.
RV00595,BK-2023-01200,2023-08-06,3,5,Too many vehicles at sightings.
RV00596,BK-2023-01201,2023-08-17,4,8,"Great sightings, lodge food could improve."
RV00597,BK-2023-01202,2023-09-10,4,7,"Great sightings, lodge food could improve."
RV00598,BK-2023-01203,2023-06-28,4,8,Guide knew every bird by name.
RV00599,BK-2023-01205,2023-08-11,3,7,"Wildlife good, communication before trip poor."
RV00600,BK-2023-01207,2023-09-23,5,9,"Guide was exceptional, every detail handled."
RV00601,BK-2023-01209,2023-07-24,4,9,"Great sightings, lodge food could improve."
RV00602,BK-2023-01210,2023-09-03,4,7,Guide knew every bird by name.
RV00603,BK-2023-01211,2023-09-10,3,5,"Okay overall, vehicle was cramped."
RV00604,BK-2023-01212,2023-07-22,4,8,"Very good trip, long drives though."
RV00605,BK-2023-01214,2023-07-16,5,10,Best holiday of our lives.
RV00606,BK-2023-01215,2023-12-20,4,8,"Lovely camp, a little pricey."
RV00607,BK-2023-01217,2023-06-22,4,7,"Very good trip, long drives though."
RV00608,BK-2023-01220,2023-08-16,5,10,Best holiday of our lives.
RV00609,BK-2023-01221,2023-06-28,3,6,Too many vehicles at sightings.
RV00610,BK-2023-01224,2023-07-17,5,10,Best holiday of our lives.
RV00611,BK-2023-01225,2023-09-23,5,9,Flawless from airport pickup to farewell.
RV00612,BK-2023-01226,2023-08-07,3,7,"Wildlife good, communication before trip poor."
RV00613,BK-2023-01230,2023-08-08,5,9,"Guide was exceptional, every detail handled."
RV00614,BK-2023-01235,2023-10-19,5,9,Best holiday of our lives.
RV00615,BK-2023-01236,2023-09-18,5,9,Best holiday of our lives.
RV00616,BK-2023-01237,2023-11-11,4,9,"Lovely camp, a little pricey."
RV00617,BK-2023-01238,2023-10-04,4,9,Guide knew every bird by name.
RV00618,BK-2023-01239,2023-07-19,3,6,"Okay overall, vehicle was cramped."
RV00619,BK-2023-01242,2023-08-20,4,9,"Very good trip, long drives though."
RV00620,BK-2023-01244,2023-07-10,4,8,Guide knew every bird by name.
RV00621,BK-2023-01245,2023-07-12,4,7,"Great sightings, lodge food could improve."
RV00622,BK-2023-01246,2023-09-10,3,7,Too many vehicles at sightings.
RV00623,BK-2023-01248,2023-06-18,5,10,"Guide was exceptional, every detail handled."
RV00624,BK-2023-01250,2023-07-21,5,9,"Guide was exceptional, every detail handled."
RV00625,BK-2023-01252,2023-06-21,4,8,"Very good trip, long drives though."
RV00626,BK-2023-01253,2023-08-02,5,9,Best holiday of our lives.
RV00627,BK-2023-01254,2023-07-29,5,9,Best holiday of our lives.
RV00628,BK-2023-01256,2023-07-14,3,5,"Wildlife good, communication before trip poor."
RV00629,BK-2023-01261,2024-08-02,5,10,Flawless from airport pickup to farewell.
RV00630,BK-2023-01265,2024-03-13,4,8,"Great sightings, lodge food could improve."
RV00631,BK-2023-01266,2023-07-26,3,6,"Okay overall, vehicle was cramped."
RV00632,BK-2023-01268,2023-06-25,2,5,Delayed pickup and a flat tyre.
RV00633,BK-2023-01269,2023-08-21,5,10,"Guide was exceptional, every detail handled."
RV00634,BK-2023-01270,2023-10-15,5,9,Flawless from airport pickup to farewell.
RV00635,BK-2023-01272,2023-08-28,4,8,"Lovely camp, a little pricey."
RV00636,BK-2023-01273,2023-06-22,3,7,"Okay overall, vehicle was cramped."
RV00637,BK-2023-01275,2023-10-27,5,10,"Guide was exceptional, every detail handled."
RV00638,BK-2023-01278,2023-08-15,4,7,"Great sightings, lodge food could improve."
RV00639,BK-2023-01287,2023-08-16,2,3,Delayed pickup and a flat tyre.
RV00640,BK-2023-01289,2023-11-08,5,10,Best holiday of our lives.
RV00641,BK-2023-01293,2023-08-31,5,10,Best holiday of our lives.
RV00642,BK-2023-01295,2023-07-22,3,6,"Wildlife good, communication before trip poor."
RV00643,BK-2023-01296,2023-08-07,5,9,Unforgettable — saw the river crossing!
RV00644,BK-2023-01297,2023-09-07,3,5,"Wildlife good, communication before trip poor."
RV00645,BK-2023-01298,2023-07-25,4,9,Guide knew every bird by name.
RV00646,BK-2023-01300,2023-09-19,3,6,"Okay overall, vehicle was cramped."
RV00647,BK-2023-01302,2024-04-29,5,10,Unforgettable — saw the river crossing!
RV00648,BK-2023-01305,2023-06-28,4,7,"Lovely camp, a little pricey."
RV00649,BK-2023-01306,2023-08-22,5,10,Unforgettable — saw the river crossing!
RV00650,BK-2023-01308,2023-08-25,4,7,"Great sightings, lodge food could improve."
RV00651,BK-2023-01310,2023-10-17,4,7,Guide knew every bird by name.
RV00652,BK-2023-01311,2023-10-29,5,10,Flawless from airport pickup to farewell.
RV00653,BK-2023-01312,2023-07-17,4,8,"Great sightings, lodge food could improve."
RV00654,BK-2023-01313,2023-08-11,5,10,Best holiday of our lives.
RV00655,BK-2023-01318,2023-08-28,5,9,"Guide was exceptional, every detail handled."
RV00656,BK-2023-01319,2023-08-03,2,6,Accommodation not as advertised.
RV00657,BK-2023-01320,2023-09-09,4,9,Guide knew every bird by name.
RV00658,BK-2023-01322,2023-08-10,4,9,"Lovely camp, a little pricey."
RV00659,BK-2023-01324,2023-07-28,3,5,"Wildlife good, communication before trip poor."
RV00660,BK-2023-01333,2023-07-05,4,9,"Lovely camp, a little pricey."
RV00661,BK-2023-01334,2023-08-09,3,7,Too many vehicles at sightings.
RV00662,BK-2023-01335,2023-08-22,5,10,"Guide was exceptional, every detail handled."
RV00663,BK-2023-01336,2023-07-24,4,7,"Very good trip, long drives though."
RV00664,BK-2023-01338,2023-09-16,4,9,Guide knew every bird by name.
RV00665,BK-2023-01340,2023-07-10,4,7,Guide knew every bird by name.
RV00666,BK-2023-01342,2023-07-29,3,7,Too many vehicles at sightings.
RV00667,BK-2023-01345,2023-07-14,3,6,"Okay overall, vehicle was cramped."
RV00668,BK-2023-01346,2023-07-10,4,9,"Very good trip, long drives though."
RV00669,BK-2023-01348,2023-10-13,5,9,"Guide was exceptional, every detail handled."
RV00670,BK-2023-01351,2023-08-01,5,10,Best holiday of our lives.
RV00671,BK-2023-01354,2023-07-24,5,10,Unforgettable — saw the river crossing!
RV00672,BK-2023-01356,2023-09-09,4,7,"Great sightings, lodge food could improve."
RV00673,BK-2023-01361,2023-07-18,3,6,Too many vehicles at sightings.
RV00674,BK-2023-01363,2023-07-30,3,7,Too many vehicles at sightings.
RV00675,BK-2023-01365,2023-08-18,4,7,"Lovely camp, a little pricey."
RV00676,BK-2023-01367,2023-07-10,2,4,Delayed pickup and a flat tyre.
RV00677,BK-2023-01368,2023-08-21,4,7,"Great sightings, lodge food could improve."
RV00678,BK-2023-01372,2024-01-09,5,9,"Guide was exceptional, every detail handled."
RV00679,BK-2023-01374,2024-08-15,5,9,Best holiday of our lives.
RV00680,BK-2023-01377,2023-09-21,4,8,"Very good trip, long drives though."
RV00681,BK-2023-01379,2023-07-19,5,10,Flawless from airport pickup to farewell.
RV00682,BK-2023-01380,2023-08-19,5,9,"Guide was exceptional, every detail handled."
RV00683,BK-2023-01383,2023-08-16,4,9,Guide knew every bird by name.
RV00684,BK-2023-01385,2023-08-01,4,9,"Lovely camp, a little pricey."
RV00685,BK-2023-01392,2023-11-23,4,7,"Great sightings, lodge food could improve."
RV00686,BK-2023-01393,2023-07-25,5,9,Flawless from airport pickup to farewell.
RV00687,BK-2023-01394,2023-10-12,4,9,"Lovely camp, a little pricey."
RV00688,BK-2023-01395,2023-11-04,4,9,"Great sightings, lodge food could improve."
RV00689,BK-2023-01396,2023-09-15,3,7,"Wildlife good, communication before trip poor."
RV00690,BK-2023-01397,2023-08-31,4,7,"Great sightings, lodge food could improve."
RV00691,BK-2023-01398,2023-07-07,4,8,"Great sightings, lodge food could improve."
RV00692,BK-2023-01400,2023-10-07,4,7,Guide knew every bird by name.
RV00693,BK-2023-01401,2023-07-15,4,9,"Very good trip, long drives though."
RV00694,BK-2023-01402,2023-07-31,3,7,"Okay overall, vehicle was cramped."
RV00695,BK-2023-01404,2023-08-23,5,9,"Guide was exceptional, every detail handled."
RV00696,BK-2023-01406,2023-08-20,2,4,Accommodation not as advertised.
RV00697,BK-2023-01407,2023-08-19,4,8,"Very good trip, long drives though."
RV00698,BK-2023-01410,2024-10-26,5,10,Unforgettable — saw the river crossing!
RV00699,BK-2023-01413,2023-08-10,4,8,"Very good trip, long drives though."
RV00700,BK-2023-01414,2023-08-08,3,7,"Wildlife good, communication before trip poor."
RV00701,BK-2023-01415,2023-08-03,4,8,"Very good trip, long drives though."
RV00702,BK-2023-01418,2023-07-24,2,6,Accommodation not as advertised.
RV00703,BK-2023-01419,2023-07-30,4,8,"Very good trip, long drives though."
RV00704,BK-2023-01420,2023-09-07,3,6,"Okay overall, vehicle was cramped."
RV00705,BK-2023-01421,2023-07-13,5,9,Unforgettable — saw the river crossing!
RV00706,BK-2023-01422,2023-09-15,5,10,Unforgettable — saw the river crossing!
RV00707,BK-2023-01423,2023-07-23,2,5,Delayed pickup and a flat tyre.
RV00708,BK-2023-01425,2023-10-30,4,8,"Very good trip, long drives though."
RV00709,BK-2023-01427,2024-10-31,5,10,"Guide was exceptional, every detail handled."
RV00710,BK-2023-01429,2023-07-28,5,9,Unforgettable — saw the river crossing!
RV00711,BK-2023-01430,2023-07-11,4,8,"Great sightings, lodge food could improve."
RV00712,BK-2023-01431,2023-08-07,4,7,"Very good trip, long drives though."
RV00713,BK-2023-01434,2023-07-21,4,7,Guide knew every bird by name.
RV00714,BK-2023-01435,2023-07-29,4,8,"Lovely camp, a little pricey."
RV00715,BK-2023-01437,2023-09-21,4,8,"Very good trip, long drives though."
RV00716,BK-2023-01439,2023-08-03,2,6,Delayed pickup and a flat tyre.
RV00717,BK-2023-01440,2023-09-14,3,6,Too many vehicles at sightings.
RV00718,BK-2023-01441,2023-07-30,5,9,Flawless from airport pickup to farewell.
RV00719,BK-2023-01443,2023-09-09,4,7,"Very good trip, long drives though."
RV00720,BK-2023-01444,2024-02-02,5,10,Unforgettable — saw the river crossing!
RV00721,BK-2023-01445,2023-07-19,4,7,"Very good trip, long drives though."
RV00722,BK-2023-01446,2023-08-06,4,7,"Lovely camp, a little pricey."
RV00723,BK-2023-01447,2023-09-16,4,9,Guide knew every bird by name.
RV00724,BK-2023-01450,2023-09-26,3,6,"Okay overall, vehicle was cramped."
RV00725,BK-2023-01451,2023-07-18,3,6,"Wildlife good, communication before trip poor."
RV00726,BK-2023-01457,2023-08-02,3,6,"Wildlife good, communication before trip poor."
RV00727,BK-2023-01458,2023-09-23,4,7,"Great sightings, lodge food could improve."
RV00728,BK-2023-01459,2024-01-10,3,5,"Okay overall, vehicle was cramped."
RV00729,BK-2023-01461,2023-07-29,4,9,"Great sightings, lodge food could improve."
RV00730,BK-2023-01462,2023-09-05,5,9,Flawless from airport pickup to farewell.
RV00731,BK-2023-01465,2023-07-12,4,9,"Great sightings, lodge food could improve."
RV00732,BK-2023-01467,2023-11-21,5,9,Flawless from airport pickup to farewell.
RV00733,BK-2023-01469,2023-09-08,4,9,"Great sightings, lodge food could improve."
RV00734,BK-2023-01471,2023-11-08,4,9,"Very good trip, long drives though."
RV00735,BK-2023-01472,2023-07-30,3,7,Too many vehicles at sightings.
RV00736,BK-2023-01473,2024-09-22,5,10,Flawless from airport pickup to farewell.
RV00737,BK-2023-01477,2023-08-07,4,9,"Very good trip, long drives though."
RV00738,BK-2023-01478,2023-08-23,3,6,"Okay overall, vehicle was cramped."
RV00739,BK-2023-01480,2024-01-07,4,8,"Great sightings, lodge food could improve."
RV00740,BK-2023-01481,2023-07-21,4,9,"Lovely camp, a little pricey."
RV00741,BK-2023-01482,2023-07-24,3,5,Too many vehicles at sightings.
RV00742,BK-2023-01483,2023-08-21,5,9,"Guide was exceptional, every detail handled."
RV00743,BK-2023-01485,2023-08-01,4,7,"Lovely camp, a little pricey."
RV00744,BK-2023-01486,2023-08-03,4,9,"Lovely camp, a little pricey."
RV00745,BK-2023-01488,2023-09-02,4,7,"Lovely camp, a little pricey."
RV00746,BK-2023-01490,2023-07-15,4,7,Guide knew every bird by name.
RV00747,BK-2023-01491,2023-06-30,4,7,"Great sightings, lodge food could improve."
RV00748,BK-2023-01492,2023-09-08,3,5,"Wildlife good, communication before trip poor."
RV00749,BK-2023-01493,2023-10-14,4,7,"Lovely camp, a little pricey."
RV00750,BK-2023-01495,2023-07-29,4,9,"Great sightings, lodge food could improve."
RV00751,BK-2023-01496,2023-09-02,4,9,"Very good trip, long drives though."
RV00752,BK-2023-01497,2023-09-06,5,10,Unforgettable — saw the river crossing!
RV00753,BK-2023-01502,2023-09-01,4,7,Guide knew every bird by name.
RV00754,BK-2023-01510,2023-07-27,5,9,Best holiday of our lives.
RV00755,BK-2023-01511,2023-09-07,3,5,"Wildlife good, communication before trip poor."
RV00756,BK-2023-01512,2023-08-24,3,5,"Okay overall, vehicle was cramped."
RV00757,BK-2023-01514,2023-08-17,3,7,Too many vehicles at sightings.
RV00758,BK-2023-01515,2023-10-10,5,10,"Guide was exceptional, every detail handled."
RV00759,BK-2023-01517,2023-09-29,5,9,"Guide was exceptional, every detail handled."
RV00760,BK-2023-01518,2024-01-03,5,9,Best holiday of our lives.
RV00761,BK-2023-01520,2023-08-29,3,6,"Okay overall, vehicle was cramped."
RV00762,BK-2023-01521,2023-09-27,4,9,"Great sightings, lodge food could improve."
RV00763,BK-2023-01525,2023-10-08,5,10,Flawless from airport pickup to farewell.
RV00764,BK-2023-01526,2023-09-12,3,6,Too many vehicles at sightings.
RV00765,BK-2023-01527,2023-10-11,5,10,"Guide was exceptional, every detail handled."
RV00766,BK-2023-01528,2023-08-21,4,7,"Lovely camp, a little pricey."
RV00767,BK-2023-01529,2023-07-29,4,8,"Great sightings, lodge food could improve."
RV00768,BK-2023-01530,2023-07-17,3,6,"Wildlife good, communication before trip poor."
RV00769,BK-2023-01531,2024-01-18,4,8,"Great sightings, lodge food could improve."
RV00770,BK-2023-01533,2023-08-21,4,9,"Great sightings, lodge food could improve."
RV00771,BK-2023-01534,2023-09-16,3,7,"Wildlife good, communication before trip poor."
RV00772,BK-2023-01535,2023-09-18,5,9,"Guide was exceptional, every detail handled."
RV00773,BK-2023-01539,2023-07-27,5,10,Best holiday of our lives.
RV00774,BK-2023-01540,2023-09-08,5,10,Flawless from airport pickup to farewell.
RV00775,BK-2023-01542,2023-09-18,4,8,"Very good trip, long drives though."
RV00776,BK-2023-01544,2023-07-19,4,7,Guide knew every bird by name.
RV00777,BK-2023-01547,2024-01-07,4,8,Guide knew every bird by name.
RV00778,BK-2023-01548,2023-12-23,5,10,Unforgettable — saw the river crossing!
RV00779,BK-2023-01549,2023-07-29,5,9,Flawless from airport pickup to farewell.
RV00780,BK-2023-01550,2023-07-25,4,8,"Great sightings, lodge food could improve."
RV00781,BK-2023-01551,2023-07-20,4,7,"Great sightings, lodge food could improve."
RV00782,BK-2023-01552,2023-09-23,5,10,Best holiday of our lives.
RV00783,BK-2023-01555,2023-09-17,5,10,Best holiday of our lives.
RV00784,BK-2023-01557,2023-08-04,4,8,"Lovely camp, a little pricey."
RV00785,BK-2023-01559,2023-08-31,3,7,"Wildlife good, communication before trip poor."
RV00786,BK-2023-01560,2023-08-09,4,7,"Very good trip, long drives though."
RV00787,BK-2023-01567,2023-08-01,4,9,"Great sightings, lodge food could improve."
RV00788,BK-2023-01569,2023-07-17,4,8,"Very good trip, long drives though."
RV00789,BK-2023-01570,2023-07-22,3,6,Too many vehicles at sightings.
RV00790,BK-2023-01573,2023-11-04,3,7,Too many vehicles at sightings.
RV00791,BK-2023-01575,2023-07-16,4,7,"Very good trip, long drives though."
RV00792,BK-2023-01576,2023-08-28,4,9,"Very good trip, long drives though."
RV00793,BK-2023-01579,2023-09-05,4,8,"Lovely camp, a little pricey."
RV00794,BK-2023-01581,2023-09-19,3,5,"Wildlife good, communication before trip poor."
RV00795,BK-2023-01582,2023-08-04,4,8,"Very good trip, long drives though."
RV00796,BK-2023-01583,2023-07-29,5,9,Best holiday of our lives.
RV00797,BK-2023-01584,2023-09-26,5,9,"Guide was exceptional, every detail handled."
RV00798,BK-2023-01586,2023-09-05,4,7,"Great sightings, lodge food could improve."
RV00799,BK-2023-01592,2023-08-22,3,6,Too many vehicles at sightings.
RV00800,BK-2023-01593,2023-12-09,4,8,"Great sightings, lodge food could improve."
RV00801,BK-2023-01597,2023-08-24,4,7,"Great sightings, lodge food could improve."
RV00802,BK-2023-01599,2023-10-31,5,10,Best holiday of our lives.
RV00803,BK-2023-01601,2024-02-22,3,5,Too many vehicles at sightings.
RV00804,BK-2023-01603,2023-08-07,5,10,Unforgettable — saw the river crossing!
RV00805,BK-2023-01606,2023-08-13,4,7,"Very good trip, long drives though."
RV00806,BK-2023-01608,2023-07-29,4,8,"Great sightings, lodge food could improve."
RV00807,BK-2023-01609,2023-08-10,4,9,Guide knew every bird by name.
RV00808,BK-2023-01610,2023-08-27,5,10,Best holiday of our lives.
RV00809,BK-2023-01612,2023-08-20,4,8,"Lovely camp, a little pricey."
RV00810,BK-2023-01613,2023-09-21,5,9,Flawless from airport pickup to farewell.
RV00811,BK-2023-01616,2023-08-24,4,7,"Very good trip, long drives though."
RV00812,BK-2023-01617,2023-07-27,3,6,Too many vehicles at sightings.
RV00813,BK-2023-01618,2023-08-11,4,9,"Lovely camp, a little pricey."
RV00814,BK-2023-01620,2023-08-01,4,9,Guide knew every bird by name.
RV00815,BK-2023-01621,2023-10-24,5,9,Flawless from airport pickup to farewell.
RV00816,BK-2023-01622,2023-07-31,2,3,Delayed pickup and a flat tyre.
RV00817,BK-2023-01626,2023-09-12,5,9,"Guide was exceptional, every detail handled."
RV00818,BK-2023-01627,2023-07-23,4,7,Guide knew every bird by name.
RV00819,BK-2023-01628,2023-08-21,3,7,Too many vehicles at sightings.
RV00820,BK-2023-01629,2023-09-09,4,8,Guide knew every bird by name.
RV00821,BK-2023-01630,2023-11-03,4,9,"Very good trip, long drives though."
RV00822,BK-2023-01637,2023-10-22,2,3,Delayed pickup and a flat tyre.
RV00823,BK-2023-01640,2023-10-13,5,9,"Guide was exceptional, every detail handled."
RV00824,BK-2023-01643,2023-10-12,5,9,Flawless from airport pickup to farewell.
RV00825,BK-2023-01646,2024-01-10,5,10,Flawless from airport pickup to farewell.
RV00826,BK-2023-01647,2023-10-07,5,9,"Guide was exceptional, every detail handled."
RV00827,BK-2023-01648,2023-08-25,5,9,Flawless from airport pickup to farewell.
RV00828,BK-2023-01649,2023-07-27,5,10,Flawless from airport pickup to farewell.
RV00829,BK-2023-01650,2023-08-15,5,9,"Guide was exceptional, every detail handled."
RV00830,BK-2023-01651,2023-09-09,4,8,"Very good trip, long drives though."
RV00831,BK-2023-01653,2023-07-30,4,9,"Great sightings, lodge food could improve."
RV00832,BK-2023-01655,2024-03-29,5,10,"Guide was exceptional, every detail handled."
RV00833,BK-2023-01656,2023-08-29,3,6,Too many vehicles at sightings.
RV00834,BK-2023-01657,2023-08-22,4,7,Guide knew every bird by name.
RV00835,BK-2023-01658,2023-08-07,5,9,Unforgettable — saw the river crossing!
RV00836,BK-2023-01659,2024-02-13,5,9,Best holiday of our lives.
RV00837,BK-2023-01661,2024-05-07,5,10,"Guide was exceptional, every detail handled."
RV00838,BK-2023-01662,2023-09-18,3,6,"Wildlife good, communication before trip poor."
RV00839,BK-2023-01664,2023-07-29,3,5,"Okay overall, vehicle was cramped."
RV00840,BK-2023-01668,2023-07-19,3,7,Too many vehicles at sightings.
RV00841,BK-2023-01669,2023-09-17,3,6,"Wildlife good, communication before trip poor."
RV00842,BK-2023-01670,2023-08-30,3,5,Too many vehicles at sightings.
RV00843,BK-2023-01672,2023-08-01,3,5,Too many vehicles at sightings.
RV00844,BK-2023-01674,2024-01-16,4,8,"Great sightings, lodge food could improve."
RV00845,BK-2023-01676,2023-12-03,4,9,"Great sightings, lodge food could improve."
RV00846,BK-2023-01678,2023-08-06,5,10,Flawless from airport pickup to farewell.
RV00847,BK-2023-01681,2023-08-08,5,10,Best holiday of our lives.
RV00848,BK-2023-01683,2024-01-25,5,10,Flawless from airport pickup to farewell.
RV00849,BK-2023-01685,2024-01-06,5,9,Flawless from airport pickup to farewell.
RV00850,BK-2023-01686,2023-07-30,3,7,Too many vehicles at sightings.
RV00851,BK-2023-01688,2023-08-17,5,9,Flawless from airport pickup to farewell.
RV00852,BK-2023-01689,2023-11-29,4,8,Guide knew every bird by name.
RV00853,BK-2023-01690,2023-09-09,4,9,"Great sightings, lodge food could improve."
RV00854,BK-2023-01691,2023-09-26,3,5,Too many vehicles at sightings.
RV00855,BK-2023-01692,2023-09-11,4,8,"Very good trip, long drives though."
RV00856,BK-2023-01694,2023-08-15,4,8,"Lovely camp, a little pricey."
RV00857,BK-2023-01695,2023-08-01,4,9,"Great sightings, lodge food could improve."
RV00858,BK-2023-01699,2023-08-27,3,5,"Okay overall, vehicle was cramped."
RV00859,BK-2023-01703,2023-07-20,3,6,Too many vehicles at sightings.
RV00860,BK-2023-01704,2023-10-10,3,7,"Okay overall, vehicle was cramped."
RV00861,BK-2023-01706,2023-08-19,3,5,Too many vehicles at sightings.
RV00862,BK-2023-01707,2023-09-29,2,4,Accommodation not as advertised.
RV00863,BK-2023-01708,2023-11-19,5,9,Unforgettable — saw the river crossing!
RV00864,BK-2023-01710,2023-07-19,3,5,"Wildlife good, communication before trip poor."
RV00865,BK-2023-01712,2024-01-18,5,10,"Guide was exceptional, every detail handled."
RV00866,BK-2023-01713,2023-10-01,5,9,"Guide was exceptional, every detail handled."
RV00867,BK-2023-01722,2024-08-06,4,8,"Very good trip, long drives though."
RV00868,BK-2023-01724,2023-08-22,4,8,"Very good trip, long drives though."
RV00869,BK-2023-01725,2024-01-02,3,7,"Okay overall, vehicle was cramped."
RV00870,BK-2023-01726,2023-08-06,4,7,"Great sightings, lodge food could improve."
RV00871,BK-2023-01728,2024-01-28,4,8,"Very good trip, long drives though."
RV00872,BK-2023-01729,2023-08-20,4,8,Guide knew every bird by name.
RV00873,BK-2023-01732,2023-12-21,5,9,Best holiday of our lives.
RV00874,BK-2023-01733,2023-09-20,5,10,Best holiday of our lives.
RV00875,BK-2023-01734,2023-08-23,3,6,"Wildlife good, communication before trip poor."
RV00876,BK-2023-01736,2023-10-12,4,7,"Very good trip, long drives though."
RV00877,BK-2023-01740,2023-12-11,5,10,Flawless from airport pickup to farewell.
RV00878,BK-2023-01742,2023-08-20,3,6,"Okay overall, vehicle was cramped."
RV00879,BK-2023-01743,2023-10-24,4,7,"Lovely camp, a little pricey."
RV00880,BK-2023-01745,2023-09-20,5,10,Flawless from airport pickup to farewell.
RV00881,BK-2023-01746,2023-08-26,4,7,Guide knew every bird by name.
RV00882,BK-2023-01750,2023-09-10,4,9,Guide knew every bird by name.
RV00883,BK-2023-01751,2023-08-22,3,7,"Wildlife good, communication before trip poor."
RV00884,BK-2023-01755,2023-08-17,3,5,"Okay overall, vehicle was cramped."
RV00885,BK-2023-01756,2023-08-27,4,8,"Very good trip, long drives though."
RV00886,BK-2023-01757,2023-08-29,4,9,Guide knew every bird by name.
RV00887,BK-2023-01758,2023-08-14,5,9,Flawless from airport pickup to farewell.
RV00888,BK-2023-01759,2023-10-03,5,10,Best holiday of our lives.
RV00889,BK-2023-01761,2023-08-26,3,6,Too many vehicles at sightings.
RV00890,BK-2023-01763,2023-08-13,4,7,"Lovely camp, a little pricey."
RV00891,BK-2023-01767,2023-08-26,3,6,"Wildlife good, communication before trip poor."
RV00892,BK-2023-01769,2023-07-30,3,5,"Okay overall, vehicle was cramped."
RV00893,BK-2023-01770,2023-07-31,4,8,"Lovely camp, a little pricey."
RV00894,BK-2023-01772,2023-08-11,4,9,Guide knew every bird by name.
RV00895,BK-2023-01774,2024-02-01,4,9,"Lovely camp, a little pricey."
RV00896,BK-2023-01779,2023-08-11,4,9,Guide knew every bird by name.
RV00897,BK-2023-01783,2023-10-10,4,7,"Great sightings, lodge food could improve."
RV00898,BK-2023-01785,2023-12-11,5,10,Unforgettable — saw the river crossing!
RV00899,BK-2023-01788,2023-07-22,5,10,Best holiday of our lives.
RV00900,BK-2023-01791,2023-08-22,4,9,Guide knew every bird by name.
RV00901,BK-2023-01793,2023-09-01,4,9,"Very good trip, long drives though."
RV00902,BK-2023-01794,2023-12-30,3,5,"Okay overall, vehicle was cramped."
RV00903,BK-2023-01796,2023-08-23,4,8,"Great sightings, lodge food could improve."
RV00904,BK-2023-01797,2023-08-04,3,7,"Okay overall, vehicle was cramped."
RV00905,BK-2023-01799,2023-08-09,5,10,"Guide was exceptional, every detail handled."
RV00906,BK-2023-01800,2023-12-23,4,8,"Very good trip, long drives though."
RV00907,BK-2023-01801,2023-09-16,5,9,Flawless from airport pickup to farewell.
RV00908,BK-2023-01802,2023-09-21,5,9,Best holiday of our lives.
RV00909,BK-2023-01803,2023-08-03,4,7,"Great sightings, lodge food could improve."
RV00910,BK-2023-01806,2024-02-16,5,9,Flawless from airport pickup to farewell.
RV00911,BK-2023-01807,2023-10-07,5,10,Flawless from airport pickup to farewell.
RV00912,BK-2023-01809,2023-09-27,3,6,Too many vehicles at sightings.
RV00913,BK-2023-01812,2023-08-11,4,7,"Lovely camp, a little pricey."
RV00914,BK-2023-01813,2023-10-29,5,9,Unforgettable — saw the river crossing!
RV00915,BK-2023-01814,2023-09-14,5,9,"Guide was exceptional, every detail handled."
RV00916,BK-2023-01815,2023-08-03,3,7,"Wildlife good, communication before trip poor."
RV00917,BK-2023-01818,2023-10-20,4,7,"Great sightings, lodge food could improve."
RV00918,BK-2023-01819,2023-09-08,3,6,Too many vehicles at sightings.
RV00919,BK-2023-01820,2023-09-06,5,9,"Guide was exceptional, every detail handled."
RV00920,BK-2023-01821,2024-03-09,4,7,Guide knew every bird by name.
RV00921,BK-2023-01822,2023-10-08,5,9,Best holiday of our lives.
RV00922,BK-2023-01823,2023-08-03,3,6,Too many vehicles at sightings.
RV00923,BK-2023-01824,2023-09-02,5,9,"Guide was exceptional, every detail handled."
RV00924,BK-2023-01826,2023-09-03,4,9,"Great sightings, lodge food could improve."
RV00925,BK-2023-01827,2023-09-10,4,8,"Great sightings, lodge food could improve."
RV00926,BK-2023-01829,2023-08-19,4,8,Guide knew every bird by name.
RV00927,BK-2023-01833,2023-08-16,4,7,"Lovely camp, a little pricey."
RV00928,BK-2023-01834,2023-10-04,3,6,"Okay overall, vehicle was cramped."
RV00929,BK-2023-01836,2023-09-03,5,10,Flawless from airport pickup to farewell.
RV00930,BK-2023-01837,2023-07-28,4,7,"Lovely camp, a little pricey."
RV00931,BK-2023-01840,2023-08-16,4,8,"Great sightings, lodge food could improve."
RV00932,BK-2023-01841,2023-09-16,5,10,Flawless from airport pickup to farewell.
RV00933,BK-2023-01842,2023-09-25,3,7,"Okay overall, vehicle was cramped."
RV00934,BK-2023-01843,2023-10-25,5,10,Flawless from airport pickup to farewell.
RV00935,BK-2023-01844,2023-09-28,5,10,Best holiday of our lives.
RV00936,BK-2023-01845,2023-10-27,4,9,Guide knew every bird by name.
RV00937,BK-2023-01846,2023-08-31,4,8,Guide knew every bird by name.
RV00938,BK-2023-01849,2023-09-11,4,7,"Very good trip, long drives though."
RV00939,BK-2023-01851,2023-12-24,5,10,"Guide was exceptional, every detail handled."
RV00940,BK-2023-01853,2023-09-29,2,3,Delayed pickup and a flat tyre.
RV00941,BK-2023-01864,2023-08-27,3,6,Too many vehicles at sightings.
RV00942,BK-2023-01865,2023-08-16,4,7,"Very good trip, long drives though."
RV00943,BK-2023-01869,2023-09-08,5,10,Best holiday of our lives.
RV00944,BK-2023-01873,2023-09-29,5,10,Unforgettable — saw the river crossing!
RV00945,BK-2023-01874,2023-08-23,3,7,"Wildlife good, communication before trip poor."
RV00946,BK-2023-01875,2023-07-31,4,7,"Lovely camp, a little pricey."
RV00947,BK-2023-01879,2023-08-29,3,6,"Okay overall, vehicle was cramped."
RV00948,BK-2023-01880,2023-10-29,4,9,"Lovely camp, a little pricey."
RV00949,BK-2023-01881,2023-09-13,4,8,"Lovely camp, a little pricey."
RV00950,BK-2023-01886,2023-09-25,4,8,"Great sightings, lodge food could improve."
RV00951,BK-2023-01888,2023-08-21,4,8,"Great sightings, lodge food could improve."
RV00952,BK-2023-01889,2024-01-25,5,10,"Guide was exceptional, every detail handled."
RV00953,BK-2023-01892,2023-08-27,4,7,Guide knew every bird by name.
RV00954,BK-2023-01893,2023-10-20,5,10,Unforgettable — saw the river crossing!
RV00955,BK-2023-01894,2023-08-21,4,7,Guide knew every bird by name.
RV00956,BK-2023-01895,2023-09-29,4,8,"Lovely camp, a little pricey."
RV00957,BK-2023-01896,2023-09-28,3,6,"Okay overall, vehicle was cramped."
RV00958,BK-2023-01897,2023-09-15,5,9,Best holiday of our lives.
RV00959,BK-2023-01898,2023-12-23,5,9,Best holiday of our lives.
RV00960,BK-2023-01901,2023-07-23,3,5,Too many vehicles at sightings.
RV00961,BK-2023-01904,2023-10-10,5,10,Flawless from airport pickup to farewell.
RV00962,BK-2023-01905,2023-09-29,4,8,"Great sightings, lodge food could improve."
RV00963,BK-2023-01906,2023-11-04,5,10,Unforgettable — saw the river crossing!
RV00964,BK-2023-01907,2023-08-11,4,8,"Great sightings, lodge food could improve."
RV00965,BK-2023-01908,2023-09-04,1,2,"Very disappointed, requested refund."
RV00966,BK-2023-01909,2023-08-22,4,9,Guide knew every bird by name.
RV00967,BK-2023-01910,2024-01-03,3,5,"Okay overall, vehicle was cramped."
RV00968,BK-2023-01911,2023-10-20,5,10,Unforgettable — saw the river crossing!
RV00969,BK-2023-01912,2023-09-29,5,10,Best holiday of our lives.
RV00970,BK-2023-01913,2024-01-17,4,9,"Very good trip, long drives though."
RV00971,BK-2023-01917,2023-09-17,3,6,Too many vehicles at sightings.
RV00972,BK-2023-01918,2023-08-16,3,7,Too many vehicles at sightings.
RV00973,BK-2023-01920,2023-08-31,5,10,Flawless from airport pickup to farewell.
RV00974,BK-2023-01921,2023-09-16,3,7,"Okay overall, vehicle was cramped."
RV00975,BK-2023-01922,2023-09-02,4,9,Guide knew every bird by name.
RV00976,BK-2023-01923,2023-08-27,4,9,"Very good trip, long drives though."
RV00977,BK-2023-01928,2023-08-23,3,7,"Okay overall, vehicle was cramped."
RV00978,BK-2023-01930,2023-07-29,4,9,"Lovely camp, a little pricey."
RV00979,BK-2023-01931,2023-08-20,3,5,Too many vehicles at sightings.
RV00980,BK-2023-01932,2023-09-28,4,8,"Very good trip, long drives though."
RV00981,BK-2023-01933,2023-09-11,5,9,Unforgettable — saw the river crossing!
RV00982,BK-2023-01934,2023-12-20,4,7,"Great sightings, lodge food could improve."
RV00983,BK-2023-01935,2023-11-16,3,7,Too many vehicles at sightings.
RV00984,BK-2023-01936,2023-10-09,5,9,Unforgettable — saw the river crossing!
RV00985,BK-2023-01937,2023-09-06,5,9,Unforgettable — saw the river crossing!
RV00986,BK-2023-01939,2023-10-06,4,7,"Very good trip, long drives though."
RV00987,BK-2023-01940,2023-09-17,3,5,"Okay overall, vehicle was cramped."
RV00988,BK-2023-01942,2023-09-14,4,9,"Lovely camp, a little pricey."
RV00989,BK-2023-01943,2023-12-06,5,10,Unforgettable — saw the river crossing!
RV00990,BK-2023-01944,2023-09-20,4,9,"Very good trip, long drives though."
RV00991,BK-2023-01945,2023-09-09,5,9,Flawless from airport pickup to farewell.
RV00992,BK-2023-01947,2023-08-12,2,6,Delayed pickup and a flat tyre.
RV00993,BK-2023-01949,2023-10-13,3,5,Too many vehicles at sightings.
RV00994,BK-2023-01951,2024-02-10,4,7,"Lovely camp, a little pricey."
RV00995,BK-2023-01953,2023-08-12,3,5,Too many vehicles at sightings.
RV00996,BK-2023-01954,2023-09-10,4,7,"Great sightings, lodge food could improve."
RV00997,BK-2023-01956,2023-11-28,5,9,"Guide was exceptional, every detail handled."
RV00998,BK-2023-01957,2023-08-25,3,5,Too many vehicles at sightings.
RV00999,BK-2023-01959,2023-08-28,4,9,"Lovely camp, a little pricey."
RV01000,BK-2023-01962,2023-11-08,4,7,"Lovely camp, a little pricey."
RV01001,BK-2023-01964,2023-07-30,4,8,"Great sightings, lodge food could improve."
RV01002,BK-2023-01969,2023-09-02,5,9,"Guide was exceptional, every detail handled."
RV01003,BK-2023-01970,2023-08-20,3,6,"Okay overall, vehicle was cramped."
RV01004,BK-2023-01971,2023-09-28,5,10,Unforgettable — saw the river crossing!
RV01005,BK-2023-01973,2023-10-01,5,10,Best holiday of our lives.
RV01006,BK-2023-01974,2023-09-21,4,7,"Great sightings, lodge food could improve."
RV01007,BK-2023-01978,2023-09-21,4,9,"Great sightings, lodge food could improve."
RV01008,BK-2023-01979,2023-08-12,3,7,"Okay overall, vehicle was cramped."
RV01009,BK-2023-01981,2023-09-26,5,10,"Guide was exceptional, every detail handled."
RV01010,BK-2023-01984,2023-08-26,2,5,Delayed pickup and a flat tyre.
RV01011,BK-2023-01985,2023-10-06,4,8,Guide knew every bird by name.
RV01012,BK-2023-01987,2023-08-25,4,7,"Great sightings, lodge food could improve."
RV01013,BK-2023-01989,2024-03-17,5,9,"Guide was exceptional, every detail handled."
RV01014,BK-2023-01991,2023-11-22,4,7,Guide knew every bird by name.
RV01015,BK-2023-01992,2023-12-31,5,9,"Guide was exceptional, every detail handled."
RV01016,BK-2023-01995,2023-08-27,4,7,"Great sightings, lodge food could improve."
RV01017,BK-2023-01996,2023-09-13,3,7,"Okay overall, vehicle was cramped."
RV01018,BK-2023-01997,2023-09-01,3,5,"Wildlife good, communication before trip poor."
RV01019,BK-2023-01998,2023-09-23,3,7,"Wildlife good, communication before trip poor."
RV01020,BK-2023-02005,2023-09-19,3,6,"Okay overall, vehicle was cramped."
RV01021,BK-2023-02006,2024-02-12,5,10,Best holiday of our lives.
RV01022,BK-2023-02007,2023-09-24,3,7,"Wildlife good, communication before trip poor."
RV01023,BK-2023-02008,2023-09-14,4,8,"Lovely camp, a little pricey."
RV01024,BK-2023-02010,2023-11-13,5,9,"Guide was exceptional, every detail handled."
RV01025,BK-2023-02011,2023-12-31,5,10,Best holiday of our lives.
RV01026,BK-2023-02012,2023-10-02,5,9,"Guide was exceptional, every detail handled."
RV01027,BK-2023-02014,2023-10-18,4,9,"Lovely camp, a little pricey."
RV01028,BK-2023-02016,2023-09-03,3,7,"Okay overall, vehicle was cramped."
RV01029,BK-2023-02017,2023-09-15,5,10,Unforgettable — saw the river crossing!
RV01030,BK-2023-02018,2023-09-30,5,9,Flawless from airport pickup to farewell.
RV01031,BK-2023-02019,2023-10-21,5,10,Unforgettable — saw the river crossing!
RV01032,BK-2023-02020,2023-09-08,2,5,Accommodation not as advertised.
RV01033,BK-2023-02026,2023-09-18,4,8,"Great sightings, lodge food could improve."
RV01034,BK-2023-02028,2023-12-19,4,8,"Great sightings, lodge food could improve."
RV01035,BK-2023-02030,2023-09-12,4,9,"Lovely camp, a little pricey."
RV01036,BK-2023-02031,2024-07-31,5,9,Flawless from airport pickup to farewell.
RV01037,BK-2023-02035,2023-09-30,4,8,"Lovely camp, a little pricey."
RV01038,BK-2023-02036,2023-09-02,4,9,"Very good trip, long drives though."
RV01039,BK-2023-02039,2023-08-10,4,7,"Very good trip, long drives though."
RV01040,BK-2023-02041,2023-09-22,5,9,Best holiday of our lives.
RV01041,BK-2023-02043,2023-10-20,4,8,Guide knew every bird by name.
RV01042,BK-2023-02045,2023-09-11,4,9,"Very good trip, long drives though."
RV01043,BK-2023-02046,2023-09-17,5,10,Best holiday of our lives.
RV01044,BK-2023-02048,2023-12-25,4,7,"Very good trip, long drives though."
RV01045,BK-2023-02049,2023-09-06,5,10,Unforgettable — saw the river crossing!
RV01046,BK-2023-02051,2023-09-03,3,7,Too many vehicles at sightings.
RV01047,BK-2023-02052,2023-09-15,4,8,Guide knew every bird by name.
RV01048,BK-2023-02054,2023-10-28,5,10,Flawless from airport pickup to farewell.
RV01049,BK-2023-02055,2023-09-28,4,8,"Lovely camp, a little pricey."
RV01050,BK-2023-02056,2023-09-19,4,9,"Great sightings, lodge food could improve."
RV01051,BK-2023-02059,2023-08-26,2,5,Delayed pickup and a flat tyre.
RV01052,BK-2023-02060,2024-03-06,5,9,Best holiday of our lives.
RV01053,BK-2023-02062,2023-10-05,4,7,"Very good trip, long drives though."
RV01054,BK-2023-02068,2023-08-22,5,9,Flawless from airport pickup to farewell.
RV01055,BK-2023-02069,2024-02-27,4,9,"Great sightings, lodge food could improve."
RV01056,BK-2023-02070,2023-11-03,5,9,Best holiday of our lives.
RV01057,BK-2023-02075,2023-11-05,4,8,"Very good trip, long drives though."
RV01058,BK-2023-02076,2023-09-11,3,6,"Okay overall, vehicle was cramped."
RV01059,BK-2023-02080,2023-12-09,4,9,"Lovely camp, a little pricey."
RV01060,BK-2023-02081,2023-08-20,4,9,"Lovely camp, a little pricey."
RV01061,BK-2023-02084,2023-09-03,3,5,Too many vehicles at sightings.
RV01062,BK-2023-02086,2023-09-11,3,6,Too many vehicles at sightings.
RV01063,BK-2023-02087,2024-09-13,5,10,Best holiday of our lives.
RV01064,BK-2023-02089,2023-08-13,4,7,"Very good trip, long drives though."
RV01065,BK-2023-02093,2024-03-03,5,9,Unforgettable — saw the river crossing!
RV01066,BK-2023-02095,2023-09-20,5,9,"Guide was exceptional, every detail handled."
RV01067,BK-2023-02096,2024-01-03,5,10,Flawless from airport pickup to farewell.
RV01068,BK-2023-02097,2023-10-06,4,7,"Great sightings, lodge food could improve."
RV01069,BK-2023-02101,2023-09-01,3,7,Too many vehicles at sightings.
RV01070,BK-2023-02102,2024-01-23,5,9,"Guide was exceptional, every detail handled."
RV01071,BK-2023-02103,2023-12-23,5,9,Best holiday of our lives.
RV01072,BK-2023-02104,2023-08-16,4,7,Guide knew every bird by name.
RV01073,BK-2023-02106,2023-12-07,5,10,Flawless from airport pickup to farewell.
RV01074,BK-2023-02111,2023-10-09,3,7,"Wildlife good, communication before trip poor."
RV01075,BK-2023-02112,2024-08-02,5,9,"Guide was exceptional, every detail handled."
RV01076,BK-2023-02116,2023-09-29,3,5,"Wildlife good, communication before trip poor."
RV01077,BK-2023-02118,2023-10-23,5,10,Unforgettable — saw the river crossing!
RV01078,BK-2023-02119,2023-09-08,4,8,"Very good trip, long drives though."
RV01079,BK-2023-02120,2023-10-11,5,9,Unforgettable — saw the river crossing!
RV01080,BK-2023-02121,2023-10-05,5,9,Flawless from airport pickup to farewell.
RV01081,BK-2023-02122,2023-09-07,3,6,"Okay overall, vehicle was cramped."
RV01082,BK-2023-02123,2023-09-17,5,9,Unforgettable — saw the river crossing!
RV01083,BK-2023-02125,2023-09-08,4,8,"Lovely camp, a little pricey."
RV01084,BK-2023-02126,2023-08-14,5,10,Unforgettable — saw the river crossing!
RV01085,BK-2023-02127,2023-09-02,4,8,"Lovely camp, a little pricey."
RV01086,BK-2023-02128,2023-10-10,5,10,Best holiday of our lives.
RV01087,BK-2023-02129,2023-09-17,3,7,"Wildlife good, communication before trip poor."
RV01088,BK-2023-02131,2023-08-25,4,8,"Great sightings, lodge food could improve."
RV01089,BK-2023-02134,2023-09-06,3,7,Too many vehicles at sightings.
RV01090,BK-2023-02135,2023-08-29,4,8,"Lovely camp, a little pricey."
RV01091,BK-2023-02137,2023-09-10,5,9,"Guide was exceptional, every detail handled."
RV01092,BK-2023-02139,2023-10-24,4,8,"Lovely camp, a little pricey."
RV01093,BK-2023-02140,2023-09-24,5,10,Unforgettable — saw the river crossing!
RV01094,BK-2023-02141,2023-10-23,5,10,"Guide was exceptional, every detail handled."
RV01095,BK-2023-02145,2024-03-19,5,10,Best holiday of our lives.
RV01096,BK-2023-02146,2023-08-23,3,6,"Wildlife good, communication before trip poor."
RV01097,BK-2023-02147,2023-10-15,5,9,Best holiday of our lives.
RV01098,BK-2023-02148,2023-10-11,5,10,Unforgettable — saw the river crossing!
RV01099,BK-2023-02149,2023-11-26,4,7,"Lovely camp, a little pricey."
RV01100,BK-2023-02150,2023-09-14,5,9,Unforgettable — saw the river crossing!
RV01101,BK-2023-02151,2023-09-16,5,10,Flawless from airport pickup to farewell.
RV01102,BK-2023-02152,2023-09-09,5,9,Unforgettable — saw the river crossing!
RV01103,BK-2023-02153,2023-11-03,5,10,"Guide was exceptional, every detail handled."
RV01104,BK-2023-02154,2023-11-18,5,9,Unforgettable — saw the river crossing!
RV01105,BK-2023-02156,2023-08-29,4,7,"Lovely camp, a little pricey."
RV01106,BK-2023-02158,2023-09-02,3,5,"Wildlife good, communication before trip poor."
RV01107,BK-2023-02159,2023-11-04,3,5,"Okay overall, vehicle was cramped."
RV01108,BK-2023-02160,2023-10-04,3,6,Too many vehicles at sightings.
RV01109,BK-2023-02162,2023-10-08,4,9,"Very good trip, long drives though."
RV01110,BK-2023-02164,2023-08-25,3,7,"Okay overall, vehicle was cramped."
RV01111,BK-2023-02165,2023-09-11,4,9,"Great sightings, lodge food could improve."
RV01112,BK-2023-02166,2023-10-01,4,8,"Great sightings, lodge food could improve."
RV01113,BK-2023-02167,2024-01-06,5,9,Flawless from airport pickup to farewell.
RV01114,BK-2023-02169,2023-09-01,5,10,"Guide was exceptional, every detail handled."
RV01115,BK-2023-02170,2023-08-20,3,6,"Okay overall, vehicle was cramped."
RV01116,BK-2023-02171,2023-09-05,4,8,"Great sightings, lodge food could improve."
RV01117,BK-2023-02174,2024-01-17,5,9,Unforgettable — saw the river crossing!
RV01118,BK-2023-02177,2023-12-11,4,9,"Lovely camp, a little pricey."
RV01119,BK-2023-02182,2023-10-22,4,8,"Great sightings, lodge food could improve."
RV01120,BK-2023-02183,2023-10-03,3,6,"Wildlife good, communication before trip poor."
RV01121,BK-2023-02185,2024-03-14,4,9,"Lovely camp, a little pricey."
RV01122,BK-2023-02187,2023-09-18,4,9,"Very good trip, long drives though."
RV01123,BK-2023-02188,2023-10-10,3,7,Too many vehicles at sightings.
RV01124,BK-2023-02190,2023-11-08,5,9,"Guide was exceptional, every detail handled."
RV01125,BK-2023-02191,2023-11-17,5,10,Flawless from airport pickup to farewell.
RV01126,BK-2023-02195,2023-08-31,3,5,"Wildlife good, communication before trip poor."
RV01127,BK-2023-02197,2024-03-23,4,7,"Great sightings, lodge food could improve."
RV01128,BK-2023-02198,2024-01-24,5,9,Flawless from airport pickup to farewell.
RV01129,BK-2023-02199,2023-10-21,4,8,"Very good trip, long drives though."
RV01130,BK-2023-02201,2023-09-04,3,5,Too many vehicles at sightings.
RV01131,BK-2023-02202,2023-09-09,4,7,"Very good trip, long drives though."
RV01132,BK-2023-02205,2023-09-08,5,9,"Guide was exceptional, every detail handled."
RV01133,BK-2023-02206,2023-10-19,3,7,"Okay overall, vehicle was cramped."
RV01134,BK-2023-02210,2023-10-10,4,8,Guide knew every bird by name.
RV01135,BK-2023-02211,2023-11-01,4,7,"Lovely camp, a little pricey."
RV01136,BK-2023-02213,2023-10-23,2,6,Delayed pickup and a flat tyre.
RV01137,BK-2023-02214,2023-08-24,5,10,Best holiday of our lives.
RV01138,BK-2023-02220,2024-01-17,4,7,"Lovely camp, a little pricey."
RV01139,BK-2023-02223,2023-08-21,4,9,Guide knew every bird by name.
RV01140,BK-2023-02225,2023-10-22,4,9,"Lovely camp, a little pricey."
RV01141,BK-2023-02231,2023-09-25,4,8,"Lovely camp, a little pricey."
RV01142,BK-2023-02233,2023-09-24,3,7,Too many vehicles at sightings.
RV01143,BK-2023-02234,2023-10-19,5,10,Flawless from airport pickup to farewell.
RV01144,BK-2023-02235,2023-09-13,4,9,Guide knew every bird by name.
RV01145,BK-2023-02236,2023-09-29,5,9,Unforgettable — saw the river crossing!
RV01146,BK-2023-02239,2023-11-21,5,10,Flawless from airport pickup to farewell.
RV01147,BK-2023-02241,2024-03-14,5,10,Best holiday of our lives.
RV01148,BK-2023-02242,2023-08-29,4,8,"Very good trip, long drives though."
RV01149,BK-2023-02244,2024-01-24,5,10,"Guide was exceptional, every detail handled."
RV01150,BK-2023-02247,2023-10-20,4,9,"Great sightings, lodge food could improve."
RV01151,BK-2023-02248,2023-12-09,3,7,Too many vehicles at sightings.
RV01152,BK-2023-02252,2023-09-08,2,3,Delayed pickup and a flat tyre.
RV01153,BK-2023-02255,2023-11-01,4,8,"Great sightings, lodge food could improve."
RV01154,BK-2023-02256,2024-02-23,5,9,Unforgettable — saw the river crossing!
RV01155,BK-2023-02257,2023-10-16,4,7,"Lovely camp, a little pricey."
RV01156,BK-2023-02259,2023-09-04,4,7,Guide knew every bird by name.
RV01157,BK-2023-02261,2023-10-14,4,7,Guide knew every bird by name.
RV01158,BK-2023-02262,2024-01-29,3,6,"Wildlife good, communication before trip poor."
RV01159,BK-2023-02263,2023-10-27,4,8,"Lovely camp, a little pricey."
RV01160,BK-2023-02264,2024-01-31,5,10,"Guide was exceptional, every detail handled."
RV01161,BK-2023-02265,2023-11-25,4,8,"Great sightings, lodge food could improve."
RV01162,BK-2023-02266,2023-09-15,5,10,Flawless from airport pickup to farewell.
RV01163,BK-2023-02269,2023-10-19,5,10,Best holiday of our lives.
RV01164,BK-2023-02274,2023-11-04,5,10,"Guide was exceptional, every detail handled."
RV01165,BK-2023-02278,2024-07-06,5,10,Unforgettable — saw the river crossing!
RV01166,BK-2023-02281,2024-01-07,5,9,Flawless from airport pickup to farewell.
RV01167,BK-2023-02283,2023-09-06,4,9,Guide knew every bird by name.
RV01168,BK-2023-02284,2024-11-07,5,10,"Guide was exceptional, every detail handled."
RV01169,BK-2023-02285,2023-09-13,4,8,"Lovely camp, a little pricey."
RV01170,BK-2023-02286,2023-10-06,4,9,"Great sightings, lodge food could improve."
RV01171,BK-2023-02287,2023-10-08,5,9,"Guide was exceptional, every detail handled."
RV01172,BK-2023-02289,2023-10-12,5,9,"Guide was exceptional, every detail handled."
RV01173,BK-2023-02294,2023-10-16,4,7,"Great sightings, lodge food could improve."
RV01174,BK-2023-02296,2023-09-21,4,8,"Great sightings, lodge food could improve."
RV01175,BK-2023-02297,2023-12-01,4,9,Guide knew every bird by name.
RV01176,BK-2023-02300,2023-10-25,3,6,"Wildlife good, communication before trip poor."
RV01177,BK-2023-02301,2023-10-11,3,6,"Okay overall, vehicle was cramped."
RV01178,BK-2023-02302,2023-09-22,3,6,"Wildlife good, communication before trip poor."
RV01179,BK-2023-02305,2023-11-04,5,10,Unforgettable — saw the river crossing!
RV01180,BK-2023-02307,2023-09-27,3,5,"Okay overall, vehicle was cramped."
RV01181,BK-2023-02310,2023-10-10,3,7,Too many vehicles at sightings.
RV01182,BK-2023-02314,2023-11-22,4,7,"Lovely camp, a little pricey."
RV01183,BK-2023-02316,2023-10-20,5,10,Unforgettable — saw the river crossing!
RV01184,BK-2023-02320,2024-01-24,5,9,Flawless from airport pickup to farewell.
RV01185,BK-2023-02321,2023-10-13,5,10,"Guide was exceptional, every detail handled."
RV01186,BK-2023-02322,2023-09-18,4,8,"Lovely camp, a little pricey."
RV01187,BK-2023-02326,2023-11-25,4,7,Guide knew every bird by name.
RV01188,BK-2023-02327,2023-10-31,4,8,"Great sightings, lodge food could improve."
RV01189,BK-2023-02328,2023-09-26,3,7,Too many vehicles at sightings.
RV01190,BK-2023-02329,2023-09-18,5,10,Flawless from airport pickup to farewell.
RV01191,BK-2023-02337,2023-10-25,5,9,Unforgettable — saw the river crossing!
RV01192,BK-2023-02338,2023-10-14,3,6,"Okay overall, vehicle was cramped."
RV01193,BK-2023-02339,2023-09-08,3,5,"Okay overall, vehicle was cramped."
RV01194,BK-2023-02340,2024-02-13,5,9,Flawless from airport pickup to farewell.
RV01195,BK-2023-02346,2023-12-18,3,5,"Wildlife good, communication before trip poor."
RV01196,BK-2023-02348,2023-09-08,4,9,"Great sightings, lodge food could improve."
RV01197,BK-2023-02349,2023-09-11,3,6,"Okay overall, vehicle was cramped."
RV01198,BK-2023-02352,2024-01-01,4,8,"Lovely camp, a little pricey."
RV01199,BK-2023-02353,2023-10-02,3,5,"Wildlife good, communication before trip poor."
RV01200,BK-2023-02363,2023-10-11,5,9,Best holiday of our lives.
RV01201,BK-2023-02364,2024-01-15,5,10,Best holiday of our lives.
RV01202,BK-2023-02365,2023-10-20,4,9,"Great sightings, lodge food could improve."
RV01203,BK-2023-02368,2023-09-22,4,8,"Great sightings, lodge food could improve."
RV01204,BK-2023-02370,2023-09-07,3,7,Too many vehicles at sightings.
RV01205,BK-2023-02371,2023-10-22,4,9,Guide knew every bird by name.
RV01206,BK-2023-02373,2023-09-06,2,6,Delayed pickup and a flat tyre.
RV01207,BK-2023-02374,2023-09-19,5,9,Flawless from airport pickup to farewell.
RV01208,BK-2023-02377,2024-02-25,5,9,"Guide was exceptional, every detail handled."
RV01209,BK-2023-02378,2023-11-23,4,9,Guide knew every bird by name.
RV01210,BK-2023-02379,2023-11-15,5,9,Unforgettable — saw the river crossing!
RV01211,BK-2023-02380,2023-09-18,4,9,"Very good trip, long drives though."
RV01212,BK-2023-02381,2023-10-04,5,10,Flawless from airport pickup to farewell.
RV01213,BK-2023-02382,2023-09-04,4,9,"Great sightings, lodge food could improve."
RV01214,BK-2023-02383,2024-02-08,4,7,"Great sightings, lodge food could improve."
RV01215,BK-2023-02388,2023-10-14,4,9,Guide knew every bird by name.
RV01216,BK-2023-02393,2023-11-11,5,10,Unforgettable — saw the river crossing!
RV01217,BK-2023-02394,2023-10-14,5,9,Best holiday of our lives.
RV01218,BK-2023-02397,2023-09-25,3,5,"Wildlife good, communication before trip poor."
RV01219,BK-2023-02400,2023-09-23,4,9,"Very good trip, long drives though."
RV01220,BK-2023-02402,2023-10-29,5,9,Best holiday of our lives.
RV01221,BK-2023-02403,2023-09-27,5,9,Flawless from airport pickup to farewell.
RV01222,BK-2023-02405,2023-10-03,5,9,Unforgettable — saw the river crossing!
RV01223,BK-2023-02411,2023-10-05,4,9,"Very good trip, long drives though."
RV01224,BK-2023-02412,2023-09-05,5,9,Best holiday of our lives.
RV01225,BK-2023-02415,2023-09-16,5,9,"Guide was exceptional, every detail handled."
RV01226,BK-2023-02419,2023-10-27,4,9,Guide knew every bird by name.
RV01227,BK-2023-02420,2023-09-13,4,9,Guide knew every bird by name.
RV01228,BK-2023-02423,2024-08-05,5,9,Unforgettable — saw the river crossing!
RV01229,BK-2023-02425,2023-11-22,3,7,"Okay overall, vehicle was cramped."
RV01230,BK-2023-02426,2023-09-26,3,7,"Wildlife good, communication before trip poor."
RV01231,BK-2023-02427,2023-09-17,5,9,Best holiday of our lives.
RV01232,BK-2023-02429,2023-09-22,3,6,"Okay overall, vehicle was cramped."
RV01233,BK-2023-02432,2024-01-04,4,9,"Very good trip, long drives though."
RV01234,BK-2023-02433,2023-11-13,5,9,Flawless from airport pickup to farewell.
RV01235,BK-2023-02435,2024-02-25,5,10,Unforgettable — saw the river crossing!
RV01236,BK-2023-02436,2023-09-27,3,7,"Okay overall, vehicle was cramped."
RV01237,BK-2023-02437,2023-09-29,3,5,Too many vehicles at sightings.
RV01238,BK-2023-02442,2023-10-15,4,9,"Very good trip, long drives though."
RV01239,BK-2023-02443,2023-10-22,4,8,Guide knew every bird by name.
RV01240,BK-2023-02446,2023-10-10,5,9,Unforgettable — saw the river crossing!
RV01241,BK-2023-02447,2024-01-09,4,7,Guide knew every bird by name.
RV01242,BK-2023-02449,2023-12-02,5,9,Flawless from airport pickup to farewell.
RV01243,BK-2023-02451,2024-06-10,4,8,Guide knew every bird by name.
RV01244,BK-2023-02452,2023-11-10,3,7,"Okay overall, vehicle was cramped."
RV01245,BK-2023-02454,2024-03-01,5,10,"Guide was exceptional, every detail handled."
RV01246,BK-2023-02457,2023-10-28,5,10,"Guide was exceptional, every detail handled."
RV01247,BK-2023-02459,2023-10-13,5,9,Best holiday of our lives.
RV01248,BK-2023-02460,2023-10-05,4,9,"Very good trip, long drives though."
RV01249,BK-2023-02462,2023-10-17,5,9,"Guide was exceptional, every detail handled."
RV01250,BK-2023-02463,2023-10-08,3,6,"Okay overall, vehicle was cramped."
RV01251,BK-2023-02467,2023-10-12,5,10,"Guide was exceptional, every detail handled."
RV01252,BK-2023-02470,2023-09-20,3,7,"Okay overall, vehicle was cramped."
RV01253,BK-2023-02471,2023-10-19,3,5,"Wildlife good, communication before trip poor."
RV01254,BK-2023-02473,2023-11-04,5,10,Flawless from airport pickup to farewell.
RV01255,BK-2023-02475,2023-09-21,3,7,"Okay overall, vehicle was cramped."
RV01256,BK-2023-02476,2024-01-30,5,10,Unforgettable — saw the river crossing!
RV01257,BK-2023-02481,2023-10-03,5,10,Flawless from airport pickup to farewell.
RV01258,BK-2023-02483,2023-10-14,5,10,Unforgettable — saw the river crossing!
RV01259,BK-2023-02485,2023-10-06,5,9,Best holiday of our lives.
RV01260,BK-2023-02488,2023-11-05,4,7,Guide knew every bird by name.
RV01261,BK-2023-02491,2023-10-02,5,9,"Guide was exceptional, every detail handled."
RV01262,BK-2023-02492,2023-10-08,3,7,"Wildlife good, communication before trip poor."
RV01263,BK-2023-02494,2023-11-24,4,8,"Very good trip, long drives though."
RV01264,BK-2023-02497,2023-10-20,4,7,"Lovely camp, a little pricey."
RV01265,BK-2023-02503,2023-12-11,3,5,"Wildlife good, communication before trip poor."
RV01266,BK-2023-02506,2023-10-15,4,9,"Very good trip, long drives though."
RV01267,BK-2023-02509,2023-11-21,5,10,Unforgettable — saw the river crossing!
RV01268,BK-2023-02510,2023-10-17,4,7,Guide knew every bird by name.
RV01269,BK-2023-02511,2023-10-29,3,5,"Okay overall, vehicle was cramped."
RV01270,BK-2023-02514,2023-09-26,4,8,Guide knew every bird by name.
RV01271,BK-2023-02517,2023-11-18,4,8,Guide knew every bird by name.
RV01272,BK-2023-02518,2023-12-26,4,9,"Great sightings, lodge food could improve."
RV01273,BK-2023-02520,2023-10-07,4,9,"Great sightings, lodge food could improve."
RV01274,BK-2023-02522,2023-10-21,3,5,"Okay overall, vehicle was cramped."
RV01275,BK-2023-02523,2023-11-05,4,7,"Very good trip, long drives though."
RV01276,BK-2023-02524,2023-09-25,4,7,"Great sightings, lodge food could improve."
RV01277,BK-2023-02525,2023-09-28,4,8,Guide knew every bird by name.
RV01278,BK-2023-02530,2023-09-11,3,5,"Okay overall, vehicle was cramped."
RV01279,BK-2023-02531,2024-01-13,4,9,Guide knew every bird by name.
RV01280,BK-2023-02532,2023-11-11,3,6,"Wildlife good, communication before trip poor."
RV01281,BK-2023-02534,2023-12-29,5,10,Flawless from airport pickup to farewell.
RV01282,BK-2023-02535,2024-03-04,5,9,Best holiday of our lives.
RV01283,BK-2023-02536,2023-11-30,4,8,"Very good trip, long drives though."
RV01284,BK-2023-02538,2023-09-17,5,10,Flawless from airport pickup to farewell.
RV01285,BK-2023-02539,2023-12-14,5,9,Flawless from airport pickup to farewell.
RV01286,BK-2023-02544,2023-11-04,4,7,Guide knew every bird by name.
RV01287,BK-2023-02546,2024-01-18,4,9,"Great sightings, lodge food could improve."
RV01288,BK-2023-02547,2023-10-12,4,9,"Lovely camp, a little pricey."
RV01289,BK-2023-02549,2023-10-24,4,9,Guide knew every bird by name.
RV01290,BK-2023-02552,2023-11-12,3,7,"Wildlife good, communication before trip poor."
RV01291,BK-2023-02553,2023-10-22,5,10,Unforgettable — saw the river crossing!
RV01292,BK-2023-02554,2024-02-23,5,9,Flawless from airport pickup to farewell.
RV01293,BK-2023-02555,2024-02-26,4,8,Guide knew every bird by name.
RV01294,BK-2023-02557,2023-10-16,3,5,Too many vehicles at sightings.
RV01295,BK-2023-02562,2024-02-19,4,9,"Great sightings, lodge food could improve."
RV01296,BK-2023-02566,2023-09-23,4,8,Guide knew every bird by name.
RV01297,BK-2023-02568,2023-10-22,4,9,Guide knew every bird by name.
RV01298,BK-2023-02569,2024-03-13,4,7,"Very good trip, long drives though."
RV01299,BK-2023-02571,2023-10-17,5,9,"Guide was exceptional, every detail handled."
RV01300,BK-2023-02573,2023-11-10,5,9,Unforgettable — saw the river crossing!
RV01301,BK-2023-02575,2023-10-26,3,6,"Okay overall, vehicle was cramped."
RV01302,BK-2023-02576,2023-12-12,4,7,"Great sightings, lodge food could improve."
RV01303,BK-2023-02577,2023-11-07,4,7,Guide knew every bird by name.
RV01304,BK-2023-02578,2024-04-08,4,9,Guide knew every bird by name.
RV01305,BK-2023-02580,2023-10-13,4,8,"Lovely camp, a little pricey."
RV01306,BK-2023-02581,2023-12-19,4,7,"Very good trip, long drives though."
RV01307,BK-2023-02582,2024-02-19,4,9,"Very good trip, long drives though."
RV01308,BK-2023-02583,2024-01-17,5,10,"Guide was exceptional, every detail handled."
RV01309,BK-2023-02585,2023-12-13,5,9,Unforgettable — saw the river crossing!
RV01310,BK-2023-02586,2023-10-19,3,6,"Wildlife good, communication before trip poor."
RV01311,BK-2023-02587,2023-10-06,2,3,Delayed pickup and a flat tyre.
RV01312,BK-2023-02588,2023-10-04,3,5,"Wildlife good, communication before trip poor."
RV01313,BK-2023-02590,2024-01-25,5,9,Unforgettable — saw the river crossing!
RV01314,BK-2023-02591,2023-11-09,3,5,"Okay overall, vehicle was cramped."
RV01315,BK-2023-02592,2023-10-19,3,7,Too many vehicles at sightings.
RV01316,BK-2023-02595,2023-11-15,5,10,Best holiday of our lives.
RV01317,BK-2023-02596,2023-10-13,5,10,"Guide was exceptional, every detail handled."
RV01318,BK-2023-02598,2023-12-16,5,10,Best holiday of our lives.
RV01319,BK-2023-02599,2023-09-29,3,7,"Okay overall, vehicle was cramped."
RV01320,BK-2023-02600,2023-10-01,4,7,"Very good trip, long drives though."
RV01321,BK-2023-02601,2023-11-14,3,5,Too many vehicles at sightings.
RV01322,BK-2023-02602,2023-10-20,5,9,Unforgettable — saw the river crossing!
RV01323,BK-2023-02603,2023-10-31,5,10,Unforgettable — saw the river crossing!
RV01324,BK-2023-02604,2023-12-17,4,8,Guide knew every bird by name.
RV01325,BK-2023-02607,2023-11-30,5,10,Unforgettable — saw the river crossing!
RV01326,BK-2023-02610,2023-12-01,5,10,Unforgettable — saw the river crossing!
RV01327,BK-2023-02612,2024-01-09,3,6,"Okay overall, vehicle was cramped."
RV01328,BK-2023-02616,2023-11-22,4,7,"Lovely camp, a little pricey."
RV01329,BK-2023-02618,2023-11-13,4,9,"Great sightings, lodge food could improve."
RV01330,BK-2023-02619,2023-10-26,3,7,Too many vehicles at sightings.
RV01331,BK-2023-02620,2023-11-03,4,8,"Great sightings, lodge food could improve."
RV01332,BK-2023-02622,2023-10-10,5,9,Flawless from airport pickup to farewell.
RV01333,BK-2023-02624,2023-10-19,3,6,"Wildlife good, communication before trip poor."
RV01334,BK-2023-02625,2024-03-14,5,9,"Guide was exceptional, every detail handled."
RV01335,BK-2023-02626,2024-01-06,5,9,Best holiday of our lives.
RV01336,BK-2023-02628,2023-11-30,4,8,"Lovely camp, a little pricey."
RV01337,BK-2023-02633,2024-06-27,5,9,"Guide was exceptional, every detail handled."
RV01338,BK-2023-02635,2024-08-06,4,7,"Great sightings, lodge food could improve."
RV01339,BK-2023-02640,2023-10-17,2,4,Accommodation not as advertised.
RV01340,BK-2023-02642,2023-11-11,5,9,Unforgettable — saw the river crossing!
RV01341,BK-2023-02643,2023-10-25,4,8,"Lovely camp, a little pricey."
RV01342,BK-2023-02646,2023-12-13,3,7,"Wildlife good, communication before trip poor."
RV01343,BK-2023-02648,2024-09-08,4,8,"Lovely camp, a little pricey."
RV01344,BK-2023-02654,2024-01-16,4,9,"Very good trip, long drives though."
RV01345,BK-2023-02657,2023-09-21,4,9,Guide knew every bird by name.
RV01346,BK-2023-02658,2023-12-15,5,9,"Guide was exceptional, every detail handled."
RV01347,BK-2023-02659,2023-11-28,3,6,"Okay overall, vehicle was cramped."
RV01348,BK-2023-02661,2023-12-07,4,8,Guide knew every bird by name.
RV01349,BK-2023-02662,2024-02-27,5,10,"Guide was exceptional, every detail handled."
RV01350,BK-2023-02663,2023-11-08,4,9,Guide knew every bird by name.
RV01351,BK-2023-02664,2024-01-14,3,5,Too many vehicles at sightings.
RV01352,BK-2023-02668,2023-11-03,2,4,Delayed pickup and a flat tyre.
RV01353,BK-2023-02669,2023-10-06,3,7,"Okay overall, vehicle was cramped."
RV01354,BK-2023-02670,2023-11-24,4,7,"Great sightings, lodge food could improve."
RV01355,BK-2023-02673,2023-10-20,3,6,"Wildlife good, communication before trip poor."
RV01356,BK-2023-02677,2023-12-25,5,10,Best holiday of our lives.
RV01357,BK-2023-02679,2023-11-09,5,10,Unforgettable — saw the river crossing!
RV01358,BK-2023-02680,2024-02-04,4,9,"Great sightings, lodge food could improve."
RV01359,BK-2023-02682,2023-09-30,4,9,"Great sightings, lodge food could improve."
RV01360,BK-2023-02683,2023-11-14,4,7,"Very good trip, long drives though."
RV01361,BK-2023-02687,2023-12-16,4,9,Guide knew every bird by name.
RV01362,BK-2023-02688,2024-01-31,5,10,Unforgettable — saw the river crossing!
RV01363,BK-2023-02689,2023-10-07,4,7,Guide knew every bird by name.
RV01364,BK-2023-02691,2023-10-22,3,6,"Okay overall, vehicle was cramped."
RV01365,BK-2023-02692,2023-11-07,4,8,"Very good trip, long drives though."
RV01366,BK-2023-02693,2023-10-11,4,8,Guide knew every bird by name.
RV01367,BK-2023-02695,2023-10-17,3,5,"Okay overall, vehicle was cramped."
RV01368,BK-2023-02696,2023-10-11,3,7,"Wildlife good, communication before trip poor."
RV01369,BK-2023-02701,2024-03-17,4,7,"Very good trip, long drives though."
RV01370,BK-2023-02704,2023-10-24,5,9,Flawless from airport pickup to farewell.
RV01371,BK-2023-02705,2023-10-23,4,8,"Great sightings, lodge food could improve."
RV01372,BK-2023-02706,2023-10-05,4,7,"Great sightings, lodge food could improve."
RV01373,BK-2023-02709,2023-10-05,3,6,"Okay overall, vehicle was cramped."
RV01374,BK-2023-02710,2023-11-07,4,7,"Very good trip, long drives though."
RV01375,BK-2023-02711,2024-01-10,4,7,Guide knew every bird by name.
RV01376,BK-2023-02716,2023-12-30,5,9,Best holiday of our lives.
RV01377,BK-2023-02717,2024-03-10,5,10,Flawless from airport pickup to farewell.
RV01378,BK-2023-02718,2023-12-25,4,9,"Very good trip, long drives though."
RV01379,BK-2023-02719,2023-10-22,5,10,Unforgettable — saw the river crossing!
RV01380,BK-2023-02720,2023-10-06,4,9,"Great sightings, lodge food could improve."
RV01381,BK-2023-02726,2023-11-25,3,6,"Wildlife good, communication before trip poor."
RV01382,BK-2023-02729,2024-03-19,5,9,Unforgettable — saw the river crossing!
RV01383,BK-2023-02730,2023-12-29,3,5,"Okay overall, vehicle was cramped."
RV01384,BK-2023-02731,2023-12-07,4,8,Guide knew every bird by name.
RV01385,BK-2023-02732,2024-01-14,4,8,"Lovely camp, a little pricey."
RV01386,BK-2023-02734,2024-04-03,5,9,Best holiday of our lives.
RV01387,BK-2023-02738,2023-12-12,5,9,Best holiday of our lives.
RV01388,BK-2023-02739,2023-10-12,3,6,"Okay overall, vehicle was cramped."
RV01389,BK-2023-02741,2023-10-21,2,5,Accommodation not as advertised.
RV01390,BK-2023-02744,2024-02-29,5,9,Best holiday of our lives.
RV01391,BK-2023-02745,2023-10-05,5,9,Flawless from airport pickup to farewell.
RV01392,BK-2023-02746,2023-11-05,4,8,"Very good trip, long drives though."
RV01393,BK-2023-02747,2023-12-03,5,9,Best holiday of our lives.
RV01394,BK-2023-02751,2023-12-18,3,7,Too many vehicles at sightings.
RV01395,BK-2023-02752,2023-12-24,4,8,"Lovely camp, a little pricey."
RV01396,BK-2023-02756,2024-01-11,5,9,Best holiday of our lives.
RV01397,BK-2023-02757,2023-11-06,5,9,Flawless from airport pickup to farewell.
RV01398,BK-2023-02762,2023-12-02,4,8,Guide knew every bird by name.
RV01399,BK-2023-02763,2024-02-05,5,10,Flawless from airport pickup to farewell.
RV01400,BK-2023-02764,2023-11-03,4,9,"Great sightings, lodge food could improve."
RV01401,BK-2023-02765,2023-09-29,4,7,Guide knew every bird by name.
RV01402,BK-2023-02769,2023-11-03,4,7,"Very good trip, long drives though."
RV01403,BK-2023-02770,2024-01-01,3,6,"Okay overall, vehicle was cramped."
RV01404,BK-2023-02771,2024-04-06,4,8,"Great sightings, lodge food could improve."
RV01405,BK-2023-02775,2023-12-03,5,10,Flawless from airport pickup to farewell.
RV01406,BK-2023-02779,2023-10-15,4,7,"Lovely camp, a little pricey."
RV01407,BK-2023-02781,2023-11-09,3,6,"Okay overall, vehicle was cramped."
RV01408,BK-2023-02789,2023-12-10,4,9,"Great sightings, lodge food could improve."
RV01409,BK-2023-02790,2023-10-03,3,5,"Okay overall, vehicle was cramped."
RV01410,BK-2023-02793,2023-11-01,4,7,"Very good trip, long drives though."
RV01411,BK-2023-02794,2023-10-26,3,6,Too many vehicles at sightings.
RV01412,BK-2023-02796,2023-11-12,3,6,"Wildlife good, communication before trip poor."
RV01413,BK-2023-02797,2023-12-23,4,8,"Lovely camp, a little pricey."
RV01414,BK-2023-02798,2024-02-09,3,6,Too many vehicles at sightings.
RV01415,BK-2023-02799,2024-04-27,4,9,"Very good trip, long drives though."
RV01416,BK-2023-02801,2024-03-18,4,8,"Great sightings, lodge food could improve."
RV01417,BK-2023-02802,2023-11-15,4,8,Guide knew every bird by name.
RV01418,BK-2023-02804,2024-01-01,5,9,Best holiday of our lives.
RV01419,BK-2023-02808,2024-01-10,5,10,Best holiday of our lives.
RV01420,BK-2023-02810,2023-11-17,5,10,Unforgettable — saw the river crossing!
RV01421,BK-2023-02811,2024-04-05,5,10,Flawless from airport pickup to farewell.
RV01422,BK-2023-02812,2023-11-27,4,7,"Lovely camp, a little pricey."
RV01423,BK-2023-02813,2023-10-17,4,8,"Lovely camp, a little pricey."
RV01424,BK-2023-02815,2023-10-21,4,7,Guide knew every bird by name.
RV01425,BK-2023-02817,2024-01-10,5,10,"Guide was exceptional, every detail handled."
RV01426,BK-2023-02818,2023-10-27,3,7,Too many vehicles at sightings.
RV01427,BK-2023-02822,2023-12-27,5,9,Flawless from airport pickup to farewell.
RV01428,BK-2023-02823,2024-02-20,3,5,"Okay overall, vehicle was cramped."
RV01429,BK-2023-02828,2023-10-25,4,7,"Lovely camp, a little pricey."
RV01430,BK-2023-02829,2024-02-24,4,7,Guide knew every bird by name.
RV01431,BK-2023-02830,2023-11-24,4,7,"Great sightings, lodge food could improve."
RV01432,BK-2023-02831,2023-12-26,5,10,Best holiday of our lives.
RV01433,BK-2023-02833,2023-12-22,3,6,Too many vehicles at sightings.
RV01434,BK-2023-02837,2023-11-22,4,8,"Lovely camp, a little pricey."
RV01435,BK-2023-02838,2023-11-28,4,8,Guide knew every bird by name.
RV01436,BK-2023-02843,2024-03-16,5,9,Flawless from airport pickup to farewell.
RV01437,BK-2023-02844,2023-12-21,5,10,"Guide was exceptional, every detail handled."
RV01438,BK-2023-02845,2023-10-29,4,8,"Lovely camp, a little pricey."
RV01439,BK-2023-02848,2023-11-28,4,9,"Lovely camp, a little pricey."
RV01440,BK-2023-02852,2024-08-26,4,8,"Great sightings, lodge food could improve."
RV01441,BK-2023-02854,2023-12-27,3,7,"Wildlife good, communication before trip poor."
RV01442,BK-2023-02858,2024-01-26,4,7,Guide knew every bird by name.
RV01443,BK-2023-02859,2024-08-17,4,7,"Great sightings, lodge food could improve."
RV01444,BK-2023-02860,2024-01-30,5,10,"Guide was exceptional, every detail handled."
RV01445,BK-2023-02861,2024-01-22,5,9,Unforgettable — saw the river crossing!
RV01446,BK-2023-02862,2024-02-14,5,10,Best holiday of our lives.
RV01447,BK-2023-02863,2023-12-20,5,10,"Guide was exceptional, every detail handled."
RV01448,BK-2023-02869,2023-12-08,4,9,"Very good trip, long drives though."
RV01449,BK-2023-02873,2024-01-08,5,9,Unforgettable — saw the river crossing!
RV01450,BK-2023-02875,2023-10-25,4,7,Guide knew every bird by name.
RV01451,BK-2023-02876,2023-10-28,3,7,"Okay overall, vehicle was cramped."
RV01452,BK-2023-02879,2024-08-19,3,6,Too many vehicles at sightings.
RV01453,BK-2023-02883,2023-11-07,5,10,"Guide was exceptional, every detail handled."
RV01454,BK-2023-02885,2023-11-26,2,6,Delayed pickup and a flat tyre.
RV01455,BK-2023-02891,2023-10-27,3,7,"Okay overall, vehicle was cramped."
RV01456,BK-2023-02894,2024-06-16,5,9,"Guide was exceptional, every detail handled."
RV01457,BK-2023-02898,2023-11-12,4,8,"Great sightings, lodge food could improve."
RV01458,BK-2023-02910,2023-11-21,4,7,"Very good trip, long drives though."
RV01459,BK-2023-02911,2023-12-12,5,9,Best holiday of our lives.
RV01460,BK-2023-02913,2023-12-31,5,9,"Guide was exceptional, every detail handled."
RV01461,BK-2023-02914,2023-10-22,3,7,Too many vehicles at sightings.
RV01462,BK-2023-02915,2024-03-10,4,9,"Lovely camp, a little pricey."
RV01463,BK-2023-02916,2023-11-04,3,5,"Wildlife good, communication before trip poor."
RV01464,BK-2023-02918,2023-12-19,3,6,"Okay overall, vehicle was cramped."
RV01465,BK-2023-02919,2023-12-10,4,8,"Lovely camp, a little pricey."
RV01466,BK-2023-02921,2024-02-24,4,7,"Lovely camp, a little pricey."
RV01467,BK-2023-02925,2023-11-15,4,8,"Lovely camp, a little pricey."
RV01468,BK-2023-02926,2024-08-26,5,10,Flawless from airport pickup to farewell.
RV01469,BK-2023-02928,2023-12-24,4,7,Guide knew every bird by name.
RV01470,BK-2023-02931,2023-11-20,4,7,Guide knew every bird by name.
RV01471,BK-2023-02932,2024-02-01,4,8,Guide knew every bird by name.
RV01472,BK-2023-02933,2023-11-11,4,9,"Lovely camp, a little pricey."
RV01473,BK-2023-02945,2023-11-15,4,7,"Lovely camp, a little pricey."
RV01474,BK-2023-02946,2023-11-06,4,9,Guide knew every bird by name.
RV01475,BK-2023-02948,2023-12-20,5,10,Unforgettable — saw the river crossing!
RV01476,BK-2023-02950,2023-11-17,4,9,Guide knew every bird by name.
RV01477,BK-2023-02951,2024-04-05,5,9,Flawless from airport pickup to farewell.
RV01478,BK-2023-02952,2023-11-11,3,6,"Okay overall, vehicle was cramped."
RV01479,BK-2023-02955,2023-11-08,4,8,"Very good trip, long drives though."
RV01480,BK-2023-02956,2024-02-17,5,9,Unforgettable — saw the river crossing!
RV01481,BK-2023-02957,2023-11-10,4,7,"Very good trip, long drives though."
RV01482,BK-2023-02963,2023-12-14,5,10,Unforgettable — saw the river crossing!
RV01483,BK-2023-02966,2023-12-24,4,8,"Very good trip, long drives though."
RV01484,BK-2023-02967,2024-01-10,4,9,"Very good trip, long drives though."
RV01485,BK-2023-02970,2024-04-19,5,10,Unforgettable — saw the river crossing!
RV01486,BK-2023-02971,2023-11-06,5,10,"Guide was exceptional, every detail handled."
RV01487,BK-2023-02972,2023-10-28,4,8,Guide knew every bird by name.
RV01488,BK-2023-02973,2023-12-15,5,9,"Guide was exceptional, every detail handled."
RV01489,BK-2023-02974,2023-11-08,2,5,Delayed pickup and a flat tyre.
RV01490,BK-2023-02975,2024-02-07,4,9,"Very good trip, long drives though."
RV01491,BK-2023-02977,2024-10-05,5,10,"Guide was exceptional, every detail handled."
RV01492,BK-2023-02978,2024-01-15,4,7,"Lovely camp, a little pricey."
RV01493,BK-2023-02979,2023-10-24,3,6,"Wildlife good, communication before trip poor."
RV01494,BK-2023-02981,2023-11-14,4,9,Guide knew every bird by name.
RV01495,BK-2023-02984,2023-11-27,5,9,"Guide was exceptional, every detail handled."
RV01496,BK-2023-02985,2024-07-09,3,5,"Wildlife good, communication before trip poor."
RV01497,BK-2023-02987,2024-03-19,5,9,Best holiday of our lives.
RV01498,BK-2023-02990,2024-11-09,4,7,Guide knew every bird by name.
RV01499,BK-2023-02993,2023-11-03,4,8,"Lovely camp, a little pricey."
RV01500,BK-2023-02994,2024-07-19,5,9,Flawless from airport pickup to farewell.
RV01501,BK-2023-03005,2023-11-30,4,7,"Very good trip, long drives though."
RV01502,BK-2023-03007,2023-11-04,4,7,Guide knew every bird by name.
RV01503,BK-2023-03008,2024-01-05,5,10,"Guide was exceptional, every detail handled."
RV01504,BK-2023-03010,2024-03-22,4,7,"Very good trip, long drives though."
RV01505,BK-2023-03012,2024-02-08,5,9,"Guide was exceptional, every detail handled."
RV01506,BK-2023-03014,2024-01-09,4,9,Guide knew every bird by name.
RV01507,BK-2023-03019,2023-11-07,5,9,Unforgettable — saw the river crossing!
RV01508,BK-2023-03022,2023-12-27,4,8,"Lovely camp, a little pricey."
RV01509,BK-2023-03024,2023-12-22,4,8,"Lovely camp, a little pricey."
RV01510,BK-2023-03025,2024-01-15,5,10,"Guide was exceptional, every detail handled."
RV01511,BK-2023-03027,2024-03-20,3,7,"Okay overall, vehicle was cramped."
RV01512,BK-2023-03028,2023-12-24,5,10,"Guide was exceptional, every detail handled."
RV01513,BK-2023-03034,2023-11-09,5,10,Best holiday of our lives.
RV01514,BK-2023-03035,2024-02-10,5,9,Flawless from airport pickup to farewell.
RV01515,BK-2023-03037,2024-08-09,4,9,Guide knew every bird by name.
RV01516,BK-2023-03038,2023-12-30,4,8,"Great sightings, lodge food could improve."
RV01517,BK-2023-03039,2023-11-07,5,10,"Guide was exceptional, every detail handled."
RV01518,BK-2023-03040,2024-02-06,4,9,"Great sightings, lodge food could improve."
RV01519,BK-2023-03041,2023-11-05,4,9,"Very good trip, long drives though."
RV01520,BK-2023-03042,2024-02-09,3,7,"Wildlife good, communication before trip poor."
RV01521,BK-2023-03046,2023-11-25,4,7,"Great sightings, lodge food could improve."
RV01522,BK-2023-03047,2023-12-24,4,9,"Great sightings, lodge food could improve."
RV01523,BK-2023-03048,2023-11-18,4,8,"Very good trip, long drives though."
RV01524,BK-2023-03050,2023-12-08,4,8,"Very good trip, long drives though."
RV01525,BK-2023-03054,2024-03-17,3,5,"Okay overall, vehicle was cramped."
RV01526,BK-2023-03060,2023-11-23,4,7,"Great sightings, lodge food could improve."
RV01527,BK-2023-03061,2024-10-05,3,6,"Wildlife good, communication before trip poor."
RV01528,BK-2023-03063,2023-12-10,4,8,"Great sightings, lodge food could improve."
RV01529,BK-2023-03066,2024-01-12,5,9,Best holiday of our lives.
RV01530,BK-2023-03067,2023-11-30,3,7,"Okay overall, vehicle was cramped."
RV01531,BK-2023-03068,2023-11-17,4,9,"Very good trip, long drives though."
RV01532,BK-2023-03071,2023-12-02,3,7,"Okay overall, vehicle was cramped."
RV01533,BK-2023-03073,2024-01-22,4,9,Guide knew every bird by name.
RV01534,BK-2023-03074,2023-12-05,5,10,Unforgettable — saw the river crossing!
RV01535,BK-2023-03075,2024-01-02,4,8,"Lovely camp, a little pricey."
RV01536,BK-2023-03078,2024-01-06,5,9,Best holiday of our lives.
RV01537,BK-2023-03080,2024-03-26,4,7,"Great sightings, lodge food could improve."
RV01538,BK-2023-03085,2023-12-07,3,5,Too many vehicles at sightings.
RV01539,BK-2023-03089,2023-11-16,4,7,"Lovely camp, a little pricey."
RV01540,BK-2023-03094,2024-02-25,4,7,"Lovely camp, a little pricey."
RV01541,BK-2023-03097,2024-01-31,5,9,Unforgettable — saw the river crossing!
RV01542,BK-2023-03098,2024-05-16,4,8,"Very good trip, long drives though."
RV01543,BK-2023-03099,2023-12-23,4,7,"Great sightings, lodge food could improve."
RV01544,BK-2023-03100,2024-01-06,4,9,"Very good trip, long drives though."
RV01545,BK-2023-03104,2024-01-18,4,7,"Lovely camp, a little pricey."
RV01546,BK-2023-03107,2024-03-12,4,8,"Great sightings, lodge food could improve."
RV01547,BK-2023-03110,2023-11-26,5,10,Unforgettable — saw the river crossing!
RV01548,BK-2023-03113,2024-04-24,4,7,"Great sightings, lodge food could improve."
RV01549,BK-2023-03114,2023-12-17,4,8,Guide knew every bird by name.
RV01550,BK-2023-03117,2023-11-18,4,7,"Very good trip, long drives though."
RV01551,BK-2023-03118,2024-01-14,4,8,"Very good trip, long drives though."
RV01552,BK-2023-03119,2024-01-04,5,9,Flawless from airport pickup to farewell.
RV01553,BK-2023-03120,2023-12-23,5,10,Unforgettable — saw the river crossing!
RV01554,BK-2023-03121,2023-12-10,5,9,"Guide was exceptional, every detail handled."
RV01555,BK-2023-03122,2024-04-11,4,9,"Very good trip, long drives though."
RV01556,BK-2023-03123,2024-09-12,4,9,"Lovely camp, a little pricey."
RV01557,BK-2023-03126,2024-01-29,5,10,Flawless from airport pickup to farewell.
RV01558,BK-2023-03128,2024-01-17,5,10,Best holiday of our lives.
RV01559,BK-2023-03129,2023-12-25,5,9,"Guide was exceptional, every detail handled."
RV01560,BK-2023-03130,2024-01-05,3,6,Too many vehicles at sightings.
RV01561,BK-2023-03131,2024-01-12,5,9,Flawless from airport pickup to farewell.
RV01562,BK-2023-03132,2024-02-09,5,9,Flawless from airport pickup to farewell.
RV01563,BK-2023-03133,2024-02-24,4,9,"Very good trip, long drives though."
RV01564,BK-2023-03134,2023-12-25,4,9,"Very good trip, long drives though."
RV01565,BK-2023-03136,2024-03-14,4,8,"Great sightings, lodge food could improve."
RV01566,BK-2023-03137,2024-01-08,5,9,Flawless from airport pickup to farewell.
RV01567,BK-2023-03139,2024-01-07,4,8,"Lovely camp, a little pricey."
RV01568,BK-2023-03141,2023-12-23,5,9,Best holiday of our lives.
RV01569,BK-2023-03144,2024-10-14,5,10,"Guide was exceptional, every detail handled."
RV01570,BK-2023-03146,2024-03-10,4,9,Guide knew every bird by name.
RV01571,BK-2023-03147,2023-12-12,4,8,"Great sightings, lodge food could improve."
RV01572,BK-2023-03148,2025-06-30,5,10,Unforgettable — saw the river crossing!
RV01573,BK-2023-03150,2023-12-10,4,8,"Lovely camp, a little pricey."
RV01574,BK-2023-03151,2023-12-19,5,9,Unforgettable — saw the river crossing!
RV01575,BK-2023-03152,2023-12-25,3,5,"Okay overall, vehicle was cramped."
RV01576,BK-2023-03155,2024-02-15,5,10,"Guide was exceptional, every detail handled."
RV01577,BK-2023-03156,2024-02-29,5,9,"Guide was exceptional, every detail handled."
RV01578,BK-2023-03157,2023-11-10,3,7,"Okay overall, vehicle was cramped."
RV01579,BK-2023-03168,2024-01-12,4,9,"Very good trip, long drives though."
RV01580,BK-2023-03175,2023-11-30,4,9,"Lovely camp, a little pricey."
RV01581,BK-2023-03176,2024-09-14,5,10,"Guide was exceptional, every detail handled."
RV01582,BK-2023-03177,2023-12-28,4,7,"Great sightings, lodge food could improve."
RV01583,BK-2023-03178,2023-12-23,4,8,"Great sightings, lodge food could improve."
RV01584,BK-2023-03181,2023-12-23,4,7,"Very good trip, long drives though."
RV01585,BK-2023-03182,2024-01-08,4,9,"Lovely camp, a little pricey."
RV01586,BK-2023-03185,2024-01-31,5,10,"Guide was exceptional, every detail handled."
RV01587,BK-2023-03186,2024-02-04,4,7,"Very good trip, long drives though."
RV01588,BK-2023-03188,2024-07-13,4,7,Guide knew every bird by name.
RV01589,BK-2023-03190,2024-03-10,4,9,"Great sightings, lodge food could improve."
RV01590,BK-2023-03191,2024-11-12,4,8,"Very good trip, long drives though."
RV01591,BK-2023-03192,2024-01-13,5,9,Unforgettable — saw the river crossing!
RV01592,BK-2023-03193,2024-01-22,3,5,"Okay overall, vehicle was cramped."
RV01593,BK-2023-03196,2023-12-18,4,9,"Very good trip, long drives though."
RV01594,BK-2023-03197,2024-01-30,5,9,Best holiday of our lives.
RV01595,BK-2023-03201,2024-01-12,4,9,"Very good trip, long drives though."
RV01596,BK-2023-03206,2024-01-30,4,9,"Very good trip, long drives though."
RV01597,BK-2023-03209,2023-12-16,5,10,Flawless from airport pickup to farewell.
RV01598,BK-2023-03210,2024-10-21,5,10,Flawless from airport pickup to farewell.
RV01599,BK-2023-03212,2024-01-05,4,7,"Lovely camp, a little pricey."
RV01600,BK-2023-03214,2023-12-18,3,5,"Wildlife good, communication before trip poor."
RV01601,BK-2023-03215,2024-03-07,4,8,Guide knew every bird by name.
RV01602,BK-2023-03216,2024-04-13,5,10,"Guide was exceptional, every detail handled."
RV01603,BK-2023-03221,2024-03-19,2,6,Accommodation not as advertised.
RV01604,BK-2023-03227,2023-11-30,3,6,Too many vehicles at sightings.
RV01605,BK-2023-03228,2024-01-17,4,7,"Great sightings, lodge food could improve."
RV01606,BK-2023-03229,2024-01-23,3,7,Too many vehicles at sightings.
RV01607,BK-2023-03233,2024-01-03,5,9,Flawless from airport pickup to farewell.
RV01608,BK-2023-03235,2023-11-25,4,8,"Great sightings, lodge food could improve."
RV01609,BK-2023-03236,2023-12-22,5,9,"Guide was exceptional, every detail handled."
RV01610,BK-2023-03237,2024-01-20,4,8,"Very good trip, long drives though."
RV01611,BK-2023-03238,2024-09-08,5,9,Best holiday of our lives.
RV01612,BK-2023-03241,2024-02-07,5,10,"Guide was exceptional, every detail handled."
RV01613,BK-2023-03242,2023-12-19,3,7,"Okay overall, vehicle was cramped."
RV01614,BK-2023-03243,2024-01-01,4,7,"Great sightings, lodge food could improve."
RV01615,BK-2023-03245,2024-01-04,4,9,"Lovely camp, a little pricey."
RV01616,BK-2023-03249,2024-06-18,5,10,Flawless from airport pickup to farewell.
RV01617,BK-2023-03253,2023-11-16,4,7,"Lovely camp, a little pricey."
RV01618,BK-2023-03254,2023-12-17,5,10,Flawless from airport pickup to farewell.
RV01619,BK-2023-03257,2024-01-24,4,7,Guide knew every bird by name.
RV01620,BK-2023-03259,2023-12-30,4,9,"Lovely camp, a little pricey."
RV01621,BK-2023-03260,2024-06-26,5,10,Best holiday of our lives.
RV01622,BK-2023-03262,2024-01-09,3,7,Too many vehicles at sightings.
RV01623,BK-2023-03263,2024-09-17,4,7,Guide knew every bird by name.
RV01624,BK-2023-03265,2023-12-28,4,8,"Lovely camp, a little pricey."
RV01625,BK-2023-03266,2024-01-15,5,9,Unforgettable — saw the river crossing!
RV01626,BK-2023-03267,2024-03-19,3,5,"Okay overall, vehicle was cramped."
RV01627,BK-2023-03268,2024-01-13,5,9,Best holiday of our lives.
RV01628,BK-2023-03269,2024-02-15,5,10,Best holiday of our lives.
RV01629,BK-2023-03270,2023-12-28,4,8,"Great sightings, lodge food could improve."
RV01630,BK-2023-03273,2023-12-16,4,8,"Lovely camp, a little pricey."
RV01631,BK-2023-03274,2024-04-17,4,8,"Lovely camp, a little pricey."
RV01632,BK-2023-03276,2024-01-23,4,8,"Lovely camp, a little pricey."
RV01633,BK-2023-03279,2023-12-04,3,6,"Okay overall, vehicle was cramped."
RV01634,BK-2023-03281,2023-12-17,4,9,"Very good trip, long drives though."
RV01635,BK-2023-03282,2023-12-27,3,6,"Wildlife good, communication before trip poor."
RV01636,BK-2023-03285,2024-02-22,5,9,"Guide was exceptional, every detail handled."
RV01637,BK-2023-03287,2023-12-05,4,9,Guide knew every bird by name.
RV01638,BK-2023-03291,2024-04-13,5,9,"Guide was exceptional, every detail handled."
RV01639,BK-2023-03293,2024-03-17,4,8,Guide knew every bird by name.
RV01640,BK-2023-03295,2023-12-18,3,6,"Okay overall, vehicle was cramped."
RV01641,BK-2023-03297,2023-12-17,4,7,"Very good trip, long drives though."
RV01642,BK-2023-03298,2023-12-29,4,8,Guide knew every bird by name.
RV01643,BK-2023-03304,2023-12-07,3,7,"Okay overall, vehicle was cramped."
RV01644,BK-2023-03305,2023-12-18,5,10,Best holiday of our lives.
RV01645,BK-2023-03307,2024-01-19,5,10,Unforgettable — saw the river crossing!
RV01646,BK-2023-03309,2023-12-28,4,7,"Very good trip, long drives though."
RV01647,BK-2023-03311,2024-03-06,4,9,Guide knew every bird by name.
RV01648,BK-2023-03312,2023-12-19,4,7,"Very good trip, long drives though."
RV01649,BK-2023-03314,2024-01-22,3,5,Too many vehicles at sightings.
RV01650,BK-2023-03315,2024-02-23,5,9,Flawless from airport pickup to farewell.
RV01651,BK-2023-03321,2024-07-26,4,7,"Great sightings, lodge food could improve."
RV01652,BK-2023-03322,2024-02-01,5,10,Unforgettable — saw the river crossing!
RV01653,BK-2023-03323,2024-01-04,5,9,"Guide was exceptional, every detail handled."
RV01654,BK-2023-03324,2024-03-06,5,9,Flawless from airport pickup to farewell.
RV01655,BK-2023-03325,2024-04-01,5,10,Flawless from airport pickup to farewell.
RV01656,BK-2023-03326,2024-04-03,4,9,"Very good trip, long drives though."
RV01657,BK-2023-03327,2023-12-19,4,7,"Great sightings, lodge food could improve."
RV01658,BK-2023-03329,2024-01-03,4,7,"Great sightings, lodge food could improve."
RV01659,BK-2023-03332,2024-01-18,5,10,Best holiday of our lives.
RV01660,BK-2023-03334,2024-02-18,5,9,"Guide was exceptional, every detail handled."
RV01661,BK-2023-03335,2024-02-29,4,7,"Very good trip, long drives though."
RV01662,BK-2023-03336,2024-04-06,5,10,"Guide was exceptional, every detail handled."
RV01663,BK-2023-03337,2024-04-02,5,9,"Guide was exceptional, every detail handled."
RV01664,BK-2023-03338,2024-01-23,5,10,Flawless from airport pickup to farewell.
RV01665,BK-2023-03339,2024-01-15,5,10,"Guide was exceptional, every detail handled."
RV01666,BK-2023-03341,2023-12-18,4,7,"Very good trip, long drives though."
RV01667,BK-2023-03342,2024-03-22,5,10,Best holiday of our lives.
RV01668,BK-2023-03345,2024-01-20,3,5,Too many vehicles at sightings.
RV01669,BK-2023-03349,2024-01-09,4,7,"Great sightings, lodge food could improve."
RV01670,BK-2023-03351,2024-04-16,4,8,"Very good trip, long drives though."
RV01671,BK-2023-03352,2024-02-07,5,9,Flawless from airport pickup to farewell.
RV01672,BK-2023-03356,2024-03-30,5,10,Best holiday of our lives.
RV01673,BK-2023-03358,2024-03-25,5,9,"Guide was exceptional, every detail handled."
RV01674,BK-2023-03359,2024-02-04,4,9,"Great sightings, lodge food could improve."
RV01675,BK-2023-03362,2024-08-02,5,9,Best holiday of our lives.
RV01676,BK-2023-03363,2024-01-18,4,9,"Very good trip, long drives though."
RV01677,BK-2023-03365,2024-01-19,4,8,Guide knew every bird by name.
RV01678,BK-2023-03372,2024-01-08,3,5,Too many vehicles at sightings.
RV01679,BK-2023-03373,2023-12-13,4,8,"Very good trip, long drives though."
RV01680,BK-2023-03376,2024-01-14,4,9,"Very good trip, long drives though."
RV01681,BK-2023-03377,2024-01-23,4,9,Guide knew every bird by name.
RV01682,BK-2023-03378,2024-01-11,4,9,Guide knew every bird by name.
RV01683,BK-2023-03379,2024-02-12,4,9,"Lovely camp, a little pricey."
RV01684,BK-2023-03380,2024-04-05,4,8,"Great sightings, lodge food could improve."
RV01685,BK-2023-03382,2023-12-31,4,8,"Very good trip, long drives though."
RV01686,BK-2023-03383,2023-12-25,4,9,"Very good trip, long drives though."
RV01687,BK-2023-03386,2024-01-07,5,9,Flawless from airport pickup to farewell.
RV01688,BK-2023-03387,2023-12-17,5,10,Flawless from airport pickup to farewell.
RV01689,BK-2023-03388,2024-02-10,4,7,Guide knew every bird by name.
RV01690,BK-2023-03390,2024-01-23,5,10,Flawless from airport pickup to farewell.
RV01691,BK-2023-03391,2024-03-13,4,8,"Lovely camp, a little pricey."
RV01692,BK-2023-03393,2024-01-08,4,8,"Great sightings, lodge food could improve."
RV01693,BK-2023-03395,2024-01-19,5,9,Flawless from airport pickup to farewell.
RV01694,BK-2023-03396,2024-01-28,3,7,Too many vehicles at sightings.
RV01695,BK-2023-03399,2024-02-16,5,10,"Guide was exceptional, every detail handled."
RV01696,BK-2023-03402,2024-03-07,4,7,"Lovely camp, a little pricey."
RV01697,BK-2023-03404,2024-02-04,5,9,Best holiday of our lives.
RV01698,BK-2023-03406,2023-12-29,3,7,"Okay overall, vehicle was cramped."
RV01699,BK-2023-03408,2024-01-07,4,8,"Very good trip, long drives though."
RV01700,BK-2023-03411,2024-01-23,5,9,"Guide was exceptional, every detail handled."
RV01701,BK-2023-03412,2023-12-28,4,8,"Great sightings, lodge food could improve."
RV01702,BK-2023-03413,2023-12-16,5,10,"Guide was exceptional, every detail handled."
RV01703,BK-2023-03414,2024-02-11,4,9,"Great sightings, lodge food could improve."
RV01704,BK-2023-03415,2024-03-06,5,10,"Guide was exceptional, every detail handled."
RV01705,BK-2023-03417,2024-03-16,5,10,"Guide was exceptional, every detail handled."
RV01706,BK-2023-03418,2024-02-25,4,9,Guide knew every bird by name.
RV01707,BK-2023-03419,2024-04-03,5,9,"Guide was exceptional, every detail handled."
RV01708,BK-2023-03420,2024-01-02,5,9,Unforgettable — saw the river crossing!
RV01709,BK-2023-03421,2023-12-16,4,8,"Great sightings, lodge food could improve."
RV01710,BK-2023-03424,2024-08-22,4,7,Guide knew every bird by name.
RV01711,BK-2023-03426,2024-02-14,4,8,"Lovely camp, a little pricey."
RV01712,BK-2023-03427,2024-01-09,5,9,Flawless from airport pickup to farewell.
RV01713,BK-2023-03428,2024-01-05,4,8,"Great sightings, lodge food could improve."
RV01714,BK-2023-03429,2023-12-23,5,10,"Guide was exceptional, every detail handled."
RV01715,BK-2023-03430,2024-02-22,4,7,"Lovely camp, a little pricey."
RV01716,BK-2023-03432,2024-02-19,5,10,Flawless from airport pickup to farewell.
RV01717,BK-2023-03434,2024-01-12,4,9,"Very good trip, long drives though."
RV01718,BK-2023-03436,2024-01-06,4,9,"Great sightings, lodge food could improve."
RV01719,BK-2023-03437,2024-09-21,5,9,Flawless from airport pickup to farewell.
RV01720,BK-2023-03438,2024-01-15,3,7,Too many vehicles at sightings.
RV01721,BK-2023-03439,2024-02-13,4,7,"Very good trip, long drives though."
RV01722,BK-2023-03440,2024-06-01,5,10,Best holiday of our lives.
RV01723,BK-2023-03442,2024-03-24,5,10,"Guide was exceptional, every detail handled."
RV01724,BK-2023-03446,2024-10-05,5,9,"Guide was exceptional, every detail handled."
RV01725,BK-2023-03447,2024-01-22,5,9,Flawless from airport pickup to farewell.
RV01726,BK-2023-03450,2023-12-27,4,7,Guide knew every bird by name.
RV01727,BK-2023-03451,2023-12-31,4,8,Guide knew every bird by name.
RV01728,BK-2023-03452,2023-12-31,4,7,"Lovely camp, a little pricey."
RV01729,BK-2023-03454,2023-12-25,5,9,"Guide was exceptional, every detail handled."
RV01730,BK-2023-03458,2024-03-02,4,8,Guide knew every bird by name.
RV01731,BK-2023-03459,2024-01-23,5,9,Unforgettable — saw the river crossing!
RV01732,BK-2023-03461,2024-07-27,4,7,"Lovely camp, a little pricey."
RV01733,BK-2023-03464,2024-01-02,5,10,Unforgettable — saw the river crossing!
RV01734,BK-2023-03466,2024-03-26,5,9,Best holiday of our lives.
RV01735,BK-2023-03467,2023-12-25,4,9,"Lovely camp, a little pricey."
RV01736,BK-2023-03469,2024-01-11,3,7,Too many vehicles at sightings.
RV01737,BK-2023-03471,2023-12-31,4,7,"Lovely camp, a little pricey."
RV01738,BK-2023-03474,2024-01-21,5,9,Best holiday of our lives.
RV01739,BK-2023-03475,2024-01-28,4,8,"Very good trip, long drives though."
RV01740,BK-2023-03477,2024-02-24,5,9,Unforgettable — saw the river crossing!
RV01741,BK-2023-03478,2024-01-31,4,7,"Very good trip, long drives though."
RV01742,BK-2023-03480,2024-02-17,4,7,"Lovely camp, a little pricey."
RV01743,BK-2023-03483,2024-06-04,5,9,Best holiday of our lives.
RV01744,BK-2023-03484,2024-03-03,5,9,"Guide was exceptional, every detail handled."
RV01745,BK-2023-03485,2024-01-04,4,7,"Lovely camp, a little pricey."
RV01746,BK-2023-03487,2024-03-08,4,7,"Great sightings, lodge food could improve."
RV01747,BK-2023-03488,2023-12-16,4,7,Guide knew every bird by name.
RV01748,BK-2023-03490,2024-03-10,4,7,Guide knew every bird by name.
RV01749,BK-2023-03493,2024-01-01,4,7,"Very good trip, long drives though."
RV01750,BK-2023-03494,2024-01-12,4,9,"Lovely camp, a little pricey."
RV01751,BK-2023-03495,2024-01-18,4,8,"Great sightings, lodge food could improve."
RV01752,BK-2023-03496,2024-01-25,4,7,"Great sightings, lodge food could improve."
RV01753,BK-2023-03497,2023-12-28,4,7,Guide knew every bird by name.
RV01754,BK-2023-03499,2023-12-23,3,5,"Wildlife good, communication before trip poor."
RV01755,BK-2023-03501,2024-02-20,5,9,"Guide was exceptional, every detail handled."
RV01756,BK-2023-03503,2023-12-31,3,7,Too many vehicles at sightings.
RV01757,BK-2023-03506,2024-01-05,4,7,"Very good trip, long drives though."
RV01758,BK-2023-03507,2024-02-11,5,10,"Guide was exceptional, every detail handled."
RV01759,BK-2023-03511,2024-03-17,2,4,Delayed pickup and a flat tyre.
RV01760,BK-2023-03516,2024-04-23,4,8,"Great sightings, lodge food could improve."
RV01761,BK-2023-03517,2024-01-16,5,9,"Guide was exceptional, every detail handled."
RV01762,BK-2023-03519,2024-07-12,5,9,Flawless from airport pickup to farewell.
RV01763,BK-2023-03520,2024-04-19,5,9,Best holiday of our lives.
RV01764,BK-2023-03523,2024-01-24,5,10,Flawless from airport pickup to farewell.
RV01765,BK-2023-03525,2023-12-24,4,8,"Lovely camp, a little pricey."
RV01766,BK-2023-03527,2024-01-23,4,8,Guide knew every bird by name.
RV01767,BK-2023-03529,2024-09-02,5,10,"Guide was exceptional, every detail handled."
RV01768,BK-2023-03531,2024-02-03,3,7,"Okay overall, vehicle was cramped."
RV01769,BK-2023-03532,2024-04-05,4,7,"Great sightings, lodge food could improve."
RV01770,BK-2023-03533,2024-01-05,4,7,Guide knew every bird by name.
RV01771,BK-2023-03534,2023-12-16,3,7,"Okay overall, vehicle was cramped."
RV01772,BK-2023-03537,2024-01-28,3,7,"Wildlife good, communication before trip poor."
RV01773,BK-2023-03538,2024-01-04,5,9,Unforgettable — saw the river crossing!
RV01774,BK-2023-03539,2024-04-28,5,10,Best holiday of our lives.
RV01775,BK-2023-03541,2023-12-26,4,8,Guide knew every bird by name.
RV01776,BK-2023-03543,2024-01-18,5,10,Unforgettable — saw the river crossing!
RV01777,BK-2023-03544,2024-02-13,5,9,Unforgettable — saw the river crossing!
RV01778,BK-2023-03547,2024-03-05,3,6,"Okay overall, vehicle was cramped."
RV01779,BK-2023-03548,2024-03-28,4,7,"Lovely camp, a little pricey."
RV01780,BK-2023-03551,2024-02-02,4,9,Guide knew every bird by name.
RV01781,BK-2023-03552,2023-12-11,4,9,Guide knew every bird by name.
RV01782,BK-2023-03553,2024-02-11,5,10,"Guide was exceptional, every detail handled."
RV01783,BK-2023-03558,2024-01-02,4,9,"Great sightings, lodge food could improve."
RV01784,BK-2023-03559,2024-01-21,2,5,Accommodation not as advertised.
RV01785,BK-2023-03561,2024-01-18,4,7,"Lovely camp, a little pricey."
RV01786,BK-2023-03562,2024-01-12,4,8,Guide knew every bird by name.
RV01787,BK-2023-03564,2024-02-27,3,6,Too many vehicles at sightings.
RV01788,BK-2023-03567,2023-12-20,4,9,"Great sightings, lodge food could improve."
RV01789,BK-2023-03568,2024-01-12,4,7,"Very good trip, long drives though."
RV01790,BK-2023-03575,2024-09-02,3,6,"Wildlife good, communication before trip poor."
RV01791,BK-2023-03577,2024-03-14,5,10,Unforgettable — saw the river crossing!
RV01792,BK-2023-03580,2023-12-25,4,9,Guide knew every bird by name.
RV01793,BK-2023-03581,2024-01-17,5,10,Unforgettable — saw the river crossing!
RV01794,BK-2023-03582,2024-03-03,3,5,Too many vehicles at sightings.
RV01795,BK-2023-03583,2024-04-16,5,9,Unforgettable — saw the river crossing!
RV01796,BK-2023-03584,2024-01-03,3,5,"Okay overall, vehicle was cramped."
RV01797,BK-2023-03585,2024-05-14,3,7,"Wildlife good, communication before trip poor."
RV01798,BK-2023-03590,2023-12-30,5,10,Best holiday of our lives.
RV01799,BK-2023-03593,2024-03-11,5,10,"Guide was exceptional, every detail handled."
RV01800,BK-2023-03595,2024-01-05,4,7,"Very good trip, long drives though."
RV01801,BK-2023-03596,2024-03-25,5,10,"Guide was exceptional, every detail handled."
RV01802,BK-2023-03597,2024-07-26,5,10,Unforgettable — saw the river crossing!
RV01803,BK-2023-03599,2024-01-19,4,7,"Lovely camp, a little pricey."
RV01804,BK-2023-03600,2024-01-22,3,7,"Wildlife good, communication before trip poor."
RV01805,BK-2023-03601,2024-01-15,4,9,"Very good trip, long drives though."
RV01806,BK-2023-03603,2024-01-25,3,6,Too many vehicles at sightings.
RV01807,BK-2023-03604,2024-03-26,5,9,"Guide was exceptional, every detail handled."
RV01808,BK-2023-03605,2024-01-23,4,8,Guide knew every bird by name.
RV01809,BK-2023-03606,2024-03-05,3,6,"Okay overall, vehicle was cramped."
RV01810,BK-2023-03608,2024-07-19,3,7,"Wildlife good, communication before trip poor."
RV01811,BK-2023-03609,2024-04-01,5,9,"Guide was exceptional, every detail handled."
RV01812,BK-2023-03610,2024-01-26,5,10,Flawless from airport pickup to farewell.
RV01813,BK-2023-03612,2024-01-26,2,6,Delayed pickup and a flat tyre.
RV01814,BK-2023-03613,2024-09-01,4,9,"Very good trip, long drives though."
RV01815,BK-2023-03614,2024-01-06,3,6,"Wildlife good, communication before trip poor."
RV01816,BK-2023-03618,2024-01-25,4,7,"Great sightings, lodge food could improve."
RV01817,BK-2023-03621,2024-01-19,3,5,Too many vehicles at sightings.
RV01818,BK-2023-03624,2024-02-22,4,8,"Very good trip, long drives though."
RV01819,BK-2023-03625,2024-02-01,4,9,Guide knew every bird by name.
RV01820,BK-2023-03630,2024-01-24,4,8,"Lovely camp, a little pricey."
RV01821,BK-2023-03631,2024-02-22,3,6,"Okay overall, vehicle was cramped."
RV01822,BK-2023-03632,2024-01-02,4,8,"Very good trip, long drives though."
RV01823,BK-2023-03635,2024-02-04,3,6,"Okay overall, vehicle was cramped."
RV01824,BK-2023-03638,2024-06-25,3,6,"Okay overall, vehicle was cramped."
RV01825,BK-2023-03639,2024-02-15,3,6,"Wildlife good, communication before trip poor."
RV01826,BK-2023-03642,2024-01-28,3,7,Too many vehicles at sightings.
RV01827,BK-2023-03644,2024-08-07,4,8,"Great sightings, lodge food could improve."
RV01828,BK-2023-03645,2024-02-17,5,10,Flawless from airport pickup to farewell.
RV01829,BK-2023-03648,2024-01-23,4,7,"Lovely camp, a little pricey."
RV01830,BK-2023-03649,2024-01-20,5,10,Flawless from airport pickup to farewell.
RV01831,BK-2023-03651,2024-02-18,3,5,"Okay overall, vehicle was cramped."
RV01832,BK-2023-03652,2024-05-14,3,6,"Wildlife good, communication before trip poor."
RV01833,BK-2023-03653,2024-02-04,4,8,"Very good trip, long drives though."
RV01834,BK-2023-03656,2024-02-15,3,6,"Okay overall, vehicle was cramped."
RV01835,BK-2023-03660,2024-01-28,4,7,"Very good trip, long drives though."
RV01836,BK-2023-03661,2024-01-11,4,8,"Very good trip, long drives though."
RV01837,BK-2023-03662,2024-02-19,5,9,Best holiday of our lives.
RV01838,BK-2023-03663,2024-05-01,5,10,"Guide was exceptional, every detail handled."
RV01839,BK-2023-03665,2023-12-26,4,8,"Very good trip, long drives though."
RV01840,BK-2023-03668,2024-03-13,5,9,Unforgettable — saw the river crossing!
RV01841,BK-2023-03671,2024-12-28,5,9,Unforgettable — saw the river crossing!
RV01842,BK-2023-03672,2024-04-10,5,10,Unforgettable — saw the river crossing!
RV01843,BK-2023-03673,2024-01-22,4,7,"Great sightings, lodge food could improve."
RV01844,BK-2023-03674,2024-01-25,3,5,Too many vehicles at sightings.
RV01845,BK-2023-03676,2024-01-14,3,7,"Okay overall, vehicle was cramped."
RV01846,BK-2023-03678,2024-04-25,5,9,Best holiday of our lives.
RV01847,BK-2023-03679,2024-02-23,3,7,Too many vehicles at sightings.
RV01848,BK-2023-03681,2024-02-20,5,10,Unforgettable — saw the river crossing!
RV01849,BK-2023-03682,2024-02-15,3,6,"Okay overall, vehicle was cramped."
RV01850,BK-2023-03683,2024-02-04,4,7,"Great sightings, lodge food could improve."
RV01851,BK-2023-03684,2024-02-29,4,7,"Very good trip, long drives though."
RV01852,BK-2023-03685,2024-02-10,4,7,"Lovely camp, a little pricey."
RV01853,BK-2023-03686,2024-08-10,5,10,Unforgettable — saw the river crossing!
RV01854,BK-2023-03687,2024-01-13,4,8,"Great sightings, lodge food could improve."
RV01855,BK-2023-03690,2024-09-01,5,9,"Guide was exceptional, every detail handled."
RV01856,BK-2023-03691,2024-03-08,4,8,"Great sightings, lodge food could improve."
RV01857,BK-2023-03693,2024-01-04,5,10,Flawless from airport pickup to farewell.
RV01858,BK-2023-03694,2024-02-21,4,7,"Great sightings, lodge food could improve."
RV01859,BK-2023-03696,2024-03-10,3,7,"Okay overall, vehicle was cramped."
RV01860,BK-2023-03698,2024-01-22,4,7,"Great sightings, lodge food could improve."
RV01861,BK-2023-03703,2024-02-14,5,9,Unforgettable — saw the river crossing!
RV01862,BK-2023-03704,2024-02-18,5,9,Flawless from airport pickup to farewell.
RV01863,BK-2023-03706,2024-02-06,3,5,"Wildlife good, communication before trip poor."
RV01864,BK-2023-03707,2024-01-16,4,8,Guide knew every bird by name.
RV01865,BK-2023-03709,2024-04-17,4,9,"Great sightings, lodge food could improve."
RV01866,BK-2023-03710,2024-02-06,3,5,"Okay overall, vehicle was cramped."
RV01867,BK-2023-03713,2024-07-22,5,9,Best holiday of our lives.
RV01868,BK-2023-03716,2024-01-18,3,5,"Wildlife good, communication before trip poor."
RV01869,BK-2023-03723,2024-02-04,5,10,Best holiday of our lives.
RV01870,BK-2023-03726,2024-02-01,3,7,Too many vehicles at sightings.
RV01871,BK-2023-03728,2024-01-07,3,6,"Wildlife good, communication before trip poor."
RV01872,BK-2023-03729,2024-03-05,4,7,"Lovely camp, a little pricey."
RV01873,BK-2023-03731,2024-05-15,4,7,Guide knew every bird by name.
RV01874,BK-2023-03732,2024-03-18,3,5,"Okay overall, vehicle was cramped."
RV01875,BK-2023-03734,2024-03-09,4,8,Guide knew every bird by name.
RV01876,BK-2023-03736,2024-03-24,4,9,Guide knew every bird by name.
RV01877,BK-2023-03738,2024-01-22,4,9,"Great sightings, lodge food could improve."
RV01878,BK-2023-03739,2024-02-16,5,10,Unforgettable — saw the river crossing!
RV01879,BK-2023-03743,2024-06-07,4,8,"Lovely camp, a little pricey."
RV01880,BK-2023-03745,2024-02-15,5,10,"Guide was exceptional, every detail handled."
RV01881,BK-2023-03747,2024-01-20,3,5,"Wildlife good, communication before trip poor."
RV01882,BK-2023-03749,2024-08-07,5,10,Best holiday of our lives.
RV01883,BK-2023-03755,2024-03-03,4,9,"Great sightings, lodge food could improve."
RV01884,BK-2023-03756,2024-01-05,5,10,Unforgettable — saw the river crossing!
RV01885,BK-2023-03758,2024-04-28,4,8,Guide knew every bird by name.
RV01886,BK-2023-03759,2024-02-02,3,7,Too many vehicles at sightings.
RV01887,BK-2023-03762,2024-02-16,3,6,"Okay overall, vehicle was cramped."
RV01888,BK-2023-03763,2024-02-04,5,10,Best holiday of our lives.
RV01889,BK-2023-03764,2024-02-02,5,9,Unforgettable — saw the river crossing!
RV01890,BK-2023-03765,2024-02-23,4,7,"Great sightings, lodge food could improve."
RV01891,BK-2023-03766,2024-02-19,5,9,Flawless from airport pickup to farewell.
RV01892,BK-2023-03768,2024-11-03,5,9,Unforgettable — saw the river crossing!
RV01893,BK-2023-03771,2024-06-15,4,9,"Lovely camp, a little pricey."
RV01894,BK-2023-03774,2024-01-17,3,6,Too many vehicles at sightings.
RV01895,BK-2023-03776,2024-01-28,5,9,Unforgettable — saw the river crossing!
RV01896,BK-2023-03778,2024-03-27,5,9,Flawless from airport pickup to farewell.
RV01897,BK-2023-03782,2024-02-11,4,7,Guide knew every bird by name.
RV01898,BK-2023-03783,2024-07-28,5,9,Unforgettable — saw the river crossing!
RV01899,BK-2023-03784,2024-01-20,3,7,"Okay overall, vehicle was cramped."
RV01900,BK-2023-03785,2024-03-13,4,7,"Great sightings, lodge food could improve."
RV01901,BK-2023-03787,2024-01-03,5,9,Unforgettable — saw the river crossing!
RV01902,BK-2023-03790,2024-02-08,4,9,"Great sightings, lodge food could improve."
RV01903,BK-2023-03791,2024-04-11,4,7,"Great sightings, lodge food could improve."
RV01904,BK-2023-03793,2024-01-13,4,7,"Great sightings, lodge food could improve."
RV01905,BK-2023-03794,2024-01-30,4,9,"Lovely camp, a little pricey."
RV01906,BK-2023-03795,2024-01-15,4,7,"Great sightings, lodge food could improve."
RV01907,BK-2023-03796,2024-06-30,5,10,Best holiday of our lives.
RV01908,BK-2023-03797,2024-02-21,4,7,Guide knew every bird by name.
RV01909,BK-2023-03798,2024-03-04,5,9,Flawless from airport pickup to farewell.
RV01910,BK-2023-03800,2024-04-01,3,5,"Okay overall, vehicle was cramped."
RV01911,BK-2023-03801,2024-01-14,4,9,Guide knew every bird by name.
RV01912,BK-2023-03802,2024-02-01,4,8,"Great sightings, lodge food could improve."
RV01913,BK-2023-03804,2024-02-18,5,10,Flawless from airport pickup to farewell.
RV01914,BK-2023-03805,2024-01-28,5,10,"Guide was exceptional, every detail handled."
RV01915,BK-2023-03806,2024-01-14,2,6,Delayed pickup and a flat tyre.
RV01916,BK-2023-03808,2024-02-04,3,6,"Okay overall, vehicle was cramped."
RV01917,BK-2023-03809,2024-09-27,3,5,"Okay overall, vehicle was cramped."
RV01918,BK-2023-03811,2024-03-02,5,9,Unforgettable — saw the river crossing!
RV01919,BK-2023-03812,2024-07-13,5,9,Flawless from airport pickup to farewell.
RV01920,BK-2023-03813,2024-02-24,5,10,Best holiday of our lives.
RV01921,BK-2023-03815,2024-06-24,4,7,Guide knew every bird by name.
RV01922,BK-2023-03817,2024-03-21,5,9,Best holiday of our lives.
RV01923,BK-2023-03818,2024-02-06,4,8,Guide knew every bird by name.
RV01924,BK-2023-03822,2024-02-24,4,8,Guide knew every bird by name.
RV01925,BK-2023-03823,2024-03-10,5,10,Flawless from airport pickup to farewell.
RV01926,BK-2023-03824,2024-01-25,5,10,Flawless from airport pickup to farewell.
RV01927,BK-2023-03828,2024-05-02,4,9,Guide knew every bird by name.
RV01928,BK-2023-03830,2024-04-02,5,10,Flawless from airport pickup to farewell.
RV01929,BK-2023-03831,2024-01-30,4,7,"Very good trip, long drives though."
RV01930,BK-2023-03832,2024-07-23,5,9,Unforgettable — saw the river crossing!
RV01931,BK-2023-03834,2024-03-20,4,8,"Great sightings, lodge food could improve."
RV01932,BK-2023-03835,2024-03-20,4,7,Guide knew every bird by name.
RV01933,BK-2023-03836,2024-03-26,5,10,Best holiday of our lives.
RV01934,BK-2023-03840,2024-03-23,4,7,"Very good trip, long drives though."
RV01935,BK-2023-03841,2024-03-03,5,9,Best holiday of our lives.
RV01936,BK-2023-03843,2024-01-28,3,5,"Okay overall, vehicle was cramped."
RV01937,BK-2023-03844,2024-02-22,3,5,Too many vehicles at sightings.
RV01938,BK-2023-03845,2024-03-04,4,9,Guide knew every bird by name.
RV01939,BK-2023-03848,2024-02-19,4,8,"Great sightings, lodge food could improve."
RV01940,BK-2023-03850,2024-04-25,3,7,"Wildlife good, communication before trip poor."
RV01941,BK-2023-03851,2024-03-21,5,9,Best holiday of our lives.
RV01942,BK-2023-03852,2024-07-23,5,10,Best holiday of our lives.
RV01943,BK-2023-03853,2024-03-06,5,10,"Guide was exceptional, every detail handled."
RV01944,BK-2023-03854,2024-02-29,5,10,Flawless from airport pickup to farewell.
RV01945,BK-2023-03855,2024-02-27,5,9,Unforgettable — saw the river crossing!
RV01946,BK-2023-03859,2024-04-10,5,10,Unforgettable — saw the river crossing!
RV01947,BK-2023-03861,2024-03-20,4,7,"Lovely camp, a little pricey."
RV01948,BK-2023-03863,2024-03-10,4,8,"Lovely camp, a little pricey."
RV01949,BK-2023-03864,2024-03-19,4,7,"Great sightings, lodge food could improve."
RV01950,BK-2023-03865,2024-01-18,3,5,"Wildlife good, communication before trip poor."
RV01951,BK-2023-03866,2024-02-06,4,7,"Lovely camp, a little pricey."
RV01952,BK-2023-03867,2024-09-01,4,9,"Great sightings, lodge food could improve."
RV01953,BK-2024-00001,2024-02-11,3,7,"Wildlife good, communication before trip poor."
RV01954,BK-2024-00002,2024-08-29,5,9,Unforgettable — saw the river crossing!
RV01955,BK-2024-00007,2024-02-18,4,7,"Great sightings, lodge food could improve."
RV01956,BK-2024-00009,2024-11-26,5,9,Best holiday of our lives.
RV01957,BK-2024-00011,2024-06-29,4,7,"Great sightings, lodge food could improve."
RV01958,BK-2024-00012,2024-01-30,4,8,"Very good trip, long drives though."
RV01959,BK-2024-00013,2024-07-20,4,7,Guide knew every bird by name.
RV01960,BK-2024-00014,2024-02-11,5,9,Unforgettable — saw the river crossing!
RV01961,BK-2024-00016,2024-01-31,3,5,"Okay overall, vehicle was cramped."
RV01962,BK-2024-00017,2025-02-01,5,10,Best holiday of our lives.
RV01963,BK-2024-00018,2024-02-10,5,10,Best holiday of our lives.
RV01964,BK-2024-00020,2024-02-28,5,9,Flawless from airport pickup to farewell.
RV01965,BK-2024-00025,2024-03-02,4,7,Guide knew every bird by name.
RV01966,BK-2024-00026,2024-04-08,3,5,"Okay overall, vehicle was cramped."
RV01967,BK-2024-00027,2024-03-01,5,10,Flawless from airport pickup to farewell.
RV01968,BK-2024-00029,2024-02-19,3,5,"Wildlife good, communication before trip poor."
RV01969,BK-2024-00030,2024-04-20,3,5,"Wildlife good, communication before trip poor."
RV01970,BK-2024-00036,2024-02-03,4,9,"Great sightings, lodge food could improve."
RV01971,BK-2024-00037,2024-03-09,4,7,"Lovely camp, a little pricey."
RV01972,BK-2024-00039,2024-03-23,3,6,Too many vehicles at sightings.
RV01973,BK-2024-00040,2024-02-15,4,9,"Great sightings, lodge food could improve."
RV01974,BK-2024-00045,2024-03-29,5,10,Unforgettable — saw the river crossing!
RV01975,BK-2024-00048,2024-03-12,4,7,"Lovely camp, a little pricey."
RV01976,BK-2024-00049,2024-08-13,5,9,Unforgettable — saw the river crossing!
RV01977,BK-2024-00050,2024-03-05,4,7,"Very good trip, long drives though."
RV01978,BK-2024-00052,2024-04-30,5,9,"Guide was exceptional, every detail handled."
RV01979,BK-2024-00054,2024-03-08,3,5,"Wildlife good, communication before trip poor."
RV01980,BK-2024-00056,2024-04-01,4,9,"Great sightings, lodge food could improve."
RV01981,BK-2024-00058,2024-04-01,4,8,Guide knew every bird by name.
RV01982,BK-2024-00059,2024-02-12,4,9,"Lovely camp, a little pricey."
RV01983,BK-2024-00060,2024-03-08,5,9,Best holiday of our lives.
RV01984,BK-2024-00062,2024-03-17,4,9,"Great sightings, lodge food could improve."
RV01985,BK-2024-00064,2024-05-14,5,10,Unforgettable — saw the river crossing!
RV01986,BK-2024-00065,2024-02-04,4,7,"Great sightings, lodge food could improve."
RV01987,BK-2024-00069,2024-03-25,5,9,Flawless from airport pickup to farewell.
RV01988,BK-2024-00072,2024-02-06,2,6,Accommodation not as advertised.
RV01989,BK-2024-00076,2024-10-04,5,10,Unforgettable — saw the river crossing!
RV01990,BK-2024-00077,2024-05-24,5,9,Best holiday of our lives.
RV01991,BK-2024-00078,2024-03-18,4,8,Guide knew every bird by name.
RV01992,BK-2024-00081,2024-03-13,4,8,Guide knew every bird by name.
RV01993,BK-2024-00082,2024-04-12,4,7,"Lovely camp, a little pricey."
RV01994,BK-2024-00083,2024-02-15,4,9,"Very good trip, long drives though."
RV01995,BK-2024-00084,2024-08-31,2,6,Accommodation not as advertised.
RV01996,BK-2024-00086,2024-02-14,2,5,Delayed pickup and a flat tyre.
RV01997,BK-2024-00088,2024-02-25,5,9,Unforgettable — saw the river crossing!
RV01998,BK-2024-00091,2024-02-02,5,10,"Guide was exceptional, every detail handled."
RV01999,BK-2024-00092,2024-02-01,3,7,Too many vehicles at sightings.
RV02000,BK-2024-00093,2024-03-23,4,8,"Lovely camp, a little pricey."
RV02001,BK-2024-00095,2024-03-03,4,7,"Lovely camp, a little pricey."
RV02002,BK-2024-00100,2024-07-20,5,9,Unforgettable — saw the river crossing!
RV02003,BK-2024-00105,2024-06-14,4,7,"Lovely camp, a little pricey."
RV02004,BK-2024-00107,2024-03-06,4,7,Guide knew every bird by name.
RV02005,BK-2024-00108,2024-02-04,5,9,Best holiday of our lives.
RV02006,BK-2024-00109,2024-10-01,5,10,Unforgettable — saw the river crossing!
RV02007,BK-2024-00110,2024-02-12,3,7,Too many vehicles at sightings.
RV02008,BK-2024-00113,2024-06-25,5,10,Best holiday of our lives.
RV02009,BK-2024-00115,2024-02-18,5,9,"Guide was exceptional, every detail handled."
RV02010,BK-2024-00116,2024-08-24,4,8,"Great sightings, lodge food could improve."
RV02011,BK-2024-00117,2024-02-19,5,9,Best holiday of our lives.
RV02012,BK-2024-00118,2024-03-11,4,8,"Very good trip, long drives though."
RV02013,BK-2024-00119,2024-02-11,4,8,Guide knew every bird by name.
RV02014,BK-2024-00121,2024-03-05,4,7,"Lovely camp, a little pricey."
RV02015,BK-2024-00123,2024-02-27,4,9,Guide knew every bird by name.
RV02016,BK-2024-00126,2024-10-20,5,9,Flawless from airport pickup to farewell.
RV02017,BK-2024-00128,2024-07-25,5,9,"Guide was exceptional, every detail handled."
RV02018,BK-2024-00129,2024-03-02,5,9,"Guide was exceptional, every detail handled."
RV02019,BK-2024-00130,2024-03-19,4,8,"Lovely camp, a little pricey."
RV02020,BK-2024-00131,2024-02-12,4,8,"Great sightings, lodge food could improve."
RV02021,BK-2024-00132,2024-02-25,4,9,Guide knew every bird by name.
RV02022,BK-2024-00133,2024-03-28,5,9,Best holiday of our lives.
RV02023,BK-2024-00134,2024-07-18,5,10,Unforgettable — saw the river crossing!
RV02024,BK-2024-00135,2024-07-16,5,10,Flawless from airport pickup to farewell.
RV02025,BK-2024-00137,2024-01-23,4,9,"Very good trip, long drives though."
RV02026,BK-2024-00139,2024-03-13,4,7,"Great sightings, lodge food could improve."
RV02027,BK-2024-00142,2024-03-18,4,8,"Great sightings, lodge food could improve."
RV02028,BK-2024-00145,2024-04-28,5,9,Unforgettable — saw the river crossing!
RV02029,BK-2024-00149,2024-03-23,4,8,"Lovely camp, a little pricey."
RV02030,BK-2024-00151,2024-02-17,5,10,Unforgettable — saw the river crossing!
RV02031,BK-2024-00156,2024-02-28,3,7,"Wildlife good, communication before trip poor."
RV02032,BK-2024-00157,2024-10-16,5,9,"Guide was exceptional, every detail handled."
RV02033,BK-2024-00160,2024-02-20,4,8,Guide knew every bird by name.
RV02034,BK-2024-00163,2024-07-18,5,10,Flawless from airport pickup to farewell.
RV02035,BK-2024-00164,2024-03-15,4,7,"Very good trip, long drives though."
RV02036,BK-2024-00165,2024-03-10,4,9,"Great sightings, lodge food could improve."
RV02037,BK-2024-00169,2024-02-25,5,9,Flawless from airport pickup to farewell.
RV02038,BK-2024-00170,2024-04-20,4,7,Guide knew every bird by name.
RV02039,BK-2024-00175,2024-03-09,3,7,"Wildlife good, communication before trip poor."
RV02040,BK-2024-00177,2024-02-25,5,9,Best holiday of our lives.
RV02041,BK-2024-00178,2024-04-02,3,6,"Okay overall, vehicle was cramped."
RV02042,BK-2024-00179,2024-02-16,4,7,Guide knew every bird by name.
RV02043,BK-2024-00180,2024-03-11,4,9,"Lovely camp, a little pricey."
RV02044,BK-2024-00182,2024-04-16,4,7,"Lovely camp, a little pricey."
RV02045,BK-2024-00183,2024-06-16,5,10,Best holiday of our lives.
RV02046,BK-2024-00184,2024-04-16,5,10,"Guide was exceptional, every detail handled."
RV02047,BK-2024-00187,2024-03-24,4,9,"Very good trip, long drives though."
RV02048,BK-2024-00190,2024-03-08,4,8,"Great sightings, lodge food could improve."
RV02049,BK-2024-00191,2024-03-21,3,5,Too many vehicles at sightings.
RV02050,BK-2024-00193,2024-03-22,4,7,"Lovely camp, a little pricey."
RV02051,BK-2024-00194,2024-03-20,5,9,"Guide was exceptional, every detail handled."
RV02052,BK-2024-00196,2024-03-02,4,9,"Lovely camp, a little pricey."
RV02053,BK-2024-00200,2024-02-03,4,7,"Great sightings, lodge food could improve."
RV02054,BK-2024-00203,2024-03-27,5,10,"Guide was exceptional, every detail handled."
RV02055,BK-2024-00205,2024-02-11,4,7,"Very good trip, long drives though."
RV02056,BK-2024-00207,2024-02-19,4,9,"Lovely camp, a little pricey."
RV02057,BK-2024-00211,2024-08-26,4,7,"Very good trip, long drives though."
RV02058,BK-2024-00212,2024-09-13,4,7,"Lovely camp, a little pricey."
RV02059,BK-2024-00215,2024-04-16,3,5,"Wildlife good, communication before trip poor."
RV02060,BK-2024-00216,2024-02-15,5,9,Flawless from airport pickup to farewell.
RV02061,BK-2024-00218,2024-05-13,3,5,"Okay overall, vehicle was cramped."
RV02062,BK-2024-00219,2024-03-24,3,6,"Wildlife good, communication before trip poor."
RV02063,BK-2024-00222,2024-03-22,4,8,"Very good trip, long drives though."
RV02064,BK-2024-00224,2024-04-20,4,8,"Lovely camp, a little pricey."
RV02065,BK-2024-00229,2024-03-13,3,7,Too many vehicles at sightings.
RV02066,BK-2024-00231,2024-03-28,3,7,"Wildlife good, communication before trip poor."
RV02067,BK-2024-00232,2024-05-13,5,9,Unforgettable — saw the river crossing!
RV02068,BK-2024-00233,2024-10-01,4,7,Guide knew every bird by name.
RV02069,BK-2024-00234,2024-03-11,4,9,"Great sightings, lodge food could improve."
RV02070,BK-2024-00235,2024-03-07,4,9,Guide knew every bird by name.
RV02071,BK-2024-00236,2024-08-07,4,7,"Great sightings, lodge food could improve."
RV02072,BK-2024-00237,2024-03-13,3,5,"Okay overall, vehicle was cramped."
RV02073,BK-2024-00239,2024-08-09,4,9,"Great sightings, lodge food could improve."
RV02074,BK-2024-00240,2024-03-19,3,6,"Wildlife good, communication before trip poor."
RV02075,BK-2024-00241,2024-03-01,4,7,"Lovely camp, a little pricey."
RV02076,BK-2024-00244,2024-02-23,4,9,"Very good trip, long drives though."
RV02077,BK-2024-00247,2024-04-10,4,7,"Great sightings, lodge food could improve."
RV02078,BK-2024-00248,2024-03-08,4,7,Guide knew every bird by name.
RV02079,BK-2024-00249,2024-09-01,3,5,"Okay overall, vehicle was cramped."
RV02080,BK-2024-00253,2024-02-26,3,5,Too many vehicles at sightings.
RV02081,BK-2024-00254,2024-05-22,4,7,"Very good trip, long drives though."
RV02082,BK-2024-00257,2024-03-22,4,8,"Lovely camp, a little pricey."
RV02083,BK-2024-00258,2024-10-24,5,9,Unforgettable — saw the river crossing!
RV02084,BK-2024-00259,2024-03-05,4,9,Guide knew every bird by name.
RV02085,BK-2024-00261,2024-05-05,5,9,Unforgettable — saw the river crossing!
RV02086,BK-2024-00262,2024-04-03,3,6,"Okay overall, vehicle was cramped."
RV02087,BK-2024-00265,2024-02-19,5,9,"Guide was exceptional, every detail handled."
RV02088,BK-2024-00267,2024-03-22,4,7,Guide knew every bird by name.
RV02089,BK-2024-00268,2024-03-10,4,9,"Great sightings, lodge food could improve."
RV02090,BK-2024-00271,2024-03-19,5,10,Unforgettable — saw the river crossing!
RV02091,BK-2024-00272,2024-03-02,3,7,"Okay overall, vehicle was cramped."
RV02092,BK-2024-00278,2024-07-07,4,9,Guide knew every bird by name.
RV02093,BK-2024-00279,2024-03-18,2,3,Delayed pickup and a flat tyre.
RV02094,BK-2024-00284,2024-08-03,3,6,Too many vehicles at sightings.
RV02095,BK-2024-00285,2024-04-12,4,9,"Very good trip, long drives though."
RV02096,BK-2024-00286,2024-02-15,4,8,"Great sightings, lodge food could improve."
RV02097,BK-2024-00287,2024-02-17,4,8,Guide knew every bird by name.
RV02098,BK-2024-00288,2024-02-17,3,6,"Okay overall, vehicle was cramped."
RV02099,BK-2024-00291,2024-04-02,4,9,"Great sightings, lodge food could improve."
RV02100,BK-2024-00293,2024-06-09,4,8,Guide knew every bird by name.
RV02101,BK-2024-00298,2024-06-10,3,7,"Wildlife good, communication before trip poor."
RV02102,BK-2024-00299,2024-09-19,4,8,"Lovely camp, a little pricey."
RV02103,BK-2024-00300,2024-09-22,4,8,"Very good trip, long drives though."
RV02104,BK-2024-00301,2024-04-14,4,8,"Very good trip, long drives though."
RV02105,BK-2024-00303,2024-03-02,4,7,"Great sightings, lodge food could improve."
RV02106,BK-2024-00306,2024-08-23,5,10,Flawless from airport pickup to farewell.
RV02107,BK-2024-00307,2024-02-24,3,6,"Wildlife good, communication before trip poor."
RV02108,BK-2024-00309,2024-03-04,4,7,"Great sightings, lodge food could improve."
RV02109,BK-2024-00310,2024-04-14,4,7,"Very good trip, long drives though."
RV02110,BK-2024-00311,2024-05-03,5,9,Flawless from airport pickup to farewell.
RV02111,BK-2024-00316,2024-11-22,3,5,"Wildlife good, communication before trip poor."
RV02112,BK-2024-00318,2024-03-11,5,9,"Guide was exceptional, every detail handled."
RV02113,BK-2024-00319,2024-03-02,3,6,Too many vehicles at sightings.
RV02114,BK-2024-00321,2024-05-04,4,9,"Great sightings, lodge food could improve."
RV02115,BK-2024-00322,2024-03-13,4,9,"Very good trip, long drives though."
RV02116,BK-2024-00323,2024-07-27,5,10,Best holiday of our lives.
RV02117,BK-2024-00324,2024-07-03,4,7,Guide knew every bird by name.
RV02118,BK-2024-00325,2024-07-29,4,7,"Great sightings, lodge food could improve."
RV02119,BK-2024-00327,2024-06-17,5,9,Unforgettable — saw the river crossing!
RV02120,BK-2024-00333,2024-05-23,5,9,Unforgettable — saw the river crossing!
RV02121,BK-2024-00336,2025-01-17,5,10,Best holiday of our lives.
RV02122,BK-2024-00339,2024-03-17,3,7,"Wildlife good, communication before trip poor."
RV02123,BK-2024-00341,2024-04-13,3,6,Too many vehicles at sightings.
RV02124,BK-2024-00342,2024-03-21,4,8,"Lovely camp, a little pricey."
RV02125,BK-2024-00343,2024-02-21,4,7,Guide knew every bird by name.
RV02126,BK-2024-00344,2024-05-19,5,9,Flawless from airport pickup to farewell.
RV02127,BK-2024-00346,2024-03-11,4,8,Guide knew every bird by name.
RV02128,BK-2024-00347,2024-04-02,4,9,"Very good trip, long drives though."
RV02129,BK-2024-00348,2025-01-01,4,7,"Lovely camp, a little pricey."
RV02130,BK-2024-00349,2024-03-31,5,10,Flawless from airport pickup to farewell.
RV02131,BK-2024-00351,2024-03-09,4,8,"Very good trip, long drives though."
RV02132,BK-2024-00352,2024-03-19,4,7,Guide knew every bird by name.
RV02133,BK-2024-00353,2024-03-10,4,9,Guide knew every bird by name.
RV02134,BK-2024-00363,2024-07-03,3,7,"Wildlife good, communication before trip poor."
RV02135,BK-2024-00367,2024-03-19,3,5,Too many vehicles at sightings.
RV02136,BK-2024-00369,2024-12-28,5,9,Unforgettable — saw the river crossing!
RV02137,BK-2024-00371,2024-05-16,3,6,"Wildlife good, communication before trip poor."
RV02138,BK-2024-00372,2024-04-09,3,7,Too many vehicles at sightings.
RV02139,BK-2024-00373,2024-09-15,4,8,"Very good trip, long drives though."
RV02140,BK-2024-00376,2024-02-26,2,6,Accommodation not as advertised.
RV02141,BK-2024-00379,2024-04-27,3,7,"Okay overall, vehicle was cramped."
RV02142,BK-2024-00380,2024-03-27,5,10,Best holiday of our lives.
RV02143,BK-2024-00381,2024-03-25,4,9,Guide knew every bird by name.
RV02144,BK-2024-00386,2024-04-13,4,8,"Great sightings, lodge food could improve."
RV02145,BK-2024-00388,2024-07-07,4,9,"Very good trip, long drives though."
RV02146,BK-2024-00389,2025-03-01,5,10,Flawless from airport pickup to farewell.
RV02147,BK-2024-00393,2024-03-28,4,8,"Lovely camp, a little pricey."
RV02148,BK-2024-00394,2024-03-12,5,9,Unforgettable — saw the river crossing!
RV02149,BK-2024-00395,2024-02-21,4,7,"Very good trip, long drives though."
RV02150,BK-2024-00396,2024-03-05,4,9,Guide knew every bird by name.
RV02151,BK-2024-00397,2024-03-17,3,6,"Wildlife good, communication before trip poor."
RV02152,BK-2024-00401,2024-04-09,4,9,Guide knew every bird by name.
RV02153,BK-2024-00402,2024-03-11,5,10,Best holiday of our lives.
RV02154,BK-2024-00405,2024-02-24,4,7,"Great sightings, lodge food could improve."
RV02155,BK-2024-00406,2024-03-04,4,8,Guide knew every bird by name.
RV02156,BK-2024-00416,2024-09-09,5,9,Best holiday of our lives.
RV02157,BK-2024-00417,2024-03-23,4,8,"Great sightings, lodge food could improve."
RV02158,BK-2024-00420,2024-04-19,4,8,"Great sightings, lodge food could improve."
RV02159,BK-2024-00421,2024-04-18,5,9,Flawless from airport pickup to farewell.
RV02160,BK-2024-00423,2024-03-09,4,7,Guide knew every bird by name.
RV02161,BK-2024-00426,2024-03-16,4,7,Guide knew every bird by name.
RV02162,BK-2024-00430,2024-04-20,4,8,"Very good trip, long drives though."
RV02163,BK-2024-00432,2024-03-28,4,8,"Very good trip, long drives though."
RV02164,BK-2024-00435,2024-04-02,3,5,"Okay overall, vehicle was cramped."
RV02165,BK-2024-00436,2024-03-17,4,9,Guide knew every bird by name.
RV02166,BK-2024-00437,2024-08-13,4,9,Guide knew every bird by name.
RV02167,BK-2024-00440,2024-05-03,4,7,"Very good trip, long drives though."
RV02168,BK-2024-00445,2024-04-02,4,7,"Great sightings, lodge food could improve."
RV02169,BK-2024-00446,2024-04-22,4,9,"Great sightings, lodge food could improve."
RV02170,BK-2024-00449,2024-08-01,4,7,"Very good trip, long drives though."
RV02171,BK-2024-00451,2024-03-25,4,8,"Very good trip, long drives though."
RV02172,BK-2024-00452,2024-04-07,4,8,Guide knew every bird by name.
RV02173,BK-2024-00454,2024-09-21,4,8,"Great sightings, lodge food could improve."
RV02174,BK-2024-00455,2024-03-26,5,9,Unforgettable — saw the river crossing!
RV02175,BK-2024-00458,2024-08-05,5,10,Unforgettable — saw the river crossing!
RV02176,BK-2024-00461,2024-04-05,5,10,Flawless from airport pickup to farewell.
RV02177,BK-2024-00462,2024-03-15,4,8,"Very good trip, long drives though."
RV02178,BK-2024-00467,2024-03-17,5,9,"Guide was exceptional, every detail handled."
RV02179,BK-2024-00468,2024-03-05,4,7,"Lovely camp, a little pricey."
RV02180,BK-2024-00469,2024-05-10,3,6,"Okay overall, vehicle was cramped."
RV02181,BK-2024-00471,2024-05-28,3,7,"Wildlife good, communication before trip poor."
RV02182,BK-2024-00473,2024-08-26,5,10,Flawless from airport pickup to farewell.
RV02183,BK-2024-00474,2024-09-20,5,10,"Guide was exceptional, every detail handled."
RV02184,BK-2024-00475,2024-06-04,3,5,Too many vehicles at sightings.
RV02185,BK-2024-00482,2024-06-28,5,9,Unforgettable — saw the river crossing!
RV02186,BK-2024-00485,2024-04-14,4,7,"Very good trip, long drives though."
RV02187,BK-2024-00487,2024-06-22,5,9,Flawless from airport pickup to farewell.
RV02188,BK-2024-00488,2024-06-16,4,9,Guide knew every bird by name.
RV02189,BK-2024-00489,2024-09-08,4,7,"Lovely camp, a little pricey."
RV02190,BK-2024-00490,2024-04-24,4,8,"Lovely camp, a little pricey."
RV02191,BK-2024-00491,2024-04-12,4,9,"Very good trip, long drives though."
RV02192,BK-2024-00492,2024-05-15,3,6,"Okay overall, vehicle was cramped."
RV02193,BK-2024-00496,2024-04-28,3,6,Too many vehicles at sightings.
RV02194,BK-2024-00497,2024-06-13,3,5,Too many vehicles at sightings.
RV02195,BK-2024-00500,2024-04-17,3,7,Too many vehicles at sightings.
RV02196,BK-2024-00501,2024-04-13,5,10,Best holiday of our lives.
RV02197,BK-2024-00502,2024-09-09,3,7,"Wildlife good, communication before trip poor."
RV02198,BK-2024-00504,2024-09-06,4,9,Guide knew every bird by name.
RV02199,BK-2024-00506,2024-03-21,4,8,"Great sightings, lodge food could improve."
RV02200,BK-2024-00508,2024-04-01,4,7,"Great sightings, lodge food could improve."
RV02201,BK-2024-00509,2024-05-05,4,9,"Very good trip, long drives though."
RV02202,BK-2024-00510,2025-01-05,5,10,Best holiday of our lives.
RV02203,BK-2024-00511,2024-08-05,4,7,"Great sightings, lodge food could improve."
RV02204,BK-2024-00512,2024-03-30,4,9,"Great sightings, lodge food could improve."
RV02205,BK-2024-00515,2024-05-13,5,10,Flawless from airport pickup to farewell.
RV02206,BK-2024-00517,2024-06-24,4,7,"Great sightings, lodge food could improve."
RV02207,BK-2024-00518,2024-08-05,4,8,"Very good trip, long drives though."
RV02208,BK-2024-00519,2024-05-28,4,7,Guide knew every bird by name.
RV02209,BK-2024-00521,2024-05-07,5,10,Unforgettable — saw the river crossing!
RV02210,BK-2024-00522,2024-06-19,4,8,"Great sightings, lodge food could improve."
RV02211,BK-2024-00525,2024-04-22,4,9,Guide knew every bird by name.
RV02212,BK-2024-00527,2024-03-26,5,9,Flawless from airport pickup to farewell.
RV02213,BK-2024-00528,2024-07-14,4,7,"Lovely camp, a little pricey."
RV02214,BK-2024-00529,2024-09-21,5,10,Best holiday of our lives.
RV02215,BK-2024-00532,2024-10-01,3,5,Too many vehicles at sightings.
RV02216,BK-2024-00534,2024-06-22,4,7,Guide knew every bird by name.
RV02217,BK-2024-00536,2024-04-06,3,6,Too many vehicles at sightings.
RV02218,BK-2024-00537,2025-03-12,5,9,Unforgettable — saw the river crossing!
RV02219,BK-2024-00539,2024-04-02,4,8,"Lovely camp, a little pricey."
RV02220,BK-2024-00542,2024-07-24,4,8,"Great sightings, lodge food could improve."
RV02221,BK-2024-00543,2024-04-25,3,7,Too many vehicles at sightings.
RV02222,BK-2024-00546,2024-04-02,4,7,Guide knew every bird by name.
RV02223,BK-2024-00547,2024-04-12,3,5,"Okay overall, vehicle was cramped."
RV02224,BK-2024-00549,2024-06-29,4,8,"Very good trip, long drives though."
RV02225,BK-2024-00553,2024-03-25,5,10,"Guide was exceptional, every detail handled."
RV02226,BK-2024-00554,2024-03-29,4,8,"Lovely camp, a little pricey."
RV02227,BK-2024-00557,2024-08-01,5,9,Flawless from airport pickup to farewell.
RV02228,BK-2024-00558,2025-02-27,3,7,"Okay overall, vehicle was cramped."
RV02229,BK-2024-00560,2024-08-10,5,9,Flawless from airport pickup to farewell.
RV02230,BK-2024-00562,2024-08-25,4,7,"Very good trip, long drives though."
RV02231,BK-2024-00566,2024-03-22,5,9,"Guide was exceptional, every detail handled."
RV02232,BK-2024-00572,2024-08-13,4,8,"Lovely camp, a little pricey."
RV02233,BK-2024-00573,2024-08-03,5,9,Unforgettable — saw the river crossing!
RV02234,BK-2024-00574,2024-04-21,5,10,"Guide was exceptional, every detail handled."
RV02235,BK-2024-00575,2024-04-06,3,6,"Okay overall, vehicle was cramped."
RV02236,BK-2024-00577,2024-03-25,4,7,"Very good trip, long drives though."
RV02237,BK-2024-00579,2024-04-03,3,5,"Okay overall, vehicle was cramped."
RV02238,BK-2024-00580,2024-03-19,4,9,"Great sightings, lodge food could improve."
RV02239,BK-2024-00582,2024-06-13,4,9,Guide knew every bird by name.
RV02240,BK-2024-00583,2024-05-16,4,7,"Very good trip, long drives though."
RV02241,BK-2024-00584,2024-04-13,3,5,"Wildlife good, communication before trip poor."
RV02242,BK-2024-00585,2024-05-04,5,10,Best holiday of our lives.
RV02243,BK-2024-00590,2024-09-21,5,10,Unforgettable — saw the river crossing!
RV02244,BK-2024-00591,2024-03-25,2,6,Delayed pickup and a flat tyre.
RV02245,BK-2024-00592,2024-04-07,5,10,Unforgettable — saw the river crossing!
RV02246,BK-2024-00596,2024-06-08,3,5,"Wildlife good, communication before trip poor."
RV02247,BK-2024-00597,2024-04-11,4,9,"Great sightings, lodge food could improve."
RV02248,BK-2024-00599,2024-04-24,4,8,Guide knew every bird by name.
RV02249,BK-2024-00600,2024-05-22,5,10,Unforgettable — saw the river crossing!
RV02250,BK-2024-00603,2024-04-14,4,8,"Very good trip, long drives though."
RV02251,BK-2024-00604,2024-08-02,5,10,"Guide was exceptional, every detail handled."
RV02252,BK-2024-00606,2024-03-31,3,5,Too many vehicles at sightings.
RV02253,BK-2024-00607,2024-07-11,5,10,"Guide was exceptional, every detail handled."
RV02254,BK-2024-00610,2024-06-20,4,8,Guide knew every bird by name.
RV02255,BK-2024-00611,2024-06-23,4,7,Guide knew every bird by name.
RV02256,BK-2024-00612,2024-03-23,4,9,"Great sightings, lodge food could improve."
RV02257,BK-2024-00619,2024-08-30,5,10,Best holiday of our lives.
RV02258,BK-2024-00622,2024-05-18,4,7,"Lovely camp, a little pricey."
RV02259,BK-2024-00623,2024-07-09,3,7,"Okay overall, vehicle was cramped."
RV02260,BK-2024-00628,2024-03-20,2,6,Delayed pickup and a flat tyre.
RV02261,BK-2024-00632,2024-08-01,5,9,Best holiday of our lives.
RV02262,BK-2024-00635,2024-09-26,5,9,Unforgettable — saw the river crossing!
RV02263,BK-2024-00637,2024-06-22,3,7,"Wildlife good, communication before trip poor."
RV02264,BK-2024-00640,2024-03-20,4,7,"Great sightings, lodge food could improve."
RV02265,BK-2024-00645,2024-06-29,3,7,Too many vehicles at sightings.
RV02266,BK-2024-00646,2024-07-29,5,10,Best holiday of our lives.
RV02267,BK-2024-00649,2024-03-25,5,9,Unforgettable — saw the river crossing!
RV02268,BK-2024-00652,2024-06-23,5,9,"Guide was exceptional, every detail handled."
RV02269,BK-2024-00656,2024-06-08,3,7,Too many vehicles at sightings.
RV02270,BK-2024-00659,2024-09-11,5,9,"Guide was exceptional, every detail handled."
RV02271,BK-2024-00660,2024-04-25,2,3,Accommodation not as advertised.
RV02272,BK-2024-00661,2024-05-21,4,9,Guide knew every bird by name.
RV02273,BK-2024-00663,2024-04-17,4,7,"Very good trip, long drives though."
RV02274,BK-2024-00666,2024-04-09,4,8,"Great sightings, lodge food could improve."
RV02275,BK-2024-00667,2024-08-18,3,6,Too many vehicles at sightings.
RV02276,BK-2024-00668,2024-04-28,5,9,Best holiday of our lives.
RV02277,BK-2024-00670,2024-04-07,5,9,"Guide was exceptional, every detail handled."
RV02278,BK-2024-00671,2024-08-14,5,9,Unforgettable — saw the river crossing!
RV02279,BK-2024-00673,2024-04-07,3,5,"Okay overall, vehicle was cramped."
RV02280,BK-2024-00674,2024-11-11,5,9,Unforgettable — saw the river crossing!
RV02281,BK-2024-00675,2024-04-17,4,9,"Lovely camp, a little pricey."
RV02282,BK-2024-00676,2024-07-14,4,8,Guide knew every bird by name.
RV02283,BK-2024-00677,2024-05-17,4,8,Guide knew every bird by name.
RV02284,BK-2024-00680,2024-07-04,4,8,"Lovely camp, a little pricey."
RV02285,BK-2024-00684,2024-08-16,5,10,Best holiday of our lives.
RV02286,BK-2024-00685,2024-05-22,4,8,"Very good trip, long drives though."
RV02287,BK-2024-00686,2024-10-18,4,7,"Very good trip, long drives though."
RV02288,BK-2024-00687,2024-06-27,5,9,"Guide was exceptional, every detail handled."
RV02289,BK-2024-00688,2024-03-26,4,9,"Lovely camp, a little pricey."
RV02290,BK-2024-00689,2024-04-13,4,7,"Lovely camp, a little pricey."
RV02291,BK-2024-00690,2024-04-09,4,7,"Lovely camp, a little pricey."
RV02292,BK-2024-00691,2024-03-28,4,9,Guide knew every bird by name.
RV02293,BK-2024-00693,2024-11-15,5,9,"Guide was exceptional, every detail handled."
RV02294,BK-2024-00696,2024-04-10,4,8,Guide knew every bird by name.
RV02295,BK-2024-00698,2024-04-25,5,10,"Guide was exceptional, every detail handled."
RV02296,BK-2024-00699,2024-08-08,5,9,Unforgettable — saw the river crossing!
RV02297,BK-2024-00702,2024-05-19,4,7,"Very good trip, long drives though."
RV02298,BK-2024-00707,2024-04-11,4,9,Guide knew every bird by name.
RV02299,BK-2024-00708,2024-08-15,3,7,"Wildlife good, communication before trip poor."
RV02300,BK-2024-00709,2024-05-04,3,7,"Okay overall, vehicle was cramped."
RV02301,BK-2024-00710,2024-04-14,4,8,"Great sightings, lodge food could improve."
RV02302,BK-2024-00714,2024-10-02,5,9,Unforgettable — saw the river crossing!
RV02303,BK-2024-00717,2024-06-29,5,9,"Guide was exceptional, every detail handled."
RV02304,BK-2024-00720,2024-06-13,5,9,Flawless from airport pickup to farewell.
RV02305,BK-2024-00721,2024-06-27,5,9,Flawless from airport pickup to farewell.
RV02306,BK-2024-00722,2024-05-31,5,10,Flawless from airport pickup to farewell.
RV02307,BK-2024-00724,2025-02-28,4,9,"Great sightings, lodge food could improve."
RV02308,BK-2024-00725,2024-05-07,4,7,"Very good trip, long drives though."
RV02309,BK-2024-00726,2024-04-19,4,9,"Lovely camp, a little pricey."
RV02310,BK-2024-00728,2024-07-22,5,9,Best holiday of our lives.
RV02311,BK-2024-00729,2024-06-17,5,9,"Guide was exceptional, every detail handled."
RV02312,BK-2024-00731,2024-09-11,5,9,"Guide was exceptional, every detail handled."
RV02313,BK-2024-00732,2024-04-05,4,9,"Lovely camp, a little pricey."
RV02314,BK-2024-00734,2024-11-20,5,9,Best holiday of our lives.
RV02315,BK-2024-00735,2024-09-13,5,9,"Guide was exceptional, every detail handled."
RV02316,BK-2024-00736,2024-04-19,4,9,"Lovely camp, a little pricey."
RV02317,BK-2024-00737,2024-08-12,4,7,"Lovely camp, a little pricey."
RV02318,BK-2024-00743,2024-05-20,3,7,"Wildlife good, communication before trip poor."
RV02319,BK-2024-00746,2024-05-10,4,7,"Lovely camp, a little pricey."
RV02320,BK-2024-00747,2024-05-06,4,8,Guide knew every bird by name.
RV02321,BK-2024-00748,2024-04-17,4,9,"Great sightings, lodge food could improve."
RV02322,BK-2024-00753,2024-07-17,5,10,Best holiday of our lives.
RV02323,BK-2024-00754,2024-07-16,5,10,"Guide was exceptional, every detail handled."
RV02324,BK-2024-00755,2024-09-04,5,10,Unforgettable — saw the river crossing!
RV02325,BK-2024-00757,2024-06-27,4,8,"Lovely camp, a little pricey."
RV02326,BK-2024-00758,2024-05-06,3,7,"Wildlife good, communication before trip poor."
RV02327,BK-2024-00761,2024-06-27,5,9,Unforgettable — saw the river crossing!
RV02328,BK-2024-00763,2024-05-30,3,6,Too many vehicles at sightings.
RV02329,BK-2024-00764,2024-05-24,2,4,Delayed pickup and a flat tyre.
RV02330,BK-2024-00765,2024-09-18,4,8,Guide knew every bird by name.
RV02331,BK-2024-00766,2024-08-04,4,9,"Lovely camp, a little pricey."
RV02332,BK-2024-00767,2024-07-17,4,8,"Great sightings, lodge food could improve."
RV02333,BK-2024-00771,2024-07-10,3,6,Too many vehicles at sightings.
RV02334,BK-2024-00773,2024-07-25,5,9,Flawless from airport pickup to farewell.
RV02335,BK-2024-00774,2024-09-09,5,9,Flawless from airport pickup to farewell.
RV02336,BK-2024-00775,2024-06-22,3,6,"Okay overall, vehicle was cramped."
RV02337,BK-2024-00777,2024-06-12,3,5,"Wildlife good, communication before trip poor."
RV02338,BK-2024-00780,2024-09-27,4,8,Guide knew every bird by name.
RV02339,BK-2024-00783,2024-08-31,5,10,Best holiday of our lives.
RV02340,BK-2024-00786,2024-08-08,4,9,"Lovely camp, a little pricey."
RV02341,BK-2024-00787,2024-10-28,4,7,Guide knew every bird by name.
RV02342,BK-2024-00790,2024-06-25,4,8,"Lovely camp, a little pricey."
RV02343,BK-2024-00792,2024-05-03,2,6,Delayed pickup and a flat tyre.
RV02344,BK-2024-00793,2024-12-02,5,9,Unforgettable — saw the river crossing!
RV02345,BK-2024-00798,2024-09-04,5,10,Unforgettable — saw the river crossing!
RV02346,BK-2024-00800,2024-08-28,5,10,"Guide was exceptional, every detail handled."
RV02347,BK-2024-00801,2024-06-03,5,10,Flawless from airport pickup to farewell.
RV02348,BK-2024-00804,2024-10-07,5,10,Best holiday of our lives.
RV02349,BK-2024-00805,2024-07-16,5,10,"Guide was exceptional, every detail handled."
RV02350,BK-2024-00806,2024-05-18,5,10,Best holiday of our lives.
RV02351,BK-2024-00808,2024-09-22,5,10,Unforgettable — saw the river crossing!
RV02352,BK-2024-00812,2024-05-18,2,3,Accommodation not as advertised.
RV02353,BK-2024-00815,2024-07-20,4,8,Guide knew every bird by name.
RV02354,BK-2024-00816,2024-09-12,3,6,"Wildlife good, communication before trip poor."
RV02355,BK-2024-00819,2025-01-09,3,5,"Okay overall, vehicle was cramped."
RV02356,BK-2024-00823,2024-05-24,3,7,"Okay overall, vehicle was cramped."
RV02357,BK-2024-00827,2024-06-03,3,7,"Okay overall, vehicle was cramped."
RV02358,BK-2024-00828,2024-09-15,4,8,"Great sightings, lodge food could improve."
RV02359,BK-2024-00832,2024-04-22,4,8,"Great sightings, lodge food could improve."
RV02360,BK-2024-00834,2024-06-26,5,9,Unforgettable — saw the river crossing!
RV02361,BK-2024-00835,2024-08-17,5,10,Unforgettable — saw the river crossing!
RV02362,BK-2024-00838,2024-09-21,3,6,"Wildlife good, communication before trip poor."
RV02363,BK-2024-00839,2024-11-18,5,9,Unforgettable — saw the river crossing!
RV02364,BK-2024-00842,2024-07-04,5,9,Flawless from airport pickup to farewell.
RV02365,BK-2024-00843,2024-07-23,4,8,Guide knew every bird by name.
RV02366,BK-2024-00845,2024-08-27,4,8,"Great sightings, lodge food could improve."
RV02367,BK-2024-00846,2024-07-05,4,7,"Very good trip, long drives though."
RV02368,BK-2024-00847,2024-08-31,3,6,"Wildlife good, communication before trip poor."
RV02369,BK-2024-00848,2024-09-08,4,9,Guide knew every bird by name.
RV02370,BK-2024-00849,2024-07-06,5,10,"Guide was exceptional, every detail handled."
RV02371,BK-2024-00850,2024-04-28,5,9,"Guide was exceptional, every detail handled."
RV02372,BK-2024-00851,2025-03-11,4,9,"Very good trip, long drives though."
RV02373,BK-2024-00853,2024-06-04,4,8,"Lovely camp, a little pricey."
RV02374,BK-2024-00854,2024-08-21,3,5,"Okay overall, vehicle was cramped."
RV02375,BK-2024-00855,2024-10-22,4,9,"Very good trip, long drives though."
RV02376,BK-2024-00856,2024-12-06,4,7,"Very good trip, long drives though."
RV02377,BK-2024-00857,2024-08-20,5,9,Unforgettable — saw the river crossing!
RV02378,BK-2024-00858,2024-08-08,5,10,Best holiday of our lives.
RV02379,BK-2024-00861,2024-07-21,3,7,"Okay overall, vehicle was cramped."
RV02380,BK-2024-00862,2024-05-04,4,8,Guide knew every bird by name.
RV02381,BK-2024-00863,2024-05-22,5,10,Flawless from airport pickup to farewell.
RV02382,BK-2024-00864,2024-08-28,5,9,"Guide was exceptional, every detail handled."
RV02383,BK-2024-00865,2024-08-01,5,9,Best holiday of our lives.
RV02384,BK-2024-00867,2024-07-27,5,9,"Guide was exceptional, every detail handled."
RV02385,BK-2024-00868,2024-09-09,4,7,"Lovely camp, a little pricey."
RV02386,BK-2024-00870,2024-09-08,4,8,"Great sightings, lodge food could improve."
RV02387,BK-2024-00871,2024-08-23,5,10,Unforgettable — saw the river crossing!
RV02388,BK-2024-00872,2024-08-20,4,9,"Very good trip, long drives though."
RV02389,BK-2024-00873,2024-05-29,4,9,"Great sightings, lodge food could improve."
RV02390,BK-2024-00875,2024-09-05,5,10,Flawless from airport pickup to farewell.
RV02391,BK-2024-00876,2024-11-22,4,7,"Lovely camp, a little pricey."
RV02392,BK-2024-00877,2024-04-28,3,6,"Okay overall, vehicle was cramped."
RV02393,BK-2024-00879,2024-05-17,2,4,Accommodation not as advertised.
RV02394,BK-2024-00882,2024-07-02,4,8,Guide knew every bird by name.
RV02395,BK-2024-00887,2024-06-29,3,7,Too many vehicles at sightings.
RV02396,BK-2024-00889,2024-06-10,5,9,"Guide was exceptional, every detail handled."
RV02397,BK-2024-00893,2024-07-04,5,10,"Guide was exceptional, every detail handled."
RV02398,BK-2024-00895,2024-08-26,4,7,Guide knew every bird by name.
RV02399,BK-2024-00898,2024-07-23,4,7,"Very good trip, long drives though."
RV02400,BK-2024-00903,2024-09-19,4,8,"Lovely camp, a little pricey."
RV02401,BK-2024-00907,2024-07-23,4,8,"Very good trip, long drives though."
RV02402,BK-2024-00909,2024-06-29,5,9,Best holiday of our lives.
RV02403,BK-2024-00913,2024-07-17,5,10,Best holiday of our lives.
RV02404,BK-2024-00914,2024-08-17,5,9,Best holiday of our lives.
RV02405,BK-2024-00915,2024-06-28,4,9,"Great sightings, lodge food could improve."
RV02406,BK-2024-00919,2024-08-10,5,9,Flawless from airport pickup to farewell.
RV02407,BK-2024-00922,2024-10-16,4,7,"Great sightings, lodge food could improve."
RV02408,BK-2024-00923,2024-07-05,5,10,Flawless from airport pickup to farewell.
RV02409,BK-2024-00925,2024-09-21,5,10,Unforgettable — saw the river crossing!
RV02410,BK-2024-00926,2024-05-01,3,7,"Okay overall, vehicle was cramped."
RV02411,BK-2024-00929,2024-07-11,3,5,Too many vehicles at sightings.
RV02412,BK-2024-00933,2024-08-04,5,9,Flawless from airport pickup to farewell.
RV02413,BK-2024-00934,2024-07-28,5,9,Unforgettable — saw the river crossing!
RV02414,BK-2024-00936,2024-07-24,5,10,"Guide was exceptional, every detail handled."
RV02415,BK-2024-00937,2024-08-27,4,8,"Lovely camp, a little pricey."
RV02416,BK-2024-00939,2024-07-13,3,6,Too many vehicles at sightings.
RV02417,BK-2024-00943,2024-08-05,4,9,"Lovely camp, a little pricey."
RV02418,BK-2024-00946,2024-05-27,4,9,Guide knew every bird by name.
RV02419,BK-2024-00947,2024-06-04,3,5,"Wildlife good, communication before trip poor."
RV02420,BK-2024-00948,2024-07-22,4,9,"Very good trip, long drives though."
RV02421,BK-2024-00949,2024-05-18,4,8,"Lovely camp, a little pricey."
RV02422,BK-2024-00950,2024-06-21,3,6,"Wildlife good, communication before trip poor."
RV02423,BK-2024-00951,2024-08-09,4,9,Guide knew every bird by name.
RV02424,BK-2024-00953,2024-07-14,4,7,"Very good trip, long drives though."
RV02425,BK-2024-00954,2024-09-04,3,7,"Okay overall, vehicle was cramped."
RV02426,BK-2024-00955,2024-08-21,5,9,Unforgettable — saw the river crossing!
RV02427,BK-2024-00957,2024-04-29,3,6,"Wildlife good, communication before trip poor."
RV02428,BK-2024-00959,2024-08-04,5,9,Best holiday of our lives.
RV02429,BK-2024-00960,2024-07-06,5,9,"Guide was exceptional, every detail handled."
RV02430,BK-2024-00962,2024-06-03,4,7,"Great sightings, lodge food could improve."
RV02431,BK-2024-00964,2024-07-08,4,8,Guide knew every bird by name.
RV02432,BK-2024-00966,2024-09-09,3,6,Too many vehicles at sightings.
RV02433,BK-2024-00967,2024-09-05,5,10,"Guide was exceptional, every detail handled."
RV02434,BK-2024-00969,2024-08-11,5,9,Unforgettable — saw the river crossing!
RV02435,BK-2024-00970,2024-06-21,4,7,Guide knew every bird by name.
RV02436,BK-2024-00976,2024-10-09,4,8,"Great sightings, lodge food could improve."
RV02437,BK-2024-00979,2024-09-07,5,10,Best holiday of our lives.
RV02438,BK-2024-00981,2024-08-25,3,5,"Okay overall, vehicle was cramped."
RV02439,BK-2024-00988,2024-06-22,5,9,"Guide was exceptional, every detail handled."
RV02440,BK-2024-00991,2024-06-24,3,7,"Okay overall, vehicle was cramped."
RV02441,BK-2024-00992,2024-07-11,3,6,Too many vehicles at sightings.
RV02442,BK-2024-00993,2024-07-16,4,8,"Very good trip, long drives though."
RV02443,BK-2024-00996,2024-06-01,5,10,Unforgettable — saw the river crossing!
RV02444,BK-2024-00997,2024-05-12,4,9,"Lovely camp, a little pricey."
RV02445,BK-2024-00998,2024-10-29,5,10,Unforgettable — saw the river crossing!
RV02446,BK-2024-00999,2024-06-10,3,5,Too many vehicles at sightings.
RV02447,BK-2024-01000,2024-08-11,5,10,Unforgettable — saw the river crossing!
RV02448,BK-2024-01005,2024-07-14,3,5,"Wildlife good, communication before trip poor."
RV02449,BK-2024-01008,2024-06-17,5,9,"Guide was exceptional, every detail handled."
RV02450,BK-2024-01010,2024-05-23,4,7,"Very good trip, long drives though."
RV02451,BK-2024-01012,2024-07-19,4,7,"Very good trip, long drives though."
RV02452,BK-2024-01013,2024-06-02,4,9,Guide knew every bird by name.
RV02453,BK-2024-01014,2024-06-29,3,6,Too many vehicles at sightings.
RV02454,BK-2024-01015,2024-08-05,4,9,"Great sightings, lodge food could improve."
RV02455,BK-2024-01018,2024-07-12,4,7,"Great sightings, lodge food could improve."
RV02456,BK-2024-01019,2024-07-29,3,5,Too many vehicles at sightings.
RV02457,BK-2024-01020,2024-08-22,4,9,"Very good trip, long drives though."
RV02458,BK-2024-01025,2024-09-06,5,9,Unforgettable — saw the river crossing!
RV02459,BK-2024-01026,2024-05-26,4,9,"Great sightings, lodge food could improve."
RV02460,BK-2024-01029,2024-07-07,4,9,Guide knew every bird by name.
RV02461,BK-2024-01031,2024-09-14,5,9,Unforgettable — saw the river crossing!
RV02462,BK-2024-01033,2024-09-01,3,7,Too many vehicles at sightings.
RV02463,BK-2024-01034,2024-06-22,5,10,Flawless from airport pickup to farewell.
RV02464,BK-2024-01035,2024-08-31,4,9,"Lovely camp, a little pricey."
RV02465,BK-2024-01036,2024-07-31,4,9,"Great sightings, lodge food could improve."
RV02466,BK-2024-01038,2024-06-15,4,8,"Great sightings, lodge food could improve."
RV02467,BK-2024-01039,2024-08-06,5,9,Best holiday of our lives.
RV02468,BK-2024-01041,2024-10-01,5,9,Best holiday of our lives.
RV02469,BK-2024-01042,2024-11-01,5,10,Flawless from airport pickup to farewell.
RV02470,BK-2024-01043,2024-07-31,4,9,"Lovely camp, a little pricey."
RV02471,BK-2024-01046,2024-07-25,5,10,Unforgettable — saw the river crossing!
RV02472,BK-2024-01048,2024-09-17,4,8,"Very good trip, long drives though."
RV02473,BK-2024-01050,2024-06-25,4,8,"Lovely camp, a little pricey."
RV02474,BK-2024-01053,2024-08-11,4,9,"Lovely camp, a little pricey."
RV02475,BK-2024-01058,2024-09-30,5,10,Flawless from airport pickup to farewell.
RV02476,BK-2024-01061,2024-06-15,4,8,"Lovely camp, a little pricey."
RV02477,BK-2024-01066,2024-08-01,5,9,Best holiday of our lives.
RV02478,BK-2024-01068,2024-08-31,4,9,"Very good trip, long drives though."
RV02479,BK-2024-01071,2024-10-20,4,8,Guide knew every bird by name.
RV02480,BK-2024-01072,2024-07-15,5,9,Flawless from airport pickup to farewell.
RV02481,BK-2024-01073,2024-07-09,4,9,"Very good trip, long drives though."
RV02482,BK-2024-01074,2024-12-22,5,9,Best holiday of our lives.
RV02483,BK-2024-01075,2024-09-25,5,10,"Guide was exceptional, every detail handled."
RV02484,BK-2024-01077,2024-10-14,4,9,"Very good trip, long drives though."
RV02485,BK-2024-01078,2024-09-26,5,10,Flawless from airport pickup to farewell.
RV02486,BK-2024-01079,2024-06-23,3,7,Too many vehicles at sightings.
RV02487,BK-2024-01080,2024-08-15,5,10,Flawless from airport pickup to farewell.
RV02488,BK-2024-01084,2024-08-24,4,8,"Very good trip, long drives though."
RV02489,BK-2024-01087,2024-12-19,5,10,Flawless from airport pickup to farewell.
RV02490,BK-2024-01088,2024-08-29,4,8,"Lovely camp, a little pricey."
RV02491,BK-2024-01089,2024-06-21,4,9,"Lovely camp, a little pricey."
RV02492,BK-2024-01094,2024-05-25,4,9,"Very good trip, long drives though."
RV02493,BK-2024-01098,2024-06-13,4,8,"Great sightings, lodge food could improve."
RV02494,BK-2024-01099,2024-10-29,5,10,Unforgettable — saw the river crossing!
RV02495,BK-2024-01102,2024-09-27,5,9,Best holiday of our lives.
RV02496,BK-2024-01104,2025-03-12,4,8,"Lovely camp, a little pricey."
RV02497,BK-2024-01105,2024-10-13,5,9,Best holiday of our lives.
RV02498,BK-2024-01108,2024-06-21,5,10,"Guide was exceptional, every detail handled."
RV02499,BK-2024-01112,2024-08-17,5,9,Flawless from airport pickup to farewell.
RV02500,BK-2024-01117,2024-09-03,5,10,"Guide was exceptional, every detail handled."
RV02501,BK-2024-01120,2024-06-03,4,9,"Great sightings, lodge food could improve."
RV02502,BK-2024-01121,2024-08-01,4,8,"Very good trip, long drives though."
RV02503,BK-2024-01123,2024-05-31,4,8,"Great sightings, lodge food could improve."
RV02504,BK-2024-01125,2024-10-15,5,10,Unforgettable — saw the river crossing!
RV02505,BK-2024-01126,2024-07-16,3,6,"Okay overall, vehicle was cramped."
RV02506,BK-2024-01128,2024-10-22,5,10,Unforgettable — saw the river crossing!
RV02507,BK-2024-01131,2024-07-01,3,7,"Wildlife good, communication before trip poor."
RV02508,BK-2024-01132,2024-07-03,5,9,"Guide was exceptional, every detail handled."
RV02509,BK-2024-01133,2024-07-01,3,6,"Wildlife good, communication before trip poor."
RV02510,BK-2024-01134,2024-09-24,4,8,"Great sightings, lodge food could improve."
RV02511,BK-2024-01135,2024-09-25,5,9,Unforgettable — saw the river crossing!
RV02512,BK-2024-01136,2024-06-22,5,9,Best holiday of our lives.
RV02513,BK-2024-01137,2024-08-07,4,7,Guide knew every bird by name.
RV02514,BK-2024-01138,2024-06-04,4,8,"Great sightings, lodge food could improve."
RV02515,BK-2024-01143,2024-08-04,3,5,Too many vehicles at sightings.
RV02516,BK-2024-01150,2024-09-08,3,5,Too many vehicles at sightings.
RV02517,BK-2024-01151,2024-08-06,3,7,"Wildlife good, communication before trip poor."
RV02518,BK-2024-01152,2024-06-23,5,9,Unforgettable — saw the river crossing!
RV02519,BK-2024-01153,2024-09-16,4,7,Guide knew every bird by name.
RV02520,BK-2024-01160,2024-11-04,3,7,Too many vehicles at sightings.
RV02521,BK-2024-01163,2024-07-19,4,8,"Great sightings, lodge food could improve."
RV02522,BK-2024-01165,2024-09-29,5,9,Flawless from airport pickup to farewell.
RV02523,BK-2024-01168,2024-10-19,3,7,Too many vehicles at sightings.
RV02524,BK-2024-01171,2025-01-03,5,10,Best holiday of our lives.
RV02525,BK-2024-01175,2024-09-09,5,10,Best holiday of our lives.
RV02526,BK-2024-01176,2024-06-24,4,9,"Lovely camp, a little pricey."
RV02527,BK-2024-01177,2024-09-17,5,10,Unforgettable — saw the river crossing!
RV02528,BK-2024-01178,2024-05-23,4,9,"Very good trip, long drives though."
RV02529,BK-2024-01181,2024-11-21,5,10,Unforgettable — saw the river crossing!
RV02530,BK-2024-01183,2024-09-19,5,9,"Guide was exceptional, every detail handled."
RV02531,BK-2024-01184,2024-08-31,3,6,"Wildlife good, communication before trip poor."
RV02532,BK-2024-01185,2024-07-12,4,7,"Great sightings, lodge food could improve."
RV02533,BK-2024-01187,2024-09-02,4,9,"Lovely camp, a little pricey."
RV02534,BK-2024-01188,2024-09-08,5,10,"Guide was exceptional, every detail handled."
RV02535,BK-2024-01192,2024-09-07,3,5,"Wildlife good, communication before trip poor."
RV02536,BK-2024-01193,2024-09-03,5,10,Unforgettable — saw the river crossing!
RV02537,BK-2024-01194,2024-08-10,5,10,Flawless from airport pickup to farewell.
RV02538,BK-2024-01195,2024-08-16,5,10,Best holiday of our lives.
RV02539,BK-2024-01197,2024-08-13,4,7,"Very good trip, long drives though."
RV02540,BK-2024-01199,2025-04-20,4,7,"Great sightings, lodge food could improve."
RV02541,BK-2024-01201,2024-07-05,5,10,Best holiday of our lives.
RV02542,BK-2024-01202,2024-08-18,5,9,"Guide was exceptional, every detail handled."
RV02543,BK-2024-01205,2024-10-18,4,7,"Lovely camp, a little pricey."
RV02544,BK-2024-01207,2024-07-08,4,7,Guide knew every bird by name.
RV02545,BK-2024-01209,2024-05-26,4,7,"Lovely camp, a little pricey."
RV02546,BK-2024-01212,2024-07-18,4,8,Guide knew every bird by name.
RV02547,BK-2024-01214,2025-03-13,4,7,"Very good trip, long drives though."
RV02548,BK-2024-01215,2024-09-04,4,8,Guide knew every bird by name.
RV02549,BK-2024-01223,2024-07-30,5,10,Unforgettable — saw the river crossing!
RV02550,BK-2024-01226,2024-06-07,4,8,"Lovely camp, a little pricey."
RV02551,BK-2024-01227,2024-10-10,5,10,Best holiday of our lives.
RV02552,BK-2024-01231,2024-07-03,3,6,"Wildlife good, communication before trip poor."
RV02553,BK-2024-01234,2024-08-27,5,9,Best holiday of our lives.
RV02554,BK-2024-01238,2024-10-15,5,10,Best holiday of our lives.
RV02555,BK-2024-01239,2024-08-12,4,7,"Great sightings, lodge food could improve."
RV02556,BK-2024-01240,2024-08-26,5,9,Unforgettable — saw the river crossing!
RV02557,BK-2024-01243,2024-10-07,3,7,Too many vehicles at sightings.
RV02558,BK-2024-01244,2024-06-27,4,8,"Lovely camp, a little pricey."
RV02559,BK-2024-01246,2024-10-29,5,10,Flawless from airport pickup to farewell.
RV02560,BK-2024-01252,2024-08-01,4,8,Guide knew every bird by name.
RV02561,BK-2024-01258,2024-09-27,4,7,Guide knew every bird by name.
RV02562,BK-2024-01259,2024-11-03,5,10,Unforgettable — saw the river crossing!
RV02563,BK-2024-01260,2024-09-30,5,10,"Guide was exceptional, every detail handled."
RV02564,BK-2024-01261,2024-07-05,4,8,Guide knew every bird by name.
RV02565,BK-2024-01263,2025-01-25,5,9,Best holiday of our lives.
RV02566,BK-2024-01269,2024-09-16,4,8,"Great sightings, lodge food could improve."
RV02567,BK-2024-01270,2024-09-02,4,8,"Great sightings, lodge food could improve."
RV02568,BK-2024-01271,2024-09-03,5,10,Flawless from airport pickup to farewell.
RV02569,BK-2024-01277,2024-08-05,5,9,Flawless from airport pickup to farewell.
RV02570,BK-2024-01279,2024-10-20,3,5,"Okay overall, vehicle was cramped."
RV02571,BK-2024-01280,2024-12-26,4,9,"Lovely camp, a little pricey."
RV02572,BK-2024-01281,2024-07-10,3,5,"Wildlife good, communication before trip poor."
RV02573,BK-2024-01283,2024-07-27,4,8,Guide knew every bird by name.
RV02574,BK-2024-01285,2024-07-28,4,7,"Lovely camp, a little pricey."
RV02575,BK-2024-01286,2024-12-25,4,8,Guide knew every bird by name.
RV02576,BK-2024-01287,2024-06-26,4,8,"Great sightings, lodge food could improve."
RV02577,BK-2024-01288,2024-07-29,4,9,"Very good trip, long drives though."
RV02578,BK-2024-01289,2024-09-15,4,8,Guide knew every bird by name.
RV02579,BK-2024-01293,2025-05-18,4,7,"Very good trip, long drives though."
RV02580,BK-2024-01295,2024-08-13,4,7,Guide knew every bird by name.
RV02581,BK-2024-01297,2024-08-03,5,9,"Guide was exceptional, every detail handled."
RV02582,BK-2024-01301,2024-08-12,4,9,"Very good trip, long drives though."
RV02583,BK-2024-01305,2024-06-19,4,9,"Lovely camp, a little pricey."
RV02584,BK-2024-01306,2024-07-24,5,10,"Guide was exceptional, every detail handled."
RV02585,BK-2024-01307,2024-07-18,4,7,"Very good trip, long drives though."
RV02586,BK-2024-01314,2024-07-08,4,7,"Great sightings, lodge food could improve."
RV02587,BK-2024-01316,2025-03-11,5,10,"Guide was exceptional, every detail handled."
RV02588,BK-2024-01318,2024-09-11,4,8,Guide knew every bird by name.
RV02589,BK-2024-01319,2024-07-24,3,5,Too many vehicles at sightings.
RV02590,BK-2024-01320,2024-07-05,3,7,"Wildlife good, communication before trip poor."
RV02591,BK-2024-01321,2024-08-18,4,8,"Very good trip, long drives though."
RV02592,BK-2024-01322,2024-08-27,4,7,Guide knew every bird by name.
RV02593,BK-2024-01324,2024-08-18,3,5,"Okay overall, vehicle was cramped."
RV02594,BK-2024-01327,2025-01-30,4,7,"Lovely camp, a little pricey."
RV02595,BK-2024-01329,2024-06-29,3,7,"Wildlife good, communication before trip poor."
RV02596,BK-2024-01331,2024-09-06,4,8,"Very good trip, long drives though."
RV02597,BK-2024-01332,2024-07-22,4,8,"Lovely camp, a little pricey."
RV02598,BK-2024-01334,2024-06-16,2,3,Delayed pickup and a flat tyre.
RV02599,BK-2024-01338,2024-08-27,5,10,"Guide was exceptional, every detail handled."
RV02600,BK-2024-01339,2024-09-15,3,5,"Okay overall, vehicle was cramped."
RV02601,BK-2024-01341,2024-06-17,3,5,Too many vehicles at sightings.
RV02602,BK-2024-01344,2024-08-17,5,10,Flawless from airport pickup to farewell.
RV02603,BK-2024-01345,2024-07-23,3,5,Too many vehicles at sightings.
RV02604,BK-2024-01349,2024-08-08,5,9,Best holiday of our lives.
RV02605,BK-2024-01351,2024-09-20,5,9,"Guide was exceptional, every detail handled."
RV02606,BK-2024-01358,2024-08-10,4,8,"Lovely camp, a little pricey."
RV02607,BK-2024-01360,2024-07-27,3,5,"Wildlife good, communication before trip poor."
RV02608,BK-2024-01367,2024-11-18,5,9,"Guide was exceptional, every detail handled."
RV02609,BK-2024-01368,2024-08-22,5,9,"Guide was exceptional, every detail handled."
RV02610,BK-2024-01369,2024-09-16,5,9,Best holiday of our lives.
RV02611,BK-2024-01370,2024-09-09,4,8,"Great sightings, lodge food could improve."
RV02612,BK-2024-01372,2024-07-16,3,7,"Okay overall, vehicle was cramped."
RV02613,BK-2024-01376,2024-11-19,4,8,"Great sightings, lodge food could improve."
RV02614,BK-2024-01378,2024-07-22,3,5,"Wildlife good, communication before trip poor."
RV02615,BK-2024-01379,2024-09-13,4,9,"Lovely camp, a little pricey."
RV02616,BK-2024-01382,2024-08-21,4,8,"Very good trip, long drives though."
RV02617,BK-2024-01383,2024-08-22,5,9,Unforgettable — saw the river crossing!
RV02618,BK-2024-01384,2024-08-05,4,7,"Lovely camp, a little pricey."
RV02619,BK-2024-01385,2025-02-16,5,9,Best holiday of our lives.
RV02620,BK-2024-01387,2024-08-10,4,7,Guide knew every bird by name.
RV02621,BK-2024-01390,2024-07-29,3,5,"Wildlife good, communication before trip poor."
RV02622,BK-2024-01391,2024-07-23,3,5,"Okay overall, vehicle was cramped."
RV02623,BK-2024-01397,2024-06-20,5,10,"Guide was exceptional, every detail handled."
RV02624,BK-2024-01401,2024-07-20,3,5,"Okay overall, vehicle was cramped."
RV02625,BK-2024-01402,2025-01-10,4,8,"Very good trip, long drives though."
RV02626,BK-2024-01403,2024-08-23,4,7,"Lovely camp, a little pricey."
RV02627,BK-2024-01411,2024-07-12,4,7,Guide knew every bird by name.
RV02628,BK-2024-01412,2024-07-30,5,10,Best holiday of our lives.
RV02629,BK-2024-01413,2024-06-17,3,7,Too many vehicles at sightings.
RV02630,BK-2024-01416,2024-09-22,5,9,"Guide was exceptional, every detail handled."
RV02631,BK-2024-01417,2024-08-25,5,10,"Guide was exceptional, every detail handled."
RV02632,BK-2024-01419,2024-08-30,4,9,"Lovely camp, a little pricey."
RV02633,BK-2024-01421,2024-08-29,5,10,Flawless from airport pickup to farewell.
RV02634,BK-2024-01422,2024-10-30,5,10,Flawless from airport pickup to farewell.
RV02635,BK-2024-01424,2024-07-11,4,9,"Very good trip, long drives though."
RV02636,BK-2024-01427,2024-10-01,5,9,Flawless from airport pickup to farewell.
RV02637,BK-2024-01432,2025-01-10,4,8,"Very good trip, long drives though."
RV02638,BK-2024-01433,2024-09-15,3,7,Too many vehicles at sightings.
RV02639,BK-2024-01434,2024-06-15,4,9,"Very good trip, long drives though."
RV02640,BK-2024-01436,2024-09-23,5,9,Unforgettable — saw the river crossing!
RV02641,BK-2024-01438,2024-07-13,4,9,"Great sightings, lodge food could improve."
RV02642,BK-2024-01439,2024-09-19,4,7,"Lovely camp, a little pricey."
RV02643,BK-2024-01443,2024-06-20,4,7,"Lovely camp, a little pricey."
RV02644,BK-2024-01446,2024-08-09,4,7,Guide knew every bird by name.
RV02645,BK-2024-01447,2024-07-25,3,5,"Wildlife good, communication before trip poor."
RV02646,BK-2024-01448,2024-11-15,5,10,Flawless from airport pickup to farewell.
RV02647,BK-2024-01449,2024-10-11,4,8,Guide knew every bird by name.
RV02648,BK-2024-01452,2024-08-29,4,8,"Lovely camp, a little pricey."
RV02649,BK-2024-01453,2024-09-04,3,5,Too many vehicles at sightings.
RV02650,BK-2024-01454,2024-08-18,5,9,Best holiday of our lives.
RV02651,BK-2024-01458,2024-07-25,4,8,"Lovely camp, a little pricey."
RV02652,BK-2024-01461,2024-08-25,3,7,Too many vehicles at sightings.
RV02653,BK-2024-01463,2024-08-19,5,9,Best holiday of our lives.
RV02654,BK-2024-01464,2025-07-15,5,10,"Guide was exceptional, every detail handled."
RV02655,BK-2024-01466,2024-07-22,5,10,Best holiday of our lives.
RV02656,BK-2024-01467,2024-09-08,5,10,"Guide was exceptional, every detail handled."
RV02657,BK-2024-01470,2024-08-11,5,10,"Guide was exceptional, every detail handled."
RV02658,BK-2024-01471,2024-09-16,4,7,"Very good trip, long drives though."
RV02659,BK-2024-01472,2024-06-30,3,7,"Wildlife good, communication before trip poor."
RV02660,BK-2024-01474,2024-07-20,3,5,Too many vehicles at sightings.
RV02661,BK-2024-01478,2024-07-26,3,6,"Okay overall, vehicle was cramped."
RV02662,BK-2024-01480,2024-11-07,4,9,"Very good trip, long drives though."
RV02663,BK-2024-01484,2024-07-11,5,9,Unforgettable — saw the river crossing!
RV02664,BK-2024-01488,2024-06-24,4,7,Guide knew every bird by name.
RV02665,BK-2024-01492,2024-09-11,4,7,"Very good trip, long drives though."
RV02666,BK-2024-01496,2024-09-16,4,9,"Great sightings, lodge food could improve."
RV02667,BK-2024-01497,2024-09-01,4,9,"Lovely camp, a little pricey."
RV02668,BK-2024-01500,2024-11-21,5,10,Flawless from airport pickup to farewell.
RV02669,BK-2024-01502,2024-09-08,5,10,Best holiday of our lives.
RV02670,BK-2024-01504,2024-10-03,4,7,"Great sightings, lodge food could improve."
RV02671,BK-2024-01507,2024-07-14,4,8,Guide knew every bird by name.
RV02672,BK-2024-01510,2024-08-14,5,10,"Guide was exceptional, every detail handled."
RV02673,BK-2024-01511,2024-12-14,4,9,"Very good trip, long drives though."
RV02674,BK-2024-01513,2024-08-29,4,8,"Very good trip, long drives though."
RV02675,BK-2024-01518,2024-09-14,4,9,"Lovely camp, a little pricey."
RV02676,BK-2024-01519,2024-06-27,4,7,Guide knew every bird by name.
RV02677,BK-2024-01520,2024-10-06,5,9,Flawless from airport pickup to farewell.
RV02678,BK-2024-01521,2024-07-19,3,5,"Okay overall, vehicle was cramped."
RV02679,BK-2024-01523,2024-07-14,4,8,"Great sightings, lodge food could improve."
RV02680,BK-2024-01526,2024-08-28,4,8,"Very good trip, long drives though."
RV02681,BK-2024-01529,2024-07-17,5,10,Best holiday of our lives.
RV02682,BK-2024-01532,2024-07-11,4,8,"Very good trip, long drives though."
RV02683,BK-2024-01534,2024-09-06,4,9,"Great sightings, lodge food could improve."
RV02684,BK-2024-01535,2024-07-22,3,5,"Okay overall, vehicle was cramped."
RV02685,BK-2024-01536,2024-09-13,4,8,"Lovely camp, a little pricey."
RV02686,BK-2024-01537,2025-01-06,4,8,"Lovely camp, a little pricey."
RV02687,BK-2024-01544,2024-07-09,3,6,"Wildlife good, communication before trip poor."
RV02688,BK-2024-01545,2024-09-04,5,9,Best holiday of our lives.
RV02689,BK-2024-01546,2024-08-10,4,8,"Lovely camp, a little pricey."
RV02690,BK-2024-01547,2024-08-21,2,5,Delayed pickup and a flat tyre.
RV02691,BK-2024-01550,2024-07-23,5,10,"Guide was exceptional, every detail handled."
RV02692,BK-2024-01551,2024-09-03,3,6,Too many vehicles at sightings.
RV02693,BK-2024-01554,2024-10-27,5,10,Unforgettable — saw the river crossing!
RV02694,BK-2024-01558,2024-07-31,4,9,"Great sightings, lodge food could improve."
RV02695,BK-2024-01559,2024-08-25,2,3,Accommodation not as advertised.
RV02696,BK-2024-01560,2024-07-18,4,9,"Very good trip, long drives though."
RV02697,BK-2024-01561,2025-01-20,4,9,"Lovely camp, a little pricey."
RV02698,BK-2024-01564,2024-08-06,3,7,"Okay overall, vehicle was cramped."
RV02699,BK-2024-01565,2024-09-25,4,7,Guide knew every bird by name.
RV02700,BK-2024-01567,2024-09-02,3,6,"Okay overall, vehicle was cramped."
RV02701,BK-2024-01569,2024-12-12,3,7,"Okay overall, vehicle was cramped."
RV02702,BK-2024-01570,2024-11-19,4,9,"Lovely camp, a little pricey."
RV02703,BK-2024-01572,2024-08-17,2,6,Delayed pickup and a flat tyre.
RV02704,BK-2024-01575,2024-07-19,4,9,"Lovely camp, a little pricey."
RV02705,BK-2024-01577,2024-07-05,4,9,Guide knew every bird by name.
RV02706,BK-2024-01578,2024-09-25,3,6,Too many vehicles at sightings.
RV02707,BK-2024-01579,2024-08-11,4,7,Guide knew every bird by name.
RV02708,BK-2024-01580,2024-07-18,5,10,Best holiday of our lives.
RV02709,BK-2024-01581,2024-08-04,3,5,"Wildlife good, communication before trip poor."
RV02710,BK-2024-01582,2024-07-02,5,9,Best holiday of our lives.
RV02711,BK-2024-01583,2024-07-29,3,5,"Wildlife good, communication before trip poor."
RV02712,BK-2024-01584,2024-09-21,4,8,"Lovely camp, a little pricey."
RV02713,BK-2024-01585,2024-08-29,4,8,"Great sightings, lodge food could improve."
RV02714,BK-2024-01586,2024-08-05,4,7,Guide knew every bird by name.
RV02715,BK-2024-01587,2024-10-22,3,7,"Okay overall, vehicle was cramped."
RV02716,BK-2024-01590,2024-06-17,3,5,"Wildlife good, communication before trip poor."
RV02717,BK-2024-01592,2024-07-02,4,8,"Great sightings, lodge food could improve."
RV02718,BK-2024-01597,2024-07-31,4,8,"Very good trip, long drives though."
RV02719,BK-2024-01600,2024-10-03,5,10,Unforgettable — saw the river crossing!
RV02720,BK-2024-01601,2024-09-06,4,9,Guide knew every bird by name.
RV02721,BK-2024-01602,2024-07-17,4,9,"Lovely camp, a little pricey."
RV02722,BK-2024-01603,2024-08-18,3,5,"Wildlife good, communication before trip poor."
RV02723,BK-2024-01604,2024-09-18,3,5,"Wildlife good, communication before trip poor."
RV02724,BK-2024-01605,2024-07-24,5,10,Unforgettable — saw the river crossing!
RV02725,BK-2024-01606,2024-07-26,5,9,Best holiday of our lives.
RV02726,BK-2024-01609,2024-09-28,2,3,Accommodation not as advertised.
RV02727,BK-2024-01613,2024-08-13,4,7,"Lovely camp, a little pricey."
RV02728,BK-2024-01614,2024-10-31,4,9,"Lovely camp, a little pricey."
RV02729,BK-2024-01616,2024-08-12,5,9,Unforgettable — saw the river crossing!
RV02730,BK-2024-01619,2024-08-20,5,10,"Guide was exceptional, every detail handled."
RV02731,BK-2024-01621,2024-09-11,3,5,"Wildlife good, communication before trip poor."
RV02732,BK-2024-01625,2024-08-22,5,10,Unforgettable — saw the river crossing!
RV02733,BK-2024-01627,2024-09-20,5,9,Flawless from airport pickup to farewell.
RV02734,BK-2024-01629,2024-07-27,4,7,Guide knew every bird by name.
RV02735,BK-2024-01631,2025-02-23,4,7,Guide knew every bird by name.
RV02736,BK-2024-01634,2024-08-07,2,6,Delayed pickup and a flat tyre.
RV02737,BK-2024-01636,2024-09-18,4,7,"Very good trip, long drives though."
RV02738,BK-2024-01637,2024-07-14,5,9,"Guide was exceptional, every detail handled."
RV02739,BK-2024-01638,2024-08-03,4,8,"Lovely camp, a little pricey."
RV02740,BK-2024-01639,2024-09-23,4,7,"Lovely camp, a little pricey."
RV02741,BK-2024-01640,2024-07-23,3,6,"Wildlife good, communication before trip poor."
RV02742,BK-2024-01642,2024-10-26,5,10,"Guide was exceptional, every detail handled."
RV02743,BK-2024-01644,2024-09-09,4,8,"Very good trip, long drives though."
RV02744,BK-2024-01645,2024-07-12,4,8,"Very good trip, long drives though."
RV02745,BK-2024-01646,2025-01-30,5,10,Unforgettable — saw the river crossing!
RV02746,BK-2024-01647,2024-07-16,5,9,"Guide was exceptional, every detail handled."
RV02747,BK-2024-01649,2024-08-14,4,9,"Great sightings, lodge food could improve."
RV02748,BK-2024-01651,2024-07-18,3,6,"Wildlife good, communication before trip poor."
RV02749,BK-2024-01653,2024-07-14,4,8,"Great sightings, lodge food could improve."
RV02750,BK-2024-01654,2024-10-11,4,8,Guide knew every bird by name.
RV02751,BK-2024-01655,2024-08-30,4,7,"Lovely camp, a little pricey."
RV02752,BK-2024-01656,2024-07-03,4,7,"Great sightings, lodge food could improve."
RV02753,BK-2024-01660,2024-11-02,4,7,"Very good trip, long drives though."
RV02754,BK-2024-01661,2024-07-27,5,10,"Guide was exceptional, every detail handled."
RV02755,BK-2024-01663,2026-03-16,5,10,Unforgettable — saw the river crossing!
RV02756,BK-2024-01666,2024-08-16,4,9,"Lovely camp, a little pricey."
RV02757,BK-2024-01669,2024-07-10,3,6,Too many vehicles at sightings.
RV02758,BK-2024-01670,2024-09-02,5,9,Best holiday of our lives.
RV02759,BK-2024-01672,2024-07-27,4,8,"Very good trip, long drives though."
RV02760,BK-2024-01673,2025-01-09,5,9,"Guide was exceptional, every detail handled."
RV02761,BK-2024-01675,2024-07-16,5,9,Unforgettable — saw the river crossing!
RV02762,BK-2024-01678,2025-02-18,4,7,"Great sightings, lodge food could improve."
RV02763,BK-2024-01679,2024-10-30,4,7,"Very good trip, long drives though."
RV02764,BK-2024-01680,2024-07-29,3,7,Too many vehicles at sightings.
RV02765,BK-2024-01682,2024-07-15,5,9,Best holiday of our lives.
RV02766,BK-2024-01685,2024-09-29,5,9,Flawless from airport pickup to farewell.
RV02767,BK-2024-01687,2024-08-05,3,6,Too many vehicles at sightings.
RV02768,BK-2024-01688,2024-09-01,4,9,Guide knew every bird by name.
RV02769,BK-2024-01693,2024-08-21,4,7,"Very good trip, long drives though."
RV02770,BK-2024-01694,2024-09-16,4,7,"Very good trip, long drives though."
RV02771,BK-2024-01695,2024-08-13,4,8,Guide knew every bird by name.
RV02772,BK-2024-01696,2025-02-16,4,8,"Great sightings, lodge food could improve."
RV02773,BK-2024-01699,2024-08-08,5,10,Flawless from airport pickup to farewell.
RV02774,BK-2024-01700,2024-08-12,4,8,Guide knew every bird by name.
RV02775,BK-2024-01701,2024-08-13,4,8,"Lovely camp, a little pricey."
RV02776,BK-2024-01702,2024-08-03,4,7,"Very good trip, long drives though."
RV02777,BK-2024-01703,2024-07-26,4,8,"Very good trip, long drives though."
RV02778,BK-2024-01705,2024-08-15,5,10,Flawless from airport pickup to farewell.
RV02779,BK-2024-01706,2024-07-22,4,8,"Lovely camp, a little pricey."
RV02780,BK-2024-01710,2024-10-03,5,10,"Guide was exceptional, every detail handled."
RV02781,BK-2024-01712,2024-08-29,2,5,Delayed pickup and a flat tyre.
RV02782,BK-2024-01715,2025-02-09,4,8,Guide knew every bird by name.
RV02783,BK-2024-01718,2024-09-02,5,10,Unforgettable — saw the river crossing!
RV02784,BK-2024-01720,2024-07-28,4,9,"Lovely camp, a little pricey."
RV02785,BK-2024-01721,2024-07-20,3,7,"Wildlife good, communication before trip poor."
RV02786,BK-2024-01722,2024-08-08,5,9,Unforgettable — saw the river crossing!
RV02787,BK-2024-01724,2024-08-26,5,10,Unforgettable — saw the river crossing!
RV02788,BK-2024-01726,2024-09-06,5,10,Unforgettable — saw the river crossing!
RV02789,BK-2024-01727,2024-08-10,5,9,Flawless from airport pickup to farewell.
RV02790,BK-2024-01728,2024-07-13,3,5,"Okay overall, vehicle was cramped."
RV02791,BK-2024-01736,2024-10-17,3,7,Too many vehicles at sightings.
RV02792,BK-2024-01737,2024-12-20,3,7,"Wildlife good, communication before trip poor."
RV02793,BK-2024-01739,2024-08-19,4,7,"Great sightings, lodge food could improve."
RV02794,BK-2024-01742,2024-08-18,4,7,"Lovely camp, a little pricey."
RV02795,BK-2024-01744,2024-08-10,5,10,Flawless from airport pickup to farewell.
RV02796,BK-2024-01747,2024-09-22,3,5,Too many vehicles at sightings.
RV02797,BK-2024-01748,2024-10-01,5,10,"Guide was exceptional, every detail handled."
RV02798,BK-2024-01755,2024-08-20,3,5,Too many vehicles at sightings.
RV02799,BK-2024-01756,2024-09-19,2,4,Delayed pickup and a flat tyre.
RV02800,BK-2024-01757,2024-08-20,4,9,Guide knew every bird by name.
RV02801,BK-2024-01758,2024-08-28,3,5,Too many vehicles at sightings.
RV02802,BK-2024-01759,2024-12-20,4,7,"Great sightings, lodge food could improve."
RV02803,BK-2024-01761,2024-07-22,3,6,"Okay overall, vehicle was cramped."
RV02804,BK-2024-01764,2024-09-06,4,8,"Lovely camp, a little pricey."
RV02805,BK-2024-01765,2024-09-11,4,7,"Very good trip, long drives though."
RV02806,BK-2024-01766,2024-08-22,2,5,Delayed pickup and a flat tyre.
RV02807,BK-2024-01767,2024-07-17,5,9,"Guide was exceptional, every detail handled."
RV02808,BK-2024-01768,2024-08-04,4,8,Guide knew every bird by name.
RV02809,BK-2024-01769,2024-07-29,5,9,"Guide was exceptional, every detail handled."
RV02810,BK-2024-01770,2024-09-08,5,9,Flawless from airport pickup to farewell.
RV02811,BK-2024-01771,2024-10-09,3,6,"Wildlife good, communication before trip poor."
RV02812,BK-2024-01773,2024-09-14,5,10,"Guide was exceptional, every detail handled."
RV02813,BK-2024-01775,2024-09-15,3,7,Too many vehicles at sightings.
RV02814,BK-2024-01777,2024-07-09,4,7,Guide knew every bird by name.
RV02815,BK-2024-01788,2024-08-22,5,10,Best holiday of our lives.
RV02816,BK-2024-01791,2024-08-11,5,10,Flawless from airport pickup to farewell.
RV02817,BK-2024-01792,2024-08-30,3,7,Too many vehicles at sightings.
RV02818,BK-2024-01796,2024-08-31,4,8,"Lovely camp, a little pricey."
RV02819,BK-2024-01798,2024-08-12,2,6,Delayed pickup and a flat tyre.
RV02820,BK-2024-01800,2024-09-19,4,8,"Great sightings, lodge food could improve."
RV02821,BK-2024-01801,2024-07-08,5,10,Flawless from airport pickup to farewell.
RV02822,BK-2024-01803,2024-09-10,4,7,"Great sightings, lodge food could improve."
RV02823,BK-2024-01804,2024-08-16,4,9,Guide knew every bird by name.
RV02824,BK-2024-01805,2024-08-02,3,7,Too many vehicles at sightings.
RV02825,BK-2024-01806,2024-08-03,3,6,"Wildlife good, communication before trip poor."
RV02826,BK-2024-01807,2024-08-05,5,10,"Guide was exceptional, every detail handled."
RV02827,BK-2024-01812,2024-08-06,4,9,Guide knew every bird by name.
RV02828,BK-2024-01814,2024-09-09,3,7,Too many vehicles at sightings.
RV02829,BK-2024-01818,2024-08-16,4,9,"Lovely camp, a little pricey."
RV02830,BK-2024-01820,2024-08-31,5,9,Best holiday of our lives.
RV02831,BK-2024-01821,2024-10-18,4,8,Guide knew every bird by name.
RV02832,BK-2024-01822,2024-11-09,5,9,Best holiday of our lives.
RV02833,BK-2024-01824,2024-09-13,5,9,Best holiday of our lives.
RV02834,BK-2024-01833,2024-09-04,5,10,"Guide was exceptional, every detail handled."
RV02835,BK-2024-01837,2024-08-03,5,9,Unforgettable — saw the river crossing!
RV02836,BK-2024-01840,2024-10-12,4,7,Guide knew every bird by name.
RV02837,BK-2024-01842,2024-08-03,5,9,Flawless from airport pickup to farewell.
RV02838,BK-2024-01848,2024-08-03,3,6,Too many vehicles at sightings.
RV02839,BK-2024-01849,2025-01-06,5,9,Best holiday of our lives.
RV02840,BK-2024-01851,2024-09-13,5,9,Flawless from airport pickup to farewell.
RV02841,BK-2024-01852,2024-08-25,3,6,"Wildlife good, communication before trip poor."
RV02842,BK-2024-01855,2024-09-29,4,7,"Lovely camp, a little pricey."
RV02843,BK-2024-01856,2024-09-17,4,7,"Lovely camp, a little pricey."
RV02844,BK-2024-01858,2024-09-02,4,9,"Great sightings, lodge food could improve."
RV02845,BK-2024-01860,2024-07-10,4,9,"Lovely camp, a little pricey."
RV02846,BK-2024-01865,2024-08-04,3,6,"Okay overall, vehicle was cramped."
RV02847,BK-2024-01867,2024-08-14,4,7,"Lovely camp, a little pricey."
RV02848,BK-2024-01874,2024-07-29,3,6,Too many vehicles at sightings.
RV02849,BK-2024-01875,2024-11-24,4,7,"Great sightings, lodge food could improve."
RV02850,BK-2024-01876,2024-10-24,5,10,Flawless from airport pickup to farewell.
RV02851,BK-2024-01877,2024-09-05,5,10,Unforgettable — saw the river crossing!
RV02852,BK-2024-01878,2024-08-20,5,10,"Guide was exceptional, every detail handled."
RV02853,BK-2024-01880,2024-07-11,3,5,"Okay overall, vehicle was cramped."
RV02854,BK-2024-01881,2024-07-27,3,7,"Okay overall, vehicle was cramped."
RV02855,BK-2024-01882,2024-07-29,5,10,Flawless from airport pickup to farewell.
RV02856,BK-2024-01883,2025-03-12,4,7,"Great sightings, lodge food could improve."
RV02857,BK-2024-01885,2024-08-15,3,6,"Wildlife good, communication before trip poor."
RV02858,BK-2024-01889,2025-02-22,4,9,"Very good trip, long drives though."
RV02859,BK-2024-01890,2024-09-08,4,9,"Very good trip, long drives though."
RV02860,BK-2024-01892,2024-08-15,5,10,Best holiday of our lives.
RV02861,BK-2024-01896,2024-07-19,2,4,Accommodation not as advertised.
RV02862,BK-2024-01902,2024-09-03,5,9,Flawless from airport pickup to farewell.
RV02863,BK-2024-01903,2024-07-23,3,7,Too many vehicles at sightings.
RV02864,BK-2024-01904,2024-07-24,3,7,"Okay overall, vehicle was cramped."
RV02865,BK-2024-01905,2024-07-10,4,9,"Great sightings, lodge food could improve."
RV02866,BK-2024-01907,2024-10-04,4,8,Guide knew every bird by name.
RV02867,BK-2024-01908,2024-11-11,3,5,Too many vehicles at sightings.
RV02868,BK-2024-01911,2024-08-10,4,7,"Great sightings, lodge food could improve."
RV02869,BK-2024-01912,2024-07-28,4,7,"Very good trip, long drives though."
RV02870,BK-2024-01913,2024-11-02,5,10,Unforgettable — saw the river crossing!
RV02871,BK-2024-01914,2024-08-13,4,9,"Very good trip, long drives though."
RV02872,BK-2024-01918,2024-08-30,4,8,"Lovely camp, a little pricey."
RV02873,BK-2024-01922,2024-08-23,4,7,Guide knew every bird by name.
RV02874,BK-2024-01923,2024-09-03,4,9,"Very good trip, long drives though."
RV02875,BK-2024-01925,2024-08-16,4,7,Guide knew every bird by name.
RV02876,BK-2024-01926,2024-08-29,4,7,"Great sightings, lodge food could improve."
RV02877,BK-2024-01927,2024-08-13,4,9,"Great sightings, lodge food could improve."
RV02878,BK-2024-01930,2024-12-31,4,8,Guide knew every bird by name.
RV02879,BK-2024-01931,2024-09-21,4,7,"Very good trip, long drives though."
RV02880,BK-2024-01932,2024-08-15,3,7,Too many vehicles at sightings.
RV02881,BK-2024-01935,2024-09-12,4,8,Guide knew every bird by name.
RV02882,BK-2024-01937,2024-09-28,4,8,"Lovely camp, a little pricey."
RV02883,BK-2024-01939,2024-09-23,3,7,"Okay overall, vehicle was cramped."
RV02884,BK-2024-01946,2024-08-13,4,9,"Great sightings, lodge food could improve."
RV02885,BK-2024-01947,2024-08-05,5,10,Unforgettable — saw the river crossing!
RV02886,BK-2024-01948,2024-07-28,5,10,Unforgettable — saw the river crossing!
RV02887,BK-2024-01950,2024-08-15,4,7,"Lovely camp, a little pricey."
RV02888,BK-2024-01951,2024-08-23,3,6,"Okay overall, vehicle was cramped."
RV02889,BK-2024-01955,2024-08-22,5,9,Unforgettable — saw the river crossing!
RV02890,BK-2024-01956,2024-08-05,4,9,"Very good trip, long drives though."
RV02891,BK-2024-01957,2024-09-06,4,7,"Great sightings, lodge food could improve."
RV02892,BK-2024-01958,2024-07-31,4,9,"Great sightings, lodge food could improve."
RV02893,BK-2024-01962,2024-08-24,3,7,Too many vehicles at sightings.
RV02894,BK-2024-01963,2024-08-23,4,8,Guide knew every bird by name.
RV02895,BK-2024-01964,2024-12-04,4,7,"Lovely camp, a little pricey."
RV02896,BK-2024-01965,2024-10-11,3,6,"Wildlife good, communication before trip poor."
RV02897,BK-2024-01967,2024-09-23,5,9,Flawless from airport pickup to farewell.
RV02898,BK-2024-01968,2024-08-27,3,7,"Okay overall, vehicle was cramped."
RV02899,BK-2024-01969,2024-10-29,4,8,Guide knew every bird by name.
RV02900,BK-2024-01974,2024-08-20,4,8,"Very good trip, long drives though."
RV02901,BK-2024-01979,2024-07-31,5,9,Unforgettable — saw the river crossing!
RV02902,BK-2024-01980,2024-08-05,4,8,Guide knew every bird by name.
RV02903,BK-2024-01990,2024-07-21,5,9,Flawless from airport pickup to farewell.
RV02904,BK-2024-01991,2024-07-28,4,9,Guide knew every bird by name.
RV02905,BK-2024-01994,2024-12-02,3,6,Too many vehicles at sightings.
RV02906,BK-2024-01996,2024-08-21,4,7,"Lovely camp, a little pricey."
RV02907,BK-2024-01997,2024-09-25,3,5,"Wildlife good, communication before trip poor."
RV02908,BK-2024-02000,2024-07-30,3,7,"Wildlife good, communication before trip poor."
RV02909,BK-2024-02001,2024-09-05,4,7,"Lovely camp, a little pricey."
RV02910,BK-2024-02002,2024-10-21,5,9,"Guide was exceptional, every detail handled."
RV02911,BK-2024-02003,2024-09-01,5,9,Flawless from airport pickup to farewell.
RV02912,BK-2024-02006,2024-08-21,4,8,"Great sightings, lodge food could improve."
RV02913,BK-2024-02007,2024-11-02,4,9,"Very good trip, long drives though."
RV02914,BK-2024-02008,2024-12-22,4,8,"Great sightings, lodge food could improve."
RV02915,BK-2024-02009,2024-11-20,5,10,Flawless from airport pickup to farewell.
RV02916,BK-2024-02011,2024-09-01,4,7,"Great sightings, lodge food could improve."
RV02917,BK-2024-02012,2024-08-05,5,10,"Guide was exceptional, every detail handled."
RV02918,BK-2024-02014,2024-08-28,3,5,"Okay overall, vehicle was cramped."
RV02919,BK-2024-02019,2025-07-21,5,9,Flawless from airport pickup to farewell.
RV02920,BK-2024-02022,2024-08-08,4,9,Guide knew every bird by name.
RV02921,BK-2024-02026,2024-09-21,5,9,Unforgettable — saw the river crossing!
RV02922,BK-2024-02030,2024-09-11,4,8,"Great sightings, lodge food could improve."
RV02923,BK-2024-02036,2024-08-24,5,10,"Guide was exceptional, every detail handled."
RV02924,BK-2024-02037,2024-08-12,4,8,"Great sightings, lodge food could improve."
RV02925,BK-2024-02042,2024-09-27,3,7,"Wildlife good, communication before trip poor."
RV02926,BK-2024-02047,2024-10-08,3,5,Too many vehicles at sightings.
RV02927,BK-2024-02048,2024-08-20,3,5,Too many vehicles at sightings.
RV02928,BK-2024-02049,2024-09-01,4,7,"Very good trip, long drives though."
RV02929,BK-2024-02052,2024-08-24,3,5,"Wildlife good, communication before trip poor."
RV02930,BK-2024-02053,2024-10-10,5,9,"Guide was exceptional, every detail handled."
RV02931,BK-2024-02057,2024-08-02,5,9,Flawless from airport pickup to farewell.
RV02932,BK-2024-02059,2024-07-28,3,6,"Wildlife good, communication before trip poor."
RV02933,BK-2024-02063,2024-09-24,4,7,"Very good trip, long drives though."
RV02934,BK-2024-02064,2024-08-03,5,10,Flawless from airport pickup to farewell.
RV02935,BK-2024-02071,2024-09-10,5,10,Unforgettable — saw the river crossing!
RV02936,BK-2024-02073,2024-11-03,4,7,"Very good trip, long drives though."
RV02937,BK-2024-02077,2024-11-15,4,8,Guide knew every bird by name.
RV02938,BK-2024-02080,2024-08-20,4,9,"Great sightings, lodge food could improve."
RV02939,BK-2024-02081,2025-01-22,5,9,"Guide was exceptional, every detail handled."
RV02940,BK-2024-02083,2024-10-24,5,10,Best holiday of our lives.
RV02941,BK-2024-02085,2024-08-06,5,9,Best holiday of our lives.
RV02942,BK-2024-02086,2024-11-13,5,9,"Guide was exceptional, every detail handled."
RV02943,BK-2024-02089,2024-08-25,4,8,Guide knew every bird by name.
RV02944,BK-2024-02091,2024-09-19,5,10,Best holiday of our lives.
RV02945,BK-2024-02093,2024-07-28,4,8,Guide knew every bird by name.
RV02946,BK-2024-02095,2024-08-30,4,7,Guide knew every bird by name.
RV02947,BK-2024-02099,2024-07-24,3,7,Too many vehicles at sightings.
RV02948,BK-2024-02100,2024-12-21,5,9,Unforgettable — saw the river crossing!
RV02949,BK-2024-02101,2024-10-06,4,8,"Lovely camp, a little pricey."
RV02950,BK-2024-02102,2024-09-06,5,10,Unforgettable — saw the river crossing!
RV02951,BK-2024-02104,2024-08-02,4,9,"Great sightings, lodge food could improve."
RV02952,BK-2024-02108,2024-11-19,4,9,"Very good trip, long drives though."
RV02953,BK-2024-02109,2024-10-22,5,9,Flawless from airport pickup to farewell.
RV02954,BK-2024-02110,2024-09-11,4,8,"Lovely camp, a little pricey."
RV02955,BK-2024-02111,2024-08-22,3,6,"Wildlife good, communication before trip poor."
RV02956,BK-2024-02112,2024-11-02,5,10,"Guide was exceptional, every detail handled."
RV02957,BK-2024-02115,2024-08-26,5,10,Unforgettable — saw the river crossing!
RV02958,BK-2024-02117,2024-10-28,5,9,Unforgettable — saw the river crossing!
RV02959,BK-2024-02118,2024-08-28,4,9,"Lovely camp, a little pricey."
RV02960,BK-2024-02119,2024-08-15,5,9,Unforgettable — saw the river crossing!
RV02961,BK-2024-02125,2024-07-31,4,8,"Great sightings, lodge food could improve."
RV02962,BK-2024-02131,2024-08-03,3,5,"Okay overall, vehicle was cramped."
RV02963,BK-2024-02132,2024-09-04,5,9,"Guide was exceptional, every detail handled."
RV02964,BK-2024-02133,2025-03-21,4,7,Guide knew every bird by name.
RV02965,BK-2024-02134,2024-10-03,3,6,"Wildlife good, communication before trip poor."
RV02966,BK-2024-02135,2024-10-30,5,10,"Guide was exceptional, every detail handled."
RV02967,BK-2024-02140,2024-08-30,4,7,"Very good trip, long drives though."
RV02968,BK-2024-02141,2024-09-23,5,10,Flawless from airport pickup to farewell.
RV02969,BK-2024-02142,2024-10-08,4,9,"Great sightings, lodge food could improve."
RV02970,BK-2024-02145,2024-09-25,4,8,Guide knew every bird by name.
RV02971,BK-2024-02146,2024-09-11,4,7,"Very good trip, long drives though."
RV02972,BK-2024-02147,2024-08-16,3,5,"Okay overall, vehicle was cramped."
RV02973,BK-2024-02154,2024-09-12,5,9,Flawless from airport pickup to farewell.
RV02974,BK-2024-02158,2024-08-17,3,7,"Okay overall, vehicle was cramped."
RV02975,BK-2024-02159,2024-09-05,4,7,"Great sightings, lodge food could improve."
RV02976,BK-2024-02160,2025-02-05,4,8,"Lovely camp, a little pricey."
RV02977,BK-2024-02161,2024-10-25,5,10,Best holiday of our lives.
RV02978,BK-2024-02163,2024-11-28,5,9,Unforgettable — saw the river crossing!
RV02979,BK-2024-02167,2024-08-24,3,5,"Wildlife good, communication before trip poor."
RV02980,BK-2024-02168,2024-10-26,4,7,"Great sightings, lodge food could improve."
RV02981,BK-2024-02172,2024-12-13,5,10,Flawless from airport pickup to farewell.
RV02982,BK-2024-02173,2025-01-03,4,8,"Great sightings, lodge food could improve."
RV02983,BK-2024-02177,2024-12-07,5,10,Flawless from airport pickup to farewell.
RV02984,BK-2024-02180,2024-09-21,3,7,Too many vehicles at sightings.
RV02985,BK-2024-02181,2024-12-14,4,7,"Great sightings, lodge food could improve."
RV02986,BK-2024-02184,2024-10-17,3,7,"Wildlife good, communication before trip poor."
RV02987,BK-2024-02190,2024-10-07,5,10,"Guide was exceptional, every detail handled."
RV02988,BK-2024-02192,2024-08-20,2,3,Accommodation not as advertised.
RV02989,BK-2024-02193,2024-08-15,4,9,"Great sightings, lodge food could improve."
RV02990,BK-2024-02195,2024-09-06,4,9,Guide knew every bird by name.
RV02991,BK-2024-02202,2025-01-08,4,7,"Great sightings, lodge food could improve."
RV02992,BK-2024-02206,2025-03-07,4,9,"Great sightings, lodge food could improve."
RV02993,BK-2024-02210,2024-09-11,5,9,Unforgettable — saw the river crossing!
RV02994,BK-2024-02211,2024-08-10,4,8,"Lovely camp, a little pricey."
RV02995,BK-2024-02212,2024-09-21,3,7,Too many vehicles at sightings.
RV02996,BK-2024-02213,2024-09-18,4,8,"Very good trip, long drives though."
RV02997,BK-2024-02215,2024-09-21,4,9,"Great sightings, lodge food could improve."
RV02998,BK-2024-02216,2024-08-27,5,10,Flawless from airport pickup to farewell.
RV02999,BK-2024-02222,2025-01-09,5,10,"Guide was exceptional, every detail handled."
RV03000,BK-2024-02225,2024-09-05,4,7,Guide knew every bird by name.
RV03001,BK-2024-02229,2024-08-31,3,6,"Wildlife good, communication before trip poor."
RV03002,BK-2024-02230,2024-08-14,4,7,"Great sightings, lodge food could improve."
RV03003,BK-2024-02234,2024-10-25,4,9,Guide knew every bird by name.
RV03004,BK-2024-02235,2024-08-30,4,8,"Lovely camp, a little pricey."
RV03005,BK-2024-02236,2024-08-29,3,7,Too many vehicles at sightings.
RV03006,BK-2024-02238,2024-09-21,5,9,Flawless from airport pickup to farewell.
RV03007,BK-2024-02239,2024-08-18,4,9,Guide knew every bird by name.
RV03008,BK-2024-02240,2024-09-19,5,9,Flawless from airport pickup to farewell.
RV03009,BK-2024-02245,2024-12-14,5,10,Best holiday of our lives.
RV03010,BK-2024-02246,2024-08-29,5,9,"Guide was exceptional, every detail handled."
RV03011,BK-2024-02247,2024-10-07,4,7,"Very good trip, long drives though."
RV03012,BK-2024-02248,2024-09-16,4,8,"Very good trip, long drives though."
RV03013,BK-2024-02249,2024-08-26,4,7,"Great sightings, lodge food could improve."
RV03014,BK-2024-02252,2024-09-19,4,7,"Very good trip, long drives though."
RV03015,BK-2024-02256,2024-09-27,4,9,"Lovely camp, a little pricey."
RV03016,BK-2024-02257,2024-08-07,3,5,Too many vehicles at sightings.
RV03017,BK-2024-02259,2024-09-15,4,8,Guide knew every bird by name.
RV03018,BK-2024-02260,2024-08-02,4,7,Guide knew every bird by name.
RV03019,BK-2024-02265,2024-09-28,4,9,"Very good trip, long drives though."
RV03020,BK-2024-02268,2025-01-17,4,7,"Great sightings, lodge food could improve."
RV03021,BK-2024-02270,2024-09-21,4,7,"Very good trip, long drives though."
RV03022,BK-2024-02271,2024-09-05,4,7,"Very good trip, long drives though."
RV03023,BK-2024-02272,2024-08-28,4,9,"Very good trip, long drives though."
RV03024,BK-2024-02274,2024-10-08,5,10,"Guide was exceptional, every detail handled."
RV03025,BK-2024-02275,2024-12-18,5,9,"Guide was exceptional, every detail handled."
RV03026,BK-2024-02277,2024-08-24,3,6,"Okay overall, vehicle was cramped."
RV03027,BK-2024-02280,2024-12-01,4,8,"Great sightings, lodge food could improve."
RV03028,BK-2024-02282,2024-09-22,3,7,"Wildlife good, communication before trip poor."
RV03029,BK-2024-02286,2024-08-21,5,10,"Guide was exceptional, every detail handled."
RV03030,BK-2024-02287,2024-10-28,5,9,Flawless from airport pickup to farewell.
RV03031,BK-2024-02288,2024-10-05,3,7,"Wildlife good, communication before trip poor."
RV03032,BK-2024-02289,2024-08-21,4,7,Guide knew every bird by name.
RV03033,BK-2024-02290,2025-05-11,5,10,Best holiday of our lives.
RV03034,BK-2024-02292,2024-10-29,3,6,Too many vehicles at sightings.
RV03035,BK-2024-02297,2024-12-16,4,9,Guide knew every bird by name.
RV03036,BK-2024-02303,2024-10-21,4,7,"Great sightings, lodge food could improve."
RV03037,BK-2024-02304,2024-09-05,4,8,Guide knew every bird by name.
RV03038,BK-2024-02306,2024-10-05,5,10,Unforgettable — saw the river crossing!
RV03039,BK-2024-02309,2024-11-27,4,8,"Very good trip, long drives though."
RV03040,BK-2024-02311,2024-09-22,4,8,"Very good trip, long drives though."
RV03041,BK-2024-02312,2024-09-20,4,7,Guide knew every bird by name.
RV03042,BK-2024-02314,2024-09-06,5,10,Flawless from airport pickup to farewell.
RV03043,BK-2024-02315,2024-09-10,5,10,Best holiday of our lives.
RV03044,BK-2024-02319,2024-10-18,5,10,Unforgettable — saw the river crossing!
RV03045,BK-2024-02321,2024-10-29,4,8,Guide knew every bird by name.
RV03046,BK-2024-02322,2024-09-26,5,10,Flawless from airport pickup to farewell.
RV03047,BK-2024-02326,2024-11-05,5,9,Best holiday of our lives.
RV03048,BK-2024-02327,2025-01-27,3,7,"Wildlife good, communication before trip poor."
RV03049,BK-2024-02332,2024-11-08,5,9,Flawless from airport pickup to farewell.
RV03050,BK-2024-02334,2024-09-15,3,7,"Wildlife good, communication before trip poor."
RV03051,BK-2024-02336,2024-09-01,5,9,Unforgettable — saw the river crossing!
RV03052,BK-2024-02339,2024-08-16,5,10,"Guide was exceptional, every detail handled."
RV03053,BK-2024-02341,2024-09-02,4,9,"Great sightings, lodge food could improve."
RV03054,BK-2024-02342,2024-10-07,4,7,Guide knew every bird by name.
RV03055,BK-2024-02345,2024-08-18,2,6,Accommodation not as advertised.
RV03056,BK-2024-02347,2024-10-13,5,10,Flawless from airport pickup to farewell.
RV03057,BK-2024-02348,2024-10-08,3,6,"Wildlife good, communication before trip poor."
RV03058,BK-2024-02350,2024-08-20,4,8,Guide knew every bird by name.
RV03059,BK-2024-02351,2024-09-17,4,8,"Lovely camp, a little pricey."
RV03060,BK-2024-02353,2024-10-01,4,8,Guide knew every bird by name.
RV03061,BK-2024-02354,2024-09-02,5,9,"Guide was exceptional, every detail handled."
RV03062,BK-2024-02358,2024-11-16,5,9,Best holiday of our lives.
RV03063,BK-2024-02359,2024-09-24,5,9,Best holiday of our lives.
RV03064,BK-2024-02360,2024-12-10,4,8,"Great sightings, lodge food could improve."
RV03065,BK-2024-02361,2024-08-28,5,9,Flawless from airport pickup to farewell.
RV03066,BK-2024-02362,2024-10-05,3,5,"Okay overall, vehicle was cramped."
RV03067,BK-2024-02363,2024-08-29,3,5,Too many vehicles at sightings.
RV03068,BK-2024-02364,2024-09-02,4,9,Guide knew every bird by name.
RV03069,BK-2024-02365,2024-11-08,4,9,"Lovely camp, a little pricey."
RV03070,BK-2024-02366,2024-08-16,3,5,"Okay overall, vehicle was cramped."
RV03071,BK-2024-02367,2024-08-05,4,8,"Very good trip, long drives though."
RV03072,BK-2024-02368,2024-10-13,4,9,Guide knew every bird by name.
RV03073,BK-2024-02371,2024-10-23,5,10,"Guide was exceptional, every detail handled."
RV03074,BK-2024-02373,2024-08-28,5,9,"Guide was exceptional, every detail handled."
RV03075,BK-2024-02374,2025-02-09,4,7,"Great sightings, lodge food could improve."
RV03076,BK-2024-02375,2024-10-12,3,7,"Okay overall, vehicle was cramped."
RV03077,BK-2024-02376,2024-08-22,3,7,"Wildlife good, communication before trip poor."
RV03078,BK-2024-02377,2024-11-14,4,8,"Great sightings, lodge food could improve."
RV03079,BK-2024-02378,2024-09-19,3,7,"Okay overall, vehicle was cramped."
RV03080,BK-2024-02379,2024-10-24,5,10,Flawless from airport pickup to farewell.
RV03081,BK-2024-02380,2024-10-04,4,8,"Lovely camp, a little pricey."
RV03082,BK-2024-02382,2025-02-05,4,9,"Lovely camp, a little pricey."
RV03083,BK-2024-02383,2024-08-13,5,9,Unforgettable — saw the river crossing!
RV03084,BK-2024-02384,2024-10-01,5,10,Best holiday of our lives.
RV03085,BK-2024-02388,2024-09-10,3,6,Too many vehicles at sightings.
RV03086,BK-2024-02389,2025-03-04,5,10,"Guide was exceptional, every detail handled."
RV03087,BK-2024-02390,2024-09-08,4,8,"Great sightings, lodge food could improve."
RV03088,BK-2024-02391,2024-09-20,5,10,Flawless from airport pickup to farewell.
RV03089,BK-2024-02396,2025-02-06,4,7,"Lovely camp, a little pricey."
RV03090,BK-2024-02397,2024-08-11,5,9,"Guide was exceptional, every detail handled."
RV03091,BK-2024-02400,2024-09-28,5,10,Best holiday of our lives.
RV03092,BK-2024-02401,2024-08-18,3,7,"Okay overall, vehicle was cramped."
RV03093,BK-2024-02404,2025-08-05,4,9,"Lovely camp, a little pricey."
RV03094,BK-2024-02405,2024-10-22,5,9,Best holiday of our lives.
RV03095,BK-2024-02406,2024-09-17,4,7,"Very good trip, long drives though."
RV03096,BK-2024-02407,2024-08-16,5,10,Best holiday of our lives.
RV03097,BK-2024-02408,2024-09-28,4,7,"Lovely camp, a little pricey."
RV03098,BK-2024-02416,2024-09-23,4,9,Guide knew every bird by name.
RV03099,BK-2024-02417,2024-08-29,4,8,"Great sightings, lodge food could improve."
RV03100,BK-2024-02418,2024-10-27,5,9,Best holiday of our lives.
RV03101,BK-2024-02419,2024-12-24,5,9,Best holiday of our lives.
RV03102,BK-2024-02423,2024-09-22,5,9,Unforgettable — saw the river crossing!
RV03103,BK-2024-02424,2024-08-29,4,9,Guide knew every bird by name.
RV03104,BK-2024-02427,2024-09-02,4,8,Guide knew every bird by name.
RV03105,BK-2024-02428,2025-03-31,4,7,"Great sightings, lodge food could improve."
RV03106,BK-2024-02429,2024-10-05,4,8,Guide knew every bird by name.
RV03107,BK-2024-02430,2024-09-13,5,9,Flawless from airport pickup to farewell.
RV03108,BK-2024-02435,2024-10-03,5,10,Flawless from airport pickup to farewell.
RV03109,BK-2024-02436,2024-09-06,4,7,"Very good trip, long drives though."
RV03110,BK-2024-02438,2024-08-30,5,10,Unforgettable — saw the river crossing!
RV03111,BK-2024-02439,2024-09-25,4,7,"Very good trip, long drives though."
RV03112,BK-2024-02443,2024-12-30,5,9,Flawless from airport pickup to farewell.
RV03113,BK-2024-02445,2024-08-21,4,9,"Very good trip, long drives though."
RV03114,BK-2024-02447,2024-08-14,5,10,"Guide was exceptional, every detail handled."
RV03115,BK-2024-02451,2025-06-17,5,10,Unforgettable — saw the river crossing!
RV03116,BK-2024-02455,2024-10-03,5,10,Unforgettable — saw the river crossing!
RV03117,BK-2024-02456,2024-10-02,5,10,Best holiday of our lives.
RV03118,BK-2024-02457,2025-05-16,4,7,Guide knew every bird by name.
RV03119,BK-2024-02458,2024-08-25,3,5,"Okay overall, vehicle was cramped."
RV03120,BK-2024-02461,2025-02-09,5,10,Flawless from airport pickup to farewell.
RV03121,BK-2024-02464,2024-12-19,5,9,Flawless from airport pickup to farewell.
RV03122,BK-2024-02470,2024-09-13,3,6,Too many vehicles at sightings.
RV03123,BK-2024-02474,2024-11-12,4,7,Guide knew every bird by name.
RV03124,BK-2024-02476,2024-08-31,5,9,Best holiday of our lives.
RV03125,BK-2024-02478,2024-08-25,3,5,"Wildlife good, communication before trip poor."
RV03126,BK-2024-02479,2025-08-17,5,10,"Guide was exceptional, every detail handled."
RV03127,BK-2024-02481,2024-10-22,5,10,Flawless from airport pickup to farewell.
RV03128,BK-2024-02482,2025-09-23,5,9,"Guide was exceptional, every detail handled."
RV03129,BK-2024-02483,2025-11-09,5,10,Best holiday of our lives.
RV03130,BK-2024-02484,2024-10-05,3,7,"Okay overall, vehicle was cramped."
RV03131,BK-2024-02487,2024-08-23,3,6,"Wildlife good, communication before trip poor."
RV03132,BK-2024-02488,2024-08-20,4,9,"Great sightings, lodge food could improve."
RV03133,BK-2024-02489,2024-09-04,3,7,"Wildlife good, communication before trip poor."
RV03134,BK-2024-02491,2024-09-03,5,9,Best holiday of our lives.
RV03135,BK-2024-02492,2024-11-30,5,10,Unforgettable — saw the river crossing!
RV03136,BK-2024-02494,2024-08-31,3,5,"Okay overall, vehicle was cramped."
RV03137,BK-2024-02496,2024-10-20,4,7,"Great sightings, lodge food could improve."
RV03138,BK-2024-02497,2024-11-03,4,7,"Lovely camp, a little pricey."
RV03139,BK-2024-02500,2025-03-03,4,7,"Very good trip, long drives though."
RV03140,BK-2024-02504,2024-09-01,5,10,Unforgettable — saw the river crossing!
RV03141,BK-2024-02505,2024-10-20,4,9,"Great sightings, lodge food could improve."
RV03142,BK-2024-02509,2024-09-13,2,6,Delayed pickup and a flat tyre.
RV03143,BK-2024-02510,2024-11-09,5,9,Best holiday of our lives.
RV03144,BK-2024-02511,2024-09-14,3,7,"Wildlife good, communication before trip poor."
RV03145,BK-2024-02512,2024-10-07,5,9,Flawless from airport pickup to farewell.
RV03146,BK-2024-02513,2024-09-27,5,10,Flawless from airport pickup to farewell.
RV03147,BK-2024-02516,2024-09-07,4,8,Guide knew every bird by name.
RV03148,BK-2024-02518,2024-08-23,5,10,Unforgettable — saw the river crossing!
RV03149,BK-2024-02519,2024-08-27,3,6,"Okay overall, vehicle was cramped."
RV03150,BK-2024-02520,2024-09-26,5,10,Flawless from airport pickup to farewell.
RV03151,BK-2024-02521,2024-10-13,5,10,Best holiday of our lives.
RV03152,BK-2024-02522,2024-12-22,4,9,"Great sightings, lodge food could improve."
RV03153,BK-2024-02524,2024-11-04,5,10,"Guide was exceptional, every detail handled."
RV03154,BK-2024-02526,2024-09-29,3,7,"Okay overall, vehicle was cramped."
RV03155,BK-2024-02529,2024-08-19,4,7,"Great sightings, lodge food could improve."
RV03156,BK-2024-02532,2024-09-27,4,7,"Lovely camp, a little pricey."
RV03157,BK-2024-02533,2024-09-12,5,9,Unforgettable — saw the river crossing!
RV03158,BK-2024-02535,2024-09-03,5,10,"Guide was exceptional, every detail handled."
RV03159,BK-2024-02536,2024-10-19,4,9,"Very good trip, long drives though."
RV03160,BK-2024-02537,2025-01-22,5,9,Unforgettable — saw the river crossing!
RV03161,BK-2024-02539,2024-10-03,4,9,Guide knew every bird by name.
RV03162,BK-2024-02540,2024-09-25,4,9,"Very good trip, long drives though."
RV03163,BK-2024-02541,2024-11-09,3,6,Too many vehicles at sightings.
RV03164,BK-2024-02542,2024-09-18,4,8,Guide knew every bird by name.
RV03165,BK-2024-02547,2025-02-12,3,5,Too many vehicles at sightings.
RV03166,BK-2024-02548,2024-09-09,4,8,"Great sightings, lodge food could improve."
RV03167,BK-2024-02549,2025-03-27,4,9,"Lovely camp, a little pricey."
RV03168,BK-2024-02551,2024-12-18,4,7,Guide knew every bird by name.
RV03169,BK-2024-02554,2024-11-01,5,10,"Guide was exceptional, every detail handled."
RV03170,BK-2024-02557,2024-11-10,5,9,"Guide was exceptional, every detail handled."
RV03171,BK-2024-02558,2025-01-19,5,10,Best holiday of our lives.
RV03172,BK-2024-02560,2024-09-24,2,6,Accommodation not as advertised.
RV03173,BK-2024-02561,2025-06-21,4,9,"Great sightings, lodge food could improve."
RV03174,BK-2024-02563,2024-10-20,5,10,Flawless from airport pickup to farewell.
RV03175,BK-2024-02564,2024-09-15,5,10,Unforgettable — saw the river crossing!
RV03176,BK-2024-02566,2024-10-11,5,10,Best holiday of our lives.
RV03177,BK-2024-02570,2024-11-14,4,8,"Very good trip, long drives though."
RV03178,BK-2024-02573,2024-11-09,4,7,Guide knew every bird by name.
RV03179,BK-2024-02575,2024-10-23,5,10,Flawless from airport pickup to farewell.
RV03180,BK-2024-02577,2024-09-08,3,6,"Wildlife good, communication before trip poor."
RV03181,BK-2024-02579,2024-11-13,5,10,Unforgettable — saw the river crossing!
RV03182,BK-2024-02581,2024-09-08,4,9,Guide knew every bird by name.
RV03183,BK-2024-02582,2025-02-27,5,10,Flawless from airport pickup to farewell.
RV03184,BK-2024-02583,2024-11-19,3,6,Too many vehicles at sightings.
RV03185,BK-2024-02585,2024-11-23,4,8,"Lovely camp, a little pricey."
RV03186,BK-2024-02586,2025-01-23,5,10,Flawless from airport pickup to farewell.
RV03187,BK-2024-02587,2024-10-15,4,8,"Very good trip, long drives though."
RV03188,BK-2024-02590,2025-02-08,4,9,"Great sightings, lodge food could improve."
RV03189,BK-2024-02594,2024-10-12,4,8,"Very good trip, long drives though."
RV03190,BK-2024-02595,2024-09-11,4,7,"Lovely camp, a little pricey."
RV03191,BK-2024-02596,2024-08-17,4,9,"Great sightings, lodge food could improve."
RV03192,BK-2024-02597,2024-09-08,4,7,"Lovely camp, a little pricey."
RV03193,BK-2024-02598,2024-11-12,4,8,Guide knew every bird by name.
RV03194,BK-2024-02600,2025-07-26,5,9,Unforgettable — saw the river crossing!
RV03195,BK-2024-02601,2025-01-12,4,7,"Very good trip, long drives though."
RV03196,BK-2024-02603,2025-03-23,3,5,"Wildlife good, communication before trip poor."
RV03197,BK-2024-02605,2024-09-20,5,10,Best holiday of our lives.
RV03198,BK-2024-02607,2024-08-30,4,7,Guide knew every bird by name.
RV03199,BK-2024-02608,2024-09-10,3,7,"Okay overall, vehicle was cramped."
RV03200,BK-2024-02611,2024-09-21,2,6,Accommodation not as advertised.
RV03201,BK-2024-02615,2024-09-17,5,9,Unforgettable — saw the river crossing!
RV03202,BK-2024-02616,2024-09-22,3,6,"Okay overall, vehicle was cramped."
RV03203,BK-2024-02617,2025-02-17,5,9,Unforgettable — saw the river crossing!
RV03204,BK-2024-02619,2024-09-27,4,8,"Great sightings, lodge food could improve."
RV03205,BK-2024-02621,2024-10-15,3,6,"Wildlife good, communication before trip poor."
RV03206,BK-2024-02623,2024-12-14,3,6,"Okay overall, vehicle was cramped."
RV03207,BK-2024-02624,2024-11-27,4,7,"Great sightings, lodge food could improve."
RV03208,BK-2024-02626,2024-12-10,3,5,"Wildlife good, communication before trip poor."
RV03209,BK-2024-02633,2024-09-11,4,7,"Great sightings, lodge food could improve."
RV03210,BK-2024-02635,2024-10-15,2,6,Delayed pickup and a flat tyre.
RV03211,BK-2024-02637,2024-11-07,4,9,"Very good trip, long drives though."
RV03212,BK-2024-02638,2024-09-18,4,8,"Lovely camp, a little pricey."
RV03213,BK-2024-02639,2024-08-31,4,8,"Lovely camp, a little pricey."
RV03214,BK-2024-02641,2024-09-06,4,7,"Lovely camp, a little pricey."
RV03215,BK-2024-02642,2024-10-19,2,5,Delayed pickup and a flat tyre.
RV03216,BK-2024-02644,2024-11-19,4,9,"Very good trip, long drives though."
RV03217,BK-2024-02645,2024-10-07,5,9,Best holiday of our lives.
RV03218,BK-2024-02648,2024-09-10,4,7,"Lovely camp, a little pricey."
RV03219,BK-2024-02654,2025-06-23,5,10,Flawless from airport pickup to farewell.
RV03220,BK-2024-02655,2024-12-21,5,10,Unforgettable — saw the river crossing!
RV03221,BK-2024-02656,2025-09-17,5,10,"Guide was exceptional, every detail handled."
RV03222,BK-2024-02658,2024-09-05,3,6,"Okay overall, vehicle was cramped."
RV03223,BK-2024-02661,2025-03-19,4,9,"Great sightings, lodge food could improve."
RV03224,BK-2024-02662,2024-10-26,3,6,"Wildlife good, communication before trip poor."
RV03225,BK-2024-02663,2024-09-24,5,9,Best holiday of our lives.
RV03226,BK-2024-02667,2024-09-22,4,8,Guide knew every bird by name.
RV03227,BK-2024-02668,2024-09-22,3,5,"Wildlife good, communication before trip poor."
RV03228,BK-2024-02671,2024-10-09,5,9,Best holiday of our lives.
RV03229,BK-2024-02675,2025-07-11,4,7,"Very good trip, long drives though."
RV03230,BK-2024-02676,2024-11-06,4,7,"Very good trip, long drives though."
RV03231,BK-2024-02677,2024-09-13,3,6,"Okay overall, vehicle was cramped."
RV03232,BK-2024-02679,2024-08-31,5,9,Unforgettable — saw the river crossing!
RV03233,BK-2024-02680,2024-10-05,4,9,"Great sightings, lodge food could improve."
RV03234,BK-2024-02682,2024-09-24,4,9,Guide knew every bird by name.
RV03235,BK-2024-02688,2024-11-17,4,7,"Very good trip, long drives though."
RV03236,BK-2024-02689,2025-03-25,5,9,"Guide was exceptional, every detail handled."
RV03237,BK-2024-02690,2024-10-21,4,7,"Great sightings, lodge food could improve."
RV03238,BK-2024-02692,2024-10-09,4,8,"Great sightings, lodge food could improve."
RV03239,BK-2024-02693,2024-09-20,4,9,Guide knew every bird by name.
RV03240,BK-2024-02694,2024-10-07,4,9,Guide knew every bird by name.
RV03241,BK-2024-02700,2024-12-07,4,7,"Very good trip, long drives though."
RV03242,BK-2024-02705,2024-10-15,5,9,Best holiday of our lives.
RV03243,BK-2024-02706,2024-10-03,3,5,"Okay overall, vehicle was cramped."
RV03244,BK-2024-02707,2024-11-04,4,7,"Lovely camp, a little pricey."
RV03245,BK-2024-02709,2024-10-10,4,9,"Very good trip, long drives though."
RV03246,BK-2024-02710,2025-01-31,5,10,"Guide was exceptional, every detail handled."
RV03247,BK-2024-02714,2025-09-11,5,10,Flawless from airport pickup to farewell.
RV03248,BK-2024-02718,2024-11-02,4,7,"Great sightings, lodge food could improve."
RV03249,BK-2024-02719,2024-09-06,4,7,"Lovely camp, a little pricey."
RV03250,BK-2024-02721,2024-09-08,3,7,"Wildlife good, communication before trip poor."
RV03251,BK-2024-02722,2024-09-08,4,9,"Very good trip, long drives though."
RV03252,BK-2024-02729,2024-10-26,5,10,Unforgettable — saw the river crossing!
RV03253,BK-2024-02735,2024-12-09,5,9,Best holiday of our lives.
RV03254,BK-2024-02737,2024-09-10,3,6,"Wildlife good, communication before trip poor."
RV03255,BK-2024-02739,2024-09-19,4,8,Guide knew every bird by name.
RV03256,BK-2024-02740,2024-10-01,4,8,"Lovely camp, a little pricey."
RV03257,BK-2024-02741,2024-11-20,3,5,Too many vehicles at sightings.
RV03258,BK-2024-02743,2024-09-12,5,9,"Guide was exceptional, every detail handled."
RV03259,BK-2024-02744,2024-09-02,4,8,"Very good trip, long drives though."
RV03260,BK-2024-02746,2024-10-09,3,5,Too many vehicles at sightings.
RV03261,BK-2024-02750,2024-11-16,3,5,Too many vehicles at sightings.
RV03262,BK-2024-02754,2024-10-10,4,7,"Very good trip, long drives though."
RV03263,BK-2024-02755,2024-12-15,5,10,Unforgettable — saw the river crossing!
RV03264,BK-2024-02756,2024-12-30,3,7,"Okay overall, vehicle was cramped."
RV03265,BK-2024-02758,2024-09-11,4,9,Guide knew every bird by name.
RV03266,BK-2024-02759,2024-10-14,4,8,"Great sightings, lodge food could improve."
RV03267,BK-2024-02761,2024-09-25,4,7,Guide knew every bird by name.
RV03268,BK-2024-02762,2025-01-05,4,7,Guide knew every bird by name.
RV03269,BK-2024-02763,2025-01-01,4,9,"Very good trip, long drives though."
RV03270,BK-2024-02764,2024-10-28,5,10,Best holiday of our lives.
RV03271,BK-2024-02765,2025-01-19,3,6,"Okay overall, vehicle was cramped."
RV03272,BK-2024-02770,2024-12-16,5,10,"Guide was exceptional, every detail handled."
RV03273,BK-2024-02772,2025-01-25,5,9,"Guide was exceptional, every detail handled."
RV03274,BK-2024-02773,2025-02-01,5,10,Best holiday of our lives.
RV03275,BK-2024-02774,2024-09-17,4,7,"Great sightings, lodge food could improve."
RV03276,BK-2024-02776,2024-10-12,5,9,"Guide was exceptional, every detail handled."
RV03277,BK-2024-02781,2024-10-31,4,8,"Lovely camp, a little pricey."
RV03278,BK-2024-02782,2024-09-06,3,7,"Okay overall, vehicle was cramped."
RV03279,BK-2024-02785,2024-12-29,5,10,Flawless from airport pickup to farewell.
RV03280,BK-2024-02787,2024-09-05,3,5,"Okay overall, vehicle was cramped."
RV03281,BK-2024-02788,2025-10-11,4,9,"Lovely camp, a little pricey."
RV03282,BK-2024-02789,2024-09-30,5,9,"Guide was exceptional, every detail handled."
RV03283,BK-2024-02790,2024-11-19,4,7,Guide knew every bird by name.
RV03284,BK-2024-02791,2024-10-05,4,7,"Lovely camp, a little pricey."
RV03285,BK-2024-02793,2024-10-29,2,4,Accommodation not as advertised.
RV03286,BK-2024-02797,2024-10-30,4,8,Guide knew every bird by name.
RV03287,BK-2024-02802,2024-10-24,5,10,Best holiday of our lives.
RV03288,BK-2024-02804,2024-12-22,4,7,"Very good trip, long drives though."
RV03289,BK-2024-02805,2024-09-19,4,9,"Very good trip, long drives though."
RV03290,BK-2024-02806,2024-09-21,3,5,"Okay overall, vehicle was cramped."
RV03291,BK-2024-02808,2024-09-30,4,7,"Lovely camp, a little pricey."
RV03292,BK-2024-02810,2025-02-20,4,7,"Great sightings, lodge food could improve."
RV03293,BK-2024-02812,2024-11-13,4,7,"Great sightings, lodge food could improve."
RV03294,BK-2024-02816,2024-10-07,3,5,"Wildlife good, communication before trip poor."
RV03295,BK-2024-02819,2025-03-11,5,9,"Guide was exceptional, every detail handled."
RV03296,BK-2024-02820,2024-10-09,4,9,"Great sightings, lodge food could improve."
RV03297,BK-2024-02822,2024-11-03,3,7,"Okay overall, vehicle was cramped."
RV03298,BK-2024-02823,2024-10-21,5,10,Flawless from airport pickup to farewell.
RV03299,BK-2024-02824,2024-10-25,4,8,"Very good trip, long drives though."
RV03300,BK-2024-02825,2024-12-19,3,7,"Wildlife good, communication before trip poor."
RV03301,BK-2024-02826,2024-12-11,3,6,"Okay overall, vehicle was cramped."
RV03302,BK-2024-02827,2024-10-08,3,7,"Wildlife good, communication before trip poor."
RV03303,BK-2024-02829,2024-12-18,5,10,Flawless from airport pickup to farewell.
RV03304,BK-2024-02830,2024-10-05,4,9,Guide knew every bird by name.
RV03305,BK-2024-02831,2024-09-24,4,9,"Very good trip, long drives though."
RV03306,BK-2024-02832,2025-01-01,4,8,"Lovely camp, a little pricey."
RV03307,BK-2024-02837,2024-11-10,4,8,"Very good trip, long drives though."
RV03308,BK-2024-02840,2024-09-26,3,7,"Okay overall, vehicle was cramped."
RV03309,BK-2024-02842,2024-09-20,4,7,"Lovely camp, a little pricey."
RV03310,BK-2024-02845,2024-10-02,3,7,"Wildlife good, communication before trip poor."
RV03311,BK-2024-02847,2024-10-02,5,10,Unforgettable — saw the river crossing!
RV03312,BK-2024-02848,2024-10-13,4,7,"Lovely camp, a little pricey."
RV03313,BK-2024-02851,2024-09-30,5,9,Unforgettable — saw the river crossing!
RV03314,BK-2024-02853,2024-12-01,5,10,"Guide was exceptional, every detail handled."
RV03315,BK-2024-02854,2024-11-03,4,8,"Great sightings, lodge food could improve."
RV03316,BK-2024-02855,2025-04-01,5,10,Flawless from airport pickup to farewell.
RV03317,BK-2024-02859,2024-09-18,2,3,Accommodation not as advertised.
RV03318,BK-2024-02860,2025-01-25,4,9,"Lovely camp, a little pricey."
RV03319,BK-2024-02863,2024-10-21,4,8,"Great sightings, lodge food could improve."
RV03320,BK-2024-02868,2025-01-18,4,7,Guide knew every bird by name.
RV03321,BK-2024-02871,2025-08-08,5,9,Unforgettable — saw the river crossing!
RV03322,BK-2024-02872,2024-10-07,4,7,"Lovely camp, a little pricey."
RV03323,BK-2024-02873,2024-10-11,2,4,Delayed pickup and a flat tyre.
RV03324,BK-2024-02874,2025-02-21,5,9,Unforgettable — saw the river crossing!
RV03325,BK-2024-02876,2024-10-09,5,9,"Guide was exceptional, every detail handled."
RV03326,BK-2024-02878,2024-12-26,5,10,Unforgettable — saw the river crossing!
RV03327,BK-2024-02879,2024-10-02,4,7,"Great sightings, lodge food could improve."
RV03328,BK-2024-02881,2025-01-24,5,9,Best holiday of our lives.
RV03329,BK-2024-02883,2024-11-16,4,7,"Great sightings, lodge food could improve."
RV03330,BK-2024-02887,2025-02-11,4,8,"Great sightings, lodge food could improve."
RV03331,BK-2024-02890,2024-10-03,4,7,"Lovely camp, a little pricey."
RV03332,BK-2024-02892,2024-10-06,4,8,"Lovely camp, a little pricey."
RV03333,BK-2024-02894,2024-10-06,4,7,Guide knew every bird by name.
RV03334,BK-2024-02895,2024-11-05,4,9,"Lovely camp, a little pricey."
RV03335,BK-2024-02899,2025-01-04,5,10,Unforgettable — saw the river crossing!
RV03336,BK-2024-02900,2024-11-17,3,5,Too many vehicles at sightings.
RV03337,BK-2024-02901,2024-11-03,5,9,Best holiday of our lives.
RV03338,BK-2024-02902,2024-09-27,4,9,"Very good trip, long drives though."
RV03339,BK-2024-02907,2024-09-16,5,10,Unforgettable — saw the river crossing!
RV03340,BK-2024-02909,2024-10-02,4,9,"Lovely camp, a little pricey."
RV03341,BK-2024-02910,2024-12-21,5,9,Best holiday of our lives.
RV03342,BK-2024-02912,2024-12-14,5,10,Flawless from airport pickup to farewell.
RV03343,BK-2024-02913,2024-10-26,5,10,Unforgettable — saw the river crossing!
RV03344,BK-2024-02914,2024-09-22,4,7,Guide knew every bird by name.
RV03345,BK-2024-02915,2024-10-18,5,10,Flawless from airport pickup to farewell.
RV03346,BK-2024-02917,2025-01-10,5,10,Flawless from airport pickup to farewell.
RV03347,BK-2024-02920,2024-12-14,4,7,"Great sightings, lodge food could improve."
RV03348,BK-2024-02924,2024-10-15,5,10,Unforgettable — saw the river crossing!
RV03349,BK-2024-02926,2024-12-30,4,8,"Very good trip, long drives though."
RV03350,BK-2024-02927,2025-02-10,4,9,"Lovely camp, a little pricey."
RV03351,BK-2024-02928,2024-10-22,4,9,"Lovely camp, a little pricey."
RV03352,BK-2024-02931,2024-11-13,4,7,"Very good trip, long drives though."
RV03353,BK-2024-02932,2024-09-21,3,7,"Okay overall, vehicle was cramped."
RV03354,BK-2024-02934,2024-11-20,5,9,Best holiday of our lives.
RV03355,BK-2024-02935,2024-11-16,5,9,Unforgettable — saw the river crossing!
RV03356,BK-2024-02937,2024-09-26,4,9,"Great sightings, lodge food could improve."
RV03357,BK-2024-02938,2024-11-04,5,9,"Guide was exceptional, every detail handled."
RV03358,BK-2024-02939,2024-10-19,3,6,Too many vehicles at sightings.
RV03359,BK-2024-02940,2025-01-07,5,10,Unforgettable — saw the river crossing!
RV03360,BK-2024-02941,2024-10-07,5,10,Flawless from airport pickup to farewell.
RV03361,BK-2024-02946,2024-11-02,5,9,Flawless from airport pickup to farewell.
RV03362,BK-2024-02947,2025-01-30,5,9,Best holiday of our lives.
RV03363,BK-2024-02950,2025-01-05,5,9,Best holiday of our lives.
RV03364,BK-2024-02951,2024-10-21,4,9,"Lovely camp, a little pricey."
RV03365,BK-2024-02952,2024-10-17,4,7,"Very good trip, long drives though."
RV03366,BK-2024-02953,2025-03-13,5,10,Flawless from airport pickup to farewell.
RV03367,BK-2024-02954,2024-11-12,3,6,"Okay overall, vehicle was cramped."
RV03368,BK-2024-02956,2025-04-13,5,9,Flawless from airport pickup to farewell.
RV03369,BK-2024-02958,2024-10-07,4,8,Guide knew every bird by name.
RV03370,BK-2024-02962,2024-09-17,4,9,"Great sightings, lodge food could improve."
RV03371,BK-2024-02963,2024-12-08,5,9,Flawless from airport pickup to farewell.
RV03372,BK-2024-02964,2024-10-13,4,7,"Great sightings, lodge food could improve."
RV03373,BK-2024-02966,2024-10-26,4,7,"Lovely camp, a little pricey."
RV03374,BK-2024-02968,2024-10-24,5,10,Flawless from airport pickup to farewell.
RV03375,BK-2024-02970,2025-02-15,5,10,"Guide was exceptional, every detail handled."
RV03376,BK-2024-02972,2024-10-23,5,9,Flawless from airport pickup to farewell.
RV03377,BK-2024-02973,2024-10-19,4,8,"Great sightings, lodge food could improve."
RV03378,BK-2024-02975,2025-02-04,4,7,"Very good trip, long drives though."
RV03379,BK-2024-02978,2024-09-28,4,7,Guide knew every bird by name.
RV03380,BK-2024-02979,2024-11-07,4,7,"Great sightings, lodge food could improve."
RV03381,BK-2024-02987,2025-01-19,3,6,"Okay overall, vehicle was cramped."
RV03382,BK-2024-02988,2024-12-24,5,10,Unforgettable — saw the river crossing!
RV03383,BK-2024-02991,2024-09-19,3,6,"Okay overall, vehicle was cramped."
RV03384,BK-2024-02992,2024-09-27,4,8,Guide knew every bird by name.
RV03385,BK-2024-02993,2024-11-01,4,8,"Lovely camp, a little pricey."
RV03386,BK-2024-02996,2024-10-25,5,10,"Guide was exceptional, every detail handled."
RV03387,BK-2024-02997,2025-02-01,5,10,"Guide was exceptional, every detail handled."
RV03388,BK-2024-02998,2024-10-18,4,8,"Very good trip, long drives though."
RV03389,BK-2024-03002,2024-11-03,4,9,"Lovely camp, a little pricey."
RV03390,BK-2024-03004,2024-12-13,5,9,"Guide was exceptional, every detail handled."
RV03391,BK-2024-03008,2024-10-11,4,7,"Great sightings, lodge food could improve."
RV03392,BK-2024-03012,2025-02-28,3,6,Too many vehicles at sightings.
RV03393,BK-2024-03013,2025-03-06,3,7,"Wildlife good, communication before trip poor."
RV03394,BK-2024-03014,2024-10-13,3,7,"Okay overall, vehicle was cramped."
RV03395,BK-2024-03016,2025-07-26,5,9,Unforgettable — saw the river crossing!
RV03396,BK-2024-03017,2025-02-22,4,8,Guide knew every bird by name.
RV03397,BK-2024-03019,2024-10-13,4,7,"Lovely camp, a little pricey."
RV03398,BK-2024-03020,2024-09-19,3,6,Too many vehicles at sightings.
RV03399,BK-2024-03026,2024-10-08,3,6,"Okay overall, vehicle was cramped."
RV03400,BK-2024-03027,2024-11-08,5,9,"Guide was exceptional, every detail handled."
RV03401,BK-2024-03029,2024-10-03,4,7,"Great sightings, lodge food could improve."
RV03402,BK-2024-03030,2024-11-28,5,9,"Guide was exceptional, every detail handled."
RV03403,BK-2024-03031,2024-11-09,5,10,"Guide was exceptional, every detail handled."
RV03404,BK-2024-03032,2024-10-07,3,7,"Okay overall, vehicle was cramped."
RV03405,BK-2024-03035,2024-10-08,3,7,"Okay overall, vehicle was cramped."
RV03406,BK-2024-03038,2024-10-09,5,9,Best holiday of our lives.
RV03407,BK-2024-03040,2025-05-07,5,10,Unforgettable — saw the river crossing!
RV03408,BK-2024-03044,2024-10-15,4,9,"Lovely camp, a little pricey."
RV03409,BK-2024-03045,2024-11-11,4,7,"Great sightings, lodge food could improve."
RV03410,BK-2024-03046,2024-12-31,5,10,Unforgettable — saw the river crossing!
RV03411,BK-2024-03048,2025-02-17,5,10,"Guide was exceptional, every detail handled."
RV03412,BK-2024-03049,2024-10-10,5,10,Flawless from airport pickup to farewell.
RV03413,BK-2024-03050,2024-11-10,4,8,Guide knew every bird by name.
RV03414,BK-2024-03051,2024-10-30,5,10,Best holiday of our lives.
RV03415,BK-2024-03052,2024-11-09,3,5,Too many vehicles at sightings.
RV03416,BK-2024-03053,2024-09-28,4,9,Guide knew every bird by name.
RV03417,BK-2024-03056,2024-12-10,4,8,"Great sightings, lodge food could improve."
RV03418,BK-2024-03059,2024-12-01,4,7,"Great sightings, lodge food could improve."
RV03419,BK-2024-03063,2025-01-15,4,8,"Lovely camp, a little pricey."
RV03420,BK-2024-03066,2025-01-15,4,7,Guide knew every bird by name.
RV03421,BK-2024-03068,2025-02-13,3,6,Too many vehicles at sightings.
RV03422,BK-2024-03069,2024-11-09,4,7,Guide knew every bird by name.
RV03423,BK-2024-03071,2024-10-11,4,7,"Very good trip, long drives though."
RV03424,BK-2024-03072,2025-02-16,5,10,Flawless from airport pickup to farewell.
RV03425,BK-2024-03073,2024-10-22,5,9,Best holiday of our lives.
RV03426,BK-2024-03076,2024-12-25,2,4,Accommodation not as advertised.
RV03427,BK-2024-03080,2024-10-03,4,8,"Lovely camp, a little pricey."
RV03428,BK-2024-03082,2024-10-08,3,7,"Wildlife good, communication before trip poor."
RV03429,BK-2024-03085,2025-01-28,5,9,Flawless from airport pickup to farewell.
RV03430,BK-2024-03086,2024-10-03,4,8,"Very good trip, long drives though."
RV03431,BK-2024-03087,2024-10-22,4,7,Guide knew every bird by name.
RV03432,BK-2024-03088,2025-06-26,5,9,Best holiday of our lives.
RV03433,BK-2024-03090,2025-01-26,3,7,"Okay overall, vehicle was cramped."
RV03434,BK-2024-03092,2025-03-18,4,8,Guide knew every bird by name.
RV03435,BK-2024-03096,2025-04-15,5,10,"Guide was exceptional, every detail handled."
RV03436,BK-2024-03097,2025-03-05,5,9,"Guide was exceptional, every detail handled."
RV03437,BK-2024-03102,2024-10-02,5,9,Flawless from airport pickup to farewell.
RV03438,BK-2024-03104,2025-08-29,4,8,"Lovely camp, a little pricey."
RV03439,BK-2024-03107,2024-10-17,5,10,"Guide was exceptional, every detail handled."
RV03440,BK-2024-03108,2024-11-03,5,9,Best holiday of our lives.
RV03441,BK-2024-03109,2024-12-07,5,9,Best holiday of our lives.
RV03442,BK-2024-03110,2024-11-09,5,9,Best holiday of our lives.
RV03443,BK-2024-03112,2024-11-01,4,7,Guide knew every bird by name.
RV03444,BK-2024-03115,2024-11-26,3,7,"Okay overall, vehicle was cramped."
RV03445,BK-2024-03116,2025-02-12,4,9,Guide knew every bird by name.
RV03446,BK-2024-03118,2025-01-20,5,9,Best holiday of our lives.
RV03447,BK-2024-03121,2025-10-05,4,8,"Great sightings, lodge food could improve."
RV03448,BK-2024-03128,2024-12-12,4,7,"Lovely camp, a little pricey."
RV03449,BK-2024-03130,2024-11-09,3,7,"Okay overall, vehicle was cramped."
RV03450,BK-2024-03132,2024-10-17,3,6,"Okay overall, vehicle was cramped."
RV03451,BK-2024-03133,2025-02-04,4,7,Guide knew every bird by name.
RV03452,BK-2024-03134,2024-11-08,4,9,"Great sightings, lodge food could improve."
RV03453,BK-2024-03138,2024-11-01,4,7,"Lovely camp, a little pricey."
RV03454,BK-2024-03140,2024-10-16,4,8,Guide knew every bird by name.
RV03455,BK-2024-03143,2024-12-05,5,9,"Guide was exceptional, every detail handled."
RV03456,BK-2024-03144,2024-10-26,5,10,Best holiday of our lives.
RV03457,BK-2024-03145,2024-11-11,4,8,"Lovely camp, a little pricey."
RV03458,BK-2024-03147,2025-01-12,5,9,Flawless from airport pickup to farewell.
RV03459,BK-2024-03148,2024-12-02,4,8,Guide knew every bird by name.
RV03460,BK-2024-03149,2025-02-22,3,5,"Wildlife good, communication before trip poor."
RV03461,BK-2024-03152,2024-10-04,3,6,Too many vehicles at sightings.
RV03462,BK-2024-03154,2025-01-04,5,9,Flawless from airport pickup to farewell.
RV03463,BK-2024-03155,2024-11-11,4,9,"Lovely camp, a little pricey."
RV03464,BK-2024-03158,2024-10-04,4,7,"Very good trip, long drives though."
RV03465,BK-2024-03159,2024-10-18,4,7,"Lovely camp, a little pricey."
RV03466,BK-2024-03161,2024-09-30,4,9,"Very good trip, long drives though."
RV03467,BK-2024-03162,2024-10-15,5,9,Unforgettable — saw the river crossing!
RV03468,BK-2024-03163,2024-11-23,5,10,"Guide was exceptional, every detail handled."
RV03469,BK-2024-03169,2025-02-26,4,7,"Very good trip, long drives though."
RV03470,BK-2024-03170,2024-10-26,5,10,Unforgettable — saw the river crossing!
RV03471,BK-2024-03172,2024-12-27,5,10,Best holiday of our lives.
RV03472,BK-2024-03175,2024-11-05,4,9,"Very good trip, long drives though."
RV03473,BK-2024-03176,2025-01-04,5,10,Flawless from airport pickup to farewell.
RV03474,BK-2024-03179,2025-12-10,3,7,Too many vehicles at sightings.
RV03475,BK-2024-03180,2024-11-02,4,9,"Very good trip, long drives though."
RV03476,BK-2024-03181,2024-10-20,4,8,"Lovely camp, a little pricey."
RV03477,BK-2024-03184,2025-01-29,4,7,"Very good trip, long drives though."
RV03478,BK-2024-03185,2024-12-02,4,9,Guide knew every bird by name.
RV03479,BK-2024-03186,2024-11-06,3,6,"Okay overall, vehicle was cramped."
RV03480,BK-2024-03188,2024-11-10,4,8,"Lovely camp, a little pricey."
RV03481,BK-2024-03189,2024-11-29,4,9,"Very good trip, long drives though."
RV03482,BK-2024-03193,2024-11-17,2,3,Delayed pickup and a flat tyre.
RV03483,BK-2024-03194,2024-10-25,3,5,"Wildlife good, communication before trip poor."
RV03484,BK-2024-03196,2025-03-04,4,8,"Lovely camp, a little pricey."
RV03485,BK-2024-03197,2024-10-19,3,7,"Wildlife good, communication before trip poor."
RV03486,BK-2024-03198,2024-10-23,3,7,Too many vehicles at sightings.
RV03487,BK-2024-03200,2024-12-17,5,9,Best holiday of our lives.
RV03488,BK-2024-03202,2025-09-27,5,9,Best holiday of our lives.
RV03489,BK-2024-03203,2024-10-20,4,9,"Very good trip, long drives though."
RV03490,BK-2024-03208,2024-11-14,5,10,"Guide was exceptional, every detail handled."
RV03491,BK-2024-03209,2024-11-25,4,9,"Great sightings, lodge food could improve."
RV03492,BK-2024-03211,2024-10-05,5,9,Flawless from airport pickup to farewell.
RV03493,BK-2024-03212,2025-01-27,5,10,"Guide was exceptional, every detail handled."
RV03494,BK-2024-03213,2025-02-09,4,9,Guide knew every bird by name.
RV03495,BK-2024-03215,2024-12-27,4,7,"Very good trip, long drives though."
RV03496,BK-2024-03218,2024-11-16,5,10,Flawless from airport pickup to farewell.
RV03497,BK-2024-03222,2025-02-28,4,7,"Very good trip, long drives though."
RV03498,BK-2024-03224,2024-10-09,4,9,"Very good trip, long drives though."
RV03499,BK-2024-03226,2025-02-17,5,10,Unforgettable — saw the river crossing!
RV03500,BK-2024-03227,2025-05-25,5,9,Flawless from airport pickup to farewell.
RV03501,BK-2024-03228,2025-01-27,5,10,Unforgettable — saw the river crossing!
RV03502,BK-2024-03229,2024-11-29,3,6,Too many vehicles at sightings.
RV03503,BK-2024-03230,2024-11-17,5,10,Best holiday of our lives.
RV03504,BK-2024-03232,2024-10-16,4,9,Guide knew every bird by name.
RV03505,BK-2024-03233,2024-11-01,4,8,Guide knew every bird by name.
RV03506,BK-2024-03235,2025-01-12,4,9,"Great sightings, lodge food could improve."
RV03507,BK-2024-03236,2024-10-10,3,6,"Okay overall, vehicle was cramped."
RV03508,BK-2024-03237,2024-11-28,3,7,"Okay overall, vehicle was cramped."
RV03509,BK-2024-03240,2024-10-15,3,6,"Okay overall, vehicle was cramped."
RV03510,BK-2024-03242,2024-11-16,4,7,"Very good trip, long drives though."
RV03511,BK-2024-03243,2025-05-05,4,7,Guide knew every bird by name.
RV03512,BK-2024-03252,2025-01-24,4,8,Guide knew every bird by name.
RV03513,BK-2024-03256,2024-10-23,4,7,Guide knew every bird by name.
RV03514,BK-2024-03260,2024-10-17,5,10,Unforgettable — saw the river crossing!
RV03515,BK-2024-03261,2024-10-29,2,6,Accommodation not as advertised.
RV03516,BK-2024-03262,2024-12-29,4,8,Guide knew every bird by name.
RV03517,BK-2024-03267,2025-03-05,4,9,Guide knew every bird by name.
RV03518,BK-2024-03270,2024-11-25,4,7,"Lovely camp, a little pricey."
RV03519,BK-2024-03273,2024-12-28,5,9,"Guide was exceptional, every detail handled."
RV03520,BK-2024-03274,2025-04-26,4,7,"Great sightings, lodge food could improve."
RV03521,BK-2024-03275,2025-09-22,4,7,"Lovely camp, a little pricey."
RV03522,BK-2024-03276,2024-12-15,4,7,"Great sightings, lodge food could improve."
RV03523,BK-2024-03277,2024-12-12,4,7,"Lovely camp, a little pricey."
RV03524,BK-2024-03282,2025-03-01,5,10,Unforgettable — saw the river crossing!
RV03525,BK-2024-03283,2024-11-05,5,9,Flawless from airport pickup to farewell.
RV03526,BK-2024-03284,2024-12-28,2,5,Delayed pickup and a flat tyre.
RV03527,BK-2024-03287,2024-10-16,3,6,Too many vehicles at sightings.
RV03528,BK-2024-03290,2024-10-12,5,9,Unforgettable — saw the river crossing!
RV03529,BK-2024-03291,2025-01-10,5,9,Unforgettable — saw the river crossing!
RV03530,BK-2024-03295,2025-01-05,5,9,Best holiday of our lives.
RV03531,BK-2024-03296,2025-05-30,5,10,Best holiday of our lives.
RV03532,BK-2024-03297,2024-11-22,3,7,Too many vehicles at sightings.
RV03533,BK-2024-03298,2025-02-01,4,8,"Lovely camp, a little pricey."
RV03534,BK-2024-03299,2025-12-25,5,10,Best holiday of our lives.
RV03535,BK-2024-03300,2024-12-27,4,9,Guide knew every bird by name.
RV03536,BK-2024-03303,2025-01-19,4,8,"Lovely camp, a little pricey."
RV03537,BK-2024-03307,2024-11-19,4,8,"Very good trip, long drives though."
RV03538,BK-2024-03308,2024-12-12,4,7,"Great sightings, lodge food could improve."
RV03539,BK-2024-03310,2024-10-29,4,7,"Great sightings, lodge food could improve."
RV03540,BK-2024-03311,2024-11-13,2,6,Accommodation not as advertised.
RV03541,BK-2024-03312,2025-01-15,4,8,"Very good trip, long drives though."
RV03542,BK-2024-03315,2024-11-08,4,8,Guide knew every bird by name.
RV03543,BK-2024-03316,2024-10-17,3,7,"Okay overall, vehicle was cramped."
RV03544,BK-2024-03318,2024-11-22,3,7,"Wildlife good, communication before trip poor."
RV03545,BK-2024-03320,2024-11-10,4,9,"Great sightings, lodge food could improve."
RV03546,BK-2024-03322,2024-11-12,5,10,Flawless from airport pickup to farewell.
RV03547,BK-2024-03324,2025-09-04,5,10,Unforgettable — saw the river crossing!
RV03548,BK-2024-03327,2025-09-08,4,9,"Very good trip, long drives though."
RV03549,BK-2024-03329,2024-11-06,4,8,Guide knew every bird by name.
RV03550,BK-2024-03330,2024-10-30,5,10,Unforgettable — saw the river crossing!
RV03551,BK-2024-03337,2024-12-02,4,8,"Very good trip, long drives though."
RV03552,BK-2024-03342,2024-11-20,4,8,"Lovely camp, a little pricey."
RV03553,BK-2024-03343,2025-01-10,4,7,"Very good trip, long drives though."
RV03554,BK-2024-03346,2024-11-04,3,5,Too many vehicles at sightings.
RV03555,BK-2024-03347,2025-01-04,4,8,Guide knew every bird by name.
RV03556,BK-2024-03349,2025-03-02,4,7,"Very good trip, long drives though."
RV03557,BK-2024-03350,2024-10-12,4,9,Guide knew every bird by name.
RV03558,BK-2024-03353,2024-11-07,4,7,"Great sightings, lodge food could improve."
RV03559,BK-2024-03354,2024-12-25,5,9,"Guide was exceptional, every detail handled."
RV03560,BK-2024-03356,2025-07-19,5,9,Unforgettable — saw the river crossing!
RV03561,BK-2024-03358,2024-11-01,5,9,Flawless from airport pickup to farewell.
RV03562,BK-2024-03366,2024-11-29,3,5,"Okay overall, vehicle was cramped."
RV03563,BK-2024-03367,2024-10-23,3,7,"Wildlife good, communication before trip poor."
RV03564,BK-2024-03370,2025-01-31,5,9,Best holiday of our lives.
RV03565,BK-2024-03371,2025-01-24,4,9,"Great sightings, lodge food could improve."
RV03566,BK-2024-03373,2025-02-20,4,9,Guide knew every bird by name.
RV03567,BK-2024-03376,2024-12-10,3,5,"Okay overall, vehicle was cramped."
RV03568,BK-2024-03378,2024-12-17,5,9,Flawless from airport pickup to farewell.
RV03569,BK-2024-03380,2024-12-08,4,9,"Lovely camp, a little pricey."
RV03570,BK-2024-03382,2025-10-23,5,10,Unforgettable — saw the river crossing!
RV03571,BK-2024-03383,2024-11-01,5,10,Unforgettable — saw the river crossing!
RV03572,BK-2024-03384,2024-12-06,4,7,"Very good trip, long drives though."
RV03573,BK-2024-03386,2024-10-31,5,9,Unforgettable — saw the river crossing!
RV03574,BK-2024-03388,2024-11-27,4,8,Guide knew every bird by name.
RV03575,BK-2024-03391,2025-08-11,5,9,"Guide was exceptional, every detail handled."
RV03576,BK-2024-03392,2025-02-14,2,4,Delayed pickup and a flat tyre.
RV03577,BK-2024-03394,2024-12-10,5,9,Flawless from airport pickup to farewell.
RV03578,BK-2024-03396,2024-10-18,5,10,"Guide was exceptional, every detail handled."
RV03579,BK-2024-03397,2024-11-08,3,6,Too many vehicles at sightings.
RV03580,BK-2024-03403,2024-12-21,3,5,Too many vehicles at sightings.
RV03581,BK-2024-03407,2024-11-29,5,10,Flawless from airport pickup to farewell.
RV03582,BK-2024-03408,2024-10-20,5,10,Unforgettable — saw the river crossing!
RV03583,BK-2024-03409,2025-02-08,5,10,Flawless from airport pickup to farewell.
RV03584,BK-2024-03410,2024-12-17,5,10,"Guide was exceptional, every detail handled."
RV03585,BK-2024-03411,2024-12-11,5,9,Flawless from airport pickup to farewell.
RV03586,BK-2024-03412,2024-12-24,5,9,Unforgettable — saw the river crossing!
RV03587,BK-2024-03414,2024-12-07,4,8,"Lovely camp, a little pricey."
RV03588,BK-2024-03418,2025-02-19,4,8,"Great sightings, lodge food could improve."
RV03589,BK-2024-03419,2024-11-02,4,9,"Lovely camp, a little pricey."
RV03590,BK-2024-03424,2024-11-20,5,9,Flawless from airport pickup to farewell.
RV03591,BK-2024-03425,2025-03-28,4,7,"Lovely camp, a little pricey."
RV03592,BK-2024-03426,2024-11-26,5,10,Unforgettable — saw the river crossing!
RV03593,BK-2024-03427,2024-10-20,5,9,"Guide was exceptional, every detail handled."
RV03594,BK-2024-03429,2025-01-05,4,9,"Very good trip, long drives though."
RV03595,BK-2024-03432,2025-01-17,4,7,"Great sightings, lodge food could improve."
RV03596,BK-2024-03434,2025-04-03,3,6,"Okay overall, vehicle was cramped."
RV03597,BK-2024-03435,2024-11-22,2,5,Accommodation not as advertised.
RV03598,BK-2024-03437,2025-01-18,5,9,"Guide was exceptional, every detail handled."
RV03599,BK-2024-03438,2024-11-07,5,10,Unforgettable — saw the river crossing!
RV03600,BK-2024-03441,2024-12-09,4,7,Guide knew every bird by name.
RV03601,BK-2024-03442,2025-05-04,4,9,"Great sightings, lodge food could improve."
RV03602,BK-2024-03445,2024-11-07,5,9,Flawless from airport pickup to farewell.
RV03603,BK-2024-03446,2024-12-28,4,7,"Very good trip, long drives though."
RV03604,BK-2024-03447,2024-12-22,5,9,Best holiday of our lives.
RV03605,BK-2024-03451,2025-02-19,4,7,"Very good trip, long drives though."
RV03606,BK-2024-03452,2025-01-29,5,10,Best holiday of our lives.
RV03607,BK-2024-03454,2025-02-26,4,9,"Very good trip, long drives though."
RV03608,BK-2024-03455,2025-02-13,4,9,"Very good trip, long drives though."
RV03609,BK-2024-03456,2024-12-27,4,9,"Very good trip, long drives though."
RV03610,BK-2024-03458,2025-01-31,3,5,Too many vehicles at sightings.
RV03611,BK-2024-03459,2025-01-24,3,6,"Wildlife good, communication before trip poor."
RV03612,BK-2024-03461,2024-11-28,4,7,"Great sightings, lodge food could improve."
RV03613,BK-2024-03462,2025-01-10,5,9,Unforgettable — saw the river crossing!
RV03614,BK-2024-03466,2025-03-02,5,9,Unforgettable — saw the river crossing!
RV03615,BK-2024-03467,2025-07-15,5,9,Flawless from airport pickup to farewell.
RV03616,BK-2024-03470,2025-01-17,5,10,Flawless from airport pickup to farewell.
RV03617,BK-2024-03471,2025-01-29,4,8,"Very good trip, long drives though."
RV03618,BK-2024-03472,2025-08-24,5,9,Flawless from airport pickup to farewell.
RV03619,BK-2024-03474,2024-11-04,4,9,Guide knew every bird by name.
RV03620,BK-2024-03476,2024-10-28,5,10,Unforgettable — saw the river crossing!
RV03621,BK-2024-03477,2024-11-01,3,7,"Okay overall, vehicle was cramped."
RV03622,BK-2024-03478,2024-11-19,4,8,"Very good trip, long drives though."
RV03623,BK-2024-03482,2024-12-16,4,7,"Lovely camp, a little pricey."
RV03624,BK-2024-03483,2024-11-20,5,10,Best holiday of our lives.
RV03625,BK-2024-03485,2025-03-05,5,9,Best holiday of our lives.
RV03626,BK-2024-03486,2025-01-13,4,8,"Great sightings, lodge food could improve."
RV03627,BK-2024-03489,2025-02-10,4,9,Guide knew every bird by name.
RV03628,BK-2024-03492,2025-01-30,4,9,Guide knew every bird by name.
RV03629,BK-2024-03493,2024-11-15,4,9,"Very good trip, long drives though."
RV03630,BK-2024-03494,2024-12-28,5,9,Flawless from airport pickup to farewell.
RV03631,BK-2024-03498,2025-02-06,5,9,"Guide was exceptional, every detail handled."
RV03632,BK-2024-03499,2025-02-16,4,9,"Great sightings, lodge food could improve."
RV03633,BK-2024-03503,2025-02-04,4,9,Guide knew every bird by name.
RV03634,BK-2024-03504,2024-11-26,4,7,"Lovely camp, a little pricey."
RV03635,BK-2024-03506,2024-11-27,5,10,Flawless from airport pickup to farewell.
RV03636,BK-2024-03511,2024-11-01,5,10,Unforgettable — saw the river crossing!
RV03637,BK-2024-03512,2024-12-16,5,10,Flawless from airport pickup to farewell.
RV03638,BK-2024-03514,2024-11-09,4,8,Guide knew every bird by name.
RV03639,BK-2024-03516,2025-03-09,4,8,"Lovely camp, a little pricey."
RV03640,BK-2024-03518,2024-12-03,2,6,Accommodation not as advertised.
RV03641,BK-2024-03520,2025-04-11,5,9,Flawless from airport pickup to farewell.
RV03642,BK-2024-03523,2025-02-17,4,9,Guide knew every bird by name.
RV03643,BK-2024-03524,2025-02-10,5,9,Best holiday of our lives.
RV03644,BK-2024-03525,2024-11-07,4,8,Guide knew every bird by name.
RV03645,BK-2024-03527,2024-12-10,4,8,"Great sightings, lodge food could improve."
RV03646,BK-2024-03531,2024-10-24,4,7,"Very good trip, long drives though."
RV03647,BK-2024-03532,2025-02-13,5,10,Flawless from airport pickup to farewell.
RV03648,BK-2024-03535,2025-01-19,3,6,"Okay overall, vehicle was cramped."
RV03649,BK-2024-03536,2024-11-10,5,9,Flawless from airport pickup to farewell.
RV03650,BK-2024-03537,2025-02-10,4,7,"Great sightings, lodge food could improve."
RV03651,BK-2024-03538,2025-01-26,4,8,"Very good trip, long drives though."
RV03652,BK-2024-03540,2024-12-19,4,8,Guide knew every bird by name.
RV03653,BK-2024-03542,2025-08-16,5,10,Best holiday of our lives.
RV03654,BK-2024-03543,2025-09-17,4,8,Guide knew every bird by name.
RV03655,BK-2024-03544,2024-11-16,4,8,"Very good trip, long drives though."
RV03656,BK-2024-03545,2024-11-16,3,7,"Wildlife good, communication before trip poor."
RV03657,BK-2024-03546,2025-01-01,4,9,"Great sightings, lodge food could improve."
RV03658,BK-2024-03549,2025-01-24,3,5,Too many vehicles at sightings.
RV03659,BK-2024-03551,2025-01-12,4,8,"Very good trip, long drives though."
RV03660,BK-2024-03553,2024-11-04,5,10,"Guide was exceptional, every detail handled."
RV03661,BK-2024-03555,2024-12-29,4,7,"Great sightings, lodge food could improve."
RV03662,BK-2024-03557,2024-11-23,4,8,"Very good trip, long drives though."
RV03663,BK-2024-03559,2025-01-09,4,8,"Lovely camp, a little pricey."
RV03664,BK-2024-03560,2025-04-06,5,9,Flawless from airport pickup to farewell.
RV03665,BK-2024-03564,2025-01-14,5,10,Flawless from airport pickup to farewell.
RV03666,BK-2024-03570,2025-01-10,4,8,"Lovely camp, a little pricey."
RV03667,BK-2024-03571,2024-10-31,5,10,Unforgettable — saw the river crossing!
RV03668,BK-2024-03576,2024-11-07,4,9,"Lovely camp, a little pricey."
RV03669,BK-2024-03580,2025-01-27,3,5,Too many vehicles at sightings.
RV03670,BK-2024-03592,2024-11-09,5,10,"Guide was exceptional, every detail handled."
RV03671,BK-2024-03602,2025-01-08,5,9,Flawless from airport pickup to farewell.
RV03672,BK-2024-03605,2025-07-23,3,7,"Wildlife good, communication before trip poor."
RV03673,BK-2024-03606,2025-01-02,4,8,Guide knew every bird by name.
RV03674,BK-2024-03611,2025-03-22,5,9,Unforgettable — saw the river crossing!
RV03675,BK-2024-03613,2025-02-19,5,9,Unforgettable — saw the river crossing!
RV03676,BK-2024-03614,2024-12-12,4,9,Guide knew every bird by name.
RV03677,BK-2024-03615,2024-12-02,5,10,Best holiday of our lives.
RV03678,BK-2024-03616,2024-12-26,5,9,"Guide was exceptional, every detail handled."
RV03679,BK-2024-03618,2025-01-06,4,9,Guide knew every bird by name.
RV03680,BK-2024-03620,2024-11-04,5,10,Flawless from airport pickup to farewell.
RV03681,BK-2024-03621,2025-01-07,5,10,Best holiday of our lives.
RV03682,BK-2024-03622,2025-08-06,5,10,Unforgettable — saw the river crossing!
RV03683,BK-2024-03624,2025-03-12,4,7,Guide knew every bird by name.
RV03684,BK-2024-03625,2024-11-12,4,8,"Very good trip, long drives though."
RV03685,BK-2024-03626,2025-02-12,4,8,Guide knew every bird by name.
RV03686,BK-2024-03627,2025-08-18,5,9,Best holiday of our lives.
RV03687,BK-2024-03628,2025-02-20,5,10,"Guide was exceptional, every detail handled."
RV03688,BK-2024-03629,2024-11-23,3,5,"Okay overall, vehicle was cramped."
RV03689,BK-2024-03632,2025-02-07,5,10,Best holiday of our lives.
RV03690,BK-2024-03636,2024-12-13,5,10,"Guide was exceptional, every detail handled."
RV03691,BK-2024-03637,2025-01-18,4,7,Guide knew every bird by name.
RV03692,BK-2024-03638,2024-12-17,2,6,Accommodation not as advertised.
RV03693,BK-2024-03639,2024-11-14,3,5,"Wildlife good, communication before trip poor."
RV03694,BK-2024-03640,2025-01-02,5,9,Flawless from airport pickup to farewell.
RV03695,BK-2024-03641,2024-12-09,3,7,"Wildlife good, communication before trip poor."
RV03696,BK-2024-03642,2025-01-14,5,9,"Guide was exceptional, every detail handled."
RV03697,BK-2024-03643,2024-11-30,4,9,"Great sightings, lodge food could improve."
RV03698,BK-2024-03645,2024-12-15,4,7,Guide knew every bird by name.
RV03699,BK-2024-03648,2024-12-04,4,9,"Very good trip, long drives though."
RV03700,BK-2024-03649,2024-12-31,4,9,"Great sightings, lodge food could improve."
RV03701,BK-2024-03650,2024-12-07,4,9,"Very good trip, long drives though."
RV03702,BK-2024-03652,2025-03-01,5,9,Flawless from airport pickup to farewell.
RV03703,BK-2024-03656,2025-02-20,5,9,"Guide was exceptional, every detail handled."
RV03704,BK-2024-03657,2024-11-10,4,8,"Great sightings, lodge food could improve."
RV03705,BK-2024-03658,2025-01-28,3,5,"Wildlife good, communication before trip poor."
RV03706,BK-2024-03662,2024-12-26,3,5,Too many vehicles at sightings.
RV03707,BK-2024-03664,2024-12-08,5,10,"Guide was exceptional, every detail handled."
RV03708,BK-2024-03670,2025-10-06,4,8,"Very good trip, long drives though."
RV03709,BK-2024-03674,2025-05-15,5,10,"Guide was exceptional, every detail handled."
RV03710,BK-2024-03675,2024-12-02,4,8,Guide knew every bird by name.
RV03711,BK-2024-03677,2025-08-23,5,10,"Guide was exceptional, every detail handled."
RV03712,BK-2024-03681,2025-02-23,4,7,"Great sightings, lodge food could improve."
RV03713,BK-2024-03685,2025-04-22,4,7,"Very good trip, long drives though."
RV03714,BK-2024-03688,2025-03-07,4,7,"Lovely camp, a little pricey."
RV03715,BK-2024-03689,2025-03-26,5,10,"Guide was exceptional, every detail handled."
RV03716,BK-2024-03690,2024-12-02,4,9,"Lovely camp, a little pricey."
RV03717,BK-2024-03694,2024-12-28,2,5,Delayed pickup and a flat tyre.
RV03718,BK-2024-03695,2025-02-21,4,7,"Great sightings, lodge food could improve."
RV03719,BK-2024-03696,2024-12-28,4,9,"Great sightings, lodge food could improve."
RV03720,BK-2024-03698,2025-01-31,5,10,"Guide was exceptional, every detail handled."
RV03721,BK-2024-03699,2025-01-01,5,10,Best holiday of our lives.
RV03722,BK-2024-03701,2025-01-18,5,10,"Guide was exceptional, every detail handled."
RV03723,BK-2024-03702,2025-03-12,5,9,Best holiday of our lives.
RV03724,BK-2024-03703,2025-04-27,5,9,Best holiday of our lives.
RV03725,BK-2024-03710,2025-05-20,5,10,Unforgettable — saw the river crossing!
RV03726,BK-2024-03711,2024-12-25,4,9,"Great sightings, lodge food could improve."
RV03727,BK-2024-03713,2025-03-15,4,9,"Great sightings, lodge food could improve."
RV03728,BK-2024-03714,2025-02-24,5,10,Unforgettable — saw the river crossing!
RV03729,BK-2024-03716,2024-12-20,4,9,"Great sightings, lodge food could improve."
RV03730,BK-2024-03720,2025-03-26,5,10,"Guide was exceptional, every detail handled."
RV03731,BK-2024-03721,2025-01-28,5,10,Unforgettable — saw the river crossing!
RV03732,BK-2024-03722,2025-02-27,5,9,Unforgettable — saw the river crossing!
RV03733,BK-2024-03723,2025-02-09,5,9,Flawless from airport pickup to farewell.
RV03734,BK-2024-03726,2024-12-28,5,10,"Guide was exceptional, every detail handled."
RV03735,BK-2024-03727,2024-11-28,4,7,"Lovely camp, a little pricey."
RV03736,BK-2024-03728,2025-01-10,4,8,Guide knew every bird by name.
RV03737,BK-2024-03730,2025-03-18,5,9,Unforgettable — saw the river crossing!
RV03738,BK-2024-03731,2025-01-18,4,9,Guide knew every bird by name.
RV03739,BK-2024-03733,2025-01-30,4,9,"Lovely camp, a little pricey."
RV03740,BK-2024-03735,2025-02-09,4,8,"Great sightings, lodge food could improve."
RV03741,BK-2024-03736,2024-12-24,5,9,"Guide was exceptional, every detail handled."
RV03742,BK-2024-03737,2025-01-21,3,6,"Wildlife good, communication before trip poor."
RV03743,BK-2024-03738,2025-01-26,5,10,Unforgettable — saw the river crossing!
RV03744,BK-2024-03741,2025-01-18,4,7,"Very good trip, long drives though."
RV03745,BK-2024-03743,2024-12-28,5,10,Flawless from airport pickup to farewell.
RV03746,BK-2024-03744,2025-01-27,4,8,"Lovely camp, a little pricey."
RV03747,BK-2024-03745,2025-01-08,4,7,"Very good trip, long drives though."
RV03748,BK-2024-03746,2025-02-09,5,9,Flawless from airport pickup to farewell.
RV03749,BK-2024-03747,2025-02-10,5,10,Best holiday of our lives.
RV03750,BK-2024-03748,2025-01-21,4,7,"Great sightings, lodge food could improve."
RV03751,BK-2024-03751,2024-12-24,4,7,"Lovely camp, a little pricey."
RV03752,BK-2024-03754,2024-12-19,4,8,"Great sightings, lodge food could improve."
RV03753,BK-2024-03756,2025-01-13,4,9,Guide knew every bird by name.
RV03754,BK-2024-03758,2025-06-13,3,6,"Okay overall, vehicle was cramped."
RV03755,BK-2024-03763,2024-11-16,5,10,Unforgettable — saw the river crossing!
RV03756,BK-2024-03764,2024-12-07,5,10,Unforgettable — saw the river crossing!
RV03757,BK-2024-03767,2024-12-16,4,8,"Great sightings, lodge food could improve."
RV03758,BK-2024-03768,2025-04-21,5,9,Flawless from airport pickup to farewell.
RV03759,BK-2024-03772,2025-01-29,3,5,Too many vehicles at sightings.
RV03760,BK-2024-03773,2025-03-11,4,8,"Great sightings, lodge food could improve."
RV03761,BK-2024-03777,2025-03-15,4,8,"Lovely camp, a little pricey."
RV03762,BK-2024-03779,2025-02-11,5,9,Unforgettable — saw the river crossing!
RV03763,BK-2024-03783,2025-01-22,4,7,Guide knew every bird by name.
RV03764,BK-2024-03784,2025-01-19,5,10,Unforgettable — saw the river crossing!
RV03765,BK-2024-03786,2025-02-01,5,9,"Guide was exceptional, every detail handled."
RV03766,BK-2024-03789,2024-12-03,4,8,"Lovely camp, a little pricey."
RV03767,BK-2024-03796,2025-02-20,3,7,Too many vehicles at sightings.
RV03768,BK-2024-03800,2025-01-02,4,7,"Very good trip, long drives though."
RV03769,BK-2024-03801,2025-01-12,4,7,"Very good trip, long drives though."
RV03770,BK-2024-03804,2024-12-03,4,7,Guide knew every bird by name.
RV03771,BK-2024-03805,2024-12-14,5,10,Best holiday of our lives.
RV03772,BK-2024-03806,2025-06-18,4,8,"Great sightings, lodge food could improve."
RV03773,BK-2024-03809,2025-10-07,5,9,Flawless from airport pickup to farewell.
RV03774,BK-2024-03812,2025-02-15,5,10,Flawless from airport pickup to farewell.
RV03775,BK-2024-03815,2025-01-15,4,8,Guide knew every bird by name.
RV03776,BK-2024-03820,2025-01-23,5,9,Flawless from airport pickup to farewell.
RV03777,BK-2024-03822,2025-01-07,4,9,"Very good trip, long drives though."
RV03778,BK-2024-03825,2025-02-11,5,9,Unforgettable — saw the river crossing!
RV03779,BK-2024-03827,2025-01-12,4,9,"Very good trip, long drives though."
RV03780,BK-2024-03828,2024-12-03,4,7,"Lovely camp, a little pricey."
RV03781,BK-2024-03832,2025-03-18,5,10,Unforgettable — saw the river crossing!
RV03782,BK-2024-03833,2024-12-17,4,9,"Lovely camp, a little pricey."
RV03783,BK-2024-03834,2025-09-06,4,7,"Lovely camp, a little pricey."
RV03784,BK-2024-03837,2025-01-03,4,9,Guide knew every bird by name.
RV03785,BK-2024-03844,2025-02-06,5,9,"Guide was exceptional, every detail handled."
RV03786,BK-2024-03845,2024-12-16,4,9,Guide knew every bird by name.
RV03787,BK-2024-03846,2024-12-21,3,6,"Okay overall, vehicle was cramped."
RV03788,BK-2024-03848,2025-04-02,5,9,Flawless from airport pickup to farewell.
RV03789,BK-2024-03850,2024-11-21,3,7,Too many vehicles at sightings.
RV03790,BK-2024-03852,2025-02-20,5,9,Unforgettable — saw the river crossing!
RV03791,BK-2024-03856,2025-01-07,5,9,Flawless from airport pickup to farewell.
RV03792,BK-2024-03857,2025-01-18,4,8,"Very good trip, long drives though."
RV03793,BK-2024-03858,2025-01-16,5,10,"Guide was exceptional, every detail handled."
RV03794,BK-2024-03859,2025-01-25,4,7,"Lovely camp, a little pricey."
RV03795,BK-2024-03860,2024-12-10,4,7,"Lovely camp, a little pricey."
RV03796,BK-2024-03861,2025-03-24,4,8,Guide knew every bird by name.
RV03797,BK-2024-03862,2024-12-07,3,5,Too many vehicles at sightings.
RV03798,BK-2024-03864,2025-03-07,5,9,Unforgettable — saw the river crossing!
RV03799,BK-2024-03869,2025-01-20,4,8,"Very good trip, long drives though."
RV03800,BK-2024-03872,2025-01-19,3,5,"Wildlife good, communication before trip poor."
RV03801,BK-2024-03873,2025-02-19,5,9,Flawless from airport pickup to farewell.
RV03802,BK-2024-03874,2025-03-08,4,8,Guide knew every bird by name.
RV03803,BK-2024-03875,2025-01-11,4,7,Guide knew every bird by name.
RV03804,BK-2024-03881,2024-12-18,5,10,Flawless from airport pickup to farewell.
RV03805,BK-2024-03882,2024-12-26,3,5,Too many vehicles at sightings.
RV03806,BK-2024-03883,2025-03-10,4,7,Guide knew every bird by name.
RV03807,BK-2024-03884,2025-01-20,5,10,Flawless from airport pickup to farewell.
RV03808,BK-2024-03885,2024-12-30,4,7,"Very good trip, long drives though."
RV03809,BK-2024-03889,2025-01-11,5,9,"Guide was exceptional, every detail handled."
RV03810,BK-2024-03891,2024-12-24,4,7,"Lovely camp, a little pricey."
RV03811,BK-2024-03892,2025-01-04,5,10,Best holiday of our lives.
RV03812,BK-2024-03893,2024-12-21,4,7,"Great sightings, lodge food could improve."
RV03813,BK-2024-03894,2025-01-24,3,5,Too many vehicles at sightings.
RV03814,BK-2024-03898,2025-06-24,5,9,Flawless from airport pickup to farewell.
RV03815,BK-2024-03900,2025-01-16,4,9,Guide knew every bird by name.
RV03816,BK-2024-03901,2024-12-05,5,9,"Guide was exceptional, every detail handled."
RV03817,BK-2024-03902,2025-01-21,4,8,Guide knew every bird by name.
RV03818,BK-2024-03903,2025-01-17,3,7,"Wildlife good, communication before trip poor."
RV03819,BK-2024-03909,2025-07-18,5,9,Best holiday of our lives.
RV03820,BK-2024-03910,2024-12-20,4,7,"Lovely camp, a little pricey."
RV03821,BK-2024-03911,2024-12-22,3,6,"Okay overall, vehicle was cramped."
RV03822,BK-2024-03912,2025-04-25,4,8,"Very good trip, long drives though."
RV03823,BK-2024-03914,2024-12-14,5,9,Unforgettable — saw the river crossing!
RV03824,BK-2024-03916,2025-07-21,5,9,Best holiday of our lives.
RV03825,BK-2024-03919,2025-05-25,5,10,Flawless from airport pickup to farewell.
RV03826,BK-2024-03920,2024-12-25,2,4,Delayed pickup and a flat tyre.
RV03827,BK-2024-03921,2025-01-24,5,9,"Guide was exceptional, every detail handled."
RV03828,BK-2024-03926,2025-01-21,3,6,"Okay overall, vehicle was cramped."
RV03829,BK-2024-03931,2025-04-23,4,7,"Lovely camp, a little pricey."
RV03830,BK-2024-03934,2025-01-19,5,9,Unforgettable — saw the river crossing!
RV03831,BK-2024-03935,2025-08-24,3,6,"Okay overall, vehicle was cramped."
RV03832,BK-2024-03939,2025-03-19,5,10,Best holiday of our lives.
RV03833,BK-2024-03940,2024-12-26,3,5,"Okay overall, vehicle was cramped."
RV03834,BK-2024-03944,2024-12-14,4,8,"Very good trip, long drives though."
RV03835,BK-2024-03948,2025-02-17,4,8,"Very good trip, long drives though."
RV03836,BK-2024-03949,2025-01-03,5,9,Unforgettable — saw the river crossing!
RV03837,BK-2024-03951,2025-01-23,3,7,"Wildlife good, communication before trip poor."
RV03838,BK-2024-03952,2025-02-04,4,9,Guide knew every bird by name.
RV03839,BK-2024-03954,2025-01-06,4,8,"Lovely camp, a little pricey."
RV03840,BK-2024-03956,2025-01-11,4,9,"Very good trip, long drives though."
RV03841,BK-2024-03958,2024-12-15,4,9,"Great sightings, lodge food could improve."
RV03842,BK-2024-03959,2025-02-06,4,9,Guide knew every bird by name.
RV03843,BK-2024-03961,2025-08-16,5,10,Flawless from airport pickup to farewell.
RV03844,BK-2024-03962,2024-12-31,5,9,Best holiday of our lives.
RV03845,BK-2024-03969,2025-02-09,4,9,"Very good trip, long drives though."
RV03846,BK-2024-03974,2025-03-31,4,8,"Great sightings, lodge food could improve."
RV03847,BK-2024-03975,2024-12-17,3,5,"Wildlife good, communication before trip poor."
RV03848,BK-2024-03976,2025-08-27,5,9,"Guide was exceptional, every detail handled."
RV03849,BK-2024-03978,2025-01-08,4,9,"Lovely camp, a little pricey."
RV03850,BK-2024-03979,2025-11-03,5,9,Best holiday of our lives.
RV03851,BK-2024-03982,2024-12-19,3,6,"Wildlife good, communication before trip poor."
RV03852,BK-2024-03983,2025-01-08,5,10,Best holiday of our lives.
RV03853,BK-2024-03988,2024-12-19,4,7,Guide knew every bird by name.
RV03854,BK-2024-03989,2025-02-06,4,9,"Lovely camp, a little pricey."
RV03855,BK-2024-03991,2025-07-04,5,9,Best holiday of our lives.
RV03856,BK-2024-03992,2025-01-03,4,9,Guide knew every bird by name.
RV03857,BK-2024-03996,2025-01-03,4,8,"Very good trip, long drives though."
RV03858,BK-2024-03998,2025-03-06,5,9,"Guide was exceptional, every detail handled."
RV03859,BK-2024-03999,2025-04-01,5,9,Best holiday of our lives.
RV03860,BK-2024-04000,2025-01-19,5,10,Unforgettable — saw the river crossing!
RV03861,BK-2024-04001,2025-01-11,5,10,Flawless from airport pickup to farewell.
RV03862,BK-2024-04002,2025-08-21,4,7,"Great sightings, lodge food could improve."
RV03863,BK-2024-04003,2024-12-26,5,10,Unforgettable — saw the river crossing!
RV03864,BK-2024-04006,2025-02-19,5,10,"Guide was exceptional, every detail handled."
RV03865,BK-2024-04007,2025-02-24,4,8,Guide knew every bird by name.
RV03866,BK-2024-04008,2024-12-15,5,9,Flawless from airport pickup to farewell.
RV03867,BK-2024-04010,2025-01-08,5,10,"Guide was exceptional, every detail handled."
RV03868,BK-2024-04011,2025-01-26,4,7,"Great sightings, lodge food could improve."
RV03869,BK-2024-04012,2024-12-13,4,7,"Very good trip, long drives though."
RV03870,BK-2024-04013,2025-08-18,3,5,"Wildlife good, communication before trip poor."
RV03871,BK-2024-04014,2025-03-15,5,9,Best holiday of our lives.
RV03872,BK-2024-04016,2025-01-29,5,10,"Guide was exceptional, every detail handled."
RV03873,BK-2024-04017,2024-12-24,5,9,"Guide was exceptional, every detail handled."
RV03874,BK-2024-04020,2024-12-20,3,5,"Okay overall, vehicle was cramped."
RV03875,BK-2024-04021,2025-02-09,5,10,"Guide was exceptional, every detail handled."
RV03876,BK-2024-04025,2025-02-16,3,5,Too many vehicles at sightings.
RV03877,BK-2024-04026,2025-02-07,5,9,Best holiday of our lives.
RV03878,BK-2024-04027,2025-01-01,4,8,"Very good trip, long drives though."
RV03879,BK-2024-04030,2025-01-03,4,9,Guide knew every bird by name.
RV03880,BK-2024-04031,2024-12-05,5,9,"Guide was exceptional, every detail handled."
RV03881,BK-2024-04034,2025-02-17,4,8,"Great sightings, lodge food could improve."
RV03882,BK-2024-04037,2025-02-25,5,9,Flawless from airport pickup to farewell.
RV03883,BK-2024-04038,2024-12-27,3,6,"Okay overall, vehicle was cramped."
RV03884,BK-2024-04039,2024-12-20,5,9,Best holiday of our lives.
RV03885,BK-2024-04043,2025-01-23,5,10,Best holiday of our lives.
RV03886,BK-2024-04044,2025-02-26,5,10,Best holiday of our lives.
RV03887,BK-2024-04045,2025-03-04,5,9,Flawless from airport pickup to farewell.
RV03888,BK-2024-04047,2025-07-30,5,10,Best holiday of our lives.
RV03889,BK-2024-04048,2025-03-12,5,10,"Guide was exceptional, every detail handled."
RV03890,BK-2024-04050,2025-02-19,3,7,"Okay overall, vehicle was cramped."
RV03891,BK-2024-04051,2025-04-07,5,9,"Guide was exceptional, every detail handled."
RV03892,BK-2024-04052,2024-12-28,5,9,Unforgettable — saw the river crossing!
RV03893,BK-2024-04054,2025-02-17,5,9,Best holiday of our lives.
RV03894,BK-2024-04056,2025-01-11,4,7,"Lovely camp, a little pricey."
RV03895,BK-2024-04057,2025-01-31,5,10,Best holiday of our lives.
RV03896,BK-2024-04058,2025-02-25,3,7,"Wildlife good, communication before trip poor."
RV03897,BK-2024-04059,2025-02-17,2,6,Delayed pickup and a flat tyre.
RV03898,BK-2024-04063,2025-02-17,4,9,Guide knew every bird by name.
RV03899,BK-2024-04064,2024-12-16,4,9,Guide knew every bird by name.
RV03900,BK-2024-04065,2025-01-08,3,7,"Okay overall, vehicle was cramped."
RV03901,BK-2024-04066,2025-06-12,5,10,Best holiday of our lives.
RV03902,BK-2024-04067,2025-04-10,3,6,"Wildlife good, communication before trip poor."
RV03903,BK-2024-04068,2025-01-30,5,9,"Guide was exceptional, every detail handled."
RV03904,BK-2024-04069,2024-12-14,4,9,"Lovely camp, a little pricey."
RV03905,BK-2024-04070,2025-09-30,4,9,"Lovely camp, a little pricey."
RV03906,BK-2024-04071,2025-03-05,5,10,"Guide was exceptional, every detail handled."
RV03907,BK-2024-04072,2025-03-18,5,9,Best holiday of our lives.
RV03908,BK-2024-04076,2025-01-15,4,8,"Great sightings, lodge food could improve."
RV03909,BK-2024-04077,2025-01-06,3,5,Too many vehicles at sightings.
RV03910,BK-2024-04078,2025-01-04,4,9,"Very good trip, long drives though."
RV03911,BK-2024-04079,2025-02-20,5,10,Best holiday of our lives.
RV03912,BK-2024-04081,2025-02-06,4,8,"Very good trip, long drives though."
RV03913,BK-2024-04082,2025-02-12,3,7,Too many vehicles at sightings.
RV03914,BK-2024-04083,2025-03-19,5,9,Flawless from airport pickup to farewell.
RV03915,BK-2024-04084,2024-12-31,3,5,"Wildlife good, communication before trip poor."
RV03916,BK-2024-04085,2025-01-18,4,8,Guide knew every bird by name.
RV03917,BK-2024-04091,2025-03-23,4,8,"Great sightings, lodge food could improve."
RV03918,BK-2024-04093,2025-01-06,5,10,Flawless from airport pickup to farewell.
RV03919,BK-2024-04097,2024-12-29,4,8,Guide knew every bird by name.
RV03920,BK-2024-04098,2024-12-20,5,10,Unforgettable — saw the river crossing!
RV03921,BK-2024-04099,2025-01-03,5,9,Flawless from airport pickup to farewell.
RV03922,BK-2024-04100,2024-12-13,4,9,"Lovely camp, a little pricey."
RV03923,BK-2024-04104,2025-06-23,5,9,Unforgettable — saw the river crossing!
RV03924,BK-2024-04110,2025-02-18,3,7,"Okay overall, vehicle was cramped."
RV03925,BK-2024-04111,2025-01-06,4,7,Guide knew every bird by name.
RV03926,BK-2024-04112,2024-12-27,4,7,"Great sightings, lodge food could improve."
RV03927,BK-2024-04113,2024-12-30,5,9,"Guide was exceptional, every detail handled."
RV03928,BK-2024-04114,2025-07-11,5,10,"Guide was exceptional, every detail handled."
RV03929,BK-2024-04115,2024-12-25,5,10,Flawless from airport pickup to farewell.
RV03930,BK-2024-04116,2024-12-16,4,7,"Lovely camp, a little pricey."
RV03931,BK-2024-04117,2025-02-14,5,10,Unforgettable — saw the river crossing!
RV03932,BK-2024-04118,2025-02-25,5,10,Unforgettable — saw the river crossing!
RV03933,BK-2024-04123,2025-01-20,5,9,Unforgettable — saw the river crossing!
RV03934,BK-2024-04125,2025-08-30,4,9,"Lovely camp, a little pricey."
RV03935,BK-2024-04126,2025-03-10,4,8,"Very good trip, long drives though."
RV03936,BK-2024-04127,2025-01-16,5,9,Unforgettable — saw the river crossing!
RV03937,BK-2024-04133,2025-05-05,4,7,"Great sightings, lodge food could improve."
RV03938,BK-2024-04134,2025-01-10,3,7,"Okay overall, vehicle was cramped."
RV03939,BK-2024-04135,2025-01-12,4,9,"Great sightings, lodge food could improve."
RV03940,BK-2024-04137,2025-05-16,4,8,Guide knew every bird by name.
RV03941,BK-2024-04138,2025-04-01,5,10,"Guide was exceptional, every detail handled."
RV03942,BK-2024-04139,2025-04-14,4,7,Guide knew every bird by name.
RV03943,BK-2024-04140,2025-03-15,5,10,"Guide was exceptional, every detail handled."
RV03944,BK-2024-04141,2025-02-10,4,9,"Lovely camp, a little pricey."
RV03945,BK-2024-04142,2025-05-05,3,7,"Wildlife good, communication before trip poor."
RV03946,BK-2024-04143,2025-02-02,5,9,"Guide was exceptional, every detail handled."
RV03947,BK-2024-04144,2025-02-09,5,10,"Guide was exceptional, every detail handled."
RV03948,BK-2024-04145,2025-02-12,5,10,Unforgettable — saw the river crossing!
RV03949,BK-2024-04146,2025-07-10,4,7,"Great sightings, lodge food could improve."
RV03950,BK-2024-04147,2025-03-02,5,9,Flawless from airport pickup to farewell.
RV03951,BK-2024-04148,2025-02-24,5,9,Flawless from airport pickup to farewell.
RV03952,BK-2024-04149,2025-01-28,5,9,Best holiday of our lives.
RV03953,BK-2024-04155,2025-01-09,4,7,"Very good trip, long drives though."
RV03954,BK-2024-04157,2025-02-23,3,5,Too many vehicles at sightings.
RV03955,BK-2024-04160,2025-03-13,4,7,"Lovely camp, a little pricey."
RV03956,BK-2024-04161,2025-09-10,5,10,"Guide was exceptional, every detail handled."
RV03957,BK-2024-04162,2024-12-28,5,10,Flawless from airport pickup to farewell.
RV03958,BK-2024-04163,2025-01-26,5,10,Unforgettable — saw the river crossing!
RV03959,BK-2024-04164,2025-05-06,4,7,Guide knew every bird by name.
RV03960,BK-2024-04168,2026-03-10,4,7,"Great sightings, lodge food could improve."
RV03961,BK-2024-04169,2025-01-17,5,9,Best holiday of our lives.
RV03962,BK-2024-04173,2025-09-14,5,10,Best holiday of our lives.
RV03963,BK-2024-04175,2025-03-01,5,10,Best holiday of our lives.
RV03964,BK-2024-04177,2025-02-06,3,6,"Okay overall, vehicle was cramped."
RV03965,BK-2024-04180,2025-02-11,5,10,"Guide was exceptional, every detail handled."
RV03966,BK-2024-04181,2024-12-28,4,8,"Very good trip, long drives though."
RV03967,BK-2024-04182,2025-06-13,5,10,Flawless from airport pickup to farewell.
RV03968,BK-2024-04183,2025-02-17,4,9,Guide knew every bird by name.
RV03969,BK-2024-04186,2025-05-21,5,10,"Guide was exceptional, every detail handled."
RV03970,BK-2024-04187,2025-02-17,2,3,Delayed pickup and a flat tyre.
RV03971,BK-2024-04188,2024-12-31,3,7,Too many vehicles at sightings.
RV03972,BK-2024-04193,2024-12-24,5,9,"Guide was exceptional, every detail handled."
RV03973,BK-2024-04194,2025-01-04,5,10,Best holiday of our lives.
RV03974,BK-2024-04195,2025-02-11,4,7,"Lovely camp, a little pricey."
RV03975,BK-2024-04196,2025-01-26,5,10,Best holiday of our lives.
RV03976,BK-2024-04198,2025-01-23,5,9,Flawless from airport pickup to farewell.
RV03977,BK-2024-04200,2025-04-12,5,10,Best holiday of our lives.
RV03978,BK-2024-04203,2025-01-05,3,5,"Okay overall, vehicle was cramped."
RV03979,BK-2024-04206,2025-01-09,4,8,Guide knew every bird by name.
RV03980,BK-2024-04208,2025-02-27,4,8,"Very good trip, long drives though."
RV03981,BK-2024-04209,2025-01-05,5,9,"Guide was exceptional, every detail handled."
RV03982,BK-2024-04213,2025-02-22,5,9,Flawless from airport pickup to farewell.
RV03983,BK-2024-04215,2025-12-22,5,10,Unforgettable — saw the river crossing!
RV03984,BK-2024-04216,2025-02-22,4,9,Guide knew every bird by name.
RV03985,BK-2024-04217,2025-10-17,4,9,"Great sightings, lodge food could improve."
RV03986,BK-2024-04218,2025-03-02,3,6,"Okay overall, vehicle was cramped."
RV03987,BK-2024-04219,2025-01-09,3,6,"Okay overall, vehicle was cramped."
RV03988,BK-2024-04221,2025-02-10,5,10,"Guide was exceptional, every detail handled."
RV03989,BK-2024-04222,2025-03-07,2,3,Accommodation not as advertised.
RV03990,BK-2024-04224,2026-01-09,5,10,"Guide was exceptional, every detail handled."
RV03991,BK-2024-04225,2025-04-02,4,7,"Very good trip, long drives though."
RV03992,BK-2024-04228,2025-02-24,4,7,"Great sightings, lodge food could improve."
RV03993,BK-2024-04230,2025-02-10,4,9,"Lovely camp, a little pricey."
RV03994,BK-2024-04231,2025-05-23,4,7,"Very good trip, long drives though."
RV03995,BK-2024-04232,2025-03-23,5,9,Flawless from airport pickup to farewell.
RV03996,BK-2024-04234,2025-02-24,4,7,"Very good trip, long drives though."
RV03997,BK-2024-04239,2025-01-27,3,5,"Wildlife good, communication before trip poor."
RV03998,BK-2024-04240,2025-05-12,5,9,Flawless from airport pickup to farewell.
RV03999,BK-2024-04246,2025-01-05,4,9,Guide knew every bird by name.
RV04000,BK-2024-04247,2025-01-10,5,9,Flawless from airport pickup to farewell.
RV04001,BK-2024-04248,2024-12-25,4,7,"Great sightings, lodge food could improve."
RV04002,BK-2024-04251,2025-06-23,5,10,Flawless from airport pickup to farewell.
RV04003,BK-2024-04252,2025-02-08,4,8,"Great sightings, lodge food could improve."
RV04004,BK-2024-04254,2025-03-05,3,6,"Wildlife good, communication before trip poor."
RV04005,BK-2024-04258,2025-01-31,4,9,"Very good trip, long drives though."
RV04006,BK-2024-04261,2025-03-20,3,5,"Wildlife good, communication before trip poor."
RV04007,BK-2024-04264,2025-01-24,4,9,"Great sightings, lodge food could improve."
RV04008,BK-2024-04267,2025-02-02,5,9,Best holiday of our lives.
RV04009,BK-2024-04269,2025-02-28,3,6,Too many vehicles at sightings.
RV04010,BK-2024-04270,2025-01-21,4,9,"Lovely camp, a little pricey."
RV04011,BK-2024-04271,2025-01-18,3,5,Too many vehicles at sightings.
RV04012,BK-2024-04272,2025-02-22,5,10,"Guide was exceptional, every detail handled."
RV04013,BK-2024-04279,2025-03-27,5,9,"Guide was exceptional, every detail handled."
RV04014,BK-2024-04280,2025-04-09,4,9,"Lovely camp, a little pricey."
RV04015,BK-2024-04283,2025-04-10,4,8,Guide knew every bird by name.
RV04016,BK-2024-04284,2025-10-07,5,9,"Guide was exceptional, every detail handled."
RV04017,BK-2024-04288,2025-02-26,5,9,Unforgettable — saw the river crossing!
RV04018,BK-2024-04289,2025-03-08,4,8,Guide knew every bird by name.
RV04019,BK-2024-04290,2025-01-27,5,9,Best holiday of our lives.
RV04020,BK-2024-04292,2025-06-23,5,10,Flawless from airport pickup to farewell.
RV04021,BK-2024-04296,2025-02-18,4,8,Guide knew every bird by name.
RV04022,BK-2024-04297,2025-01-20,5,9,Best holiday of our lives.
RV04023,BK-2024-04299,2025-03-16,2,4,Delayed pickup and a flat tyre.
RV04024,BK-2024-04301,2025-09-30,4,8,Guide knew every bird by name.
RV04025,BK-2024-04302,2025-03-13,5,9,Flawless from airport pickup to farewell.
RV04026,BK-2024-04303,2025-01-22,4,8,Guide knew every bird by name.
RV04027,BK-2024-04304,2025-01-14,3,7,Too many vehicles at sightings.
RV04028,BK-2024-04308,2025-01-22,4,8,"Great sightings, lodge food could improve."
RV04029,BK-2024-04309,2025-03-10,5,10,Best holiday of our lives.
RV04030,BK-2024-04310,2025-01-08,4,9,"Lovely camp, a little pricey."
RV04031,BK-2024-04311,2025-07-31,5,9,"Guide was exceptional, every detail handled."
RV04032,BK-2024-04313,2026-06-27,5,10,Best holiday of our lives.
RV04033,BK-2024-04315,2025-01-21,4,7,"Lovely camp, a little pricey."
RV04034,BK-2024-04321,2025-01-27,4,7,"Lovely camp, a little pricey."
RV04035,BK-2024-04325,2025-02-28,4,7,"Great sightings, lodge food could improve."
RV04036,BK-2024-04328,2025-08-06,5,9,"Guide was exceptional, every detail handled."
RV04037,BK-2024-04330,2025-02-20,5,10,Best holiday of our lives.
RV04038,BK-2024-04335,2025-02-03,5,9,Flawless from airport pickup to farewell.
RV04039,BK-2024-04336,2025-07-05,4,9,Guide knew every bird by name.
RV04040,BK-2024-04339,2025-02-16,4,8,"Lovely camp, a little pricey."
RV04041,BK-2024-04340,2025-01-16,3,7,Too many vehicles at sightings.
RV04042,BK-2024-04341,2025-04-01,3,7,"Okay overall, vehicle was cramped."
RV04043,BK-2024-04343,2025-01-09,4,7,"Very good trip, long drives though."
RV04044,BK-2024-04345,2025-02-28,3,6,Too many vehicles at sightings.
RV04045,BK-2024-04347,2025-01-22,3,7,"Wildlife good, communication before trip poor."
RV04046,BK-2024-04348,2025-03-09,5,9,"Guide was exceptional, every detail handled."
RV04047,BK-2024-04351,2025-01-16,3,6,Too many vehicles at sightings.
RV04048,BK-2024-04352,2025-03-10,5,10,Best holiday of our lives.
RV04049,BK-2024-04356,2025-08-15,5,10,Best holiday of our lives.
RV04050,BK-2024-04361,2025-02-09,4,8,Guide knew every bird by name.
RV04051,BK-2024-04364,2025-01-09,5,10,Unforgettable — saw the river crossing!
RV04052,BK-2024-04365,2025-04-15,4,9,"Lovely camp, a little pricey."
RV04053,BK-2024-04366,2025-07-15,5,9,Best holiday of our lives.
RV04054,BK-2024-04368,2025-01-16,3,5,"Wildlife good, communication before trip poor."
RV04055,BK-2024-04369,2025-01-18,5,9,"Guide was exceptional, every detail handled."
RV04056,BK-2024-04370,2025-03-04,4,8,"Great sightings, lodge food could improve."
RV04057,BK-2024-04371,2025-03-31,5,10,Flawless from airport pickup to farewell.
RV04058,BK-2024-04372,2025-02-06,4,8,"Very good trip, long drives though."
RV04059,BK-2024-04373,2026-02-11,4,7,"Lovely camp, a little pricey."
RV04060,BK-2024-04374,2025-03-24,5,10,Flawless from airport pickup to farewell.
RV04061,BK-2024-04378,2025-02-07,4,8,Guide knew every bird by name.
RV04062,BK-2024-04381,2025-01-31,3,5,"Okay overall, vehicle was cramped."
RV04063,BK-2024-04387,2025-08-06,4,8,Guide knew every bird by name.
RV04064,BK-2024-04389,2025-08-19,5,10,Flawless from airport pickup to farewell.
RV04065,BK-2024-04392,2025-03-02,5,10,"Guide was exceptional, every detail handled."
RV04066,BK-2024-04393,2025-07-17,4,9,"Great sightings, lodge food could improve."
RV04067,BK-2024-04396,2025-01-26,4,8,Guide knew every bird by name.
RV04068,BK-2024-04398,2025-10-04,4,9,"Very good trip, long drives though."
RV04069,BK-2024-04399,2025-01-08,3,6,"Okay overall, vehicle was cramped."
RV04070,BK-2024-04405,2025-02-09,5,10,"Guide was exceptional, every detail handled."
RV04071,BK-2024-04406,2025-02-24,4,9,"Great sightings, lodge food could improve."
RV04072,BK-2024-04409,2025-09-29,5,9,Unforgettable — saw the river crossing!
RV04073,BK-2024-04412,2025-06-02,5,10,Best holiday of our lives.
RV04074,BK-2024-04414,2025-07-05,5,9,Unforgettable — saw the river crossing!
RV04075,BK-2024-04415,2025-01-20,3,6,"Okay overall, vehicle was cramped."
RV04076,BK-2024-04422,2025-02-22,5,9,Flawless from airport pickup to farewell.
RV04077,BK-2024-04423,2025-01-08,3,5,Too many vehicles at sightings.
RV04078,BK-2024-04424,2025-01-10,4,9,"Lovely camp, a little pricey."
RV04079,BK-2024-04425,2025-03-10,4,9,Guide knew every bird by name.
RV04080,BK-2024-04426,2025-02-01,5,9,Unforgettable — saw the river crossing!
RV04081,BK-2024-04428,2025-08-18,5,10,Flawless from airport pickup to farewell.
RV04082,BK-2024-04431,2025-02-12,5,9,Flawless from airport pickup to farewell.
RV04083,BK-2024-04433,2025-03-23,4,9,"Very good trip, long drives though."
RV04084,BK-2024-04435,2025-02-11,4,8,"Very good trip, long drives though."
RV04085,BK-2024-04436,2025-04-08,5,10,"Guide was exceptional, every detail handled."
RV04086,BK-2024-04438,2025-02-01,5,10,Unforgettable — saw the river crossing!
RV04087,BK-2024-04439,2025-12-05,3,6,"Okay overall, vehicle was cramped."
RV04088,BK-2024-04440,2025-12-21,5,10,Flawless from airport pickup to farewell.
RV04089,BK-2024-04443,2025-04-16,5,10,"Guide was exceptional, every detail handled."
RV04090,BK-2024-04444,2025-02-27,5,10,"Guide was exceptional, every detail handled."
RV04091,BK-2024-04447,2025-01-09,4,8,"Great sightings, lodge food could improve."
RV04092,BK-2024-04448,2025-01-31,3,5,"Wildlife good, communication before trip poor."
RV04093,BK-2024-04451,2025-04-05,5,10,Best holiday of our lives.
RV04094,BK-2024-04452,2025-02-15,5,9,Best holiday of our lives.
RV04095,BK-2024-04454,2025-01-24,3,7,"Okay overall, vehicle was cramped."
RV04096,BK-2024-04455,2025-05-06,4,7,Guide knew every bird by name.
RV04097,BK-2024-04458,2025-06-19,5,9,"Guide was exceptional, every detail handled."
RV04098,BK-2024-04459,2025-01-19,5,9,Best holiday of our lives.
RV04099,BK-2024-04462,2025-01-16,4,9,"Very good trip, long drives though."
RV04100,BK-2024-04463,2025-02-25,5,10,Unforgettable — saw the river crossing!
RV04101,BK-2024-04464,2025-04-10,5,10,Unforgettable — saw the river crossing!
RV04102,BK-2024-04466,2025-03-20,4,9,"Very good trip, long drives though."
RV04103,BK-2024-04469,2025-04-11,4,8,"Great sightings, lodge food could improve."
RV04104,BK-2024-04472,2025-01-14,4,8,"Very good trip, long drives though."
RV04105,BK-2024-04473,2025-02-17,4,8,"Lovely camp, a little pricey."
RV04106,BK-2024-04474,2025-03-12,4,7,"Very good trip, long drives though."
RV04107,BK-2024-04477,2025-01-31,3,5,"Okay overall, vehicle was cramped."
RV04108,BK-2024-04479,2025-03-29,5,10,Flawless from airport pickup to farewell.
RV04109,BK-2024-04480,2025-02-28,3,6,"Okay overall, vehicle was cramped."
RV04110,BK-2024-04483,2025-02-09,3,6,Too many vehicles at sightings.
RV04111,BK-2024-04485,2025-08-19,5,10,Unforgettable — saw the river crossing!
RV04112,BK-2024-04486,2025-03-20,5,10,Flawless from airport pickup to farewell.
RV04113,BK-2024-04489,2025-11-06,5,9,Flawless from airport pickup to farewell.
RV04114,BK-2024-04490,2025-01-22,4,9,"Lovely camp, a little pricey."
RV04115,BK-2024-04492,2025-03-06,4,8,Guide knew every bird by name.
RV04116,BK-2024-04494,2025-01-14,4,7,"Very good trip, long drives though."
RV04117,BK-2024-04495,2025-03-06,4,9,"Lovely camp, a little pricey."
RV04118,BK-2024-04499,2025-04-08,4,8,Guide knew every bird by name.
RV04119,BK-2024-04501,2025-04-26,4,8,Guide knew every bird by name.
RV04120,BK-2024-04502,2025-01-26,4,9,"Great sightings, lodge food could improve."
RV04121,BK-2024-04503,2025-03-29,4,8,"Great sightings, lodge food could improve."
RV04122,BK-2024-04505,2025-02-13,5,10,"Guide was exceptional, every detail handled."
RV04123,BK-2024-04507,2025-02-15,3,6,"Okay overall, vehicle was cramped."
RV04124,BK-2024-04508,2025-03-18,4,8,"Very good trip, long drives though."
RV04125,BK-2024-04513,2025-02-16,5,10,Flawless from airport pickup to farewell.
RV04126,BK-2024-04514,2025-04-10,4,9,"Very good trip, long drives though."
RV04127,BK-2024-04517,2025-02-02,5,9,Flawless from airport pickup to farewell.
RV04128,BK-2024-04523,2025-02-15,5,9,Unforgettable — saw the river crossing!
RV04129,BK-2024-04524,2025-02-04,3,7,"Wildlife good, communication before trip poor."
RV04130,BK-2024-04528,2025-03-10,2,5,Delayed pickup and a flat tyre.
RV04131,BK-2024-04530,2025-03-01,5,10,"Guide was exceptional, every detail handled."
RV04132,BK-2024-04536,2025-03-13,5,9,Unforgettable — saw the river crossing!
RV04133,BK-2024-04537,2025-02-16,4,8,"Very good trip, long drives though."
RV04134,BK-2024-04541,2025-03-06,4,9,"Lovely camp, a little pricey."
RV04135,BK-2024-04544,2025-02-21,5,10,"Guide was exceptional, every detail handled."
RV04136,BK-2024-04545,2025-02-14,4,7,"Very good trip, long drives though."
RV04137,BK-2024-04546,2025-01-26,3,6,Too many vehicles at sightings.
RV04138,BK-2024-04547,2025-01-31,5,10,Unforgettable — saw the river crossing!
RV04139,BK-2024-04549,2025-03-27,4,9,"Lovely camp, a little pricey."
RV04140,BK-2024-04550,2025-03-02,4,9,"Great sightings, lodge food could improve."
RV04141,BK-2024-04553,2025-05-16,5,10,Unforgettable — saw the river crossing!
RV04142,BK-2024-04555,2025-11-27,4,9,"Very good trip, long drives though."
RV04143,BK-2024-04560,2025-03-17,4,8,"Very good trip, long drives though."
RV04144,BK-2024-04561,2025-01-11,5,10,Best holiday of our lives.
RV04145,BK-2024-04563,2025-02-23,5,9,"Guide was exceptional, every detail handled."
RV04146,BK-2024-04565,2025-02-24,4,9,"Very good trip, long drives though."
RV04147,BK-2024-04567,2025-07-21,5,10,Best holiday of our lives.
RV04148,BK-2024-04568,2025-02-13,4,8,Guide knew every bird by name.
RV04149,BK-2024-04570,2025-01-31,4,7,"Very good trip, long drives though."
RV04150,BK-2024-04574,2025-01-25,5,9,Flawless from airport pickup to farewell.
RV04151,BK-2024-04576,2025-08-23,5,10,"Guide was exceptional, every detail handled."
RV04152,BK-2024-04578,2025-06-30,5,10,Best holiday of our lives.
RV04153,BK-2024-04581,2025-02-01,4,9,Guide knew every bird by name.
RV04154,BK-2024-04582,2025-06-06,4,8,"Very good trip, long drives though."
RV04155,BK-2024-04586,2025-02-08,5,9,Flawless from airport pickup to farewell.
RV04156,BK-2024-04588,2025-03-19,5,10,Unforgettable — saw the river crossing!
RV04157,BK-2025-00003,2025-01-23,4,9,"Very good trip, long drives though."
RV04158,BK-2025-00005,2025-04-28,5,9,Best holiday of our lives.
RV04159,BK-2025-00006,2025-02-15,3,6,Too many vehicles at sightings.
RV04160,BK-2025-00008,2025-03-12,4,7,"Very good trip, long drives though."
RV04161,BK-2025-00015,2025-08-16,4,9,"Very good trip, long drives though."
RV04162,BK-2025-00016,2025-03-06,5,9,"Guide was exceptional, every detail handled."
RV04163,BK-2025-00018,2025-03-26,2,4,Delayed pickup and a flat tyre.
RV04164,BK-2025-00019,2025-05-11,5,9,"Guide was exceptional, every detail handled."
RV04165,BK-2025-00020,2025-02-08,3,5,Too many vehicles at sightings.
RV04166,BK-2025-00022,2025-02-09,4,9,"Very good trip, long drives though."
RV04167,BK-2025-00025,2025-02-14,4,7,Guide knew every bird by name.
RV04168,BK-2025-00028,2025-08-10,3,7,"Okay overall, vehicle was cramped."
RV04169,BK-2025-00029,2025-03-08,4,9,"Lovely camp, a little pricey."
RV04170,BK-2025-00031,2025-01-23,5,10,Flawless from airport pickup to farewell.
RV04171,BK-2025-00032,2025-05-28,4,7,"Very good trip, long drives though."
RV04172,BK-2025-00033,2025-02-12,3,7,Too many vehicles at sightings.
RV04173,BK-2025-00038,2025-03-17,4,7,"Great sightings, lodge food could improve."
RV04174,BK-2025-00040,2025-04-23,3,6,"Okay overall, vehicle was cramped."
RV04175,BK-2025-00041,2025-08-19,5,10,"Guide was exceptional, every detail handled."
RV04176,BK-2025-00042,2025-06-25,5,9,Best holiday of our lives.
RV04177,BK-2025-00043,2025-03-25,4,8,"Very good trip, long drives though."
RV04178,BK-2025-00044,2025-07-25,5,10,Unforgettable — saw the river crossing!
RV04179,BK-2025-00045,2025-03-22,5,10,"Guide was exceptional, every detail handled."
RV04180,BK-2025-00048,2025-03-29,4,8,"Great sightings, lodge food could improve."
RV04181,BK-2025-00050,2025-01-27,4,9,"Lovely camp, a little pricey."
RV04182,BK-2025-00055,2025-02-11,3,7,Too many vehicles at sightings.
RV04183,BK-2025-00057,2025-04-02,5,9,Unforgettable — saw the river crossing!
RV04184,BK-2025-00059,2025-03-07,4,7,"Lovely camp, a little pricey."
RV04185,BK-2025-00060,2025-03-06,4,7,Guide knew every bird by name.
RV04186,BK-2025-00062,2025-03-21,4,9,"Very good trip, long drives though."
RV04187,BK-2025-00063,2025-04-10,3,5,"Okay overall, vehicle was cramped."
RV04188,BK-2025-00065,2025-03-15,4,9,"Very good trip, long drives though."
RV04189,BK-2025-00067,2025-05-27,3,5,"Wildlife good, communication before trip poor."
RV04190,BK-2025-00072,2025-02-22,3,6,Too many vehicles at sightings.
RV04191,BK-2025-00076,2025-02-23,3,5,"Wildlife good, communication before trip poor."
RV04192,BK-2025-00078,2025-04-21,4,9,"Very good trip, long drives though."
RV04193,BK-2025-00081,2026-01-02,3,5,Too many vehicles at sightings.
RV04194,BK-2025-00082,2025-09-18,5,9,"Guide was exceptional, every detail handled."
RV04195,BK-2025-00083,2025-03-08,5,9,Best holiday of our lives.
RV04196,BK-2025-00084,2025-03-01,5,9,Unforgettable — saw the river crossing!
RV04197,BK-2025-00086,2025-02-22,5,9,Best holiday of our lives.
RV04198,BK-2025-00088,2025-02-15,4,9,"Very good trip, long drives though."
RV04199,BK-2025-00090,2025-02-27,4,8,Guide knew every bird by name.
RV04200,BK-2025-00091,2025-02-01,5,10,Best holiday of our lives.
RV04201,BK-2025-00092,2025-06-30,3,6,"Okay overall, vehicle was cramped."
RV04202,BK-2025-00094,2025-01-28,4,7,Guide knew every bird by name.
RV04203,BK-2025-00096,2025-03-26,5,10,Flawless from airport pickup to farewell.
RV04204,BK-2025-00097,2025-10-30,5,10,Unforgettable — saw the river crossing!
RV04205,BK-2025-00101,2025-09-30,4,9,"Very good trip, long drives though."
RV04206,BK-2025-00102,2025-03-28,5,10,Unforgettable — saw the river crossing!
RV04207,BK-2025-00103,2025-02-22,5,9,Flawless from airport pickup to farewell.
RV04208,BK-2025-00105,2025-08-16,4,7,"Very good trip, long drives though."
RV04209,BK-2025-00106,2026-01-20,4,8,"Lovely camp, a little pricey."
RV04210,BK-2025-00107,2025-01-24,4,8,"Very good trip, long drives though."
RV04211,BK-2025-00108,2025-01-31,3,7,Too many vehicles at sightings.
RV04212,BK-2025-00109,2025-05-15,5,9,Unforgettable — saw the river crossing!
RV04213,BK-2025-00112,2025-03-09,4,7,"Very good trip, long drives though."
RV04214,BK-2025-00114,2025-03-21,3,7,"Wildlife good, communication before trip poor."
RV04215,BK-2025-00115,2025-07-05,5,10,Flawless from airport pickup to farewell.
RV04216,BK-2025-00120,2025-06-22,5,9,Best holiday of our lives.
RV04217,BK-2025-00123,2025-03-12,4,7,"Lovely camp, a little pricey."
RV04218,BK-2025-00126,2025-04-16,3,5,Too many vehicles at sightings.
RV04219,BK-2025-00129,2025-04-18,5,10,Best holiday of our lives.
RV04220,BK-2025-00134,2025-02-21,4,7,"Lovely camp, a little pricey."
RV04221,BK-2025-00136,2025-03-02,3,6,"Wildlife good, communication before trip poor."
RV04222,BK-2025-00139,2025-03-27,5,10,Flawless from airport pickup to farewell.
RV04223,BK-2025-00141,2025-03-06,5,10,Best holiday of our lives.
RV04224,BK-2025-00142,2025-03-18,5,9,Unforgettable — saw the river crossing!
RV04225,BK-2025-00143,2025-03-13,4,8,"Very good trip, long drives though."
RV04226,BK-2025-00145,2025-02-11,3,7,"Okay overall, vehicle was cramped."
RV04227,BK-2025-00146,2025-03-21,5,10,Flawless from airport pickup to farewell.
RV04228,BK-2025-00147,2026-01-27,5,9,Flawless from airport pickup to farewell.
RV04229,BK-2025-00151,2025-12-24,4,7,"Lovely camp, a little pricey."
RV04230,BK-2025-00153,2025-02-28,4,8,"Lovely camp, a little pricey."
RV04231,BK-2025-00155,2025-08-27,5,10,Unforgettable — saw the river crossing!
RV04232,BK-2025-00157,2025-02-26,4,9,"Lovely camp, a little pricey."
RV04233,BK-2025-00159,2025-09-08,3,5,Too many vehicles at sightings.
RV04234,BK-2025-00161,2025-06-29,4,9,"Great sightings, lodge food could improve."
RV04235,BK-2025-00163,2025-03-13,3,5,Too many vehicles at sightings.
RV04236,BK-2025-00164,2025-07-29,4,8,"Great sightings, lodge food could improve."
RV04237,BK-2025-00165,2025-04-30,5,10,"Guide was exceptional, every detail handled."
RV04238,BK-2025-00168,2025-08-02,4,9,Guide knew every bird by name.
RV04239,BK-2025-00169,2025-04-15,4,8,"Lovely camp, a little pricey."
RV04240,BK-2025-00171,2025-02-20,3,6,"Okay overall, vehicle was cramped."
RV04241,BK-2025-00173,2025-04-05,5,10,"Guide was exceptional, every detail handled."
RV04242,BK-2025-00174,2025-02-05,4,7,"Great sightings, lodge food could improve."
RV04243,BK-2025-00175,2025-04-07,5,9,"Guide was exceptional, every detail handled."
RV04244,BK-2025-00176,2025-06-25,4,8,"Lovely camp, a little pricey."
RV04245,BK-2025-00179,2025-03-11,3,5,"Okay overall, vehicle was cramped."
RV04246,BK-2025-00181,2025-03-09,4,8,"Great sightings, lodge food could improve."
RV04247,BK-2025-00182,2025-02-07,3,5,"Wildlife good, communication before trip poor."
RV04248,BK-2025-00183,2025-02-22,4,9,"Great sightings, lodge food could improve."
RV04249,BK-2025-00185,2025-03-27,4,9,Guide knew every bird by name.
RV04250,BK-2025-00186,2025-02-14,4,8,"Lovely camp, a little pricey."
RV04251,BK-2025-00187,2025-07-28,5,10,Best holiday of our lives.
RV04252,BK-2025-00190,2025-10-13,5,10,Best holiday of our lives.
RV04253,BK-2025-00191,2025-09-28,3,6,"Wildlife good, communication before trip poor."
RV04254,BK-2025-00192,2025-02-23,5,9,"Guide was exceptional, every detail handled."
RV04255,BK-2025-00194,2025-02-18,4,9,"Great sightings, lodge food could improve."
RV04256,BK-2025-00195,2025-03-30,5,10,Flawless from airport pickup to farewell.
RV04257,BK-2025-00200,2025-10-26,5,10,"Guide was exceptional, every detail handled."
RV04258,BK-2025-00202,2025-02-14,3,7,"Okay overall, vehicle was cramped."
RV04259,BK-2025-00203,2025-03-07,4,9,"Lovely camp, a little pricey."
RV04260,BK-2025-00205,2025-08-21,5,10,"Guide was exceptional, every detail handled."
RV04261,BK-2025-00206,2025-03-02,4,9,"Very good trip, long drives though."
RV04262,BK-2025-00209,2025-02-22,2,4,Accommodation not as advertised.
RV04263,BK-2025-00211,2025-02-08,4,9,"Great sightings, lodge food could improve."
RV04264,BK-2025-00212,2025-11-07,3,5,Too many vehicles at sightings.
RV04265,BK-2025-00213,2025-02-24,4,9,"Lovely camp, a little pricey."
RV04266,BK-2025-00214,2025-08-03,4,8,"Lovely camp, a little pricey."
RV04267,BK-2025-00217,2025-01-28,4,7,Guide knew every bird by name.
RV04268,BK-2025-00218,2025-02-27,3,5,"Wildlife good, communication before trip poor."
RV04269,BK-2025-00221,2025-03-19,4,7,"Great sightings, lodge food could improve."
RV04270,BK-2025-00222,2025-08-09,5,10,Best holiday of our lives.
RV04271,BK-2025-00224,2025-08-23,5,10,"Guide was exceptional, every detail handled."
RV04272,BK-2025-00225,2025-03-31,4,8,"Great sightings, lodge food could improve."
RV04273,BK-2025-00226,2025-03-06,5,10,Flawless from airport pickup to farewell.
RV04274,BK-2025-00227,2025-08-11,5,9,Best holiday of our lives.
RV04275,BK-2025-00228,2025-04-03,3,7,"Okay overall, vehicle was cramped."
RV04276,BK-2025-00230,2025-03-19,4,8,"Very good trip, long drives though."
RV04277,BK-2025-00231,2025-09-07,4,9,Guide knew every bird by name.
RV04278,BK-2025-00232,2025-04-08,5,10,Flawless from airport pickup to farewell.
RV04279,BK-2025-00234,2025-04-21,5,9,Unforgettable — saw the river crossing!
RV04280,BK-2025-00236,2025-12-27,4,7,"Lovely camp, a little pricey."
RV04281,BK-2025-00237,2025-03-01,4,8,"Great sightings, lodge food could improve."
RV04282,BK-2025-00239,2025-07-17,3,6,"Wildlife good, communication before trip poor."
RV04283,BK-2025-00242,2025-03-10,4,9,"Lovely camp, a little pricey."
RV04284,BK-2025-00243,2025-04-03,5,9,Flawless from airport pickup to farewell.
RV04285,BK-2025-00245,2025-07-01,5,10,Unforgettable — saw the river crossing!
RV04286,BK-2025-00246,2025-07-27,5,10,Best holiday of our lives.
RV04287,BK-2025-00248,2025-02-17,5,9,Best holiday of our lives.
RV04288,BK-2025-00252,2025-03-05,4,8,"Great sightings, lodge food could improve."
RV04289,BK-2025-00253,2025-03-10,4,7,"Great sightings, lodge food could improve."
RV04290,BK-2025-00255,2025-04-11,4,9,"Great sightings, lodge food could improve."
RV04291,BK-2025-00256,2025-08-24,5,9,Flawless from airport pickup to farewell.
RV04292,BK-2025-00257,2025-02-14,2,4,Accommodation not as advertised.
RV04293,BK-2025-00259,2025-02-25,4,9,Guide knew every bird by name.
RV04294,BK-2025-00263,2025-03-14,4,7,"Very good trip, long drives though."
RV04295,BK-2025-00265,2025-03-03,3,6,"Wildlife good, communication before trip poor."
RV04296,BK-2025-00267,2025-03-17,4,7,"Lovely camp, a little pricey."
RV04297,BK-2025-00272,2025-09-09,4,8,"Very good trip, long drives though."
RV04298,BK-2025-00273,2025-02-13,4,9,"Great sightings, lodge food could improve."
RV04299,BK-2025-00276,2025-03-25,3,7,Too many vehicles at sightings.
RV04300,BK-2025-00277,2025-06-10,3,5,Too many vehicles at sightings.
RV04301,BK-2025-00278,2025-09-24,5,10,"Guide was exceptional, every detail handled."
RV04302,BK-2025-00279,2025-02-28,3,7,Too many vehicles at sightings.
RV04303,BK-2025-00281,2025-02-22,5,10,"Guide was exceptional, every detail handled."
RV04304,BK-2025-00282,2025-03-18,5,10,Flawless from airport pickup to farewell.
RV04305,BK-2025-00284,2025-09-23,3,6,Too many vehicles at sightings.
RV04306,BK-2025-00286,2025-02-21,4,9,"Lovely camp, a little pricey."
RV04307,BK-2025-00287,2025-04-01,5,10,Best holiday of our lives.
RV04308,BK-2025-00288,2025-04-09,4,7,"Great sightings, lodge food could improve."
RV04309,BK-2025-00289,2025-07-20,4,8,"Very good trip, long drives though."
RV04310,BK-2025-00291,2025-04-16,4,8,Guide knew every bird by name.
RV04311,BK-2025-00292,2025-03-21,5,10,Unforgettable — saw the river crossing!
RV04312,BK-2025-00296,2025-02-26,5,9,Flawless from airport pickup to farewell.
RV04313,BK-2025-00301,2025-02-15,4,9,"Lovely camp, a little pricey."
RV04314,BK-2025-00302,2025-03-12,5,9,Unforgettable — saw the river crossing!
RV04315,BK-2025-00304,2025-03-06,4,8,"Lovely camp, a little pricey."
RV04316,BK-2025-00305,2025-05-17,4,9,"Great sightings, lodge food could improve."
RV04317,BK-2025-00306,2026-01-01,5,10,Best holiday of our lives.
RV04318,BK-2025-00307,2025-05-05,4,7,"Great sightings, lodge food could improve."
RV04319,BK-2025-00309,2025-03-03,4,9,"Lovely camp, a little pricey."
RV04320,BK-2025-00310,2025-03-07,4,7,"Very good trip, long drives though."
RV04321,BK-2025-00311,2025-09-25,4,9,"Great sightings, lodge food could improve."
RV04322,BK-2025-00313,2025-03-28,5,9,Unforgettable — saw the river crossing!
RV04323,BK-2025-00315,2025-03-24,4,7,"Very good trip, long drives though."
RV04324,BK-2025-00316,2025-06-10,5,10,"Guide was exceptional, every detail handled."
RV04325,BK-2025-00317,2025-03-13,4,9,"Lovely camp, a little pricey."
RV04326,BK-2025-00318,2025-10-26,5,9,"Guide was exceptional, every detail handled."
RV04327,BK-2025-00319,2025-04-06,5,10,Flawless from airport pickup to farewell.
RV04328,BK-2025-00320,2025-03-08,4,8,"Lovely camp, a little pricey."
RV04329,BK-2025-00321,2025-09-23,4,9,Guide knew every bird by name.
RV04330,BK-2025-00326,2025-02-25,4,8,Guide knew every bird by name.
RV04331,BK-2025-00327,2025-06-16,4,9,"Great sightings, lodge food could improve."
RV04332,BK-2025-00329,2025-09-12,4,8,"Lovely camp, a little pricey."
RV04333,BK-2025-00331,2026-01-22,5,10,Flawless from airport pickup to farewell.
RV04334,BK-2025-00332,2025-03-17,3,6,"Wildlife good, communication before trip poor."
RV04335,BK-2025-00333,2025-03-30,5,9,Best holiday of our lives.
RV04336,BK-2025-00337,2025-02-18,4,9,Guide knew every bird by name.
RV04337,BK-2025-00338,2025-04-23,3,6,Too many vehicles at sightings.
RV04338,BK-2025-00341,2025-03-10,4,7,"Lovely camp, a little pricey."
RV04339,BK-2025-00342,2025-03-30,3,6,Too many vehicles at sightings.
RV04340,BK-2025-00345,2025-06-23,5,9,Unforgettable — saw the river crossing!
RV04341,BK-2025-00347,2025-03-05,2,6,Delayed pickup and a flat tyre.
RV04342,BK-2025-00348,2025-03-25,4,9,"Very good trip, long drives though."
RV04343,BK-2025-00349,2025-02-26,4,9,"Lovely camp, a little pricey."
RV04344,BK-2025-00353,2025-05-24,4,7,"Lovely camp, a little pricey."
RV04345,BK-2025-00354,2025-03-09,5,10,Best holiday of our lives.
RV04346,BK-2025-00356,2025-05-20,4,8,"Very good trip, long drives though."
RV04347,BK-2025-00359,2025-03-06,3,5,"Wildlife good, communication before trip poor."
RV04348,BK-2025-00362,2025-07-12,5,9,"Guide was exceptional, every detail handled."
RV04349,BK-2025-00364,2025-02-28,4,9,"Very good trip, long drives though."
RV04350,BK-2025-00365,2025-04-27,3,6,"Wildlife good, communication before trip poor."
RV04351,BK-2025-00367,2025-04-08,4,8,Guide knew every bird by name.
RV04352,BK-2025-00368,2025-05-14,4,7,"Great sightings, lodge food could improve."
RV04353,BK-2025-00370,2025-03-17,5,10,Unforgettable — saw the river crossing!
RV04354,BK-2025-00371,2025-03-13,5,10,Best holiday of our lives.
RV04355,BK-2025-00372,2025-03-30,4,8,"Very good trip, long drives though."
RV04356,BK-2025-00375,2025-03-01,4,8,"Lovely camp, a little pricey."
RV04357,BK-2025-00377,2025-04-18,3,6,"Wildlife good, communication before trip poor."
RV04358,BK-2025-00378,2025-09-11,5,9,"Guide was exceptional, every detail handled."
RV04359,BK-2025-00379,2025-03-13,4,9,"Lovely camp, a little pricey."
RV04360,BK-2025-00380,2025-10-06,4,7,"Great sightings, lodge food could improve."
RV04361,BK-2025-00386,2025-02-26,3,5,Too many vehicles at sightings.
RV04362,BK-2025-00388,2025-06-09,5,9,Best holiday of our lives.
RV04363,BK-2025-00390,2025-08-09,5,9,"Guide was exceptional, every detail handled."
RV04364,BK-2025-00391,2025-03-29,3,6,Too many vehicles at sightings.
RV04365,BK-2025-00392,2026-01-28,4,9,"Great sightings, lodge food could improve."
RV04366,BK-2025-00394,2025-04-14,5,9,Flawless from airport pickup to farewell.
RV04367,BK-2025-00397,2025-09-21,5,9,Flawless from airport pickup to farewell.
RV04368,BK-2025-00398,2025-04-07,5,10,"Guide was exceptional, every detail handled."
RV04369,BK-2025-00399,2026-02-15,4,8,"Great sightings, lodge food could improve."
RV04370,BK-2025-00401,2025-08-04,4,7,"Very good trip, long drives though."
RV04371,BK-2025-00404,2025-03-25,4,7,"Very good trip, long drives though."
RV04372,BK-2025-00405,2025-03-19,5,10,Unforgettable — saw the river crossing!
RV04373,BK-2025-00407,2025-03-10,4,9,Guide knew every bird by name.
RV04374,BK-2025-00408,2025-03-20,5,10,Unforgettable — saw the river crossing!
RV04375,BK-2025-00409,2025-12-06,5,10,Flawless from airport pickup to farewell.
RV04376,BK-2025-00410,2025-05-01,4,8,"Great sightings, lodge food could improve."
RV04377,BK-2025-00412,2025-02-26,4,9,"Lovely camp, a little pricey."
RV04378,BK-2025-00416,2025-04-11,4,8,"Lovely camp, a little pricey."
RV04379,BK-2025-00417,2025-06-17,5,9,Best holiday of our lives.
RV04380,BK-2025-00418,2025-03-22,4,9,"Lovely camp, a little pricey."
RV04381,BK-2025-00420,2025-04-11,4,7,"Great sightings, lodge food could improve."
RV04382,BK-2025-00422,2025-06-11,3,6,"Wildlife good, communication before trip poor."
RV04383,BK-2025-00427,2025-05-17,4,9,"Great sightings, lodge food could improve."
RV04384,BK-2025-00434,2025-08-02,3,6,"Wildlife good, communication before trip poor."
RV04385,BK-2025-00443,2025-09-12,3,7,"Okay overall, vehicle was cramped."
RV04386,BK-2025-00446,2025-06-09,3,5,"Wildlife good, communication before trip poor."
RV04387,BK-2025-00448,2025-03-25,2,4,Delayed pickup and a flat tyre.
RV04388,BK-2025-00450,2025-06-21,5,10,Best holiday of our lives.
RV04389,BK-2025-00451,2025-03-15,3,5,"Okay overall, vehicle was cramped."
RV04390,BK-2025-00452,2025-03-14,4,9,Guide knew every bird by name.
RV04391,BK-2025-00456,2025-05-18,4,8,Guide knew every bird by name.
RV04392,BK-2025-00457,2025-03-02,3,5,Too many vehicles at sightings.
RV04393,BK-2025-00458,2025-08-12,5,9,Flawless from airport pickup to farewell.
RV04394,BK-2025-00459,2025-04-04,4,9,Guide knew every bird by name.
RV04395,BK-2025-00461,2025-03-04,4,8,"Great sightings, lodge food could improve."
RV04396,BK-2025-00463,2025-05-31,4,7,Guide knew every bird by name.
RV04397,BK-2025-00474,2025-06-08,4,7,"Lovely camp, a little pricey."
RV04398,BK-2025-00475,2025-10-09,5,10,Flawless from airport pickup to farewell.
RV04399,BK-2025-00477,2025-04-16,4,9,"Very good trip, long drives though."
RV04400,BK-2025-00480,2025-02-28,4,7,"Great sightings, lodge food could improve."
RV04401,BK-2025-00483,2025-08-17,4,8,Guide knew every bird by name.
RV04402,BK-2025-00484,2025-05-12,4,8,"Great sightings, lodge food could improve."
RV04403,BK-2025-00488,2025-09-27,5,9,Unforgettable — saw the river crossing!
RV04404,BK-2025-00491,2025-08-06,4,9,"Great sightings, lodge food could improve."
RV04405,BK-2025-00492,2025-03-17,4,9,"Great sightings, lodge food could improve."
RV04406,BK-2025-00493,2025-03-22,5,10,"Guide was exceptional, every detail handled."
RV04407,BK-2025-00494,2025-04-19,2,4,Accommodation not as advertised.
RV04408,BK-2025-00495,2025-03-19,4,7,Guide knew every bird by name.
RV04409,BK-2025-00497,2025-09-16,5,10,Flawless from airport pickup to farewell.
RV04410,BK-2025-00498,2025-04-26,4,7,"Lovely camp, a little pricey."
RV04411,BK-2025-00500,2025-05-12,4,9,"Lovely camp, a little pricey."
RV04412,BK-2025-00502,2025-04-09,3,5,"Okay overall, vehicle was cramped."
RV04413,BK-2025-00503,2025-03-15,4,8,Guide knew every bird by name.
RV04414,BK-2025-00504,2025-04-07,4,7,"Very good trip, long drives though."
RV04415,BK-2025-00505,2025-06-04,5,10,Flawless from airport pickup to farewell.
RV04416,BK-2025-00508,2025-04-19,5,10,Unforgettable — saw the river crossing!
RV04417,BK-2025-00510,2025-04-17,5,10,"Guide was exceptional, every detail handled."
RV04418,BK-2025-00511,2025-04-16,5,9,Unforgettable — saw the river crossing!
RV04419,BK-2025-00512,2025-10-02,5,10,Flawless from airport pickup to farewell.
RV04420,BK-2025-00514,2025-08-02,5,9,Best holiday of our lives.
RV04421,BK-2025-00515,2025-09-25,4,9,"Lovely camp, a little pricey."
RV04422,BK-2025-00519,2025-09-17,5,10,"Guide was exceptional, every detail handled."
RV04423,BK-2025-00526,2025-06-24,4,7,"Great sightings, lodge food could improve."
RV04424,BK-2025-00527,2025-06-22,4,8,"Very good trip, long drives though."
RV04425,BK-2025-00530,2025-07-16,5,9,"Guide was exceptional, every detail handled."
RV04426,BK-2025-00534,2025-03-20,5,9,Best holiday of our lives.
RV04427,BK-2025-00535,2025-03-18,5,10,Flawless from airport pickup to farewell.
RV04428,BK-2025-00537,2025-04-19,4,7,"Great sightings, lodge food could improve."
RV04429,BK-2025-00538,2025-07-18,4,7,"Lovely camp, a little pricey."
RV04430,BK-2025-00542,2025-08-29,5,10,Unforgettable — saw the river crossing!
RV04431,BK-2025-00543,2025-03-02,4,9,"Very good trip, long drives though."
RV04432,BK-2025-00545,2025-07-13,4,7,"Lovely camp, a little pricey."
RV04433,BK-2025-00546,2025-08-20,3,5,Too many vehicles at sightings.
RV04434,BK-2025-00547,2025-03-27,4,9,"Very good trip, long drives though."
RV04435,BK-2025-00548,2025-08-07,5,10,Best holiday of our lives.
RV04436,BK-2025-00549,2025-03-28,4,7,"Very good trip, long drives though."
RV04437,BK-2025-00550,2025-05-17,5,9,Best holiday of our lives.
RV04438,BK-2025-00551,2025-03-24,4,9,"Great sightings, lodge food could improve."
RV04439,BK-2025-00552,2025-07-15,5,10,"Guide was exceptional, every detail handled."
RV04440,BK-2025-00555,2025-07-26,3,6,"Okay overall, vehicle was cramped."
RV04441,BK-2025-00556,2025-04-12,4,8,Guide knew every bird by name.
RV04442,BK-2025-00557,2025-08-04,5,10,Flawless from airport pickup to farewell.
RV04443,BK-2025-00558,2025-06-28,3,7,"Okay overall, vehicle was cramped."
RV04444,BK-2025-00559,2025-11-14,4,7,Guide knew every bird by name.
RV04445,BK-2025-00561,2025-03-19,4,8,"Great sightings, lodge food could improve."
RV04446,BK-2025-00563,2025-05-18,5,10,Best holiday of our lives.
RV04447,BK-2025-00566,2025-09-18,4,8,Guide knew every bird by name.
RV04448,BK-2025-00567,2025-06-21,5,10,"Guide was exceptional, every detail handled."
RV04449,BK-2025-00570,2025-10-30,5,9,"Guide was exceptional, every detail handled."
RV04450,BK-2025-00571,2025-05-15,4,7,"Great sightings, lodge food could improve."
RV04451,BK-2025-00574,2025-06-29,5,10,Flawless from airport pickup to farewell.
RV04452,BK-2025-00578,2025-03-19,4,9,Guide knew every bird by name.
RV04453,BK-2025-00579,2025-03-31,4,8,Guide knew every bird by name.
RV04454,BK-2025-00581,2025-03-23,4,8,"Very good trip, long drives though."
RV04455,BK-2025-00584,2025-08-26,5,10,Best holiday of our lives.
RV04456,BK-2025-00585,2025-03-04,3,7,Too many vehicles at sightings.
RV04457,BK-2025-00586,2025-10-22,4,9,"Great sightings, lodge food could improve."
RV04458,BK-2025-00588,2025-12-20,5,9,Flawless from airport pickup to farewell.
RV04459,BK-2025-00589,2025-04-25,4,8,"Great sightings, lodge food could improve."
RV04460,BK-2025-00591,2025-09-11,5,9,Unforgettable — saw the river crossing!
RV04461,BK-2025-00593,2025-08-21,4,9,Guide knew every bird by name.
RV04462,BK-2025-00595,2026-01-04,5,9,Flawless from airport pickup to farewell.
RV04463,BK-2025-00598,2025-03-30,4,8,"Great sightings, lodge food could improve."
RV04464,BK-2025-00599,2025-04-04,3,5,Too many vehicles at sightings.
RV04465,BK-2025-00600,2025-07-15,5,9,Flawless from airport pickup to farewell.
RV04466,BK-2025-00603,2025-12-21,5,9,"Guide was exceptional, every detail handled."
RV04467,BK-2025-00605,2025-06-14,4,8,"Lovely camp, a little pricey."
RV04468,BK-2025-00606,2025-06-11,4,8,Guide knew every bird by name.
RV04469,BK-2025-00607,2025-05-11,5,9,Flawless from airport pickup to farewell.
RV04470,BK-2025-00612,2025-06-21,5,9,Unforgettable — saw the river crossing!
RV04471,BK-2025-00617,2025-09-05,3,5,"Wildlife good, communication before trip poor."
RV04472,BK-2025-00618,2026-06-20,3,5,"Wildlife good, communication before trip poor."
RV04473,BK-2025-00619,2025-09-25,4,8,"Great sightings, lodge food could improve."
RV04474,BK-2025-00622,2025-05-23,3,7,"Okay overall, vehicle was cramped."
RV04475,BK-2025-00626,2025-03-28,4,7,"Great sightings, lodge food could improve."
RV04476,BK-2025-00628,2025-06-20,4,8,"Very good trip, long drives though."
RV04477,BK-2025-00634,2025-11-08,5,9,Unforgettable — saw the river crossing!
RV04478,BK-2025-00635,2025-03-26,3,5,Too many vehicles at sightings.
RV04479,BK-2025-00636,2025-03-22,5,10,Flawless from airport pickup to farewell.
RV04480,BK-2025-00638,2025-09-13,5,9,Flawless from airport pickup to farewell.
RV04481,BK-2025-00640,2025-05-13,4,7,"Lovely camp, a little pricey."
RV04482,BK-2025-00641,2025-09-18,4,9,Guide knew every bird by name.
RV04483,BK-2025-00643,2025-08-07,5,9,Best holiday of our lives.
RV04484,BK-2025-00645,2025-09-08,5,9,Best holiday of our lives.
RV04485,BK-2025-00646,2025-10-07,4,9,"Great sightings, lodge food could improve."
RV04486,BK-2025-00651,2025-08-06,4,7,Guide knew every bird by name.
RV04487,BK-2025-00652,2025-04-30,4,8,Guide knew every bird by name.
RV04488,BK-2025-00654,2025-10-04,5,9,Unforgettable — saw the river crossing!
RV04489,BK-2025-00655,2025-04-05,2,6,Accommodation not as advertised.
RV04490,BK-2025-00657,2025-10-15,5,9,Flawless from airport pickup to farewell.
RV04491,BK-2025-00660,2025-05-30,4,9,"Great sightings, lodge food could improve."
RV04492,BK-2025-00661,2025-04-01,5,10,Unforgettable — saw the river crossing!
RV04493,BK-2025-00662,2025-03-31,5,9,Best holiday of our lives.
RV04494,BK-2025-00665,2025-04-10,3,7,"Wildlife good, communication before trip poor."
RV04495,BK-2025-00668,2025-06-28,4,7,"Lovely camp, a little pricey."
RV04496,BK-2025-00669,2025-06-17,4,9,"Lovely camp, a little pricey."
RV04497,BK-2025-00670,2025-05-17,3,5,"Wildlife good, communication before trip poor."
RV04498,BK-2025-00678,2025-04-23,4,8,"Great sightings, lodge food could improve."
RV04499,BK-2025-00680,2025-05-03,4,7,"Great sightings, lodge food could improve."
RV04500,BK-2025-00682,2025-04-13,4,7,"Very good trip, long drives though."
RV04501,BK-2025-00685,2025-06-25,4,8,"Great sightings, lodge food could improve."
RV04502,BK-2025-00686,2025-08-01,5,10,"Guide was exceptional, every detail handled."
RV04503,BK-2025-00688,2025-03-20,5,9,Flawless from airport pickup to farewell.
RV04504,BK-2025-00690,2025-09-30,3,5,Too many vehicles at sightings.
RV04505,BK-2025-00691,2025-09-10,5,10,"Guide was exceptional, every detail handled."
RV04506,BK-2025-00692,2025-07-14,4,7,Guide knew every bird by name.
RV04507,BK-2025-00694,2025-04-26,3,5,"Okay overall, vehicle was cramped."
RV04508,BK-2025-00695,2025-04-09,3,5,"Okay overall, vehicle was cramped."
RV04509,BK-2025-00696,2026-01-05,5,10,Unforgettable — saw the river crossing!
RV04510,BK-2025-00697,2025-09-14,4,8,"Great sightings, lodge food could improve."
RV04511,BK-2025-00701,2025-07-08,4,7,"Lovely camp, a little pricey."
RV04512,BK-2025-00703,2025-03-18,3,6,"Wildlife good, communication before trip poor."
RV04513,BK-2025-00708,2025-05-27,5,9,"Guide was exceptional, every detail handled."
RV04514,BK-2025-00710,2025-05-15,5,9,"Guide was exceptional, every detail handled."
RV04515,BK-2025-00714,2025-07-17,4,7,"Lovely camp, a little pricey."
RV04516,BK-2025-00715,2025-07-03,5,9,Flawless from airport pickup to farewell.
RV04517,BK-2025-00716,2025-06-10,4,8,Guide knew every bird by name.
RV04518,BK-2025-00718,2025-06-18,5,9,Flawless from airport pickup to farewell.
RV04519,BK-2025-00719,2025-05-08,3,6,Too many vehicles at sightings.
RV04520,BK-2025-00720,2025-05-19,3,7,"Wildlife good, communication before trip poor."
RV04521,BK-2025-00722,2025-09-30,5,9,Unforgettable — saw the river crossing!
RV04522,BK-2025-00723,2025-04-25,3,6,Too many vehicles at sightings.
RV04523,BK-2025-00724,2025-08-24,5,10,Unforgettable — saw the river crossing!
RV04524,BK-2025-00725,2025-07-05,4,7,Guide knew every bird by name.
RV04525,BK-2025-00728,2026-03-05,5,10,"Guide was exceptional, every detail handled."
RV04526,BK-2025-00729,2025-07-17,3,7,"Wildlife good, communication before trip poor."
RV04527,BK-2025-00730,2025-07-21,4,7,"Great sightings, lodge food could improve."
RV04528,BK-2025-00737,2025-04-20,5,9,Flawless from airport pickup to farewell.
RV04529,BK-2025-00738,2025-07-14,3,5,"Wildlife good, communication before trip poor."
RV04530,BK-2025-00739,2025-04-04,4,7,"Great sightings, lodge food could improve."
RV04531,BK-2025-00746,2025-03-24,4,7,"Great sightings, lodge food could improve."
RV04532,BK-2025-00748,2025-04-08,4,8,Guide knew every bird by name.
RV04533,BK-2025-00749,2026-03-01,4,9,Guide knew every bird by name.
RV04534,BK-2025-00751,2025-04-07,3,6,Too many vehicles at sightings.
RV04535,BK-2025-00757,2025-05-11,4,7,Guide knew every bird by name.
RV04536,BK-2025-00758,2025-05-17,4,9,"Great sightings, lodge food could improve."
RV04537,BK-2025-00760,2025-09-01,4,8,"Lovely camp, a little pricey."
RV04538,BK-2025-00763,2025-05-13,4,9,"Very good trip, long drives though."
RV04539,BK-2025-00768,2025-08-08,5,9,"Guide was exceptional, every detail handled."
RV04540,BK-2025-00769,2025-04-18,4,9,"Great sightings, lodge food could improve."
RV04541,BK-2025-00770,2025-07-07,4,8,Guide knew every bird by name.
RV04542,BK-2025-00772,2025-04-05,3,6,Too many vehicles at sightings.
RV04543,BK-2025-00773,2025-07-24,4,9,Guide knew every bird by name.
RV04544,BK-2025-00776,2025-08-07,4,7,"Great sightings, lodge food could improve."
RV04545,BK-2025-00778,2025-09-12,4,8,Guide knew every bird by name.
RV04546,BK-2025-00779,2025-04-15,5,9,Unforgettable — saw the river crossing!
RV04547,BK-2025-00781,2025-11-10,4,8,"Great sightings, lodge food could improve."
RV04548,BK-2025-00782,2025-08-10,4,8,Guide knew every bird by name.
RV04549,BK-2025-00783,2025-07-23,5,10,Best holiday of our lives.
RV04550,BK-2025-00786,2025-08-08,4,9,"Lovely camp, a little pricey."
RV04551,BK-2025-00787,2025-08-18,4,9,"Great sightings, lodge food could improve."
RV04552,BK-2025-00792,2025-04-04,4,9,"Great sightings, lodge food could improve."
RV04553,BK-2025-00795,2025-07-13,5,9,"Guide was exceptional, every detail handled."
RV04554,BK-2025-00797,2025-06-13,4,8,Guide knew every bird by name.
RV04555,BK-2025-00803,2025-04-15,4,8,Guide knew every bird by name.
RV04556,BK-2025-00804,2025-04-15,5,9,"Guide was exceptional, every detail handled."
RV04557,BK-2025-00806,2025-08-28,4,8,"Very good trip, long drives though."
RV04558,BK-2025-00807,2025-03-25,3,6,"Wildlife good, communication before trip poor."
RV04559,BK-2025-00811,2025-04-05,3,6,Too many vehicles at sightings.
RV04560,BK-2025-00812,2025-05-21,4,8,"Great sightings, lodge food could improve."
RV04561,BK-2025-00813,2025-08-02,5,10,Best holiday of our lives.
RV04562,BK-2025-00815,2025-04-09,4,7,"Lovely camp, a little pricey."
RV04563,BK-2025-00816,2025-06-08,5,10,"Guide was exceptional, every detail handled."
RV04564,BK-2025-00820,2025-05-30,5,9,Unforgettable — saw the river crossing!
RV04565,BK-2025-00822,2025-06-04,3,7,"Okay overall, vehicle was cramped."
RV04566,BK-2025-00824,2025-08-28,4,8,"Great sightings, lodge food could improve."
RV04567,BK-2025-00825,2025-07-26,3,7,"Wildlife good, communication before trip poor."
RV04568,BK-2025-00826,2025-08-03,4,9,"Lovely camp, a little pricey."
RV04569,BK-2025-00827,2025-09-02,4,8,"Very good trip, long drives though."
RV04570,BK-2025-00828,2025-09-29,5,10,Flawless from airport pickup to farewell.
RV04571,BK-2025-00830,2025-07-16,5,10,Best holiday of our lives.
RV04572,BK-2025-00832,2025-05-19,5,10,Unforgettable — saw the river crossing!
RV04573,BK-2025-00833,2025-06-29,4,7,Guide knew every bird by name.
RV04574,BK-2025-00836,2025-10-24,5,10,Unforgettable — saw the river crossing!
RV04575,BK-2025-00837,2025-05-01,5,10,Flawless from airport pickup to farewell.
RV04576,BK-2025-00844,2025-10-06,3,6,"Okay overall, vehicle was cramped."
RV04577,BK-2025-00847,2025-08-04,4,9,Guide knew every bird by name.
RV04578,BK-2025-00848,2025-04-16,4,8,"Lovely camp, a little pricey."
RV04579,BK-2025-00850,2025-09-15,3,7,"Okay overall, vehicle was cramped."
RV04580,BK-2025-00856,2025-04-11,4,8,"Great sightings, lodge food could improve."
RV04581,BK-2025-00857,2025-05-11,3,6,"Wildlife good, communication before trip poor."
RV04582,BK-2025-00862,2025-08-10,4,9,"Great sightings, lodge food could improve."
RV04583,BK-2025-00866,2025-08-05,4,9,"Lovely camp, a little pricey."
RV04584,BK-2025-00867,2025-06-03,5,9,Best holiday of our lives.
RV04585,BK-2025-00868,2025-07-19,5,10,Best holiday of our lives.
RV04586,BK-2025-00870,2025-06-19,3,5,"Okay overall, vehicle was cramped."
RV04587,BK-2025-00872,2025-05-28,5,10,Unforgettable — saw the river crossing!
RV04588,BK-2025-00873,2025-04-11,3,7,Too many vehicles at sightings.
RV04589,BK-2025-00874,2025-12-03,5,10,"Guide was exceptional, every detail handled."
RV04590,BK-2025-00875,2025-08-01,5,10,Flawless from airport pickup to farewell.
RV04591,BK-2025-00876,2025-04-21,2,6,Delayed pickup and a flat tyre.
RV04592,BK-2025-00877,2025-06-21,5,9,Flawless from airport pickup to farewell.
RV04593,BK-2025-00879,2025-09-15,5,9,Unforgettable — saw the river crossing!
RV04594,BK-2025-00880,2025-08-26,4,9,"Very good trip, long drives though."
RV04595,BK-2025-00883,2025-05-28,5,9,Unforgettable — saw the river crossing!
RV04596,BK-2025-00887,2025-11-09,4,7,Guide knew every bird by name.
RV04597,BK-2025-00889,2025-07-05,3,6,"Okay overall, vehicle was cramped."
RV04598,BK-2025-00894,2025-06-11,5,10,Flawless from airport pickup to farewell.
RV04599,BK-2025-00897,2025-05-18,3,6,"Okay overall, vehicle was cramped."
RV04600,BK-2025-00900,2026-02-23,4,7,"Very good trip, long drives though."
RV04601,BK-2025-00902,2025-04-06,4,9,Guide knew every bird by name.
RV04602,BK-2025-00904,2025-05-28,4,7,"Very good trip, long drives though."
RV04603,BK-2025-00905,2025-06-19,5,9,"Guide was exceptional, every detail handled."
RV04604,BK-2025-00906,2025-05-02,3,6,"Okay overall, vehicle was cramped."
RV04605,BK-2025-00908,2025-05-31,4,9,Guide knew every bird by name.
RV04606,BK-2025-00910,2025-04-08,3,6,"Wildlife good, communication before trip poor."
RV04607,BK-2025-00912,2025-04-16,4,7,"Lovely camp, a little pricey."
RV04608,BK-2025-00915,2025-08-16,4,7,Guide knew every bird by name.
RV04609,BK-2025-00917,2025-06-23,5,9,"Guide was exceptional, every detail handled."
RV04610,BK-2025-00918,2025-08-09,5,10,Unforgettable — saw the river crossing!
RV04611,BK-2025-00920,2025-07-05,5,9,Unforgettable — saw the river crossing!
RV04612,BK-2025-00921,2025-06-20,3,5,"Wildlife good, communication before trip poor."
RV04613,BK-2025-00922,2025-07-02,5,10,Best holiday of our lives.
RV04614,BK-2025-00924,2025-07-08,5,10,Flawless from airport pickup to farewell.
RV04615,BK-2025-00925,2025-07-14,4,8,Guide knew every bird by name.
RV04616,BK-2025-00927,2025-07-28,4,8,Guide knew every bird by name.
RV04617,BK-2025-00929,2025-09-15,4,9,"Lovely camp, a little pricey."
RV04618,BK-2025-00930,2025-10-15,5,10,Flawless from airport pickup to farewell.
RV04619,BK-2025-00933,2025-07-18,4,9,"Great sightings, lodge food could improve."
RV04620,BK-2025-00941,2025-09-28,4,9,"Great sightings, lodge food could improve."
RV04621,BK-2025-00945,2025-07-10,3,5,"Wildlife good, communication before trip poor."
RV04622,BK-2025-00948,2025-06-23,5,9,Unforgettable — saw the river crossing!
RV04623,BK-2025-00950,2025-06-06,5,10,"Guide was exceptional, every detail handled."
RV04624,BK-2025-00953,2025-10-14,4,8,Guide knew every bird by name.
RV04625,BK-2025-00954,2025-09-23,4,7,Guide knew every bird by name.
RV04626,BK-2025-00956,2025-04-08,4,7,"Lovely camp, a little pricey."
RV04627,BK-2025-00958,2025-05-02,4,8,Guide knew every bird by name.
RV04628,BK-2025-00962,2025-07-20,5,10,Unforgettable — saw the river crossing!
RV04629,BK-2025-00963,2025-05-24,5,9,Best holiday of our lives.
RV04630,BK-2025-00964,2025-05-24,3,5,Too many vehicles at sightings.
RV04631,BK-2025-00968,2025-11-20,5,9,"Guide was exceptional, every detail handled."
RV04632,BK-2025-00970,2025-04-14,3,6,"Wildlife good, communication before trip poor."
RV04633,BK-2025-00971,2025-04-23,4,9,"Great sightings, lodge food could improve."
RV04634,BK-2025-00972,2025-07-21,5,10,Flawless from airport pickup to farewell.
RV04635,BK-2025-00973,2025-08-25,5,9,Best holiday of our lives.
RV04636,BK-2025-00975,2025-04-28,4,7,"Very good trip, long drives though."
RV04637,BK-2025-00978,2025-11-15,5,9,"Guide was exceptional, every detail handled."
RV04638,BK-2025-00979,2025-05-29,5,10,Flawless from airport pickup to farewell.
RV04639,BK-2025-00982,2025-06-04,3,6,Too many vehicles at sightings.
RV04640,BK-2025-00984,2025-06-17,5,10,"Guide was exceptional, every detail handled."
RV04641,BK-2025-00985,2025-05-28,4,8,"Great sightings, lodge food could improve."
RV04642,BK-2025-00987,2025-05-09,2,4,Accommodation not as advertised.
RV04643,BK-2025-00989,2025-06-02,5,10,"Guide was exceptional, every detail handled."
RV04644,BK-2025-00991,2025-09-27,4,7,"Great sightings, lodge food could improve."
RV04645,BK-2025-00992,2025-10-25,5,9,"Guide was exceptional, every detail handled."
RV04646,BK-2025-00993,2025-07-26,4,9,"Very good trip, long drives though."
RV04647,BK-2025-00994,2025-07-21,5,10,"Guide was exceptional, every detail handled."
RV04648,BK-2025-00995,2025-07-24,5,10,Unforgettable — saw the river crossing!
RV04649,BK-2025-00996,2025-09-04,4,9,Guide knew every bird by name.
RV04650,BK-2025-01003,2025-08-21,5,10,Unforgettable — saw the river crossing!
RV04651,BK-2025-01006,2025-07-13,5,10,Unforgettable — saw the river crossing!
RV04652,BK-2025-01008,2025-09-15,4,8,"Very good trip, long drives though."
RV04653,BK-2025-01009,2025-08-25,4,9,"Great sightings, lodge food could improve."
RV04654,BK-2025-01012,2025-10-10,4,8,"Very good trip, long drives though."
RV04655,BK-2025-01014,2025-08-19,5,10,Best holiday of our lives.
RV04656,BK-2025-01015,2025-06-06,3,6,Too many vehicles at sightings.
RV04657,BK-2025-01019,2025-06-18,5,10,Flawless from airport pickup to farewell.
RV04658,BK-2025-01020,2025-08-26,5,9,Unforgettable — saw the river crossing!
RV04659,BK-2025-01023,2025-06-24,5,9,Unforgettable — saw the river crossing!
RV04660,BK-2025-01027,2025-07-02,5,9,"Guide was exceptional, every detail handled."
RV04661,BK-2025-01029,2025-05-13,4,7,"Great sightings, lodge food could improve."
RV04662,BK-2025-01030,2025-08-23,4,9,"Great sightings, lodge food could improve."
RV04663,BK-2025-01034,2025-10-23,4,7,"Very good trip, long drives though."
RV04664,BK-2025-01036,2026-02-04,5,9,Unforgettable — saw the river crossing!
RV04665,BK-2025-01038,2025-06-16,4,8,"Lovely camp, a little pricey."
RV04666,BK-2025-01039,2025-04-26,3,6,Too many vehicles at sightings.
RV04667,BK-2025-01040,2025-05-21,5,10,"Guide was exceptional, every detail handled."
RV04668,BK-2025-01041,2025-07-12,5,10,Flawless from airport pickup to farewell.
RV04669,BK-2025-01044,2025-07-02,4,8,"Very good trip, long drives though."
RV04670,BK-2025-01048,2025-06-20,4,7,"Very good trip, long drives though."
RV04671,BK-2025-01049,2025-08-12,5,10,"Guide was exceptional, every detail handled."
RV04672,BK-2025-01053,2025-08-07,4,7,"Lovely camp, a little pricey."
RV04673,BK-2025-01057,2025-07-30,4,7,"Very good trip, long drives though."
RV04674,BK-2025-01058,2025-06-02,4,8,"Lovely camp, a little pricey."
RV04675,BK-2025-01062,2025-07-03,4,7,"Great sightings, lodge food could improve."
RV04676,BK-2025-01063,2025-09-16,4,7,Guide knew every bird by name.
RV04677,BK-2025-01065,2025-08-22,4,8,"Great sightings, lodge food could improve."
RV04678,BK-2025-01066,2025-09-14,5,10,Flawless from airport pickup to farewell.
RV04679,BK-2025-01067,2025-06-22,5,9,Flawless from airport pickup to farewell.
RV04680,BK-2025-01069,2025-08-26,3,5,Too many vehicles at sightings.
RV04681,BK-2025-01070,2025-06-01,4,7,"Very good trip, long drives though."
RV04682,BK-2025-01073,2025-06-17,4,8,Guide knew every bird by name.
RV04683,BK-2025-01075,2025-07-28,5,10,Best holiday of our lives.
RV04684,BK-2025-01078,2025-05-27,4,8,"Lovely camp, a little pricey."
RV04685,BK-2025-01080,2025-07-20,5,10,Best holiday of our lives.
RV04686,BK-2025-01083,2025-07-13,5,10,Best holiday of our lives.
RV04687,BK-2025-01084,2025-08-01,5,10,"Guide was exceptional, every detail handled."
RV04688,BK-2025-01087,2025-08-16,5,10,Unforgettable — saw the river crossing!
RV04689,BK-2025-01088,2025-08-16,4,9,"Very good trip, long drives though."
RV04690,BK-2025-01091,2025-09-05,4,7,"Very good trip, long drives though."
RV04691,BK-2025-01092,2025-08-20,5,10,Unforgettable — saw the river crossing!
RV04692,BK-2025-01093,2025-10-26,3,5,Too many vehicles at sightings.
RV04693,BK-2025-01094,2025-06-22,2,3,Accommodation not as advertised.
RV04694,BK-2025-01096,2025-06-07,4,9,Guide knew every bird by name.
RV04695,BK-2025-01098,2025-06-04,4,8,"Lovely camp, a little pricey."
RV04696,BK-2025-01101,2025-09-24,4,9,Guide knew every bird by name.
RV04697,BK-2025-01103,2025-07-11,4,7,Guide knew every bird by name.
RV04698,BK-2025-01104,2025-08-14,4,7,Guide knew every bird by name.
RV04699,BK-2025-01108,2025-09-26,5,9,Flawless from airport pickup to farewell.
RV04700,BK-2025-01109,2025-06-29,4,9,"Great sightings, lodge food could improve."
RV04701,BK-2025-01110,2025-10-18,5,9,Unforgettable — saw the river crossing!
RV04702,BK-2025-01111,2025-07-13,4,7,Guide knew every bird by name.
RV04703,BK-2025-01112,2025-06-10,5,10,Unforgettable — saw the river crossing!
RV04704,BK-2025-01113,2025-09-29,2,6,Accommodation not as advertised.
RV04705,BK-2025-01115,2025-09-09,4,7,"Lovely camp, a little pricey."
RV04706,BK-2025-01117,2025-08-07,3,5,"Wildlife good, communication before trip poor."
RV04707,BK-2025-01120,2025-08-18,5,9,"Guide was exceptional, every detail handled."
RV04708,BK-2025-01122,2025-09-14,5,10,"Guide was exceptional, every detail handled."
RV04709,BK-2025-01124,2025-05-31,3,7,"Wildlife good, communication before trip poor."
RV04710,BK-2025-01126,2025-07-01,4,9,Guide knew every bird by name.
RV04711,BK-2025-01127,2025-05-31,5,9,Best holiday of our lives.
RV04712,BK-2025-01128,2025-08-30,5,10,Best holiday of our lives.
RV04713,BK-2025-01134,2025-04-29,5,10,Unforgettable — saw the river crossing!
RV04714,BK-2025-01135,2025-10-08,5,9,Best holiday of our lives.
RV04715,BK-2025-01136,2025-05-31,4,8,"Very good trip, long drives though."
RV04716,BK-2025-01138,2025-05-11,4,8,"Great sightings, lodge food could improve."
RV04717,BK-2025-01141,2025-08-21,4,8,"Very good trip, long drives though."
RV04718,BK-2025-01142,2025-08-26,3,6,"Okay overall, vehicle was cramped."
RV04719,BK-2025-01143,2025-06-12,5,9,"Guide was exceptional, every detail handled."
RV04720,BK-2025-01144,2025-07-21,5,10,Unforgettable — saw the river crossing!
RV04721,BK-2025-01145,2025-07-30,5,9,Best holiday of our lives.
RV04722,BK-2025-01150,2025-09-13,4,9,"Lovely camp, a little pricey."
RV04723,BK-2025-01153,2025-08-12,5,9,"Guide was exceptional, every detail handled."
RV04724,BK-2025-01154,2025-07-07,5,10,Best holiday of our lives.
RV04725,BK-2025-01156,2025-07-19,5,10,Flawless from airport pickup to farewell.
RV04726,BK-2025-01160,2025-07-26,5,9,"Guide was exceptional, every detail handled."
RV04727,BK-2025-01167,2025-08-26,5,9,Flawless from airport pickup to farewell.
RV04728,BK-2025-01169,2025-12-18,4,9,"Great sightings, lodge food could improve."
RV04729,BK-2025-01170,2025-05-30,5,9,"Guide was exceptional, every detail handled."
RV04730,BK-2025-01171,2025-10-24,3,5,"Wildlife good, communication before trip poor."
RV04731,BK-2025-01173,2025-08-02,5,9,Unforgettable — saw the river crossing!
RV04732,BK-2025-01174,2025-07-29,4,8,Guide knew every bird by name.
RV04733,BK-2025-01175,2025-09-18,4,7,Guide knew every bird by name.
RV04734,BK-2025-01178,2025-08-03,5,10,Unforgettable — saw the river crossing!
RV04735,BK-2025-01179,2025-11-04,4,7,"Very good trip, long drives though."
RV04736,BK-2025-01180,2025-08-18,5,10,Flawless from airport pickup to farewell.
RV04737,BK-2025-01187,2025-06-20,5,10,"Guide was exceptional, every detail handled."
RV04738,BK-2025-01197,2025-12-15,5,10,Best holiday of our lives.
RV04739,BK-2025-01198,2025-06-20,4,8,"Lovely camp, a little pricey."
RV04740,BK-2025-01199,2025-10-13,3,5,"Wildlife good, communication before trip poor."
RV04741,BK-2025-01201,2025-06-19,3,6,"Wildlife good, communication before trip poor."
RV04742,BK-2025-01203,2025-07-22,4,9,"Very good trip, long drives though."
RV04743,BK-2025-01204,2025-08-24,4,8,"Very good trip, long drives though."
RV04744,BK-2025-01206,2025-08-17,4,8,"Very good trip, long drives though."
RV04745,BK-2025-01208,2025-08-30,5,10,Best holiday of our lives.
RV04746,BK-2025-01209,2026-01-08,4,9,"Lovely camp, a little pricey."
RV04747,BK-2025-01211,2025-07-08,4,8,"Great sightings, lodge food could improve."
RV04748,BK-2025-01212,2025-10-05,3,7,"Wildlife good, communication before trip poor."
RV04749,BK-2025-01216,2025-05-22,5,9,Flawless from airport pickup to farewell.
RV04750,BK-2025-01217,2025-09-05,5,9,Unforgettable — saw the river crossing!
RV04751,BK-2025-01218,2025-05-29,5,10,Flawless from airport pickup to farewell.
RV04752,BK-2025-01219,2025-07-11,5,9,Unforgettable — saw the river crossing!
RV04753,BK-2025-01220,2025-10-27,4,9,"Great sightings, lodge food could improve."
RV04754,BK-2025-01221,2025-10-07,4,8,"Very good trip, long drives though."
RV04755,BK-2025-01224,2025-12-30,5,10,"Guide was exceptional, every detail handled."
RV04756,BK-2025-01228,2025-06-09,5,10,Unforgettable — saw the river crossing!
RV04757,BK-2025-01234,2025-06-15,3,7,Too many vehicles at sightings.
RV04758,BK-2025-01240,2026-03-01,5,9,Flawless from airport pickup to farewell.
RV04759,BK-2025-01241,2025-08-11,4,8,"Great sightings, lodge food could improve."
RV04760,BK-2025-01242,2025-08-02,4,7,"Great sightings, lodge food could improve."
RV04761,BK-2025-01244,2025-06-11,4,7,"Lovely camp, a little pricey."
RV04762,BK-2025-01245,2025-09-16,4,7,"Great sightings, lodge food could improve."
RV04763,BK-2025-01246,2025-10-03,4,9,"Lovely camp, a little pricey."
RV04764,BK-2025-01247,2025-07-08,4,7,"Very good trip, long drives though."
RV04765,BK-2025-01248,2025-09-29,5,9,Flawless from airport pickup to farewell.
RV04766,BK-2025-01249,2026-01-21,3,7,"Okay overall, vehicle was cramped."
RV04767,BK-2025-01250,2025-09-04,2,5,Accommodation not as advertised.
RV04768,BK-2025-01251,2025-08-10,4,7,"Very good trip, long drives though."
RV04769,BK-2025-01254,2026-01-13,4,8,"Great sightings, lodge food could improve."
RV04770,BK-2025-01256,2025-09-26,4,9,"Very good trip, long drives though."
RV04771,BK-2025-01259,2025-11-02,5,10,Flawless from airport pickup to farewell.
RV04772,BK-2025-01260,2025-08-14,3,6,Too many vehicles at sightings.
RV04773,BK-2025-01261,2025-07-16,4,8,"Very good trip, long drives though."
RV04774,BK-2025-01265,2025-07-20,5,9,Best holiday of our lives.
RV04775,BK-2025-01266,2025-07-12,5,9,Best holiday of our lives.
RV04776,BK-2025-01269,2025-09-17,4,7,"Very good trip, long drives though."
RV04777,BK-2025-01270,2025-08-19,5,10,Best holiday of our lives.
RV04778,BK-2025-01271,2025-05-23,4,8,"Very good trip, long drives though."
RV04779,BK-2025-01272,2025-10-13,5,10,Flawless from airport pickup to farewell.
RV04780,BK-2025-01273,2025-07-11,4,9,"Lovely camp, a little pricey."
RV04781,BK-2025-01281,2025-07-19,5,10,Unforgettable — saw the river crossing!
RV04782,BK-2025-01282,2025-09-28,5,10,"Guide was exceptional, every detail handled."
RV04783,BK-2025-01285,2025-06-21,5,9,Best holiday of our lives.
RV04784,BK-2025-01286,2025-05-27,5,10,"Guide was exceptional, every detail handled."
RV04785,BK-2025-01288,2025-12-20,4,7,Guide knew every bird by name.
RV04786,BK-2025-01289,2025-10-14,5,10,Flawless from airport pickup to farewell.
RV04787,BK-2025-01290,2025-06-23,5,10,Best holiday of our lives.
RV04788,BK-2025-01295,2025-07-06,4,8,Guide knew every bird by name.
RV04789,BK-2025-01296,2026-04-05,5,10,Best holiday of our lives.
RV04790,BK-2025-01297,2025-08-01,3,5,"Okay overall, vehicle was cramped."
RV04791,BK-2025-01299,2025-07-24,5,10,Flawless from airport pickup to farewell.
RV04792,BK-2025-01300,2025-10-17,5,10,Flawless from airport pickup to farewell.
RV04793,BK-2025-01301,2025-07-03,5,10,Unforgettable — saw the river crossing!
RV04794,BK-2025-01302,2026-01-06,4,7,Guide knew every bird by name.
RV04795,BK-2025-01305,2026-04-28,5,10,Flawless from airport pickup to farewell.
RV04796,BK-2025-01307,2025-07-26,5,9,"Guide was exceptional, every detail handled."
RV04797,BK-2025-01308,2025-11-06,5,10,Flawless from airport pickup to farewell.
RV04798,BK-2025-01310,2025-06-11,3,7,Too many vehicles at sightings.
RV04799,BK-2025-01317,2025-08-17,3,6,Too many vehicles at sightings.
RV04800,BK-2025-01320,2025-09-03,4,9,"Lovely camp, a little pricey."
RV04801,BK-2025-01323,2025-07-26,5,10,"Guide was exceptional, every detail handled."
RV04802,BK-2025-01324,2025-09-12,3,5,"Wildlife good, communication before trip poor."
RV04803,BK-2025-01325,2025-08-06,4,9,"Great sightings, lodge food could improve."
RV04804,BK-2025-01327,2025-08-30,3,6,"Okay overall, vehicle was cramped."
RV04805,BK-2025-01328,2025-10-20,4,7,"Great sightings, lodge food could improve."
RV04806,BK-2025-01331,2025-08-29,5,10,Unforgettable — saw the river crossing!
RV04807,BK-2025-01333,2025-09-13,4,7,"Very good trip, long drives though."
RV04808,BK-2025-01335,2025-06-21,4,9,Guide knew every bird by name.
RV04809,BK-2025-01336,2025-08-20,5,9,"Guide was exceptional, every detail handled."
RV04810,BK-2025-01338,2025-07-11,5,9,Flawless from airport pickup to farewell.
RV04811,BK-2025-01342,2025-07-28,5,9,Flawless from airport pickup to farewell.
RV04812,BK-2025-01343,2025-08-20,5,9,Flawless from airport pickup to farewell.
RV04813,BK-2025-01344,2025-09-02,4,9,Guide knew every bird by name.
RV04814,BK-2025-01346,2025-07-02,5,9,Flawless from airport pickup to farewell.
RV04815,BK-2025-01347,2025-06-21,4,7,"Lovely camp, a little pricey."
RV04816,BK-2025-01353,2025-09-21,5,10,Flawless from airport pickup to farewell.
RV04817,BK-2025-01354,2025-05-15,3,5,Too many vehicles at sightings.
RV04818,BK-2025-01357,2025-09-15,5,9,"Guide was exceptional, every detail handled."
RV04819,BK-2025-01358,2025-09-02,3,6,Too many vehicles at sightings.
RV04820,BK-2025-01360,2025-06-21,5,9,"Guide was exceptional, every detail handled."
RV04821,BK-2025-01363,2025-08-01,4,9,"Very good trip, long drives though."
RV04822,BK-2025-01366,2025-08-12,3,7,Too many vehicles at sightings.
RV04823,BK-2025-01369,2025-07-24,3,5,Too many vehicles at sightings.
RV04824,BK-2025-01370,2025-07-27,4,8,"Great sightings, lodge food could improve."
RV04825,BK-2025-01372,2025-07-28,3,5,"Wildlife good, communication before trip poor."
RV04826,BK-2025-01373,2025-11-21,5,9,"Guide was exceptional, every detail handled."
RV04827,BK-2025-01374,2025-07-10,4,7,"Great sightings, lodge food could improve."
RV04828,BK-2025-01380,2026-02-05,4,8,Guide knew every bird by name.
RV04829,BK-2025-01381,2025-10-19,3,5,"Okay overall, vehicle was cramped."
RV04830,BK-2025-01382,2025-11-14,5,9,Unforgettable — saw the river crossing!
RV04831,BK-2025-01385,2025-06-01,5,9,Unforgettable — saw the river crossing!
RV04832,BK-2025-01386,2025-11-14,4,9,"Lovely camp, a little pricey."
RV04833,BK-2025-01387,2025-06-15,4,9,"Great sightings, lodge food could improve."
RV04834,BK-2025-01388,2025-06-24,4,7,"Very good trip, long drives though."
RV04835,BK-2025-01390,2025-10-06,5,10,"Guide was exceptional, every detail handled."
RV04836,BK-2025-01392,2025-06-12,4,7,"Great sightings, lodge food could improve."
RV04837,BK-2025-01396,2025-09-19,5,9,Flawless from airport pickup to farewell.
RV04838,BK-2025-01399,2025-11-04,3,7,Too many vehicles at sightings.
RV04839,BK-2025-01400,2025-09-15,5,9,"Guide was exceptional, every detail handled."
RV04840,BK-2025-01402,2025-08-28,4,7,Guide knew every bird by name.
RV04841,BK-2025-01403,2025-06-28,3,6,"Okay overall, vehicle was cramped."
RV04842,BK-2025-01404,2026-02-11,3,7,"Wildlife good, communication before trip poor."
RV04843,BK-2025-01408,2025-08-26,4,9,Guide knew every bird by name.
RV04844,BK-2025-01409,2025-09-07,5,10,"Guide was exceptional, every detail handled."
RV04845,BK-2025-01411,2025-07-31,4,7,"Great sightings, lodge food could improve."
RV04846,BK-2025-01412,2026-03-09,4,8,Guide knew every bird by name.
RV04847,BK-2025-01413,2025-07-21,4,9,Guide knew every bird by name.
RV04848,BK-2025-01415,2025-09-13,5,10,"Guide was exceptional, every detail handled."
RV04849,BK-2025-01418,2025-08-19,4,8,"Great sightings, lodge food could improve."
RV04850,BK-2025-01422,2025-09-04,5,10,Flawless from airport pickup to farewell.
RV04851,BK-2025-01424,2025-10-13,4,9,"Great sightings, lodge food could improve."
RV04852,BK-2025-01425,2025-09-30,4,7,"Great sightings, lodge food could improve."
RV04853,BK-2025-01429,2025-08-27,4,7,"Lovely camp, a little pricey."
RV04854,BK-2025-01433,2025-08-20,4,9,"Great sightings, lodge food could improve."
RV04855,BK-2025-01438,2025-09-08,5,9,Flawless from airport pickup to farewell.
RV04856,BK-2025-01439,2025-08-07,4,8,"Lovely camp, a little pricey."
RV04857,BK-2025-01441,2025-05-26,2,4,Accommodation not as advertised.
RV04858,BK-2025-01445,2025-11-07,4,9,"Very good trip, long drives though."
RV04859,BK-2025-01446,2025-08-16,5,10,Flawless from airport pickup to farewell.
RV04860,BK-2025-01447,2025-08-19,5,10,Unforgettable — saw the river crossing!
RV04861,BK-2025-01452,2025-08-21,4,8,"Great sightings, lodge food could improve."
RV04862,BK-2025-01453,2025-06-29,5,10,Best holiday of our lives.
RV04863,BK-2025-01459,2025-06-10,4,9,"Very good trip, long drives though."
RV04864,BK-2025-01460,2025-08-30,4,7,"Great sightings, lodge food could improve."
RV04865,BK-2025-01464,2025-06-25,3,5,"Wildlife good, communication before trip poor."
RV04866,BK-2025-01465,2025-10-07,4,9,"Lovely camp, a little pricey."
RV04867,BK-2025-01466,2025-09-23,3,7,Too many vehicles at sightings.
RV04868,BK-2025-01467,2025-08-09,3,7,"Okay overall, vehicle was cramped."
RV04869,BK-2025-01469,2025-07-11,4,9,"Great sightings, lodge food could improve."
RV04870,BK-2025-01472,2025-08-25,5,10,"Guide was exceptional, every detail handled."
RV04871,BK-2025-01475,2025-11-04,5,10,"Guide was exceptional, every detail handled."
RV04872,BK-2025-01478,2025-06-29,4,9,"Lovely camp, a little pricey."
RV04873,BK-2025-01483,2025-07-26,4,7,"Very good trip, long drives though."
RV04874,BK-2025-01484,2025-08-17,4,7,"Great sightings, lodge food could improve."
RV04875,BK-2025-01485,2025-06-07,4,8,"Lovely camp, a little pricey."
RV04876,BK-2025-01486,2025-06-23,4,9,"Lovely camp, a little pricey."
RV04877,BK-2025-01490,2025-07-30,5,9,Best holiday of our lives.
RV04878,BK-2025-01492,2025-06-21,4,9,"Very good trip, long drives though."
RV04879,BK-2025-01495,2025-08-29,5,10,"Guide was exceptional, every detail handled."
RV04880,BK-2025-01499,2025-07-07,5,9,"Guide was exceptional, every detail handled."
RV04881,BK-2025-01501,2025-08-03,3,5,"Wildlife good, communication before trip poor."
RV04882,BK-2025-01503,2025-08-29,4,8,"Great sightings, lodge food could improve."
RV04883,BK-2025-01504,2025-07-26,5,9,Flawless from airport pickup to farewell.
RV04884,BK-2025-01505,2026-02-25,5,9,Flawless from airport pickup to farewell.
RV04885,BK-2025-01506,2025-09-03,4,9,Guide knew every bird by name.
RV04886,BK-2025-01507,2025-10-02,4,8,Guide knew every bird by name.
RV04887,BK-2025-01509,2026-06-18,5,10,"Guide was exceptional, every detail handled."
RV04888,BK-2025-01510,2025-07-05,4,7,"Lovely camp, a little pricey."
RV04889,BK-2025-01511,2025-06-19,4,9,"Great sightings, lodge food could improve."
RV04890,BK-2025-01513,2025-08-02,4,7,"Lovely camp, a little pricey."
RV04891,BK-2025-01515,2025-09-11,5,10,Best holiday of our lives.
RV04892,BK-2025-01516,2025-08-04,4,9,"Very good trip, long drives though."
RV04893,BK-2025-01517,2025-07-13,3,5,Too many vehicles at sightings.
RV04894,BK-2025-01518,2025-06-04,3,6,"Okay overall, vehicle was cramped."
RV04895,BK-2025-01520,2025-07-02,4,7,"Great sightings, lodge food could improve."
RV04896,BK-2025-01521,2025-08-01,4,9,Guide knew every bird by name.
RV04897,BK-2025-01522,2025-07-18,3,7,"Okay overall, vehicle was cramped."
RV04898,BK-2025-01526,2025-08-20,3,5,"Okay overall, vehicle was cramped."
RV04899,BK-2025-01529,2025-09-08,5,9,Best holiday of our lives.
RV04900,BK-2025-01530,2025-07-12,4,8,"Lovely camp, a little pricey."
RV04901,BK-2025-01531,2025-08-30,4,7,Guide knew every bird by name.
RV04902,BK-2025-01532,2026-06-07,5,9,"Guide was exceptional, every detail handled."
RV04903,BK-2025-01534,2025-06-20,3,6,"Okay overall, vehicle was cramped."
RV04904,BK-2025-01535,2025-08-03,3,5,Too many vehicles at sightings.
RV04905,BK-2025-01540,2025-08-28,4,8,"Lovely camp, a little pricey."
RV04906,BK-2025-01541,2025-07-10,4,7,"Lovely camp, a little pricey."
RV04907,BK-2025-01542,2025-11-18,5,10,"Guide was exceptional, every detail handled."
RV04908,BK-2025-01545,2025-07-06,4,7,"Very good trip, long drives though."
RV04909,BK-2025-01546,2025-10-22,3,6,"Wildlife good, communication before trip poor."
RV04910,BK-2025-01547,2025-08-22,5,9,Flawless from airport pickup to farewell.
RV04911,BK-2025-01549,2025-06-11,5,9,Unforgettable — saw the river crossing!
RV04912,BK-2025-01550,2025-08-08,4,9,Guide knew every bird by name.
RV04913,BK-2025-01552,2025-12-21,4,7,"Great sightings, lodge food could improve."
RV04914,BK-2025-01553,2025-08-08,5,9,Unforgettable — saw the river crossing!
RV04915,BK-2025-01560,2025-08-21,4,7,"Lovely camp, a little pricey."
RV04916,BK-2025-01562,2025-07-22,4,9,"Very good trip, long drives though."
RV04917,BK-2025-01564,2025-07-24,4,7,"Great sightings, lodge food could improve."
RV04918,BK-2025-01565,2025-06-14,4,7,"Great sightings, lodge food could improve."
RV04919,BK-2025-01567,2026-04-06,4,8,"Very good trip, long drives though."
RV04920,BK-2025-01568,2025-10-09,4,9,"Great sightings, lodge food could improve."
RV04921,BK-2025-01569,2025-12-21,5,9,"Guide was exceptional, every detail handled."
RV04922,BK-2025-01571,2025-05-27,2,3,Delayed pickup and a flat tyre.
RV04923,BK-2025-01572,2025-08-16,4,9,Guide knew every bird by name.
RV04924,BK-2025-01573,2025-06-28,4,7,"Very good trip, long drives though."
RV04925,BK-2025-01575,2025-11-23,4,8,"Great sightings, lodge food could improve."
RV04926,BK-2025-01577,2025-06-23,5,9,Best holiday of our lives.
RV04927,BK-2025-01578,2025-09-05,3,5,Too many vehicles at sightings.
RV04928,BK-2025-01579,2025-10-21,4,7,"Great sightings, lodge food could improve."
RV04929,BK-2025-01582,2025-10-15,4,9,"Great sightings, lodge food could improve."
RV04930,BK-2025-01583,2025-07-01,5,9,"Guide was exceptional, every detail handled."
RV04931,BK-2025-01584,2025-07-02,3,6,Too many vehicles at sightings.
RV04932,BK-2025-01585,2025-08-03,3,7,"Okay overall, vehicle was cramped."
RV04933,BK-2025-01587,2026-01-08,3,6,"Wildlife good, communication before trip poor."
RV04934,BK-2025-01589,2025-06-26,4,8,"Lovely camp, a little pricey."
RV04935,BK-2025-01592,2025-09-05,4,7,"Lovely camp, a little pricey."
RV04936,BK-2025-01593,2025-06-19,5,10,Best holiday of our lives.
RV04937,BK-2025-01594,2026-05-16,5,9,Best holiday of our lives.
RV04938,BK-2025-01596,2025-06-26,3,5,Too many vehicles at sightings.
RV04939,BK-2025-01598,2025-07-08,4,9,Guide knew every bird by name.
RV04940,BK-2025-01601,2025-08-11,4,8,"Very good trip, long drives though."
RV04941,BK-2025-01602,2025-10-09,5,9,Unforgettable — saw the river crossing!
RV04942,BK-2025-01603,2025-08-22,4,7,"Great sightings, lodge food could improve."
RV04943,BK-2025-01604,2025-07-12,4,9,"Great sightings, lodge food could improve."
RV04944,BK-2025-01605,2025-06-23,4,8,Guide knew every bird by name.
RV04945,BK-2025-01606,2025-08-11,5,10,Flawless from airport pickup to farewell.
RV04946,BK-2025-01610,2025-07-22,4,7,"Very good trip, long drives though."
RV04947,BK-2025-01612,2025-11-11,4,8,Guide knew every bird by name.
RV04948,BK-2025-01613,2025-09-12,4,7,"Great sightings, lodge food could improve."
RV04949,BK-2025-01614,2025-08-04,4,9,Guide knew every bird by name.
RV04950,BK-2025-01615,2025-07-28,4,9,"Lovely camp, a little pricey."
RV04951,BK-2025-01618,2025-06-13,4,7,"Very good trip, long drives though."
RV04952,BK-2025-01619,2025-07-06,3,7,Too many vehicles at sightings.
RV04953,BK-2025-01622,2025-07-03,4,7,"Great sightings, lodge food could improve."
RV04954,BK-2025-01623,2025-12-02,4,7,"Great sightings, lodge food could improve."
RV04955,BK-2025-01624,2025-07-30,5,10,"Guide was exceptional, every detail handled."
RV04956,BK-2025-01625,2025-09-25,5,10,"Guide was exceptional, every detail handled."
RV04957,BK-2025-01626,2025-09-24,4,9,"Lovely camp, a little pricey."
RV04958,BK-2025-01627,2025-08-27,5,10,Flawless from airport pickup to farewell.
RV04959,BK-2025-01628,2025-06-30,4,9,Guide knew every bird by name.
RV04960,BK-2025-01631,2026-02-27,4,7,Guide knew every bird by name.
RV04961,BK-2025-01633,2025-07-07,4,9,"Very good trip, long drives though."
RV04962,BK-2025-01634,2025-07-27,4,7,Guide knew every bird by name.
RV04963,BK-2025-01635,2025-09-13,3,7,"Okay overall, vehicle was cramped."
RV04964,BK-2025-01636,2025-08-07,4,7,Guide knew every bird by name.
RV04965,BK-2025-01638,2025-08-17,5,9,Unforgettable — saw the river crossing!
RV04966,BK-2025-01639,2025-08-22,4,8,"Very good trip, long drives though."
RV04967,BK-2025-01640,2025-06-18,4,7,Guide knew every bird by name.
RV04968,BK-2025-01645,2025-09-12,5,10,Flawless from airport pickup to farewell.
RV04969,BK-2025-01646,2025-06-19,5,9,"Guide was exceptional, every detail handled."
RV04970,BK-2025-01649,2025-08-15,5,10,Best holiday of our lives.
RV04971,BK-2025-01661,2025-07-21,4,7,"Lovely camp, a little pricey."
RV04972,BK-2025-01662,2025-08-22,4,9,"Very good trip, long drives though."
RV04973,BK-2025-01663,2026-01-06,4,9,"Lovely camp, a little pricey."
RV04974,BK-2025-01664,2025-07-16,3,7,"Okay overall, vehicle was cramped."
RV04975,BK-2025-01665,2025-12-31,3,5,"Wildlife good, communication before trip poor."
RV04976,BK-2025-01666,2025-07-15,4,9,"Very good trip, long drives though."
RV04977,BK-2025-01667,2025-06-19,5,9,Flawless from airport pickup to farewell.
RV04978,BK-2025-01668,2025-08-19,4,7,"Great sightings, lodge food could improve."
RV04979,BK-2025-01669,2025-08-27,4,9,"Great sightings, lodge food could improve."
RV04980,BK-2025-01670,2025-06-21,3,7,Too many vehicles at sightings.
RV04981,BK-2025-01672,2026-04-01,4,8,"Lovely camp, a little pricey."
RV04982,BK-2025-01673,2025-08-08,5,9,Unforgettable — saw the river crossing!
RV04983,BK-2025-01676,2025-06-09,5,10,"Guide was exceptional, every detail handled."
RV04984,BK-2025-01677,2025-06-20,4,9,"Lovely camp, a little pricey."
RV04985,BK-2025-01678,2025-09-25,4,8,"Great sightings, lodge food could improve."
RV04986,BK-2025-01679,2025-11-14,5,10,Flawless from airport pickup to farewell.
RV04987,BK-2025-01680,2025-08-27,4,8,"Great sightings, lodge food could improve."
RV04988,BK-2025-01681,2025-06-22,5,10,"Guide was exceptional, every detail handled."
RV04989,BK-2025-01683,2025-11-28,5,9,Best holiday of our lives.
RV04990,BK-2025-01687,2025-09-04,5,10,Best holiday of our lives.
RV04991,BK-2025-01690,2025-08-22,4,7,Guide knew every bird by name.
RV04992,BK-2025-01692,2025-08-16,4,7,"Lovely camp, a little pricey."
RV04993,BK-2025-01693,2025-09-07,4,9,"Very good trip, long drives though."
RV04994,BK-2025-01695,2025-07-05,5,10,"Guide was exceptional, every detail handled."
RV04995,BK-2025-01697,2025-06-23,5,10,Flawless from airport pickup to farewell.
RV04996,BK-2025-01698,2025-08-20,5,10,Unforgettable — saw the river crossing!
RV04997,BK-2025-01702,2026-01-28,4,8,Guide knew every bird by name.
RV04998,BK-2025-01704,2025-08-16,4,9,"Great sightings, lodge food could improve."
RV04999,BK-2025-01705,2025-08-28,2,3,Delayed pickup and a flat tyre.
RV05000,BK-2025-01707,2025-10-12,4,9,Guide knew every bird by name.
RV05001,BK-2025-01709,2025-10-31,4,7,Guide knew every bird by name.
RV05002,BK-2025-01712,2025-08-14,5,10,Flawless from airport pickup to farewell.
RV05003,BK-2025-01715,2025-10-19,5,10,Best holiday of our lives.
RV05004,BK-2025-01716,2025-08-12,5,9,Flawless from airport pickup to farewell.
RV05005,BK-2025-01719,2025-07-31,3,5,"Okay overall, vehicle was cramped."
RV05006,BK-2025-01720,2025-10-10,4,7,"Lovely camp, a little pricey."
RV05007,BK-2025-01721,2025-08-02,4,9,"Very good trip, long drives though."
RV05008,BK-2025-01723,2025-07-21,5,10,Best holiday of our lives.
RV05009,BK-2025-01724,2025-07-14,3,5,"Okay overall, vehicle was cramped."
RV05010,BK-2025-01727,2025-10-08,4,7,"Lovely camp, a little pricey."
RV05011,BK-2025-01729,2025-09-08,5,10,"Guide was exceptional, every detail handled."
RV05012,BK-2025-01731,2025-09-23,5,9,Unforgettable — saw the river crossing!
RV05013,BK-2025-01732,2025-08-17,5,10,Unforgettable — saw the river crossing!
RV05014,BK-2025-01733,2025-07-17,5,9,Unforgettable — saw the river crossing!
RV05015,BK-2025-01734,2026-01-04,5,9,Best holiday of our lives.
RV05016,BK-2025-01740,2025-07-14,4,9,"Very good trip, long drives though."
RV05017,BK-2025-01741,2025-06-14,3,5,"Wildlife good, communication before trip poor."
RV05018,BK-2025-01744,2026-03-13,4,9,"Great sightings, lodge food could improve."
RV05019,BK-2025-01745,2026-02-01,5,10,Flawless from airport pickup to farewell.
RV05020,BK-2025-01746,2025-06-23,5,9,"Guide was exceptional, every detail handled."
RV05021,BK-2025-01748,2026-02-01,4,7,"Great sightings, lodge food could improve."
RV05022,BK-2025-01749,2025-08-05,4,9,Guide knew every bird by name.
RV05023,BK-2025-01752,2025-08-22,4,8,"Lovely camp, a little pricey."
RV05024,BK-2025-01754,2025-07-13,4,9,Guide knew every bird by name.
RV05025,BK-2025-01757,2025-07-09,5,9,Unforgettable — saw the river crossing!
RV05026,BK-2025-01759,2025-09-07,4,8,"Very good trip, long drives though."
RV05027,BK-2025-01763,2025-10-07,5,9,Best holiday of our lives.
RV05028,BK-2025-01765,2025-08-28,3,6,"Okay overall, vehicle was cramped."
RV05029,BK-2025-01767,2025-10-06,4,7,"Very good trip, long drives though."
RV05030,BK-2025-01768,2026-01-07,4,8,Guide knew every bird by name.
RV05031,BK-2025-01770,2025-08-15,4,7,Guide knew every bird by name.
RV05032,BK-2025-01774,2025-08-12,4,7,"Great sightings, lodge food could improve."
RV05033,BK-2025-01775,2025-06-13,3,6,"Okay overall, vehicle was cramped."
RV05034,BK-2025-01776,2025-10-08,5,10,Unforgettable — saw the river crossing!
RV05035,BK-2025-01777,2025-07-20,3,6,"Okay overall, vehicle was cramped."
RV05036,BK-2025-01779,2025-07-08,4,9,"Great sightings, lodge food could improve."
RV05037,BK-2025-01781,2025-08-07,5,10,"Guide was exceptional, every detail handled."
RV05038,BK-2025-01784,2025-09-29,3,6,"Okay overall, vehicle was cramped."
RV05039,BK-2025-01785,2025-11-14,5,10,Unforgettable — saw the river crossing!
RV05040,BK-2025-01786,2025-07-29,5,9,Best holiday of our lives.
RV05041,BK-2025-01787,2025-07-11,5,10,Flawless from airport pickup to farewell.
RV05042,BK-2025-01791,2025-07-27,5,9,Flawless from airport pickup to farewell.
RV05043,BK-2025-01793,2025-08-04,5,9,Flawless from airport pickup to farewell.
RV05044,BK-2025-01795,2025-08-13,5,9,Best holiday of our lives.
RV05045,BK-2025-01796,2025-06-12,4,8,Guide knew every bird by name.
RV05046,BK-2025-01797,2025-08-05,3,5,Too many vehicles at sightings.
RV05047,BK-2025-01799,2025-06-15,4,8,"Great sightings, lodge food could improve."
RV05048,BK-2025-01800,2025-09-04,2,4,Delayed pickup and a flat tyre.
RV05049,BK-2025-01802,2025-07-13,3,5,"Wildlife good, communication before trip poor."
RV05050,BK-2025-01805,2025-07-08,5,10,Best holiday of our lives.
RV05051,BK-2025-01811,2025-08-10,3,7,"Okay overall, vehicle was cramped."
RV05052,BK-2025-01812,2025-08-05,4,8,"Lovely camp, a little pricey."
RV05053,BK-2025-01818,2025-06-27,4,7,Guide knew every bird by name.
RV05054,BK-2025-01819,2026-01-23,4,7,"Lovely camp, a little pricey."
RV05055,BK-2025-01820,2025-12-19,4,7,Guide knew every bird by name.
RV05056,BK-2025-01825,2025-07-02,3,7,"Okay overall, vehicle was cramped."
RV05057,BK-2025-01826,2026-04-23,5,10,Best holiday of our lives.
RV05058,BK-2025-01827,2025-06-13,3,5,"Okay overall, vehicle was cramped."
RV05059,BK-2025-01830,2025-07-01,3,7,"Wildlife good, communication before trip poor."
RV05060,BK-2025-01831,2025-08-25,4,7,Guide knew every bird by name.
RV05061,BK-2025-01837,2025-08-07,3,5,"Okay overall, vehicle was cramped."
RV05062,BK-2025-01839,2025-07-08,3,5,"Wildlife good, communication before trip poor."
RV05063,BK-2025-01842,2025-07-05,3,5,"Wildlife good, communication before trip poor."
RV05064,BK-2025-01845,2025-07-13,5,10,"Guide was exceptional, every detail handled."
RV05065,BK-2025-01846,2025-09-06,4,7,"Very good trip, long drives though."
RV05066,BK-2025-01850,2025-07-10,4,9,"Very good trip, long drives though."
RV05067,BK-2025-01851,2025-07-27,4,7,"Great sightings, lodge food could improve."
RV05068,BK-2025-01853,2025-07-21,4,8,"Lovely camp, a little pricey."
RV05069,BK-2025-01854,2025-07-06,5,10,Best holiday of our lives.
RV05070,BK-2025-01856,2025-07-28,3,7,"Wildlife good, communication before trip poor."
RV05071,BK-2025-01857,2025-09-26,4,8,"Very good trip, long drives though."
RV05072,BK-2025-01860,2025-08-03,3,5,"Wildlife good, communication before trip poor."
RV05073,BK-2025-01861,2025-10-14,4,9,"Lovely camp, a little pricey."
RV05074,BK-2025-01862,2025-06-27,4,9,"Lovely camp, a little pricey."
RV05075,BK-2025-01864,2025-06-30,4,7,"Great sightings, lodge food could improve."
RV05076,BK-2025-01865,2025-09-07,4,7,"Very good trip, long drives though."
RV05077,BK-2025-01866,2025-07-26,4,7,"Very good trip, long drives though."
RV05078,BK-2025-01869,2025-08-15,5,9,Flawless from airport pickup to farewell.
RV05079,BK-2025-01872,2025-08-30,5,9,Flawless from airport pickup to farewell.
RV05080,BK-2025-01873,2025-07-19,3,7,"Wildlife good, communication before trip poor."
RV05081,BK-2025-01874,2025-07-28,4,9,"Lovely camp, a little pricey."
RV05082,BK-2025-01875,2025-08-26,4,9,"Very good trip, long drives though."
RV05083,BK-2025-01876,2025-07-20,5,10,"Guide was exceptional, every detail handled."
RV05084,BK-2025-01877,2025-08-18,5,9,Unforgettable — saw the river crossing!
RV05085,BK-2025-01878,2025-08-23,4,9,Guide knew every bird by name.
RV05086,BK-2025-01879,2025-09-07,4,7,"Lovely camp, a little pricey."
RV05087,BK-2025-01880,2025-08-08,3,5,"Okay overall, vehicle was cramped."
RV05088,BK-2025-01885,2025-08-16,5,9,"Guide was exceptional, every detail handled."
RV05089,BK-2025-01886,2025-10-22,5,9,Best holiday of our lives.
RV05090,BK-2025-01887,2025-09-06,3,7,Too many vehicles at sightings.
RV05091,BK-2025-01888,2025-08-09,4,8,Guide knew every bird by name.
RV05092,BK-2025-01889,2025-07-04,3,5,"Wildlife good, communication before trip poor."
RV05093,BK-2025-01890,2025-07-02,4,9,"Lovely camp, a little pricey."
RV05094,BK-2025-01894,2025-10-21,3,7,Too many vehicles at sightings.
RV05095,BK-2025-01895,2025-07-17,4,9,"Great sightings, lodge food could improve."
RV05096,BK-2025-01896,2025-07-08,3,7,"Wildlife good, communication before trip poor."
RV05097,BK-2025-01900,2025-10-23,5,9,Best holiday of our lives.
RV05098,BK-2025-01903,2025-08-28,5,10,"Guide was exceptional, every detail handled."
RV05099,BK-2025-01904,2025-09-29,5,10,Flawless from airport pickup to farewell.
RV05100,BK-2025-01905,2025-08-20,5,10,"Guide was exceptional, every detail handled."
RV05101,BK-2025-01906,2025-10-07,3,5,"Wildlife good, communication before trip poor."
RV05102,BK-2025-01908,2025-09-08,4,8,Guide knew every bird by name.
RV05103,BK-2025-01909,2025-10-08,5,9,Flawless from airport pickup to farewell.
RV05104,BK-2025-01913,2025-12-23,4,7,"Very good trip, long drives though."
RV05105,BK-2025-01914,2025-11-14,4,9,Guide knew every bird by name.
RV05106,BK-2025-01919,2025-09-15,4,9,Guide knew every bird by name.
RV05107,BK-2025-01920,2025-08-27,4,8,"Great sightings, lodge food could improve."
RV05108,BK-2025-01923,2025-12-28,5,9,Flawless from airport pickup to farewell.
RV05109,BK-2025-01926,2025-09-16,4,8,Guide knew every bird by name.
RV05110,BK-2025-01935,2025-08-15,4,7,"Very good trip, long drives though."
RV05111,BK-2025-01936,2025-07-24,4,7,Guide knew every bird by name.
RV05112,BK-2025-01940,2026-01-30,5,10,Flawless from airport pickup to farewell.
RV05113,BK-2025-01941,2025-12-27,5,9,Best holiday of our lives.
RV05114,BK-2025-01942,2025-07-29,5,10,Unforgettable — saw the river crossing!
RV05115,BK-2025-01943,2025-12-04,4,9,"Great sightings, lodge food could improve."
RV05116,BK-2025-01944,2025-07-21,5,10,Unforgettable — saw the river crossing!
RV05117,BK-2025-01946,2025-07-03,4,7,"Great sightings, lodge food could improve."
RV05118,BK-2025-01947,2026-01-29,4,7,Guide knew every bird by name.
RV05119,BK-2025-01949,2026-01-26,5,9,Flawless from airport pickup to farewell.
RV05120,BK-2025-01950,2025-08-24,5,9,"Guide was exceptional, every detail handled."
RV05121,BK-2025-01952,2025-07-04,4,8,"Very good trip, long drives though."
RV05122,BK-2025-01953,2025-07-17,4,9,Guide knew every bird by name.
RV05123,BK-2025-01954,2025-07-23,5,9,"Guide was exceptional, every detail handled."
RV05124,BK-2025-01955,2025-07-03,3,7,"Okay overall, vehicle was cramped."
RV05125,BK-2025-01957,2025-09-12,4,9,"Very good trip, long drives though."
RV05126,BK-2025-01961,2025-09-01,4,7,Guide knew every bird by name.
RV05127,BK-2025-01962,2025-08-21,3,6,"Wildlife good, communication before trip poor."
RV05128,BK-2025-01964,2025-09-08,5,9,Unforgettable — saw the river crossing!
RV05129,BK-2025-01972,2025-08-09,5,9,Best holiday of our lives.
RV05130,BK-2025-01974,2025-12-30,3,5,"Okay overall, vehicle was cramped."
RV05131,BK-2025-01975,2025-08-07,3,5,"Wildlife good, communication before trip poor."
RV05132,BK-2025-01976,2025-08-08,3,6,Too many vehicles at sightings.
RV05133,BK-2025-01977,2025-11-11,5,9,Unforgettable — saw the river crossing!
RV05134,BK-2025-01978,2025-06-30,3,6,Too many vehicles at sightings.
RV05135,BK-2025-01984,2025-09-23,4,9,"Very good trip, long drives though."
RV05136,BK-2025-01986,2026-01-09,5,9,"Guide was exceptional, every detail handled."
RV05137,BK-2025-01987,2025-11-01,5,9,"Guide was exceptional, every detail handled."
RV05138,BK-2025-01990,2025-08-13,5,9,Flawless from airport pickup to farewell.
RV05139,BK-2025-01992,2025-09-02,4,9,"Lovely camp, a little pricey."
RV05140,BK-2025-01997,2025-07-21,3,6,"Wildlife good, communication before trip poor."
RV05141,BK-2025-01998,2025-08-14,4,9,Guide knew every bird by name.
RV05142,BK-2025-02000,2025-07-14,5,9,"Guide was exceptional, every detail handled."
RV05143,BK-2025-02001,2025-10-08,5,9,Best holiday of our lives.
RV05144,BK-2025-02004,2025-08-09,4,7,Guide knew every bird by name.
RV05145,BK-2025-02006,2026-02-05,4,8,"Lovely camp, a little pricey."
RV05146,BK-2025-02007,2025-10-21,4,9,Guide knew every bird by name.
RV05147,BK-2025-02008,2025-12-23,4,7,"Very good trip, long drives though."
RV05148,BK-2025-02012,2025-07-01,4,9,"Very good trip, long drives though."
RV05149,BK-2025-02017,2025-12-12,5,10,"Guide was exceptional, every detail handled."
RV05150,BK-2025-02018,2025-08-16,4,7,Guide knew every bird by name.
RV05151,BK-2025-02019,2025-07-23,3,7,"Wildlife good, communication before trip poor."
RV05152,BK-2025-02020,2025-06-27,3,5,"Okay overall, vehicle was cramped."
RV05153,BK-2025-02022,2025-07-22,4,9,Guide knew every bird by name.
RV05154,BK-2025-02024,2025-08-13,4,7,"Very good trip, long drives though."
RV05155,BK-2025-02026,2025-11-10,5,10,Unforgettable — saw the river crossing!
RV05156,BK-2025-02030,2025-11-03,4,9,"Lovely camp, a little pricey."
RV05157,BK-2025-02033,2025-07-14,4,8,"Very good trip, long drives though."
RV05158,BK-2025-02035,2026-03-12,5,9,Unforgettable — saw the river crossing!
RV05159,BK-2025-02036,2025-09-14,4,7,Guide knew every bird by name.
RV05160,BK-2025-02038,2025-10-27,4,7,"Very good trip, long drives though."
RV05161,BK-2025-02040,2025-08-22,3,6,"Okay overall, vehicle was cramped."
RV05162,BK-2025-02044,2025-09-21,4,8,"Very good trip, long drives though."
RV05163,BK-2025-02045,2025-09-24,5,10,Flawless from airport pickup to farewell.
RV05164,BK-2025-02046,2025-08-17,5,9,Unforgettable — saw the river crossing!
RV05165,BK-2025-02049,2025-11-27,5,9,Unforgettable — saw the river crossing!
RV05166,BK-2025-02050,2025-10-19,5,10,Best holiday of our lives.
RV05167,BK-2025-02051,2025-08-14,4,7,"Very good trip, long drives though."
RV05168,BK-2025-02054,2025-09-12,5,10,Best holiday of our lives.
RV05169,BK-2025-02055,2025-08-27,3,7,"Wildlife good, communication before trip poor."
RV05170,BK-2025-02056,2025-09-10,5,9,Unforgettable — saw the river crossing!
RV05171,BK-2025-02057,2025-08-03,5,10,Unforgettable — saw the river crossing!
RV05172,BK-2025-02058,2025-07-27,5,10,Unforgettable — saw the river crossing!
RV05173,BK-2025-02061,2025-08-01,4,8,"Very good trip, long drives though."
RV05174,BK-2025-02063,2025-06-29,5,10,Flawless from airport pickup to farewell.
RV05175,BK-2025-02064,2025-06-17,3,7,Too many vehicles at sightings.
RV05176,BK-2025-02065,2025-08-11,5,9,"Guide was exceptional, every detail handled."
RV05177,BK-2025-02067,2025-07-27,3,7,Too many vehicles at sightings.
RV05178,BK-2025-02070,2025-08-09,4,7,"Great sightings, lodge food could improve."
RV05179,BK-2025-02072,2025-07-29,5,10,"Guide was exceptional, every detail handled."
RV05180,BK-2025-02073,2025-09-20,4,8,Guide knew every bird by name.
RV05181,BK-2025-02074,2025-07-07,4,9,Guide knew every bird by name.
RV05182,BK-2025-02075,2025-10-09,5,10,Best holiday of our lives.
RV05183,BK-2025-02078,2025-08-23,4,7,"Very good trip, long drives though."
RV05184,BK-2025-02079,2025-08-11,4,8,"Lovely camp, a little pricey."
RV05185,BK-2025-02082,2025-11-27,5,9,"Guide was exceptional, every detail handled."
RV05186,BK-2025-02083,2025-09-24,3,6,"Okay overall, vehicle was cramped."
RV05187,BK-2025-02087,2025-10-11,5,9,Unforgettable — saw the river crossing!
RV05188,BK-2025-02088,2025-07-11,5,9,"Guide was exceptional, every detail handled."
RV05189,BK-2025-02089,2025-09-18,5,10,Best holiday of our lives.
RV05190,BK-2025-02091,2025-10-07,5,9,"Guide was exceptional, every detail handled."
RV05191,BK-2025-02092,2026-01-18,3,7,"Okay overall, vehicle was cramped."
RV05192,BK-2025-02093,2025-10-31,5,10,Flawless from airport pickup to farewell.
RV05193,BK-2025-02094,2025-08-12,4,9,Guide knew every bird by name.
RV05194,BK-2025-02096,2025-10-07,5,10,Best holiday of our lives.
RV05195,BK-2025-02098,2025-07-14,4,7,"Lovely camp, a little pricey."
RV05196,BK-2025-02099,2025-06-28,4,8,"Great sightings, lodge food could improve."
RV05197,BK-2025-02100,2025-07-21,4,7,"Lovely camp, a little pricey."
RV05198,BK-2025-02101,2025-09-14,4,9,"Great sightings, lodge food could improve."
RV05199,BK-2025-02104,2025-08-01,4,9,"Very good trip, long drives though."
RV05200,BK-2025-02107,2025-11-29,4,8,"Great sightings, lodge food could improve."
RV05201,BK-2025-02108,2025-09-16,4,7,"Very good trip, long drives though."
RV05202,BK-2025-02110,2025-10-22,5,9,"Guide was exceptional, every detail handled."
RV05203,BK-2025-02112,2026-03-05,5,9,Flawless from airport pickup to farewell.
RV05204,BK-2025-02113,2025-08-22,4,7,"Great sightings, lodge food could improve."
RV05205,BK-2025-02115,2025-09-08,4,7,Guide knew every bird by name.
RV05206,BK-2025-02117,2025-07-12,3,7,"Wildlife good, communication before trip poor."
RV05207,BK-2025-02124,2025-09-16,4,7,"Very good trip, long drives though."
RV05208,BK-2025-02125,2026-01-07,5,10,Unforgettable — saw the river crossing!
RV05209,BK-2025-02126,2025-08-08,4,7,"Very good trip, long drives though."
RV05210,BK-2025-02127,2025-08-15,5,10,Best holiday of our lives.
RV05211,BK-2025-02128,2025-08-02,5,9,"Guide was exceptional, every detail handled."
RV05212,BK-2025-02129,2025-11-09,5,9,Flawless from airport pickup to farewell.
RV05213,BK-2025-02131,2025-09-09,4,8,"Great sightings, lodge food could improve."
RV05214,BK-2025-02132,2025-08-31,4,8,Guide knew every bird by name.
RV05215,BK-2025-02133,2025-10-25,3,7,"Wildlife good, communication before trip poor."
RV05216,BK-2025-02134,2025-09-13,3,5,"Okay overall, vehicle was cramped."
RV05217,BK-2025-02146,2025-08-17,5,10,Unforgettable — saw the river crossing!
RV05218,BK-2025-02150,2025-09-03,5,10,Best holiday of our lives.
RV05219,BK-2025-02151,2025-09-14,4,7,"Great sightings, lodge food could improve."
RV05220,BK-2025-02153,2025-08-26,4,9,"Very good trip, long drives though."
RV05221,BK-2025-02154,2025-09-29,4,7,"Very good trip, long drives though."
RV05222,BK-2025-02155,2025-07-15,3,5,"Okay overall, vehicle was cramped."
RV05223,BK-2025-02157,2025-10-26,5,9,Flawless from airport pickup to farewell.
RV05224,BK-2025-02160,2025-08-31,3,5,"Okay overall, vehicle was cramped."
RV05225,BK-2025-02162,2025-09-03,5,10,"Guide was exceptional, every detail handled."
RV05226,BK-2025-02171,2025-09-07,5,9,Flawless from airport pickup to farewell.
RV05227,BK-2025-02173,2025-07-29,4,7,"Great sightings, lodge food could improve."
RV05228,BK-2025-02174,2025-08-04,5,10,Flawless from airport pickup to farewell.
RV05229,BK-2025-02176,2025-07-09,4,8,Guide knew every bird by name.
RV05230,BK-2025-02177,2025-07-14,4,9,"Very good trip, long drives though."
RV05231,BK-2025-02178,2025-07-27,5,10,Best holiday of our lives.
RV05232,BK-2025-02179,2026-03-10,3,7,"Wildlife good, communication before trip poor."
RV05233,BK-2025-02180,2025-08-01,3,5,"Okay overall, vehicle was cramped."
RV05234,BK-2025-02181,2025-10-18,5,10,"Guide was exceptional, every detail handled."
RV05235,BK-2025-02182,2025-08-20,4,9,"Great sightings, lodge food could improve."
RV05236,BK-2025-02186,2025-08-04,3,6,Too many vehicles at sightings.
RV05237,BK-2025-02187,2025-07-11,5,10,Flawless from airport pickup to farewell.
RV05238,BK-2025-02188,2025-07-05,3,5,Too many vehicles at sightings.
RV05239,BK-2025-02189,2025-07-22,4,7,Guide knew every bird by name.
RV05240,BK-2025-02191,2025-08-03,3,5,Too many vehicles at sightings.
RV05241,BK-2025-02194,2025-08-19,3,7,Too many vehicles at sightings.
RV05242,BK-2025-02195,2025-09-08,5,9,"Guide was exceptional, every detail handled."
RV05243,BK-2025-02197,2025-08-15,4,7,Guide knew every bird by name.
RV05244,BK-2025-02198,2025-07-15,3,6,"Wildlife good, communication before trip poor."
RV05245,BK-2025-02206,2025-11-14,3,5,"Okay overall, vehicle was cramped."
RV05246,BK-2025-02207,2025-07-24,3,5,"Okay overall, vehicle was cramped."
RV05247,BK-2025-02208,2025-09-11,4,9,"Great sightings, lodge food could improve."
RV05248,BK-2025-02209,2025-07-23,3,5,Too many vehicles at sightings.
RV05249,BK-2025-02211,2025-12-16,3,6,"Okay overall, vehicle was cramped."
RV05250,BK-2025-02212,2025-07-17,5,10,Flawless from airport pickup to farewell.
RV05251,BK-2025-02215,2025-08-12,4,7,"Very good trip, long drives though."
RV05252,BK-2025-02217,2025-11-02,5,9,Flawless from airport pickup to farewell.
RV05253,BK-2025-02219,2025-08-10,3,6,Too many vehicles at sightings.
RV05254,BK-2025-02220,2025-07-20,5,10,Unforgettable — saw the river crossing!
RV05255,BK-2025-02222,2025-09-02,4,7,"Very good trip, long drives though."
RV05256,BK-2025-02226,2025-11-21,4,8,"Great sightings, lodge food could improve."
RV05257,BK-2025-02227,2025-09-26,5,10,Flawless from airport pickup to farewell.
RV05258,BK-2025-02230,2025-08-27,2,5,Delayed pickup and a flat tyre.
RV05259,BK-2025-02232,2025-10-02,4,7,"Lovely camp, a little pricey."
RV05260,BK-2025-02238,2025-08-14,5,10,Flawless from airport pickup to farewell.
RV05261,BK-2025-02240,2025-10-16,4,7,"Lovely camp, a little pricey."
RV05262,BK-2025-02243,2025-08-02,4,7,"Great sightings, lodge food could improve."
RV05263,BK-2025-02244,2025-07-20,4,8,Guide knew every bird by name.
RV05264,BK-2025-02247,2025-11-05,4,9,Guide knew every bird by name.
RV05265,BK-2025-02248,2025-09-26,4,8,"Great sightings, lodge food could improve."
RV05266,BK-2025-02249,2025-11-14,5,9,"Guide was exceptional, every detail handled."
RV05267,BK-2025-02251,2025-07-11,4,8,"Great sightings, lodge food could improve."
RV05268,BK-2025-02254,2025-08-21,4,9,Guide knew every bird by name.
RV05269,BK-2025-02256,2025-08-09,4,9,"Lovely camp, a little pricey."
RV05270,BK-2025-02261,2025-09-17,3,6,"Wildlife good, communication before trip poor."
RV05271,BK-2025-02263,2025-11-15,4,8,"Great sightings, lodge food could improve."
RV05272,BK-2025-02264,2025-09-13,4,9,"Lovely camp, a little pricey."
RV05273,BK-2025-02268,2025-11-18,5,9,Unforgettable — saw the river crossing!
RV05274,BK-2025-02270,2025-08-22,3,5,"Wildlife good, communication before trip poor."
RV05275,BK-2025-02272,2025-07-30,4,7,"Very good trip, long drives though."
RV05276,BK-2025-02274,2025-07-10,5,9,"Guide was exceptional, every detail handled."
RV05277,BK-2025-02275,2025-08-31,5,9,Best holiday of our lives.
RV05278,BK-2025-02277,2025-09-04,4,7,"Great sightings, lodge food could improve."
RV05279,BK-2025-02278,2025-08-01,3,5,Too many vehicles at sightings.
RV05280,BK-2025-02279,2025-08-12,4,8,"Lovely camp, a little pricey."
RV05281,BK-2025-02280,2025-08-19,4,7,Guide knew every bird by name.
RV05282,BK-2025-02281,2025-08-04,5,9,"Guide was exceptional, every detail handled."
RV05283,BK-2025-02282,2025-08-13,3,5,Too many vehicles at sightings.
RV05284,BK-2025-02284,2025-08-25,4,7,"Very good trip, long drives though."
RV05285,BK-2025-02286,2025-08-29,3,6,"Okay overall, vehicle was cramped."
RV05286,BK-2025-02287,2026-01-08,4,9,"Very good trip, long drives though."
RV05287,BK-2025-02288,2025-08-03,4,8,"Great sightings, lodge food could improve."
RV05288,BK-2025-02289,2025-12-10,4,9,"Lovely camp, a little pricey."
RV05289,BK-2025-02290,2025-09-01,2,5,Delayed pickup and a flat tyre.
RV05290,BK-2025-02293,2025-09-14,5,9,Unforgettable — saw the river crossing!
RV05291,BK-2025-02296,2026-01-22,5,10,Unforgettable — saw the river crossing!
RV05292,BK-2025-02299,2025-10-04,4,9,"Very good trip, long drives though."
RV05293,BK-2025-02300,2025-12-11,4,8,"Very good trip, long drives though."
RV05294,BK-2025-02302,2025-08-03,5,10,Best holiday of our lives.
RV05295,BK-2025-02304,2025-08-24,3,7,Too many vehicles at sightings.
RV05296,BK-2025-02305,2025-07-29,5,10,"Guide was exceptional, every detail handled."
RV05297,BK-2025-02311,2025-08-20,3,6,"Wildlife good, communication before trip poor."
RV05298,BK-2025-02312,2025-08-06,4,7,"Great sightings, lodge food could improve."
RV05299,BK-2025-02313,2025-07-25,4,9,Guide knew every bird by name.
RV05300,BK-2025-02314,2025-09-20,4,9,"Very good trip, long drives though."
RV05301,BK-2025-02316,2025-10-29,4,8,"Great sightings, lodge food could improve."
RV05302,BK-2025-02318,2025-10-27,5,9,Unforgettable — saw the river crossing!
RV05303,BK-2025-02319,2025-08-26,3,6,"Okay overall, vehicle was cramped."
RV05304,BK-2025-02320,2025-09-30,5,10,"Guide was exceptional, every detail handled."
RV05305,BK-2025-02321,2026-03-18,5,9,Best holiday of our lives.
RV05306,BK-2025-02323,2025-10-04,5,9,Flawless from airport pickup to farewell.
RV05307,BK-2025-02324,2025-10-12,4,9,"Lovely camp, a little pricey."
RV05308,BK-2025-02325,2026-02-08,4,9,"Very good trip, long drives though."
RV05309,BK-2025-02326,2025-08-30,3,6,"Wildlife good, communication before trip poor."
RV05310,BK-2025-02327,2025-08-16,5,10,Flawless from airport pickup to farewell.
RV05311,BK-2025-02330,2025-11-24,3,7,Too many vehicles at sightings.
RV05312,BK-2025-02331,2025-10-11,5,10,Flawless from airport pickup to farewell.
RV05313,BK-2025-02333,2025-07-23,4,9,"Lovely camp, a little pricey."
RV05314,BK-2025-02334,2025-08-14,5,9,Unforgettable — saw the river crossing!
RV05315,BK-2025-02335,2025-09-05,3,7,"Wildlife good, communication before trip poor."
RV05316,BK-2025-02336,2025-09-20,4,8,"Very good trip, long drives though."
RV05317,BK-2025-02337,2025-09-02,5,9,Flawless from airport pickup to farewell.
RV05318,BK-2025-02340,2025-08-30,5,10,Unforgettable — saw the river crossing!
RV05319,BK-2025-02345,2026-03-17,5,9,Unforgettable — saw the river crossing!
RV05320,BK-2025-02348,2025-07-26,5,10,Flawless from airport pickup to farewell.
RV05321,BK-2025-02350,2025-09-24,3,6,"Okay overall, vehicle was cramped."
RV05322,BK-2025-02352,2025-10-14,5,9,"Guide was exceptional, every detail handled."
RV05323,BK-2025-02353,2026-01-22,5,9,Unforgettable — saw the river crossing!
RV05324,BK-2025-02354,2025-09-06,4,7,Guide knew every bird by name.
RV05325,BK-2025-02355,2025-10-19,5,9,Best holiday of our lives.
RV05326,BK-2025-02356,2025-08-11,2,4,Delayed pickup and a flat tyre.
RV05327,BK-2025-02357,2025-07-14,3,7,"Wildlife good, communication before trip poor."
RV05328,BK-2025-02365,2025-11-05,4,9,"Very good trip, long drives though."
RV05329,BK-2025-02367,2025-08-30,4,7,"Great sightings, lodge food could improve."
RV05330,BK-2025-02370,2025-08-11,4,9,"Great sightings, lodge food could improve."
RV05331,BK-2025-02380,2025-08-28,4,8,"Very good trip, long drives though."
RV05332,BK-2025-02381,2025-08-24,5,9,"Guide was exceptional, every detail handled."
RV05333,BK-2025-02382,2025-07-20,5,9,Flawless from airport pickup to farewell.
RV05334,BK-2025-02383,2025-09-10,3,5,"Okay overall, vehicle was cramped."
RV05335,BK-2025-02385,2025-10-02,5,10,Unforgettable — saw the river crossing!
RV05336,BK-2025-02386,2025-07-05,5,10,"Guide was exceptional, every detail handled."
RV05337,BK-2025-02387,2025-08-27,3,6,"Okay overall, vehicle was cramped."
RV05338,BK-2025-02391,2025-10-18,4,8,Guide knew every bird by name.
RV05339,BK-2025-02392,2025-08-14,4,9,"Lovely camp, a little pricey."
RV05340,BK-2025-02393,2025-10-29,5,10,Best holiday of our lives.
RV05341,BK-2025-02394,2025-09-20,3,5,"Okay overall, vehicle was cramped."
RV05342,BK-2025-02398,2025-11-24,4,7,"Great sightings, lodge food could improve."
RV05343,BK-2025-02405,2025-11-04,4,7,"Lovely camp, a little pricey."
RV05344,BK-2025-02412,2025-09-22,3,7,"Wildlife good, communication before trip poor."
RV05345,BK-2025-02413,2025-12-28,5,10,Best holiday of our lives.
RV05346,BK-2025-02414,2025-09-04,5,9,Flawless from airport pickup to farewell.
RV05347,BK-2025-02418,2026-01-01,4,7,Guide knew every bird by name.
RV05348,BK-2025-02420,2025-11-04,4,8,"Lovely camp, a little pricey."
RV05349,BK-2025-02421,2025-07-16,3,6,"Wildlife good, communication before trip poor."
RV05350,BK-2025-02424,2025-09-10,4,7,"Very good trip, long drives though."
RV05351,BK-2025-02425,2025-08-13,5,10,Flawless from airport pickup to farewell.
RV05352,BK-2025-02428,2025-08-17,2,4,Delayed pickup and a flat tyre.
RV05353,BK-2025-02429,2025-09-07,4,9,"Great sightings, lodge food could improve."
RV05354,BK-2025-02434,2025-07-31,4,8,"Lovely camp, a little pricey."
RV05355,BK-2025-02435,2025-08-18,4,9,Guide knew every bird by name.
RV05356,BK-2025-02436,2025-08-01,3,6,"Okay overall, vehicle was cramped."
RV05357,BK-2025-02439,2025-12-31,5,10,Best holiday of our lives.
RV05358,BK-2025-02440,2025-08-08,3,7,"Okay overall, vehicle was cramped."
RV05359,BK-2025-02441,2025-08-10,4,7,"Very good trip, long drives though."
RV05360,BK-2025-02443,2026-06-07,4,7,"Great sightings, lodge food could improve."
RV05361,BK-2025-02444,2025-08-24,4,7,Guide knew every bird by name.
RV05362,BK-2025-02449,2025-10-04,5,9,"Guide was exceptional, every detail handled."
RV05363,BK-2025-02450,2026-01-25,5,10,Flawless from airport pickup to farewell.
RV05364,BK-2025-02451,2025-09-27,4,7,Guide knew every bird by name.
RV05365,BK-2025-02452,2025-09-02,3,5,"Okay overall, vehicle was cramped."
RV05366,BK-2025-02455,2026-01-18,4,8,"Very good trip, long drives though."
RV05367,BK-2025-02456,2025-07-27,3,6,Too many vehicles at sightings.
RV05368,BK-2025-02457,2025-09-24,3,6,Too many vehicles at sightings.
RV05369,BK-2025-02463,2025-09-19,5,10,"Guide was exceptional, every detail handled."
RV05370,BK-2025-02465,2025-09-25,5,9,Unforgettable — saw the river crossing!
RV05371,BK-2025-02470,2025-08-18,4,7,Guide knew every bird by name.
RV05372,BK-2025-02474,2025-12-06,5,9,"Guide was exceptional, every detail handled."
RV05373,BK-2025-02476,2025-09-05,5,10,"Guide was exceptional, every detail handled."
RV05374,BK-2025-02478,2025-08-28,4,8,"Lovely camp, a little pricey."
RV05375,BK-2025-02479,2026-01-13,4,8,Guide knew every bird by name.
RV05376,BK-2025-02482,2025-09-25,4,7,"Great sightings, lodge food could improve."
RV05377,BK-2025-02485,2026-01-07,5,10,Unforgettable — saw the river crossing!
RV05378,BK-2025-02486,2025-08-22,4,9,"Great sightings, lodge food could improve."
RV05379,BK-2025-02490,2025-07-14,4,9,"Great sightings, lodge food could improve."
RV05380,BK-2025-02494,2026-02-13,5,10,Best holiday of our lives.
RV05381,BK-2025-02495,2025-07-29,5,9,"Guide was exceptional, every detail handled."
RV05382,BK-2025-02496,2025-07-14,4,8,"Very good trip, long drives though."
RV05383,BK-2025-02498,2025-10-09,4,8,"Great sightings, lodge food could improve."
RV05384,BK-2025-02499,2025-09-16,3,6,Too many vehicles at sightings.
RV05385,BK-2025-02500,2025-08-16,4,9,Guide knew every bird by name.
RV05386,BK-2025-02501,2025-09-28,5,10,Unforgettable — saw the river crossing!
RV05387,BK-2025-02502,2026-01-16,5,10,Best holiday of our lives.
RV05388,BK-2025-02506,2025-08-08,5,10,"Guide was exceptional, every detail handled."
RV05389,BK-2025-02508,2025-09-18,3,5,"Okay overall, vehicle was cramped."
RV05390,BK-2025-02513,2026-02-18,4,7,Guide knew every bird by name.
RV05391,BK-2025-02514,2025-08-28,5,10,Flawless from airport pickup to farewell.
RV05392,BK-2025-02517,2025-11-02,5,9,Flawless from airport pickup to farewell.
RV05393,BK-2025-02519,2025-09-08,4,7,Guide knew every bird by name.
RV05394,BK-2025-02521,2025-09-02,3,7,Too many vehicles at sightings.
RV05395,BK-2025-02524,2025-08-20,3,5,Too many vehicles at sightings.
RV05396,BK-2025-02525,2025-10-29,5,9,Flawless from airport pickup to farewell.
RV05397,BK-2025-02526,2025-08-23,3,6,Too many vehicles at sightings.
RV05398,BK-2025-02527,2026-01-12,5,9,Flawless from airport pickup to farewell.
RV05399,BK-2025-02529,2025-08-27,3,7,"Wildlife good, communication before trip poor."
RV05400,BK-2025-02530,2025-08-29,3,7,Too many vehicles at sightings.
RV05401,BK-2025-02531,2025-10-01,3,7,"Okay overall, vehicle was cramped."
RV05402,BK-2025-02532,2025-12-28,4,9,"Very good trip, long drives though."
RV05403,BK-2025-02533,2025-08-24,4,9,"Great sightings, lodge food could improve."
RV05404,BK-2025-02534,2025-09-28,4,8,"Very good trip, long drives though."
RV05405,BK-2025-02536,2025-08-09,4,9,"Very good trip, long drives though."
RV05406,BK-2025-02539,2026-05-03,5,10,Flawless from airport pickup to farewell.
RV05407,BK-2025-02541,2025-07-22,4,7,"Lovely camp, a little pricey."
RV05408,BK-2025-02543,2025-10-16,3,7,"Okay overall, vehicle was cramped."
RV05409,BK-2025-02544,2025-08-14,4,8,"Very good trip, long drives though."
RV05410,BK-2025-02546,2026-04-15,5,10,Flawless from airport pickup to farewell.
RV05411,BK-2025-02548,2025-09-10,4,7,Guide knew every bird by name.
RV05412,BK-2025-02550,2025-08-16,5,10,"Guide was exceptional, every detail handled."
RV05413,BK-2025-02551,2025-08-12,4,8,"Lovely camp, a little pricey."
RV05414,BK-2025-02553,2025-08-29,4,8,"Great sightings, lodge food could improve."
RV05415,BK-2025-02554,2025-07-29,4,7,Guide knew every bird by name.
RV05416,BK-2025-02555,2025-08-05,4,7,"Very good trip, long drives though."
RV05417,BK-2025-02556,2025-10-09,3,5,"Wildlife good, communication before trip poor."
RV05418,BK-2025-02557,2025-09-14,5,9,Unforgettable — saw the river crossing!
RV05419,BK-2025-02558,2025-08-04,4,7,"Lovely camp, a little pricey."
RV05420,BK-2025-02562,2025-09-16,4,7,"Great sightings, lodge food could improve."
RV05421,BK-2025-02566,2025-09-15,4,9,"Great sightings, lodge food could improve."
RV05422,BK-2025-02567,2025-10-09,4,9,"Very good trip, long drives though."
RV05423,BK-2025-02568,2025-08-19,4,7,"Great sightings, lodge food could improve."
RV05424,BK-2025-02570,2025-08-16,3,6,"Wildlife good, communication before trip poor."
RV05425,BK-2025-02571,2025-08-10,3,5,"Wildlife good, communication before trip poor."
RV05426,BK-2025-02572,2025-10-30,5,9,"Guide was exceptional, every detail handled."
RV05427,BK-2025-02574,2025-09-11,4,8,"Very good trip, long drives though."
RV05428,BK-2025-02575,2025-09-24,4,8,"Lovely camp, a little pricey."
RV05429,BK-2025-02577,2025-10-19,4,9,"Very good trip, long drives though."
RV05430,BK-2025-02579,2025-09-17,4,9,"Lovely camp, a little pricey."
RV05431,BK-2025-02580,2025-07-30,4,9,"Great sightings, lodge food could improve."
RV05432,BK-2025-02582,2025-10-09,4,8,"Great sightings, lodge food could improve."
RV05433,BK-2025-02585,2025-09-24,5,9,Unforgettable — saw the river crossing!
RV05434,BK-2025-02588,2025-09-26,3,7,"Okay overall, vehicle was cramped."
RV05435,BK-2025-02589,2025-07-24,5,10,"Guide was exceptional, every detail handled."
RV05436,BK-2025-02591,2025-08-11,3,7,Too many vehicles at sightings.
RV05437,BK-2025-02592,2025-09-16,4,7,Guide knew every bird by name.
RV05438,BK-2025-02593,2025-09-15,4,9,"Lovely camp, a little pricey."
RV05439,BK-2025-02594,2025-08-27,3,7,Too many vehicles at sightings.
RV05440,BK-2025-02596,2025-08-19,3,7,Too many vehicles at sightings.
RV05441,BK-2025-02599,2025-09-08,4,9,Guide knew every bird by name.
RV05442,BK-2025-02602,2025-09-27,2,4,Accommodation not as advertised.
RV05443,BK-2025-02603,2025-08-20,5,9,"Guide was exceptional, every detail handled."
RV05444,BK-2025-02606,2025-10-31,4,9,"Great sightings, lodge food could improve."
RV05445,BK-2025-02608,2025-08-31,3,7,"Okay overall, vehicle was cramped."
RV05446,BK-2025-02614,2025-08-29,4,7,"Very good trip, long drives though."
RV05447,BK-2025-02617,2025-08-10,4,8,Guide knew every bird by name.
RV05448,BK-2025-02618,2025-09-20,5,10,"Guide was exceptional, every detail handled."
RV05449,BK-2025-02619,2025-08-17,3,6,Too many vehicles at sightings.
RV05450,BK-2025-02622,2026-06-17,4,9,"Very good trip, long drives though."
RV05451,BK-2025-02624,2025-08-17,3,7,"Wildlife good, communication before trip poor."
RV05452,BK-2025-02625,2025-07-26,3,5,Too many vehicles at sightings.
RV05453,BK-2025-02626,2025-09-03,5,10,Flawless from airport pickup to farewell.
RV05454,BK-2025-02627,2025-09-10,3,5,"Wildlife good, communication before trip poor."
RV05455,BK-2025-02628,2026-01-15,5,10,Unforgettable — saw the river crossing!
RV05456,BK-2025-02632,2025-08-08,5,9,Unforgettable — saw the river crossing!
RV05457,BK-2025-02633,2025-08-22,4,7,"Very good trip, long drives though."
RV05458,BK-2025-02635,2025-10-14,5,9,"Guide was exceptional, every detail handled."
RV05459,BK-2025-02639,2025-08-29,4,7,Guide knew every bird by name.
RV05460,BK-2025-02640,2025-08-05,4,8,"Great sightings, lodge food could improve."
RV05461,BK-2025-02644,2025-09-09,3,7,Too many vehicles at sightings.
RV05462,BK-2025-02647,2025-09-04,4,7,"Lovely camp, a little pricey."
RV05463,BK-2025-02650,2025-08-25,4,7,"Great sightings, lodge food could improve."
RV05464,BK-2025-02651,2025-10-12,5,10,Unforgettable — saw the river crossing!
RV05465,BK-2025-02653,2026-01-01,3,7,"Okay overall, vehicle was cramped."
RV05466,BK-2025-02655,2025-09-09,5,9,Unforgettable — saw the river crossing!
RV05467,BK-2025-02659,2025-08-17,3,5,"Okay overall, vehicle was cramped."
RV05468,BK-2025-02663,2025-08-26,4,7,"Great sightings, lodge food could improve."
RV05469,BK-2025-02665,2025-08-08,3,5,"Wildlife good, communication before trip poor."
RV05470,BK-2025-02666,2025-08-19,4,7,"Very good trip, long drives though."
RV05471,BK-2025-02671,2025-11-07,4,7,Guide knew every bird by name.
RV05472,BK-2025-02672,2025-08-04,4,9,"Great sightings, lodge food could improve."
RV05473,BK-2025-02673,2025-08-11,3,7,"Wildlife good, communication before trip poor."
RV05474,BK-2025-02675,2025-07-29,4,7,"Very good trip, long drives though."
RV05475,BK-2025-02679,2025-12-31,5,10,Flawless from airport pickup to farewell.
RV05476,BK-2025-02681,2025-08-14,4,7,"Very good trip, long drives though."
RV05477,BK-2025-02682,2025-09-30,5,9,Flawless from airport pickup to farewell.
RV05478,BK-2025-02683,2025-08-12,5,9,"Guide was exceptional, every detail handled."
RV05479,BK-2025-02684,2025-08-10,5,10,"Guide was exceptional, every detail handled."
RV05480,BK-2025-02688,2025-12-17,3,7,"Wildlife good, communication before trip poor."
RV05481,BK-2025-02692,2025-08-17,4,7,"Great sightings, lodge food could improve."
RV05482,BK-2025-02693,2025-12-21,4,9,"Very good trip, long drives though."
RV05483,BK-2025-02695,2026-04-01,5,9,"Guide was exceptional, every detail handled."
RV05484,BK-2025-02696,2025-08-15,3,5,"Wildlife good, communication before trip poor."
RV05485,BK-2025-02698,2025-09-20,4,9,"Great sightings, lodge food could improve."
RV05486,BK-2025-02700,2026-01-12,5,9,Unforgettable — saw the river crossing!
RV05487,BK-2025-02701,2025-08-05,5,9,Flawless from airport pickup to farewell.
RV05488,BK-2025-02703,2025-08-06,3,5,"Okay overall, vehicle was cramped."
RV05489,BK-2025-02704,2025-08-25,4,8,Guide knew every bird by name.
RV05490,BK-2025-02705,2026-03-05,5,10,Flawless from airport pickup to farewell.
RV05491,BK-2025-02707,2026-02-18,5,10,Best holiday of our lives.
RV05492,BK-2025-02708,2026-02-10,5,10,Flawless from airport pickup to farewell.
RV05493,BK-2025-02709,2025-09-02,5,10,Unforgettable — saw the river crossing!
RV05494,BK-2025-02710,2025-09-23,3,7,"Okay overall, vehicle was cramped."
RV05495,BK-2025-02711,2025-10-03,3,7,"Wildlife good, communication before trip poor."
RV05496,BK-2025-02715,2025-08-18,4,7,"Very good trip, long drives though."
RV05497,BK-2025-02716,2025-11-05,5,9,Unforgettable — saw the river crossing!
RV05498,BK-2025-02717,2025-08-22,4,9,Guide knew every bird by name.
RV05499,BK-2025-02720,2025-08-05,2,3,Delayed pickup and a flat tyre.
RV05500,BK-2025-02721,2025-10-01,5,9,Best holiday of our lives.
RV05501,BK-2025-02723,2025-11-07,5,9,"Guide was exceptional, every detail handled."
RV05502,BK-2025-02724,2025-08-18,3,7,"Wildlife good, communication before trip poor."
RV05503,BK-2025-02725,2025-09-04,4,7,Guide knew every bird by name.
RV05504,BK-2025-02726,2025-09-30,5,10,Flawless from airport pickup to farewell.
RV05505,BK-2025-02727,2025-10-22,4,7,"Great sightings, lodge food could improve."
RV05506,BK-2025-02728,2025-08-29,3,5,Too many vehicles at sightings.
RV05507,BK-2025-02729,2025-09-04,5,10,Best holiday of our lives.
RV05508,BK-2025-02732,2025-10-06,4,8,"Lovely camp, a little pricey."
RV05509,BK-2025-02733,2025-08-22,4,7,"Lovely camp, a little pricey."
RV05510,BK-2025-02737,2025-09-13,5,10,Best holiday of our lives.
RV05511,BK-2025-02738,2026-05-18,4,9,Guide knew every bird by name.
RV05512,BK-2025-02739,2025-09-11,4,8,Guide knew every bird by name.
RV05513,BK-2025-02740,2025-08-22,3,7,"Okay overall, vehicle was cramped."
RV05514,BK-2025-02741,2025-09-01,4,7,"Great sightings, lodge food could improve."
RV05515,BK-2025-02742,2025-08-11,3,6,Too many vehicles at sightings.
RV05516,BK-2025-02744,2025-08-26,4,8,Guide knew every bird by name.
RV05517,BK-2025-02750,2025-09-24,4,8,"Lovely camp, a little pricey."
RV05518,BK-2025-02751,2025-08-23,3,5,Too many vehicles at sightings.
RV05519,BK-2025-02752,2025-10-31,5,10,Unforgettable — saw the river crossing!
RV05520,BK-2025-02754,2025-09-24,3,6,"Okay overall, vehicle was cramped."
RV05521,BK-2025-02756,2025-10-09,4,9,"Very good trip, long drives though."
RV05522,BK-2025-02759,2025-10-02,4,7,Guide knew every bird by name.
RV05523,BK-2025-02760,2025-08-22,5,10,Unforgettable — saw the river crossing!
RV05524,BK-2025-02763,2025-10-13,3,7,Too many vehicles at sightings.
RV05525,BK-2025-02764,2025-12-02,4,7,"Lovely camp, a little pricey."
RV05526,BK-2025-02770,2025-09-17,4,8,"Great sightings, lodge food could improve."
RV05527,BK-2025-02772,2025-08-28,2,5,Delayed pickup and a flat tyre.
RV05528,BK-2025-02773,2025-09-21,2,4,Accommodation not as advertised.
RV05529,BK-2025-02774,2025-08-13,3,7,"Okay overall, vehicle was cramped."
RV05530,BK-2025-02775,2025-07-29,5,10,"Guide was exceptional, every detail handled."
RV05531,BK-2025-02776,2025-08-30,3,5,"Wildlife good, communication before trip poor."
RV05532,BK-2025-02777,2025-11-25,4,8,"Very good trip, long drives though."
RV05533,BK-2025-02778,2025-11-01,4,8,"Great sightings, lodge food could improve."
RV05534,BK-2025-02779,2025-09-14,4,7,Guide knew every bird by name.
RV05535,BK-2025-02780,2025-09-01,5,9,Flawless from airport pickup to farewell.
RV05536,BK-2025-02783,2025-09-12,4,9,Guide knew every bird by name.
RV05537,BK-2025-02784,2025-09-28,5,10,Flawless from airport pickup to farewell.
RV05538,BK-2025-02788,2025-08-21,4,8,"Very good trip, long drives though."
RV05539,BK-2025-02789,2025-10-17,5,10,"Guide was exceptional, every detail handled."
RV05540,BK-2025-02790,2026-02-28,5,10,Best holiday of our lives.
RV05541,BK-2025-02791,2025-09-12,4,7,"Great sightings, lodge food could improve."
RV05542,BK-2025-02799,2025-08-30,4,9,"Great sightings, lodge food could improve."
RV05543,BK-2025-02800,2025-09-16,4,8,"Very good trip, long drives though."
RV05544,BK-2025-02801,2025-12-13,5,9,"Guide was exceptional, every detail handled."
RV05545,BK-2025-02804,2025-09-14,3,7,"Wildlife good, communication before trip poor."
RV05546,BK-2025-02805,2025-12-04,5,9,Best holiday of our lives.
RV05547,BK-2025-02807,2025-08-15,4,8,"Lovely camp, a little pricey."
RV05548,BK-2025-02809,2025-09-25,4,9,"Lovely camp, a little pricey."
RV05549,BK-2025-02813,2025-09-14,4,9,"Very good trip, long drives though."
RV05550,BK-2025-02817,2025-09-07,3,5,"Okay overall, vehicle was cramped."
RV05551,BK-2025-02820,2025-09-15,3,7,"Wildlife good, communication before trip poor."
RV05552,BK-2025-02821,2026-03-13,4,7,"Lovely camp, a little pricey."
RV05553,BK-2025-02822,2025-09-12,4,9,Guide knew every bird by name.
RV05554,BK-2025-02824,2025-09-05,4,7,"Lovely camp, a little pricey."
RV05555,BK-2025-02825,2025-08-29,3,5,"Wildlife good, communication before trip poor."
RV05556,BK-2025-02826,2025-10-21,5,10,Flawless from airport pickup to farewell.
RV05557,BK-2025-02830,2025-08-12,3,6,"Okay overall, vehicle was cramped."
RV05558,BK-2025-02832,2025-09-29,5,10,Flawless from airport pickup to farewell.
RV05559,BK-2025-02833,2025-09-13,4,7,"Great sightings, lodge food could improve."
RV05560,BK-2025-02834,2025-08-05,4,8,"Very good trip, long drives though."
RV05561,BK-2025-02836,2025-09-14,4,9,"Lovely camp, a little pricey."
RV05562,BK-2025-02837,2025-08-31,4,7,"Great sightings, lodge food could improve."
RV05563,BK-2025-02839,2025-10-31,4,7,Guide knew every bird by name.
RV05564,BK-2025-02842,2026-02-20,5,10,Flawless from airport pickup to farewell.
RV05565,BK-2025-02843,2025-10-18,5,9,Flawless from airport pickup to farewell.
RV05566,BK-2025-02847,2025-08-29,5,10,"Guide was exceptional, every detail handled."
RV05567,BK-2025-02848,2025-09-05,3,7,"Okay overall, vehicle was cramped."
RV05568,BK-2025-02849,2025-08-25,4,8,"Very good trip, long drives though."
RV05569,BK-2025-02852,2025-11-04,4,7,"Very good trip, long drives though."
RV05570,BK-2025-02854,2025-10-21,3,7,"Wildlife good, communication before trip poor."
RV05571,BK-2025-02855,2025-10-29,4,7,"Great sightings, lodge food could improve."
RV05572,BK-2025-02856,2025-10-08,5,9,Flawless from airport pickup to farewell.
RV05573,BK-2025-02857,2025-09-08,2,6,Delayed pickup and a flat tyre.
RV05574,BK-2025-02859,2025-10-02,4,9,"Lovely camp, a little pricey."
RV05575,BK-2025-02860,2025-09-14,4,8,"Lovely camp, a little pricey."
RV05576,BK-2025-02861,2025-09-01,2,6,Accommodation not as advertised.
RV05577,BK-2025-02862,2025-09-04,3,7,Too many vehicles at sightings.
RV05578,BK-2025-02863,2025-09-24,3,7,"Wildlife good, communication before trip poor."
RV05579,BK-2025-02865,2025-10-01,3,7,"Wildlife good, communication before trip poor."
RV05580,BK-2025-02867,2026-01-24,3,7,"Okay overall, vehicle was cramped."
RV05581,BK-2025-02868,2025-10-05,3,5,Too many vehicles at sightings.
RV05582,BK-2025-02870,2026-02-08,4,8,"Great sightings, lodge food could improve."
RV05583,BK-2025-02871,2025-10-14,4,8,"Very good trip, long drives though."
RV05584,BK-2025-02874,2025-12-22,4,7,"Very good trip, long drives though."
RV05585,BK-2025-02878,2025-09-24,3,7,Too many vehicles at sightings.
RV05586,BK-2025-02881,2025-08-24,4,9,"Great sightings, lodge food could improve."
RV05587,BK-2025-02885,2025-09-03,5,9,Unforgettable — saw the river crossing!
RV05588,BK-2025-02887,2025-09-25,5,10,"Guide was exceptional, every detail handled."
RV05589,BK-2025-02891,2025-10-07,4,7,"Great sightings, lodge food could improve."
RV05590,BK-2025-02895,2025-10-14,5,9,"Guide was exceptional, every detail handled."
RV05591,BK-2025-02898,2025-10-09,5,10,"Guide was exceptional, every detail handled."
RV05592,BK-2025-02899,2025-09-16,4,9,"Very good trip, long drives though."
RV05593,BK-2025-02903,2025-08-18,4,7,Guide knew every bird by name.
RV05594,BK-2025-02904,2025-09-16,5,10,"Guide was exceptional, every detail handled."
RV05595,BK-2025-02906,2025-09-04,4,8,"Very good trip, long drives though."
RV05596,BK-2025-02909,2025-09-28,3,5,"Wildlife good, communication before trip poor."
RV05597,BK-2025-02910,2025-11-05,5,10,"Guide was exceptional, every detail handled."
RV05598,BK-2025-02915,2025-11-21,5,9,Best holiday of our lives.
RV05599,BK-2025-02916,2026-01-01,5,9,"Guide was exceptional, every detail handled."
RV05600,BK-2025-02917,2025-10-03,4,9,"Lovely camp, a little pricey."
RV05601,BK-2025-02920,2025-10-11,4,9,Guide knew every bird by name.
RV05602,BK-2025-02922,2025-09-22,4,8,"Great sightings, lodge food could improve."
RV05603,BK-2025-02923,2025-09-07,4,9,Guide knew every bird by name.
RV05604,BK-2025-02925,2025-08-20,2,4,Delayed pickup and a flat tyre.
RV05605,BK-2025-02926,2025-09-03,5,9,"Guide was exceptional, every detail handled."
RV05606,BK-2025-02927,2025-10-24,4,7,Guide knew every bird by name.
RV05607,BK-2025-02928,2025-08-31,4,7,"Very good trip, long drives though."
RV05608,BK-2025-02929,2025-09-21,4,8,"Very good trip, long drives though."
RV05609,BK-2025-02930,2025-10-29,5,9,Unforgettable — saw the river crossing!
RV05610,BK-2025-02931,2025-08-23,4,9,"Lovely camp, a little pricey."
RV05611,BK-2025-02933,2025-10-13,3,6,Too many vehicles at sightings.
RV05612,BK-2025-02934,2026-02-20,5,10,"Guide was exceptional, every detail handled."
RV05613,BK-2025-02935,2025-08-28,4,7,"Great sightings, lodge food could improve."
RV05614,BK-2025-02941,2026-01-01,5,10,Flawless from airport pickup to farewell.
RV05615,BK-2025-02942,2025-10-20,4,9,"Lovely camp, a little pricey."
RV05616,BK-2025-02944,2026-01-06,5,9,Best holiday of our lives.
RV05617,BK-2025-02947,2025-09-12,5,9,Flawless from airport pickup to farewell.
RV05618,BK-2025-02949,2025-10-14,3,7,"Wildlife good, communication before trip poor."
RV05619,BK-2025-02950,2025-10-30,4,9,"Great sightings, lodge food could improve."
RV05620,BK-2025-02952,2025-09-13,3,6,Too many vehicles at sightings.
RV05621,BK-2025-02953,2025-12-05,4,7,Guide knew every bird by name.
RV05622,BK-2025-02955,2026-04-23,4,9,"Great sightings, lodge food could improve."
RV05623,BK-2025-02956,2025-09-27,4,7,"Lovely camp, a little pricey."
RV05624,BK-2025-02958,2025-09-25,5,10,Flawless from airport pickup to farewell.
RV05625,BK-2025-02959,2026-02-22,4,7,"Lovely camp, a little pricey."
RV05626,BK-2025-02961,2025-11-11,5,9,"Guide was exceptional, every detail handled."
RV05627,BK-2025-02963,2025-09-09,3,6,Too many vehicles at sightings.
RV05628,BK-2025-02964,2025-09-27,5,10,Best holiday of our lives.
RV05629,BK-2025-02966,2025-09-12,4,7,"Lovely camp, a little pricey."
RV05630,BK-2025-02970,2025-10-23,4,9,"Lovely camp, a little pricey."
RV05631,BK-2025-02972,2025-09-24,5,9,Flawless from airport pickup to farewell.
RV05632,BK-2025-02973,2025-09-04,4,8,"Great sightings, lodge food could improve."
RV05633,BK-2025-02975,2025-08-26,5,10,Best holiday of our lives.
RV05634,BK-2025-02977,2026-01-03,5,9,Unforgettable — saw the river crossing!
RV05635,BK-2025-02980,2025-09-22,3,5,"Okay overall, vehicle was cramped."
RV05636,BK-2025-02982,2026-04-13,5,9,Best holiday of our lives.
RV05637,BK-2025-02984,2025-12-06,5,9,"Guide was exceptional, every detail handled."
RV05638,BK-2025-02987,2025-09-20,4,7,"Great sightings, lodge food could improve."
RV05639,BK-2025-02988,2026-03-25,3,5,"Wildlife good, communication before trip poor."
RV05640,BK-2025-02991,2025-09-03,4,8,"Great sightings, lodge food could improve."
RV05641,BK-2025-02994,2025-12-11,3,5,"Okay overall, vehicle was cramped."
RV05642,BK-2025-02996,2025-09-21,3,7,"Wildlife good, communication before trip poor."
RV05643,BK-2025-02997,2025-09-29,3,6,"Wildlife good, communication before trip poor."
RV05644,BK-2025-02998,2025-09-23,5,9,Flawless from airport pickup to farewell.
RV05645,BK-2025-02999,2025-09-14,5,10,Unforgettable — saw the river crossing!
RV05646,BK-2025-03000,2025-09-13,3,5,"Wildlife good, communication before trip poor."
RV05647,BK-2025-03001,2025-08-26,3,6,"Okay overall, vehicle was cramped."
RV05648,BK-2025-03008,2025-11-01,5,10,Unforgettable — saw the river crossing!
RV05649,BK-2025-03014,2025-10-14,4,9,Guide knew every bird by name.
RV05650,BK-2025-03016,2025-09-27,4,9,"Great sightings, lodge food could improve."
RV05651,BK-2025-03020,2025-11-12,4,8,"Great sightings, lodge food could improve."
RV05652,BK-2025-03021,2025-09-23,4,7,"Very good trip, long drives though."
RV05653,BK-2025-03022,2025-10-21,5,9,"Guide was exceptional, every detail handled."
RV05654,BK-2025-03027,2025-10-04,1,3,Poor organisation from start to finish.
RV05655,BK-2025-03028,2025-09-08,3,6,"Wildlife good, communication before trip poor."
RV05656,BK-2025-03031,2025-11-27,4,9,Guide knew every bird by name.
RV05657,BK-2025-03033,2026-01-22,4,9,"Great sightings, lodge food could improve."
RV05658,BK-2025-03037,2025-09-08,4,8,"Great sightings, lodge food could improve."
RV05659,BK-2025-03038,2025-10-17,4,8,"Lovely camp, a little pricey."
RV05660,BK-2025-03043,2025-10-10,3,6,Too many vehicles at sightings.
RV05661,BK-2025-03045,2025-08-24,5,10,Best holiday of our lives.
RV05662,BK-2025-03046,2025-10-14,5,10,Unforgettable — saw the river crossing!
RV05663,BK-2025-03049,2025-09-02,4,8,"Great sightings, lodge food could improve."
RV05664,BK-2025-03050,2025-10-10,3,5,"Wildlife good, communication before trip poor."
RV05665,BK-2025-03052,2025-09-27,5,9,Best holiday of our lives.
RV05666,BK-2025-03053,2025-10-23,3,7,"Wildlife good, communication before trip poor."
RV05667,BK-2025-03054,2025-10-22,4,7,"Great sightings, lodge food could improve."
RV05668,BK-2025-03055,2025-09-19,4,9,"Very good trip, long drives though."
RV05669,BK-2025-03056,2025-09-08,3,6,"Wildlife good, communication before trip poor."
RV05670,BK-2025-03057,2025-10-04,5,9,Flawless from airport pickup to farewell.
RV05671,BK-2025-03058,2026-02-01,5,9,Best holiday of our lives.
RV05672,BK-2025-03059,2025-09-29,4,7,"Very good trip, long drives though."
RV05673,BK-2025-03061,2025-09-12,5,9,Best holiday of our lives.
RV05674,BK-2025-03062,2025-08-25,4,9,"Great sightings, lodge food could improve."
RV05675,BK-2025-03066,2025-09-06,4,9,"Great sightings, lodge food could improve."
RV05676,BK-2025-03067,2025-10-24,3,6,"Okay overall, vehicle was cramped."
RV05677,BK-2025-03068,2025-09-07,4,9,"Great sightings, lodge food could improve."
RV05678,BK-2025-03070,2026-01-07,5,9,"Guide was exceptional, every detail handled."
RV05679,BK-2025-03071,2025-10-16,4,8,"Great sightings, lodge food could improve."
RV05680,BK-2025-03073,2025-10-07,4,8,Guide knew every bird by name.
RV05681,BK-2025-03075,2025-09-11,3,5,"Okay overall, vehicle was cramped."
RV05682,BK-2025-03077,2025-09-24,4,9,"Great sightings, lodge food could improve."
RV05683,BK-2025-03078,2026-03-05,4,8,Guide knew every bird by name.
RV05684,BK-2025-03080,2025-09-26,3,5,Too many vehicles at sightings.
RV05685,BK-2025-03081,2026-02-03,3,5,Too many vehicles at sightings.
RV05686,BK-2025-03082,2025-08-31,4,8,"Great sightings, lodge food could improve."
RV05687,BK-2025-03083,2025-08-29,5,10,Best holiday of our lives.
RV05688,BK-2025-03084,2025-10-02,4,7,"Very good trip, long drives though."
RV05689,BK-2025-03086,2025-09-27,5,10,"Guide was exceptional, every detail handled."
RV05690,BK-2025-03087,2025-12-25,4,9,Guide knew every bird by name.
RV05691,BK-2025-03088,2025-08-26,5,10,"Guide was exceptional, every detail handled."
RV05692,BK-2025-03089,2025-09-05,4,7,"Lovely camp, a little pricey."
RV05693,BK-2025-03094,2025-08-28,2,4,Delayed pickup and a flat tyre.
RV05694,BK-2025-03096,2025-09-30,4,9,Guide knew every bird by name.
RV05695,BK-2025-03098,2025-10-08,5,10,Unforgettable — saw the river crossing!
RV05696,BK-2025-03099,2025-08-31,4,9,"Lovely camp, a little pricey."
RV05697,BK-2025-03101,2026-01-26,4,7,Guide knew every bird by name.
RV05698,BK-2025-03102,2025-09-07,4,7,Guide knew every bird by name.
RV05699,BK-2025-03103,2026-03-17,3,7,"Wildlife good, communication before trip poor."
RV05700,BK-2025-03106,2025-10-08,5,10,"Guide was exceptional, every detail handled."
RV05701,BK-2025-03107,2025-10-30,4,9,"Lovely camp, a little pricey."
RV05702,BK-2025-03113,2025-09-17,4,7,"Lovely camp, a little pricey."
RV05703,BK-2025-03116,2025-08-24,5,9,Unforgettable — saw the river crossing!
RV05704,BK-2025-03117,2025-11-18,5,9,Unforgettable — saw the river crossing!
RV05705,BK-2025-03120,2025-09-05,3,5,"Okay overall, vehicle was cramped."
RV05706,BK-2025-03123,2025-10-01,4,7,"Lovely camp, a little pricey."
RV05707,BK-2025-03124,2025-09-06,3,6,"Wildlife good, communication before trip poor."
RV05708,BK-2025-03126,2025-09-19,4,9,"Lovely camp, a little pricey."
RV05709,BK-2025-03129,2026-01-11,4,7,"Lovely camp, a little pricey."
RV05710,BK-2025-03130,2026-03-26,4,7,"Great sightings, lodge food could improve."
RV05711,BK-2025-03132,2025-11-16,4,9,"Great sightings, lodge food could improve."
RV05712,BK-2025-03136,2025-10-06,3,7,"Okay overall, vehicle was cramped."
RV05713,BK-2025-03137,2026-01-29,4,8,"Great sightings, lodge food could improve."
RV05714,BK-2025-03138,2026-02-16,4,7,"Great sightings, lodge food could improve."
RV05715,BK-2025-03140,2025-10-09,5,9,Flawless from airport pickup to farewell.
RV05716,BK-2025-03142,2025-10-15,5,9,Unforgettable — saw the river crossing!
RV05717,BK-2025-03144,2026-01-04,4,9,"Very good trip, long drives though."
RV05718,BK-2025-03146,2025-09-23,4,8,"Lovely camp, a little pricey."
RV05719,BK-2025-03148,2025-09-10,4,7,Guide knew every bird by name.
RV05720,BK-2025-03149,2025-09-14,4,9,"Great sightings, lodge food could improve."
RV05721,BK-2025-03151,2025-10-16,4,7,"Lovely camp, a little pricey."
RV05722,BK-2025-03153,2025-08-28,4,7,Guide knew every bird by name.
RV05723,BK-2025-03154,2026-01-12,5,9,Best holiday of our lives.
RV05724,BK-2025-03157,2025-09-19,5,9,Unforgettable — saw the river crossing!
RV05725,BK-2025-03160,2025-09-22,4,9,"Great sightings, lodge food could improve."
RV05726,BK-2025-03161,2025-08-30,3,6,"Okay overall, vehicle was cramped."
RV05727,BK-2025-03162,2026-04-03,4,8,"Lovely camp, a little pricey."
RV05728,BK-2025-03163,2025-09-08,4,8,"Great sightings, lodge food could improve."
RV05729,BK-2025-03164,2025-12-12,4,7,"Great sightings, lodge food could improve."
RV05730,BK-2025-03165,2025-09-25,3,5,"Okay overall, vehicle was cramped."
RV05731,BK-2025-03166,2025-09-01,3,5,Too many vehicles at sightings.
RV05732,BK-2025-03167,2025-09-03,2,6,Accommodation not as advertised.
RV05733,BK-2025-03169,2025-10-08,3,5,Too many vehicles at sightings.
RV05734,BK-2025-03170,2026-03-03,4,8,Guide knew every bird by name.
RV05735,BK-2025-03171,2025-09-09,4,7,"Great sightings, lodge food could improve."
RV05736,BK-2025-03172,2025-09-11,3,5,"Okay overall, vehicle was cramped."
RV05737,BK-2025-03178,2025-08-27,3,5,"Okay overall, vehicle was cramped."
RV05738,BK-2025-03180,2025-09-21,4,9,"Very good trip, long drives though."
RV05739,BK-2025-03181,2025-09-22,3,5,"Wildlife good, communication before trip poor."
RV05740,BK-2025-03183,2025-10-04,3,7,"Wildlife good, communication before trip poor."
RV05741,BK-2025-03184,2025-09-09,2,4,Delayed pickup and a flat tyre.
RV05742,BK-2025-03186,2026-01-14,5,10,Best holiday of our lives.
RV05743,BK-2025-03189,2025-10-14,4,7,"Lovely camp, a little pricey."
RV05744,BK-2025-03193,2025-10-05,5,9,"Guide was exceptional, every detail handled."
RV05745,BK-2025-03194,2026-02-16,5,10,"Guide was exceptional, every detail handled."
RV05746,BK-2025-03197,2026-01-26,4,8,"Very good trip, long drives though."
RV05747,BK-2025-03201,2025-09-30,4,7,"Very good trip, long drives though."
RV05748,BK-2025-03204,2025-09-20,3,6,"Wildlife good, communication before trip poor."
RV05749,BK-2025-03205,2025-09-08,2,6,Delayed pickup and a flat tyre.
RV05750,BK-2025-03207,2025-10-20,5,9,Flawless from airport pickup to farewell.
RV05751,BK-2025-03208,2026-05-27,5,9,Flawless from airport pickup to farewell.
RV05752,BK-2025-03211,2025-09-02,3,6,"Okay overall, vehicle was cramped."
RV05753,BK-2025-03213,2025-10-14,4,9,"Very good trip, long drives though."
RV05754,BK-2025-03214,2026-01-24,4,9,"Very good trip, long drives though."
RV05755,BK-2025-03217,2025-09-05,4,7,"Great sightings, lodge food could improve."
RV05756,BK-2025-03218,2025-10-12,4,7,Guide knew every bird by name.
RV05757,BK-2025-03219,2025-09-23,3,7,"Okay overall, vehicle was cramped."
RV05758,BK-2025-03222,2025-10-16,2,5,Delayed pickup and a flat tyre.
RV05759,BK-2025-03223,2025-12-09,4,7,"Great sightings, lodge food could improve."
RV05760,BK-2025-03225,2026-04-29,4,8,"Great sightings, lodge food could improve."
RV05761,BK-2025-03226,2025-09-15,5,9,Flawless from airport pickup to farewell.
RV05762,BK-2025-03229,2025-09-06,3,6,"Okay overall, vehicle was cramped."
RV05763,BK-2025-03231,2025-12-31,5,10,"Guide was exceptional, every detail handled."
RV05764,BK-2025-03233,2026-02-14,4,8,"Very good trip, long drives though."
RV05765,BK-2025-03238,2025-09-02,3,5,"Wildlife good, communication before trip poor."
RV05766,BK-2025-03241,2025-09-15,4,8,"Lovely camp, a little pricey."
RV05767,BK-2025-03243,2025-09-28,4,9,"Lovely camp, a little pricey."
RV05768,BK-2025-03247,2025-10-16,5,9,Best holiday of our lives.
RV05769,BK-2025-03253,2025-08-30,4,9,"Great sightings, lodge food could improve."
RV05770,BK-2025-03254,2025-09-20,4,8,"Lovely camp, a little pricey."
RV05771,BK-2025-03257,2025-09-19,3,7,Too many vehicles at sightings.
RV05772,BK-2025-03258,2025-12-13,5,10,Flawless from airport pickup to farewell.
RV05773,BK-2025-03263,2025-08-31,4,9,"Lovely camp, a little pricey."
RV05774,BK-2025-03267,2025-11-23,4,7,"Lovely camp, a little pricey."
RV05775,BK-2025-03268,2025-12-06,5,9,Unforgettable — saw the river crossing!
RV05776,BK-2025-03273,2025-10-03,4,8,Guide knew every bird by name.
RV05777,BK-2025-03274,2025-09-12,4,7,"Very good trip, long drives though."
RV05778,BK-2025-03276,2026-01-12,4,9,"Very good trip, long drives though."
RV05779,BK-2025-03279,2025-10-04,4,8,"Lovely camp, a little pricey."
RV05780,BK-2025-03284,2026-04-08,3,6,"Okay overall, vehicle was cramped."
RV05781,BK-2025-03285,2025-10-03,4,9,"Very good trip, long drives though."
RV05782,BK-2025-03286,2025-10-09,5,10,Unforgettable — saw the river crossing!
RV05783,BK-2025-03287,2025-09-26,2,4,Delayed pickup and a flat tyre.
RV05784,BK-2025-03289,2025-09-25,5,9,Unforgettable — saw the river crossing!
RV05785,BK-2025-03290,2025-12-03,4,7,"Lovely camp, a little pricey."
RV05786,BK-2025-03294,2025-09-04,5,9,Unforgettable — saw the river crossing!
RV05787,BK-2025-03296,2026-01-06,4,8,"Great sightings, lodge food could improve."
RV05788,BK-2025-03297,2025-09-03,5,9,"Guide was exceptional, every detail handled."
RV05789,BK-2025-03301,2025-11-27,5,10,Best holiday of our lives.
RV05790,BK-2025-03302,2025-10-04,4,9,"Great sightings, lodge food could improve."
RV05791,BK-2025-03306,2025-10-01,4,8,"Very good trip, long drives though."
RV05792,BK-2025-03309,2025-10-01,4,9,"Great sightings, lodge food could improve."
RV05793,BK-2025-03311,2025-10-07,5,9,Best holiday of our lives.
RV05794,BK-2025-03313,2025-09-22,4,8,"Very good trip, long drives though."
RV05795,BK-2025-03315,2025-09-27,4,8,"Lovely camp, a little pricey."
RV05796,BK-2025-03317,2025-11-06,4,8,Guide knew every bird by name.
RV05797,BK-2025-03318,2025-10-01,5,10,"Guide was exceptional, every detail handled."
RV05798,BK-2025-03321,2025-10-12,4,9,"Great sightings, lodge food could improve."
RV05799,BK-2025-03322,2025-09-25,4,9,"Lovely camp, a little pricey."
RV05800,BK-2025-03323,2026-06-28,4,7,"Very good trip, long drives though."
RV05801,BK-2025-03327,2025-12-30,5,10,"Guide was exceptional, every detail handled."
RV05802,BK-2025-03329,2025-12-22,4,8,Guide knew every bird by name.
RV05803,BK-2025-03330,2025-09-27,4,8,Guide knew every bird by name.
RV05804,BK-2025-03334,2026-04-25,5,9,Best holiday of our lives.
RV05805,BK-2025-03335,2026-06-13,5,9,Flawless from airport pickup to farewell.
RV05806,BK-2025-03337,2025-09-07,4,8,Guide knew every bird by name.
RV05807,BK-2025-03338,2025-10-18,5,10,Unforgettable — saw the river crossing!
RV05808,BK-2025-03340,2026-02-07,5,9,"Guide was exceptional, every detail handled."
RV05809,BK-2025-03342,2025-10-17,5,9,Unforgettable — saw the river crossing!
RV05810,BK-2025-03344,2025-09-10,4,9,"Lovely camp, a little pricey."
RV05811,BK-2025-03345,2026-01-14,4,8,"Very good trip, long drives though."
RV05812,BK-2025-03346,2026-02-21,5,9,Unforgettable — saw the river crossing!
RV05813,BK-2025-03348,2026-03-05,3,7,"Wildlife good, communication before trip poor."
RV05814,BK-2025-03349,2025-09-01,3,7,"Wildlife good, communication before trip poor."
RV05815,BK-2025-03352,2025-09-19,5,9,Unforgettable — saw the river crossing!
RV05816,BK-2025-03353,2025-11-17,4,7,"Great sightings, lodge food could improve."
RV05817,BK-2025-03361,2025-11-02,4,8,Guide knew every bird by name.
RV05818,BK-2025-03363,2025-11-13,3,7,"Wildlife good, communication before trip poor."
RV05819,BK-2025-03365,2025-09-17,4,9,"Great sightings, lodge food could improve."
RV05820,BK-2025-03366,2025-10-24,4,9,"Very good trip, long drives though."
RV05821,BK-2025-03369,2025-09-14,5,9,Unforgettable — saw the river crossing!
RV05822,BK-2025-03370,2025-11-21,4,9,"Lovely camp, a little pricey."
RV05823,BK-2025-03373,2025-10-08,5,9,Best holiday of our lives.
RV05824,BK-2025-03375,2026-03-10,4,8,"Great sightings, lodge food could improve."
RV05825,BK-2025-03376,2025-10-20,4,7,"Very good trip, long drives though."
RV05826,BK-2025-03380,2025-09-12,4,9,"Lovely camp, a little pricey."
RV05827,BK-2025-03381,2025-10-03,5,9,Unforgettable — saw the river crossing!
RV05828,BK-2025-03384,2025-09-27,4,7,"Great sightings, lodge food could improve."
RV05829,BK-2025-03386,2025-09-18,4,8,"Lovely camp, a little pricey."
RV05830,BK-2025-03392,2025-09-14,4,9,"Very good trip, long drives though."
RV05831,BK-2025-03395,2025-12-14,3,6,"Okay overall, vehicle was cramped."
RV05832,BK-2025-03396,2026-01-26,5,10,Best holiday of our lives.
RV05833,BK-2025-03399,2025-10-31,5,10,Flawless from airport pickup to farewell.
RV05834,BK-2025-03401,2025-09-27,5,9,Best holiday of our lives.
RV05835,BK-2025-03404,2025-10-10,4,8,"Lovely camp, a little pricey."
RV05836,BK-2025-03405,2025-12-17,3,6,Too many vehicles at sightings.
RV05837,BK-2025-03408,2025-12-01,5,9,Flawless from airport pickup to farewell.
RV05838,BK-2025-03411,2025-11-22,4,8,"Great sightings, lodge food could improve."
RV05839,BK-2025-03412,2025-10-08,4,7,"Very good trip, long drives though."
RV05840,BK-2025-03415,2025-09-19,5,10,Unforgettable — saw the river crossing!
RV05841,BK-2025-03416,2025-11-10,5,10,Flawless from airport pickup to farewell.
RV05842,BK-2025-03417,2025-11-29,5,10,Unforgettable — saw the river crossing!
RV05843,BK-2025-03419,2025-11-07,5,10,Best holiday of our lives.
RV05844,BK-2025-03420,2026-02-28,5,9,Flawless from airport pickup to farewell.
RV05845,BK-2025-03421,2025-11-02,5,10,"Guide was exceptional, every detail handled."
RV05846,BK-2025-03424,2025-12-17,5,9,Flawless from airport pickup to farewell.
RV05847,BK-2025-03426,2025-09-16,4,7,"Very good trip, long drives though."
RV05848,BK-2025-03427,2025-10-17,3,7,Too many vehicles at sightings.
RV05849,BK-2025-03428,2025-09-30,5,9,"Guide was exceptional, every detail handled."
RV05850,BK-2025-03430,2025-09-12,4,8,"Great sightings, lodge food could improve."
RV05851,BK-2025-03431,2025-09-11,3,6,"Okay overall, vehicle was cramped."
RV05852,BK-2025-03433,2026-03-04,3,6,"Wildlife good, communication before trip poor."
RV05853,BK-2025-03434,2025-10-21,4,9,"Very good trip, long drives though."
RV05854,BK-2025-03435,2025-10-30,4,7,"Great sightings, lodge food could improve."
RV05855,BK-2025-03436,2026-05-29,2,6,Accommodation not as advertised.
RV05856,BK-2025-03437,2025-09-23,5,10,"Guide was exceptional, every detail handled."
RV05857,BK-2025-03440,2026-02-12,4,8,"Lovely camp, a little pricey."
RV05858,BK-2025-03441,2025-09-08,4,7,"Very good trip, long drives though."
RV05859,BK-2025-03445,2025-09-28,3,5,Too many vehicles at sightings.
RV05860,BK-2025-03446,2025-11-02,4,9,Guide knew every bird by name.
RV05861,BK-2025-03447,2026-02-11,5,10,Best holiday of our lives.
RV05862,BK-2025-03448,2025-09-26,5,10,Flawless from airport pickup to farewell.
RV05863,BK-2025-03449,2025-10-03,3,7,"Okay overall, vehicle was cramped."
RV05864,BK-2025-03452,2026-01-23,4,8,Guide knew every bird by name.
RV05865,BK-2025-03457,2026-01-21,4,8,"Very good trip, long drives though."
RV05866,BK-2025-03458,2026-03-14,5,9,Flawless from airport pickup to farewell.
RV05867,BK-2025-03459,2025-09-19,3,7,Too many vehicles at sightings.
RV05868,BK-2025-03460,2026-02-19,5,9,Best holiday of our lives.
RV05869,BK-2025-03461,2025-10-28,4,9,"Lovely camp, a little pricey."
RV05870,BK-2025-03462,2025-10-17,3,6,Too many vehicles at sightings.
RV05871,BK-2025-03463,2026-04-19,5,9,"Guide was exceptional, every detail handled."
RV05872,BK-2025-03466,2026-01-01,5,10,Best holiday of our lives.
RV05873,BK-2025-03468,2025-11-20,5,9,Flawless from airport pickup to farewell.
RV05874,BK-2025-03473,2025-10-13,4,7,"Lovely camp, a little pricey."
RV05875,BK-2025-03475,2025-09-19,4,8,"Great sightings, lodge food could improve."
RV05876,BK-2025-03476,2025-11-21,5,9,Flawless from airport pickup to farewell.
RV05877,BK-2025-03477,2025-10-03,4,8,"Very good trip, long drives though."
RV05878,BK-2025-03478,2025-12-17,5,10,Best holiday of our lives.
RV05879,BK-2025-03480,2026-02-05,4,9,"Great sightings, lodge food could improve."
RV05880,BK-2025-03482,2026-02-17,4,7,"Great sightings, lodge food could improve."
RV05881,BK-2025-03483,2026-01-28,5,10,Unforgettable — saw the river crossing!
RV05882,BK-2025-03484,2025-12-18,4,7,"Lovely camp, a little pricey."
RV05883,BK-2025-03485,2025-10-02,5,9,Best holiday of our lives.
RV05884,BK-2025-03487,2025-11-09,5,9,Flawless from airport pickup to farewell.
RV05885,BK-2025-03488,2025-10-21,4,8,"Lovely camp, a little pricey."
RV05886,BK-2025-03489,2025-09-27,2,3,Accommodation not as advertised.
RV05887,BK-2025-03490,2025-09-13,2,5,Delayed pickup and a flat tyre.
RV05888,BK-2025-03491,2025-09-21,3,6,Too many vehicles at sightings.
RV05889,BK-2025-03492,2025-10-26,3,5,Too many vehicles at sightings.
RV05890,BK-2025-03493,2025-10-27,2,6,Delayed pickup and a flat tyre.
RV05891,BK-2025-03496,2025-09-15,4,7,"Very good trip, long drives though."
RV05892,BK-2025-03498,2025-12-31,5,9,Best holiday of our lives.
RV05893,BK-2025-03499,2025-10-12,3,5,Too many vehicles at sightings.
RV05894,BK-2025-03505,2026-02-18,5,10,Best holiday of our lives.
RV05895,BK-2025-03506,2025-12-13,4,8,Guide knew every bird by name.
RV05896,BK-2025-03510,2025-10-01,3,6,"Wildlife good, communication before trip poor."
RV05897,BK-2025-03518,2025-10-29,3,6,Too many vehicles at sightings.
RV05898,BK-2025-03519,2025-12-11,4,8,"Lovely camp, a little pricey."
RV05899,BK-2025-03520,2025-09-15,4,9,"Lovely camp, a little pricey."
RV05900,BK-2025-03524,2025-10-02,4,8,Guide knew every bird by name.
RV05901,BK-2025-03527,2025-11-03,4,8,Guide knew every bird by name.
RV05902,BK-2025-03528,2026-03-06,4,9,"Very good trip, long drives though."
RV05903,BK-2025-03530,2025-10-13,5,10,Unforgettable — saw the river crossing!
RV05904,BK-2025-03531,2025-12-09,4,9,"Great sightings, lodge food could improve."
RV05905,BK-2025-03533,2025-11-13,4,8,"Very good trip, long drives though."
RV05906,BK-2025-03535,2025-10-07,4,9,"Great sightings, lodge food could improve."
RV05907,BK-2025-03540,2025-11-25,4,8,Guide knew every bird by name.
RV05908,BK-2025-03542,2026-03-13,4,7,Guide knew every bird by name.
RV05909,BK-2025-03544,2025-12-09,5,10,"Guide was exceptional, every detail handled."
RV05910,BK-2025-03545,2026-04-16,4,7,"Very good trip, long drives though."
RV05911,BK-2025-03547,2025-10-17,4,9,"Great sightings, lodge food could improve."
RV05912,BK-2025-03548,2025-12-20,4,8,"Great sightings, lodge food could improve."
RV05913,BK-2025-03551,2025-11-13,4,9,"Lovely camp, a little pricey."
RV05914,BK-2025-03552,2025-11-17,4,9,"Lovely camp, a little pricey."
RV05915,BK-2025-03553,2025-10-01,5,9,"Guide was exceptional, every detail handled."
RV05916,BK-2025-03557,2025-10-24,4,7,"Great sightings, lodge food could improve."
RV05917,BK-2025-03558,2026-05-15,5,10,Flawless from airport pickup to farewell.
RV05918,BK-2025-03562,2025-09-30,3,6,Too many vehicles at sightings.
RV05919,BK-2025-03563,2025-10-14,4,8,"Very good trip, long drives though."
RV05920,BK-2025-03565,2025-09-18,3,6,"Okay overall, vehicle was cramped."
RV05921,BK-2025-03568,2025-10-29,3,6,"Wildlife good, communication before trip poor."
RV05922,BK-2025-03569,2025-09-18,3,7,"Wildlife good, communication before trip poor."
RV05923,BK-2025-03571,2026-02-03,5,10,Flawless from airport pickup to farewell.
RV05924,BK-2025-03573,2025-10-28,3,6,"Okay overall, vehicle was cramped."
RV05925,BK-2025-03574,2025-10-11,5,10,Unforgettable — saw the river crossing!
RV05926,BK-2025-03575,2025-10-01,4,7,Guide knew every bird by name.
RV05927,BK-2025-03580,2026-02-24,4,8,Guide knew every bird by name.
RV05928,BK-2025-03581,2025-10-14,4,9,Guide knew every bird by name.
RV05929,BK-2025-03582,2026-05-02,4,7,"Great sightings, lodge food could improve."
RV05930,BK-2025-03584,2025-09-23,4,9,"Lovely camp, a little pricey."
RV05931,BK-2025-03585,2025-10-23,5,10,"Guide was exceptional, every detail handled."
RV05932,BK-2025-03586,2025-10-27,4,9,"Great sightings, lodge food could improve."
RV05933,BK-2025-03589,2026-02-04,5,10,Unforgettable — saw the river crossing!
RV05934,BK-2025-03590,2025-10-25,4,9,"Lovely camp, a little pricey."
RV05935,BK-2025-03591,2026-02-03,4,7,Guide knew every bird by name.
RV05936,BK-2025-03593,2026-01-09,5,10,Unforgettable — saw the river crossing!
RV05937,BK-2025-03595,2026-05-03,5,9,"Guide was exceptional, every detail handled."
RV05938,BK-2025-03600,2025-10-23,5,10,"Guide was exceptional, every detail handled."
RV05939,BK-2025-03601,2026-01-15,4,7,"Lovely camp, a little pricey."
RV05940,BK-2025-03605,2025-11-04,4,9,"Very good trip, long drives though."
RV05941,BK-2025-03606,2025-11-22,4,9,"Very good trip, long drives though."
RV05942,BK-2025-03609,2025-12-25,4,9,"Very good trip, long drives though."
RV05943,BK-2025-03611,2025-10-13,2,6,Delayed pickup and a flat tyre.
RV05944,BK-2025-03615,2025-10-29,5,10,Best holiday of our lives.
RV05945,BK-2025-03617,2025-09-24,5,10,Flawless from airport pickup to farewell.
RV05946,BK-2025-03618,2025-10-11,2,5,Delayed pickup and a flat tyre.
RV05947,BK-2025-03620,2025-10-27,5,9,Best holiday of our lives.
RV05948,BK-2025-03621,2025-11-01,4,7,"Great sightings, lodge food could improve."
RV05949,BK-2025-03622,2025-11-12,5,10,"Guide was exceptional, every detail handled."
RV05950,BK-2025-03624,2026-01-18,4,7,"Very good trip, long drives though."
RV05951,BK-2025-03634,2025-10-05,2,5,Accommodation not as advertised.
RV05952,BK-2025-03636,2026-01-02,5,10,Best holiday of our lives.
RV05953,BK-2025-03637,2025-10-20,4,9,"Great sightings, lodge food could improve."
RV05954,BK-2025-03640,2025-10-28,4,7,Guide knew every bird by name.
RV05955,BK-2025-03641,2025-12-22,4,9,Guide knew every bird by name.
RV05956,BK-2025-03645,2025-10-05,4,8,"Lovely camp, a little pricey."
RV05957,BK-2025-03646,2025-10-04,3,5,"Wildlife good, communication before trip poor."
RV05958,BK-2025-03648,2025-10-17,5,9,"Guide was exceptional, every detail handled."
RV05959,BK-2025-03650,2025-10-14,3,6,"Okay overall, vehicle was cramped."
RV05960,BK-2025-03652,2025-10-19,3,5,Too many vehicles at sightings.
RV05961,BK-2025-03656,2025-09-19,4,8,"Great sightings, lodge food could improve."
RV05962,BK-2025-03659,2025-10-15,4,9,"Lovely camp, a little pricey."
RV05963,BK-2025-03661,2025-11-12,4,8,"Very good trip, long drives though."
RV05964,BK-2025-03663,2025-10-23,5,10,Flawless from airport pickup to farewell.
RV05965,BK-2025-03664,2025-11-20,3,6,Too many vehicles at sightings.
RV05966,BK-2025-03669,2025-12-24,5,9,Unforgettable — saw the river crossing!
RV05967,BK-2025-03670,2025-12-28,4,9,"Very good trip, long drives though."
RV05968,BK-2025-03671,2025-11-14,3,6,"Wildlife good, communication before trip poor."
RV05969,BK-2025-03672,2026-02-05,4,7,"Very good trip, long drives though."
RV05970,BK-2025-03673,2025-11-06,4,9,"Lovely camp, a little pricey."
RV05971,BK-2025-03674,2025-10-16,3,6,"Okay overall, vehicle was cramped."
RV05972,BK-2025-03675,2025-09-27,4,7,"Very good trip, long drives though."
RV05973,BK-2025-03676,2026-01-15,5,10,Best holiday of our lives.
RV05974,BK-2025-03679,2025-10-10,3,7,Too many vehicles at sightings.
RV05975,BK-2025-03681,2025-10-19,4,9,"Lovely camp, a little pricey."
RV05976,BK-2025-03683,2025-11-18,3,7,Too many vehicles at sightings.
RV05977,BK-2025-03686,2025-10-04,4,8,"Great sightings, lodge food could improve."
RV05978,BK-2025-03689,2026-01-27,4,9,Guide knew every bird by name.
RV05979,BK-2025-03690,2025-09-28,4,9,"Very good trip, long drives though."
RV05980,BK-2025-03691,2025-10-01,4,9,"Great sightings, lodge food could improve."
RV05981,BK-2025-03696,2025-10-22,4,9,"Very good trip, long drives though."
RV05982,BK-2025-03698,2025-11-20,5,9,Flawless from airport pickup to farewell.
RV05983,BK-2025-03701,2025-09-28,4,7,"Very good trip, long drives though."
RV05984,BK-2025-03704,2025-10-04,4,7,"Lovely camp, a little pricey."
RV05985,BK-2025-03707,2026-02-05,5,9,Best holiday of our lives.
RV05986,BK-2025-03709,2025-10-14,4,9,Guide knew every bird by name.
RV05987,BK-2025-03710,2025-10-10,4,9,"Lovely camp, a little pricey."
RV05988,BK-2025-03711,2025-10-06,4,7,Guide knew every bird by name.
RV05989,BK-2025-03712,2026-01-05,5,9,Unforgettable — saw the river crossing!
RV05990,BK-2025-03713,2025-10-03,3,7,"Okay overall, vehicle was cramped."
RV05991,BK-2025-03717,2025-12-30,5,10,"Guide was exceptional, every detail handled."
RV05992,BK-2025-03725,2025-10-21,4,7,"Lovely camp, a little pricey."
RV05993,BK-2025-03727,2026-01-15,5,10,Flawless from airport pickup to farewell.
RV05994,BK-2025-03730,2025-10-09,5,9,Best holiday of our lives.
RV05995,BK-2025-03732,2026-03-01,4,7,"Great sightings, lodge food could improve."
RV05996,BK-2025-03734,2025-11-13,4,7,"Very good trip, long drives though."
RV05997,BK-2025-03736,2025-10-15,5,9,"Guide was exceptional, every detail handled."
RV05998,BK-2025-03738,2025-12-21,4,9,"Lovely camp, a little pricey."
RV05999,BK-2025-03739,2025-11-27,5,10,Flawless from airport pickup to farewell.
RV06000,BK-2025-03740,2026-02-14,5,10,"Guide was exceptional, every detail handled."
RV06001,BK-2025-03741,2025-12-30,4,8,Guide knew every bird by name.
RV06002,BK-2025-03742,2026-03-04,5,10,Unforgettable — saw the river crossing!
RV06003,BK-2025-03743,2025-11-18,4,9,"Very good trip, long drives though."
RV06004,BK-2025-03751,2025-10-31,3,5,"Okay overall, vehicle was cramped."
RV06005,BK-2025-03752,2026-02-05,5,10,Best holiday of our lives.
RV06006,BK-2025-03753,2026-01-11,5,9,Best holiday of our lives.
RV06007,BK-2025-03754,2025-11-09,4,7,"Very good trip, long drives though."
RV06008,BK-2025-03756,2025-12-13,4,9,"Lovely camp, a little pricey."
RV06009,BK-2025-03758,2025-10-08,4,8,"Very good trip, long drives though."
RV06010,BK-2025-03759,2025-10-15,5,10,Flawless from airport pickup to farewell.
RV06011,BK-2025-03764,2026-03-27,4,7,"Lovely camp, a little pricey."
RV06012,BK-2025-03769,2025-11-21,5,10,Unforgettable — saw the river crossing!
RV06013,BK-2025-03772,2025-12-18,4,7,Guide knew every bird by name.
RV06014,BK-2025-03773,2026-01-26,4,7,"Lovely camp, a little pricey."
RV06015,BK-2025-03774,2025-10-05,4,7,"Very good trip, long drives though."
RV06016,BK-2025-03775,2026-04-02,5,10,Best holiday of our lives.
RV06017,BK-2025-03776,2025-09-23,3,7,Too many vehicles at sightings.
RV06018,BK-2025-03777,2025-10-14,3,7,Too many vehicles at sightings.
RV06019,BK-2025-03781,2025-09-29,3,5,"Okay overall, vehicle was cramped."
RV06020,BK-2025-03782,2026-01-07,5,10,"Guide was exceptional, every detail handled."
RV06021,BK-2025-03783,2025-10-20,3,5,"Wildlife good, communication before trip poor."
RV06022,BK-2025-03786,2025-10-21,4,8,"Great sightings, lodge food could improve."
RV06023,BK-2025-03787,2026-02-22,5,10,Best holiday of our lives.
RV06024,BK-2025-03790,2025-12-27,5,9,Flawless from airport pickup to farewell.
RV06025,BK-2025-03791,2025-12-22,4,8,"Great sightings, lodge food could improve."
RV06026,BK-2025-03796,2026-02-05,3,5,"Wildlife good, communication before trip poor."
RV06027,BK-2025-03808,2026-01-11,4,9,"Very good trip, long drives though."
RV06028,BK-2025-03809,2025-10-20,5,9,Flawless from airport pickup to farewell.
RV06029,BK-2025-03811,2026-02-22,5,10,"Guide was exceptional, every detail handled."
RV06030,BK-2025-03813,2025-11-08,4,7,"Very good trip, long drives though."
RV06031,BK-2025-03816,2025-10-30,5,9,"Guide was exceptional, every detail handled."
RV06032,BK-2025-03817,2026-02-12,3,6,"Okay overall, vehicle was cramped."
RV06033,BK-2025-03819,2025-10-04,2,4,Accommodation not as advertised.
RV06034,BK-2025-03821,2025-12-01,3,6,Too many vehicles at sightings.
RV06035,BK-2025-03827,2025-10-20,4,7,"Great sightings, lodge food could improve."
RV06036,BK-2025-03828,2025-11-02,4,7,"Lovely camp, a little pricey."
RV06037,BK-2025-03830,2026-02-02,5,9,Flawless from airport pickup to farewell.
RV06038,BK-2025-03831,2025-10-05,5,9,Unforgettable — saw the river crossing!
RV06039,BK-2025-03832,2025-11-08,4,8,"Very good trip, long drives though."
RV06040,BK-2025-03833,2026-01-29,4,9,"Great sightings, lodge food could improve."
RV06041,BK-2025-03836,2025-10-27,4,8,Guide knew every bird by name.
RV06042,BK-2025-03839,2025-11-19,3,6,"Wildlife good, communication before trip poor."
RV06043,BK-2025-03840,2025-11-09,5,9,Flawless from airport pickup to farewell.
RV06044,BK-2025-03841,2025-10-20,3,7,Too many vehicles at sightings.
RV06045,BK-2025-03842,2025-12-05,5,9,Best holiday of our lives.
RV06046,BK-2025-03843,2026-01-10,3,6,"Okay overall, vehicle was cramped."
RV06047,BK-2025-03845,2025-12-31,3,5,"Okay overall, vehicle was cramped."
RV06048,BK-2025-03848,2025-11-18,5,9,Best holiday of our lives.
RV06049,BK-2025-03850,2025-10-19,5,9,"Guide was exceptional, every detail handled."
RV06050,BK-2025-03856,2026-02-26,4,8,"Great sightings, lodge food could improve."
RV06051,BK-2025-03858,2025-10-19,4,7,"Very good trip, long drives though."
RV06052,BK-2025-03861,2025-11-01,3,6,"Wildlife good, communication before trip poor."
RV06053,BK-2025-03862,2025-11-16,4,9,Guide knew every bird by name.
RV06054,BK-2025-03863,2026-01-25,5,10,"Guide was exceptional, every detail handled."
RV06055,BK-2025-03866,2025-10-30,3,6,Too many vehicles at sightings.
RV06056,BK-2025-03868,2025-10-21,5,10,"Guide was exceptional, every detail handled."
RV06057,BK-2025-03871,2025-10-15,5,10,"Guide was exceptional, every detail handled."
RV06058,BK-2025-03872,2026-03-02,4,7,"Very good trip, long drives though."
RV06059,BK-2025-03873,2025-10-15,5,10,Flawless from airport pickup to farewell.
RV06060,BK-2025-03874,2025-12-31,3,7,"Wildlife good, communication before trip poor."
RV06061,BK-2025-03876,2025-11-28,5,9,Flawless from airport pickup to farewell.
RV06062,BK-2025-03877,2026-01-14,4,7,"Very good trip, long drives though."
RV06063,BK-2025-03879,2026-02-12,4,7,Guide knew every bird by name.
RV06064,BK-2025-03880,2026-01-30,3,5,"Wildlife good, communication before trip poor."
RV06065,BK-2025-03881,2025-10-23,5,9,Flawless from airport pickup to farewell.
RV06066,BK-2025-03884,2025-11-01,4,8,"Lovely camp, a little pricey."
RV06067,BK-2025-03888,2025-11-22,5,10,Flawless from airport pickup to farewell.
RV06068,BK-2025-03890,2026-02-16,5,9,Flawless from airport pickup to farewell.
RV06069,BK-2025-03898,2025-11-21,3,6,"Okay overall, vehicle was cramped."
RV06070,BK-2025-03899,2025-10-29,3,5,"Okay overall, vehicle was cramped."
RV06071,BK-2025-03903,2025-11-19,5,10,Unforgettable — saw the river crossing!
RV06072,BK-2025-03904,2025-11-05,4,7,"Lovely camp, a little pricey."
RV06073,BK-2025-03905,2025-11-01,4,8,Guide knew every bird by name.
RV06074,BK-2025-03909,2025-11-26,5,10,Best holiday of our lives.
RV06075,BK-2025-03915,2026-01-02,3,7,Too many vehicles at sightings.
RV06076,BK-2025-03916,2025-10-15,4,7,"Very good trip, long drives though."
RV06077,BK-2025-03917,2025-10-29,5,10,Best holiday of our lives.
RV06078,BK-2025-03919,2026-01-13,5,9,Best holiday of our lives.
RV06079,BK-2025-03920,2025-10-18,5,10,Best holiday of our lives.
RV06080,BK-2025-03926,2026-01-03,5,9,Unforgettable — saw the river crossing!
RV06081,BK-2025-03929,2025-10-12,5,10,Unforgettable — saw the river crossing!
RV06082,BK-2025-03930,2025-10-17,5,9,Best holiday of our lives.
RV06083,BK-2025-03931,2025-12-09,4,7,"Very good trip, long drives though."
RV06084,BK-2025-03932,2025-10-25,3,6,"Wildlife good, communication before trip poor."
RV06085,BK-2025-03935,2025-10-27,4,7,Guide knew every bird by name.
RV06086,BK-2025-03936,2025-11-15,5,9,Best holiday of our lives.
RV06087,BK-2025-03937,2026-05-04,5,10,Flawless from airport pickup to farewell.
RV06088,BK-2025-03938,2026-01-22,4,9,"Great sightings, lodge food could improve."
RV06089,BK-2025-03939,2025-10-25,4,9,"Great sightings, lodge food could improve."
RV06090,BK-2025-03940,2025-10-21,5,9,Best holiday of our lives.
RV06091,BK-2025-03943,2026-02-16,4,9,"Lovely camp, a little pricey."
RV06092,BK-2025-03947,2025-10-25,4,7,"Great sightings, lodge food could improve."
RV06093,BK-2025-03952,2025-11-28,5,10,Flawless from airport pickup to farewell.
RV06094,BK-2025-03953,2026-01-22,5,10,"Guide was exceptional, every detail handled."
RV06095,BK-2025-03955,2025-11-08,5,9,Unforgettable — saw the river crossing!
RV06096,BK-2025-03956,2025-11-21,4,8,Guide knew every bird by name.
RV06097,BK-2025-03957,2025-11-03,3,7,"Wildlife good, communication before trip poor."
RV06098,BK-2025-03958,2025-10-22,5,9,Flawless from airport pickup to farewell.
RV06099,BK-2025-03959,2026-01-02,4,7,Guide knew every bird by name.
RV06100,BK-2025-03961,2025-10-12,3,7,"Wildlife good, communication before trip poor."
RV06101,BK-2025-03964,2025-11-25,4,8,"Great sightings, lodge food could improve."
RV06102,BK-2025-03969,2025-10-18,4,7,"Very good trip, long drives though."
RV06103,BK-2025-03970,2026-02-03,4,8,"Lovely camp, a little pricey."
RV06104,BK-2025-03975,2025-11-20,5,10,"Guide was exceptional, every detail handled."
RV06105,BK-2025-03976,2025-11-26,4,9,"Very good trip, long drives though."
RV06106,BK-2025-03978,2025-12-10,3,7,"Wildlife good, communication before trip poor."
RV06107,BK-2025-03979,2025-11-10,4,7,"Lovely camp, a little pricey."
RV06108,BK-2025-03980,2025-12-08,5,9,Unforgettable — saw the river crossing!
RV06109,BK-2025-03981,2025-10-16,4,9,"Lovely camp, a little pricey."
RV06110,BK-2025-03982,2026-02-22,4,9,Guide knew every bird by name.
RV06111,BK-2025-03983,2026-02-08,5,10,"Guide was exceptional, every detail handled."
RV06112,BK-2025-03985,2025-11-04,4,7,Guide knew every bird by name.
RV06113,BK-2025-03987,2025-10-15,4,8,"Very good trip, long drives though."
RV06114,BK-2025-03990,2025-11-23,4,9,"Lovely camp, a little pricey."
RV06115,BK-2025-03996,2026-01-20,5,9,Best holiday of our lives.
RV06116,BK-2025-03998,2025-12-20,5,9,Unforgettable — saw the river crossing!
RV06117,BK-2025-03999,2025-12-23,5,10,Flawless from airport pickup to farewell.
RV06118,BK-2025-04002,2025-11-16,4,8,"Lovely camp, a little pricey."
RV06119,BK-2025-04006,2026-01-15,5,10,"Guide was exceptional, every detail handled."
RV06120,BK-2025-04007,2025-10-20,4,9,Guide knew every bird by name.
RV06121,BK-2025-04009,2026-02-12,3,6,Too many vehicles at sightings.
RV06122,BK-2025-04010,2025-12-26,5,9,"Guide was exceptional, every detail handled."
RV06123,BK-2025-04014,2026-01-13,4,7,"Lovely camp, a little pricey."
RV06124,BK-2025-04017,2026-02-24,4,8,"Lovely camp, a little pricey."
RV06125,BK-2025-04018,2026-01-15,4,8,"Very good trip, long drives though."
RV06126,BK-2025-04025,2025-10-17,4,9,Guide knew every bird by name.
RV06127,BK-2025-04026,2025-11-12,3,5,"Wildlife good, communication before trip poor."
RV06128,BK-2025-04027,2025-10-26,3,6,"Okay overall, vehicle was cramped."
RV06129,BK-2025-04030,2026-01-15,5,10,Flawless from airport pickup to farewell.
RV06130,BK-2025-04035,2025-11-05,4,7,"Great sightings, lodge food could improve."
RV06131,BK-2025-04039,2025-10-17,4,9,"Very good trip, long drives though."
RV06132,BK-2025-04042,2025-11-05,5,10,"Guide was exceptional, every detail handled."
RV06133,BK-2025-04043,2025-12-08,4,8,"Lovely camp, a little pricey."
RV06134,BK-2025-04048,2026-01-17,4,7,"Great sightings, lodge food could improve."
RV06135,BK-2025-04051,2026-03-31,5,9,"Guide was exceptional, every detail handled."
RV06136,BK-2025-04055,2025-11-20,5,10,Flawless from airport pickup to farewell.
RV06137,BK-2025-04057,2026-02-07,3,7,"Okay overall, vehicle was cramped."
RV06138,BK-2025-04059,2026-01-28,5,10,Unforgettable — saw the river crossing!
RV06139,BK-2025-04061,2025-10-29,3,7,"Wildlife good, communication before trip poor."
RV06140,BK-2025-04062,2026-04-08,5,9,Flawless from airport pickup to farewell.
RV06141,BK-2025-04063,2026-01-13,5,10,Flawless from airport pickup to farewell.
RV06142,BK-2025-04064,2026-02-17,5,10,Flawless from airport pickup to farewell.
RV06143,BK-2025-04068,2025-11-09,5,9,Best holiday of our lives.
RV06144,BK-2025-04070,2025-10-27,5,9,Best holiday of our lives.
RV06145,BK-2025-04071,2025-10-25,5,10,Unforgettable — saw the river crossing!
RV06146,BK-2025-04072,2025-10-31,3,6,"Wildlife good, communication before trip poor."
RV06147,BK-2025-04075,2026-03-02,5,9,Best holiday of our lives.
RV06148,BK-2025-04078,2025-11-26,4,7,"Very good trip, long drives though."
RV06149,BK-2025-04080,2026-01-05,4,8,"Very good trip, long drives though."
RV06150,BK-2025-04082,2026-02-10,3,5,"Okay overall, vehicle was cramped."
RV06151,BK-2025-04087,2025-12-17,5,9,Unforgettable — saw the river crossing!
RV06152,BK-2025-04088,2026-01-02,4,9,"Very good trip, long drives though."
RV06153,BK-2025-04089,2026-03-02,5,9,"Guide was exceptional, every detail handled."
RV06154,BK-2025-04090,2025-11-11,4,9,"Very good trip, long drives though."
RV06155,BK-2025-04091,2026-03-01,5,9,Best holiday of our lives.
RV06156,BK-2025-04092,2025-12-25,4,9,"Very good trip, long drives though."
RV06157,BK-2025-04094,2025-12-04,4,9,Guide knew every bird by name.
RV06158,BK-2025-04095,2025-12-27,3,6,"Okay overall, vehicle was cramped."
RV06159,BK-2025-04096,2025-11-01,4,7,"Lovely camp, a little pricey."
RV06160,BK-2025-04097,2025-12-06,4,7,"Great sightings, lodge food could improve."
RV06161,BK-2025-04098,2025-12-07,4,9,"Lovely camp, a little pricey."
RV06162,BK-2025-04100,2025-12-11,5,10,Unforgettable — saw the river crossing!
RV06163,BK-2025-04101,2025-11-14,5,10,Unforgettable — saw the river crossing!
RV06164,BK-2025-04103,2025-11-11,4,7,"Very good trip, long drives though."
RV06165,BK-2025-04104,2025-11-10,4,7,"Very good trip, long drives though."
RV06166,BK-2025-04107,2026-01-20,5,9,Flawless from airport pickup to farewell.
RV06167,BK-2025-04108,2026-01-17,4,7,Guide knew every bird by name.
RV06168,BK-2025-04109,2025-11-18,4,7,"Great sightings, lodge food could improve."
RV06169,BK-2025-04110,2025-12-18,5,9,Best holiday of our lives.
RV06170,BK-2025-04113,2025-12-04,4,9,"Very good trip, long drives though."
RV06171,BK-2025-04116,2025-11-23,4,7,"Great sightings, lodge food could improve."
RV06172,BK-2025-04117,2025-12-26,4,8,"Very good trip, long drives though."
RV06173,BK-2025-04119,2025-11-01,3,6,Too many vehicles at sightings.
RV06174,BK-2025-04120,2025-11-22,3,7,"Wildlife good, communication before trip poor."
RV06175,BK-2025-04123,2026-03-17,4,9,"Lovely camp, a little pricey."
RV06176,BK-2025-04124,2025-11-08,5,10,Flawless from airport pickup to farewell.
RV06177,BK-2025-04125,2025-12-21,5,9,"Guide was exceptional, every detail handled."
RV06178,BK-2025-04128,2025-11-18,5,10,"Guide was exceptional, every detail handled."
RV06179,BK-2025-04130,2025-11-04,4,9,"Very good trip, long drives though."
RV06180,BK-2025-04137,2026-02-04,4,9,"Great sightings, lodge food could improve."
RV06181,BK-2025-04138,2026-01-14,4,9,"Lovely camp, a little pricey."
RV06182,BK-2025-04141,2025-12-05,3,7,Too many vehicles at sightings.
RV06183,BK-2025-04143,2025-12-11,3,5,Too many vehicles at sightings.
RV06184,BK-2025-04146,2025-11-15,4,9,Guide knew every bird by name.
RV06185,BK-2025-04147,2025-11-23,5,9,"Guide was exceptional, every detail handled."
RV06186,BK-2025-04149,2025-12-28,5,9,"Guide was exceptional, every detail handled."
RV06187,BK-2025-04150,2025-12-26,4,9,"Very good trip, long drives though."
RV06188,BK-2025-04152,2025-12-24,4,9,Guide knew every bird by name.
RV06189,BK-2025-04155,2025-12-18,4,9,Guide knew every bird by name.
RV06190,BK-2025-04156,2026-01-31,4,9,"Lovely camp, a little pricey."
RV06191,BK-2025-04157,2025-12-26,5,9,Best holiday of our lives.
RV06192,BK-2025-04158,2026-05-16,4,8,"Lovely camp, a little pricey."
RV06193,BK-2025-04159,2025-12-16,5,9,Unforgettable — saw the river crossing!
RV06194,BK-2025-04160,2025-11-09,4,8,"Great sightings, lodge food could improve."
RV06195,BK-2025-04162,2026-03-01,4,8,"Lovely camp, a little pricey."
RV06196,BK-2025-04164,2026-02-05,4,8,Guide knew every bird by name.
RV06197,BK-2025-04165,2026-01-09,4,8,"Great sightings, lodge food could improve."
RV06198,BK-2025-04166,2025-12-10,4,7,"Very good trip, long drives though."
RV06199,BK-2025-04169,2025-12-09,4,9,"Very good trip, long drives though."
RV06200,BK-2025-04170,2026-01-03,5,10,Unforgettable — saw the river crossing!
RV06201,BK-2025-04173,2025-11-26,4,7,"Great sightings, lodge food could improve."
RV06202,BK-2025-04175,2025-12-28,5,10,Best holiday of our lives.
RV06203,BK-2025-04178,2025-12-10,4,7,"Very good trip, long drives though."
RV06204,BK-2025-04182,2026-04-09,3,5,"Wildlife good, communication before trip poor."
RV06205,BK-2025-04184,2026-01-05,5,9,Flawless from airport pickup to farewell.
RV06206,BK-2025-04185,2025-11-04,3,6,"Wildlife good, communication before trip poor."
RV06207,BK-2025-04187,2025-11-04,4,8,Guide knew every bird by name.
RV06208,BK-2025-04188,2025-11-03,4,8,"Very good trip, long drives though."
RV06209,BK-2025-04189,2025-12-09,2,5,Delayed pickup and a flat tyre.
RV06210,BK-2025-04190,2025-10-31,3,6,Too many vehicles at sightings.
RV06211,BK-2025-04191,2026-04-16,3,6,"Okay overall, vehicle was cramped."
RV06212,BK-2025-04193,2025-12-26,3,7,"Okay overall, vehicle was cramped."
RV06213,BK-2025-04194,2025-11-26,5,9,Flawless from airport pickup to farewell.
RV06214,BK-2025-04196,2025-10-28,3,7,"Okay overall, vehicle was cramped."
RV06215,BK-2025-04198,2026-01-13,5,9,Unforgettable — saw the river crossing!
RV06216,BK-2025-04202,2025-11-25,4,7,"Great sightings, lodge food could improve."
RV06217,BK-2025-04204,2026-01-25,3,5,"Okay overall, vehicle was cramped."
RV06218,BK-2025-04205,2026-01-08,4,7,"Very good trip, long drives though."
RV06219,BK-2025-04209,2026-01-17,4,8,"Very good trip, long drives though."
RV06220,BK-2025-04212,2026-01-10,4,8,"Great sightings, lodge food could improve."
RV06221,BK-2025-04218,2025-12-22,3,6,Too many vehicles at sightings.
RV06222,BK-2025-04220,2025-12-17,3,6,"Okay overall, vehicle was cramped."
RV06223,BK-2025-04222,2025-11-19,4,9,Guide knew every bird by name.
RV06224,BK-2025-04224,2025-11-18,4,8,Guide knew every bird by name.
RV06225,BK-2025-04227,2026-02-26,4,9,"Lovely camp, a little pricey."
RV06226,BK-2025-04229,2026-06-16,4,7,"Great sightings, lodge food could improve."
RV06227,BK-2025-04230,2025-11-11,3,7,"Wildlife good, communication before trip poor."
RV06228,BK-2025-04232,2025-11-03,5,9,"Guide was exceptional, every detail handled."
RV06229,BK-2025-04233,2026-01-03,4,8,"Great sightings, lodge food could improve."
RV06230,BK-2025-04234,2025-12-12,5,10,"Guide was exceptional, every detail handled."
RV06231,BK-2025-04235,2026-02-26,5,10,Flawless from airport pickup to farewell.
RV06232,BK-2025-04236,2025-10-30,3,7,"Okay overall, vehicle was cramped."
RV06233,BK-2025-04237,2025-10-26,3,6,"Okay overall, vehicle was cramped."
RV06234,BK-2025-04238,2025-12-28,4,8,"Lovely camp, a little pricey."
RV06235,BK-2025-04239,2026-01-12,4,8,"Great sightings, lodge food could improve."
RV06236,BK-2025-04240,2025-11-22,4,7,Guide knew every bird by name.
RV06237,BK-2025-04241,2026-04-29,4,9,Guide knew every bird by name.
RV06238,BK-2025-04242,2026-01-22,5,9,Best holiday of our lives.
RV06239,BK-2025-04243,2026-01-28,4,9,"Very good trip, long drives though."
RV06240,BK-2025-04244,2025-10-29,3,7,Too many vehicles at sightings.
RV06241,BK-2025-04245,2025-12-03,5,10,Flawless from airport pickup to farewell.
RV06242,BK-2025-04246,2025-12-11,3,5,"Okay overall, vehicle was cramped."
RV06243,BK-2025-04250,2025-11-04,4,8,Guide knew every bird by name.
RV06244,BK-2025-04255,2026-01-28,5,10,Flawless from airport pickup to farewell.
RV06245,BK-2025-04256,2026-03-16,4,7,"Lovely camp, a little pricey."
RV06246,BK-2025-04257,2026-01-08,4,8,Guide knew every bird by name.
RV06247,BK-2025-04258,2026-02-18,2,6,Accommodation not as advertised.
RV06248,BK-2025-04260,2025-10-29,4,7,"Great sightings, lodge food could improve."
RV06249,BK-2025-04264,2026-01-18,3,7,"Okay overall, vehicle was cramped."
RV06250,BK-2025-04272,2026-02-08,4,8,"Lovely camp, a little pricey."
RV06251,BK-2025-04276,2026-01-08,5,9,Best holiday of our lives.
RV06252,BK-2025-04278,2025-12-09,5,9,Best holiday of our lives.
RV06253,BK-2025-04279,2025-12-21,3,5,Too many vehicles at sightings.
RV06254,BK-2025-04280,2026-05-30,4,7,"Lovely camp, a little pricey."
RV06255,BK-2025-04281,2025-12-24,4,9,"Lovely camp, a little pricey."
RV06256,BK-2025-04283,2026-01-02,5,9,Best holiday of our lives.
RV06257,BK-2025-04284,2026-02-22,5,10,Flawless from airport pickup to farewell.
RV06258,BK-2025-04287,2025-11-10,5,9,Best holiday of our lives.
RV06259,BK-2025-04291,2025-12-17,3,7,"Okay overall, vehicle was cramped."
RV06260,BK-2025-04293,2025-12-30,4,7,"Lovely camp, a little pricey."
RV06261,BK-2025-04294,2026-01-01,3,6,"Okay overall, vehicle was cramped."
RV06262,BK-2025-04300,2026-03-22,4,7,"Great sightings, lodge food could improve."
RV06263,BK-2025-04301,2025-11-28,5,10,"Guide was exceptional, every detail handled."
RV06264,BK-2025-04303,2025-12-25,5,9,Unforgettable — saw the river crossing!
RV06265,BK-2025-04304,2026-02-14,5,9,"Guide was exceptional, every detail handled."
RV06266,BK-2025-04305,2025-11-10,3,7,"Okay overall, vehicle was cramped."
RV06267,BK-2025-04308,2026-01-28,4,7,"Lovely camp, a little pricey."
RV06268,BK-2025-04309,2025-11-17,3,5,Too many vehicles at sightings.
RV06269,BK-2025-04311,2025-11-09,3,7,"Wildlife good, communication before trip poor."
RV06270,BK-2025-04312,2026-02-03,4,7,"Great sightings, lodge food could improve."
RV06271,BK-2025-04313,2025-12-05,5,9,Best holiday of our lives.
RV06272,BK-2025-04314,2025-11-27,1,1,Poor organisation from start to finish.
RV06273,BK-2025-04315,2026-01-25,5,9,"Guide was exceptional, every detail handled."
RV06274,BK-2025-04317,2026-03-22,5,9,Flawless from airport pickup to farewell.
RV06275,BK-2025-04318,2025-11-19,4,9,"Very good trip, long drives though."
RV06276,BK-2025-04321,2025-12-19,5,10,Flawless from airport pickup to farewell.
RV06277,BK-2025-04322,2026-03-26,3,5,"Okay overall, vehicle was cramped."
RV06278,BK-2025-04323,2026-04-01,5,9,"Guide was exceptional, every detail handled."
RV06279,BK-2025-04325,2026-02-08,5,10,"Guide was exceptional, every detail handled."
RV06280,BK-2025-04328,2026-01-04,5,9,Best holiday of our lives.
RV06281,BK-2025-04329,2026-02-14,4,9,Guide knew every bird by name.
RV06282,BK-2025-04330,2025-12-19,3,5,"Wildlife good, communication before trip poor."
RV06283,BK-2025-04333,2025-12-28,5,9,Flawless from airport pickup to farewell.
RV06284,BK-2025-04334,2025-11-23,4,7,"Lovely camp, a little pricey."
RV06285,BK-2025-04335,2025-11-16,3,7,"Okay overall, vehicle was cramped."
RV06286,BK-2025-04336,2025-12-31,5,10,"Guide was exceptional, every detail handled."
RV06287,BK-2025-04337,2025-11-17,4,9,"Very good trip, long drives though."
RV06288,BK-2025-04338,2026-03-14,3,6,"Okay overall, vehicle was cramped."
RV06289,BK-2025-04340,2025-12-21,4,9,"Lovely camp, a little pricey."
RV06290,BK-2025-04343,2026-02-18,3,7,"Wildlife good, communication before trip poor."
RV06291,BK-2025-04345,2026-01-06,4,7,"Very good trip, long drives though."
RV06292,BK-2025-04346,2026-01-11,4,9,"Lovely camp, a little pricey."
RV06293,BK-2025-04347,2025-12-20,4,8,"Great sightings, lodge food could improve."
RV06294,BK-2025-04350,2025-12-21,5,10,"Guide was exceptional, every detail handled."
RV06295,BK-2025-04351,2026-01-04,4,9,"Very good trip, long drives though."
RV06296,BK-2025-04354,2026-01-19,4,8,"Very good trip, long drives though."
RV06297,BK-2025-04356,2026-03-12,4,9,"Great sightings, lodge food could improve."
RV06298,BK-2025-04357,2026-01-19,5,9,Best holiday of our lives.
RV06299,BK-2025-04358,2026-02-15,4,9,"Very good trip, long drives though."
RV06300,BK-2025-04360,2025-11-05,4,8,"Very good trip, long drives though."
RV06301,BK-2025-04363,2025-11-21,4,7,"Lovely camp, a little pricey."
RV06302,BK-2025-04365,2026-03-31,4,8,"Lovely camp, a little pricey."
RV06303,BK-2025-04368,2026-02-02,5,9,Best holiday of our lives.
RV06304,BK-2025-04369,2026-06-23,5,9,Best holiday of our lives.
RV06305,BK-2025-04374,2026-02-27,3,7,Too many vehicles at sightings.
RV06306,BK-2025-04377,2026-03-02,4,8,"Very good trip, long drives though."
RV06307,BK-2025-04378,2026-04-12,4,7,Guide knew every bird by name.
RV06308,BK-2025-04379,2026-03-26,5,10,Best holiday of our lives.
RV06309,BK-2025-04380,2025-12-28,4,9,"Very good trip, long drives though."
RV06310,BK-2025-04381,2025-12-16,5,10,Flawless from airport pickup to farewell.
RV06311,BK-2025-04384,2025-12-09,4,9,"Very good trip, long drives though."
RV06312,BK-2025-04385,2026-02-12,5,9,"Guide was exceptional, every detail handled."
RV06313,BK-2025-04386,2026-01-17,4,9,"Lovely camp, a little pricey."
RV06314,BK-2025-04389,2026-02-06,4,8,"Lovely camp, a little pricey."
RV06315,BK-2025-04391,2026-03-16,5,10,Flawless from airport pickup to farewell.
RV06316,BK-2025-04392,2026-01-31,5,9,"Guide was exceptional, every detail handled."
RV06317,BK-2025-04395,2026-04-04,5,9,Unforgettable — saw the river crossing!
RV06318,BK-2025-04398,2026-01-31,5,10,Best holiday of our lives.
RV06319,BK-2025-04402,2026-02-25,3,6,Too many vehicles at sightings.
RV06320,BK-2025-04403,2026-02-04,5,10,Unforgettable — saw the river crossing!
RV06321,BK-2025-04404,2026-01-04,4,7,"Very good trip, long drives though."
RV06322,BK-2025-04406,2025-12-10,5,10,Flawless from airport pickup to farewell.
RV06323,BK-2025-04411,2025-12-25,4,7,"Lovely camp, a little pricey."
RV06324,BK-2025-04412,2026-02-27,4,9,"Very good trip, long drives though."
RV06325,BK-2025-04413,2026-02-03,4,8,Guide knew every bird by name.
RV06326,BK-2025-04414,2026-01-21,5,10,Unforgettable — saw the river crossing!
RV06327,BK-2025-04415,2026-01-05,5,10,Unforgettable — saw the river crossing!
RV06328,BK-2025-04417,2026-02-18,5,9,Flawless from airport pickup to farewell.
RV06329,BK-2025-04419,2026-02-27,5,9,Unforgettable — saw the river crossing!
RV06330,BK-2025-04420,2025-12-21,5,9,Flawless from airport pickup to farewell.
RV06331,BK-2025-04425,2026-01-27,5,9,Unforgettable — saw the river crossing!
RV06332,BK-2025-04426,2026-06-26,3,6,Too many vehicles at sightings.
RV06333,BK-2025-04430,2026-01-11,5,9,Unforgettable — saw the river crossing!
RV06334,BK-2025-04432,2026-04-09,4,9,Guide knew every bird by name.
RV06335,BK-2025-04433,2026-02-19,5,10,Best holiday of our lives.
RV06336,BK-2025-04437,2025-12-09,4,8,"Great sightings, lodge food could improve."
RV06337,BK-2025-04439,2025-12-01,3,5,Too many vehicles at sightings.
RV06338,BK-2025-04444,2025-12-02,3,7,"Wildlife good, communication before trip poor."
RV06339,BK-2025-04445,2025-12-20,4,9,Guide knew every bird by name.
RV06340,BK-2025-04446,2025-12-28,4,9,Guide knew every bird by name.
RV06341,BK-2025-04448,2025-12-28,5,10,Best holiday of our lives.
RV06342,BK-2025-04450,2026-04-15,3,5,"Okay overall, vehicle was cramped."
RV06343,BK-2025-04453,2026-02-05,4,7,"Great sightings, lodge food could improve."
RV06344,BK-2025-04456,2025-12-30,4,7,Guide knew every bird by name.
RV06345,BK-2025-04460,2026-05-07,5,9,"Guide was exceptional, every detail handled."
RV06346,BK-2025-04461,2025-12-20,3,7,"Wildlife good, communication before trip poor."
RV06347,BK-2025-04463,2025-11-12,3,5,"Okay overall, vehicle was cramped."
RV06348,BK-2025-04464,2026-01-03,4,8,"Very good trip, long drives though."
RV06349,BK-2025-04468,2026-03-08,5,9,"Guide was exceptional, every detail handled."
RV06350,BK-2025-04470,2026-02-15,5,10,Best holiday of our lives.
RV06351,BK-2025-04471,2025-12-07,4,7,"Great sightings, lodge food could improve."
RV06352,BK-2025-04472,2025-12-22,4,9,"Very good trip, long drives though."
RV06353,BK-2025-04473,2026-01-19,4,8,"Lovely camp, a little pricey."
RV06354,BK-2025-04476,2026-01-29,4,9,Guide knew every bird by name.
RV06355,BK-2025-04477,2026-03-10,4,9,"Very good trip, long drives though."
RV06356,BK-2025-04478,2026-03-02,4,7,"Very good trip, long drives though."
RV06357,BK-2025-04479,2026-03-01,5,9,Unforgettable — saw the river crossing!
RV06358,BK-2025-04481,2026-01-16,4,8,"Very good trip, long drives though."
RV06359,BK-2025-04482,2026-01-15,5,9,"Guide was exceptional, every detail handled."
RV06360,BK-2025-04484,2025-12-26,5,9,Flawless from airport pickup to farewell.
RV06361,BK-2025-04487,2025-11-17,4,7,"Lovely camp, a little pricey."
RV06362,BK-2025-04491,2026-01-17,3,7,"Wildlife good, communication before trip poor."
RV06363,BK-2025-04496,2026-01-13,4,7,Guide knew every bird by name.
RV06364,BK-2025-04498,2026-01-07,4,9,Guide knew every bird by name.
RV06365,BK-2025-04499,2025-12-31,4,7,"Lovely camp, a little pricey."
RV06366,BK-2025-04501,2026-01-07,5,9,Best holiday of our lives.
RV06367,BK-2025-04506,2026-01-21,4,7,"Great sightings, lodge food could improve."
RV06368,BK-2025-04507,2026-02-07,4,9,"Very good trip, long drives though."
RV06369,BK-2025-04508,2025-12-26,4,9,Guide knew every bird by name.
RV06370,BK-2025-04514,2026-02-25,4,9,"Lovely camp, a little pricey."
RV06371,BK-2025-04516,2025-12-29,5,9,Unforgettable — saw the river crossing!
RV06372,BK-2025-04517,2026-01-26,4,9,"Lovely camp, a little pricey."
RV06373,BK-2025-04522,2026-02-13,5,9,Best holiday of our lives.
RV06374,BK-2025-04524,2026-02-05,5,10,Best holiday of our lives.
RV06375,BK-2025-04525,2025-12-11,4,9,Guide knew every bird by name.
RV06376,BK-2025-04526,2026-04-17,4,8,"Great sightings, lodge food could improve."
RV06377,BK-2025-04534,2026-03-19,4,7,"Very good trip, long drives though."
RV06378,BK-2025-04535,2026-02-09,4,8,"Very good trip, long drives though."
RV06379,BK-2025-04537,2025-12-26,3,6,Too many vehicles at sightings.
RV06380,BK-2025-04538,2026-01-14,5,10,Unforgettable — saw the river crossing!
RV06381,BK-2025-04539,2026-03-02,5,10,Unforgettable — saw the river crossing!
RV06382,BK-2025-04540,2026-04-02,4,9,Guide knew every bird by name.
RV06383,BK-2025-04542,2025-12-14,4,9,"Very good trip, long drives though."
RV06384,BK-2025-04544,2026-01-13,4,9,"Lovely camp, a little pricey."
RV06385,BK-2025-04550,2025-12-27,4,7,Guide knew every bird by name.
RV06386,BK-2025-04553,2026-03-31,4,8,"Great sightings, lodge food could improve."
RV06387,BK-2025-04556,2026-01-16,3,5,"Wildlife good, communication before trip poor."
RV06388,BK-2025-04558,2025-12-18,5,10,Flawless from airport pickup to farewell.
RV06389,BK-2025-04559,2026-01-20,5,10,"Guide was exceptional, every detail handled."
RV06390,BK-2025-04560,2025-12-25,3,5,Too many vehicles at sightings.
RV06391,BK-2025-04561,2026-01-03,4,7,"Great sightings, lodge food could improve."
RV06392,BK-2025-04563,2026-02-19,5,9,"Guide was exceptional, every detail handled."
RV06393,BK-2025-04565,2026-01-11,5,10,Best holiday of our lives.
RV06394,BK-2025-04567,2026-01-08,2,4,Accommodation not as advertised.
RV06395,BK-2025-04568,2025-12-19,3,5,Too many vehicles at sightings.
RV06396,BK-2025-04569,2026-01-07,5,9,"Guide was exceptional, every detail handled."
RV06397,BK-2025-04571,2025-12-25,4,9,"Lovely camp, a little pricey."
RV06398,BK-2025-04572,2025-12-31,4,7,Guide knew every bird by name.
RV06399,BK-2025-04573,2026-01-21,4,8,"Great sightings, lodge food could improve."
RV06400,BK-2025-04574,2026-01-21,4,8,"Very good trip, long drives though."
RV06401,BK-2025-04578,2025-12-29,4,8,"Great sightings, lodge food could improve."
RV06402,BK-2025-04580,2025-12-27,3,6,"Wildlife good, communication before trip poor."
RV06403,BK-2025-04585,2026-01-06,5,10,"Guide was exceptional, every detail handled."
RV06404,BK-2025-04590,2026-01-18,4,8,Guide knew every bird by name.
RV06405,BK-2025-04591,2026-03-07,3,6,"Wildlife good, communication before trip poor."
RV06406,BK-2025-04594,2026-01-13,5,10,Flawless from airport pickup to farewell.
RV06407,BK-2025-04596,2026-03-15,5,9,Best holiday of our lives.
RV06408,BK-2025-04601,2026-02-05,4,7,Guide knew every bird by name.
RV06409,BK-2025-04603,2026-01-31,5,9,Unforgettable — saw the river crossing!
RV06410,BK-2025-04605,2025-12-16,5,9,Flawless from airport pickup to farewell.
RV06411,BK-2025-04607,2025-12-04,5,10,Flawless from airport pickup to farewell.
RV06412,BK-2025-04608,2026-02-20,5,10,Flawless from airport pickup to farewell.
RV06413,BK-2025-04610,2025-12-30,4,7,"Lovely camp, a little pricey."
RV06414,BK-2025-04612,2025-12-16,5,9,Best holiday of our lives.
RV06415,BK-2025-04613,2026-03-02,5,9,Flawless from airport pickup to farewell.
RV06416,BK-2025-04614,2026-03-11,4,9,"Lovely camp, a little pricey."
RV06417,BK-2025-04615,2026-04-16,4,7,"Very good trip, long drives though."
RV06418,BK-2025-04617,2025-12-28,3,5,"Okay overall, vehicle was cramped."
RV06419,BK-2025-04620,2026-03-11,5,10,Flawless from airport pickup to farewell.
RV06420,BK-2025-04623,2025-12-02,4,7,"Great sightings, lodge food could improve."
RV06421,BK-2025-04624,2026-03-01,5,10,"Guide was exceptional, every detail handled."
RV06422,BK-2025-04626,2026-03-16,5,9,"Guide was exceptional, every detail handled."
RV06423,BK-2025-04627,2026-01-09,4,8,"Great sightings, lodge food could improve."
RV06424,BK-2025-04628,2025-12-17,3,6,"Okay overall, vehicle was cramped."
RV06425,BK-2025-04630,2026-04-10,5,10,Flawless from airport pickup to farewell.
RV06426,BK-2025-04631,2026-05-29,4,7,Guide knew every bird by name.
RV06427,BK-2025-04633,2026-03-14,5,10,Unforgettable — saw the river crossing!
RV06428,BK-2025-04635,2025-12-07,3,6,"Wildlife good, communication before trip poor."
RV06429,BK-2025-04636,2026-02-14,4,9,"Very good trip, long drives though."
RV06430,BK-2025-04637,2025-12-18,3,5,Too many vehicles at sightings.
RV06431,BK-2025-04639,2026-01-11,4,7,Guide knew every bird by name.
RV06432,BK-2025-04640,2025-12-11,4,8,Guide knew every bird by name.
RV06433,BK-2025-04641,2026-06-06,5,10,"Guide was exceptional, every detail handled."
RV06434,BK-2025-04644,2026-02-22,3,5,Too many vehicles at sightings.
RV06435,BK-2025-04647,2026-01-16,5,9,Unforgettable — saw the river crossing!
RV06436,BK-2025-04650,2026-01-18,3,7,"Wildlife good, communication before trip poor."
RV06437,BK-2025-04652,2026-01-07,4,9,"Very good trip, long drives though."
RV06438,BK-2025-04654,2026-01-10,5,10,"Guide was exceptional, every detail handled."
RV06439,BK-2025-04656,2025-12-24,5,9,Best holiday of our lives.
RV06440,BK-2025-04662,2025-12-23,5,9,Unforgettable — saw the river crossing!
RV06441,BK-2025-04663,2026-06-08,4,7,"Great sightings, lodge food could improve."
RV06442,BK-2025-04664,2026-01-06,5,10,"Guide was exceptional, every detail handled."
RV06443,BK-2025-04665,2026-01-21,5,10,Best holiday of our lives.
RV06444,BK-2025-04666,2026-03-26,5,10,Best holiday of our lives.
RV06445,BK-2025-04668,2026-01-28,4,9,"Very good trip, long drives though."
RV06446,BK-2025-04674,2026-01-23,4,9,"Very good trip, long drives though."
RV06447,BK-2025-04675,2025-12-19,5,10,"Guide was exceptional, every detail handled."
RV06448,BK-2025-04682,2026-02-26,5,10,Unforgettable — saw the river crossing!
RV06449,BK-2025-04686,2026-06-02,4,8,"Lovely camp, a little pricey."
RV06450,BK-2025-04687,2026-01-11,5,9,Flawless from airport pickup to farewell.
RV06451,BK-2025-04689,2026-01-04,5,9,Best holiday of our lives.
RV06452,BK-2025-04690,2025-12-31,4,7,Guide knew every bird by name.
RV06453,BK-2025-04692,2026-02-25,3,6,"Wildlife good, communication before trip poor."
RV06454,BK-2025-04693,2025-12-25,3,6,"Wildlife good, communication before trip poor."
RV06455,BK-2025-04696,2026-02-16,4,7,Guide knew every bird by name.
RV06456,BK-2025-04698,2026-01-22,4,8,"Very good trip, long drives though."
RV06457,BK-2025-04699,2026-04-06,4,9,Guide knew every bird by name.
RV06458,BK-2025-04700,2026-01-11,3,5,Too many vehicles at sightings.
RV06459,BK-2025-04702,2026-02-27,5,9,Unforgettable — saw the river crossing!
RV06460,BK-2025-04703,2026-01-20,5,10,Unforgettable — saw the river crossing!
RV06461,BK-2025-04708,2026-01-28,4,9,"Very good trip, long drives though."
RV06462,BK-2025-04709,2026-03-10,4,9,Guide knew every bird by name.
RV06463,BK-2025-04714,2025-12-15,5,10,"Guide was exceptional, every detail handled."
RV06464,BK-2025-04716,2026-01-20,5,10,Flawless from airport pickup to farewell.
RV06465,BK-2025-04718,2026-05-03,3,6,"Okay overall, vehicle was cramped."
RV06466,BK-2025-04721,2026-01-09,5,10,Best holiday of our lives.
RV06467,BK-2025-04722,2026-02-15,5,10,Unforgettable — saw the river crossing!
RV06468,BK-2025-04724,2026-01-15,5,10,"Guide was exceptional, every detail handled."
RV06469,BK-2025-04728,2025-12-18,4,8,"Great sightings, lodge food could improve."
RV06470,BK-2025-04730,2026-01-15,3,6,"Wildlife good, communication before trip poor."
RV06471,BK-2025-04738,2026-01-09,4,9,"Lovely camp, a little pricey."
RV06472,BK-2025-04739,2026-01-18,3,5,"Okay overall, vehicle was cramped."
RV06473,BK-2025-04740,2026-02-08,4,7,"Great sightings, lodge food could improve."
RV06474,BK-2025-04742,2026-01-22,3,7,Too many vehicles at sightings.
RV06475,BK-2025-04744,2026-01-14,3,7,Too many vehicles at sightings.
RV06476,BK-2025-04745,2026-02-01,5,9,Flawless from airport pickup to farewell.
RV06477,BK-2025-04747,2026-01-31,5,10,Best holiday of our lives.
RV06478,BK-2025-04748,2025-12-21,4,7,"Very good trip, long drives though."
RV06479,BK-2025-04754,2025-12-22,4,8,"Very good trip, long drives though."
RV06480,BK-2025-04757,2026-04-19,4,7,"Lovely camp, a little pricey."
RV06481,BK-2025-04759,2026-02-20,4,7,"Lovely camp, a little pricey."
RV06482,BK-2025-04760,2025-12-19,4,8,"Lovely camp, a little pricey."
RV06483,BK-2025-04761,2026-01-01,4,8,"Lovely camp, a little pricey."
RV06484,BK-2025-04763,2026-04-04,4,8,"Great sightings, lodge food could improve."
RV06485,BK-2025-04765,2026-03-19,4,9,"Lovely camp, a little pricey."
RV06486,BK-2025-04767,2026-03-23,5,10,"Guide was exceptional, every detail handled."
RV06487,BK-2025-04769,2025-12-31,3,7,"Okay overall, vehicle was cramped."
RV06488,BK-2025-04770,2025-12-17,4,9,"Very good trip, long drives though."
RV06489,BK-2025-04775,2026-02-09,3,5,Too many vehicles at sightings.
RV06490,BK-2025-04776,2026-01-11,4,9,"Very good trip, long drives though."
RV06491,BK-2025-04779,2025-12-09,5,10,"Guide was exceptional, every detail handled."
RV06492,BK-2025-04780,2026-01-25,3,7,"Okay overall, vehicle was cramped."
RV06493,BK-2025-04781,2026-01-13,5,9,Unforgettable — saw the river crossing!
RV06494,BK-2025-04785,2026-05-03,5,9,Best holiday of our lives.
RV06495,BK-2025-04787,2026-03-26,4,8,"Great sightings, lodge food could improve."
RV06496,BK-2025-04789,2026-03-13,4,8,"Great sightings, lodge food could improve."
RV06497,BK-2025-04790,2026-06-24,5,10,"Guide was exceptional, every detail handled."
RV06498,BK-2025-04791,2026-01-11,5,10,Flawless from airport pickup to farewell.
RV06499,BK-2025-04796,2026-02-18,5,10,Unforgettable — saw the river crossing!
RV06500,BK-2025-04797,2026-01-19,4,7,"Great sightings, lodge food could improve."
RV06501,BK-2025-04799,2026-06-09,5,9,Flawless from airport pickup to farewell.
RV06502,BK-2025-04804,2026-03-09,5,10,Unforgettable — saw the river crossing!
RV06503,BK-2025-04808,2026-02-14,4,8,"Very good trip, long drives though."
RV06504,BK-2025-04810,2026-02-05,4,7,"Very good trip, long drives though."
RV06505,BK-2025-04811,2026-03-10,5,10,Unforgettable — saw the river crossing!
RV06506,BK-2025-04812,2026-01-12,3,6,Too many vehicles at sightings.
RV06507,BK-2025-04813,2025-12-31,3,7,"Okay overall, vehicle was cramped."
RV06508,BK-2025-04817,2026-01-22,4,8,"Great sightings, lodge food could improve."
RV06509,BK-2025-04818,2026-01-12,4,9,"Great sightings, lodge food could improve."
RV06510,BK-2025-04819,2026-02-10,5,10,Flawless from airport pickup to farewell.
RV06511,BK-2025-04821,2026-01-24,4,8,"Great sightings, lodge food could improve."
RV06512,BK-2025-04822,2026-03-05,5,10,Best holiday of our lives.
RV06513,BK-2025-04824,2026-01-06,4,8,Guide knew every bird by name.
RV06514,BK-2025-04830,2026-03-03,5,9,Unforgettable — saw the river crossing!
RV06515,BK-2025-04832,2025-12-09,3,5,Too many vehicles at sightings.
RV06516,BK-2025-04835,2025-12-08,4,7,"Great sightings, lodge food could improve."
RV06517,BK-2025-04839,2026-02-11,5,9,Best holiday of our lives.
RV06518,BK-2025-04842,2026-02-21,4,9,"Lovely camp, a little pricey."
RV06519,BK-2025-04844,2026-04-23,5,9,Best holiday of our lives.
RV06520,BK-2025-04846,2026-03-15,5,10,"Guide was exceptional, every detail handled."
RV06521,BK-2025-04847,2026-01-05,5,10,Flawless from airport pickup to farewell.
RV06522,BK-2025-04852,2026-04-19,5,10,"Guide was exceptional, every detail handled."
RV06523,BK-2025-04855,2026-01-26,5,9,"Guide was exceptional, every detail handled."
RV06524,BK-2025-04856,2026-02-05,5,10,Best holiday of our lives.
RV06525,BK-2025-04857,2025-12-16,4,7,"Lovely camp, a little pricey."
RV06526,BK-2025-04860,2026-04-10,5,10,Flawless from airport pickup to farewell.
RV06527,BK-2025-04861,2026-03-06,4,8,"Very good trip, long drives though."
RV06528,BK-2025-04862,2026-02-27,4,8,"Very good trip, long drives though."
RV06529,BK-2025-04863,2026-06-15,5,9,Unforgettable — saw the river crossing!
RV06530,BK-2025-04864,2026-04-28,4,7,"Very good trip, long drives though."
RV06531,BK-2025-04867,2026-01-11,4,7,"Great sightings, lodge food could improve."
RV06532,BK-2025-04869,2026-02-25,5,9,Unforgettable — saw the river crossing!
RV06533,BK-2025-04871,2026-05-10,4,7,"Lovely camp, a little pricey."
RV06534,BK-2025-04872,2026-01-31,5,9,Flawless from airport pickup to farewell.
RV06535,BK-2025-04873,2026-04-01,3,6,Too many vehicles at sightings.
RV06536,BK-2025-04876,2026-06-14,5,9,Best holiday of our lives.
RV06537,BK-2025-04877,2026-01-09,4,7,"Great sightings, lodge food could improve."
RV06538,BK-2025-04878,2025-12-30,4,8,Guide knew every bird by name.
RV06539,BK-2025-04880,2026-02-06,3,6,Too many vehicles at sightings.
RV06540,BK-2025-04881,2026-02-22,5,10,Unforgettable — saw the river crossing!
RV06541,BK-2025-04883,2026-04-04,5,9,Best holiday of our lives.
RV06542,BK-2025-04884,2026-01-27,4,7,"Lovely camp, a little pricey."
RV06543,BK-2025-04885,2026-01-09,4,8,Guide knew every bird by name.
RV06544,BK-2025-04887,2026-01-01,4,9,"Lovely camp, a little pricey."
RV06545,BK-2025-04893,2026-02-17,5,10,Flawless from airport pickup to farewell.
RV06546,BK-2025-04894,2026-01-05,4,8,Guide knew every bird by name.
RV06547,BK-2025-04898,2026-02-13,4,7,"Lovely camp, a little pricey."
RV06548,BK-2025-04899,2026-01-17,4,7,"Lovely camp, a little pricey."
RV06549,BK-2025-04902,2026-02-24,5,10,Best holiday of our lives.
RV06550,BK-2025-04903,2026-02-27,4,9,"Great sightings, lodge food could improve."
RV06551,BK-2025-04904,2026-01-11,5,9,Flawless from airport pickup to farewell.
RV06552,BK-2025-04907,2026-01-29,4,8,"Lovely camp, a little pricey."
RV06553,BK-2025-04908,2026-02-12,4,9,"Lovely camp, a little pricey."
RV06554,BK-2025-04912,2026-02-01,5,9,"Guide was exceptional, every detail handled."
RV06555,BK-2025-04917,2026-01-26,4,7,"Lovely camp, a little pricey."
RV06556,BK-2025-04918,2026-01-29,4,7,Guide knew every bird by name.
RV06557,BK-2025-04923,2026-02-24,3,6,Too many vehicles at sightings.
RV06558,BK-2025-04927,2025-12-31,4,7,Guide knew every bird by name.
RV06559,BK-2025-04929,2025-12-17,4,8,"Lovely camp, a little pricey."
RV06560,BK-2025-04933,2026-01-22,4,9,"Great sightings, lodge food could improve."
RV06561,BK-2025-04936,2026-01-17,5,10,Unforgettable — saw the river crossing!
RV06562,BK-2025-04937,2026-01-04,4,9,"Very good trip, long drives though."
RV06563,BK-2025-04938,2026-01-13,4,8,Guide knew every bird by name.
RV06564,BK-2025-04943,2026-02-14,3,7,Too many vehicles at sightings.
RV06565,BK-2025-04944,2026-02-18,5,9,"Guide was exceptional, every detail handled."
RV06566,BK-2025-04953,2026-03-21,5,9,Flawless from airport pickup to farewell.
RV06567,BK-2025-04955,2026-01-09,4,9,"Very good trip, long drives though."
RV06568,BK-2025-04957,2026-02-16,4,9,Guide knew every bird by name.
RV06569,BK-2025-04958,2026-06-13,5,10,"Guide was exceptional, every detail handled."
RV06570,BK-2025-04962,2026-01-16,4,7,"Very good trip, long drives though."
RV06571,BK-2025-04963,2025-12-26,3,5,Too many vehicles at sightings.
RV06572,BK-2025-04969,2026-01-19,4,8,Guide knew every bird by name.
RV06573,BK-2025-04974,2026-02-17,4,9,Guide knew every bird by name.
RV06574,BK-2025-04975,2026-06-30,4,8,"Very good trip, long drives though."
RV06575,BK-2025-04977,2026-05-03,5,10,Best holiday of our lives.
RV06576,BK-2025-04980,2026-01-28,4,7,"Very good trip, long drives though."
RV06577,BK-2025-04981,2026-01-08,4,9,"Great sightings, lodge food could improve."
RV06578,BK-2025-04993,2026-02-19,4,7,Guide knew every bird by name.
RV06579,BK-2025-04994,2026-02-05,3,5,"Okay overall, vehicle was cramped."
RV06580,BK-2025-04995,2026-05-24,5,9,Best holiday of our lives.
RV06581,BK-2025-04996,2026-02-12,3,7,Too many vehicles at sightings.
RV06582,BK-2025-04997,2026-03-24,4,8,Guide knew every bird by name.
RV06583,BK-2025-04999,2025-12-30,5,10,Flawless from airport pickup to farewell.
RV06584,BK-2025-05003,2026-01-01,3,6,"Okay overall, vehicle was cramped."
RV06585,BK-2025-05008,2025-12-18,4,7,"Lovely camp, a little pricey."
RV06586,BK-2025-05011,2026-02-19,5,10,Unforgettable — saw the river crossing!
RV06587,BK-2025-05012,2026-02-06,4,7,Guide knew every bird by name.
RV06588,BK-2025-05013,2025-12-31,4,8,Guide knew every bird by name.
RV06589,BK-2025-05015,2026-01-23,5,9,Best holiday of our lives.
RV06590,BK-2025-05018,2026-01-19,4,8,"Very good trip, long drives though."
RV06591,BK-2025-05019,2026-01-29,4,9,"Lovely camp, a little pricey."
RV06592,BK-2025-05022,2025-12-23,4,9,"Very good trip, long drives though."
RV06593,BK-2025-05024,2026-01-06,5,10,Best holiday of our lives.
RV06594,BK-2025-05027,2026-01-01,5,10,Flawless from airport pickup to farewell.
RV06595,BK-2025-05030,2026-02-01,4,7,"Great sightings, lodge food could improve."
RV06596,BK-2025-05031,2026-02-11,5,9,"Guide was exceptional, every detail handled."
RV06597,BK-2025-05032,2026-02-15,4,7,Guide knew every bird by name.
RV06598,BK-2025-05034,2026-02-01,4,7,"Great sightings, lodge food could improve."
RV06599,BK-2025-05039,2026-01-02,3,7,Too many vehicles at sightings.
RV06600,BK-2025-05042,2026-02-12,4,8,"Lovely camp, a little pricey."
RV06601,BK-2025-05043,2026-01-12,4,7,Guide knew every bird by name.
RV06602,BK-2025-05047,2026-03-25,4,9,"Very good trip, long drives though."
RV06603,BK-2025-05049,2026-01-10,4,9,Guide knew every bird by name.
RV06604,BK-2025-05050,2026-03-27,4,7,"Great sightings, lodge food could improve."
RV06605,BK-2025-05051,2026-03-04,3,7,"Okay overall, vehicle was cramped."
RV06606,BK-2025-05056,2026-02-02,3,7,Too many vehicles at sightings.
RV06607,BK-2025-05057,2026-04-07,5,9,Unforgettable — saw the river crossing!
RV06608,BK-2025-05062,2026-02-12,5,10,Best holiday of our lives.
RV06609,BK-2025-05064,2026-03-27,3,6,Too many vehicles at sightings.
RV06610,BK-2025-05065,2026-01-23,4,7,"Lovely camp, a little pricey."
RV06611,BK-2025-05066,2026-02-24,5,10,Best holiday of our lives.
RV06612,BK-2025-05067,2025-12-25,4,7,"Very good trip, long drives though."
RV06613,BK-2025-05068,2026-05-10,5,9,Best holiday of our lives.
RV06614,BK-2025-05069,2026-01-20,4,7,"Very good trip, long drives though."
RV06615,BK-2025-05071,2026-02-08,4,9,"Lovely camp, a little pricey."
RV06616,BK-2025-05072,2026-01-29,4,8,"Very good trip, long drives though."
RV06617,BK-2025-05075,2026-01-26,3,6,"Okay overall, vehicle was cramped."
RV06618,BK-2025-05080,2026-02-09,4,9,Guide knew every bird by name.
RV06619,BK-2025-05082,2026-02-17,5,9,Unforgettable — saw the river crossing!
RV06620,BK-2025-05084,2026-02-13,4,8,"Lovely camp, a little pricey."
RV06621,BK-2025-05086,2026-03-19,5,10,"Guide was exceptional, every detail handled."
RV06622,BK-2025-05088,2026-02-12,4,9,"Great sightings, lodge food could improve."
RV06623,BK-2025-05091,2026-03-31,2,4,Accommodation not as advertised.
RV06624,BK-2025-05092,2026-03-09,3,6,"Okay overall, vehicle was cramped."
RV06625,BK-2025-05093,2025-12-31,4,9,"Lovely camp, a little pricey."
RV06626,BK-2025-05094,2026-06-24,4,8,Guide knew every bird by name.
RV06627,BK-2025-05095,2026-02-18,4,7,"Very good trip, long drives though."
RV06628,BK-2025-05099,2026-01-27,5,10,Flawless from airport pickup to farewell.
RV06629,BK-2025-05100,2026-02-05,3,5,"Wildlife good, communication before trip poor."
RV06630,BK-2025-05104,2026-03-14,3,7,Too many vehicles at sightings.
RV06631,BK-2025-05107,2026-01-21,4,7,Guide knew every bird by name.
RV06632,BK-2025-05111,2026-01-15,3,6,"Okay overall, vehicle was cramped."
RV06633,BK-2025-05113,2026-03-29,4,9,Guide knew every bird by name.
RV06634,BK-2025-05114,2026-01-27,3,7,"Wildlife good, communication before trip poor."
RV06635,BK-2025-05117,2026-02-05,4,8,"Great sightings, lodge food could improve."
RV06636,BK-2025-05121,2025-12-28,3,7,"Okay overall, vehicle was cramped."
RV06637,BK-2025-05126,2026-02-15,4,7,"Very good trip, long drives though."
RV06638,BK-2025-05128,2026-01-21,4,7,"Lovely camp, a little pricey."
RV06639,BK-2025-05129,2026-04-15,4,7,"Very good trip, long drives though."
RV06640,BK-2025-05131,2026-02-12,4,8,"Lovely camp, a little pricey."
RV06641,BK-2025-05134,2025-12-29,5,9,"Guide was exceptional, every detail handled."
RV06642,BK-2025-05135,2026-01-22,5,9,Unforgettable — saw the river crossing!
RV06643,BK-2025-05138,2026-02-07,5,9,Unforgettable — saw the river crossing!
RV06644,BK-2025-05142,2026-01-24,4,8,"Lovely camp, a little pricey."
RV06645,BK-2025-05144,2026-01-19,4,7,"Great sightings, lodge food could improve."
RV06646,BK-2025-05146,2026-01-29,3,6,"Wildlife good, communication before trip poor."
RV06647,BK-2025-05149,2026-02-20,4,7,"Very good trip, long drives though."
RV06648,BK-2025-05152,2026-02-08,3,7,"Wildlife good, communication before trip poor."
RV06649,BK-2025-05154,2026-01-08,5,10,"Guide was exceptional, every detail handled."
RV06650,BK-2025-05155,2026-03-07,4,8,Guide knew every bird by name.
RV06651,BK-2025-05171,2026-01-13,4,7,"Great sightings, lodge food could improve."
RV06652,BK-2025-05176,2026-01-24,4,7,"Lovely camp, a little pricey."
RV06653,BK-2025-05181,2026-06-17,5,9,Flawless from airport pickup to farewell.
RV06654,BK-2025-05184,2026-01-03,3,5,"Wildlife good, communication before trip poor."
RV06655,BK-2025-05185,2026-05-31,3,6,"Wildlife good, communication before trip poor."
RV06656,BK-2025-05187,2026-03-27,4,7,"Lovely camp, a little pricey."
RV06657,BK-2025-05189,2026-04-19,5,10,"Guide was exceptional, every detail handled."
RV06658,BK-2025-05191,2026-01-28,4,9,"Very good trip, long drives though."
RV06659,BK-2025-05192,2026-03-22,5,10,Unforgettable — saw the river crossing!
RV06660,BK-2025-05193,2026-03-10,4,7,"Great sightings, lodge food could improve."
RV06661,BK-2025-05194,2026-02-17,5,9,Flawless from airport pickup to farewell.
RV06662,BK-2025-05196,2026-01-24,2,5,Delayed pickup and a flat tyre.
RV06663,BK-2025-05197,2026-01-02,3,5,"Wildlife good, communication before trip poor."
RV06664,BK-2025-05198,2026-01-14,3,5,"Wildlife good, communication before trip poor."
RV06665,BK-2025-05199,2026-01-15,5,10,Flawless from airport pickup to farewell.
RV06666,BK-2025-05203,2026-01-23,3,5,Too many vehicles at sightings.
RV06667,BK-2025-05204,2026-01-19,4,9,Guide knew every bird by name.
RV06668,BK-2025-05210,2026-01-12,3,6,Too many vehicles at sightings.
RV06669,BK-2025-05213,2026-04-19,4,8,"Great sightings, lodge food could improve."
RV06670,BK-2025-05215,2026-01-20,5,9,Best holiday of our lives.
RV06671,BK-2025-05216,2026-04-05,5,9,Best holiday of our lives.
RV06672,BK-2025-05221,2026-03-21,4,7,"Very good trip, long drives though."
RV06673,BK-2025-05223,2026-02-25,5,9,Best holiday of our lives.
RV06674,BK-2025-05224,2026-02-08,4,7,"Lovely camp, a little pricey."
RV06675,BK-2025-05226,2026-03-17,4,7,"Great sightings, lodge food could improve."
RV06676,BK-2025-05227,2026-05-19,5,9,Best holiday of our lives.
RV06677,BK-2025-05233,2026-03-23,3,5,"Wildlife good, communication before trip poor."
RV06678,BK-2025-05235,2026-01-20,4,8,"Lovely camp, a little pricey."
RV06679,BK-2025-05238,2026-02-01,4,8,"Great sightings, lodge food could improve."
RV06680,BK-2025-05239,2026-02-19,3,7,Too many vehicles at sightings.
RV06681,BK-2025-05241,2026-02-12,5,10,"Guide was exceptional, every detail handled."
RV06682,BK-2025-05245,2026-02-19,4,8,Guide knew every bird by name.
RV06683,BK-2025-05246,2026-01-26,5,10,"Guide was exceptional, every detail handled."
RV06684,BK-2025-05250,2026-03-04,4,7,"Very good trip, long drives though."
RV06685,BK-2025-05251,2026-04-03,3,5,"Wildlife good, communication before trip poor."
RV06686,BK-2025-05255,2026-03-15,5,9,Flawless from airport pickup to farewell.
RV06687,BK-2025-05258,2026-01-28,4,8,Guide knew every bird by name.
RV06688,BK-2025-05262,2026-01-26,5,9,Flawless from airport pickup to farewell.
RV06689,BK-2025-05265,2026-03-21,5,10,Flawless from airport pickup to farewell.
RV06690,BK-2025-05268,2026-01-22,2,4,Accommodation not as advertised.
RV06691,BK-2025-05271,2026-02-18,5,9,Best holiday of our lives.
RV06692,BK-2025-05272,2026-03-14,3,6,"Okay overall, vehicle was cramped."
RV06693,BK-2025-05273,2026-02-22,4,7,Guide knew every bird by name.
RV06694,BK-2025-05275,2026-01-14,4,8,"Very good trip, long drives though."
RV06695,BK-2025-05277,2026-02-08,4,7,"Very good trip, long drives though."
RV06696,BK-2025-05278,2026-01-23,5,9,Unforgettable — saw the river crossing!
RV06697,BK-2025-05282,2026-02-16,4,8,Guide knew every bird by name.
RV06698,BK-2025-05285,2026-02-02,4,9,"Great sightings, lodge food could improve."
RV06699,BK-2025-05286,2026-02-15,4,7,"Very good trip, long drives though."
RV06700,BK-2025-05287,2026-01-20,4,8,"Great sightings, lodge food could improve."
RV06701,BK-2025-05288,2026-02-03,5,9,Flawless from airport pickup to farewell.
RV06702,BK-2025-05290,2026-03-06,4,7,"Very good trip, long drives though."
RV06703,BK-2025-05294,2026-06-19,5,10,Unforgettable — saw the river crossing!
RV06704,BK-2025-05295,2026-04-24,5,9,Flawless from airport pickup to farewell.
RV06705,BK-2025-05297,2026-01-19,4,7,"Lovely camp, a little pricey."
RV06706,BK-2025-05298,2026-02-17,5,10,Best holiday of our lives.
RV06707,BK-2025-05300,2026-03-20,4,8,Guide knew every bird by name.
RV06708,BK-2025-05305,2026-02-17,2,4,Accommodation not as advertised.
RV06709,BK-2025-05308,2026-06-14,5,10,"Guide was exceptional, every detail handled."
RV06710,BK-2025-05309,2026-02-19,4,7,"Very good trip, long drives though."
RV06711,BK-2025-05310,2026-03-26,3,7,"Okay overall, vehicle was cramped."
RV06712,BK-2025-05311,2026-03-26,4,8,"Very good trip, long drives though."
RV06713,BK-2025-05312,2026-05-23,5,10,Unforgettable — saw the river crossing!
RV06714,BK-2025-05314,2026-01-19,3,7,"Wildlife good, communication before trip poor."
RV06715,BK-2025-05317,2026-03-17,5,10,Unforgettable — saw the river crossing!
RV06716,BK-2025-05329,2026-05-21,5,9,Unforgettable — saw the river crossing!
RV06717,BK-2025-05330,2026-01-28,4,7,"Very good trip, long drives though."
RV06718,BK-2025-05333,2026-03-09,5,10,Flawless from airport pickup to farewell.
RV06719,BK-2025-05338,2026-02-28,5,10,"Guide was exceptional, every detail handled."
RV06720,BK-2025-05339,2026-01-24,5,10,"Guide was exceptional, every detail handled."
RV06721,BK-2025-05342,2026-02-23,4,9,"Very good trip, long drives though."
RV06722,BK-2025-05343,2026-02-07,4,9,"Great sightings, lodge food could improve."
RV06723,BK-2025-05346,2026-02-07,5,9,"Guide was exceptional, every detail handled."
RV06724,BK-2025-05348,2026-02-05,4,8,"Great sightings, lodge food could improve."
RV06725,BK-2025-05353,2026-03-23,4,7,Guide knew every bird by name.
RV06726,BK-2025-05354,2026-03-01,5,10,Unforgettable — saw the river crossing!
RV06727,BK-2025-05355,2026-01-16,4,9,"Lovely camp, a little pricey."
RV06728,BK-2025-05356,2026-04-18,5,9,Best holiday of our lives.
RV06729,BK-2025-05360,2026-01-12,3,6,"Wildlife good, communication before trip poor."
RV06730,BK-2025-05361,2026-02-25,5,10,Unforgettable — saw the river crossing!
RV06731,BK-2025-05362,2026-02-10,3,5,"Wildlife good, communication before trip poor."
RV06732,BK-2025-05364,2026-02-08,3,7,Too many vehicles at sightings.
RV06733,BK-2025-05369,2026-01-12,4,9,"Very good trip, long drives though."
RV06734,BK-2025-05370,2026-02-24,5,10,"Guide was exceptional, every detail handled."
RV06735,BK-2025-05371,2026-05-05,5,10,Best holiday of our lives.
RV06736,BK-2025-05372,2026-02-06,5,10,Unforgettable — saw the river crossing!
RV06737,BK-2025-05382,2026-01-20,5,10,Unforgettable — saw the river crossing!
RV06738,BK-2025-05383,2026-02-08,3,7,"Okay overall, vehicle was cramped."
RV06739,BK-2025-05387,2026-01-31,4,9,"Lovely camp, a little pricey."
RV06740,BK-2025-05390,2026-03-09,4,8,"Very good trip, long drives though."
RV06741,BK-2025-05392,2026-04-25,4,8,"Lovely camp, a little pricey."
RV06742,BK-2025-05394,2026-05-19,5,9,"Guide was exceptional, every detail handled."
RV06743,BK-2025-05395,2026-06-21,5,9,"Guide was exceptional, every detail handled."
RV06744,BK-2025-05398,2026-02-03,4,7,"Very good trip, long drives though."
RV06745,BK-2025-05401,2026-02-07,4,8,Guide knew every bird by name.
RV06746,BK-2025-05402,2026-01-25,3,6,"Wildlife good, communication before trip poor."
RV06747,BK-2025-05404,2026-02-18,3,7,"Okay overall, vehicle was cramped."
RV06748,BK-2025-05409,2026-01-31,3,5,"Okay overall, vehicle was cramped."
RV06749,BK-2025-05410,2026-02-09,4,8,"Very good trip, long drives though."
RV06750,BK-2025-05411,2026-01-29,3,5,"Okay overall, vehicle was cramped."
RV06751,BK-2025-05416,2026-03-06,5,9,Flawless from airport pickup to farewell.
RV06752,BK-2025-05419,2026-02-14,3,5,"Wildlife good, communication before trip poor."
RV06753,BK-2025-05422,2026-01-23,4,7,"Very good trip, long drives though."
RV06754,BK-2025-05423,2026-04-22,4,8,"Very good trip, long drives though."
RV06755,BK-2025-05425,2026-02-24,4,8,Guide knew every bird by name.
RV06756,BK-2025-05426,2026-03-12,5,9,Unforgettable — saw the river crossing!
RV06757,BK-2025-05431,2026-02-17,4,8,"Great sightings, lodge food could improve."
RV06758,BK-2025-05433,2026-02-12,5,9,Flawless from airport pickup to farewell.
RV06759,BK-2025-05434,2026-02-13,4,9,"Lovely camp, a little pricey."
