transaction_id,transaction_timestamp,customer_id,customer_name,gender,age,county,phone_number,channel,transaction_type,merchant_category,device_type,amount_kes,transaction_fee_kes,balance_after_kes,status
TXN0000142,2024-01-01 07:51:33,CUST00093,Achieng Omollo,Female,43,Trans Nzoia,0722032123,M-Pesa,Buy Goods (Till),Hardware,Feature Phone,16624.41,62,41335.52,Completed
TXN0002262,2024-01-01 07:54:30,CUST00401,Rotich Kiplagat,Male,52,Turkana,0701747827,M-Pesa,Deposit Cash,N/A,Android,24541.89,0.0,181880.31,Completed
TXN0004820,2024-01-01 08:07:24,CUST00406,Atieno Wabwire,Male,20,Meru,0723381770,M-Pesa,Buy Goods (Till),Hardware,Android,2745.8,33,73354.11,Completed
TXN0003825,2024-01-01 08:35:18,CUST00146,Gitau Karanja,Male,71,Nairobi,0722934999,Airtel Money,Send Money,N/A,Android,13159.67,62,9511.86,Completed
TXN0003076,2024-01-01 09:02:16,CUST00253,Njeri Barasa,Male,63,Kisumu,0710755182,M-Pesa,Send Money,N/A,Android,28359.7,100,222644.38,Completed
TXN0001119,2024-01-01 10:13:41,CUST00080,Wairimu Karanja,Female,59,Nakuru,0768299802,M-Pesa,Send Money,N/A,iOS,61662.04,108,148959.43,Completed
TXN0002858,2024-01-01 10:56:55,CUST00570,Maina Chepkwony,Male,59,Bungoma,0790548571,M-Pesa,Pay Bill,Internet (ISP),Android,57898.44,108,29624.97,Completed
TXN0004575,2024-01-01 12:13:38,CUST00441,Otieno Otieno,Female,39,Nairobi,0722426598,M-Pesa,Send Money,N/A,Feature Phone,34748.96,108,178642.16,Completed
TXN0004360,2024-01-01 13:05:27,CUST00759,Cheruiyot Kiplagat,Female,59,Nairobi,0759119346,M-Pesa,Buy Goods (Till),Clothing,Android,18997.8,87,222838.81,Completed
TXN0003571,2024-01-01 13:11:25,CUST00765,Nyambura Mutiso,Male,61,Nairobi,0710349640,Equitel,Pay Bill,Insurance,Feature Phone,16456.86,55,34488.35,Completed
TXN0005129,2024-01-01 13:23:08,CUST00026,Nafula Omollo,Male,60,Nairobi,0759846198,Equitel,Withdraw Cash,N/A,Feature Phone,26605.87,108,182229.78,Completed
TXN0005960,2024-01-01 13:27:40,CUST00739,Kiprop Mwangi,Male,19,Mombasa,0710079037,M-Pesa,Withdraw Cash,N/A,Android,924.15,15,159233.42,Completed
TXN0002644,2024-01-01 16:34:06,CUST00537,Onyango Langat,Female,43,Garissa,0701386696,Airtel Money,Send Money,N/A,Android,23431.26,105,39148.25,Completed
TXN0002477,2024-01-01 17:31:54,CUST00219,Chelagat Sang,Female,30,Nyeri,0759720423,Airtel Money,Withdraw Cash,N/A,Feature Phone,32131.32,0.0,75487.92,Failed
TXN0005372,2024-01-01 17:57:00,CUST00571,Wairimu Waweru,Male,53,Mombasa,0722896610,Airtel Money,Send Money,N/A,Android,27479.79,100,195546.95,Completed
TXN0004748,2024-01-01 18:15:20,CUST00489,Anyango Kiplagat,Male,51,Kakamega,0723136978,M-Pesa,Withdraw Cash,N/A,Android,33795.26,105,40798.06,Completed
TXN0003721,2024-01-01 21:58:58,CUST00209,Adhiambo Owuor,Female,56,Kisumu,0768208941,M-Pesa,Buy Goods (Till),Hardware,Android,10335.3,87,137758.59,Completed
TXN0005727,2024-01-01 21:59:36,CUST00502,Waweru Odhiambo,Female,52,Kiambu,0768464710,M-Pesa,Airtime Purchase,N/A,Feature Phone,364.92,0.0,39824.9,Failed
TXN0001509,2024-01-01 23:30:05,CUST00628,Anyango Onyango,Female,28,Mombasa,0768577870,M-Pesa,Buy Goods (Till),Electronics,Feature Phone,5209.42,55,115899.83,Completed
TXN0005153,2024-01-01 23:32:20,CUST00453,Gitau Wekesa,Female,66,Kiambu,0790676619,Airtel Money,Pay Bill,School Fees,Android,48483.31,105,136375.98,Completed
TXN0001058,2024-01-02 02:54:02,CUST00498,Nyokabi Wekesa,Male,19,Kisumu,0722485926,M-Pesa,Deposit Cash,N/A,iOS,12466.26,0.0,126449.4,Completed
TXN0003380,2024-01-02 06:05:05,CUST00021,Onyango Mutiso,Female,66,Migori,0722499022,T-Kash,Withdraw Cash,N/A,Feature Phone,4450.98,33,109001.33,Completed
TXN0005185,2024-01-02 06:44:19,CUST00734,Rotich Kiplagat,Male,50,Uasin Gishu,0722682751,Airtel Money,Buy Goods (Till),Restaurant,iOS,15152.28,55,226859.94,Completed
TXN0002012,2024-01-02 07:58:24,CUST00185,Wairimu Otieno,Female,68,Bomet,0759591261,M-Pesa,Send Money,N/A,Android,40250.98,100,219237.2,Completed
TXN0001038,2024-01-02 08:41:59,CUST00004,Rotich Wanjala,Female,41,Uasin Gishu,0723022021,M-Pesa,Send Money,N/A,Android,39262.55,105,228999.82,Completed
TXN0002847,2024-01-02 09:35:14,CUST00477,Omondi Mutiso,Male,47,Garissa,0710303690,M-Pesa,Pay Bill,Internet (ISP),Android,49285.66,105,3523.5,Completed
TXN0002586,2024-01-02 10:57:37,CUST00362,Rotich Otieno,Female,41,Uasin Gishu,0768870657,Airtel Money,Send Money,N/A,Android,13261.37,87,112490.82,Completed
TXN0003901,2024-01-02 13:04:30,CUST00614,Rotich Langat,Male,61,Kilifi,0768331027,M-Pesa,Airtime Purchase,N/A,Android,394.38,0.0,42312.08,Completed
TXN0003574,2024-01-02 16:05:31,CUST00070,Nabwire Odhiambo,Female,68,Nairobi,0710086291,M-Pesa,Buy Goods (Till),Restaurant,Android,7827.01,55,89024.08,Completed
TXN0002093,2024-01-02 16:29:30,CUST00144,Rotich Omollo,Male,21,Nairobi,0111717059,M-Pesa,Deposit Cash,N/A,iOS,85743.73,0.0,106584.63,Completed
TXN0004921,2024-01-02 16:30:48,CUST00777,Onyango Ruto,Female,45,Mombasa,0768490701,Airtel Money,Pay Bill,Electricity (KPLC),Feature Phone,135817.54,105,66744.74,Completed
TXN0005608,2024-01-02 16:45:24,CUST00602,Maina Langat,Male,65,Kisumu,0790028744,M-Pesa,Send Money,N/A,Android,16699.65,55,154546.13,Completed
TXN0003881,2024-01-02 17:17:59,CUST00668,Kipchoge Ruto,Female,69,Kilifi,0759584526,M-Pesa,Send Money,N/A,Android,25488.37,100,203075.98,Completed
TXN0005043,2024-01-02 17:33:36,CUST00734,Rotich Kiplagat,Male,50,Uasin Gishu,0722682751,Airtel Money,Deposit Cash,N/A,iOS,35575.64,0.0,10745.84,Completed
TXN0003033,2024-01-02 20:06:15,CUST00686,Nyokabi Ruto,Male,65,Kajiado,0759622501,M-Pesa,Buy Goods (Till),Clothing,Android,6749.22,87,123894.25,Completed
TXN0002874,2024-01-02 20:43:30,CUST00623,Wangari Makau,Female,45,Kilifi,0723032120,Airtel Money,Buy Goods (Till),Clothing,Android,11123.01,62,191780.62,Completed
TXN0001468,2024-01-02 21:00:42,CUST00299,Nafula Waweru,Male,71,Nairobi,0759887480,M-Pesa,Withdraw Cash,N/A,Android,65031.26,108,27807.47,Completed
TXN0005892,2024-01-03 01:49:32,CUST00533,Ochieng Kimani,Female,59,Kisumu,0790408396,M-Pesa,Send Money,N/A,Android,44496.3,105,12521.02,Completed
TXN0003133,2024-01-03 06:51:33,CUST00032,Akinyi Njuguna,Male,37,Nakuru,0722327634,M-Pesa,Buy Goods (Till),Restaurant,Android,3485.0,33,198151.63,Completed
TXN0000380,2024-01-03 07:00:25,CUST00174,Kipchoge Wabwire,Male,72,Kiambu,0740577301,M-Pesa,Withdraw Cash,N/A,Feature Phone,16884.4,55,171079.15,Completed
TXN0002774,2024-01-03 08:35:15,CUST00710,Njeri Kamau,Male,54,Kajiado,0768117762,M-Pesa,Send Money,N/A,Android,1634.82,33,29753.82,Completed
TXN0003464,2024-01-03 09:08:07,CUST00481,Nasike Ruto,Male,37,Meru,0710885737,M-Pesa,Reversal,N/A,Feature Phone,37869.28,0.0,119871.52,Completed
TXN0001113,2024-01-03 12:32:23,CUST00120,Otieno Kiprono,Male,72,Machakos,0701007335,M-Pesa,Send Money,N/A,Android,19709.12,55,154066.58,Completed
TXN0005057,2024-01-03 13:14:18,CUST00429,Nasike Makau,Female,66,Homa Bay,0740374180,Airtel Money,Buy Goods (Till),Pharmacy,Android,18540.92,55,113000.03,Completed
TXN0001727,2024-01-03 14:42:19,CUST00157,Atieno Kiplagat,Male,61,Nyeri,0768582329,M-Pesa,Withdraw Cash,N/A,Android,31936.13,105,212393.53,Completed
TXN0000860,2024-01-03 14:54:48,CUST00135,Muthoni Gichuru,Female,39,Uasin Gishu,0111715501,M-Pesa,Pay Bill,Water Utility,Android,92302.33,105,17310.64,Completed
TXN0001111,2024-01-03 15:22:08,CUST00659,Kiptoo Amollo,Female,52,Bungoma,0759455771,M-Pesa,Deposit Cash,N/A,iOS,44908.62,0.0,89042.37,Completed
TXN0001833,2024-01-03 15:50:00,CUST00103,Nyokabi Mwangi,Male,55,Kakamega,0111366170,M-Pesa,Reversal,N/A,Android,6454.27,0.0,68649.29,Completed
TXN0003059,2024-01-03 16:21:54,CUST00235,Kibet Kiprono,Female,28,Nyeri,0768796196,Airtel Money,Withdraw Cash,N/A,Feature Phone,42987.1,108,221336.6,Completed
TXN0004829,2024-01-03 16:55:33,CUST00385,Achieng Waweru,Male,66,Bomet,0790926221,T-Kash,Airtime Purchase,N/A,Android,255.56,0.0,232829.53,Completed
TXN0003728,2024-01-03 17:09:26,CUST00468,Wambui Langat,Female,36,Mombasa,0790979677,Airtel Money,Buy Goods (Till),Electronics,Android,7210.67,55,1950.64,Completed
TXN0003742,2024-01-03 17:47:51,CUST00480,Wafula Gichuru,Male,53,Machakos,0759877849,M-Pesa,Withdraw Cash,N/A,Android,37240.9,100,238271.24,Completed
TXN0000509,2024-01-03 18:03:28,CUST00340,Nabwire Njuguna,Male,59,Kakamega,0710923574,M-Pesa,Buy Goods (Till),Hardware,Android,14531.55,62,121561.86,Completed
TXN0002722,2024-01-03 18:03:53,CUST00665,Gitau Amollo,Male,27,Kiambu,0768392256,M-Pesa,Send Money,N/A,Android,4196.57,40,246228.01,Completed
TXN0001402,2024-01-03 18:18:39,CUST00614,Rotich Langat,Male,61,Kilifi,0768331027,M-Pesa,Buy Goods (Till),Fuel Station,Android,5988.74,87,15088.41,Completed
TXN0001596,2024-01-03 19:30:16,CUST00302,Njoroge Sang,Male,46,Nakuru,0722451375,T-Kash,Deposit Cash,N/A,Android,42426.21,0.0,106688.68,Completed
TXN0002918,2024-01-03 19:36:15,CUST00495,Kariuki Sang,Female,25,Uasin Gishu,0701665485,M-Pesa,Buy Goods (Till),Fuel Station,Android,5690.72,55,239147.0,Completed
TXN0001612,2024-01-03 21:11:36,CUST00330,Simiyu Kiplagat,Female,42,Uasin Gishu,0740794450,M-Pesa,Withdraw Cash,N/A,Android,26246.04,100,183988.44,Completed
TXN0000662,2024-01-03 21:16:25,CUST00174,Kipchoge Wabwire,Male,72,Kiambu,0740577301,M-Pesa,Withdraw Cash,N/A,Feature Phone,42804.77,100,247411.71,Completed
TXN0003014,2024-01-04 00:15:27,CUST00713,Kipchoge Amollo,Female,65,Trans Nzoia,0723843681,Airtel Money,Pay Bill,Rent,Android,38861.77,105,42139.02,Completed
TXN0001238,2024-01-04 02:20:33,CUST00546,Barasa Mutiso,Female,68,Nakuru,0722758886,M-Pesa,Pay Bill,SACCO,Android,102578.4,100,25902.84,Completed
TXN0005459,2024-01-04 04:33:54,CUST00047,Wangari Sang,Female,47,Uasin Gishu,0768343432,M-Pesa,Send Money,N/A,Android,10297.58,62,203639.91,Completed
TXN0005784,2024-01-04 06:42:22,CUST00608,Onyango Otieno,Male,41,Kisumu,0710393914,M-Pesa,Send Money,N/A,Android,17426.98,55,5068.06,Completed
TXN0000603,2024-01-04 07:07:52,CUST00613,Kariuki Waweru,Male,66,Uasin Gishu,0111017342,M-Pesa,Buy Goods (Till),Supermarket,Android,8180.83,55,199048.57,Completed
TXN0004517,2024-01-04 08:06:45,CUST00682,Cheruiyot Gichuru,Female,69,Nairobi,0759618611,M-Pesa,Buy Goods (Till),Fuel Station,Android,4375.76,33,176091.32,Completed
TXN0000395,2024-01-04 08:47:52,CUST00782,Kipchoge Amollo,Female,33,Kajiado,0759264611,M-Pesa,Pay Bill,Electricity (KPLC),Android,78875.63,100,21437.51,Completed
TXN0002294,2024-01-04 08:52:30,CUST00258,Kiptoo Kimani,Female,56,Machakos,0790643232,M-Pesa,Buy Goods (Till),Pharmacy,iOS,3576.44,33,150776.94,Completed
TXN0004295,2024-01-04 10:53:46,CUST00547,Onyango Amollo,Female,66,Nairobi,0723768155,M-Pesa,Send Money,N/A,Android,9512.2,62,18098.53,Completed
TXN0003977,2024-01-04 12:33:11,CUST00163,Cherono Onyango,Male,61,Machakos,0722817754,Airtel Money,Buy Goods (Till),Restaurant,Android,9152.12,62,217769.63,Completed
TXN0003512,2024-01-04 13:16:24,CUST00109,Maina Wekesa,Male,35,Mombasa,0759149243,M-Pesa,Withdraw Cash,N/A,Android,4841.72,33,169784.08,Completed
TXN0002277,2024-01-04 15:44:13,CUST00098,Onyango Sang,Female,54,Kilifi,0701686939,M-Pesa,Pay Bill,Water Utility,Android,55681.16,0.0,222846.46,Reversed
TXN0005516,2024-01-04 17:33:58,CUST00281,Achieng Chepkwony,Female,53,Nairobi,0723796856,M-Pesa,Buy Goods (Till),Fuel Station,Android,6360.31,0.0,202123.65,Reversed
TXN0005106,2024-01-04 21:57:39,CUST00672,Anyango Kamau,Male,57,Nairobi,0722777279,Airtel Money,Deposit Cash,N/A,Feature Phone,22929.04,0.0,249640.99,Completed
TXN0003050,2024-01-04 22:13:25,CUST00262,Owino Omollo,Male,65,Garissa,0768732284,Airtel Money,Buy Goods (Till),Fuel Station,Android,24009.68,0.0,55670.14,Failed
TXN0001241,2024-01-04 22:42:14,CUST00380,Otieno Chepkwony,Female,35,Nairobi,0111860396,M-Pesa,Buy Goods (Till),Restaurant,Android,17649.84,55,9323.09,Completed
TXN0001695,2024-01-05 06:04:48,CUST00260,Gitau Onyango,Female,42,Nyeri,0740376649,M-Pesa,Buy Goods (Till),Hardware,Android,10888.66,55,20305.75,Completed
TXN0001657,2024-01-05 07:23:38,CUST00062,Cheruiyot Wekesa,Male,37,Uasin Gishu,0759428196,M-Pesa,Send Money,N/A,iOS,23262.15,108,210780.82,Completed
TXN0001493,2024-01-05 11:27:07,CUST00092,Cherono Kiplagat,Male,60,Mombasa,0701425316,M-Pesa,Send Money,N/A,Android,32091.15,108,178832.53,Completed
TXN0003254,2024-01-05 13:07:27,CUST00255,Owino Wekesa,Female,71,Turkana,0723231598,M-Pesa,Buy Goods (Till),Pharmacy,Android,22962.55,108,126256.07,Completed
TXN0001284,2024-01-05 13:27:28,CUST00019,Mumbi Musyoka,Male,50,Homa Bay,0759190156,M-Pesa,Buy Goods (Till),Pharmacy,Android,18965.29,87,230612.16,Completed
TXN0005962,2024-01-05 15:03:49,CUST00345,Nasike Kiplagat,Female,52,Migori,0759496156,M-Pesa,Send Money,N/A,Android,24636.23,100,19.49,Completed
TXN0000588,2024-01-05 16:55:02,CUST00202,Kariuki Kariuki,Male,38,Kajiado,0111518787,M-Pesa,Send Money,N/A,Android,19350.55,55,11003.36,Completed
TXN0001096,2024-01-05 17:45:25,CUST00403,Ndungu Ochieng,Male,68,Kilifi,0111720838,M-Pesa,Send Money,N/A,Android,33357.56,105,193215.34,Completed
TXN0005907,2024-01-05 19:20:44,CUST00295,Njeri Gichuru,Female,63,Kiambu,0740957154,M-Pesa,Send Money,N/A,Feature Phone,40025.04,100,70812.66,Completed
TXN0001779,2024-01-05 20:43:38,CUST00106,Nyambura Wekesa,Male,71,Meru,0710703796,M-Pesa,Withdraw Cash,N/A,Feature Phone,44232.47,105,7620.84,Completed
TXN0003018,2024-01-05 22:55:28,CUST00621,Barasa Ochieng,Male,56,Kiambu,0768696368,M-Pesa,Buy Goods (Till),Clothing,Feature Phone,3524.51,33,22624.36,Completed
TXN0002365,2024-01-06 05:37:52,CUST00441,Otieno Otieno,Female,39,Nairobi,0722426598,M-Pesa,Reversal,N/A,Feature Phone,17612.85,0.0,167776.72,Completed
TXN0001204,2024-01-06 06:18:51,CUST00573,Kagwe Chepkwony,Male,35,Garissa,0740693632,M-Pesa,Airtime Purchase,N/A,Android,1122.07,0.0,80989.72,Completed
TXN0000675,2024-01-06 08:19:24,CUST00209,Adhiambo Owuor,Female,56,Kisumu,0768208941,M-Pesa,Buy Goods (Till),Restaurant,Android,20477.43,100,106538.07,Completed
TXN0004883,2024-01-06 08:34:16,CUST00547,Onyango Amollo,Female,66,Nairobi,0723768155,M-Pesa,Buy Goods (Till),Pharmacy,Android,4911.65,45,181538.19,Completed
TXN0001572,2024-01-06 09:41:22,CUST00184,Nafula Musyoka,Female,26,Kakamega,0740214345,M-Pesa,Send Money,N/A,Android,49440.98,108,198678.36,Completed
TXN0000100,2024-01-06 11:41:46,CUST00640,Wangari Ruto,Female,60,Nakuru,0722988084,Airtel Money,Buy Goods (Till),Fuel Station,iOS,4613.92,33,86239.36,Completed
TXN0005137,2024-01-06 13:50:07,CUST00256,Wambui Waweru,Female,50,Nairobi,0722411826,T-Kash,Send Money,N/A,Feature Phone,22591.04,108,20125.43,Completed
TXN0002181,2024-01-06 15:57:55,CUST00604,Kiprop Mutiso,Female,72,Nairobi,0768245351,T-Kash,Send Money,N/A,Android,9535.76,55,84973.85,Completed
TXN0003792,2024-01-06 18:27:51,CUST00211,Kamau Gichuru,Male,43,Kisumu,0759744651,M-Pesa,Withdraw Cash,N/A,Android,62872.69,105,157976.09,Completed
TXN0000014,2024-01-06 21:31:10,CUST00788,Otieno Cheptoo,Male,64,Nairobi,0723646327,Airtel Money,Buy Goods (Till),Pharmacy,Feature Phone,4705.81,33,32968.18,Completed
TXN0005449,2024-01-06 21:44:56,CUST00233,Wairimu Barasa,Female,29,Mombasa,0723060436,Airtel Money,Send Money,N/A,Android,6675.38,55,54901.38,Completed
TXN0005138,2024-01-06 23:37:55,CUST00271,Njoroge Ochieng,Male,68,Nairobi,0740678934,M-Pesa,Deposit Cash,N/A,Android,21400.68,0.0,39222.21,Completed
TXN0002372,2024-01-07 03:28:42,CUST00410,Nyokabi Amollo,Female,30,Nyeri,0759097508,M-Pesa,Pay Bill,Rent,Android,97996.2,100,177042.45,Completed
TXN0000815,2024-01-07 07:06:52,CUST00509,Waweru Njoroge,Male,27,Nairobi,0740942543,T-Kash,Send Money,N/A,Android,20229.38,100,215025.26,Completed
TXN0005795,2024-01-07 07:13:09,CUST00147,Nyokabi Barasa,Male,47,Trans Nzoia,0759581528,M-Pesa,Buy Goods (Till),Pharmacy,Feature Phone,12730.24,55,21083.91,Completed
TXN0002315,2024-01-07 07:23:30,CUST00257,Waweru Karanja,Female,42,Kericho,0701246831,M-Pesa,Send Money,N/A,Android,6943.52,55,152207.45,Completed
TXN0002653,2024-01-07 07:31:51,CUST00516,Jelagat Musyoka,Female,65,Nairobi,0710687141,Airtel Money,Send Money,N/A,iOS,30528.14,108,232999.41,Completed
TXN0003356,2024-01-07 11:38:12,CUST00247,Adhiambo Gichuru,Male,30,Nairobi,0768062815,M-Pesa,Buy Goods (Till),Electronics,Feature Phone,17508.0,87,229760.84,Completed
TXN0002373,2024-01-07 12:21:44,CUST00730,Rotich Kiplagat,Male,58,Bomet,0723071676,M-Pesa,Send Money,N/A,Android,20188.88,0.0,146541.72,Failed
TXN0000017,2024-01-07 16:56:13,CUST00791,Ochieng Gichuru,Female,68,Nairobi,0722662883,M-Pesa,Pay Bill,Insurance,Android,20525.71,100,110952.17,Completed
TXN0003118,2024-01-07 16:59:31,CUST00572,Nafula Onyango,Female,40,Kericho,0740550753,M-Pesa,Airtime Purchase,N/A,Android,1606.46,0.0,247307.21,Completed
TXN0003845,2024-01-07 17:50:37,CUST00533,Ochieng Kimani,Female,59,Kisumu,0790408396,M-Pesa,Buy Goods (Till),Supermarket,Android,16089.32,55,94129.02,Completed
TXN0002473,2024-01-07 20:32:14,CUST00244,Kipchoge Ruto,Female,42,Nakuru,0701042851,M-Pesa,Deposit Cash,N/A,Android,55902.15,0.0,87379.53,Failed
TXN0005016,2024-01-07 21:13:00,CUST00647,Mutua Omollo,Female,34,Nairobi,0723135195,M-Pesa,Pay Bill,Internet (ISP),Android,97759.27,108,172956.54,Completed
TXN0002662,2024-01-07 21:32:11,CUST00082,Cherono Cheptoo,Male,27,Trans Nzoia,0759216007,M-Pesa,Send Money,N/A,Android,16511.0,87,234209.6,Completed
TXN0004810,2024-01-07 23:49:02,CUST00066,Cheruiyot Wabwire,Female,69,Nakuru,0710405588,M-Pesa,Send Money,N/A,Android,46506.39,100,135804.66,Completed
TXN0001059,2024-01-08 00:20:53,CUST00145,Nasike Kimani,Female,30,Kilifi,0790369055,M-Pesa,Send Money,N/A,iOS,46702.37,100,177576.65,Completed
TXN0004710,2024-01-08 08:32:44,CUST00032,Akinyi Njuguna,Male,37,Nakuru,0722327634,M-Pesa,Airtime Purchase,N/A,Android,236.34,0.0,113232.77,Completed
TXN0001688,2024-01-08 11:20:05,CUST00307,Cherono Amollo,Female,41,Nairobi,0111843351,M-Pesa,Deposit Cash,N/A,Feature Phone,36561.41,0.0,165128.34,Failed
TXN0001478,2024-01-08 11:22:01,CUST00711,Njoroge Ochieng,Male,27,Nairobi,0722611349,M-Pesa,Send Money,N/A,Feature Phone,24429.1,105,37520.31,Completed
TXN0005538,2024-01-08 12:56:31,CUST00519,Njoroge Makau,Female,49,Nakuru,0768869264,M-Pesa,Withdraw Cash,N/A,Android,4805.47,45,15599.64,Completed
TXN0004823,2024-01-08 13:07:39,CUST00493,Onyango Njoroge,Female,36,Kakamega,0701558507,Equitel,Send Money,N/A,Feature Phone,13057.74,62,218398.21,Completed
TXN0005299,2024-01-08 13:12:41,CUST00533,Ochieng Kimani,Female,59,Kisumu,0790408396,M-Pesa,Pay Bill,Water Utility,Android,87685.53,105,21091.9,Completed
TXN0004468,2024-01-08 14:25:19,CUST00594,Nyokabi Wabwire,Male,31,Kiambu,0740331576,M-Pesa,Send Money,N/A,Feature Phone,37657.32,108,123582.87,Completed
TXN0004943,2024-01-08 15:09:39,CUST00527,Mumbi Kamau,Male,51,Kilifi,0710407680,M-Pesa,Buy Goods (Till),Electronics,Android,7211.04,55,72281.53,Completed
TXN0005480,2024-01-08 15:41:33,CUST00453,Gitau Wekesa,Female,66,Kiambu,0790676619,Airtel Money,Pay Bill,Insurance,Android,93407.14,100,6700.17,Completed
TXN0004025,2024-01-08 16:46:18,CUST00600,Kariuki Mutiso,Female,35,Nakuru,0710420925,M-Pesa,Pay Bill,School Fees,Android,4051.36,40,29241.68,Completed
TXN0000402,2024-01-08 17:04:39,CUST00601,Mutua Ochieng,Female,25,Nairobi,0722536277,Airtel Money,Pay Bill,Loan Repayment,Android,91013.96,100,111833.35,Completed
TXN0000072,2024-01-08 17:40:01,CUST00113,Akinyi Ruto,Male,33,Uasin Gishu,0710609055,Equitel,Airtime Purchase,N/A,Android,856.23,0.0,151240.3,Completed
TXN0000401,2024-01-08 17:59:09,CUST00774,Kiprop Langat,Male,35,Nairobi,0740492092,M-Pesa,Send Money,N/A,Android,47668.59,105,42614.49,Completed
TXN0002333,2024-01-08 18:26:22,CUST00334,Nasike Ruto,Male,57,Kiambu,0790499225,M-Pesa,Send Money,N/A,Feature Phone,17526.19,87,105594.37,Completed
TXN0004674,2024-01-08 19:24:48,CUST00272,Simiyu Wabwire,Male,48,Kiambu,0722001549,M-Pesa,Send Money,N/A,Android,35655.9,100,128528.11,Completed
TXN0002272,2024-01-08 22:20:57,CUST00463,Njoroge Waweru,Male,61,Kisumu,0710447010,Airtel Money,Send Money,N/A,Feature Phone,24995.21,100,129648.47,Completed
TXN0005277,2024-01-09 00:21:50,CUST00671,Nyambura Njuguna,Male,21,Nairobi,0790548945,M-Pesa,Pay Bill,Rent,Android,146641.42,100,189352.46,Completed
TXN0001394,2024-01-09 00:38:07,CUST00383,Gitau Barasa,Female,46,Kilifi,0790111096,M-Pesa,Send Money,N/A,Android,43321.05,108,134615.26,Completed
TXN0001310,2024-01-09 03:08:41,CUST00114,Nasike Otieno,Female,58,Nakuru,0111207376,M-Pesa,Withdraw Cash,N/A,Feature Phone,3871.96,40,105562.08,Completed
TXN0004716,2024-01-09 03:50:42,CUST00309,Kiptoo Kariuki,Male,52,Turkana,0759473277,M-Pesa,Send Money,N/A,Android,6575.19,87,81106.47,Completed
TXN0003266,2024-01-09 06:49:02,CUST00622,Njeri Mutiso,Female,19,Machakos,0701362592,M-Pesa,Airtime Purchase,N/A,Feature Phone,924.99,0.0,48958.41,Completed
TXN0003006,2024-01-09 08:10:17,CUST00674,Nyokabi Wabwire,Male,61,Nairobi,0759882420,M-Pesa,Withdraw Cash,N/A,Android,6423.98,87,157745.22,Completed
TXN0003246,2024-01-09 10:31:08,CUST00473,Ochieng Mutiso,Female,22,Migori,0768049457,M-Pesa,Buy Goods (Till),Restaurant,Android,13274.77,55,215760.52,Completed
TXN0000136,2024-01-09 10:43:27,CUST00103,Nyokabi Mwangi,Male,55,Kakamega,0111366170,M-Pesa,Send Money,N/A,Android,18297.51,87,46540.18,Completed
TXN0004050,2024-01-09 11:10:38,CUST00427,Simiyu Omollo,Female,49,Nairobi,0759830191,M-Pesa,Send Money,N/A,iOS,25743.87,105,242735.71,Completed
TXN0003270,2024-01-09 12:58:37,CUST00644,Atieno Amollo,Male,61,Trans Nzoia,0701141622,M-Pesa,Pay Bill,Internet (ISP),Android,27512.93,0.0,81589.49,Failed
TXN0005322,2024-01-09 14:32:30,CUST00727,Kemboi Karanja,Male,34,Nairobi,0722093713,M-Pesa,Deposit Cash,N/A,Android,99370.07,0.0,233890.7,Completed
TXN0004653,2024-01-09 17:13:15,CUST00686,Nyokabi Ruto,Male,65,Kajiado,0759622501,M-Pesa,Airtime Purchase,N/A,Android,28.55,0.0,8381.26,Completed
TXN0002747,2024-01-09 17:35:49,CUST00173,Nabwire Cheptoo,Female,24,Turkana,0722296529,M-Pesa,Send Money,N/A,Android,11517.12,62,98817.45,Completed
TXN0002924,2024-01-09 19:04:06,CUST00130,Gitau Musyoka,Female,47,Nairobi,0710377891,M-Pesa,Send Money,N/A,Android,17752.21,62,230695.22,Completed
TXN0004438,2024-01-09 19:31:25,CUST00746,Wafula Odhiambo,Male,72,Turkana,0790917512,M-Pesa,Send Money,N/A,Android,17799.76,87,242423.61,Completed
TXN0000904,2024-01-09 19:40:02,CUST00534,Njoroge Njuguna,Female,21,Uasin Gishu,0722554478,M-Pesa,Send Money,N/A,Android,38676.53,100,22525.12,Completed
TXN0005021,2024-01-09 20:31:10,CUST00259,Wafula Kiprono,Female,51,Kilifi,0722886667,M-Pesa,Buy Goods (Till),Supermarket,iOS,21010.18,105,52039.28,Completed
TXN0000568,2024-01-09 21:06:19,CUST00192,Akinyi Njuguna,Female,23,Kakamega,0111131654,M-Pesa,Send Money,N/A,Android,2545.12,40,128311.48,Completed
TXN0005799,2024-01-09 21:46:04,CUST00347,Wairimu Kamau,Female,62,Homa Bay,0701277575,M-Pesa,Withdraw Cash,N/A,Feature Phone,41946.38,105,15590.02,Completed
TXN0002182,2024-01-09 21:58:53,CUST00401,Rotich Kiplagat,Male,52,Turkana,0701747827,M-Pesa,Deposit Cash,N/A,Android,11135.06,0.0,142905.17,Completed
TXN0004625,2024-01-09 23:32:08,CUST00450,Wairimu Wekesa,Male,28,Bungoma,0701502454,M-Pesa,Send Money,N/A,Feature Phone,20783.94,108,131875.73,Completed
TXN0001220,2024-01-10 03:12:45,CUST00239,Nyambura Karanja,Female,44,Kisumu,0768338757,M-Pesa,Send Money,N/A,Android,5803.59,55,87993.21,Completed
TXN0002023,2024-01-10 05:10:34,CUST00778,Auma Wanjala,Female,52,Turkana,0790081647,M-Pesa,Buy Goods (Till),Restaurant,Feature Phone,5908.02,55,212871.83,Completed
TXN0003995,2024-01-10 06:48:58,CUST00389,Kipchoge Sang,Male,55,Migori,0759144157,M-Pesa,Deposit Cash,N/A,Android,21359.73,0.0,18147.85,Completed
TXN0004806,2024-01-10 09:20:09,CUST00323,Maina Njoroge,Female,44,Uasin Gishu,0759435233,M-Pesa,Pay Bill,Water Utility,Feature Phone,57406.08,108,202977.47,Completed
TXN0005077,2024-01-10 09:22:58,CUST00618,Nyokabi Amollo,Male,30,Meru,0723287811,M-Pesa,Pay Bill,Internet (ISP),Android,21784.4,105,130622.96,Completed
TXN0003614,2024-01-10 16:01:43,CUST00452,Kipchoge Onyango,Female,41,Nairobi,0740692160,M-Pesa,Withdraw Cash,N/A,Feature Phone,4551.85,33,106547.55,Completed
TXN0003736,2024-01-10 17:05:01,CUST00184,Nafula Musyoka,Female,26,Kakamega,0740214345,M-Pesa,Deposit Cash,N/A,Android,23920.96,0.0,170315.81,Completed
TXN0000254,2024-01-10 20:58:04,CUST00141,Wafula Omollo,Female,35,Uasin Gishu,0740997764,M-Pesa,Deposit Cash,N/A,Android,117408.78,0.0,237003.42,Completed
TXN0004000,2024-01-10 21:59:53,CUST00775,Chebet Karanja,Female,34,Homa Bay,0790148817,M-Pesa,Send Money,N/A,Android,25099.26,100,165305.81,Completed
TXN0002812,2024-01-10 22:03:20,CUST00478,Moraa Njoroge,Male,67,Machakos,0723513387,M-Pesa,Buy Goods (Till),Clothing,Android,8375.71,55,79075.74,Completed
TXN0005337,2024-01-10 23:05:03,CUST00031,Akinyi Mutiso,Female,60,Kericho,0790563651,M-Pesa,Send Money,N/A,Android,32914.81,108,94463.24,Completed
TXN0004193,2024-01-11 00:46:18,CUST00710,Njeri Kamau,Male,54,Kajiado,0768117762,M-Pesa,Buy Goods (Till),Clothing,Android,20541.96,108,122561.55,Completed
TXN0005854,2024-01-11 05:53:01,CUST00557,Chebet Mutiso,Male,51,Uasin Gishu,0111414404,M-Pesa,Send Money,N/A,Android,52419.08,105,172983.6,Completed
TXN0004210,2024-01-11 06:15:29,CUST00119,Jelagat Otieno,Female,64,Garissa,0111646706,M-Pesa,Pay Bill,Electricity (KPLC),Android,5458.55,55,187887.21,Completed
TXN0001182,2024-01-11 06:42:57,CUST00068,Kibet Kimani,Female,63,Turkana,0701800699,M-Pesa,Buy Goods (Till),Clothing,Android,7203.77,55,29978.77,Completed
TXN0000944,2024-01-11 07:11:54,CUST00271,Njoroge Ochieng,Male,68,Nairobi,0740678934,M-Pesa,Send Money,N/A,Android,21316.38,0.0,165080.57,Reversed
TXN0001877,2024-01-11 07:29:27,CUST00536,Nyokabi Wabwire,Female,69,Nairobi,0710092640,M-Pesa,Pay Bill,Water Utility,Android,95983.51,100,203869.84,Completed
TXN0001185,2024-01-11 09:41:29,CUST00638,Mwangi Kariuki,Female,22,Kiambu,0740461070,M-Pesa,Buy Goods (Till),Electronics,iOS,15094.46,55,226621.05,Completed
TXN0003579,2024-01-11 09:47:50,CUST00686,Nyokabi Ruto,Male,65,Kajiado,0759622501,M-Pesa,Airtime Purchase,N/A,Android,543.72,0.0,223780.45,Completed
TXN0000148,2024-01-11 10:41:29,CUST00435,Jelagat Mwangi,Male,49,Trans Nzoia,0740614172,M-Pesa,Pay Bill,Insurance,Feature Phone,55638.42,108,242556.42,Completed
TXN0002954,2024-01-11 10:48:58,CUST00676,Anyango Ruto,Male,18,Nairobi,0701158490,M-Pesa,Send Money,N/A,Android,23387.81,108,15282.65,Completed
TXN0000201,2024-01-11 12:46:58,CUST00462,Wafula Karanja,Male,47,Nairobi,0768829126,M-Pesa,Pay Bill,Electricity (KPLC),Feature Phone,59159.07,100,130444.82,Completed
TXN0004702,2024-01-11 14:01:03,CUST00685,Njoroge Musyoka,Male,35,Homa Bay,0723424316,M-Pesa,Send Money,N/A,Feature Phone,40656.5,100,214811.2,Completed
TXN0000253,2024-01-11 14:25:16,CUST00435,Jelagat Mwangi,Male,49,Trans Nzoia,0740614172,M-Pesa,Reversal,N/A,Feature Phone,7710.26,0.0,193086.33,Completed
TXN0000714,2024-01-11 14:39:27,CUST00283,Kiptoo Owuor,Female,41,Meru,0722848742,M-Pesa,Reversal,N/A,Android,9994.95,0.0,2882.4,Completed
TXN0002772,2024-01-11 16:01:57,CUST00005,Nyambura Ruto,Female,40,Nairobi,0790760652,M-Pesa,Send Money,N/A,Android,26550.14,108,82821.96,Completed
TXN0001526,2024-01-11 16:13:43,CUST00480,Wafula Gichuru,Male,53,Machakos,0759877849,M-Pesa,Pay Bill,School Fees,Android,13822.33,62,26445.91,Completed
TXN0001978,2024-01-11 16:41:25,CUST00108,Nyambura Amollo,Female,30,Bungoma,0710804397,M-Pesa,Airtime Purchase,N/A,Android,258.26,0.0,193339.34,Completed
TXN0002584,2024-01-11 18:15:52,CUST00580,Wanjiku Waweru,Female,59,Kakamega,0722838415,M-Pesa,Buy Goods (Till),Hardware,Android,12723.32,0.0,167327.36,Failed
TXN0002009,2024-01-11 20:18:55,CUST00089,Nabwire Omollo,Female,69,Mombasa,0759986609,Airtel Money,Buy Goods (Till),Restaurant,Android,8407.3,62,101273.4,Completed
TXN0004350,2024-01-11 22:11:51,CUST00090,Cherono Langat,Male,66,Kiambu,0111311607,Equitel,Buy Goods (Till),Fuel Station,Android,9172.39,55,59952.02,Completed
TXN0001805,2024-01-11 23:33:43,CUST00519,Njoroge Makau,Female,49,Nakuru,0768869264,M-Pesa,Pay Bill,Rent,Android,10722.28,62,182528.31,Completed
TXN0000266,2024-01-12 01:26:09,CUST00510,Nasike Odhiambo,Female,33,Bomet,0710378096,Airtel Money,Send Money,N/A,Android,20169.59,105,155478.39,Completed
TXN0001910,2024-01-12 03:14:25,CUST00549,Chelagat Sang,Female,18,Nairobi,0701350373,M-Pesa,Buy Goods (Till),Restaurant,Android,13988.67,0.0,192662.63,Failed
TXN0002646,2024-01-12 04:13:59,CUST00361,Kemboi Musyoka,Female,51,Machakos,0790027096,Airtel Money,Buy Goods (Till),Electronics,Feature Phone,1566.63,45,177980.21,Completed
TXN0003249,2024-01-12 06:14:14,CUST00776,Atieno Barasa,Male,23,Kiambu,0701538414,M-Pesa,Withdraw Cash,N/A,iOS,33877.02,100,190131.59,Completed
TXN0002733,2024-01-12 06:49:09,CUST00394,Kamau Wekesa,Male,27,Nairobi,0111086829,M-Pesa,Send Money,N/A,Android,30733.12,0.0,55836.08,Failed
TXN0001769,2024-01-12 09:33:06,CUST00222,Wangari Barasa,Male,34,Kericho,0768773202,M-Pesa,Pay Bill,DSTV/GOTV,Android,61734.38,108,59314.4,Completed
TXN0004907,2024-01-12 09:38:29,CUST00771,Cherono Barasa,Female,30,Nairobi,0759781757,M-Pesa,Send Money,N/A,Android,64757.28,105,124574.38,Completed
TXN0000480,2024-01-12 14:40:14,CUST00577,Kiprop Amollo,Male,57,Machakos,0740243297,M-Pesa,Buy Goods (Till),Restaurant,Android,15675.92,62,169504.82,Completed
TXN0003255,2024-01-12 15:16:13,CUST00502,Waweru Odhiambo,Female,52,Kiambu,0768464710,M-Pesa,Pay Bill,Rent,Feature Phone,82060.97,105,29776.39,Completed
TXN0000265,2024-01-12 15:26:06,CUST00760,Cherono Waweru,Male,28,Meru,0723187281,M-Pesa,Withdraw Cash,N/A,Android,32878.2,100,196639.2,Completed
TXN0002216,2024-01-12 15:56:41,CUST00766,Nafula Sang,Male,72,Nairobi,0111954218,M-Pesa,Send Money,N/A,iOS,21086.64,100,188314.36,Completed
TXN0000068,2024-01-12 15:57:01,CUST00496,Akinyi Odhiambo,Female,40,Kilifi,0790300837,M-Pesa,Deposit Cash,N/A,Feature Phone,99035.73,0.0,171805.48,Completed
TXN0000467,2024-01-12 17:35:54,CUST00263,Nasike Karanja,Male,30,Kisumu,0768548193,Equitel,Buy Goods (Till),Fuel Station,Feature Phone,7325.91,87,71345.43,Completed
TXN0000117,2024-01-12 18:46:48,CUST00768,Wanjiku Amollo,Female,40,Kiambu,0111878951,M-Pesa,Deposit Cash,N/A,Feature Phone,80980.6,0.0,9548.4,Completed
TXN0002996,2024-01-13 01:23:07,CUST00071,Kemboi Kamau,Female,69,Mombasa,0790614356,M-Pesa,Send Money,N/A,Android,26188.42,105,96677.62,Completed
TXN0005517,2024-01-13 04:24:00,CUST00302,Njoroge Sang,Male,46,Nakuru,0722451375,T-Kash,Pay Bill,Insurance,Android,105676.27,100,146287.05,Completed
TXN0005658,2024-01-13 07:07:02,CUST00644,Atieno Amollo,Male,61,Trans Nzoia,0701141622,M-Pesa,Buy Goods (Till),Hardware,Android,10597.02,55,126132.69,Completed
TXN0002934,2024-01-13 08:09:10,CUST00321,Waweru Kiprono,Male,34,Mombasa,0740905520,M-Pesa,Pay Bill,SACCO,Android,61784.14,0.0,105436.45,Failed
TXN0002040,2024-01-13 09:25:13,CUST00145,Nasike Kimani,Female,30,Kilifi,0790369055,M-Pesa,Airtime Purchase,N/A,iOS,328.47,0.0,1191.86,Completed
TXN0000497,2024-01-13 10:50:57,CUST00774,Kiprop Langat,Male,35,Nairobi,0740492092,M-Pesa,Buy Goods (Till),Electronics,Android,18444.94,55,5876.4,Completed
TXN0002755,2024-01-13 10:56:43,CUST00213,Atieno Odhiambo,Male,65,Kakamega,0710177195,Airtel Money,Send Money,N/A,Feature Phone,3264.39,40,239060.17,Completed
TXN0000242,2024-01-13 11:02:40,CUST00542,Kariuki Wanjala,Male,59,Kiambu,0768021322,Airtel Money,Send Money,N/A,Android,63433.09,108,109301.73,Completed
TXN0005220,2024-01-13 12:46:19,CUST00082,Cherono Cheptoo,Male,27,Trans Nzoia,0759216007,M-Pesa,Withdraw Cash,N/A,Android,41640.9,105,60577.3,Completed
TXN0004726,2024-01-13 12:51:59,CUST00691,Wanjiku Wekesa,Male,54,Nairobi,0722874753,M-Pesa,Send Money,N/A,Feature Phone,28905.61,0.0,103102.14,Failed
TXN0004830,2024-01-13 13:27:56,CUST00416,Mumbi Karanja,Male,66,Kakamega,0722764264,M-Pesa,Withdraw Cash,N/A,Feature Phone,44452.75,105,191409.25,Completed
TXN0001570,2024-01-13 13:49:17,CUST00381,Nabwire Kiprono,Male,45,Bomet,0111416562,M-Pesa,Send Money,N/A,Android,14799.86,87,138364.74,Completed
TXN0001649,2024-01-13 14:56:05,CUST00744,Wafula Wanjala,Male,19,Kisumu,0759518123,M-Pesa,Send Money,N/A,Feature Phone,16839.57,55,208807.27,Completed
TXN0000527,2024-01-13 15:08:22,CUST00162,Kiptoo Waweru,Male,44,Uasin Gishu,0710323043,M-Pesa,Send Money,N/A,Feature Phone,25352.62,100,108185.38,Completed
TXN0001252,2024-01-13 16:30:07,CUST00760,Cherono Waweru,Male,28,Meru,0723187281,M-Pesa,Pay Bill,Rent,Android,88328.21,108,207798.78,Completed
TXN0005415,2024-01-13 16:52:37,CUST00044,Anyango Langat,Female,30,Nairobi,0740178619,Airtel Money,Send Money,N/A,Android,65678.4,100,147478.76,Completed
TXN0002658,2024-01-13 18:12:35,CUST00298,Njoroge Karanja,Male,59,Nairobi,0759009756,M-Pesa,Buy Goods (Till),Supermarket,Android,1810.35,0.0,73946.85,Reversed
TXN0001977,2024-01-13 18:17:28,CUST00027,Otieno Wekesa,Female,65,Homa Bay,0768888271,Airtel Money,Buy Goods (Till),Restaurant,Feature Phone,20791.49,100,150020.59,Completed
TXN0001576,2024-01-13 18:37:58,CUST00457,Onyango Kiplagat,Male,67,Nairobi,0768186706,M-Pesa,Deposit Cash,N/A,Android,11614.67,0.0,2695.08,Completed
TXN0004801,2024-01-13 19:05:23,CUST00385,Achieng Waweru,Male,66,Bomet,0790926221,T-Kash,Buy Goods (Till),Restaurant,Android,17246.61,55,139034.85,Completed
TXN0001987,2024-01-13 19:23:57,CUST00428,Wangari Odhiambo,Female,46,Nyeri,0710273671,M-Pesa,Deposit Cash,N/A,Android,112362.01,0.0,136072.81,Completed
TXN0002560,2024-01-13 19:38:26,CUST00614,Rotich Langat,Male,61,Kilifi,0768331027,M-Pesa,Buy Goods (Till),Fuel Station,Android,4310.5,45,208661.08,Completed
TXN0005493,2024-01-13 21:52:57,CUST00407,Kibet Njoroge,Male,30,Kiambu,0759341120,M-Pesa,Send Money,N/A,Android,50318.32,108,6813.23,Completed
TXN0002714,2024-01-13 23:06:24,CUST00128,Nyambura Odhiambo,Male,57,Nyeri,0111858006,M-Pesa,Deposit Cash,N/A,Android,50495.79,0.0,110079.61,Completed
TXN0001593,2024-01-13 23:13:10,CUST00232,Mumbi Mutiso,Male,69,Kilifi,0111907955,M-Pesa,Reversal,N/A,iOS,8795.7,0.0,170737.6,Completed
TXN0005995,2024-01-14 09:45:13,CUST00564,Cheruiyot Kamau,Male,54,Machakos,0790515165,M-Pesa,Buy Goods (Till),Hardware,Android,16614.58,87,130849.2,Completed
TXN0004790,2024-01-14 10:08:27,CUST00613,Kariuki Waweru,Male,66,Uasin Gishu,0111017342,M-Pesa,Buy Goods (Till),Hardware,Android,24037.42,100,78994.62,Completed
TXN0001428,2024-01-14 12:49:38,CUST00671,Nyambura Njuguna,Male,21,Nairobi,0790548945,M-Pesa,Deposit Cash,N/A,Android,98726.96,0.0,21248.13,Completed
TXN0001037,2024-01-14 13:00:16,CUST00323,Maina Njoroge,Female,44,Uasin Gishu,0759435233,M-Pesa,Buy Goods (Till),Electronics,Feature Phone,19895.42,87,197526.37,Completed
TXN0003726,2024-01-14 13:53:27,CUST00047,Wangari Sang,Female,47,Uasin Gishu,0768343432,M-Pesa,Send Money,N/A,Android,9485.57,62,120976.63,Completed
TXN0002901,2024-01-14 15:22:19,CUST00429,Nasike Makau,Female,66,Homa Bay,0740374180,Airtel Money,Buy Goods (Till),Supermarket,Android,6099.99,55,25534.53,Completed
TXN0002649,2024-01-14 17:11:35,CUST00623,Wangari Makau,Female,45,Kilifi,0723032120,Airtel Money,Pay Bill,Water Utility,Android,43959.55,105,65858.87,Completed
TXN0000114,2024-01-14 17:30:19,CUST00318,Onyango Wanjala,Female,55,Nairobi,0768312854,M-Pesa,Buy Goods (Till),Fuel Station,Android,21756.03,100,151693.6,Completed
TXN0003850,2024-01-14 18:57:44,CUST00055,Kipchoge Chepkwony,Male,22,Nairobi,0768452277,M-Pesa,Buy Goods (Till),Pharmacy,Android,7328.16,62,41932.2,Completed
TXN0003595,2024-01-14 21:21:25,CUST00436,Chebet Otieno,Female,22,Nairobi,0790704600,M-Pesa,Withdraw Cash,N/A,Android,51925.58,105,112283.12,Completed
TXN0003263,2024-01-14 21:52:02,CUST00576,Kipchoge Amollo,Female,67,Kajiado,0722131077,M-Pesa,Pay Bill,School Fees,Feature Phone,106501.59,100,242929.44,Completed
TXN0002912,2024-01-14 23:34:31,CUST00180,Nyambura Waweru,Male,35,Mombasa,0701739746,M-Pesa,Pay Bill,Internet (ISP),Android,104265.77,0.0,112251.88,Reversed
TXN0005872,2024-01-15 00:45:10,CUST00141,Wafula Omollo,Female,35,Uasin Gishu,0740997764,M-Pesa,Send Money,N/A,Android,28678.29,108,236211.57,Completed
TXN0004264,2024-01-15 10:08:56,CUST00568,Kirui Ochieng,Female,38,Nairobi,0111298025,M-Pesa,Pay Bill,Loan Repayment,Android,20999.29,108,155742.64,Completed
TXN0005241,2024-01-15 11:42:54,CUST00755,Simiyu Cheptoo,Male,21,Nairobi,0722190368,M-Pesa,Send Money,N/A,Android,25490.03,108,17296.37,Completed
TXN0005744,2024-01-15 11:49:07,CUST00483,Achieng Njoroge,Female,24,Nairobi,0759549030,M-Pesa,Withdraw Cash,N/A,Android,66126.34,108,89988.14,Completed
TXN0004118,2024-01-15 12:49:08,CUST00014,Nyokabi Mwangi,Male,50,Nairobi,0701219547,Airtel Money,Pay Bill,School Fees,Android,97400.76,105,221128.07,Completed
TXN0000590,2024-01-15 13:09:42,CUST00262,Owino Omollo,Male,65,Garissa,0768732284,Airtel Money,Reversal,N/A,Android,7242.93,0.0,40847.86,Reversed
TXN0004848,2024-01-15 15:08:56,CUST00696,Omondi Karanja,Female,48,Nairobi,0710481591,M-Pesa,Send Money,N/A,Android,19534.96,0.0,112282.76,Failed
TXN0000088,2024-01-15 16:17:42,CUST00061,Wafula Owuor,Male,41,Machakos,0701672594,M-Pesa,Withdraw Cash,N/A,Android,14224.81,62,208580.86,Completed
TXN0000574,2024-01-15 16:25:40,CUST00768,Wanjiku Amollo,Female,40,Kiambu,0111878951,M-Pesa,Buy Goods (Till),Pharmacy,Feature Phone,6085.72,62,31559.96,Completed
TXN0002026,2024-01-15 17:23:25,CUST00295,Njeri Gichuru,Female,63,Kiambu,0740957154,M-Pesa,Buy Goods (Till),Pharmacy,Feature Phone,8768.99,87,32223.21,Completed
TXN0002611,2024-01-15 17:35:07,CUST00333,Barasa Njoroge,Male,32,Nairobi,0740837109,M-Pesa,Send Money,N/A,Android,35837.1,108,3974.81,Completed
TXN0000372,2024-01-15 18:28:37,CUST00206,Kirui Mwangi,Male,64,Bungoma,0723381771,Equitel,Send Money,N/A,Android,65699.57,100,27851.66,Completed
TXN0002228,2024-01-15 19:26:29,CUST00447,Akinyi Langat,Male,20,Machakos,0701608345,M-Pesa,Deposit Cash,N/A,iOS,40525.3,0.0,21139.11,Completed
TXN0002765,2024-01-15 20:51:16,CUST00014,Nyokabi Mwangi,Male,50,Nairobi,0701219547,Airtel Money,Send Money,N/A,Android,2818.6,33,60156.78,Completed
TXN0002109,2024-01-15 21:23:56,CUST00391,Kirui Chepkwony,Male,42,Nairobi,0710956181,M-Pesa,Send Money,N/A,Android,8999.96,62,137228.71,Completed
TXN0003289,2024-01-15 23:11:43,CUST00296,Nyokabi Ruto,Female,36,Nairobi,0759457613,M-Pesa,Withdraw Cash,N/A,Android,42054.89,108,117484.29,Completed
TXN0000606,2024-01-16 02:58:04,CUST00717,Nasike Njuguna,Female,72,Nairobi,0710148078,Airtel Money,Buy Goods (Till),Supermarket,Android,11917.25,62,82535.43,Completed
TXN0003271,2024-01-16 03:20:20,CUST00300,Achieng Mwangi,Female,22,Nairobi,0790552236,M-Pesa,Send Money,N/A,Android,7599.29,0.0,35007.88,Failed
TXN0003448,2024-01-16 06:48:39,CUST00776,Atieno Barasa,Male,23,Kiambu,0701538414,M-Pesa,Deposit Cash,N/A,iOS,23255.77,0.0,110252.85,Completed
TXN0005035,2024-01-16 06:48:54,CUST00465,Mutua Musyoka,Female,41,Bomet,0722129615,M-Pesa,Pay Bill,DSTV/GOTV,Android,103229.51,100,135845.99,Completed
TXN0002177,2024-01-16 07:01:39,CUST00546,Barasa Mutiso,Female,68,Nakuru,0722758886,M-Pesa,Buy Goods (Till),Hardware,Android,13607.88,0.0,131395.53,Failed
TXN0000858,2024-01-16 07:15:18,CUST00439,Maina Sang,Female,36,Kakamega,0710596231,M-Pesa,Reversal,N/A,Android,2478.18,0.0,1564.39,Completed
TXN0002859,2024-01-16 07:19:26,CUST00709,Kagwe Kamau,Female,62,Bomet,0111015451,M-Pesa,Buy Goods (Till),Pharmacy,Android,15477.21,55,91754.77,Completed
TXN0000625,2024-01-16 07:28:11,CUST00628,Anyango Onyango,Female,28,Mombasa,0768577870,M-Pesa,Airtime Purchase,N/A,Feature Phone,351.45,0.0,182817.77,Completed
TXN0003474,2024-01-16 08:31:27,CUST00138,Kagwe Otieno,Male,55,Mombasa,0759668160,T-Kash,Buy Goods (Till),Hardware,Android,14912.97,62,217093.79,Completed
TXN0003498,2024-01-16 08:58:01,CUST00630,Wafula Kamau,Male,18,Kericho,0111499934,M-Pesa,Buy Goods (Till),Restaurant,Android,13320.82,87,119137.88,Completed
TXN0005204,2024-01-16 10:26:03,CUST00221,Ochieng Waweru,Male,62,Turkana,0701900180,M-Pesa,Buy Goods (Till),Supermarket,Android,21485.43,100,160484.67,Completed
TXN0001110,2024-01-16 11:16:41,CUST00339,Barasa Musyoka,Male,71,Machakos,0701723583,M-Pesa,Deposit Cash,N/A,Android,15432.07,0.0,7987.07,Completed
TXN0002069,2024-01-16 13:13:19,CUST00510,Nasike Odhiambo,Female,33,Bomet,0710378096,Airtel Money,Send Money,N/A,Android,15477.7,62,48141.28,Completed
TXN0004604,2024-01-16 13:48:05,CUST00560,Mwangi Wanjala,Female,72,Nakuru,0723325133,M-Pesa,Airtime Purchase,N/A,Android,1509.48,0.0,75803.12,Completed
TXN0000138,2024-01-16 14:01:44,CUST00250,Nabwire Wanjala,Female,48,Nairobi,0790466438,M-Pesa,Send Money,N/A,Android,18913.66,87,100288.28,Completed
TXN0001733,2024-01-16 15:45:39,CUST00612,Simiyu Njuguna,Male,24,Nakuru,0722282629,M-Pesa,Withdraw Cash,N/A,Feature Phone,28745.41,100,52491.8,Completed
TXN0004337,2024-01-16 18:38:23,CUST00018,Njoroge Waweru,Female,62,Bomet,0759641207,M-Pesa,Send Money,N/A,Android,51534.94,108,123209.43,Completed
TXN0000322,2024-01-16 20:01:49,CUST00301,Wairimu Kamau,Male,59,Nyeri,0723757091,Airtel Money,Pay Bill,Insurance,Android,126354.2,0.0,110634.01,Reversed
TXN0000966,2024-01-16 22:58:02,CUST00798,Nafula Odhiambo,Female,65,Nairobi,0701076441,M-Pesa,Send Money,N/A,Feature Phone,25980.17,108,56988.02,Completed
TXN0000724,2024-01-17 06:17:09,CUST00678,Mwangi Njoroge,Male,36,Nairobi,0768430699,Equitel,Send Money,N/A,Android,16404.27,87,93831.38,Completed
TXN0001275,2024-01-17 07:07:45,CUST00134,Nabwire Chepkwony,Male,30,Nakuru,0790057296,M-Pesa,Send Money,N/A,iOS,60722.02,105,241502.57,Completed
TXN0000735,2024-01-17 10:26:36,CUST00400,Nyokabi Onyango,Female,64,Uasin Gishu,0722818944,M-Pesa,Send Money,N/A,Android,55024.83,105,216568.36,Completed
TXN0005366,2024-01-17 11:20:18,CUST00646,Kiprop Gichuru,Female,62,Kiambu,0740976637,M-Pesa,Send Money,N/A,Android,14402.57,87,105901.96,Completed
TXN0004808,2024-01-17 12:20:08,CUST00092,Cherono Kiplagat,Male,60,Mombasa,0701425316,M-Pesa,Pay Bill,Electricity (KPLC),Android,58969.64,100,24215.97,Completed
TXN0003162,2024-01-17 13:23:01,CUST00504,Muthoni Kiplagat,Male,27,Nairobi,0790848968,M-Pesa,Pay Bill,Internet (ISP),Android,58908.88,100,163285.9,Completed
TXN0004870,2024-01-17 15:46:00,CUST00734,Rotich Kiplagat,Male,50,Uasin Gishu,0722682751,Airtel Money,Buy Goods (Till),Fuel Station,iOS,4779.16,0.0,122256.84,Failed
TXN0001771,2024-01-17 18:17:58,CUST00479,Chebet Chepkwony,Female,55,Nakuru,0710053439,M-Pesa,Pay Bill,Water Utility,Android,39980.01,100,242293.95,Completed
TXN0005876,2024-01-17 18:49:51,CUST00555,Kagwe Waweru,Female,50,Nairobi,0722825179,M-Pesa,Buy Goods (Till),Restaurant,Android,24778.4,100,24846.08,Completed
TXN0003683,2024-01-17 22:21:44,CUST00058,Mutua Odhiambo,Male,71,Kericho,0722962074,M-Pesa,Pay Bill,Internet (ISP),Feature Phone,27770.46,100,9873.07,Completed
TXN0002270,2024-01-17 23:08:11,CUST00495,Kariuki Sang,Female,25,Uasin Gishu,0701665485,M-Pesa,Airtime Purchase,N/A,Android,555.6,0.0,70039.89,Completed
TXN0001512,2024-01-17 23:42:31,CUST00415,Jelagat Wekesa,Male,37,Migori,0723565836,M-Pesa,Send Money,N/A,Android,39332.86,100,204139.67,Completed
TXN0005184,2024-01-18 00:12:13,CUST00628,Anyango Onyango,Female,28,Mombasa,0768577870,M-Pesa,Pay Bill,Internet (ISP),Feature Phone,46430.89,108,140136.54,Completed
TXN0005817,2024-01-18 01:09:00,CUST00183,Mumbi Chepkwony,Male,29,Meru,0759079278,M-Pesa,Buy Goods (Till),Supermarket,Feature Phone,10245.4,55,153735.31,Completed
TXN0002583,2024-01-18 04:45:51,CUST00545,Owino Karanja,Male,34,Nakuru,0710185831,M-Pesa,Buy Goods (Till),Electronics,Android,14954.36,55,23913.45,Completed
TXN0000983,2024-01-18 06:39:44,CUST00704,Chelagat Kimani,Male,27,Kiambu,0768479814,M-Pesa,Withdraw Cash,N/A,Android,65297.93,105,222288.46,Completed
TXN0002242,2024-01-18 08:12:03,CUST00550,Mutua Kiprono,Female,69,Mombasa,0768895694,M-Pesa,Withdraw Cash,N/A,Feature Phone,10408.59,87,126247.15,Completed
TXN0001923,2024-01-18 11:15:18,CUST00188,Nasike Ochieng,Female,46,Nyeri,0701338186,M-Pesa,Buy Goods (Till),Hardware,Android,9291.46,55,74657.64,Completed
TXN0004433,2024-01-18 12:12:40,CUST00053,Omondi Kiprono,Male,69,Uasin Gishu,0790025456,M-Pesa,Deposit Cash,N/A,Android,33287.31,0.0,129339.94,Completed
TXN0000696,2024-01-18 13:20:00,CUST00643,Kemboi Cheptoo,Female,62,Homa Bay,0768211558,M-Pesa,Pay Bill,School Fees,Android,70258.71,100,58554.89,Completed
TXN0000150,2024-01-18 13:25:13,CUST00002,Kiptoo Njoroge,Male,63,Kakamega,0759442871,M-Pesa,Pay Bill,Water Utility,Android,81109.73,100,124987.42,Completed
TXN0000361,2024-01-18 13:36:37,CUST00730,Rotich Kiplagat,Male,58,Bomet,0723071676,M-Pesa,Buy Goods (Till),Pharmacy,Android,15219.2,87,153254.26,Completed
TXN0000008,2024-01-18 13:58:58,CUST00062,Cheruiyot Wekesa,Male,37,Uasin Gishu,0759428196,M-Pesa,Send Money,N/A,iOS,29689.5,105,96165.81,Completed
TXN0005020,2024-01-18 17:26:55,CUST00033,Kemboi Mwangi,Male,36,Kisumu,0111092381,M-Pesa,Pay Bill,Insurance,iOS,10845.83,87,226564.9,Completed
TXN0000481,2024-01-18 19:25:26,CUST00039,Owino Barasa,Male,66,Nakuru,0768577842,M-Pesa,Buy Goods (Till),Pharmacy,Android,18618.79,55,144190.17,Completed
TXN0003238,2024-01-18 19:43:18,CUST00396,Maina Waweru,Male,71,Uasin Gishu,0790418342,M-Pesa,Send Money,N/A,Android,41932.19,100,78556.52,Completed
TXN0000233,2024-01-18 20:45:02,CUST00077,Chebet Odhiambo,Female,32,Mombasa,0759366647,M-Pesa,Send Money,N/A,Android,17004.15,87,148235.07,Completed
TXN0003304,2024-01-18 22:51:22,CUST00096,Chebet Omollo,Female,45,Machakos,0759087270,M-Pesa,Pay Bill,School Fees,Android,60308.13,108,95928.88,Completed
TXN0001392,2024-01-19 06:00:59,CUST00633,Barasa Omollo,Male,56,Uasin Gishu,0710076935,Airtel Money,Pay Bill,DSTV/GOTV,Android,99481.4,105,117002.58,Completed
TXN0001343,2024-01-19 08:20:22,CUST00243,Wafula Ochieng,Female,19,Nairobi,0790941748,M-Pesa,Send Money,N/A,Android,52382.0,105,228799.64,Completed
TXN0005888,2024-01-19 08:25:48,CUST00366,Jelagat Onyango,Female,18,Nyeri,0790559332,Airtel Money,Send Money,N/A,Android,53739.06,105,20469.54,Completed
TXN0001312,2024-01-19 09:36:10,CUST00345,Nasike Kiplagat,Female,52,Migori,0759496156,M-Pesa,Send Money,N/A,Android,19852.04,55,80441.37,Completed
TXN0002260,2024-01-19 09:46:05,CUST00101,Jelagat Ochieng,Male,69,Turkana,0111906079,M-Pesa,Send Money,N/A,Android,44683.08,108,71623.88,Completed
TXN0003631,2024-01-19 09:51:00,CUST00486,Muthoni Langat,Female,55,Nairobi,0723133221,Equitel,Withdraw Cash,N/A,Android,19419.66,62,243166.16,Completed
TXN0005753,2024-01-19 10:20:27,CUST00763,Mwangi Otieno,Male,20,Uasin Gishu,0740012673,M-Pesa,Pay Bill,Insurance,Feature Phone,31839.85,105,56717.89,Completed
TXN0002764,2024-01-19 12:11:23,CUST00788,Otieno Cheptoo,Male,64,Nairobi,0723646327,Airtel Money,Send Money,N/A,Feature Phone,9742.06,55,51997.81,Completed
TXN0005357,2024-01-19 14:51:04,CUST00742,Anyango Ochieng,Male,49,Bungoma,0768090633,Airtel Money,Deposit Cash,N/A,Feature Phone,64818.27,0.0,159067.73,Failed
TXN0001796,2024-01-19 17:35:36,CUST00243,Wafula Ochieng,Female,19,Nairobi,0790941748,M-Pesa,Pay Bill,School Fees,Android,75437.35,105,162926.39,Completed
TXN0003836,2024-01-19 17:59:45,CUST00620,Kirui Njoroge,Male,47,Nairobi,0790630235,Equitel,Airtime Purchase,N/A,Android,233.11,0.0,138331.29,Completed
TXN0000896,2024-01-19 19:16:26,CUST00085,Cherono Wanjala,Male,58,Uasin Gishu,0111352547,M-Pesa,Send Money,N/A,Android,28858.16,100,36296.01,Completed
TXN0001765,2024-01-19 19:17:41,CUST00569,Mwangi Kariuki,Female,21,Kiambu,0759444282,T-Kash,Airtime Purchase,N/A,Android,64.54,0.0,129234.15,Completed
TXN0000267,2024-01-19 19:24:22,CUST00340,Nabwire Njuguna,Male,59,Kakamega,0710923574,M-Pesa,Send Money,N/A,Android,23045.47,100,228394.23,Completed
TXN0004592,2024-01-19 19:27:57,CUST00581,Kagwe Omollo,Male,21,Kiambu,0768533388,Equitel,Airtime Purchase,N/A,Android,950.45,0.0,50913.74,Completed
TXN0003308,2024-01-19 19:56:13,CUST00096,Chebet Omollo,Female,45,Machakos,0759087270,M-Pesa,Send Money,N/A,Android,44287.48,100,101474.31,Completed
TXN0004613,2024-01-19 20:36:11,CUST00698,Kirui Onyango,Male,19,Nairobi,0722760201,M-Pesa,Airtime Purchase,N/A,Android,199.39,0.0,121585.91,Completed
TXN0004814,2024-01-19 20:39:49,CUST00508,Ochieng Odhiambo,Male,71,Uasin Gishu,0759282183,M-Pesa,Send Money,N/A,Android,23960.0,108,70584.54,Completed
TXN0000507,2024-01-19 22:03:20,CUST00475,Mwangi Kimani,Female,60,Turkana,0768196074,Equitel,Send Money,N/A,Android,27443.57,108,163425.58,Completed
TXN0000168,2024-01-19 23:08:23,CUST00585,Njeri Ochieng,Female,61,Nairobi,0722230725,M-Pesa,Send Money,N/A,Android,16135.94,55,173564.28,Completed
TXN0005194,2024-01-20 04:33:07,CUST00688,Achieng Kiprono,Male,30,Nakuru,0790878533,M-Pesa,Withdraw Cash,N/A,Android,8218.47,87,36746.23,Completed
TXN0004389,2024-01-20 06:33:35,CUST00515,Wafula Kimani,Female,37,Kiambu,0723127761,M-Pesa,Send Money,N/A,Android,14750.71,62,99555.11,Completed
TXN0002441,2024-01-20 08:21:34,CUST00413,Kibet Chepkwony,Male,59,Nairobi,0790544659,M-Pesa,Buy Goods (Till),Restaurant,Android,12493.73,55,228378.74,Completed
TXN0002513,2024-01-20 08:44:57,CUST00511,Simiyu Wabwire,Male,68,Kakamega,0790539381,Airtel Money,Send Money,N/A,Feature Phone,15320.3,87,98687.97,Completed
TXN0001627,2024-01-20 09:07:21,CUST00069,Maina Kimani,Male,63,Garissa,0701120303,M-Pesa,Buy Goods (Till),Supermarket,Android,6628.75,55,153630.81,Completed
TXN0000957,2024-01-20 10:16:13,CUST00593,Kagwe Wekesa,Female,39,Kericho,0740108906,M-Pesa,Airtime Purchase,N/A,Feature Phone,943.85,0.0,166145.86,Completed
TXN0003381,2024-01-20 10:19:39,CUST00602,Maina Langat,Male,65,Kisumu,0790028744,M-Pesa,Pay Bill,Electricity (KPLC),Android,61431.98,100,163420.13,Completed
TXN0000159,2024-01-20 10:43:08,CUST00466,Nyambura Omollo,Male,25,Nairobi,0111543276,Equitel,Buy Goods (Till),Supermarket,Android,9778.47,62,115062.68,Completed
TXN0003841,2024-01-20 14:53:53,CUST00713,Kipchoge Amollo,Female,65,Trans Nzoia,0723843681,Airtel Money,Send Money,N/A,Android,18306.52,55,26969.67,Completed
TXN0005470,2024-01-20 18:28:42,CUST00471,Kemboi Ruto,Male,43,Nairobi,0768332398,M-Pesa,Pay Bill,Loan Repayment,Feature Phone,15138.31,87,76702.23,Completed
TXN0001521,2024-01-20 18:41:18,CUST00779,Kamau Kariuki,Male,71,Trans Nzoia,0723302430,M-Pesa,Reversal,N/A,Android,10384.76,0.0,244442.32,Completed
TXN0004273,2024-01-20 18:41:56,CUST00324,Auma Omollo,Male,46,Bungoma,0710157866,M-Pesa,Send Money,N/A,Android,2753.78,33,184685.1,Completed
TXN0001514,2024-01-20 18:57:36,CUST00085,Cherono Wanjala,Male,58,Uasin Gishu,0111352547,M-Pesa,Withdraw Cash,N/A,Android,11832.67,55,177058.27,Completed
TXN0002863,2024-01-20 19:19:11,CUST00036,Akinyi Amollo,Female,64,Turkana,0768858742,M-Pesa,Airtime Purchase,N/A,Android,794.8,0.0,169071.4,Completed
TXN0003985,2024-01-20 19:39:32,CUST00156,Kiprop Odhiambo,Female,60,Garissa,0710631557,M-Pesa,Buy Goods (Till),Restaurant,Android,1407.6,40,77899.11,Completed
TXN0002827,2024-01-20 19:52:04,CUST00688,Achieng Kiprono,Male,30,Nakuru,0790878533,M-Pesa,Send Money,N/A,Android,14366.51,62,145158.08,Completed
TXN0002800,2024-01-20 20:44:54,CUST00786,Owino Kimani,Male,64,Uasin Gishu,0701772733,Airtel Money,Send Money,N/A,Android,13555.95,62,174169.15,Completed
TXN0004448,2024-01-20 21:56:07,CUST00279,Wanjiku Kimani,Male,28,Kisumu,0701880429,M-Pesa,Airtime Purchase,N/A,Android,527.81,0.0,1389.35,Completed
TXN0000604,2024-01-20 22:41:21,CUST00154,Kiptoo Kiplagat,Male,61,Bungoma,0722387503,M-Pesa,Pay Bill,Water Utility,iOS,51528.53,108,161992.44,Completed
TXN0004999,2024-01-21 02:43:28,CUST00753,Kibet Sang,Female,40,Nakuru,0759740294,M-Pesa,Buy Goods (Till),Electronics,Feature Phone,8136.34,55,167469.15,Completed
TXN0000762,2024-01-21 05:09:37,CUST00103,Nyokabi Mwangi,Male,55,Kakamega,0111366170,M-Pesa,Airtime Purchase,N/A,Android,1113.3,0.0,85133.35,Completed
TXN0003121,2024-01-21 06:11:10,CUST00139,Jelagat Mutiso,Male,44,Nairobi,0740479870,M-Pesa,Send Money,N/A,Android,46871.88,105,10337.14,Completed
TXN0000106,2024-01-21 06:26:18,CUST00630,Wafula Kamau,Male,18,Kericho,0111499934,M-Pesa,Send Money,N/A,Android,11029.35,62,19446.86,Completed
TXN0001362,2024-01-21 06:46:34,CUST00515,Wafula Kimani,Female,37,Kiambu,0723127761,M-Pesa,Buy Goods (Till),Supermarket,Android,8030.71,55,83997.06,Completed
TXN0005290,2024-01-21 08:45:00,CUST00661,Kiprop Ochieng,Male,50,Kiambu,0759196209,Airtel Money,Airtime Purchase,N/A,Android,1311.0,0.0,155198.64,Completed
TXN0005632,2024-01-21 09:01:37,CUST00189,Ochieng Wekesa,Male,53,Nairobi,0759447616,M-Pesa,Buy Goods (Till),Fuel Station,Feature Phone,25227.99,105,135060.13,Completed
TXN0004683,2024-01-21 10:03:02,CUST00208,Owino Waweru,Female,38,Bungoma,0740205667,M-Pesa,Send Money,N/A,Feature Phone,17367.88,62,151592.07,Completed
TXN0005607,2024-01-21 10:43:17,CUST00730,Rotich Kiplagat,Male,58,Bomet,0723071676,M-Pesa,Withdraw Cash,N/A,Android,24353.72,108,37886.31,Completed
TXN0003824,2024-01-21 11:31:44,CUST00407,Kibet Njoroge,Male,30,Kiambu,0759341120,M-Pesa,Buy Goods (Till),Electronics,Android,14331.24,0.0,140934.9,Failed
TXN0001060,2024-01-21 12:30:54,CUST00051,Wafula Barasa,Male,32,Nakuru,0790052956,M-Pesa,Send Money,N/A,Feature Phone,19987.93,62,102502.19,Completed
TXN0002848,2024-01-21 12:40:11,CUST00714,Cherono Ochieng,Male,24,Nairobi,0111025057,M-Pesa,Pay Bill,Insurance,Android,32090.94,105,193859.04,Completed
TXN0004327,2024-01-21 19:07:57,CUST00019,Mumbi Musyoka,Male,50,Homa Bay,0759190156,M-Pesa,Send Money,N/A,Android,2722.3,33,6541.53,Completed
TXN0002817,2024-01-21 19:52:07,CUST00728,Simiyu Waweru,Male,40,Homa Bay,0768858175,M-Pesa,Buy Goods (Till),Electronics,Android,4023.44,40,148558.88,Completed
TXN0003659,2024-01-21 20:05:37,CUST00331,Nafula Langat,Male,32,Bungoma,0768950820,M-Pesa,Send Money,N/A,Feature Phone,26162.06,0.0,3623.37,Failed
TXN0004507,2024-01-21 20:37:14,CUST00249,Omondi Njuguna,Male,55,Uasin Gishu,0723951253,M-Pesa,Buy Goods (Till),Fuel Station,Android,10055.74,87,194495.82,Completed
TXN0004712,2024-01-22 04:50:10,CUST00413,Kibet Chepkwony,Male,59,Nairobi,0790544659,M-Pesa,Withdraw Cash,N/A,Android,33879.26,100,179980.11,Completed
TXN0002376,2024-01-22 06:43:40,CUST00493,Onyango Njoroge,Female,36,Kakamega,0701558507,Equitel,Pay Bill,Rent,Feature Phone,65131.81,100,16771.33,Completed
TXN0000759,2024-01-22 12:14:54,CUST00132,Wafula Sang,Female,28,Kisumu,0759484034,M-Pesa,Buy Goods (Till),Supermarket,Android,19172.13,0.0,218707.27,Failed
TXN0004479,2024-01-22 12:24:47,CUST00114,Nasike Otieno,Female,58,Nakuru,0111207376,M-Pesa,Send Money,N/A,Feature Phone,18194.25,62,236160.03,Completed
TXN0005786,2024-01-22 14:07:04,CUST00657,Rotich Kimani,Female,46,Nakuru,0723116925,Equitel,Buy Goods (Till),Hardware,Android,7176.63,62,87716.09,Completed
TXN0001721,2024-01-22 14:20:02,CUST00715,Wangari Kariuki,Male,23,Trans Nzoia,0722570390,M-Pesa,Send Money,N/A,Android,50490.75,108,162241.13,Completed
TXN0003172,2024-01-22 14:22:28,CUST00307,Cherono Amollo,Female,41,Nairobi,0111843351,M-Pesa,Buy Goods (Till),Electronics,Feature Phone,14767.69,87,166281.62,Completed
TXN0005125,2024-01-22 16:08:16,CUST00023,Barasa Ochieng,Male,24,Kilifi,0710267262,M-Pesa,Reversal,N/A,Feature Phone,13754.31,0.0,5351.64,Completed
TXN0002840,2024-01-22 16:37:52,CUST00149,Kipchoge Kiprono,Male,48,Kiambu,0740034235,M-Pesa,Buy Goods (Till),Pharmacy,Android,13703.25,55,113507.5,Completed
TXN0003273,2024-01-22 17:10:20,CUST00542,Kariuki Wanjala,Male,59,Kiambu,0768021322,Airtel Money,Deposit Cash,N/A,Android,85438.13,0.0,59378.46,Completed
TXN0003680,2024-01-22 21:26:50,CUST00429,Nasike Makau,Female,66,Homa Bay,0740374180,Airtel Money,Pay Bill,DSTV/GOTV,Android,30504.83,108,1863.88,Completed
TXN0001429,2024-01-22 23:31:23,CUST00742,Anyango Ochieng,Male,49,Bungoma,0768090633,Airtel Money,Pay Bill,DSTV/GOTV,Feature Phone,47492.83,105,16571.19,Completed
TXN0002152,2024-01-23 02:00:53,CUST00730,Rotich Kiplagat,Male,58,Bomet,0723071676,M-Pesa,Withdraw Cash,N/A,Android,49278.69,100,226768.63,Completed
TXN0003093,2024-01-23 02:53:59,CUST00706,Gitau Chepkwony,Female,49,Kisumu,0701583545,M-Pesa,Airtime Purchase,N/A,Feature Phone,390.02,0.0,137275.58,Completed
TXN0003697,2024-01-23 07:10:16,CUST00407,Kibet Njoroge,Male,30,Kiambu,0759341120,M-Pesa,Buy Goods (Till),Fuel Station,Android,6433.04,62,76721.24,Completed
TXN0003097,2024-01-23 10:20:31,CUST00413,Kibet Chepkwony,Male,59,Nairobi,0790544659,M-Pesa,Buy Goods (Till),Electronics,Android,12938.36,55,186726.61,Completed
TXN0000794,2024-01-23 14:17:43,CUST00277,Nasike Wabwire,Male,49,Nairobi,0768406085,M-Pesa,Send Money,N/A,Feature Phone,24156.74,105,97684.49,Completed
TXN0004680,2024-01-23 14:49:57,CUST00567,Wairimu Wekesa,Male,36,Nairobi,0790719609,M-Pesa,Buy Goods (Till),Pharmacy,Feature Phone,5548.34,62,12962.34,Completed
TXN0001481,2024-01-23 17:49:13,CUST00721,Maina Karanja,Female,46,Kakamega,0710994324,M-Pesa,Send Money,N/A,Android,20201.67,108,13417.13,Completed
TXN0000982,2024-01-23 18:04:49,CUST00676,Anyango Ruto,Male,18,Nairobi,0701158490,M-Pesa,Send Money,N/A,Android,9559.86,87,169880.76,Completed
TXN0003102,2024-01-23 18:10:30,CUST00318,Onyango Wanjala,Female,55,Nairobi,0768312854,M-Pesa,Buy Goods (Till),Pharmacy,Android,6722.06,62,146851.37,Completed
TXN0002950,2024-01-23 18:19:42,CUST00269,Rotich Kariuki,Female,67,Kisumu,0722501801,M-Pesa,Buy Goods (Till),Clothing,Android,1882.16,33,75046.38,Completed
TXN0004827,2024-01-23 18:41:53,CUST00744,Wafula Wanjala,Male,19,Kisumu,0759518123,M-Pesa,Withdraw Cash,N/A,Feature Phone,15676.53,62,160708.22,Completed
TXN0003217,2024-01-23 19:32:07,CUST00186,Maina Mutiso,Female,68,Mombasa,0722027562,M-Pesa,Withdraw Cash,N/A,Android,22524.55,100,168656.69,Completed
TXN0003463,2024-01-23 20:32:34,CUST00192,Akinyi Njuguna,Female,23,Kakamega,0111131654,M-Pesa,Pay Bill,Insurance,Android,68305.53,108,116894.82,Completed
TXN0002402,2024-01-23 20:44:24,CUST00712,Nabwire Owuor,Female,37,Meru,0768920397,M-Pesa,Withdraw Cash,N/A,Android,61396.44,108,23320.86,Completed
TXN0005291,2024-01-23 20:52:29,CUST00734,Rotich Kiplagat,Male,50,Uasin Gishu,0722682751,Airtel Money,Pay Bill,Rent,iOS,91877.44,100,236707.02,Completed
TXN0001065,2024-01-23 21:09:01,CUST00556,Onyango Mutiso,Male,33,Bungoma,0759822685,M-Pesa,Airtime Purchase,N/A,Android,1166.9,0.0,120367.58,Completed
TXN0003775,2024-01-23 22:51:28,CUST00162,Kiptoo Waweru,Male,44,Uasin Gishu,0710323043,M-Pesa,Send Money,N/A,Feature Phone,8766.89,55,67542.43,Completed
TXN0004052,2024-01-23 22:56:36,CUST00728,Simiyu Waweru,Male,40,Homa Bay,0768858175,M-Pesa,Airtime Purchase,N/A,Android,243.75,0.0,566.64,Completed
TXN0005030,2024-01-24 01:47:14,CUST00538,Wanjiku Njoroge,Male,25,Kajiado,0740826646,Airtel Money,Send Money,N/A,Android,8168.23,87,233724.08,Completed
TXN0005465,2024-01-24 07:30:30,CUST00113,Akinyi Ruto,Male,33,Uasin Gishu,0710609055,Equitel,Send Money,N/A,Android,24103.14,100,59969.17,Completed
TXN0002244,2024-01-24 08:13:57,CUST00050,Kagwe Njoroge,Male,38,Nairobi,0759961725,M-Pesa,Deposit Cash,N/A,Android,35499.19,0.0,70204.32,Completed
TXN0003829,2024-01-24 09:03:12,CUST00292,Wafula Wanjala,Female,67,Kericho,0701897675,M-Pesa,Buy Goods (Till),Clothing,Feature Phone,7078.51,55,5441.39,Completed
TXN0003412,2024-01-24 11:22:21,CUST00234,Kibet Otieno,Male,19,Nairobi,0710788939,M-Pesa,Withdraw Cash,N/A,Android,28165.94,105,200466.37,Completed
TXN0004562,2024-01-24 14:57:33,CUST00030,Barasa Otieno,Male,63,Mombasa,0759957763,M-Pesa,Send Money,N/A,Android,32997.66,105,199399.33,Completed
TXN0001489,2024-01-24 14:59:51,CUST00579,Barasa Wabwire,Male,54,Kericho,0759728096,M-Pesa,Send Money,N/A,Android,32683.11,100,220842.38,Completed
TXN0001399,2024-01-24 16:31:44,CUST00548,Muthoni Wekesa,Male,64,Kiambu,0701748138,M-Pesa,Withdraw Cash,N/A,Android,45492.28,100,70851.77,Completed
TXN0000099,2024-01-24 17:33:57,CUST00006,Nafula Mutiso,Male,71,Kilifi,0722203229,Airtel Money,Buy Goods (Till),Clothing,Android,5088.14,62,82758.78,Completed
TXN0000234,2024-01-24 17:52:22,CUST00800,Kagwe Omollo,Male,70,Nairobi,0722110362,M-Pesa,Pay Bill,Loan Repayment,Android,72754.76,108,146528.59,Completed
TXN0001932,2024-01-24 18:08:20,CUST00446,Wanjiku Wekesa,Male,23,Meru,0790487626,M-Pesa,Buy Goods (Till),Supermarket,Android,10727.68,62,125512.11,Completed
TXN0005199,2024-01-24 20:01:39,CUST00619,Kibet Chepkwony,Female,58,Nairobi,0740934213,M-Pesa,Send Money,N/A,Android,32335.23,108,58948.76,Completed
TXN0001090,2024-01-24 20:46:34,CUST00139,Jelagat Mutiso,Male,44,Nairobi,0740479870,M-Pesa,Send Money,N/A,Android,49708.86,108,89336.1,Completed
TXN0002945,2024-01-24 23:06:48,CUST00321,Waweru Kiprono,Male,34,Mombasa,0740905520,M-Pesa,Send Money,N/A,Android,45279.98,100,202251.28,Completed
TXN0000952,2024-01-24 23:13:14,CUST00239,Nyambura Karanja,Female,44,Kisumu,0768338757,M-Pesa,Pay Bill,Internet (ISP),Android,46578.03,100,134774.94,Completed
TXN0004371,2024-01-25 06:02:54,CUST00148,Cheruiyot Wekesa,Female,18,Nyeri,0790571888,M-Pesa,Send Money,N/A,Android,37923.5,100,238082.96,Completed
TXN0001314,2024-01-25 06:03:19,CUST00567,Wairimu Wekesa,Male,36,Nairobi,0790719609,M-Pesa,Pay Bill,DSTV/GOTV,Feature Phone,112115.47,108,191826.59,Completed
TXN0001516,2024-01-25 06:22:27,CUST00658,Mumbi Wekesa,Male,42,Mombasa,0768213785,M-Pesa,Deposit Cash,N/A,Feature Phone,41624.58,0.0,50658.94,Reversed
TXN0000866,2024-01-25 10:24:56,CUST00178,Chebet Kiprono,Female,23,Nairobi,0701551055,Airtel Money,Withdraw Cash,N/A,Feature Phone,41721.66,100,47605.93,Completed
TXN0004616,2024-01-25 11:34:09,CUST00468,Wambui Langat,Female,36,Mombasa,0790979677,Airtel Money,Reversal,N/A,Android,12480.48,0.0,10321.91,Completed
TXN0003753,2024-01-25 13:10:06,CUST00707,Wangari Ruto,Male,18,Nairobi,0722341193,Airtel Money,Pay Bill,Electricity (KPLC),Feature Phone,29182.67,100,187851.62,Completed
TXN0000699,2024-01-25 13:42:01,CUST00775,Chebet Karanja,Female,34,Homa Bay,0790148817,M-Pesa,Deposit Cash,N/A,Android,34339.21,0.0,38482.37,Completed
TXN0001760,2024-01-25 16:04:52,CUST00696,Omondi Karanja,Female,48,Nairobi,0710481591,M-Pesa,Withdraw Cash,N/A,Android,51592.89,100,110948.26,Completed
TXN0004366,2024-01-25 18:53:32,CUST00367,Kiptoo Owuor,Female,53,Uasin Gishu,0710041282,M-Pesa,Airtime Purchase,N/A,Android,601.52,0.0,15912.84,Completed
TXN0002105,2024-01-25 19:21:08,CUST00037,Rotich Omollo,Female,35,Mombasa,0790238013,M-Pesa,Send Money,N/A,Android,31179.12,100,67984.81,Completed
TXN0000457,2024-01-25 19:23:06,CUST00775,Chebet Karanja,Female,34,Homa Bay,0790148817,M-Pesa,Pay Bill,Electricity (KPLC),Android,102764.72,108,32966.69,Completed
TXN0000019,2024-01-25 20:55:42,CUST00419,Cheruiyot Onyango,Female,43,Nakuru,0759211583,M-Pesa,Send Money,N/A,Android,54041.22,108,137861.97,Completed
TXN0004322,2024-01-25 23:16:40,CUST00596,Omondi Mutiso,Female,33,Nairobi,0790889820,M-Pesa,Buy Goods (Till),Pharmacy,Android,13685.51,87,221068.71,Completed
TXN0004838,2024-01-26 00:29:54,CUST00481,Nasike Ruto,Male,37,Meru,0710885737,M-Pesa,Send Money,N/A,Feature Phone,50308.94,105,84278.94,Completed
TXN0005564,2024-01-26 01:15:11,CUST00231,Wairimu Amollo,Female,68,Homa Bay,0722795939,Equitel,Send Money,N/A,Android,21690.24,108,240913.34,Completed
TXN0000768,2024-01-26 04:21:06,CUST00711,Njoroge Ochieng,Male,27,Nairobi,0722611349,M-Pesa,Send Money,N/A,Feature Phone,42795.43,108,145210.91,Completed
TXN0002309,2024-01-26 05:24:42,CUST00292,Wafula Wanjala,Female,67,Kericho,0701897675,M-Pesa,Send Money,N/A,Feature Phone,24144.2,108,155010.31,Completed
TXN0001375,2024-01-26 08:40:52,CUST00491,Owino Musyoka,Female,60,Machakos,0768951414,M-Pesa,Buy Goods (Till),Restaurant,iOS,8216.79,62,147212.58,Completed
TXN0003084,2024-01-26 08:45:02,CUST00210,Muthoni Wabwire,Male,38,Nairobi,0768367970,M-Pesa,Send Money,N/A,Android,24600.45,100,149597.38,Completed
TXN0004402,2024-01-26 10:33:21,CUST00609,Auma Cheptoo,Male,31,Kiambu,0701153274,M-Pesa,Send Money,N/A,iOS,23519.9,108,127046.24,Completed
TXN0003660,2024-01-26 10:55:50,CUST00659,Kiptoo Amollo,Female,52,Bungoma,0759455771,M-Pesa,Buy Goods (Till),Hardware,iOS,7096.45,87,209546.04,Completed
TXN0001600,2024-01-26 11:07:27,CUST00509,Waweru Njoroge,Male,27,Nairobi,0740942543,T-Kash,Buy Goods (Till),Pharmacy,Android,3205.24,40,69463.8,Completed
TXN0000207,2024-01-26 11:32:16,CUST00497,Kirui Ochieng,Female,45,Kiambu,0111402230,M-Pesa,Pay Bill,Loan Repayment,Feature Phone,100304.51,105,3558.15,Completed
TXN0005400,2024-01-26 12:57:45,CUST00637,Wafula Otieno,Male,65,Nairobi,0740294668,M-Pesa,Withdraw Cash,N/A,Android,5935.3,55,94818.86,Completed
TXN0004493,2024-01-26 13:23:29,CUST00143,Wambui Kariuki,Female,65,Mombasa,0740825217,M-Pesa,Send Money,N/A,Android,8842.52,0.0,141062.82,Reversed
TXN0000428,2024-01-26 14:02:06,CUST00603,Wambui Owuor,Female,66,Migori,0768272255,M-Pesa,Withdraw Cash,N/A,Feature Phone,51140.1,108,169548.89,Completed
TXN0002204,2024-01-26 14:19:44,CUST00024,Kiprop Kimani,Male,45,Kajiado,0722076275,M-Pesa,Pay Bill,Water Utility,Android,122151.35,105,56743.96,Completed
TXN0000425,2024-01-26 14:36:46,CUST00544,Simiyu Makau,Female,23,Kakamega,0710114794,M-Pesa,Send Money,N/A,Android,48652.78,105,188574.27,Completed
TXN0003667,2024-01-26 14:38:49,CUST00487,Ochieng Kiprono,Male,49,Kilifi,0790503126,M-Pesa,Pay Bill,Rent,iOS,27951.38,105,110209.01,Completed
TXN0004147,2024-01-26 15:31:04,CUST00634,Waweru Wekesa,Male,71,Mombasa,0790558577,Airtel Money,Withdraw Cash,N/A,Feature Phone,39769.61,108,33766.96,Completed
TXN0001927,2024-01-26 16:08:25,CUST00185,Wairimu Otieno,Female,68,Bomet,0759591261,M-Pesa,Pay Bill,Electricity (KPLC),Android,55823.77,100,239175.52,Completed
TXN0004735,2024-01-26 16:25:15,CUST00090,Cherono Langat,Male,66,Kiambu,0111311607,Equitel,Send Money,N/A,Android,17084.61,87,130470.67,Completed
TXN0003755,2024-01-26 16:29:59,CUST00633,Barasa Omollo,Male,56,Uasin Gishu,0710076935,Airtel Money,Pay Bill,DSTV/GOTV,Android,39737.82,105,78699.53,Completed
TXN0005912,2024-01-26 17:50:51,CUST00041,Kamau Kariuki,Male,42,Kiambu,0701373782,M-Pesa,Deposit Cash,N/A,Android,38695.55,0.0,16281.1,Completed
TXN0001954,2024-01-26 18:17:36,CUST00343,Kemboi Kariuki,Male,65,Meru,0723230940,M-Pesa,Pay Bill,Rent,Android,142788.34,105,140680.14,Completed
TXN0001895,2024-01-26 18:50:01,CUST00238,Cheruiyot Odhiambo,Male,58,Nyeri,0111422021,M-Pesa,Withdraw Cash,N/A,Android,21023.49,105,203600.88,Completed
TXN0001715,2024-01-26 19:48:40,CUST00783,Nyambura Owuor,Male,65,Meru,0740426946,M-Pesa,Pay Bill,DSTV/GOTV,Android,22899.72,100,1104.76,Completed
TXN0004935,2024-01-26 22:58:51,CUST00389,Kipchoge Sang,Male,55,Migori,0759144157,M-Pesa,Deposit Cash,N/A,Android,43667.87,0.0,168511.5,Failed
TXN0000644,2024-01-26 23:33:30,CUST00413,Kibet Chepkwony,Male,59,Nairobi,0790544659,M-Pesa,Send Money,N/A,Android,11930.32,87,186933.59,Completed
TXN0001018,2024-01-27 00:07:13,CUST00071,Kemboi Kamau,Female,69,Mombasa,0790614356,M-Pesa,Withdraw Cash,N/A,Android,19893.54,62,128547.15,Completed
TXN0000098,2024-01-27 00:55:57,CUST00733,Rotich Barasa,Female,62,Machakos,0723981664,M-Pesa,Deposit Cash,N/A,Feature Phone,5853.46,0.0,37587.27,Completed
TXN0002612,2024-01-27 05:38:45,CUST00721,Maina Karanja,Female,46,Kakamega,0710994324,M-Pesa,Airtime Purchase,N/A,Android,187.19,0.0,113320.66,Completed
TXN0003931,2024-01-27 06:51:23,CUST00108,Nyambura Amollo,Female,30,Bungoma,0710804397,M-Pesa,Send Money,N/A,Android,27902.34,108,94490.77,Completed
TXN0004239,2024-01-27 06:53:44,CUST00017,Kiprop Wabwire,Male,66,Kericho,0710448910,M-Pesa,Buy Goods (Till),Supermarket,iOS,6945.52,62,124968.8,Completed
TXN0003959,2024-01-27 07:06:40,CUST00545,Owino Karanja,Male,34,Nakuru,0710185831,M-Pesa,Send Money,N/A,Android,29626.14,108,52379.66,Completed
TXN0001427,2024-01-27 08:07:44,CUST00406,Atieno Wabwire,Male,20,Meru,0723381770,M-Pesa,Send Money,N/A,Android,14660.58,55,230957.42,Completed
TXN0001781,2024-01-27 08:25:20,CUST00065,Owino Mutiso,Female,53,Kilifi,0768431652,M-Pesa,Buy Goods (Till),Supermarket,Android,7977.27,55,170223.81,Completed
TXN0005640,2024-01-27 09:47:23,CUST00281,Achieng Chepkwony,Female,53,Nairobi,0723796856,M-Pesa,Send Money,N/A,Android,6205.43,55,127049.81,Completed
TXN0002460,2024-01-27 14:40:06,CUST00714,Cherono Ochieng,Male,24,Nairobi,0111025057,M-Pesa,Pay Bill,Internet (ISP),Android,18420.09,62,93661.07,Completed
TXN0005438,2024-01-27 16:12:51,CUST00782,Kipchoge Amollo,Female,33,Kajiado,0759264611,M-Pesa,Airtime Purchase,N/A,Android,1043.22,0.0,131177.15,Completed
TXN0001246,2024-01-27 17:06:59,CUST00441,Otieno Otieno,Female,39,Nairobi,0722426598,M-Pesa,Airtime Purchase,N/A,Feature Phone,222.01,0.0,54600.22,Completed
TXN0002750,2024-01-27 17:39:40,CUST00201,Kariuki Mutiso,Female,55,Nairobi,0723746305,M-Pesa,Pay Bill,Loan Repayment,Android,39316.23,105,190910.22,Completed
TXN0002139,2024-01-27 21:23:22,CUST00656,Kariuki Barasa,Female,62,Machakos,0710636767,Airtel Money,Pay Bill,Insurance,Android,16742.61,87,24045.68,Completed
TXN0000251,2024-01-27 21:36:50,CUST00104,Auma Odhiambo,Female,62,Kajiado,0759065039,M-Pesa,Send Money,N/A,Feature Phone,29287.31,100,135019.06,Completed
TXN0002893,2024-01-27 21:39:16,CUST00482,Auma Cheptoo,Male,62,Nairobi,0740329471,M-Pesa,Buy Goods (Till),Electronics,Android,6526.67,62,189622.92,Completed
TXN0005313,2024-01-27 22:46:55,CUST00351,Nyokabi Waweru,Male,37,Bungoma,0701947389,M-Pesa,Send Money,N/A,Feature Phone,12380.89,87,19605.42,Completed
TXN0005369,2024-01-28 06:08:34,CUST00155,Nasike Otieno,Male,36,Nakuru,0710796493,Airtel Money,Pay Bill,Electricity (KPLC),Feature Phone,13689.78,55,73078.54,Completed
TXN0002730,2024-01-28 06:22:45,CUST00251,Cherono Karanja,Female,41,Nairobi,0790388692,M-Pesa,Pay Bill,Insurance,Feature Phone,44052.94,0.0,181159.83,Failed
TXN0004620,2024-01-28 06:43:26,CUST00709,Kagwe Kamau,Female,62,Bomet,0111015451,M-Pesa,Buy Goods (Till),Restaurant,Android,15804.39,55,24989.71,Completed
TXN0000543,2024-01-28 07:03:24,CUST00448,Akinyi Ruto,Male,66,Trans Nzoia,0759276217,M-Pesa,Buy Goods (Till),Restaurant,iOS,4032.92,33,10258.65,Completed
TXN0004721,2024-01-28 07:15:38,CUST00304,Wambui Cheptoo,Female,50,Nairobi,0710281178,Airtel Money,Send Money,N/A,iOS,29006.49,0.0,177335.4,Failed
TXN0000193,2024-01-28 07:58:37,CUST00340,Nabwire Njuguna,Male,59,Kakamega,0710923574,M-Pesa,Deposit Cash,N/A,Android,108282.22,0.0,180511.57,Completed
TXN0005938,2024-01-28 10:33:15,CUST00055,Kipchoge Chepkwony,Male,22,Nairobi,0768452277,M-Pesa,Send Money,N/A,Android,63389.93,105,215720.42,Completed
TXN0002366,2024-01-28 10:44:53,CUST00038,Gitau Mutiso,Female,52,Mombasa,0722249568,M-Pesa,Send Money,N/A,Android,4618.44,0.0,184215.63,Reversed
TXN0000883,2024-01-28 12:21:06,CUST00458,Njoroge Waweru,Male,66,Kiambu,0759526639,M-Pesa,Pay Bill,Loan Repayment,Feature Phone,96091.42,108,43582.64,Completed
TXN0004931,2024-01-28 16:01:18,CUST00374,Akinyi Amollo,Female,69,Mombasa,0710492617,M-Pesa,Buy Goods (Till),Electronics,Feature Phone,9968.55,87,37115.36,Completed
TXN0005244,2024-01-28 17:22:09,CUST00263,Nasike Karanja,Male,30,Kisumu,0768548193,Equitel,Pay Bill,Electricity (KPLC),Feature Phone,92436.41,108,48085.63,Completed
TXN0002067,2024-01-28 19:28:30,CUST00139,Jelagat Mutiso,Male,44,Nairobi,0740479870,M-Pesa,Send Money,N/A,Android,33723.98,105,146443.43,Completed
TXN0000865,2024-01-28 19:39:20,CUST00528,Muthoni Njuguna,Female,24,Kajiado,0710047462,M-Pesa,Reversal,N/A,Android,19930.42,0.0,71978.32,Completed
TXN0002243,2024-01-28 20:01:18,CUST00078,Achieng Barasa,Male,49,Nairobi,0740814679,M-Pesa,Deposit Cash,N/A,Feature Phone,93035.8,0.0,111601.8,Completed
TXN0005229,2024-01-28 20:21:21,CUST00769,Omondi Waweru,Male,72,Nairobi,0710305642,M-Pesa,Deposit Cash,N/A,iOS,39015.64,0.0,163335.93,Completed
TXN0002698,2024-01-28 21:22:24,CUST00110,Wangari Onyango,Female,23,Nakuru,0722307310,Airtel Money,Send Money,N/A,Android,6283.22,62,982.18,Completed
TXN0000539,2024-01-28 23:33:25,CUST00278,Kemboi Cheptoo,Male,39,Kisumu,0723474661,Airtel Money,Airtime Purchase,N/A,Feature Phone,647.24,0.0,63681.43,Completed
TXN0002837,2024-01-29 04:23:01,CUST00565,Maina Musyoka,Male,50,Turkana,0723659228,Airtel Money,Pay Bill,School Fees,Android,72515.89,108,213792.09,Completed
TXN0003643,2024-01-29 07:05:07,CUST00624,Auma Karanja,Female,39,Nairobi,0111675962,M-Pesa,Buy Goods (Till),Pharmacy,Feature Phone,6110.04,87,52780.23,Completed
TXN0005511,2024-01-29 07:06:30,CUST00628,Anyango Onyango,Female,28,Mombasa,0768577870,M-Pesa,Deposit Cash,N/A,Feature Phone,81996.58,0.0,167348.13,Completed
TXN0003027,2024-01-29 08:15:47,CUST00480,Wafula Gichuru,Male,53,Machakos,0759877849,M-Pesa,Airtime Purchase,N/A,Android,951.66,0.0,148629.39,Completed
TXN0003754,2024-01-29 08:22:19,CUST00198,Kamau Njuguna,Male,40,Kisumu,0759192595,Airtel Money,Send Money,N/A,Feature Phone,21162.27,105,133540.87,Completed
TXN0000040,2024-01-29 08:32:47,CUST00761,Owino Kariuki,Female,25,Homa Bay,0723323434,M-Pesa,Send Money,N/A,Android,46685.87,100,172511.64,Completed
TXN0004804,2024-01-29 08:38:22,CUST00452,Kipchoge Onyango,Female,41,Nairobi,0740692160,M-Pesa,Buy Goods (Till),Supermarket,Feature Phone,1016.81,33,26722.05,Completed
TXN0002071,2024-01-29 09:48:12,CUST00584,Mumbi Ochieng,Female,23,Trans Nzoia,0722386708,M-Pesa,Withdraw Cash,N/A,Android,27445.87,100,175759.75,Completed
TXN0003606,2024-01-29 10:29:39,CUST00351,Nyokabi Waweru,Male,37,Bungoma,0701947389,M-Pesa,Withdraw Cash,N/A,Feature Phone,9348.74,62,247556.22,Completed
TXN0001730,2024-01-29 10:58:07,CUST00415,Jelagat Wekesa,Male,37,Migori,0723565836,M-Pesa,Send Money,N/A,Android,6181.23,55,160590.9,Completed
TXN0005246,2024-01-29 11:59:36,CUST00583,Wangari Ochieng,Female,48,Nairobi,0111885205,M-Pesa,Pay Bill,Rent,Android,7459.17,62,21399.63,Completed
TXN0003125,2024-01-29 12:26:10,CUST00236,Kemboi Njuguna,Male,70,Nairobi,0790721075,Airtel Money,Airtime Purchase,N/A,Feature Phone,1865.81,0.0,207541.78,Completed
TXN0002836,2024-01-29 16:39:52,CUST00034,Onyango Waweru,Male,58,Uasin Gishu,0768426077,M-Pesa,Buy Goods (Till),Restaurant,Android,12499.86,62,45580.38,Completed
TXN0001983,2024-01-29 16:55:23,CUST00064,Chelagat Gichuru,Female,72,Nakuru,0759207856,Airtel Money,Airtime Purchase,N/A,Android,1324.14,0.0,54127.53,Completed
TXN0004744,2024-01-29 17:05:46,CUST00160,Kemboi Owuor,Male,32,Nakuru,0790098964,M-Pesa,Buy Goods (Till),Supermarket,iOS,11762.36,0.0,175830.75,Reversed
TXN0001140,2024-01-29 17:59:11,CUST00668,Kipchoge Ruto,Female,69,Kilifi,0759584526,M-Pesa,Send Money,N/A,Android,29098.21,108,244570.05,Completed
TXN0004516,2024-01-29 20:36:23,CUST00391,Kirui Chepkwony,Male,42,Nairobi,0710956181,M-Pesa,Buy Goods (Till),Fuel Station,Android,18767.42,62,121519.24,Completed
TXN0001319,2024-01-29 21:19:26,CUST00108,Nyambura Amollo,Female,30,Bungoma,0710804397,M-Pesa,Send Money,N/A,Android,26817.1,0.0,27165.04,Failed
TXN0003080,2024-01-29 22:15:49,CUST00762,Kagwe Wabwire,Female,45,Nairobi,0740455446,M-Pesa,Send Money,N/A,iOS,18470.52,87,92000.29,Completed
TXN0005402,2024-01-29 22:38:47,CUST00556,Onyango Mutiso,Male,33,Bungoma,0759822685,M-Pesa,Pay Bill,Electricity (KPLC),Android,86073.06,100,222463.38,Completed
TXN0001540,2024-01-29 23:16:07,CUST00025,Simiyu Karanja,Male,27,Uasin Gishu,0111511387,Airtel Money,Send Money,N/A,Feature Phone,50953.4,108,202342.23,Completed
TXN0004108,2024-01-30 01:40:05,CUST00574,Kemboi Mutiso,Male,39,Nairobi,0111066049,M-Pesa,Withdraw Cash,N/A,Android,14652.83,87,80257.92,Completed
TXN0000911,2024-01-30 02:34:31,CUST00376,Kiptoo Musyoka,Female,57,Nyeri,0710663952,M-Pesa,Buy Goods (Till),Restaurant,Android,16531.88,55,64839.32,Completed
TXN0003762,2024-01-30 03:59:45,CUST00099,Jelagat Kimani,Female,37,Bungoma,0722304032,M-Pesa,Buy Goods (Till),Hardware,iOS,11838.15,62,76605.91,Completed
TXN0004877,2024-01-30 11:20:10,CUST00257,Waweru Karanja,Female,42,Kericho,0701246831,M-Pesa,Withdraw Cash,N/A,Android,12861.84,55,16845.64,Completed
TXN0003737,2024-01-30 13:06:55,CUST00384,Mutua Odhiambo,Male,19,Nakuru,0701184613,M-Pesa,Deposit Cash,N/A,Android,100254.3,0.0,66324.66,Completed
TXN0003642,2024-01-30 13:22:13,CUST00328,Auma Langat,Male,22,Homa Bay,0759289392,M-Pesa,Buy Goods (Till),Fuel Station,Android,14773.53,62,26085.49,Completed
TXN0002000,2024-01-30 13:37:51,CUST00294,Wanjiku Mutiso,Female,47,Meru,0710095768,M-Pesa,Send Money,N/A,Feature Phone,31359.64,105,219244.64,Completed
TXN0000687,2024-01-30 14:52:18,CUST00778,Auma Wanjala,Female,52,Turkana,0790081647,M-Pesa,Send Money,N/A,Feature Phone,17317.23,87,4107.84,Completed
TXN0001783,2024-01-30 16:32:51,CUST00056,Rotich Njuguna,Female,60,Bungoma,0740456980,M-Pesa,Buy Goods (Till),Supermarket,Android,9316.67,55,63915.01,Completed
TXN0000755,2024-01-30 19:18:42,CUST00622,Njeri Mutiso,Female,19,Machakos,0701362592,M-Pesa,Pay Bill,School Fees,Feature Phone,22383.16,105,84423.67,Completed
TXN0004368,2024-01-30 20:10:31,CUST00800,Kagwe Omollo,Male,70,Nairobi,0722110362,M-Pesa,Buy Goods (Till),Hardware,Android,2798.23,33,212950.1,Completed
TXN0004104,2024-01-30 21:51:19,CUST00100,Akinyi Wanjala,Male,50,Nakuru,0759970951,M-Pesa,Buy Goods (Till),Fuel Station,Android,8856.45,55,240200.49,Completed
TXN0001825,2024-01-30 22:01:04,CUST00674,Nyokabi Wabwire,Male,61,Nairobi,0759882420,M-Pesa,Pay Bill,Water Utility,Android,96069.48,100,96104.92,Completed
TXN0005510,2024-01-31 01:24:49,CUST00675,Wambui Owuor,Female,70,Turkana,0701880042,M-Pesa,Pay Bill,DSTV/GOTV,Android,49243.46,105,167584.62,Completed
TXN0004908,2024-01-31 01:58:49,CUST00067,Wanjiku Makau,Female,27,Nakuru,0710072630,M-Pesa,Pay Bill,Loan Repayment,Android,32647.73,100,69237.63,Completed
TXN0003795,2024-01-31 02:36:00,CUST00613,Kariuki Waweru,Male,66,Uasin Gishu,0111017342,M-Pesa,Airtime Purchase,N/A,Android,879.42,0.0,2238.55,Completed
TXN0001588,2024-01-31 04:43:22,CUST00011,Kariuki Kamau,Female,25,Homa Bay,0790225078,Equitel,Pay Bill,DSTV/GOTV,Android,111480.4,100,46542.69,Completed
TXN0001913,2024-01-31 06:38:07,CUST00471,Kemboi Ruto,Male,43,Nairobi,0768332398,M-Pesa,Send Money,N/A,Feature Phone,37495.44,0.0,103465.73,Reversed
TXN0000102,2024-01-31 08:07:47,CUST00640,Wangari Ruto,Female,60,Nakuru,0722988084,Airtel Money,Withdraw Cash,N/A,iOS,53470.73,108,164841.89,Completed
TXN0004987,2024-01-31 08:16:17,CUST00733,Rotich Barasa,Female,62,Machakos,0723981664,M-Pesa,Withdraw Cash,N/A,Feature Phone,6289.84,55,3472.45,Completed
TXN0003307,2024-01-31 09:36:43,CUST00696,Omondi Karanja,Female,48,Nairobi,0710481591,M-Pesa,Send Money,N/A,Android,8051.01,87,49225.88,Completed
TXN0002211,2024-01-31 10:40:14,CUST00619,Kibet Chepkwony,Female,58,Nairobi,0740934213,M-Pesa,Deposit Cash,N/A,Android,65460.94,0.0,81044.73,Completed
TXN0002681,2024-01-31 11:35:53,CUST00420,Auma Kamau,Male,22,Kakamega,0710744906,M-Pesa,Pay Bill,School Fees,Android,70472.56,100,55111.11,Completed
TXN0002384,2024-01-31 11:59:50,CUST00274,Chebet Cheptoo,Male,66,Turkana,0722861346,Airtel Money,Airtime Purchase,N/A,Android,1684.06,0.0,133627.93,Completed
TXN0000801,2024-01-31 12:33:16,CUST00476,Mumbi Musyoka,Female,54,Mombasa,0790646155,Airtel Money,Send Money,N/A,Android,44970.74,100,169508.17,Completed
TXN0002667,2024-01-31 14:35:08,CUST00040,Kagwe Wekesa,Female,71,Mombasa,0710959560,M-Pesa,Buy Goods (Till),Pharmacy,Feature Phone,16002.98,55,46113.05,Completed
TXN0002876,2024-01-31 14:50:57,CUST00048,Kiptoo Kamau,Female,51,Migori,0723245247,M-Pesa,Withdraw Cash,N/A,Android,25364.46,105,129052.79,Completed
TXN0002482,2024-01-31 16:27:24,CUST00413,Kibet Chepkwony,Male,59,Nairobi,0790544659,M-Pesa,Send Money,N/A,Android,22647.1,105,25193.24,Completed
TXN0000800,2024-01-31 17:44:21,CUST00176,Chelagat Mutiso,Female,19,Kakamega,0701439466,M-Pesa,Send Money,N/A,Android,51278.03,105,136171.35,Completed
TXN0005252,2024-01-31 18:52:29,CUST00067,Wanjiku Makau,Female,27,Nakuru,0710072630,M-Pesa,Buy Goods (Till),Pharmacy,Android,5751.09,62,30541.17,Completed
TXN0003564,2024-01-31 20:34:30,CUST00399,Gitau Otieno,Female,39,Kiambu,0740022735,M-Pesa,Buy Goods (Till),Supermarket,Android,8001.86,62,57851.57,Completed
TXN0001208,2024-01-31 21:17:19,CUST00642,Otieno Kimani,Female,41,Garissa,0111624773,T-Kash,Pay Bill,Rent,iOS,40120.75,0.0,66917.03,Failed
TXN0001390,2024-01-31 23:39:46,CUST00117,Wambui Mutiso,Male,35,Nairobi,0111444931,M-Pesa,Withdraw Cash,N/A,Android,28111.92,105,208573.04,Completed
TXN0000187,2024-02-01 06:22:06,CUST00421,Akinyi Wekesa,Female,47,Kisumu,0759832404,M-Pesa,Send Money,N/A,Feature Phone,4629.42,45,154980.07,Completed
TXN0004002,2024-02-01 07:03:00,CUST00240,Njoroge Kamau,Male,38,Nairobi,0723013758,M-Pesa,Airtime Purchase,N/A,Android,922.88,0.0,124904.0,Completed
TXN0005047,2024-02-01 07:53:02,CUST00298,Njoroge Karanja,Male,59,Nairobi,0759009756,M-Pesa,Withdraw Cash,N/A,Android,8148.52,87,34875.43,Completed
TXN0000408,2024-02-01 07:55:48,CUST00270,Nasike Langat,Female,27,Nairobi,0722366261,Airtel Money,Buy Goods (Till),Supermarket,Android,9186.18,87,114521.88,Completed
TXN0005121,2024-02-01 09:49:48,CUST00630,Wafula Kamau,Male,18,Kericho,0111499934,M-Pesa,Pay Bill,SACCO,Android,72992.94,105,230534.44,Completed
TXN0005705,2024-02-01 14:04:48,CUST00706,Gitau Chepkwony,Female,49,Kisumu,0701583545,M-Pesa,Buy Goods (Till),Fuel Station,Feature Phone,8921.86,0.0,101011.17,Reversed
TXN0001991,2024-02-01 14:08:21,CUST00099,Jelagat Kimani,Female,37,Bungoma,0722304032,M-Pesa,Buy Goods (Till),Electronics,iOS,23185.22,108,95539.39,Completed
TXN0000037,2024-02-01 15:41:26,CUST00691,Wanjiku Wekesa,Male,54,Nairobi,0722874753,M-Pesa,Pay Bill,SACCO,Feature Phone,21635.0,105,78461.08,Completed
TXN0000791,2024-02-01 16:37:38,CUST00027,Otieno Wekesa,Female,65,Homa Bay,0768888271,Airtel Money,Send Money,N/A,Feature Phone,6985.64,87,162071.3,Completed
TXN0003029,2024-02-01 17:44:25,CUST00123,Kiprop Gichuru,Female,61,Bomet,0111675221,M-Pesa,Send Money,N/A,Feature Phone,53300.53,105,178141.0,Completed
TXN0003813,2024-02-01 19:14:51,CUST00480,Wafula Gichuru,Male,53,Machakos,0759877849,M-Pesa,Airtime Purchase,N/A,Android,566.76,0.0,81663.34,Completed
TXN0005718,2024-02-01 22:17:34,CUST00389,Kipchoge Sang,Male,55,Migori,0759144157,M-Pesa,Buy Goods (Till),Electronics,Android,1541.66,33,62500.56,Completed
TXN0001476,2024-02-02 00:47:14,CUST00225,Jelagat Chepkwony,Female,65,Uasin Gishu,0723481089,M-Pesa,Send Money,N/A,Feature Phone,9350.74,55,238273.06,Completed
TXN0002499,2024-02-02 01:57:56,CUST00078,Achieng Barasa,Male,49,Nairobi,0740814679,M-Pesa,Send Money,N/A,Feature Phone,32245.83,100,201276.0,Completed
TXN0002446,2024-02-02 03:52:11,CUST00050,Kagwe Njoroge,Male,38,Nairobi,0759961725,M-Pesa,Pay Bill,SACCO,Android,54209.65,108,12328.68,Completed
TXN0000857,2024-02-02 05:24:35,CUST00295,Njeri Gichuru,Female,63,Kiambu,0740957154,M-Pesa,Send Money,N/A,Feature Phone,9742.01,0.0,227621.69,Failed
TXN0003744,2024-02-02 11:51:17,CUST00454,Adhiambo Njuguna,Female,48,Kajiado,0790048242,Airtel Money,Send Money,N/A,iOS,3410.87,45,143343.07,Completed
TXN0001562,2024-02-02 13:08:49,CUST00027,Otieno Wekesa,Female,65,Homa Bay,0768888271,Airtel Money,Pay Bill,DSTV/GOTV,Feature Phone,117165.3,108,104530.01,Completed
TXN0003750,2024-02-02 16:54:03,CUST00348,Anyango Omollo,Female,28,Nyeri,0768820657,M-Pesa,Airtime Purchase,N/A,Android,388.43,0.0,223949.51,Completed
TXN0003499,2024-02-02 19:32:39,CUST00602,Maina Langat,Male,65,Kisumu,0790028744,M-Pesa,Send Money,N/A,Android,17640.43,87,202121.95,Completed
TXN0003383,2024-02-02 20:46:45,CUST00685,Njoroge Musyoka,Male,35,Homa Bay,0723424316,M-Pesa,Pay Bill,Loan Repayment,Feature Phone,54607.8,105,196223.69,Completed
TXN0003852,2024-02-02 20:49:50,CUST00165,Kirui Kiplagat,Female,52,Kakamega,0790254094,Airtel Money,Buy Goods (Till),Fuel Station,Feature Phone,4981.99,45,150646.5,Completed
TXN0003276,2024-02-02 20:57:18,CUST00734,Rotich Kiplagat,Male,50,Uasin Gishu,0722682751,Airtel Money,Buy Goods (Till),Restaurant,iOS,14362.12,55,93686.93,Completed
TXN0001010,2024-02-02 23:00:56,CUST00789,Kipchoge Makau,Male,42,Kilifi,0768902074,M-Pesa,Pay Bill,Loan Repayment,Android,83032.17,108,183359.96,Completed
TXN0005565,2024-02-03 01:19:17,CUST00390,Kibet Langat,Female,59,Homa Bay,0710711435,M-Pesa,Send Money,N/A,Feature Phone,41608.4,105,111559.88,Completed
TXN0002488,2024-02-03 03:45:01,CUST00047,Wangari Sang,Female,47,Uasin Gishu,0768343432,M-Pesa,Buy Goods (Till),Restaurant,Android,9584.66,55,67522.66,Completed
TXN0002857,2024-02-03 05:50:56,CUST00689,Njeri Musyoka,Female,44,Kisumu,0759712929,M-Pesa,Pay Bill,Rent,iOS,16802.09,55,144200.22,Completed
TXN0005439,2024-02-03 07:34:06,CUST00447,Akinyi Langat,Male,20,Machakos,0701608345,M-Pesa,Pay Bill,Insurance,iOS,42669.41,0.0,122959.1,Failed
TXN0004739,2024-02-03 07:38:42,CUST00222,Wangari Barasa,Male,34,Kericho,0768773202,M-Pesa,Pay Bill,Rent,Android,40592.51,105,245848.15,Completed
TXN0000647,2024-02-03 08:21:25,CUST00382,Waweru Wabwire,Male,67,Nairobi,0710359138,M-Pesa,Pay Bill,Electricity (KPLC),Feature Phone,44309.57,0.0,215501.71,Failed
TXN0004293,2024-02-03 12:29:53,CUST00127,Owino Owuor,Male,36,Kericho,0790192660,M-Pesa,Send Money,N/A,Android,11971.13,62,85371.65,Completed
TXN0000124,2024-02-03 13:28:15,CUST00478,Moraa Njoroge,Male,67,Machakos,0723513387,M-Pesa,Pay Bill,Loan Repayment,Android,73812.47,100,45625.24,Completed
TXN0005756,2024-02-03 13:36:25,CUST00534,Njoroge Njuguna,Female,21,Uasin Gishu,0722554478,M-Pesa,Airtime Purchase,N/A,Android,1069.26,0.0,188653.85,Completed
TXN0002063,2024-02-03 14:36:58,CUST00483,Achieng Njoroge,Female,24,Nairobi,0759549030,M-Pesa,Pay Bill,Water Utility,Android,82225.9,108,40030.24,Completed
TXN0001041,2024-02-03 14:37:39,CUST00095,Nabwire Waweru,Female,54,Nakuru,0768249194,M-Pesa,Send Money,N/A,Android,50109.91,105,74772.7,Completed
TXN0005864,2024-02-03 14:38:39,CUST00146,Gitau Karanja,Male,71,Nairobi,0722934999,Airtel Money,Deposit Cash,N/A,Android,93406.22,0.0,31082.9,Completed
TXN0003834,2024-02-03 17:22:53,CUST00756,Mumbi Kiplagat,Male,25,Nairobi,0710789441,M-Pesa,Withdraw Cash,N/A,Android,13461.36,62,72968.87,Completed
TXN0002780,2024-02-03 18:20:09,CUST00765,Nyambura Mutiso,Male,61,Nairobi,0710349640,Equitel,Deposit Cash,N/A,Feature Phone,26271.71,0.0,192897.07,Completed
TXN0001049,2024-02-03 18:40:12,CUST00584,Mumbi Ochieng,Female,23,Trans Nzoia,0722386708,M-Pesa,Buy Goods (Till),Clothing,Android,8184.45,55,5569.24,Completed
TXN0002048,2024-02-03 19:01:07,CUST00498,Nyokabi Wekesa,Male,19,Kisumu,0722485926,M-Pesa,Send Money,N/A,iOS,10753.07,55,6610.7,Completed
TXN0003211,2024-02-03 19:11:12,CUST00512,Wanjiku Wabwire,Female,43,Homa Bay,0790397281,M-Pesa,Pay Bill,SACCO,Android,82011.21,0.0,150927.22,Reversed
TXN0002959,2024-02-03 20:36:57,CUST00786,Owino Kimani,Male,64,Uasin Gishu,0701772733,Airtel Money,Pay Bill,DSTV/GOTV,Android,45846.21,105,136716.18,Completed
TXN0003537,2024-02-03 20:47:04,CUST00637,Wafula Otieno,Male,65,Nairobi,0740294668,M-Pesa,Pay Bill,SACCO,Android,63787.64,105,198026.55,Completed
TXN0003250,2024-02-03 21:05:18,CUST00744,Wafula Wanjala,Male,19,Kisumu,0759518123,M-Pesa,Buy Goods (Till),Fuel Station,Feature Phone,11007.69,62,15115.64,Completed
TXN0005549,2024-02-03 21:23:41,CUST00675,Wambui Owuor,Female,70,Turkana,0701880042,M-Pesa,Send Money,N/A,Android,10685.26,55,145737.75,Completed
TXN0003875,2024-02-03 21:49:01,CUST00539,Chelagat Kiplagat,Female,27,Mombasa,0722197440,M-Pesa,Buy Goods (Till),Electronics,Android,16281.56,62,184881.45,Completed
TXN0005275,2024-02-03 22:57:30,CUST00576,Kipchoge Amollo,Female,67,Kajiado,0722131077,M-Pesa,Airtime Purchase,N/A,Feature Phone,597.39,0.0,193971.21,Completed
TXN0002725,2024-02-04 01:36:35,CUST00259,Wafula Kiprono,Female,51,Kilifi,0722886667,M-Pesa,Airtime Purchase,N/A,iOS,1074.82,0.0,20475.17,Completed
TXN0003199,2024-02-04 07:27:55,CUST00186,Maina Mutiso,Female,68,Mombasa,0722027562,M-Pesa,Send Money,N/A,Android,46996.86,105,139332.57,Completed
TXN0000958,2024-02-04 08:17:32,CUST00274,Chebet Cheptoo,Male,66,Turkana,0722861346,Airtel Money,Send Money,N/A,Android,18162.26,62,226180.38,Completed
TXN0005376,2024-02-04 09:18:30,CUST00251,Cherono Karanja,Female,41,Nairobi,0790388692,M-Pesa,Send Money,N/A,Feature Phone,51551.21,100,203837.61,Completed
TXN0002641,2024-02-04 09:45:54,CUST00569,Mwangi Kariuki,Female,21,Kiambu,0759444282,T-Kash,Pay Bill,Internet (ISP),Android,43597.51,108,183464.78,Completed
TXN0001131,2024-02-04 10:33:44,CUST00131,Wangari Kiplagat,Female,25,Kiambu,0740109849,Airtel Money,Pay Bill,School Fees,Feature Phone,94473.99,100,14789.9,Completed
TXN0005878,2024-02-04 13:13:57,CUST00702,Akinyi Mutiso,Male,25,Nakuru,0723861556,M-Pesa,Buy Goods (Till),Fuel Station,Android,4082.35,33,148673.58,Completed
TXN0004092,2024-02-04 15:12:52,CUST00068,Kibet Kimani,Female,63,Turkana,0701800699,M-Pesa,Pay Bill,DSTV/GOTV,Android,51515.39,105,104219.22,Completed
TXN0002652,2024-02-04 17:18:48,CUST00375,Akinyi Wabwire,Male,27,Garissa,0790061402,M-Pesa,Deposit Cash,N/A,Android,26948.99,0.0,231532.08,Completed
TXN0003046,2024-02-04 21:06:39,CUST00349,Njoroge Kimani,Female,65,Kisumu,0790481266,M-Pesa,Buy Goods (Till),Pharmacy,Android,9346.32,62,169245.43,Completed
TXN0005668,2024-02-04 21:08:01,CUST00330,Simiyu Kiplagat,Female,42,Uasin Gishu,0740794450,M-Pesa,Send Money,N/A,Android,64025.97,100,16435.64,Completed
TXN0000922,2024-02-04 22:40:50,CUST00755,Simiyu Cheptoo,Male,21,Nairobi,0722190368,M-Pesa,Withdraw Cash,N/A,Android,26923.45,105,69042.5,Completed
TXN0003866,2024-02-05 01:44:52,CUST00129,Akinyi Kimani,Female,19,Kisumu,0759294862,M-Pesa,Withdraw Cash,N/A,Android,38042.47,108,84612.57,Completed
TXN0001748,2024-02-05 03:55:19,CUST00456,Simiyu Makau,Male,44,Migori,0710329061,M-Pesa,Pay Bill,Rent,Android,6529.4,87,174453.63,Completed
TXN0003081,2024-02-05 08:33:08,CUST00482,Auma Cheptoo,Male,62,Nairobi,0740329471,M-Pesa,Send Money,N/A,Android,23945.21,100,184582.71,Completed
TXN0005752,2024-02-05 08:54:32,CUST00562,Nabwire Kiplagat,Female,39,Bungoma,0701881167,M-Pesa,Send Money,N/A,Android,40995.77,0.0,204260.63,Failed
TXN0005791,2024-02-05 11:50:54,CUST00748,Moraa Kariuki,Male,55,Nakuru,0759301373,M-Pesa,Withdraw Cash,N/A,Android,36063.8,105,9950.64,Completed
TXN0004802,2024-02-05 12:48:18,CUST00068,Kibet Kimani,Female,63,Turkana,0701800699,M-Pesa,Withdraw Cash,N/A,Android,44875.8,105,41532.92,Completed
TXN0000954,2024-02-05 12:52:34,CUST00185,Wairimu Otieno,Female,68,Bomet,0759591261,M-Pesa,Deposit Cash,N/A,Android,41202.38,0.0,148920.1,Completed
TXN0002862,2024-02-05 13:41:16,CUST00156,Kiprop Odhiambo,Female,60,Garissa,0710631557,M-Pesa,Pay Bill,Water Utility,Android,33812.48,105,243611.39,Completed
TXN0004499,2024-02-05 17:32:06,CUST00443,Onyango Wanjala,Male,28,Kajiado,0723814728,M-Pesa,Pay Bill,SACCO,Feature Phone,76340.01,100,138050.17,Completed
TXN0001994,2024-02-05 17:38:52,CUST00476,Mumbi Musyoka,Female,54,Mombasa,0790646155,Airtel Money,Pay Bill,Internet (ISP),Android,3861.85,45,22066.22,Completed
TXN0001953,2024-02-05 18:34:31,CUST00641,Ndungu Ochieng,Male,51,Kiambu,0740366441,Equitel,Buy Goods (Till),Hardware,iOS,13002.53,62,208709.8,Completed
TXN0000268,2024-02-05 18:39:25,CUST00613,Kariuki Waweru,Male,66,Uasin Gishu,0111017342,M-Pesa,Withdraw Cash,N/A,Android,11236.97,62,224297.17,Completed
TXN0004464,2024-02-05 20:27:20,CUST00730,Rotich Kiplagat,Male,58,Bomet,0723071676,M-Pesa,Pay Bill,Loan Repayment,Android,75582.62,105,244783.25,Completed
TXN0002712,2024-02-05 22:03:28,CUST00637,Wafula Otieno,Male,65,Nairobi,0740294668,M-Pesa,Send Money,N/A,Android,23431.03,108,113308.76,Completed
TXN0002871,2024-02-06 02:02:12,CUST00798,Nafula Odhiambo,Female,65,Nairobi,0701076441,M-Pesa,Withdraw Cash,N/A,Feature Phone,21774.42,108,212696.86,Completed
TXN0002426,2024-02-06 02:35:48,CUST00371,Maina Wanjala,Female,54,Kisumu,0740471347,M-Pesa,Send Money,N/A,Android,21733.52,108,89601.76,Completed
TXN0000783,2024-02-06 07:27:31,CUST00151,Muthoni Wanjala,Female,32,Nairobi,0710449379,M-Pesa,Buy Goods (Till),Electronics,Feature Phone,16547.01,62,165229.65,Completed
TXN0000691,2024-02-06 07:34:40,CUST00659,Kiptoo Amollo,Female,52,Bungoma,0759455771,M-Pesa,Pay Bill,School Fees,iOS,47458.03,100,152943.51,Completed
TXN0001442,2024-02-06 07:42:31,CUST00631,Achieng Wabwire,Female,25,Nakuru,0710142975,M-Pesa,Buy Goods (Till),Hardware,Android,5116.25,62,42916.29,Completed
TXN0000710,2024-02-06 07:49:25,CUST00622,Njeri Mutiso,Female,19,Machakos,0701362592,M-Pesa,Pay Bill,Internet (ISP),Feature Phone,15866.66,62,131268.97,Completed
TXN0004890,2024-02-06 09:14:32,CUST00783,Nyambura Owuor,Male,65,Meru,0740426946,M-Pesa,Withdraw Cash,N/A,Android,43763.99,108,48786.69,Completed
TXN0004846,2024-02-06 09:40:40,CUST00344,Chebet Kariuki,Male,57,Nairobi,0768322618,M-Pesa,Buy Goods (Till),Clothing,Android,21977.63,100,63651.45,Completed
TXN0003002,2024-02-06 13:10:27,CUST00691,Wanjiku Wekesa,Male,54,Nairobi,0722874753,M-Pesa,Buy Goods (Till),Supermarket,Feature Phone,9022.41,55,212806.71,Completed
TXN0004832,2024-02-06 13:29:00,CUST00400,Nyokabi Onyango,Female,64,Uasin Gishu,0722818944,M-Pesa,Withdraw Cash,N/A,Android,22674.05,100,70140.93,Completed
TXN0003316,2024-02-06 15:07:04,CUST00507,Kibet Wanjala,Male,37,Kericho,0768868388,M-Pesa,Pay Bill,School Fees,Android,46001.25,108,81815.44,Completed
TXN0002310,2024-02-06 16:58:47,CUST00479,Chebet Chepkwony,Female,55,Nakuru,0710053439,M-Pesa,Send Money,N/A,Android,16440.0,62,209692.68,Completed
TXN0002567,2024-02-06 18:06:09,CUST00173,Nabwire Cheptoo,Female,24,Turkana,0722296529,M-Pesa,Send Money,N/A,Android,48377.36,100,225491.1,Completed
TXN0002370,2024-02-06 19:54:37,CUST00284,Adhiambo Kiplagat,Female,70,Bungoma,0111149857,M-Pesa,Buy Goods (Till),Clothing,Android,3231.52,40,106262.56,Completed
TXN0003114,2024-02-06 20:25:42,CUST00411,Nafula Kimani,Female,63,Kilifi,0701228693,M-Pesa,Pay Bill,Electricity (KPLC),Android,77374.01,105,30203.54,Completed
TXN0004828,2024-02-06 20:44:24,CUST00101,Jelagat Ochieng,Male,69,Turkana,0111906079,M-Pesa,Buy Goods (Till),Electronics,Android,16537.69,55,42295.58,Completed
TXN0000505,2024-02-06 21:01:59,CUST00036,Akinyi Amollo,Female,64,Turkana,0768858742,M-Pesa,Buy Goods (Till),Clothing,Android,11512.57,55,153429.31,Completed
TXN0001322,2024-02-06 21:12:08,CUST00065,Owino Mutiso,Female,53,Kilifi,0768431652,M-Pesa,Pay Bill,Electricity (KPLC),Android,36449.31,105,123252.08,Completed
TXN0003987,2024-02-06 21:37:31,CUST00246,Kiprop Onyango,Female,72,Nyeri,0759555919,M-Pesa,Send Money,N/A,iOS,31934.07,108,8642.36,Completed
TXN0005443,2024-02-07 07:02:48,CUST00377,Kamau Kiplagat,Female,59,Migori,0723328680,Airtel Money,Send Money,N/A,Android,21034.47,105,35140.23,Completed
TXN0004013,2024-02-07 07:03:12,CUST00756,Mumbi Kiplagat,Male,25,Nairobi,0710789441,M-Pesa,Pay Bill,Electricity (KPLC),Android,25660.41,108,63665.04,Completed
TXN0004697,2024-02-07 07:37:32,CUST00526,Onyango Musyoka,Female,25,Kericho,0710108115,M-Pesa,Deposit Cash,N/A,Feature Phone,13516.74,0.0,105450.55,Completed
TXN0005097,2024-02-07 07:49:24,CUST00663,Atieno Cheptoo,Male,71,Nairobi,0710623160,M-Pesa,Buy Goods (Till),Hardware,Android,7512.69,55,208266.17,Completed
TXN0005670,2024-02-07 09:34:11,CUST00622,Njeri Mutiso,Female,19,Machakos,0701362592,M-Pesa,Buy Goods (Till),Hardware,Feature Phone,5432.08,87,152540.04,Completed
TXN0001440,2024-02-07 09:43:53,CUST00557,Chebet Mutiso,Male,51,Uasin Gishu,0111414404,M-Pesa,Pay Bill,Loan Repayment,Android,5850.68,62,7506.27,Completed
TXN0004419,2024-02-07 10:09:21,CUST00455,Gitau Otieno,Male,20,Trans Nzoia,0759054784,M-Pesa,Pay Bill,Loan Repayment,Android,132847.74,100,135932.43,Completed
TXN0002382,2024-02-07 10:14:12,CUST00699,Chebet Chepkwony,Male,65,Kajiado,0723245413,M-Pesa,Pay Bill,Rent,Android,98162.24,105,119766.5,Completed
TXN0000271,2024-02-07 10:29:49,CUST00264,Omondi Mutiso,Female,63,Nairobi,0723461602,M-Pesa,Send Money,N/A,Android,32174.19,108,167107.99,Completed
TXN0000281,2024-02-07 11:28:37,CUST00191,Mwangi Kariuki,Female,60,Kericho,0759933313,M-Pesa,Send Money,N/A,Android,41651.05,108,114079.0,Completed
TXN0005543,2024-02-07 12:24:07,CUST00193,Kariuki Kimani,Male,52,Meru,0710541340,M-Pesa,Withdraw Cash,N/A,Android,11811.84,62,63400.6,Completed
TXN0002263,2024-02-07 13:53:24,CUST00304,Wambui Cheptoo,Female,50,Nairobi,0710281178,Airtel Money,Airtime Purchase,N/A,iOS,261.79,0.0,104023.99,Completed
TXN0005297,2024-02-07 14:35:08,CUST00650,Ndungu Mutiso,Male,37,Kisumu,0723285622,T-Kash,Send Money,N/A,Android,46329.45,100,64270.72,Completed
TXN0001614,2024-02-07 16:01:38,CUST00241,Cheruiyot Kamau,Female,45,Migori,0710640394,M-Pesa,Withdraw Cash,N/A,iOS,28651.03,0.0,107499.59,Reversed
TXN0000400,2024-02-07 16:44:52,CUST00288,Nafula Ruto,Female,61,Nairobi,0710563134,M-Pesa,Pay Bill,Water Utility,Android,107088.06,100,227296.21,Completed
TXN0001345,2024-02-07 16:57:26,CUST00798,Nafula Odhiambo,Female,65,Nairobi,0701076441,M-Pesa,Pay Bill,Electricity (KPLC),Feature Phone,67635.52,105,96850.64,Completed
TXN0005409,2024-02-07 18:36:18,CUST00045,Kemboi Ruto,Female,22,Kisumu,0111044438,M-Pesa,Send Money,N/A,Android,15105.08,62,80675.88,Completed
TXN0004152,2024-02-07 19:59:41,CUST00139,Jelagat Mutiso,Male,44,Nairobi,0740479870,M-Pesa,Send Money,N/A,Android,26720.34,100,197248.57,Completed
TXN0000695,2024-02-07 20:52:12,CUST00714,Cherono Ochieng,Male,24,Nairobi,0111025057,M-Pesa,Buy Goods (Till),Pharmacy,Android,7834.35,55,6724.84,Completed
TXN0005663,2024-02-07 21:11:10,CUST00301,Wairimu Kamau,Male,59,Nyeri,0723757091,Airtel Money,Buy Goods (Till),Hardware,Android,6280.2,55,78778.68,Completed
TXN0002420,2024-02-07 22:30:28,CUST00427,Simiyu Omollo,Female,49,Nairobi,0759830191,M-Pesa,Pay Bill,DSTV/GOTV,iOS,103128.14,100,221180.22,Completed
TXN0001552,2024-02-07 22:39:16,CUST00773,Njoroge Amollo,Male,55,Nairobi,0701346023,M-Pesa,Pay Bill,School Fees,Feature Phone,55379.87,108,15300.36,Completed
TXN0002811,2024-02-08 00:08:13,CUST00040,Kagwe Wekesa,Female,71,Mombasa,0710959560,M-Pesa,Buy Goods (Till),Restaurant,Feature Phone,24152.62,105,163038.69,Completed
TXN0005950,2024-02-08 06:30:59,CUST00481,Nasike Ruto,Male,37,Meru,0710885737,M-Pesa,Pay Bill,SACCO,Feature Phone,112662.69,108,152424.66,Completed
TXN0003739,2024-02-08 08:12:47,CUST00165,Kirui Kiplagat,Female,52,Kakamega,0790254094,Airtel Money,Buy Goods (Till),Supermarket,Feature Phone,13777.79,55,55060.64,Completed
TXN0002720,2024-02-08 11:16:17,CUST00614,Rotich Langat,Male,61,Kilifi,0768331027,M-Pesa,Withdraw Cash,N/A,Android,14169.42,87,209981.99,Completed
TXN0001547,2024-02-08 11:44:09,CUST00505,Barasa Odhiambo,Male,56,Nairobi,0740112845,M-Pesa,Buy Goods (Till),Restaurant,Android,3663.78,45,124437.63,Completed
TXN0002047,2024-02-08 12:41:33,CUST00189,Ochieng Wekesa,Male,53,Nairobi,0759447616,M-Pesa,Airtime Purchase,N/A,Feature Phone,976.18,0.0,110655.46,Completed
TXN0001436,2024-02-08 12:46:02,CUST00111,Maina Langat,Male,48,Mombasa,0722902196,M-Pesa,Pay Bill,Electricity (KPLC),Feature Phone,64987.27,105,131460.12,Completed
TXN0005719,2024-02-08 13:39:33,CUST00488,Mutua Chepkwony,Female,44,Kiambu,0768108461,Equitel,Airtime Purchase,N/A,Android,454.27,0.0,234783.26,Completed
TXN0003723,2024-02-08 14:31:57,CUST00099,Jelagat Kimani,Female,37,Bungoma,0722304032,M-Pesa,Buy Goods (Till),Supermarket,iOS,8010.21,55,60115.07,Completed
TXN0001435,2024-02-08 17:04:24,CUST00015,Kemboi Waweru,Male,40,Mombasa,0701806607,Airtel Money,Send Money,N/A,Android,48605.81,100,43097.84,Completed
TXN0004519,2024-02-08 17:10:57,CUST00468,Wambui Langat,Female,36,Mombasa,0790979677,Airtel Money,Send Money,N/A,Android,52434.46,105,132277.23,Completed
TXN0001274,2024-02-08 17:32:52,CUST00254,Muthoni Langat,Male,30,Kiambu,0701561035,M-Pesa,Buy Goods (Till),Pharmacy,Feature Phone,13123.65,55,198607.29,Completed
TXN0002664,2024-02-08 17:58:50,CUST00424,Wairimu Sang,Female,18,Mombasa,0759953392,M-Pesa,Withdraw Cash,N/A,Android,10633.64,87,48662.86,Completed
TXN0005572,2024-02-08 18:19:31,CUST00612,Simiyu Njuguna,Male,24,Nakuru,0722282629,M-Pesa,Pay Bill,SACCO,Feature Phone,19027.27,87,104557.45,Completed
TXN0002519,2024-02-08 18:35:09,CUST00611,Owino Langat,Female,71,Nyeri,0790388416,M-Pesa,Buy Goods (Till),Electronics,Android,2695.12,40,139663.31,Completed
TXN0000997,2024-02-08 19:16:21,CUST00324,Auma Omollo,Male,46,Bungoma,0710157866,M-Pesa,Pay Bill,Water Utility,Android,42038.29,105,177285.24,Completed
TXN0000215,2024-02-08 19:56:41,CUST00536,Nyokabi Wabwire,Female,69,Nairobi,0710092640,M-Pesa,Buy Goods (Till),Restaurant,Android,5397.62,87,119320.58,Completed
TXN0001085,2024-02-08 21:09:31,CUST00645,Chebet Waweru,Male,63,Nairobi,0111972248,M-Pesa,Pay Bill,Water Utility,Android,78247.22,100,237760.5,Completed
TXN0005828,2024-02-08 21:14:03,CUST00664,Anyango Kiplagat,Male,23,Migori,0768912626,M-Pesa,Send Money,N/A,Feature Phone,48816.86,100,38830.88,Completed
TXN0002602,2024-02-08 22:27:06,CUST00736,Nafula Omollo,Female,18,Turkana,0768007857,M-Pesa,Airtime Purchase,N/A,Android,1489.46,0.0,14661.85,Completed
TXN0001515,2024-02-09 00:32:33,CUST00319,Akinyi Wanjala,Female,20,Garissa,0759514168,Airtel Money,Pay Bill,Rent,Feature Phone,119417.02,100,124167.82,Completed
TXN0003654,2024-02-09 04:04:34,CUST00759,Cheruiyot Kiplagat,Female,59,Nairobi,0759119346,M-Pesa,Pay Bill,Electricity (KPLC),Android,20763.21,108,113549.14,Completed
TXN0003522,2024-02-09 06:19:40,CUST00062,Cheruiyot Wekesa,Male,37,Uasin Gishu,0759428196,M-Pesa,Withdraw Cash,N/A,iOS,31256.55,100,128356.6,Completed
TXN0000303,2024-02-09 06:36:32,CUST00656,Kariuki Barasa,Female,62,Machakos,0710636767,Airtel Money,Buy Goods (Till),Hardware,Android,8943.42,62,20773.34,Completed
TXN0000582,2024-02-09 08:12:35,CUST00491,Owino Musyoka,Female,60,Machakos,0768951414,M-Pesa,Send Money,N/A,iOS,17239.17,87,41486.35,Completed
TXN0001151,2024-02-09 09:13:37,CUST00352,Wairimu Musyoka,Male,29,Nairobi,0790881727,M-Pesa,Airtime Purchase,N/A,Feature Phone,772.77,0.0,168376.53,Completed
TXN0005560,2024-02-09 09:47:29,CUST00699,Chebet Chepkwony,Male,65,Kajiado,0723245413,M-Pesa,Pay Bill,SACCO,Android,110113.92,100,113425.34,Completed
TXN0002206,2024-02-09 10:23:01,CUST00504,Muthoni Kiplagat,Male,27,Nairobi,0790848968,M-Pesa,Pay Bill,Insurance,Android,93409.1,108,181220.86,Completed
TXN0001268,2024-02-09 10:53:24,CUST00740,Kipchoge Omollo,Female,59,Turkana,0790187832,M-Pesa,Buy Goods (Till),Clothing,Android,18648.17,62,182411.83,Completed
TXN0001356,2024-02-09 11:14:09,CUST00007,Anyango Karanja,Female,59,Mombasa,0790175745,M-Pesa,Buy Goods (Till),Restaurant,iOS,3341.61,45,86924.54,Completed
TXN0002368,2024-02-09 12:51:58,CUST00784,Onyango Waweru,Male,70,Mombasa,0722213506,M-Pesa,Pay Bill,Rent,Android,59102.85,100,21690.91,Completed
TXN0004310,2024-02-09 12:55:46,CUST00310,Anyango Ruto,Male,50,Nairobi,0740886154,M-Pesa,Send Money,N/A,iOS,12551.3,55,47352.9,Completed
TXN0004587,2024-02-09 13:06:38,CUST00544,Simiyu Makau,Female,23,Kakamega,0710114794,M-Pesa,Pay Bill,Electricity (KPLC),Android,17257.69,55,205429.55,Completed
TXN0003100,2024-02-09 15:51:17,CUST00238,Cheruiyot Odhiambo,Male,58,Nyeri,0111422021,M-Pesa,Buy Goods (Till),Electronics,Android,11018.4,55,46666.17,Completed
TXN0004275,2024-02-09 20:44:31,CUST00119,Jelagat Otieno,Female,64,Garissa,0111646706,M-Pesa,Deposit Cash,N/A,Android,125916.98,0.0,227757.62,Failed
TXN0005058,2024-02-09 21:59:19,CUST00405,Chelagat Mutiso,Female,27,Kilifi,0723896174,M-Pesa,Pay Bill,Rent,Android,54818.08,108,207867.0,Completed
TXN0004747,2024-02-09 22:24:44,CUST00299,Nafula Waweru,Male,71,Nairobi,0759887480,M-Pesa,Buy Goods (Till),Clothing,Android,3318.9,45,97184.81,Completed
TXN0004407,2024-02-10 06:15:46,CUST00698,Kirui Onyango,Male,19,Nairobi,0722760201,M-Pesa,Withdraw Cash,N/A,Android,7291.22,55,59838.32,Completed
TXN0002927,2024-02-10 09:20:25,CUST00461,Kariuki Owuor,Female,51,Kajiado,0701765267,T-Kash,Deposit Cash,N/A,Feature Phone,132014.74,0.0,73292.92,Completed
TXN0003955,2024-02-10 11:28:46,CUST00588,Mumbi Waweru,Female,50,Bomet,0111387133,M-Pesa,Airtime Purchase,N/A,Android,1004.73,0.0,91325.08,Completed
TXN0004429,2024-02-10 12:38:04,CUST00093,Achieng Omollo,Female,43,Trans Nzoia,0722032123,M-Pesa,Send Money,N/A,Feature Phone,40343.07,105,174240.46,Completed
TXN0000134,2024-02-10 15:03:48,CUST00601,Mutua Ochieng,Female,25,Nairobi,0722536277,Airtel Money,Buy Goods (Till),Clothing,Android,11744.27,55,80593.01,Completed
TXN0002401,2024-02-10 15:19:47,CUST00085,Cherono Wanjala,Male,58,Uasin Gishu,0111352547,M-Pesa,Airtime Purchase,N/A,Android,1471.26,0.0,5726.96,Completed
TXN0002073,2024-02-10 15:39:12,CUST00390,Kibet Langat,Female,59,Homa Bay,0710711435,M-Pesa,Pay Bill,Loan Repayment,Feature Phone,20730.87,108,178401.4,Completed
TXN0003077,2024-02-10 16:33:08,CUST00237,Kipchoge Wanjala,Male,38,Homa Bay,0740614303,M-Pesa,Pay Bill,DSTV/GOTV,Android,25209.41,105,42224.08,Completed
TXN0005242,2024-02-10 16:40:03,CUST00297,Achieng Odhiambo,Male,38,Nakuru,0723352983,Airtel Money,Pay Bill,Rent,Android,5641.05,62,235611.16,Completed
TXN0005092,2024-02-10 16:54:29,CUST00717,Nasike Njuguna,Female,72,Nairobi,0710148078,Airtel Money,Deposit Cash,N/A,Android,35318.44,0.0,65511.92,Completed
TXN0001388,2024-02-10 16:54:38,CUST00212,Omondi Chepkwony,Male,38,Nakuru,0723349229,M-Pesa,Buy Goods (Till),Restaurant,Android,16474.63,62,245510.64,Completed
TXN0001409,2024-02-10 17:12:30,CUST00262,Owino Omollo,Male,65,Garissa,0768732284,Airtel Money,Send Money,N/A,Android,42396.08,100,8740.48,Completed
TXN0002350,2024-02-10 18:13:11,CUST00265,Kariuki Gichuru,Male,66,Bungoma,0710664930,M-Pesa,Buy Goods (Till),Pharmacy,Android,17061.64,87,61151.29,Completed
TXN0003480,2024-02-10 20:07:03,CUST00073,Ndungu Makau,Male,49,Kajiado,0790728212,M-Pesa,Send Money,N/A,Feature Phone,29513.14,0.0,59651.38,Failed
TXN0003712,2024-02-10 21:58:52,CUST00800,Kagwe Omollo,Male,70,Nairobi,0722110362,M-Pesa,Pay Bill,SACCO,Android,29555.41,105,104046.89,Completed
TXN0001529,2024-02-11 04:23:11,CUST00347,Wairimu Kamau,Female,62,Homa Bay,0701277575,M-Pesa,Deposit Cash,N/A,Feature Phone,11757.32,0.0,139914.55,Completed
TXN0003682,2024-02-11 07:56:22,CUST00643,Kemboi Cheptoo,Female,62,Homa Bay,0768211558,M-Pesa,Buy Goods (Till),Pharmacy,Android,20525.49,105,167163.56,Completed
TXN0003846,2024-02-11 08:08:37,CUST00443,Onyango Wanjala,Male,28,Kajiado,0723814728,M-Pesa,Send Money,N/A,Feature Phone,40829.67,105,70360.21,Completed
TXN0003594,2024-02-11 09:45:46,CUST00679,Kiptoo Musyoka,Female,69,Meru,0710378598,M-Pesa,Send Money,N/A,Android,15854.24,87,226062.95,Completed
TXN0002111,2024-02-11 10:32:41,CUST00621,Barasa Ochieng,Male,56,Kiambu,0768696368,M-Pesa,Pay Bill,School Fees,Feature Phone,58167.57,100,108982.86,Completed
TXN0000232,2024-02-11 11:46:13,CUST00574,Kemboi Mutiso,Male,39,Nairobi,0111066049,M-Pesa,Withdraw Cash,N/A,Android,40977.36,105,214100.86,Completed
TXN0000436,2024-02-11 12:05:55,CUST00742,Anyango Ochieng,Male,49,Bungoma,0768090633,Airtel Money,Buy Goods (Till),Hardware,Feature Phone,9225.82,87,14940.1,Completed
TXN0000659,2024-02-11 12:17:44,CUST00005,Nyambura Ruto,Female,40,Nairobi,0790760652,M-Pesa,Send Money,N/A,Android,23333.44,105,101497.17,Completed
TXN0002171,2024-02-11 12:35:57,CUST00624,Auma Karanja,Female,39,Nairobi,0111675962,M-Pesa,Send Money,N/A,Feature Phone,15683.02,62,141400.14,Completed
TXN0003912,2024-02-11 12:41:51,CUST00120,Otieno Kiprono,Male,72,Machakos,0701007335,M-Pesa,Pay Bill,DSTV/GOTV,Android,33083.27,100,103767.09,Completed
TXN0001295,2024-02-11 13:01:29,CUST00639,Adhiambo Owuor,Male,68,Nairobi,0759979434,M-Pesa,Buy Goods (Till),Electronics,Feature Phone,13561.8,55,51190.68,Completed
TXN0005780,2024-02-11 13:14:27,CUST00493,Onyango Njoroge,Female,36,Kakamega,0701558507,Equitel,Airtime Purchase,N/A,Feature Phone,1104.51,0.0,189842.94,Completed
TXN0000680,2024-02-11 14:25:22,CUST00675,Wambui Owuor,Female,70,Turkana,0701880042,M-Pesa,Buy Goods (Till),Pharmacy,Android,7043.94,87,239288.53,Completed
TXN0003847,2024-02-11 16:41:25,CUST00765,Nyambura Mutiso,Male,61,Nairobi,0710349640,Equitel,Deposit Cash,N/A,Feature Phone,34845.3,0.0,109244.86,Completed
TXN0001373,2024-02-11 16:51:12,CUST00495,Kariuki Sang,Female,25,Uasin Gishu,0701665485,M-Pesa,Withdraw Cash,N/A,Android,40044.7,108,141131.26,Completed
TXN0002006,2024-02-11 17:40:58,CUST00290,Nafula Kariuki,Female,27,Kajiado,0790253466,M-Pesa,Buy Goods (Till),Electronics,Android,26289.08,100,7656.38,Completed
TXN0003389,2024-02-11 18:30:22,CUST00544,Simiyu Makau,Female,23,Kakamega,0710114794,M-Pesa,Withdraw Cash,N/A,Android,29715.83,100,123997.28,Completed
TXN0002656,2024-02-11 20:07:38,CUST00102,Muthoni Wabwire,Female,36,Nakuru,0111606335,M-Pesa,Buy Goods (Till),Pharmacy,Android,14548.98,55,209912.32,Completed
TXN0003879,2024-02-11 21:52:46,CUST00416,Mumbi Karanja,Male,66,Kakamega,0722764264,M-Pesa,Pay Bill,Electricity (KPLC),Feature Phone,76649.53,105,50949.88,Completed
TXN0004180,2024-02-11 23:30:39,CUST00730,Rotich Kiplagat,Male,58,Bomet,0723071676,M-Pesa,Deposit Cash,N/A,Android,13773.76,0.0,227374.52,Completed
TXN0003358,2024-02-12 01:10:38,CUST00429,Nasike Makau,Female,66,Homa Bay,0740374180,Airtel Money,Buy Goods (Till),Pharmacy,Android,18198.56,55,36320.06,Completed
TXN0004976,2024-02-12 07:22:06,CUST00255,Owino Wekesa,Female,71,Turkana,0723231598,M-Pesa,Withdraw Cash,N/A,Android,58075.01,105,25796.34,Completed
TXN0004851,2024-02-12 08:46:42,CUST00557,Chebet Mutiso,Male,51,Uasin Gishu,0111414404,M-Pesa,Send Money,N/A,Android,28433.15,105,108516.75,Completed
TXN0002805,2024-02-12 09:07:13,CUST00352,Wairimu Musyoka,Male,29,Nairobi,0790881727,M-Pesa,Send Money,N/A,Feature Phone,13460.41,62,248378.61,Completed
TXN0001300,2024-02-12 14:48:24,CUST00512,Wanjiku Wabwire,Female,43,Homa Bay,0790397281,M-Pesa,Reversal,N/A,Android,9108.17,0.0,190893.98,Completed
TXN0005788,2024-02-12 14:53:41,CUST00701,Owino Kimani,Male,36,Nairobi,0768679492,T-Kash,Pay Bill,SACCO,Android,14867.92,62,197597.67,Completed
TXN0004044,2024-02-12 20:46:58,CUST00451,Chelagat Ochieng,Male,38,Nairobi,0740783244,Airtel Money,Reversal,N/A,Android,29390.89,0.0,233261.15,Completed
TXN0002275,2024-02-12 20:48:19,CUST00615,Kariuki Kiplagat,Female,22,Nairobi,0740744218,M-Pesa,Send Money,N/A,Android,10902.8,55,122583.13,Completed
TXN0005683,2024-02-12 21:10:54,CUST00635,Rotich Njuguna,Male,67,Bungoma,0710227601,M-Pesa,Deposit Cash,N/A,Android,103378.2,0.0,209701.15,Completed
TXN0000920,2024-02-12 22:29:45,CUST00258,Kiptoo Kimani,Female,56,Machakos,0790643232,M-Pesa,Buy Goods (Till),Hardware,iOS,3807.91,40,108546.22,Completed
TXN0003648,2024-02-13 01:06:34,CUST00397,Nasike Makau,Male,62,Machakos,0790482569,M-Pesa,Airtime Purchase,N/A,Android,980.06,0.0,187493.04,Completed
TXN0000404,2024-02-13 02:19:56,CUST00379,Nyokabi Musyoka,Female,43,Kilifi,0722336295,Airtel Money,Send Money,N/A,Android,9967.66,62,229191.0,Completed
TXN0000192,2024-02-13 04:03:39,CUST00618,Nyokabi Amollo,Male,30,Meru,0723287811,M-Pesa,Buy Goods (Till),Restaurant,Android,5933.72,0.0,125053.73,Failed
TXN0005447,2024-02-13 04:35:26,CUST00737,Wangari Chepkwony,Female,43,Nairobi,0768885169,M-Pesa,Send Money,N/A,Feature Phone,4915.64,40,128923.51,Completed
TXN0002010,2024-02-13 04:45:13,CUST00009,Nafula Makau,Male,25,Meru,0759773210,M-Pesa,Buy Goods (Till),Supermarket,Feature Phone,13962.42,87,230245.34,Completed
TXN0001756,2024-02-13 06:40:51,CUST00575,Maina Onyango,Female,52,Nairobi,0723588419,M-Pesa,Send Money,N/A,Android,10965.52,55,164534.9,Completed
TXN0005531,2024-02-13 06:53:35,CUST00037,Rotich Omollo,Female,35,Mombasa,0790238013,M-Pesa,Send Money,N/A,Android,13088.12,62,35503.18,Completed
TXN0000318,2024-02-13 07:04:28,CUST00449,Kariuki Wekesa,Female,28,Kakamega,0722032268,M-Pesa,Deposit Cash,N/A,Android,81562.03,0.0,80689.94,Failed
TXN0003851,2024-02-13 08:42:54,CUST00794,Barasa Onyango,Female,63,Nakuru,0710905895,M-Pesa,Airtime Purchase,N/A,Android,708.88,0.0,115524.25,Completed
TXN0000156,2024-02-13 08:51:35,CUST00462,Wafula Karanja,Male,47,Nairobi,0768829126,M-Pesa,Buy Goods (Till),Clothing,Feature Phone,17065.2,87,242942.56,Completed
TXN0002431,2024-02-13 09:34:22,CUST00539,Chelagat Kiplagat,Female,27,Mombasa,0722197440,M-Pesa,Airtime Purchase,N/A,Android,1021.37,0.0,190034.14,Completed
TXN0005463,2024-02-13 11:57:57,CUST00315,Kagwe Ochieng,Female,48,Kakamega,0701218005,M-Pesa,Airtime Purchase,N/A,Android,591.19,0.0,121934.5,Completed
TXN0004816,2024-02-13 12:14:30,CUST00707,Wangari Ruto,Male,18,Nairobi,0722341193,Airtel Money,Pay Bill,School Fees,Feature Phone,103120.9,100,90604.95,Completed
TXN0003741,2024-02-13 13:53:11,CUST00396,Maina Waweru,Male,71,Uasin Gishu,0790418342,M-Pesa,Buy Goods (Till),Clothing,Android,1912.74,40,111483.53,Completed
TXN0005696,2024-02-13 13:55:25,CUST00313,Muthoni Njuguna,Female,59,Turkana,0723539538,M-Pesa,Send Money,N/A,Android,15771.49,55,215381.3,Completed
TXN0002986,2024-02-13 17:13:32,CUST00703,Akinyi Amollo,Female,36,Kiambu,0723243297,Airtel Money,Buy Goods (Till),Clothing,Feature Phone,23550.33,105,249734.04,Completed
TXN0000518,2024-02-13 18:55:48,CUST00137,Nasike Amollo,Female,19,Nakuru,0723957760,M-Pesa,Withdraw Cash,N/A,iOS,19660.45,87,197021.77,Completed
TXN0000707,2024-02-13 22:46:23,CUST00130,Gitau Musyoka,Female,47,Nairobi,0710377891,M-Pesa,Airtime Purchase,N/A,Android,385.75,0.0,237390.65,Completed
TXN0004474,2024-02-13 23:19:24,CUST00168,Kipchoge Wabwire,Female,52,Trans Nzoia,0722580800,M-Pesa,Buy Goods (Till),Fuel Station,Android,6112.7,87,152803.51,Completed
TXN0005924,2024-02-14 00:31:51,CUST00754,Akinyi Ochieng,Female,19,Nairobi,0722198720,M-Pesa,Send Money,N/A,Feature Phone,36911.83,105,184001.51,Completed
TXN0004579,2024-02-14 02:39:46,CUST00501,Cheruiyot Cheptoo,Male,55,Nairobi,0111255430,Airtel Money,Pay Bill,DSTV/GOTV,Android,60080.92,105,65721.33,Completed
TXN0002282,2024-02-14 04:57:35,CUST00217,Kibet Omollo,Male,44,Homa Bay,0111203591,Airtel Money,Pay Bill,Electricity (KPLC),iOS,72995.2,100,174424.85,Completed
TXN0004430,2024-02-14 07:23:08,CUST00605,Nyokabi Omollo,Female,44,Mombasa,0768762550,M-Pesa,Buy Goods (Till),Supermarket,iOS,16003.12,62,51390.41,Completed
TXN0003731,2024-02-14 08:03:50,CUST00264,Omondi Mutiso,Female,63,Nairobi,0723461602,M-Pesa,Reversal,N/A,Android,22871.12,0.0,194529.33,Completed
TXN0002269,2024-02-14 09:58:00,CUST00765,Nyambura Mutiso,Male,61,Nairobi,0710349640,Equitel,Airtime Purchase,N/A,Feature Phone,1136.24,0.0,237010.01,Completed
TXN0004357,2024-02-14 11:16:21,CUST00747,Waweru Wanjala,Female,65,Kiambu,0111664536,M-Pesa,Pay Bill,Loan Repayment,Android,30216.63,0.0,79312.11,Failed
TXN0000811,2024-02-14 15:44:31,CUST00437,Anyango Njuguna,Female,18,Kisumu,0701447802,M-Pesa,Deposit Cash,N/A,Android,28857.47,0.0,60757.35,Completed
TXN0000898,2024-02-14 17:25:26,CUST00718,Moraa Owuor,Male,64,Machakos,0759937338,M-Pesa,Airtime Purchase,N/A,Feature Phone,587.34,0.0,34908.76,Completed
TXN0001592,2024-02-14 18:06:09,CUST00384,Mutua Odhiambo,Male,19,Nakuru,0701184613,M-Pesa,Airtime Purchase,N/A,Android,1188.54,0.0,243356.36,Completed
TXN0004942,2024-02-14 18:48:48,CUST00410,Nyokabi Amollo,Female,30,Nyeri,0759097508,M-Pesa,Buy Goods (Till),Clothing,Android,2620.99,45,203213.43,Completed
TXN0005491,2024-02-14 19:01:51,CUST00002,Kiptoo Njoroge,Male,63,Kakamega,0759442871,M-Pesa,Buy Goods (Till),Pharmacy,Android,7670.8,62,227600.13,Completed
TXN0000033,2024-02-14 19:45:49,CUST00337,Cherono Kiplagat,Female,29,Uasin Gishu,0740878581,Airtel Money,Send Money,N/A,Feature Phone,38895.52,105,78704.09,Completed
TXN0004338,2024-02-14 21:11:10,CUST00512,Wanjiku Wabwire,Female,43,Homa Bay,0790397281,M-Pesa,Withdraw Cash,N/A,Android,58701.47,100,182936.44,Completed
TXN0001361,2024-02-14 21:59:36,CUST00313,Muthoni Njuguna,Female,59,Turkana,0723539538,M-Pesa,Send Money,N/A,Android,44326.3,105,25350.79,Completed
TXN0000066,2024-02-14 23:30:46,CUST00774,Kiprop Langat,Male,35,Nairobi,0740492092,M-Pesa,Withdraw Cash,N/A,Android,20868.15,100,165604.55,Completed
TXN0000764,2024-02-14 23:36:01,CUST00637,Wafula Otieno,Male,65,Nairobi,0740294668,M-Pesa,Send Money,N/A,Android,25503.66,108,240782.26,Completed
TXN0005179,2024-02-15 00:29:28,CUST00369,Kiprop Sang,Female,21,Homa Bay,0111384882,M-Pesa,Withdraw Cash,N/A,Android,49260.99,105,223717.44,Completed
TXN0004398,2024-02-15 02:23:01,CUST00775,Chebet Karanja,Female,34,Homa Bay,0790148817,M-Pesa,Deposit Cash,N/A,Android,20484.72,0.0,115123.41,Completed
TXN0000056,2024-02-15 05:30:37,CUST00443,Onyango Wanjala,Male,28,Kajiado,0723814728,M-Pesa,Buy Goods (Till),Restaurant,Feature Phone,3442.13,0.0,182908.44,Reversed
TXN0001066,2024-02-15 07:46:13,CUST00360,Kibet Waweru,Female,59,Kiambu,0723508182,M-Pesa,Airtime Purchase,N/A,Android,898.69,0.0,14750.46,Completed
TXN0005862,2024-02-15 10:15:49,CUST00502,Waweru Odhiambo,Female,52,Kiambu,0768464710,M-Pesa,Withdraw Cash,N/A,Feature Phone,9551.87,0.0,184522.41,Reversed
TXN0004584,2024-02-15 11:08:14,CUST00711,Njoroge Ochieng,Male,27,Nairobi,0722611349,M-Pesa,Send Money,N/A,Feature Phone,26056.96,105,224591.14,Completed
TXN0005748,2024-02-15 11:46:15,CUST00283,Kiptoo Owuor,Female,41,Meru,0722848742,M-Pesa,Send Money,N/A,Android,3923.23,40,97463.1,Completed
TXN0004760,2024-02-15 12:16:53,CUST00285,Kariuki Kamau,Male,51,Nyeri,0759984591,M-Pesa,Send Money,N/A,Feature Phone,40278.04,108,158397.19,Completed
TXN0000107,2024-02-15 13:16:57,CUST00141,Wafula Omollo,Female,35,Uasin Gishu,0740997764,M-Pesa,Buy Goods (Till),Clothing,Android,9310.23,62,125093.78,Completed
TXN0004556,2024-02-15 13:30:15,CUST00164,Adhiambo Wabwire,Male,30,Bomet,0723779673,M-Pesa,Withdraw Cash,N/A,Android,11490.06,62,146548.67,Completed
TXN0005990,2024-02-15 13:46:08,CUST00288,Nafula Ruto,Female,61,Nairobi,0710563134,M-Pesa,Send Money,N/A,Android,21046.83,0.0,35071.47,Failed
TXN0000781,2024-02-15 18:01:29,CUST00292,Wafula Wanjala,Female,67,Kericho,0701897675,M-Pesa,Deposit Cash,N/A,Feature Phone,105700.35,0.0,221820.68,Failed
TXN0004859,2024-02-15 18:10:09,CUST00689,Njeri Musyoka,Female,44,Kisumu,0759712929,M-Pesa,Deposit Cash,N/A,iOS,56420.94,0.0,208220.21,Completed
TXN0004580,2024-02-15 22:20:29,CUST00005,Nyambura Ruto,Female,40,Nairobi,0790760652,M-Pesa,Pay Bill,Insurance,Android,83403.02,100,224276.39,Completed
TXN0004954,2024-02-15 22:21:22,CUST00480,Wafula Gichuru,Male,53,Machakos,0759877849,M-Pesa,Send Money,N/A,Android,20928.31,105,145655.26,Completed
TXN0005606,2024-02-15 23:02:29,CUST00234,Kibet Otieno,Male,19,Nairobi,0710788939,M-Pesa,Send Money,N/A,Android,41486.83,108,10438.83,Completed
TXN0004724,2024-02-15 23:41:36,CUST00407,Kibet Njoroge,Male,30,Kiambu,0759341120,M-Pesa,Pay Bill,Loan Repayment,Android,27923.36,108,14650.98,Completed
TXN0000398,2024-02-15 23:56:42,CUST00180,Nyambura Waweru,Male,35,Mombasa,0701739746,M-Pesa,Send Money,N/A,Android,8646.02,55,40814.19,Completed
TXN0005617,2024-02-16 02:54:46,CUST00043,Onyango Langat,Male,34,Kilifi,0710697713,M-Pesa,Send Money,N/A,iOS,31220.21,105,231815.56,Completed
TXN0001469,2024-02-16 06:11:40,CUST00004,Rotich Wanjala,Female,41,Uasin Gishu,0723022021,M-Pesa,Buy Goods (Till),Hardware,Android,11911.76,55,30329.52,Completed
TXN0004312,2024-02-16 07:20:29,CUST00287,Auma Kiprono,Female,44,Machakos,0759278796,M-Pesa,Pay Bill,School Fees,Android,6232.09,87,14580.28,Completed
TXN0000370,2024-02-16 08:53:42,CUST00408,Wairimu Ruto,Male,53,Kiambu,0710985138,M-Pesa,Send Money,N/A,Android,15491.9,62,27123.01,Completed
TXN0003364,2024-02-16 09:59:18,CUST00378,Kirui Owuor,Male,63,Nairobi,0111450195,M-Pesa,Pay Bill,Electricity (KPLC),Android,25847.34,108,224927.06,Completed
TXN0003154,2024-02-16 12:24:44,CUST00750,Ochieng Njoroge,Male,24,Uasin Gishu,0723566481,M-Pesa,Deposit Cash,N/A,Android,36916.3,0.0,47104.45,Completed
TXN0004856,2024-02-16 12:40:23,CUST00365,Kiptoo Mutiso,Female,72,Nakuru,0768832535,M-Pesa,Buy Goods (Till),Electronics,Android,1470.87,33,128660.37,Completed
TXN0000498,2024-02-16 12:43:18,CUST00191,Mwangi Kariuki,Female,60,Kericho,0759933313,M-Pesa,Deposit Cash,N/A,Android,71880.57,0.0,113149.84,Completed
TXN0004737,2024-02-16 14:21:06,CUST00316,Nabwire Kiprono,Male,21,Nairobi,0710549687,Airtel Money,Airtime Purchase,N/A,iOS,900.35,0.0,202782.5,Completed
TXN0001692,2024-02-16 14:55:05,CUST00402,Nabwire Odhiambo,Male,39,Bungoma,0111018335,M-Pesa,Send Money,N/A,Android,27074.32,100,60026.94,Completed
TXN0003190,2024-02-16 15:50:37,CUST00004,Rotich Wanjala,Female,41,Uasin Gishu,0723022021,M-Pesa,Pay Bill,DSTV/GOTV,Android,47406.21,108,213124.98,Completed
TXN0001172,2024-02-16 16:47:08,CUST00749,Omondi Sang,Female,38,Nairobi,0111672532,M-Pesa,Send Money,N/A,Android,54213.36,100,35522.19,Completed
TXN0000283,2024-02-16 17:04:11,CUST00658,Mumbi Wekesa,Male,42,Mombasa,0768213785,M-Pesa,Send Money,N/A,Feature Phone,26393.42,105,207519.49,Completed
TXN0004586,2024-02-16 17:52:22,CUST00354,Barasa Musyoka,Male,58,Kiambu,0111882163,M-Pesa,Send Money,N/A,Android,18436.18,87,186543.48,Completed
TXN0001568,2024-02-16 20:55:51,CUST00780,Simiyu Njoroge,Male,51,Nairobi,0701186167,T-Kash,Send Money,N/A,Feature Phone,22792.81,105,106481.59,Completed
TXN0005389,2024-02-16 21:03:15,CUST00174,Kipchoge Wabwire,Male,72,Kiambu,0740577301,M-Pesa,Send Money,N/A,Feature Phone,28132.9,105,33597.53,Completed
TXN0000873,2024-02-16 23:08:49,CUST00674,Nyokabi Wabwire,Male,61,Nairobi,0759882420,M-Pesa,Pay Bill,Rent,Android,78105.71,100,179572.27,Completed
TXN0002051,2024-02-17 00:49:37,CUST00006,Nafula Mutiso,Male,71,Kilifi,0722203229,Airtel Money,Buy Goods (Till),Hardware,Android,26753.3,100,242794.12,Completed
TXN0002630,2024-02-17 02:22:43,CUST00482,Auma Cheptoo,Male,62,Nairobi,0740329471,M-Pesa,Send Money,N/A,Android,34189.02,105,89485.58,Completed
TXN0005255,2024-02-17 04:20:04,CUST00011,Kariuki Kamau,Female,25,Homa Bay,0790225078,Equitel,Pay Bill,Loan Repayment,Android,120277.6,105,86940.75,Completed
TXN0004723,2024-02-17 06:51:39,CUST00665,Gitau Amollo,Male,27,Kiambu,0768392256,M-Pesa,Buy Goods (Till),Supermarket,Android,7743.5,55,107957.68,Completed
TXN0002993,2024-02-17 07:31:18,CUST00109,Maina Wekesa,Male,35,Mombasa,0759149243,M-Pesa,Buy Goods (Till),Restaurant,Android,7633.76,62,99908.96,Completed
TXN0003620,2024-02-17 08:33:17,CUST00007,Anyango Karanja,Female,59,Mombasa,0790175745,M-Pesa,Withdraw Cash,N/A,iOS,14334.64,87,109281.68,Completed
TXN0004669,2024-02-17 09:45:03,CUST00629,Ndungu Chepkwony,Female,27,Uasin Gishu,0710244360,M-Pesa,Buy Goods (Till),Restaurant,Android,12064.52,87,64918.35,Completed
TXN0000639,2024-02-17 10:01:52,CUST00184,Nafula Musyoka,Female,26,Kakamega,0740214345,M-Pesa,Send Money,N/A,Android,22201.28,108,116324.31,Completed
TXN0001903,2024-02-17 12:12:51,CUST00299,Nafula Waweru,Male,71,Nairobi,0759887480,M-Pesa,Withdraw Cash,N/A,Android,44737.99,105,44171.49,Completed
TXN0002292,2024-02-17 13:35:42,CUST00109,Maina Wekesa,Male,35,Mombasa,0759149243,M-Pesa,Withdraw Cash,N/A,Android,64039.48,105,202774.52,Completed
TXN0004458,2024-02-17 13:45:51,CUST00104,Auma Odhiambo,Female,62,Kajiado,0759065039,M-Pesa,Pay Bill,School Fees,Feature Phone,73124.34,100,175147.14,Completed
TXN0003103,2024-02-17 14:01:19,CUST00218,Njeri Karanja,Female,47,Kericho,0790350253,M-Pesa,Buy Goods (Till),Fuel Station,Android,6215.89,87,228501.53,Completed
TXN0003624,2024-02-17 15:23:41,CUST00600,Kariuki Mutiso,Female,35,Nakuru,0710420925,M-Pesa,Deposit Cash,N/A,Android,54666.66,0.0,229576.52,Completed
TXN0004394,2024-02-17 16:00:08,CUST00754,Akinyi Ochieng,Female,19,Nairobi,0722198720,M-Pesa,Withdraw Cash,N/A,Feature Phone,6341.15,55,22257.48,Completed
TXN0003299,2024-02-17 18:41:08,CUST00362,Rotich Otieno,Female,41,Uasin Gishu,0768870657,Airtel Money,Buy Goods (Till),Hardware,Android,24713.99,105,200355.03,Completed
TXN0003581,2024-02-17 20:01:33,CUST00177,Cheruiyot Mwangi,Male,23,Kiambu,0768767310,M-Pesa,Send Money,N/A,Android,32110.1,100,235941.84,Completed
TXN0004677,2024-02-17 23:12:56,CUST00334,Nasike Ruto,Male,57,Kiambu,0790499225,M-Pesa,Pay Bill,School Fees,Feature Phone,79837.29,0.0,182058.66,Reversed
TXN0004160,2024-02-18 06:32:13,CUST00529,Wambui Wanjala,Male,46,Kiambu,0710206300,T-Kash,Send Money,N/A,Android,5752.19,0.0,28741.76,Reversed
TXN0000973,2024-02-18 09:04:13,CUST00369,Kiprop Sang,Female,21,Homa Bay,0111384882,M-Pesa,Airtime Purchase,N/A,Android,437.59,0.0,36161.14,Completed
TXN0002326,2024-02-18 09:21:49,CUST00331,Nafula Langat,Male,32,Bungoma,0768950820,M-Pesa,Pay Bill,Loan Repayment,Feature Phone,94616.02,100,64653.57,Completed
TXN0000665,2024-02-18 09:48:39,CUST00422,Gitau Wabwire,Female,52,Uasin Gishu,0722957146,M-Pesa,Airtime Purchase,N/A,Feature Phone,447.63,0.0,214034.99,Completed
TXN0000833,2024-02-18 11:27:28,CUST00391,Kirui Chepkwony,Male,42,Nairobi,0710956181,M-Pesa,Withdraw Cash,N/A,Android,17286.07,55,7658.54,Completed
TXN0004320,2024-02-18 16:33:26,CUST00102,Muthoni Wabwire,Female,36,Nakuru,0111606335,M-Pesa,Airtime Purchase,N/A,Android,1130.16,0.0,238867.03,Completed
TXN0003406,2024-02-18 18:06:34,CUST00710,Njeri Kamau,Male,54,Kajiado,0768117762,M-Pesa,Pay Bill,Water Utility,Android,77472.39,100,18541.03,Completed
TXN0003932,2024-02-18 21:01:54,CUST00537,Onyango Langat,Female,43,Garissa,0701386696,Airtel Money,Send Money,N/A,Android,8968.06,0.0,87538.2,Failed
TXN0002839,2024-02-18 21:41:26,CUST00088,Kagwe Otieno,Female,36,Machakos,0111151483,M-Pesa,Send Money,N/A,Android,51708.31,100,224428.88,Completed
TXN0000162,2024-02-18 22:54:51,CUST00750,Ochieng Njoroge,Male,24,Uasin Gishu,0723566481,M-Pesa,Send Money,N/A,Android,37013.86,100,133746.3,Completed
TXN0001597,2024-02-19 01:26:23,CUST00551,Kiprop Mutiso,Male,38,Nakuru,0710430915,Equitel,Send Money,N/A,iOS,27408.4,108,57622.86,Completed
TXN0005101,2024-02-19 05:22:34,CUST00303,Wanjiku Chepkwony,Female,53,Nairobi,0722055937,Airtel Money,Send Money,N/A,Android,34336.32,105,62957.53,Completed
TXN0002915,2024-02-19 05:38:17,CUST00018,Njoroge Waweru,Female,62,Bomet,0759641207,M-Pesa,Send Money,N/A,Android,21393.58,105,245040.69,Completed
TXN0005053,2024-02-19 06:31:05,CUST00238,Cheruiyot Odhiambo,Male,58,Nyeri,0111422021,M-Pesa,Send Money,N/A,Android,61240.6,105,230648.08,Completed
TXN0001395,2024-02-19 07:24:21,CUST00476,Mumbi Musyoka,Female,54,Mombasa,0790646155,Airtel Money,Airtime Purchase,N/A,Android,89.25,0.0,79604.23,Completed
TXN0002670,2024-02-19 08:33:43,CUST00413,Kibet Chepkwony,Male,59,Nairobi,0790544659,M-Pesa,Buy Goods (Till),Hardware,Android,15106.01,55,54377.47,Completed
TXN0001704,2024-02-19 09:20:21,CUST00284,Adhiambo Kiplagat,Female,70,Bungoma,0111149857,M-Pesa,Airtime Purchase,N/A,Android,575.36,0.0,49396.38,Completed
TXN0003165,2024-02-19 12:21:15,CUST00517,Otieno Kamau,Male,53,Kakamega,0740991714,M-Pesa,Buy Goods (Till),Hardware,Android,25408.38,0.0,86706.87,Failed
TXN0001134,2024-02-19 13:08:17,CUST00728,Simiyu Waweru,Male,40,Homa Bay,0768858175,M-Pesa,Send Money,N/A,Android,2748.73,45,183696.6,Completed
TXN0001426,2024-02-19 14:24:07,CUST00198,Kamau Njuguna,Male,40,Kisumu,0759192595,Airtel Money,Buy Goods (Till),Pharmacy,Feature Phone,13344.99,0.0,46572.43,Failed
TXN0001490,2024-02-19 15:03:34,CUST00476,Mumbi Musyoka,Female,54,Mombasa,0790646155,Airtel Money,Pay Bill,SACCO,Android,27830.2,100,13445.53,Completed
TXN0003590,2024-02-19 16:27:01,CUST00449,Kariuki Wekesa,Female,28,Kakamega,0722032268,M-Pesa,Send Money,N/A,Android,14047.01,62,169288.65,Completed
TXN0005458,2024-02-19 18:19:16,CUST00109,Maina Wekesa,Male,35,Mombasa,0759149243,M-Pesa,Pay Bill,Insurance,Android,32911.88,105,158749.45,Completed
TXN0003174,2024-02-19 20:43:27,CUST00569,Mwangi Kariuki,Female,21,Kiambu,0759444282,T-Kash,Buy Goods (Till),Fuel Station,Android,5117.41,87,34066.03,Completed
TXN0000146,2024-02-19 21:43:44,CUST00386,Simiyu Mutiso,Female,47,Turkana,0768407336,M-Pesa,Deposit Cash,N/A,Android,75093.56,0.0,23956.22,Completed
TXN0000899,2024-02-20 07:03:02,CUST00621,Barasa Ochieng,Male,56,Kiambu,0768696368,M-Pesa,Withdraw Cash,N/A,Feature Phone,33146.38,105,100674.07,Completed
TXN0003488,2024-02-20 08:58:41,CUST00193,Kariuki Kimani,Male,52,Meru,0710541340,M-Pesa,Pay Bill,SACCO,Android,69899.16,100,76696.72,Completed
TXN0004367,2024-02-20 10:34:16,CUST00682,Cheruiyot Gichuru,Female,69,Nairobi,0759618611,M-Pesa,Withdraw Cash,N/A,Android,31844.59,105,72692.37,Completed
TXN0002814,2024-02-20 10:43:00,CUST00514,Owino Waweru,Male,56,Nyeri,0759740066,Airtel Money,Buy Goods (Till),Restaurant,Android,1376.78,45,151003.69,Completed
TXN0005970,2024-02-20 12:02:58,CUST00267,Njeri Amollo,Male,20,Kiambu,0790455461,Equitel,Withdraw Cash,N/A,Android,20823.99,108,27906.16,Completed
TXN0002566,2024-02-20 12:15:35,CUST00458,Njoroge Waweru,Male,66,Kiambu,0759526639,M-Pesa,Pay Bill,DSTV/GOTV,Feature Phone,9665.47,87,147522.93,Completed
TXN0004163,2024-02-20 12:26:30,CUST00459,Kamau Ochieng,Female,42,Nakuru,0722315072,Equitel,Pay Bill,School Fees,Android,52020.6,108,196754.04,Completed
TXN0001566,2024-02-20 13:54:19,CUST00540,Nabwire Amollo,Female,71,Nakuru,0111067987,M-Pesa,Send Money,N/A,Android,44601.87,105,187394.79,Completed
TXN0003265,2024-02-20 14:45:01,CUST00056,Rotich Njuguna,Female,60,Bungoma,0740456980,M-Pesa,Send Money,N/A,Android,18442.62,87,9441.04,Completed
TXN0005076,2024-02-20 16:11:21,CUST00503,Adhiambo Odhiambo,Female,70,Kilifi,0701268899,M-Pesa,Withdraw Cash,N/A,Android,13830.59,62,124944.05,Completed
TXN0005000,2024-02-20 22:18:45,CUST00688,Achieng Kiprono,Male,30,Nakuru,0790878533,M-Pesa,Airtime Purchase,N/A,Android,1115.69,0.0,87830.34,Completed
TXN0005898,2024-02-20 22:34:08,CUST00442,Njeri Otieno,Male,65,Nairobi,0722490711,M-Pesa,Withdraw Cash,N/A,Android,33728.6,100,31535.16,Completed
TXN0000078,2024-02-20 22:48:32,CUST00791,Ochieng Gichuru,Female,68,Nairobi,0722662883,M-Pesa,Pay Bill,Water Utility,Android,10723.56,62,163818.99,Completed
TXN0002785,2024-02-20 23:18:15,CUST00608,Onyango Otieno,Male,41,Kisumu,0710393914,M-Pesa,Buy Goods (Till),Pharmacy,Android,18832.88,62,206704.33,Completed
TXN0001610,2024-02-20 23:43:58,CUST00473,Ochieng Mutiso,Female,22,Migori,0768049457,M-Pesa,Pay Bill,DSTV/GOTV,Android,31149.99,108,62831.07,Completed
TXN0000214,2024-02-21 11:26:44,CUST00273,Barasa Kimani,Male,32,Mombasa,0790208883,M-Pesa,Pay Bill,School Fees,Android,17603.68,55,226535.24,Completed
TXN0005775,2024-02-21 15:31:03,CUST00270,Nasike Langat,Female,27,Nairobi,0722366261,Airtel Money,Pay Bill,Loan Repayment,Android,47317.98,108,120778.87,Completed
TXN0002626,2024-02-21 15:33:45,CUST00403,Ndungu Ochieng,Male,68,Kilifi,0111720838,M-Pesa,Buy Goods (Till),Electronics,Android,3277.27,40,213962.73,Completed
TXN0005190,2024-02-21 16:17:52,CUST00407,Kibet Njoroge,Male,30,Kiambu,0759341120,M-Pesa,Deposit Cash,N/A,Android,51968.55,0.0,177937.88,Completed
TXN0005951,2024-02-21 19:12:09,CUST00036,Akinyi Amollo,Female,64,Turkana,0768858742,M-Pesa,Withdraw Cash,N/A,Android,24171.27,105,135495.49,Completed
TXN0001258,2024-02-21 20:05:30,CUST00186,Maina Mutiso,Female,68,Mombasa,0722027562,M-Pesa,Buy Goods (Till),Hardware,Android,7490.19,55,49742.58,Completed
TXN0005430,2024-02-21 20:40:12,CUST00039,Owino Barasa,Male,66,Nakuru,0768577842,M-Pesa,Pay Bill,DSTV/GOTV,Android,80801.43,105,203342.17,Completed
TXN0003192,2024-02-21 21:49:56,CUST00516,Jelagat Musyoka,Female,65,Nairobi,0710687141,Airtel Money,Buy Goods (Till),Restaurant,iOS,24361.59,105,190639.39,Completed
TXN0005738,2024-02-21 22:53:45,CUST00759,Cheruiyot Kiplagat,Female,59,Nairobi,0759119346,M-Pesa,Airtime Purchase,N/A,Android,647.83,0.0,48178.84,Completed
TXN0002140,2024-02-22 06:05:59,CUST00407,Kibet Njoroge,Male,30,Kiambu,0759341120,M-Pesa,Withdraw Cash,N/A,Android,50602.38,100,125979.84,Completed
TXN0005548,2024-02-22 06:38:05,CUST00068,Kibet Kimani,Female,63,Turkana,0701800699,M-Pesa,Airtime Purchase,N/A,Android,241.26,0.0,228141.72,Completed
TXN0005110,2024-02-22 09:49:07,CUST00575,Maina Onyango,Female,52,Nairobi,0723588419,M-Pesa,Send Money,N/A,Android,1394.42,33,113585.75,Completed
TXN0004662,2024-02-22 14:01:43,CUST00102,Muthoni Wabwire,Female,36,Nakuru,0111606335,M-Pesa,Buy Goods (Till),Clothing,Android,23310.35,108,61524.42,Completed
TXN0005131,2024-02-22 14:12:10,CUST00301,Wairimu Kamau,Male,59,Nyeri,0723757091,Airtel Money,Pay Bill,SACCO,Android,131057.04,108,9292.67,Completed
TXN0002089,2024-02-22 14:32:42,CUST00299,Nafula Waweru,Male,71,Nairobi,0759887480,M-Pesa,Pay Bill,Electricity (KPLC),Android,13285.53,87,152741.03,Completed
TXN0003451,2024-02-22 14:50:32,CUST00482,Auma Cheptoo,Male,62,Nairobi,0740329471,M-Pesa,Buy Goods (Till),Clothing,Android,25320.81,105,121698.71,Completed
TXN0002296,2024-02-22 15:59:22,CUST00048,Kiptoo Kamau,Female,51,Migori,0723245247,M-Pesa,Pay Bill,SACCO,Android,45502.13,108,134594.83,Completed
TXN0001259,2024-02-22 16:05:26,CUST00533,Ochieng Kimani,Female,59,Kisumu,0790408396,M-Pesa,Reversal,N/A,Android,17380.62,0.0,34073.04,Completed
TXN0000689,2024-02-22 17:00:49,CUST00757,Cherono Mutiso,Female,67,Nyeri,0740077382,M-Pesa,Send Money,N/A,Feature Phone,33552.52,0.0,110320.29,Failed
TXN0001419,2024-02-22 17:36:21,CUST00243,Wafula Ochieng,Female,19,Nairobi,0790941748,M-Pesa,Deposit Cash,N/A,Android,83278.73,0.0,223189.16,Completed
TXN0002885,2024-02-22 20:21:13,CUST00272,Simiyu Wabwire,Male,48,Kiambu,0722001549,M-Pesa,Send Money,N/A,Android,30024.11,0.0,165674.45,Failed
TXN0001556,2024-02-22 20:36:24,CUST00529,Wambui Wanjala,Male,46,Kiambu,0710206300,T-Kash,Deposit Cash,N/A,Android,142470.52,0.0,107152.7,Completed
TXN0005612,2024-02-22 23:21:55,CUST00507,Kibet Wanjala,Male,37,Kericho,0768868388,M-Pesa,Buy Goods (Till),Fuel Station,Android,14917.65,87,70799.6,Completed
TXN0005706,2024-02-23 04:02:03,CUST00095,Nabwire Waweru,Female,54,Nakuru,0768249194,M-Pesa,Buy Goods (Till),Clothing,Android,9532.88,55,10889.16,Completed
TXN0004508,2024-02-23 08:35:36,CUST00753,Kibet Sang,Female,40,Nakuru,0759740294,M-Pesa,Send Money,N/A,Feature Phone,42342.89,105,118724.53,Completed
TXN0003443,2024-02-23 08:36:17,CUST00671,Nyambura Njuguna,Male,21,Nairobi,0790548945,M-Pesa,Send Money,N/A,Android,8369.48,87,78661.35,Completed
TXN0004628,2024-02-23 09:49:46,CUST00172,Wambui Cheptoo,Male,59,Kilifi,0723434670,Airtel Money,Airtime Purchase,N/A,Android,272.03,0.0,84555.18,Completed
TXN0003454,2024-02-23 10:14:15,CUST00773,Njoroge Amollo,Male,55,Nairobi,0701346023,M-Pesa,Pay Bill,DSTV/GOTV,Feature Phone,98819.4,105,201081.73,Completed
TXN0004149,2024-02-23 10:53:30,CUST00053,Omondi Kiprono,Male,69,Uasin Gishu,0790025456,M-Pesa,Send Money,N/A,Android,15276.36,62,142736.83,Completed
TXN0003903,2024-02-23 11:08:27,CUST00410,Nyokabi Amollo,Female,30,Nyeri,0759097508,M-Pesa,Withdraw Cash,N/A,Android,20388.64,105,209786.25,Completed
TXN0002202,2024-02-23 11:31:29,CUST00354,Barasa Musyoka,Male,58,Kiambu,0111882163,M-Pesa,Pay Bill,Electricity (KPLC),Android,125853.73,100,15858.91,Completed
TXN0002451,2024-02-23 12:15:35,CUST00042,Owino Omollo,Male,59,Nairobi,0722791011,M-Pesa,Pay Bill,SACCO,Android,46307.18,105,158248.01,Completed
TXN0004638,2024-02-23 12:38:16,CUST00243,Wafula Ochieng,Female,19,Nairobi,0790941748,M-Pesa,Pay Bill,Internet (ISP),Android,88715.03,108,131184.28,Completed
TXN0004944,2024-02-23 15:18:42,CUST00198,Kamau Njuguna,Male,40,Kisumu,0759192595,Airtel Money,Buy Goods (Till),Fuel Station,Feature Phone,5636.73,62,83411.08,Completed
TXN0000950,2024-02-23 16:29:46,CUST00073,Ndungu Makau,Male,49,Kajiado,0790728212,M-Pesa,Airtime Purchase,N/A,Feature Phone,1506.72,0.0,76028.52,Completed
TXN0002815,2024-02-23 16:31:59,CUST00568,Kirui Ochieng,Female,38,Nairobi,0111298025,M-Pesa,Buy Goods (Till),Clothing,Android,16624.53,55,191244.83,Completed
TXN0003625,2024-02-23 19:57:33,CUST00322,Ochieng Kamau,Male,42,Kakamega,0111414525,M-Pesa,Pay Bill,Loan Repayment,Android,9011.39,55,52905.45,Completed
TXN0000650,2024-02-23 20:10:55,CUST00301,Wairimu Kamau,Male,59,Nyeri,0723757091,Airtel Money,Send Money,N/A,Android,8859.28,87,241019.5,Completed
TXN0003814,2024-02-23 20:51:46,CUST00176,Chelagat Mutiso,Female,19,Kakamega,0701439466,M-Pesa,Send Money,N/A,Android,8078.73,62,41298.65,Completed
TXN0002829,2024-02-23 20:59:10,CUST00499,Nabwire Onyango,Female,38,Uasin Gishu,0701163573,M-Pesa,Withdraw Cash,N/A,Android,29504.92,100,58021.7,Completed
TXN0003796,2024-02-23 21:38:45,CUST00273,Barasa Kimani,Male,32,Mombasa,0790208883,M-Pesa,Buy Goods (Till),Supermarket,Android,7715.7,55,79605.28,Completed
TXN0005132,2024-02-23 23:23:29,CUST00354,Barasa Musyoka,Male,58,Kiambu,0111882163,M-Pesa,Send Money,N/A,Android,34224.65,108,112118.13,Completed
TXN0001667,2024-02-23 23:33:49,CUST00331,Nafula Langat,Male,32,Bungoma,0768950820,M-Pesa,Deposit Cash,N/A,Feature Phone,95387.44,0.0,142750.43,Completed
TXN0003604,2024-02-24 04:48:35,CUST00404,Mwangi Ruto,Male,68,Nairobi,0740940451,Airtel Money,Withdraw Cash,N/A,Feature Phone,11545.45,87,225691.64,Completed
TXN0003637,2024-02-24 06:01:46,CUST00238,Cheruiyot Odhiambo,Male,58,Nyeri,0111422021,M-Pesa,Pay Bill,SACCO,Android,45790.18,105,200101.59,Completed
TXN0001969,2024-02-24 08:18:58,CUST00434,Rotich Kiplagat,Male,35,Kilifi,0111272039,M-Pesa,Withdraw Cash,N/A,Feature Phone,56929.82,100,138982.99,Completed
TXN0003979,2024-02-24 09:11:59,CUST00454,Adhiambo Njuguna,Female,48,Kajiado,0790048242,Airtel Money,Send Money,N/A,iOS,43263.33,108,109171.57,Completed
TXN0002559,2024-02-24 14:15:07,CUST00627,Atieno Wekesa,Female,64,Nairobi,0768122462,Airtel Money,Buy Goods (Till),Fuel Station,Android,4214.76,40,80779.67,Completed
TXN0003733,2024-02-24 14:46:53,CUST00060,Maina Chepkwony,Female,20,Mombasa,0111217880,Airtel Money,Deposit Cash,N/A,Android,73046.79,0.0,33343.58,Completed
TXN0001926,2024-02-24 15:14:59,CUST00278,Kemboi Cheptoo,Male,39,Kisumu,0723474661,Airtel Money,Withdraw Cash,N/A,Feature Phone,52380.88,108,99832.55,Completed
TXN0002162,2024-02-24 16:18:37,CUST00628,Anyango Onyango,Female,28,Mombasa,0768577870,M-Pesa,Buy Goods (Till),Electronics,Feature Phone,22680.23,108,72553.98,Completed
TXN0005712,2024-02-24 16:20:58,CUST00365,Kiptoo Mutiso,Female,72,Nakuru,0768832535,M-Pesa,Send Money,N/A,Android,50798.01,108,148449.77,Completed
TXN0001253,2024-02-24 16:59:15,CUST00566,Wairimu Wanjala,Male,38,Nakuru,0722493105,M-Pesa,Withdraw Cash,N/A,Android,63107.21,108,176961.6,Completed
TXN0002180,2024-02-24 20:58:23,CUST00504,Muthoni Kiplagat,Male,27,Nairobi,0790848968,M-Pesa,Buy Goods (Till),Supermarket,Android,9746.23,87,4165.08,Completed
TXN0005301,2024-02-24 21:06:23,CUST00724,Chebet Mwangi,Female,29,Nyeri,0768713394,M-Pesa,Deposit Cash,N/A,Android,42832.19,0.0,239652.6,Completed
TXN0004296,2024-02-24 21:35:59,CUST00590,Ndungu Langat,Female,39,Kericho,0111641470,M-Pesa,Pay Bill,DSTV/GOTV,Android,32138.43,108,90506.95,Completed
TXN0002985,2024-02-24 21:41:39,CUST00191,Mwangi Kariuki,Female,60,Kericho,0759933313,M-Pesa,Send Money,N/A,Android,45085.16,108,209616.83,Completed
TXN0000095,2024-02-24 23:02:22,CUST00693,Wairimu Ochieng,Male,18,Kakamega,0111398218,M-Pesa,Send Money,N/A,iOS,16882.63,87,162555.18,Completed
TXN0005521,2024-02-25 03:50:07,CUST00299,Nafula Waweru,Male,71,Nairobi,0759887480,M-Pesa,Airtime Purchase,N/A,Android,1104.13,0.0,212021.61,Completed
TXN0005695,2024-02-25 07:52:41,CUST00692,Nyambura Omollo,Male,20,Kisumu,0790018927,M-Pesa,Airtime Purchase,N/A,Android,327.02,0.0,126872.56,Completed
TXN0002789,2024-02-25 10:57:19,CUST00607,Kiprop Wekesa,Female,24,Kakamega,0710064109,M-Pesa,Withdraw Cash,N/A,Android,13171.26,62,116933.97,Completed
TXN0003140,2024-02-25 13:33:26,CUST00586,Onyango Gichuru,Female,45,Garissa,0723397431,M-Pesa,Pay Bill,DSTV/GOTV,Android,50992.66,105,19543.51,Completed
TXN0000048,2024-02-25 14:41:19,CUST00594,Nyokabi Wabwire,Male,31,Kiambu,0740331576,M-Pesa,Buy Goods (Till),Fuel Station,Feature Phone,22585.6,105,189325.05,Completed
TXN0005969,2024-02-25 15:45:44,CUST00336,Akinyi Cheptoo,Female,34,Nairobi,0790246342,M-Pesa,Buy Goods (Till),Pharmacy,Android,14701.49,55,1064.16,Completed
TXN0001383,2024-02-25 17:08:12,CUST00585,Njeri Ochieng,Female,61,Nairobi,0722230725,M-Pesa,Buy Goods (Till),Electronics,Android,10848.3,87,12835.53,Completed
TXN0004045,2024-02-25 18:10:31,CUST00149,Kipchoge Kiprono,Male,48,Kiambu,0740034235,M-Pesa,Buy Goods (Till),Clothing,Android,17927.12,55,138306.78,Completed
TXN0003634,2024-02-25 18:22:03,CUST00587,Mumbi Gichuru,Male,71,Nairobi,0710624742,Airtel Money,Pay Bill,Internet (ISP),Android,54160.53,108,125319.81,Completed
TXN0001942,2024-02-25 20:26:12,CUST00492,Chebet Makau,Male,21,Kajiado,0701693616,M-Pesa,Send Money,N/A,Android,16595.36,87,147205.85,Completed
TXN0002035,2024-02-25 21:15:37,CUST00240,Njoroge Kamau,Male,38,Nairobi,0723013758,M-Pesa,Buy Goods (Till),Pharmacy,Android,6438.76,55,99768.3,Completed
TXN0003066,2024-02-25 22:55:04,CUST00379,Nyokabi Musyoka,Female,43,Kilifi,0722336295,Airtel Money,Deposit Cash,N/A,Android,39140.96,0.0,207999.69,Completed
TXN0004113,2024-02-25 23:44:34,CUST00772,Kariuki Wabwire,Male,61,Nairobi,0710525140,M-Pesa,Buy Goods (Till),Pharmacy,Android,13630.22,55,132090.8,Completed
TXN0004105,2024-02-25 23:55:01,CUST00298,Njoroge Karanja,Male,59,Nairobi,0759009756,M-Pesa,Airtime Purchase,N/A,Android,1645.21,0.0,193944.93,Completed
TXN0000227,2024-02-26 07:22:20,CUST00235,Kibet Kiprono,Female,28,Nyeri,0768796196,Airtel Money,Airtime Purchase,N/A,Feature Phone,663.48,0.0,75904.53,Completed
TXN0005557,2024-02-26 08:40:08,CUST00123,Kiprop Gichuru,Female,61,Bomet,0111675221,M-Pesa,Buy Goods (Till),Fuel Station,Feature Phone,9865.78,62,36978.57,Completed
TXN0002223,2024-02-26 09:49:30,CUST00316,Nabwire Kiprono,Male,21,Nairobi,0710549687,Airtel Money,Buy Goods (Till),Supermarket,iOS,19302.46,87,38063.41,Completed
TXN0002673,2024-02-26 11:08:44,CUST00565,Maina Musyoka,Male,50,Turkana,0723659228,Airtel Money,Withdraw Cash,N/A,Android,45485.82,105,38823.19,Completed
TXN0000521,2024-02-26 11:15:02,CUST00398,Kariuki Gichuru,Female,29,Garissa,0740790061,Airtel Money,Pay Bill,Water Utility,Feature Phone,65570.74,100,214461.41,Completed
TXN0000977,2024-02-26 11:47:14,CUST00560,Mwangi Wanjala,Female,72,Nakuru,0723325133,M-Pesa,Pay Bill,Electricity (KPLC),Android,56922.07,105,208331.98,Completed
TXN0000579,2024-02-26 12:30:27,CUST00381,Nabwire Kiprono,Male,45,Bomet,0111416562,M-Pesa,Deposit Cash,N/A,Android,48754.16,0.0,12836.56,Completed
TXN0005975,2024-02-26 15:43:32,CUST00156,Kiprop Odhiambo,Female,60,Garissa,0710631557,M-Pesa,Withdraw Cash,N/A,Android,58246.01,100,15215.48,Completed
TXN0002504,2024-02-26 15:45:39,CUST00713,Kipchoge Amollo,Female,65,Trans Nzoia,0723843681,Airtel Money,Buy Goods (Till),Pharmacy,Android,5492.47,55,171787.36,Completed
TXN0003269,2024-02-26 16:32:03,CUST00062,Cheruiyot Wekesa,Male,37,Uasin Gishu,0759428196,M-Pesa,Withdraw Cash,N/A,iOS,33668.04,100,6439.0,Completed
TXN0005843,2024-02-26 17:09:13,CUST00231,Wairimu Amollo,Female,68,Homa Bay,0722795939,Equitel,Send Money,N/A,Android,3233.19,40,141465.01,Completed
TXN0001988,2024-02-26 20:42:50,CUST00766,Nafula Sang,Male,72,Nairobi,0111954218,M-Pesa,Airtime Purchase,N/A,iOS,1352.76,0.0,61611.95,Completed
TXN0005742,2024-02-26 21:22:37,CUST00553,Wairimu Wanjala,Male,68,Machakos,0701687413,M-Pesa,Airtime Purchase,N/A,Android,613.4,0.0,19527.67,Completed
TXN0002348,2024-02-26 23:09:57,CUST00359,Otieno Wanjala,Male,72,Nakuru,0740309816,M-Pesa,Pay Bill,Electricity (KPLC),Android,82130.22,105,81886.98,Completed
TXN0001757,2024-02-26 23:42:59,CUST00609,Auma Cheptoo,Male,31,Kiambu,0701153274,M-Pesa,Pay Bill,Loan Repayment,iOS,10495.27,87,246947.13,Completed
TXN0001716,2024-02-27 00:13:12,CUST00297,Achieng Odhiambo,Male,38,Nakuru,0723352983,Airtel Money,Send Money,N/A,Android,31954.51,105,232486.56,Completed
TXN0004688,2024-02-27 00:20:39,CUST00372,Moraa Waweru,Female,67,Meru,0710413559,M-Pesa,Buy Goods (Till),Electronics,Android,15327.65,55,99942.62,Completed
TXN0001273,2024-02-27 06:10:26,CUST00352,Wairimu Musyoka,Male,29,Nairobi,0790881727,M-Pesa,Buy Goods (Till),Fuel Station,Feature Phone,16409.83,87,181176.77,Completed
TXN0003445,2024-02-27 07:16:45,CUST00297,Achieng Odhiambo,Male,38,Nakuru,0723352983,Airtel Money,Send Money,N/A,Android,14143.76,55,181816.51,Completed
TXN0003116,2024-02-27 07:45:39,CUST00677,Anyango Ruto,Female,37,Nakuru,0710529641,M-Pesa,Buy Goods (Till),Electronics,Android,10126.47,62,152579.93,Completed
TXN0001567,2024-02-27 08:14:12,CUST00467,Wairimu Wekesa,Female,52,Kiambu,0722441430,M-Pesa,Withdraw Cash,N/A,iOS,11610.52,55,235923.24,Completed
TXN0000613,2024-02-27 08:28:37,CUST00247,Adhiambo Gichuru,Male,30,Nairobi,0768062815,M-Pesa,Buy Goods (Till),Supermarket,Feature Phone,14942.68,87,218785.41,Completed
TXN0000623,2024-02-27 09:39:01,CUST00382,Waweru Wabwire,Male,67,Nairobi,0710359138,M-Pesa,Buy Goods (Till),Hardware,Feature Phone,3775.24,45,50428.31,Completed
TXN0003161,2024-02-27 10:40:42,CUST00312,Onyango Karanja,Female,20,Nairobi,0111196275,M-Pesa,Send Money,N/A,Android,10458.95,62,232640.02,Completed
TXN0004470,2024-02-27 11:36:20,CUST00586,Onyango Gichuru,Female,45,Garissa,0723397431,M-Pesa,Buy Goods (Till),Electronics,Android,5367.3,55,68546.49,Completed
TXN0001271,2024-02-27 14:36:35,CUST00555,Kagwe Waweru,Female,50,Nairobi,0722825179,M-Pesa,Send Money,N/A,Android,46949.75,108,117290.23,Completed
TXN0001187,2024-02-27 14:48:08,CUST00361,Kemboi Musyoka,Female,51,Machakos,0790027096,Airtel Money,Deposit Cash,N/A,Feature Phone,98254.28,0.0,227386.15,Completed
TXN0000940,2024-02-27 15:33:35,CUST00425,Kagwe Gichuru,Female,54,Nairobi,0701556270,M-Pesa,Buy Goods (Till),Fuel Station,Android,11593.66,62,238863.01,Completed
TXN0005766,2024-02-27 16:07:21,CUST00742,Anyango Ochieng,Male,49,Bungoma,0768090633,Airtel Money,Withdraw Cash,N/A,Feature Phone,34213.99,105,65181.1,Completed
TXN0002864,2024-02-27 17:01:36,CUST00109,Maina Wekesa,Male,35,Mombasa,0759149243,M-Pesa,Buy Goods (Till),Supermarket,Android,15822.69,55,93056.0,Completed
TXN0003699,2024-02-27 17:05:52,CUST00573,Kagwe Chepkwony,Male,35,Garissa,0740693632,M-Pesa,Send Money,N/A,Android,3453.87,40,159593.56,Completed
TXN0003377,2024-02-27 18:02:57,CUST00402,Nabwire Odhiambo,Male,39,Bungoma,0111018335,M-Pesa,Send Money,N/A,Android,3022.41,45,80084.48,Completed
TXN0004563,2024-02-27 18:11:18,CUST00545,Owino Karanja,Male,34,Nakuru,0710185831,M-Pesa,Send Money,N/A,Android,8410.4,87,134929.26,Completed
TXN0002638,2024-02-27 18:54:41,CUST00784,Onyango Waweru,Male,70,Mombasa,0722213506,M-Pesa,Withdraw Cash,N/A,Android,36659.75,108,54137.26,Completed
TXN0004057,2024-02-27 22:39:45,CUST00265,Kariuki Gichuru,Male,66,Bungoma,0710664930,M-Pesa,Reversal,N/A,Android,20185.95,0.0,185212.88,Completed
TXN0002358,2024-02-28 08:52:32,CUST00246,Kiprop Onyango,Female,72,Nyeri,0759555919,M-Pesa,Buy Goods (Till),Electronics,iOS,9796.76,55,66284.61,Completed
TXN0004873,2024-02-28 09:01:11,CUST00316,Nabwire Kiprono,Male,21,Nairobi,0710549687,Airtel Money,Send Money,N/A,iOS,48871.09,108,213981.17,Completed
TXN0003350,2024-02-28 09:09:16,CUST00523,Onyango Kiprono,Female,23,Kiambu,0759423949,M-Pesa,Send Money,N/A,Android,38575.32,105,82939.22,Completed
TXN0001862,2024-02-28 09:11:57,CUST00543,Auma Karanja,Female,36,Nyeri,0768986777,Airtel Money,Airtime Purchase,N/A,Android,1173.81,0.0,135220.59,Completed
TXN0003155,2024-02-28 09:38:10,CUST00424,Wairimu Sang,Female,18,Mombasa,0759953392,M-Pesa,Send Money,N/A,Android,29838.1,100,72038.75,Completed
TXN0000552,2024-02-28 09:41:41,CUST00396,Maina Waweru,Male,71,Uasin Gishu,0790418342,M-Pesa,Buy Goods (Till),Hardware,Android,5780.2,87,111033.27,Completed
TXN0000157,2024-02-28 09:42:37,CUST00184,Nafula Musyoka,Female,26,Kakamega,0740214345,M-Pesa,Reversal,N/A,Android,14769.98,0.0,168679.73,Completed
TXN0001803,2024-02-28 11:12:27,CUST00690,Auma Amollo,Male,43,Kisumu,0759891737,M-Pesa,Send Money,N/A,Android,39287.09,108,181176.59,Completed
TXN0003129,2024-02-28 12:05:54,CUST00764,Kariuki Njoroge,Female,28,Bungoma,0111672019,M-Pesa,Buy Goods (Till),Clothing,Feature Phone,10364.2,55,107297.76,Completed
TXN0003580,2024-02-28 13:01:46,CUST00539,Chelagat Kiplagat,Female,27,Mombasa,0722197440,M-Pesa,Send Money,N/A,Android,26431.24,108,14698.04,Completed
TXN0002759,2024-02-28 14:00:16,CUST00652,Otieno Chepkwony,Male,43,Kiambu,0701973526,M-Pesa,Buy Goods (Till),Fuel Station,Feature Phone,15277.06,62,136192.14,Completed
TXN0004198,2024-02-28 14:24:07,CUST00511,Simiyu Wabwire,Male,68,Kakamega,0790539381,Airtel Money,Send Money,N/A,Feature Phone,15131.83,55,113713.36,Completed
TXN0001874,2024-02-28 14:50:28,CUST00024,Kiprop Kimani,Male,45,Kajiado,0722076275,M-Pesa,Deposit Cash,N/A,Android,122182.38,0.0,99648.42,Completed
TXN0000433,2024-02-28 15:46:56,CUST00648,Nabwire Makau,Female,18,Kiambu,0759134779,M-Pesa,Send Money,N/A,Android,18608.73,87,226340.58,Completed
TXN0001603,2024-02-28 16:46:16,CUST00238,Cheruiyot Odhiambo,Male,58,Nyeri,0111422021,M-Pesa,Withdraw Cash,N/A,Android,9746.68,62,118363.14,Completed
TXN0002052,2024-02-28 17:30:27,CUST00601,Mutua Ochieng,Female,25,Nairobi,0722536277,Airtel Money,Send Money,N/A,Android,5770.33,62,1897.48,Completed
TXN0000264,2024-02-28 18:58:06,CUST00301,Wairimu Kamau,Male,59,Nyeri,0723757091,Airtel Money,Buy Goods (Till),Restaurant,Android,8857.08,55,234072.9,Completed
TXN0001865,2024-02-28 20:07:23,CUST00486,Muthoni Langat,Female,55,Nairobi,0723133221,Equitel,Send Money,N/A,Android,30467.9,0.0,6743.72,Failed
TXN0002120,2024-02-28 21:14:47,CUST00620,Kirui Njoroge,Male,47,Nairobi,0790630235,Equitel,Deposit Cash,N/A,Android,3907.19,0.0,50598.44,Completed
TXN0002472,2024-02-28 21:28:04,CUST00403,Ndungu Ochieng,Male,68,Kilifi,0111720838,M-Pesa,Pay Bill,Insurance,Android,101227.23,108,166297.83,Completed
TXN0000174,2024-02-28 22:40:45,CUST00399,Gitau Otieno,Female,39,Kiambu,0740022735,M-Pesa,Buy Goods (Till),Fuel Station,Android,11616.82,62,205657.18,Completed
TXN0005805,2024-02-28 22:57:37,CUST00796,Wangari Musyoka,Male,22,Bungoma,0722304798,M-Pesa,Reversal,N/A,Android,7634.43,0.0,37454.85,Completed
TXN0001297,2024-02-28 23:15:05,CUST00230,Ndungu Omollo,Female,19,Turkana,0790095799,M-Pesa,Withdraw Cash,N/A,Android,10789.02,55,44195.06,Completed
TXN0000295,2024-02-28 23:18:33,CUST00144,Rotich Omollo,Male,21,Nairobi,0111717059,M-Pesa,Deposit Cash,N/A,iOS,20500.02,0.0,236085.28,Completed
TXN0003763,2024-02-29 06:03:33,CUST00495,Kariuki Sang,Female,25,Uasin Gishu,0701665485,M-Pesa,Deposit Cash,N/A,Android,49075.55,0.0,32234.08,Completed
TXN0001145,2024-02-29 09:47:57,CUST00403,Ndungu Ochieng,Male,68,Kilifi,0111720838,M-Pesa,Buy Goods (Till),Supermarket,Android,16267.05,87,98500.31,Completed
TXN0005130,2024-02-29 09:57:38,CUST00107,Wairimu Omollo,Male,37,Bomet,0701916547,M-Pesa,Buy Goods (Till),Supermarket,Android,13725.39,55,95045.05,Completed
TXN0003295,2024-02-29 10:28:07,CUST00752,Njoroge Kiprono,Female,71,Bomet,0722890600,Airtel Money,Withdraw Cash,N/A,Feature Phone,19040.26,55,227816.64,Completed
TXN0004388,2024-02-29 11:33:54,CUST00673,Ndungu Kiplagat,Male,28,Kakamega,0759913130,M-Pesa,Airtime Purchase,N/A,Android,144.31,0.0,230425.18,Completed
TXN0004782,2024-02-29 11:51:04,CUST00296,Nyokabi Ruto,Female,36,Nairobi,0759457613,M-Pesa,Buy Goods (Till),Fuel Station,Android,4645.22,33,234832.68,Completed
TXN0000597,2024-02-29 12:28:13,CUST00152,Maina Omollo,Male,61,Kilifi,0723553918,Airtel Money,Pay Bill,School Fees,Android,95482.29,100,116086.89,Completed
TXN0005758,2024-02-29 12:31:54,CUST00466,Nyambura Omollo,Male,25,Nairobi,0111543276,Equitel,Pay Bill,DSTV/GOTV,Android,57984.53,100,215942.58,Completed
TXN0000586,2024-02-29 13:08:21,CUST00782,Kipchoge Amollo,Female,33,Kajiado,0759264611,M-Pesa,Buy Goods (Till),Electronics,Android,14033.63,87,126486.93,Completed
TXN0002494,2024-02-29 13:29:24,CUST00234,Kibet Otieno,Male,19,Nairobi,0710788939,M-Pesa,Withdraw Cash,N/A,Android,39353.64,105,140179.96,Completed
TXN0001320,2024-02-29 15:02:50,CUST00195,Njoroge Otieno,Male,35,Nairobi,0790147751,M-Pesa,Send Money,N/A,Feature Phone,24639.42,100,179224.06,Completed
TXN0004753,2024-02-29 16:49:37,CUST00424,Wairimu Sang,Female,18,Mombasa,0759953392,M-Pesa,Send Money,N/A,Android,17878.2,62,44518.33,Completed
TXN0002687,2024-02-29 17:05:16,CUST00363,Ochieng Ochieng,Male,24,Nyeri,0759316595,M-Pesa,Withdraw Cash,N/A,Feature Phone,19619.81,55,236591.48,Completed
TXN0002404,2024-02-29 17:13:46,CUST00758,Njeri Musyoka,Male,21,Nairobi,0740434387,M-Pesa,Send Money,N/A,Android,26023.95,108,231263.81,Completed
TXN0001591,2024-02-29 19:03:02,CUST00254,Muthoni Langat,Male,30,Kiambu,0701561035,M-Pesa,Send Money,N/A,Feature Phone,2205.59,40,16808.91,Completed
TXN0000995,2024-02-29 19:11:42,CUST00055,Kipchoge Chepkwony,Male,22,Nairobi,0768452277,M-Pesa,Send Money,N/A,Android,53162.8,100,29603.57,Completed
TXN0001960,2024-02-29 20:16:42,CUST00131,Wangari Kiplagat,Female,25,Kiambu,0740109849,Airtel Money,Withdraw Cash,N/A,Feature Phone,47724.65,105,186984.42,Completed
TXN0004504,2024-02-29 21:05:23,CUST00377,Kamau Kiplagat,Female,59,Migori,0723328680,Airtel Money,Pay Bill,Rent,Android,41563.86,108,144916.09,Completed
TXN0000465,2024-02-29 21:07:38,CUST00719,Wangari Njoroge,Female,57,Machakos,0710590073,Airtel Money,Send Money,N/A,Feature Phone,47800.91,100,99295.37,Completed
TXN0003538,2024-02-29 21:28:11,CUST00338,Wanjiku Wekesa,Female,44,Kisumu,0759534280,M-Pesa,Buy Goods (Till),Hardware,Android,9289.92,0.0,79182.58,Reversed
TXN0005985,2024-02-29 21:48:56,CUST00799,Owino Njoroge,Female,39,Mombasa,0722200478,M-Pesa,Pay Bill,Internet (ISP),Android,38616.17,100,249398.54,Completed
TXN0005079,2024-02-29 22:47:10,CUST00173,Nabwire Cheptoo,Female,24,Turkana,0722296529,M-Pesa,Pay Bill,Internet (ISP),Android,61395.84,105,131553.38,Completed
TXN0005413,2024-03-01 06:19:20,CUST00788,Otieno Cheptoo,Male,64,Nairobi,0723646327,Airtel Money,Buy Goods (Till),Supermarket,Feature Phone,9327.21,87,245993.45,Completed
TXN0004855,2024-03-01 06:58:01,CUST00314,Moraa Karanja,Male,26,Mombasa,0740062137,M-Pesa,Send Money,N/A,Android,61888.96,0.0,145087.28,Failed
TXN0001520,2024-03-01 10:11:09,CUST00781,Mwangi Mwangi,Male,18,Nairobi,0723521053,Airtel Money,Pay Bill,Water Utility,Android,44255.98,105,221026.52,Completed
TXN0004066,2024-03-01 11:41:27,CUST00507,Kibet Wanjala,Male,37,Kericho,0768868388,M-Pesa,Buy Goods (Till),Hardware,Android,4481.78,0.0,109454.63,Reversed
TXN0000262,2024-03-01 11:46:21,CUST00332,Kiptoo Wabwire,Male,29,Mombasa,0111251791,M-Pesa,Send Money,N/A,Android,44794.13,100,31987.08,Completed
TXN0005214,2024-03-01 12:16:12,CUST00307,Cherono Amollo,Female,41,Nairobi,0111843351,M-Pesa,Send Money,N/A,Feature Phone,16457.63,55,147565.74,Completed
TXN0002709,2024-03-01 14:33:51,CUST00222,Wangari Barasa,Male,34,Kericho,0768773202,M-Pesa,Airtime Purchase,N/A,Android,1334.42,0.0,173617.65,Completed
TXN0001173,2024-03-01 17:55:31,CUST00082,Cherono Cheptoo,Male,27,Trans Nzoia,0759216007,M-Pesa,Buy Goods (Till),Supermarket,Android,11437.45,87,70212.83,Completed
TXN0002585,2024-03-01 18:15:25,CUST00633,Barasa Omollo,Male,56,Uasin Gishu,0710076935,Airtel Money,Send Money,N/A,Android,7364.64,55,212096.44,Completed
TXN0002683,2024-03-01 19:21:37,CUST00320,Ochieng Waweru,Female,41,Garissa,0759494738,Airtel Money,Send Money,N/A,Feature Phone,61654.56,108,175967.84,Completed
TXN0004157,2024-03-01 19:51:56,CUST00647,Mutua Omollo,Female,34,Nairobi,0723135195,M-Pesa,Airtime Purchase,N/A,Android,718.87,0.0,45848.18,Completed
TXN0000074,2024-03-01 23:16:47,CUST00785,Auma Kiplagat,Female,64,Mombasa,0722938537,M-Pesa,Pay Bill,Internet (ISP),Android,68790.18,108,49609.95,Completed
TXN0005918,2024-03-01 23:20:44,CUST00636,Ochieng Waweru,Female,59,Kiambu,0768137119,M-Pesa,Airtime Purchase,N/A,Feature Phone,601.14,0.0,105451.62,Completed
TXN0000703,2024-03-02 03:02:52,CUST00606,Nabwire Kimani,Female,69,Machakos,0768923511,M-Pesa,Deposit Cash,N/A,Android,110217.77,0.0,221597.05,Reversed
TXN0003681,2024-03-02 07:18:31,CUST00475,Mwangi Kimani,Female,60,Turkana,0768196074,Equitel,Pay Bill,Loan Repayment,Android,23683.48,108,59744.13,Completed
TXN0003067,2024-03-02 07:32:00,CUST00099,Jelagat Kimani,Female,37,Bungoma,0722304032,M-Pesa,Buy Goods (Till),Electronics,iOS,14018.51,62,155181.01,Completed
TXN0004528,2024-03-02 09:15:22,CUST00580,Wanjiku Waweru,Female,59,Kakamega,0722838415,M-Pesa,Send Money,N/A,Android,10735.87,87,154145.14,Completed
TXN0001211,2024-03-02 11:25:22,CUST00062,Cheruiyot Wekesa,Male,37,Uasin Gishu,0759428196,M-Pesa,Buy Goods (Till),Restaurant,iOS,286.79,7,108649.2,Completed
TXN0001290,2024-03-02 11:34:17,CUST00146,Gitau Karanja,Male,71,Nairobi,0722934999,Airtel Money,Withdraw Cash,N/A,Android,9960.51,87,181281.94,Completed
TXN0001947,2024-03-02 11:41:07,CUST00234,Kibet Otieno,Male,19,Nairobi,0710788939,M-Pesa,Pay Bill,Internet (ISP),Android,39715.33,100,199151.77,Completed
TXN0004557,2024-03-02 12:46:14,CUST00266,Kibet Sang,Male,71,Kisumu,0722662631,M-Pesa,Send Money,N/A,Android,55669.68,100,27686.22,Completed
TXN0002430,2024-03-02 16:35:30,CUST00171,Akinyi Owuor,Male,34,Kajiado,0790709426,M-Pesa,Buy Goods (Till),Clothing,Feature Phone,13967.09,55,218159.4,Completed
TXN0005429,2024-03-02 18:28:25,CUST00442,Njeri Otieno,Male,65,Nairobi,0722490711,M-Pesa,Send Money,N/A,Android,8419.2,87,242380.48,Completed
TXN0000602,2024-03-02 19:46:37,CUST00441,Otieno Otieno,Female,39,Nairobi,0722426598,M-Pesa,Deposit Cash,N/A,Feature Phone,33260.47,0.0,41223.61,Completed
TXN0002573,2024-03-02 19:57:11,CUST00540,Nabwire Amollo,Female,71,Nakuru,0111067987,M-Pesa,Buy Goods (Till),Supermarket,Android,7519.08,55,36784.89,Completed
TXN0000144,2024-03-02 21:03:41,CUST00742,Anyango Ochieng,Male,49,Bungoma,0768090633,Airtel Money,Send Money,N/A,Feature Phone,33767.52,105,1236.2,Completed
TXN0002914,2024-03-02 21:10:32,CUST00554,Ochieng Chepkwony,Male,36,Nairobi,0759557107,M-Pesa,Pay Bill,Water Utility,Android,107309.11,100,52402.05,Completed
TXN0004539,2024-03-02 21:20:40,CUST00800,Kagwe Omollo,Male,70,Nairobi,0722110362,M-Pesa,Withdraw Cash,N/A,Android,24036.01,100,184682.52,Completed
TXN0000293,2024-03-02 22:06:59,CUST00144,Rotich Omollo,Male,21,Nairobi,0111717059,M-Pesa,Send Money,N/A,iOS,42809.54,100,97809.57,Completed
TXN0000964,2024-03-03 01:30:41,CUST00156,Kiprop Odhiambo,Female,60,Garissa,0710631557,M-Pesa,Send Money,N/A,Android,2931.43,33,96483.8,Completed
TXN0005105,2024-03-03 05:39:46,CUST00200,Omondi Njuguna,Female,58,Kiambu,0768307747,M-Pesa,Buy Goods (Till),Pharmacy,Feature Phone,4573.67,45,119765.58,Completed
TXN0002403,2024-03-03 09:39:20,CUST00772,Kariuki Wabwire,Male,61,Nairobi,0710525140,M-Pesa,Deposit Cash,N/A,Android,96443.32,0.0,159112.06,Completed
TXN0004582,2024-03-03 15:30:07,CUST00521,Cheruiyot Waweru,Female,65,Machakos,0723003299,T-Kash,Withdraw Cash,N/A,iOS,26352.57,105,6090.43,Completed
TXN0003561,2024-03-03 16:22:12,CUST00110,Wangari Onyango,Female,23,Nakuru,0722307310,Airtel Money,Pay Bill,DSTV/GOTV,Android,21207.52,105,225558.75,Completed
TXN0004831,2024-03-03 17:26:33,CUST00468,Wambui Langat,Female,36,Mombasa,0790979677,Airtel Money,Airtime Purchase,N/A,Android,272.64,0.0,144592.33,Reversed
TXN0001822,2024-03-03 18:21:53,CUST00312,Onyango Karanja,Female,20,Nairobi,0111196275,M-Pesa,Airtime Purchase,N/A,Android,461.32,0.0,232285.99,Completed
TXN0002231,2024-03-03 19:22:26,CUST00130,Gitau Musyoka,Female,47,Nairobi,0710377891,M-Pesa,Buy Goods (Till),Fuel Station,Android,17102.34,62,53407.37,Completed
TXN0004924,2024-03-03 20:32:11,CUST00112,Atieno Ochieng,Male,21,Nairobi,0701084565,M-Pesa,Withdraw Cash,N/A,Android,57517.14,105,52080.77,Completed
TXN0003434,2024-03-03 21:36:35,CUST00312,Onyango Karanja,Female,20,Nairobi,0111196275,M-Pesa,Pay Bill,Water Utility,Android,24064.88,100,162602.46,Completed
TXN0000515,2024-03-03 21:54:21,CUST00681,Kiprop Sang,Female,45,Nairobi,0710712127,M-Pesa,Buy Goods (Till),Restaurant,Android,8613.69,55,30252.72,Completed
TXN0002541,2024-03-03 23:47:39,CUST00095,Nabwire Waweru,Female,54,Nakuru,0768249194,M-Pesa,Reversal,N/A,Android,11134.09,0.0,211281.38,Completed
TXN0001595,2024-03-03 23:49:29,CUST00712,Nabwire Owuor,Female,37,Meru,0768920397,M-Pesa,Withdraw Cash,N/A,Android,30443.56,100,48187.03,Completed
TXN0002527,2024-03-04 06:33:54,CUST00260,Gitau Onyango,Female,42,Nyeri,0740376649,M-Pesa,Buy Goods (Till),Clothing,Android,5552.44,55,6499.58,Completed
TXN0005626,2024-03-04 07:59:32,CUST00800,Kagwe Omollo,Male,70,Nairobi,0722110362,M-Pesa,Buy Goods (Till),Pharmacy,Android,5044.36,87,175351.83,Completed
TXN0002322,2024-03-04 08:06:05,CUST00022,Muthoni Barasa,Male,28,Mombasa,0759769608,M-Pesa,Buy Goods (Till),Hardware,Android,5342.88,87,215492.21,Completed
TXN0002117,2024-03-04 08:09:02,CUST00246,Kiprop Onyango,Female,72,Nyeri,0759555919,M-Pesa,Reversal,N/A,iOS,16063.62,0.0,190271.15,Completed
TXN0003120,2024-03-04 09:04:21,CUST00226,Nafula Kimani,Female,59,Nairobi,0790909168,M-Pesa,Send Money,N/A,Feature Phone,10170.51,62,144121.87,Completed
TXN0004955,2024-03-04 09:28:44,CUST00136,Omondi Wanjala,Female,50,Nairobi,0111197238,M-Pesa,Send Money,N/A,Feature Phone,29434.33,108,5978.06,Completed
TXN0000252,2024-03-04 09:57:46,CUST00336,Akinyi Cheptoo,Female,34,Nairobi,0790246342,M-Pesa,Deposit Cash,N/A,Android,113036.86,0.0,50425.36,Completed
TXN0005211,2024-03-04 10:25:53,CUST00535,Mwangi Makau,Male,60,Mombasa,0710804737,M-Pesa,Withdraw Cash,N/A,Android,7841.56,62,44150.44,Completed
TXN0004701,2024-03-04 12:06:17,CUST00528,Muthoni Njuguna,Female,24,Kajiado,0710047462,M-Pesa,Pay Bill,School Fees,Android,49900.07,108,220442.84,Completed
TXN0000508,2024-03-04 16:54:15,CUST00260,Gitau Onyango,Female,42,Nyeri,0740376649,M-Pesa,Pay Bill,Loan Repayment,Android,74054.22,105,73347.37,Completed
TXN0005483,2024-03-04 20:22:57,CUST00708,Njoroge Kiplagat,Male,27,Kajiado,0759992801,T-Kash,Send Money,N/A,Feature Phone,6207.15,87,228776.03,Completed
TXN0004936,2024-03-04 21:28:23,CUST00676,Anyango Ruto,Male,18,Nairobi,0701158490,M-Pesa,Buy Goods (Till),Pharmacy,Android,26441.43,100,201126.52,Completed
TXN0002043,2024-03-04 21:38:40,CUST00394,Kamau Wekesa,Male,27,Nairobi,0111086829,M-Pesa,Send Money,N/A,Android,24325.93,100,40537.88,Completed
TXN0004209,2024-03-04 22:05:03,CUST00212,Omondi Chepkwony,Male,38,Nakuru,0723349229,M-Pesa,Pay Bill,School Fees,Android,66915.59,105,12569.69,Completed
TXN0003179,2024-03-04 22:26:27,CUST00372,Moraa Waweru,Female,67,Meru,0710413559,M-Pesa,Send Money,N/A,Android,42523.66,108,233209.22,Completed
TXN0000492,2024-03-04 23:07:58,CUST00558,Muthoni Odhiambo,Male,51,Nakuru,0759532444,T-Kash,Send Money,N/A,Android,8743.98,87,166159.23,Completed
TXN0004945,2024-03-04 23:15:40,CUST00761,Owino Kariuki,Female,25,Homa Bay,0723323434,M-Pesa,Buy Goods (Till),Restaurant,Android,21608.31,108,14130.8,Completed
TXN0002199,2024-03-05 03:38:07,CUST00062,Cheruiyot Wekesa,Male,37,Uasin Gishu,0759428196,M-Pesa,Buy Goods (Till),Electronics,iOS,15393.29,62,100223.26,Completed
TXN0005358,2024-03-05 07:06:37,CUST00411,Nafula Kimani,Female,63,Kilifi,0701228693,M-Pesa,Send Money,N/A,Android,49306.13,108,43524.73,Completed
TXN0000972,2024-03-05 07:15:20,CUST00329,Nabwire Kamau,Female,34,Nairobi,0759102989,Airtel Money,Pay Bill,Insurance,Feature Phone,17893.0,87,5482.72,Completed
TXN0000769,2024-03-05 07:30:48,CUST00293,Njoroge Kiplagat,Male,29,Trans Nzoia,0723115345,M-Pesa,Pay Bill,Loan Repayment,Android,114743.36,0.0,145724.78,Reversed
TXN0000288,2024-03-05 07:50:05,CUST00711,Njoroge Ochieng,Male,27,Nairobi,0722611349,M-Pesa,Airtime Purchase,N/A,Feature Phone,740.21,0.0,25034.52,Completed
TXN0000550,2024-03-05 07:54:01,CUST00498,Nyokabi Wekesa,Male,19,Kisumu,0722485926,M-Pesa,Send Money,N/A,iOS,13975.81,55,114876.65,Completed
TXN0004272,2024-03-05 08:35:32,CUST00564,Cheruiyot Kamau,Male,54,Machakos,0790515165,M-Pesa,Deposit Cash,N/A,Android,56648.63,0.0,123953.8,Completed
TXN0002609,2024-03-05 12:45:41,CUST00085,Cherono Wanjala,Male,58,Uasin Gishu,0111352547,M-Pesa,Reversal,N/A,Android,8053.44,0.0,197410.98,Completed
TXN0003883,2024-03-05 13:06:30,CUST00212,Omondi Chepkwony,Male,38,Nakuru,0723349229,M-Pesa,Pay Bill,Loan Repayment,Android,38780.73,108,182852.65,Completed
TXN0001584,2024-03-05 13:08:15,CUST00441,Otieno Otieno,Female,39,Nairobi,0722426598,M-Pesa,Withdraw Cash,N/A,Feature Phone,22283.95,100,113404.32,Completed
TXN0002498,2024-03-05 13:32:03,CUST00107,Wairimu Omollo,Male,37,Bomet,0701916547,M-Pesa,Send Money,N/A,Android,9641.8,55,199190.97,Completed
TXN0005691,2024-03-05 15:11:26,CUST00625,Nyokabi Omollo,Female,31,Kisumu,0740862851,M-Pesa,Buy Goods (Till),Restaurant,Android,14085.91,55,66487.35,Completed
TXN0001524,2024-03-05 15:35:31,CUST00349,Njoroge Kimani,Female,65,Kisumu,0790481266,M-Pesa,Send Money,N/A,Android,25767.25,100,118137.06,Completed
TXN0004929,2024-03-05 15:35:38,CUST00640,Wangari Ruto,Female,60,Nakuru,0722988084,Airtel Money,Withdraw Cash,N/A,iOS,33428.43,108,75997.61,Completed
TXN0003071,2024-03-05 15:43:58,CUST00694,Owino Omollo,Male,64,Bomet,0710206895,M-Pesa,Pay Bill,School Fees,Android,98738.19,105,5714.31,Completed
TXN0002461,2024-03-05 17:52:53,CUST00157,Atieno Kiplagat,Male,61,Nyeri,0768582329,M-Pesa,Pay Bill,SACCO,Android,72778.45,105,151003.83,Completed
TXN0005966,2024-03-05 19:17:42,CUST00617,Kirui Langat,Male,37,Mombasa,0722032291,M-Pesa,Withdraw Cash,N/A,Android,34605.06,108,145326.9,Completed
TXN0001445,2024-03-05 22:15:59,CUST00287,Auma Kiprono,Female,44,Machakos,0759278796,M-Pesa,Withdraw Cash,N/A,Android,40612.27,0.0,27739.84,Reversed
TXN0005816,2024-03-05 22:33:50,CUST00461,Kariuki Owuor,Female,51,Kajiado,0701765267,T-Kash,Buy Goods (Till),Hardware,Feature Phone,15692.05,62,129515.67,Completed
TXN0005108,2024-03-05 23:40:28,CUST00210,Muthoni Wabwire,Male,38,Nairobi,0768367970,M-Pesa,Deposit Cash,N/A,Android,61542.47,0.0,161884.54,Completed
TXN0000893,2024-03-06 01:01:38,CUST00746,Wafula Odhiambo,Male,72,Turkana,0790917512,M-Pesa,Pay Bill,Water Utility,Android,113043.1,100,160727.92,Completed
TXN0001752,2024-03-06 07:37:19,CUST00738,Waweru Omollo,Male,24,Meru,0710567862,M-Pesa,Airtime Purchase,N/A,iOS,777.72,0.0,10640.03,Reversed
TXN0001087,2024-03-06 07:38:42,CUST00303,Wanjiku Chepkwony,Female,53,Nairobi,0722055937,Airtel Money,Withdraw Cash,N/A,Android,21963.52,108,175674.3,Completed
TXN0002304,2024-03-06 07:41:57,CUST00015,Kemboi Waweru,Male,40,Mombasa,0701806607,Airtel Money,Send Money,N/A,Android,26439.25,105,72547.32,Completed
TXN0004965,2024-03-06 09:02:35,CUST00626,Njeri Njoroge,Female,21,Kakamega,0710911572,M-Pesa,Send Money,N/A,Android,14212.57,55,112208.5,Completed
TXN0000660,2024-03-06 09:24:48,CUST00271,Njoroge Ochieng,Male,68,Nairobi,0740678934,M-Pesa,Send Money,N/A,Android,54148.94,100,20502.22,Completed
TXN0000555,2024-03-06 09:25:50,CUST00622,Njeri Mutiso,Female,19,Machakos,0701362592,M-Pesa,Send Money,N/A,Feature Phone,10314.79,87,170819.61,Completed
TXN0004564,2024-03-06 09:37:31,CUST00367,Kiptoo Owuor,Female,53,Uasin Gishu,0710041282,M-Pesa,Buy Goods (Till),Hardware,Android,13840.06,62,218748.66,Completed
TXN0005022,2024-03-06 11:30:49,CUST00266,Kibet Sang,Male,71,Kisumu,0722662631,M-Pesa,Airtime Purchase,N/A,Android,408.6,0.0,47535.84,Reversed
TXN0002385,2024-03-06 14:53:35,CUST00358,Kibet Makau,Female,47,Kiambu,0759154854,M-Pesa,Send Money,N/A,Android,30327.38,108,91169.98,Completed
TXN0002245,2024-03-06 15:44:37,CUST00103,Nyokabi Mwangi,Male,55,Kakamega,0111366170,M-Pesa,Pay Bill,Electricity (KPLC),Android,23270.57,108,164383.48,Completed
TXN0000120,2024-03-06 17:11:04,CUST00199,Maina Gichuru,Male,44,Homa Bay,0790818278,M-Pesa,Pay Bill,Insurance,Android,79163.2,105,224434.12,Completed
TXN0000854,2024-03-06 18:03:02,CUST00598,Rotich Wabwire,Female,68,Uasin Gishu,0722284224,M-Pesa,Buy Goods (Till),Pharmacy,Android,17403.09,62,74662.54,Completed
TXN0003715,2024-03-06 19:01:14,CUST00765,Nyambura Mutiso,Male,61,Nairobi,0710349640,Equitel,Buy Goods (Till),Pharmacy,Feature Phone,10885.8,0.0,154018.48,Failed
TXN0004905,2024-03-06 20:13:06,CUST00793,Jelagat Waweru,Male,58,Nakuru,0723515140,M-Pesa,Buy Goods (Till),Restaurant,Android,10782.27,55,10684.38,Completed
TXN0005605,2024-03-06 20:36:55,CUST00363,Ochieng Ochieng,Male,24,Nyeri,0759316595,M-Pesa,Withdraw Cash,N/A,Feature Phone,58144.79,105,5778.51,Completed
TXN0001012,2024-03-06 21:52:02,CUST00502,Waweru Odhiambo,Female,52,Kiambu,0768464710,M-Pesa,Send Money,N/A,Feature Phone,11983.56,87,94876.74,Completed
TXN0004845,2024-03-06 22:38:52,CUST00303,Wanjiku Chepkwony,Female,53,Nairobi,0722055937,Airtel Money,Send Money,N/A,Android,6608.13,55,43365.15,Completed
TXN0000607,2024-03-06 23:54:11,CUST00085,Cherono Wanjala,Male,58,Uasin Gishu,0111352547,M-Pesa,Reversal,N/A,Android,17104.51,0.0,48062.04,Completed
TXN0005107,2024-03-07 01:01:49,CUST00466,Nyambura Omollo,Male,25,Nairobi,0111543276,Equitel,Send Money,N/A,Android,62109.17,105,142775.81,Completed
TXN0004411,2024-03-07 01:42:04,CUST00107,Wairimu Omollo,Male,37,Bomet,0701916547,M-Pesa,Send Money,N/A,Android,10131.99,55,57036.81,Completed
TXN0000807,2024-03-07 03:28:50,CUST00548,Muthoni Wekesa,Male,64,Kiambu,0701748138,M-Pesa,Send Money,N/A,Android,10216.55,62,166819.09,Completed
TXN0004768,2024-03-07 06:57:21,CUST00708,Njoroge Kiplagat,Male,27,Kajiado,0759992801,T-Kash,Buy Goods (Till),Electronics,Feature Phone,7309.28,62,195481.41,Completed
TXN0005739,2024-03-07 07:06:17,CUST00301,Wairimu Kamau,Male,59,Nyeri,0723757091,Airtel Money,Pay Bill,Internet (ISP),Android,3629.79,45,124487.74,Completed
TXN0002454,2024-03-07 07:09:20,CUST00642,Otieno Kimani,Female,41,Garissa,0111624773,T-Kash,Airtime Purchase,N/A,iOS,307.81,0.0,184465.75,Completed
TXN0003806,2024-03-07 07:35:00,CUST00219,Chelagat Sang,Female,30,Nyeri,0759720423,Airtel Money,Deposit Cash,N/A,Feature Phone,105790.71,0.0,152201.08,Completed
TXN0002757,2024-03-07 12:28:42,CUST00573,Kagwe Chepkwony,Male,35,Garissa,0740693632,M-Pesa,Send Money,N/A,Android,22861.18,0.0,209640.12,Failed
TXN0003621,2024-03-07 12:40:59,CUST00537,Onyango Langat,Female,43,Garissa,0701386696,Airtel Money,Send Money,N/A,Android,38408.68,105,16767.15,Completed
TXN0003542,2024-03-07 13:30:56,CUST00212,Omondi Chepkwony,Male,38,Nakuru,0723349229,M-Pesa,Airtime Purchase,N/A,Android,1056.4,0.0,218973.79,Completed
TXN0004694,2024-03-07 14:46:27,CUST00389,Kipchoge Sang,Male,55,Migori,0759144157,M-Pesa,Buy Goods (Till),Supermarket,Android,2631.55,33,196473.94,Completed
TXN0002758,2024-03-07 16:57:51,CUST00114,Nasike Otieno,Female,58,Nakuru,0111207376,M-Pesa,Send Money,N/A,Feature Phone,23098.75,108,50680.7,Completed
TXN0005637,2024-03-07 17:05:13,CUST00708,Njoroge Kiplagat,Male,27,Kajiado,0759992801,T-Kash,Pay Bill,Electricity (KPLC),Feature Phone,126287.83,0.0,169630.62,Failed
TXN0004390,2024-03-07 18:19:43,CUST00407,Kibet Njoroge,Male,30,Kiambu,0759341120,M-Pesa,Airtime Purchase,N/A,Android,1063.96,0.0,158776.51,Completed
TXN0005504,2024-03-07 20:18:51,CUST00529,Wambui Wanjala,Male,46,Kiambu,0710206300,T-Kash,Send Money,N/A,Android,8744.65,55,163228.86,Completed
TXN0001128,2024-03-07 22:40:54,CUST00069,Maina Kimani,Male,63,Garissa,0701120303,M-Pesa,Pay Bill,DSTV/GOTV,Android,40744.37,108,119897.97,Completed
TXN0001029,2024-03-07 22:54:27,CUST00402,Nabwire Odhiambo,Male,39,Bungoma,0111018335,M-Pesa,Airtime Purchase,N/A,Android,311.36,0.0,52522.56,Completed
TXN0000520,2024-03-07 23:03:07,CUST00492,Chebet Makau,Male,21,Kajiado,0701693616,M-Pesa,Withdraw Cash,N/A,Android,11910.62,62,53530.62,Completed
TXN0003010,2024-03-08 01:52:19,CUST00764,Kariuki Njoroge,Female,28,Bungoma,0111672019,M-Pesa,Airtime Purchase,N/A,Feature Phone,1204.52,0.0,172756.84,Completed
TXN0000536,2024-03-08 08:21:02,CUST00703,Akinyi Amollo,Female,36,Kiambu,0723243297,Airtel Money,Buy Goods (Till),Fuel Station,Feature Phone,11310.16,62,145437.26,Completed
TXN0002154,2024-03-08 09:02:44,CUST00117,Wambui Mutiso,Male,35,Nairobi,0111444931,M-Pesa,Withdraw Cash,N/A,Android,41855.31,108,241794.13,Completed
TXN0004991,2024-03-08 09:21:36,CUST00780,Simiyu Njoroge,Male,51,Nairobi,0701186167,T-Kash,Withdraw Cash,N/A,Feature Phone,15294.79,0.0,113740.3,Failed
TXN0004796,2024-03-08 11:48:09,CUST00279,Wanjiku Kimani,Male,28,Kisumu,0701880429,M-Pesa,Send Money,N/A,Android,43603.24,100,210103.28,Completed
TXN0001620,2024-03-08 12:52:28,CUST00327,Akinyi Wekesa,Male,61,Nairobi,0740690236,M-Pesa,Withdraw Cash,N/A,Android,7719.97,55,138862.29,Completed
TXN0001207,2024-03-08 16:24:22,CUST00284,Adhiambo Kiplagat,Female,70,Bungoma,0111149857,M-Pesa,Withdraw Cash,N/A,Android,5799.08,87,18180.37,Completed
TXN0000478,2024-03-08 19:12:56,CUST00763,Mwangi Otieno,Male,20,Uasin Gishu,0740012673,M-Pesa,Airtime Purchase,N/A,Feature Phone,1162.69,0.0,233010.79,Completed
TXN0004331,2024-03-08 19:53:30,CUST00157,Atieno Kiplagat,Male,61,Nyeri,0768582329,M-Pesa,Pay Bill,DSTV/GOTV,Android,92362.29,105,167655.26,Completed
TXN0002738,2024-03-08 21:17:58,CUST00547,Onyango Amollo,Female,66,Nairobi,0723768155,M-Pesa,Send Money,N/A,Android,48296.38,105,227877.33,Completed
TXN0005435,2024-03-09 01:07:49,CUST00398,Kariuki Gichuru,Female,29,Garissa,0740790061,Airtel Money,Buy Goods (Till),Restaurant,Feature Phone,3681.51,40,222732.15,Completed
TXN0004986,2024-03-09 01:25:21,CUST00404,Mwangi Ruto,Male,68,Nairobi,0740940451,Airtel Money,Airtime Purchase,N/A,Feature Phone,228.9,0.0,179321.99,Completed
TXN0002998,2024-03-09 03:18:43,CUST00341,Rotich Kiprono,Female,28,Kakamega,0111464903,M-Pesa,Buy Goods (Till),Fuel Station,Android,15096.76,62,227441.72,Completed
TXN0002224,2024-03-09 05:40:55,CUST00379,Nyokabi Musyoka,Female,43,Kilifi,0722336295,Airtel Money,Pay Bill,SACCO,Android,29660.84,108,36188.18,Completed
TXN0002909,2024-03-09 08:37:50,CUST00304,Wambui Cheptoo,Female,50,Nairobi,0710281178,Airtel Money,Send Money,N/A,iOS,52938.86,108,170165.5,Completed
TXN0002643,2024-03-09 09:20:41,CUST00606,Nabwire Kimani,Female,69,Machakos,0768923511,M-Pesa,Buy Goods (Till),Hardware,Android,27730.97,100,95048.38,Completed
TXN0005307,2024-03-09 10:32:21,CUST00600,Kariuki Mutiso,Female,35,Nakuru,0710420925,M-Pesa,Buy Goods (Till),Restaurant,Android,6455.95,55,133060.4,Completed
TXN0002748,2024-03-09 12:04:01,CUST00222,Wangari Barasa,Male,34,Kericho,0768773202,M-Pesa,Send Money,N/A,Android,16945.95,87,199076.01,Completed
TXN0002520,2024-03-09 12:31:50,CUST00193,Kariuki Kimani,Male,52,Meru,0710541340,M-Pesa,Buy Goods (Till),Electronics,Android,11352.17,55,115592.88,Completed
TXN0000219,2024-03-09 13:23:46,CUST00774,Kiprop Langat,Male,35,Nairobi,0740492092,M-Pesa,Buy Goods (Till),Hardware,Android,278.37,8,123151.28,Completed
TXN0005592,2024-03-09 14:21:39,CUST00663,Atieno Cheptoo,Male,71,Nairobi,0710623160,M-Pesa,Pay Bill,Loan Repayment,Android,31862.79,100,105233.4,Completed
TXN0000256,2024-03-09 16:01:13,CUST00409,Nasike Karanja,Male,61,Nairobi,0768041558,M-Pesa,Send Money,N/A,Android,39119.91,100,23212.95,Completed
TXN0000959,2024-03-09 18:01:57,CUST00595,Omondi Karanja,Male,26,Bungoma,0740563469,M-Pesa,Buy Goods (Till),Supermarket,Android,7794.93,87,160581.7,Completed
TXN0000190,2024-03-09 18:05:05,CUST00198,Kamau Njuguna,Male,40,Kisumu,0759192595,Airtel Money,Deposit Cash,N/A,Feature Phone,23440.75,0.0,218662.55,Completed
TXN0001162,2024-03-09 18:32:06,CUST00746,Wafula Odhiambo,Male,72,Turkana,0790917512,M-Pesa,Pay Bill,Water Utility,Android,52517.65,105,31618.29,Completed
TXN0003982,2024-03-09 18:37:46,CUST00552,Gitau Onyango,Female,61,Meru,0790733896,M-Pesa,Send Money,N/A,Android,3870.7,40,136093.73,Completed
TXN0002320,2024-03-09 18:54:08,CUST00627,Atieno Wekesa,Female,64,Nairobi,0768122462,Airtel Money,Send Money,N/A,Android,5244.0,62,202983.85,Completed
TXN0002782,2024-03-09 19:19:41,CUST00446,Wanjiku Wekesa,Male,23,Meru,0790487626,M-Pesa,Deposit Cash,N/A,Android,48726.58,0.0,138040.82,Completed
TXN0003676,2024-03-09 20:19:33,CUST00186,Maina Mutiso,Female,68,Mombasa,0722027562,M-Pesa,Send Money,N/A,Android,37059.02,108,46743.27,Completed
TXN0003864,2024-03-09 22:17:53,CUST00702,Akinyi Mutiso,Male,25,Nakuru,0723861556,M-Pesa,Withdraw Cash,N/A,Android,19439.16,62,80903.41,Completed
TXN0003332,2024-03-09 23:05:14,CUST00110,Wangari Onyango,Female,23,Nakuru,0722307310,Airtel Money,Send Money,N/A,Android,21470.83,105,199909.03,Completed
TXN0001628,2024-03-09 23:41:34,CUST00756,Mumbi Kiplagat,Male,25,Nairobi,0710789441,M-Pesa,Withdraw Cash,N/A,Android,27953.28,100,134685.83,Completed
TXN0000180,2024-03-10 08:52:54,CUST00127,Owino Owuor,Male,36,Kericho,0790192660,M-Pesa,Send Money,N/A,Android,12948.9,0.0,142686.25,Reversed
TXN0002620,2024-03-10 09:43:45,CUST00696,Omondi Karanja,Female,48,Nairobi,0710481591,M-Pesa,Send Money,N/A,Android,11595.88,62,25367.72,Completed
TXN0000160,2024-03-10 09:52:02,CUST00614,Rotich Langat,Male,61,Kilifi,0768331027,M-Pesa,Pay Bill,Insurance,Android,30460.39,100,135687.12,Completed
TXN0004077,2024-03-10 10:09:49,CUST00446,Wanjiku Wekesa,Male,23,Meru,0790487626,M-Pesa,Buy Goods (Till),Clothing,Android,7257.17,55,183970.88,Completed
TXN0002572,2024-03-10 10:30:46,CUST00555,Kagwe Waweru,Female,50,Nairobi,0722825179,M-Pesa,Pay Bill,Electricity (KPLC),Android,4778.51,33,175395.95,Completed
TXN0005088,2024-03-10 10:32:27,CUST00320,Ochieng Waweru,Female,41,Garissa,0759494738,Airtel Money,Pay Bill,Water Utility,Feature Phone,53986.15,108,62431.29,Completed
TXN0001924,2024-03-10 11:28:28,CUST00027,Otieno Wekesa,Female,65,Homa Bay,0768888271,Airtel Money,Send Money,N/A,Feature Phone,45711.13,108,80844.09,Completed
TXN0000112,2024-03-10 12:27:11,CUST00790,Kipchoge Mutiso,Male,24,Meru,0768165146,M-Pesa,Pay Bill,School Fees,Feature Phone,77964.32,100,95614.35,Completed
TXN0005743,2024-03-10 13:53:35,CUST00311,Auma Makau,Male,48,Migori,0722240302,Airtel Money,Deposit Cash,N/A,Android,59259.9,0.0,203824.64,Completed
TXN0004423,2024-03-10 14:15:21,CUST00741,Rotich Kamau,Male,58,Trans Nzoia,0723191121,M-Pesa,Send Money,N/A,Feature Phone,9567.63,87,138851.51,Completed
TXN0005498,2024-03-10 17:01:00,CUST00240,Njoroge Kamau,Male,38,Nairobi,0723013758,M-Pesa,Send Money,N/A,Android,14890.69,62,224705.91,Completed
TXN0005519,2024-03-10 18:58:41,CUST00620,Kirui Njoroge,Male,47,Nairobi,0790630235,Equitel,Send Money,N/A,Android,9216.75,87,84196.32,Completed
TXN0000708,2024-03-10 19:47:18,CUST00574,Kemboi Mutiso,Male,39,Nairobi,0111066049,M-Pesa,Buy Goods (Till),Electronics,Android,21677.27,100,13207.92,Completed
TXN0004400,2024-03-10 20:46:20,CUST00148,Cheruiyot Wekesa,Female,18,Nyeri,0790571888,M-Pesa,Send Money,N/A,Android,31855.41,105,215729.46,Completed
TXN0003342,2024-03-10 23:29:44,CUST00417,Nabwire Gichuru,Female,61,Kiambu,0768799565,Airtel Money,Buy Goods (Till),Fuel Station,Feature Phone,12488.2,62,4736.39,Completed
TXN0003355,2024-03-10 23:50:56,CUST00094,Auma Onyango,Male,52,Meru,0759563374,M-Pesa,Deposit Cash,N/A,Android,47847.14,0.0,50652.36,Completed
TXN0004809,2024-03-11 05:51:07,CUST00020,Mumbi Wanjala,Male,20,Machakos,0768653263,M-Pesa,Airtime Purchase,N/A,Android,1231.87,0.0,164702.85,Completed
TXN0001448,2024-03-11 07:49:21,CUST00135,Muthoni Gichuru,Female,39,Uasin Gishu,0111715501,M-Pesa,Send Money,N/A,Android,10304.41,55,36017.68,Completed
TXN0005166,2024-03-11 08:12:17,CUST00177,Cheruiyot Mwangi,Male,23,Kiambu,0768767310,M-Pesa,Send Money,N/A,Android,41940.26,100,241155.25,Completed
TXN0002268,2024-03-11 08:12:25,CUST00234,Kibet Otieno,Male,19,Nairobi,0710788939,M-Pesa,Buy Goods (Till),Hardware,Android,5698.83,62,144163.28,Completed
TXN0005347,2024-03-11 08:56:01,CUST00370,Rotich Sang,Male,58,Nakuru,0790535361,M-Pesa,Pay Bill,Rent,iOS,36775.32,108,234775.5,Completed
TXN0000506,2024-03-11 09:12:59,CUST00011,Kariuki Kamau,Female,25,Homa Bay,0790225078,Equitel,Pay Bill,Electricity (KPLC),Android,61849.64,105,17274.9,Completed
TXN0003011,2024-03-11 09:18:04,CUST00585,Njeri Ochieng,Female,61,Nairobi,0722230725,M-Pesa,Buy Goods (Till),Fuel Station,Android,13901.31,55,76220.23,Completed
TXN0000250,2024-03-11 12:30:39,CUST00733,Rotich Barasa,Female,62,Machakos,0723981664,M-Pesa,Deposit Cash,N/A,Feature Phone,22780.38,0.0,51536.04,Completed
TXN0003942,2024-03-11 13:04:55,CUST00681,Kiprop Sang,Female,45,Nairobi,0710712127,M-Pesa,Send Money,N/A,Android,30405.32,105,176410.99,Completed
TXN0004245,2024-03-11 13:18:42,CUST00025,Simiyu Karanja,Male,27,Uasin Gishu,0111511387,Airtel Money,Buy Goods (Till),Hardware,Feature Phone,17562.04,87,103851.96,Completed
TXN0001219,2024-03-11 13:27:51,CUST00193,Kariuki Kimani,Male,52,Meru,0710541340,M-Pesa,Send Money,N/A,Android,24945.79,108,159233.55,Completed
TXN0005466,2024-03-11 14:11:58,CUST00202,Kariuki Kariuki,Male,38,Kajiado,0111518787,M-Pesa,Buy Goods (Till),Fuel Station,Android,7240.29,87,100162.52,Completed
TXN0001860,2024-03-11 14:26:10,CUST00102,Muthoni Wabwire,Female,36,Nakuru,0111606335,M-Pesa,Deposit Cash,N/A,Android,46899.16,0.0,95987.27,Completed
TXN0005222,2024-03-11 15:28:05,CUST00717,Nasike Njuguna,Female,72,Nairobi,0710148078,Airtel Money,Reversal,N/A,Android,10169.47,0.0,32277.62,Completed
TXN0004237,2024-03-11 16:02:56,CUST00759,Cheruiyot Kiplagat,Female,59,Nairobi,0759119346,M-Pesa,Send Money,N/A,Android,7757.58,87,57830.71,Completed
TXN0002617,2024-03-12 03:46:40,CUST00602,Maina Langat,Male,65,Kisumu,0790028744,M-Pesa,Send Money,N/A,Android,16768.25,87,147491.0,Completed
TXN0001499,2024-03-12 07:13:37,CUST00326,Cheruiyot Wanjala,Female,21,Migori,0710642682,M-Pesa,Withdraw Cash,N/A,Android,37719.4,105,167044.63,Completed
TXN0002178,2024-03-12 07:36:30,CUST00058,Mutua Odhiambo,Male,71,Kericho,0722962074,M-Pesa,Deposit Cash,N/A,Feature Phone,39530.9,0.0,179599.83,Completed
TXN0005201,2024-03-12 09:04:43,CUST00166,Kibet Waweru,Female,20,Uasin Gishu,0740705572,M-Pesa,Pay Bill,Water Utility,Android,127358.44,105,249355.36,Completed
TXN0001689,2024-03-12 09:36:46,CUST00469,Kagwe Musyoka,Male,20,Nairobi,0759106233,M-Pesa,Send Money,N/A,Android,24722.15,105,237852.37,Completed
TXN0003366,2024-03-12 10:24:33,CUST00474,Kirui Barasa,Male,53,Mombasa,0790835400,M-Pesa,Send Money,N/A,iOS,58217.2,100,27829.78,Completed
TXN0000619,2024-03-12 10:38:56,CUST00335,Wairimu Otieno,Female,50,Kiambu,0710415306,M-Pesa,Withdraw Cash,N/A,Android,35114.43,108,217033.47,Completed
TXN0001352,2024-03-12 13:12:41,CUST00353,Wafula Kiplagat,Male,65,Kilifi,0759623991,M-Pesa,Pay Bill,Loan Repayment,Feature Phone,46193.84,105,192029.6,Completed
TXN0000021,2024-03-12 13:23:08,CUST00179,Njoroge Waweru,Male,42,Bungoma,0759995131,M-Pesa,Send Money,N/A,Android,30115.33,100,163650.21,Completed
TXN0002290,2024-03-12 13:23:29,CUST00351,Nyokabi Waweru,Male,37,Bungoma,0701947389,M-Pesa,Send Money,N/A,Feature Phone,41778.64,108,175140.97,Completed
TXN0000993,2024-03-12 14:02:12,CUST00379,Nyokabi Musyoka,Female,43,Kilifi,0722336295,Airtel Money,Send Money,N/A,Android,20202.28,100,213572.06,Completed
TXN0002890,2024-03-12 15:11:21,CUST00699,Chebet Chepkwony,Male,65,Kajiado,0723245413,M-Pesa,Buy Goods (Till),Restaurant,Android,17467.12,62,19630.66,Completed
TXN0001707,2024-03-12 15:50:26,CUST00179,Njoroge Waweru,Male,42,Bungoma,0759995131,M-Pesa,Send Money,N/A,Android,6101.41,87,131108.71,Completed
TXN0000747,2024-03-12 18:43:45,CUST00417,Nabwire Gichuru,Female,61,Kiambu,0768799565,Airtel Money,Withdraw Cash,N/A,Feature Phone,35892.16,100,2667.99,Completed
TXN0001210,2024-03-12 19:02:45,CUST00385,Achieng Waweru,Male,66,Bomet,0790926221,T-Kash,Pay Bill,Insurance,Android,27241.58,105,89438.18,Completed
TXN0001626,2024-03-12 21:21:52,CUST00351,Nyokabi Waweru,Male,37,Bungoma,0701947389,M-Pesa,Deposit Cash,N/A,Feature Phone,13416.92,0.0,107577.14,Completed
TXN0004461,2024-03-12 22:22:43,CUST00778,Auma Wanjala,Female,52,Turkana,0790081647,M-Pesa,Send Money,N/A,Feature Phone,33679.73,108,135560.59,Completed
TXN0005736,2024-03-12 22:35:54,CUST00013,Jelagat Karanja,Female,51,Mombasa,0740235220,M-Pesa,Send Money,N/A,Android,43289.16,108,235860.49,Completed
TXN0001215,2024-03-12 23:48:48,CUST00169,Cheruiyot Kiprono,Male,18,Nairobi,0701366644,M-Pesa,Buy Goods (Till),Restaurant,Android,20966.96,108,246272.49,Completed
TXN0002512,2024-03-13 01:22:28,CUST00619,Kibet Chepkwony,Female,58,Nairobi,0740934213,M-Pesa,Buy Goods (Till),Clothing,Android,10129.47,55,159127.15,Completed
TXN0004858,2024-03-13 02:27:22,CUST00693,Wairimu Ochieng,Male,18,Kakamega,0111398218,M-Pesa,Deposit Cash,N/A,iOS,36232.33,0.0,2801.66,Completed
TXN0000360,2024-03-13 02:53:58,CUST00183,Mumbi Chepkwony,Male,29,Meru,0759079278,M-Pesa,Buy Goods (Till),Supermarket,Feature Phone,14392.06,55,114308.44,Completed
TXN0001789,2024-03-13 03:10:46,CUST00573,Kagwe Chepkwony,Male,35,Garissa,0740693632,M-Pesa,Buy Goods (Till),Supermarket,Android,11395.43,62,12294.01,Completed
TXN0003324,2024-03-13 03:12:40,CUST00666,Muthoni Wabwire,Male,39,Bungoma,0710820393,M-Pesa,Pay Bill,DSTV/GOTV,iOS,102314.62,108,122661.34,Completed
TXN0001793,2024-03-13 06:02:57,CUST00699,Chebet Chepkwony,Male,65,Kajiado,0723245413,M-Pesa,Send Money,N/A,Android,27466.69,105,64769.07,Completed
TXN0000420,2024-03-13 06:15:01,CUST00329,Nabwire Kamau,Female,34,Nairobi,0759102989,Airtel Money,Pay Bill,School Fees,Feature Phone,25780.46,105,151364.46,Completed
TXN0005007,2024-03-13 07:22:44,CUST00039,Owino Barasa,Male,66,Nakuru,0768577842,M-Pesa,Send Money,N/A,Android,14926.8,87,52292.21,Completed
TXN0003618,2024-03-13 09:55:10,CUST00746,Wafula Odhiambo,Male,72,Turkana,0790917512,M-Pesa,Pay Bill,Rent,Android,96030.47,108,114607.91,Completed
TXN0005723,2024-03-13 09:59:56,CUST00002,Kiptoo Njoroge,Male,63,Kakamega,0759442871,M-Pesa,Withdraw Cash,N/A,Android,45174.0,105,189317.55,Completed
TXN0001118,2024-03-13 10:39:57,CUST00184,Nafula Musyoka,Female,26,Kakamega,0740214345,M-Pesa,Withdraw Cash,N/A,Android,48105.83,105,88430.78,Completed
TXN0001155,2024-03-13 11:47:16,CUST00347,Wairimu Kamau,Female,62,Homa Bay,0701277575,M-Pesa,Withdraw Cash,N/A,Feature Phone,48355.85,105,236808.68,Completed
TXN0001108,2024-03-13 12:49:26,CUST00189,Ochieng Wekesa,Male,53,Nairobi,0759447616,M-Pesa,Send Money,N/A,Feature Phone,22554.82,108,15287.08,Completed
TXN0004896,2024-03-13 15:04:57,CUST00572,Nafula Onyango,Female,40,Kericho,0740550753,M-Pesa,Send Money,N/A,Android,7443.09,55,164790.56,Completed
TXN0005080,2024-03-13 17:15:22,CUST00387,Ochieng Ochieng,Male,46,Mombasa,0722825903,M-Pesa,Send Money,N/A,iOS,23324.49,100,215387.82,Completed
TXN0003083,2024-03-13 18:35:50,CUST00172,Wambui Cheptoo,Male,59,Kilifi,0723434670,Airtel Money,Buy Goods (Till),Hardware,Android,8421.55,87,176119.22,Completed
TXN0004731,2024-03-13 18:39:28,CUST00551,Kiprop Mutiso,Male,38,Nakuru,0710430915,Equitel,Pay Bill,Loan Repayment,iOS,141514.57,0.0,230149.18,Reversed
TXN0001067,2024-03-13 18:59:28,CUST00626,Njeri Njoroge,Female,21,Kakamega,0710911572,M-Pesa,Send Money,N/A,Android,22750.2,108,21543.41,Completed
TXN0001191,2024-03-13 19:02:40,CUST00036,Akinyi Amollo,Female,64,Turkana,0768858742,M-Pesa,Buy Goods (Till),Supermarket,Android,3534.92,40,11390.42,Completed
TXN0001997,2024-03-13 19:50:04,CUST00488,Mutua Chepkwony,Female,44,Kiambu,0768108461,Equitel,Deposit Cash,N/A,Android,40176.08,0.0,215046.57,Completed
TXN0003948,2024-03-13 20:50:45,CUST00328,Auma Langat,Male,22,Homa Bay,0759289392,M-Pesa,Withdraw Cash,N/A,Android,14892.17,87,188100.38,Completed
TXN0000278,2024-03-13 21:56:26,CUST00244,Kipchoge Ruto,Female,42,Nakuru,0701042851,M-Pesa,Send Money,N/A,Android,16888.36,62,214420.11,Completed
TXN0001255,2024-03-14 03:18:12,CUST00092,Cherono Kiplagat,Male,60,Mombasa,0701425316,M-Pesa,Pay Bill,Loan Repayment,Android,126982.34,100,116454.05,Completed
TXN0000495,2024-03-14 03:22:24,CUST00109,Maina Wekesa,Male,35,Mombasa,0759149243,M-Pesa,Send Money,N/A,Android,31493.85,108,223808.59,Completed
TXN0002788,2024-03-14 03:42:24,CUST00578,Mwangi Cheptoo,Female,35,Uasin Gishu,0701117661,M-Pesa,Buy Goods (Till),Pharmacy,Feature Phone,7227.02,55,26743.69,Completed
TXN0004133,2024-03-14 03:54:55,CUST00560,Mwangi Wanjala,Female,72,Nakuru,0723325133,M-Pesa,Buy Goods (Till),Hardware,Android,15155.65,62,161087.54,Completed
TXN0002283,2024-03-14 05:10:53,CUST00659,Kiptoo Amollo,Female,52,Bungoma,0759455771,M-Pesa,Deposit Cash,N/A,iOS,52237.2,0.0,123437.91,Completed
TXN0004399,2024-03-14 06:08:57,CUST00268,Nyambura Wabwire,Male,69,Nakuru,0740292051,M-Pesa,Send Money,N/A,Feature Phone,15218.71,87,177098.05,Completed
TXN0001641,2024-03-14 07:36:34,CUST00021,Onyango Mutiso,Female,66,Migori,0722499022,T-Kash,Reversal,N/A,Feature Phone,25064.36,0.0,153873.95,Completed
TXN0000540,2024-03-14 08:56:14,CUST00259,Wafula Kiprono,Female,51,Kilifi,0722886667,M-Pesa,Send Money,N/A,iOS,19050.25,62,816.77,Completed
TXN0001709,2024-03-14 10:56:52,CUST00075,Ochieng Owuor,Female,35,Kajiado,0790999288,M-Pesa,Airtime Purchase,N/A,Android,1583.11,0.0,102045.36,Completed
TXN0004770,2024-03-14 12:10:00,CUST00389,Kipchoge Sang,Male,55,Migori,0759144157,M-Pesa,Send Money,N/A,Android,36761.78,108,44924.94,Completed
TXN0003661,2024-03-14 15:26:47,CUST00689,Njeri Musyoka,Female,44,Kisumu,0759712929,M-Pesa,Send Money,N/A,iOS,10846.28,62,132304.9,Completed
TXN0004607,2024-03-14 18:03:50,CUST00199,Maina Gichuru,Male,44,Homa Bay,0790818278,M-Pesa,Pay Bill,Internet (ISP),Android,95245.65,0.0,36808.48,Failed
TXN0001340,2024-03-14 18:29:54,CUST00259,Wafula Kiprono,Female,51,Kilifi,0722886667,M-Pesa,Buy Goods (Till),Restaurant,iOS,3771.24,45,143283.6,Completed
TXN0001188,2024-03-14 19:53:55,CUST00174,Kipchoge Wabwire,Male,72,Kiambu,0740577301,M-Pesa,Send Money,N/A,Feature Phone,34259.93,100,174827.63,Completed
TXN0004920,2024-03-14 19:56:42,CUST00715,Wangari Kariuki,Male,23,Trans Nzoia,0722570390,M-Pesa,Send Money,N/A,Android,15690.81,87,225993.02,Completed
TXN0002175,2024-03-14 20:40:37,CUST00452,Kipchoge Onyango,Female,41,Nairobi,0740692160,M-Pesa,Send Money,N/A,Feature Phone,55176.13,105,137859.01,Completed
TXN0004345,2024-03-14 21:44:15,CUST00233,Wairimu Barasa,Female,29,Mombasa,0723060436,Airtel Money,Send Money,N/A,Android,19155.7,87,238358.8,Completed
TXN0004231,2024-03-14 22:08:55,CUST00649,Chebet Onyango,Male,18,Kisumu,0701382261,M-Pesa,Buy Goods (Till),Electronics,Feature Phone,13686.21,87,196692.26,Completed
TXN0000803,2024-03-14 22:32:14,CUST00686,Nyokabi Ruto,Male,65,Kajiado,0759622501,M-Pesa,Buy Goods (Till),Electronics,Android,9834.55,62,93995.28,Completed
TXN0004939,2024-03-14 23:56:29,CUST00470,Chelagat Kariuki,Male,30,Nairobi,0759869934,M-Pesa,Buy Goods (Till),Fuel Station,Android,17396.76,55,96126.38,Completed
TXN0000245,2024-03-15 03:12:00,CUST00163,Cherono Onyango,Male,61,Machakos,0722817754,Airtel Money,Withdraw Cash,N/A,Android,44716.63,105,152507.87,Completed
TXN0002855,2024-03-15 03:23:34,CUST00592,Njeri Ruto,Male,19,Uasin Gishu,0710215700,M-Pesa,Deposit Cash,N/A,Android,66617.43,0.0,145658.33,Completed
TXN0000666,2024-03-15 05:47:10,CUST00724,Chebet Mwangi,Female,29,Nyeri,0768713394,M-Pesa,Buy Goods (Till),Pharmacy,Android,13609.05,55,101386.24,Completed
TXN0003540,2024-03-15 08:56:43,CUST00595,Omondi Karanja,Male,26,Bungoma,0740563469,M-Pesa,Withdraw Cash,N/A,Android,32225.21,0.0,45743.11,Failed
TXN0000167,2024-03-15 10:14:53,CUST00761,Owino Kariuki,Female,25,Homa Bay,0723323434,M-Pesa,Deposit Cash,N/A,Android,94178.66,0.0,29106.36,Completed
TXN0005694,2024-03-15 13:24:04,CUST00523,Onyango Kiprono,Female,23,Kiambu,0759423949,M-Pesa,Buy Goods (Till),Clothing,Android,18047.31,87,181163.75,Completed
TXN0005434,2024-03-15 15:03:09,CUST00400,Nyokabi Onyango,Female,64,Uasin Gishu,0722818944,M-Pesa,Pay Bill,DSTV/GOTV,Android,107543.01,108,161783.73,Completed
TXN0002014,2024-03-15 15:11:28,CUST00778,Auma Wanjala,Female,52,Turkana,0790081647,M-Pesa,Send Money,N/A,Feature Phone,9990.96,62,101910.96,Completed
TXN0005423,2024-03-15 16:23:56,CUST00312,Onyango Karanja,Female,20,Nairobi,0111196275,M-Pesa,Withdraw Cash,N/A,Android,9000.7,87,33791.05,Completed
TXN0001590,2024-03-15 17:33:49,CUST00266,Kibet Sang,Male,71,Kisumu,0722662631,M-Pesa,Pay Bill,School Fees,Android,109427.31,100,87123.98,Completed
TXN0002106,2024-03-15 17:37:00,CUST00357,Kagwe Njoroge,Female,19,Meru,0111720755,M-Pesa,Buy Goods (Till),Fuel Station,Android,20985.09,100,208409.46,Completed
TXN0003711,2024-03-15 17:38:33,CUST00735,Onyango Waweru,Female,70,Kakamega,0768032282,Airtel Money,Pay Bill,Electricity (KPLC),Feature Phone,23721.08,105,116881.21,Completed
TXN0001946,2024-03-15 17:41:58,CUST00117,Wambui Mutiso,Male,35,Nairobi,0111444931,M-Pesa,Withdraw Cash,N/A,Android,14374.23,55,143969.02,Completed
TXN0005048,2024-03-15 17:50:55,CUST00107,Wairimu Omollo,Male,37,Bomet,0701916547,M-Pesa,Buy Goods (Till),Hardware,Android,18227.66,0.0,50580.54,Reversed
TXN0001883,2024-03-15 18:19:55,CUST00424,Wairimu Sang,Female,18,Mombasa,0759953392,M-Pesa,Deposit Cash,N/A,Android,85612.67,0.0,249135.93,Completed
TXN0002813,2024-03-15 18:53:39,CUST00658,Mumbi Wekesa,Male,42,Mombasa,0768213785,M-Pesa,Pay Bill,Internet (ISP),Feature Phone,51458.79,108,39180.55,Completed
TXN0001739,2024-03-15 19:01:42,CUST00171,Akinyi Owuor,Male,34,Kajiado,0790709426,M-Pesa,Deposit Cash,N/A,Feature Phone,61842.24,0.0,87918.81,Completed
TXN0004100,2024-03-15 19:04:15,CUST00607,Kiprop Wekesa,Female,24,Kakamega,0710064109,M-Pesa,Pay Bill,Internet (ISP),Android,6390.31,55,66942.68,Completed
TXN0001485,2024-03-15 19:39:35,CUST00072,Wafula Onyango,Female,72,Mombasa,0740332608,M-Pesa,Buy Goods (Till),Restaurant,Android,14581.51,62,159293.37,Completed
TXN0003559,2024-03-15 23:18:57,CUST00729,Wanjiku Kiprono,Female,47,Migori,0701819450,M-Pesa,Pay Bill,Internet (ISP),Feature Phone,95173.82,100,112156.34,Completed
TXN0000445,2024-03-16 00:35:02,CUST00503,Adhiambo Odhiambo,Female,70,Kilifi,0701268899,M-Pesa,Buy Goods (Till),Clothing,Android,21278.24,105,97394.12,Completed
TXN0005754,2024-03-16 05:21:50,CUST00181,Anyango Mutiso,Male,71,Machakos,0111448653,M-Pesa,Send Money,N/A,Android,28795.35,100,48000.1,Completed
TXN0001575,2024-03-16 08:22:48,CUST00778,Auma Wanjala,Female,52,Turkana,0790081647,M-Pesa,Send Money,N/A,Feature Phone,12866.21,0.0,100015.53,Reversed
TXN0005160,2024-03-16 09:33:38,CUST00711,Njoroge Ochieng,Male,27,Nairobi,0722611349,M-Pesa,Buy Goods (Till),Supermarket,Feature Phone,11757.16,55,214885.22,Completed
TXN0004884,2024-03-16 11:25:12,CUST00559,Nyambura Kiprono,Female,50,Nairobi,0701178124,M-Pesa,Deposit Cash,N/A,iOS,54519.54,0.0,55898.26,Completed
TXN0004352,2024-03-16 14:24:09,CUST00056,Rotich Njuguna,Female,60,Bungoma,0740456980,M-Pesa,Buy Goods (Till),Pharmacy,Android,7317.07,62,145279.88,Completed
TXN0001178,2024-03-16 17:20:16,CUST00456,Simiyu Makau,Male,44,Migori,0710329061,M-Pesa,Buy Goods (Till),Pharmacy,Android,4239.47,40,101684.41,Completed
TXN0001036,2024-03-16 17:24:51,CUST00049,Mutua Onyango,Female,62,Nairobi,0111454737,M-Pesa,Withdraw Cash,N/A,Android,15139.8,87,160378.63,Completed
TXN0000053,2024-03-16 18:46:05,CUST00521,Cheruiyot Waweru,Female,65,Machakos,0723003299,T-Kash,Withdraw Cash,N/A,iOS,4530.36,45,134478.98,Completed
TXN0005906,2024-03-16 19:36:09,CUST00258,Kiptoo Kimani,Female,56,Machakos,0790643232,M-Pesa,Pay Bill,DSTV/GOTV,iOS,25907.77,108,246725.32,Completed
TXN0000798,2024-03-16 20:02:04,CUST00797,Chebet Otieno,Male,49,Kisumu,0111438900,M-Pesa,Send Money,N/A,Feature Phone,19903.93,87,65699.77,Completed
TXN0005734,2024-03-16 21:52:47,CUST00603,Wambui Owuor,Female,66,Migori,0768272255,M-Pesa,Withdraw Cash,N/A,Feature Phone,48922.8,100,202689.15,Completed
TXN0002383,2024-03-16 23:04:51,CUST00376,Kiptoo Musyoka,Female,57,Nyeri,0710663952,M-Pesa,Send Money,N/A,Android,33174.92,105,128529.18,Completed
TXN0001147,2024-03-17 06:05:17,CUST00782,Kipchoge Amollo,Female,33,Kajiado,0759264611,M-Pesa,Withdraw Cash,N/A,Android,16062.59,62,97879.06,Completed
TXN0005509,2024-03-17 06:27:56,CUST00742,Anyango Ochieng,Male,49,Bungoma,0768090633,Airtel Money,Withdraw Cash,N/A,Feature Phone,17010.86,62,146385.6,Completed
TXN0001962,2024-03-17 07:39:33,CUST00347,Wairimu Kamau,Female,62,Homa Bay,0701277575,M-Pesa,Buy Goods (Till),Pharmacy,Feature Phone,4616.94,45,233502.94,Completed
TXN0005210,2024-03-17 10:14:48,CUST00164,Adhiambo Wabwire,Male,30,Bomet,0723779673,M-Pesa,Send Money,N/A,Android,64089.64,0.0,213536.12,Failed
TXN0003430,2024-03-17 12:43:17,CUST00750,Ochieng Njoroge,Male,24,Uasin Gishu,0723566481,M-Pesa,Airtime Purchase,N/A,Android,500.97,0.0,54582.98,Completed
TXN0005555,2024-03-17 13:07:31,CUST00356,Maina Kimani,Female,21,Nairobi,0710771297,M-Pesa,Pay Bill,School Fees,Feature Phone,96020.99,100,184488.09,Completed
TXN0004418,2024-03-17 15:21:49,CUST00557,Chebet Mutiso,Male,51,Uasin Gishu,0111414404,M-Pesa,Buy Goods (Till),Electronics,Android,15227.85,55,135078.07,Completed
TXN0005942,2024-03-17 15:41:56,CUST00329,Nabwire Kamau,Female,34,Nairobi,0759102989,Airtel Money,Buy Goods (Till),Fuel Station,Feature Phone,3053.29,33,86112.05,Completed
TXN0000216,2024-03-17 15:51:58,CUST00053,Omondi Kiprono,Male,69,Uasin Gishu,0790025456,M-Pesa,Buy Goods (Till),Restaurant,Android,13276.1,62,20846.55,Completed
TXN0005556,2024-03-17 17:07:52,CUST00697,Anyango Odhiambo,Male,56,Nairobi,0710029915,M-Pesa,Send Money,N/A,Feature Phone,10686.48,62,38833.1,Completed
TXN0005941,2024-03-17 17:20:53,CUST00770,Rotich Ochieng,Female,35,Garissa,0759849526,Airtel Money,Pay Bill,Rent,Android,43916.31,108,235008.87,Completed
TXN0000393,2024-03-17 19:43:13,CUST00396,Maina Waweru,Male,71,Uasin Gishu,0790418342,M-Pesa,Pay Bill,DSTV/GOTV,Android,24228.65,108,195464.73,Completed
TXN0005148,2024-03-17 19:50:56,CUST00109,Maina Wekesa,Male,35,Mombasa,0759149243,M-Pesa,Deposit Cash,N/A,Android,54508.76,0.0,162083.09,Completed
TXN0004090,2024-03-17 20:25:36,CUST00534,Njoroge Njuguna,Female,21,Uasin Gishu,0722554478,M-Pesa,Send Money,N/A,Android,17362.55,55,113585.61,Completed
TXN0004558,2024-03-17 20:27:11,CUST00464,Gitau Njuguna,Female,39,Kakamega,0111465545,Airtel Money,Airtime Purchase,N/A,Android,1071.79,0.0,133684.05,Completed
TXN0004206,2024-03-18 03:23:28,CUST00240,Njoroge Kamau,Male,38,Nairobi,0723013758,M-Pesa,Buy Goods (Till),Fuel Station,Android,9393.94,62,243516.71,Completed
TXN0003234,2024-03-18 04:13:12,CUST00034,Onyango Waweru,Male,58,Uasin Gishu,0768426077,M-Pesa,Withdraw Cash,N/A,Android,23586.37,100,133023.94,Completed
TXN0001309,2024-03-18 08:19:44,CUST00628,Anyango Onyango,Female,28,Mombasa,0768577870,M-Pesa,Send Money,N/A,Feature Phone,34110.52,100,128421.82,Completed
TXN0005326,2024-03-18 09:37:34,CUST00153,Nyambura Mutiso,Male,72,Kisumu,0723674840,M-Pesa,Pay Bill,SACCO,Android,67698.74,100,126988.06,Completed
TXN0001465,2024-03-18 09:37:40,CUST00443,Onyango Wanjala,Male,28,Kajiado,0723814728,M-Pesa,Send Money,N/A,Feature Phone,35516.41,100,249467.77,Completed
TXN0001160,2024-03-18 10:14:51,CUST00738,Waweru Omollo,Male,24,Meru,0710567862,M-Pesa,Withdraw Cash,N/A,iOS,14833.15,87,83875.89,Completed
TXN0000391,2024-03-18 10:38:00,CUST00482,Auma Cheptoo,Male,62,Nairobi,0740329471,M-Pesa,Send Money,N/A,Android,31947.18,108,103029.46,Completed
TXN0005436,2024-03-18 13:28:08,CUST00024,Kiprop Kimani,Male,45,Kajiado,0722076275,M-Pesa,Withdraw Cash,N/A,Android,14667.08,55,78445.5,Completed
TXN0001192,2024-03-18 15:14:01,CUST00399,Gitau Otieno,Female,39,Kiambu,0740022735,M-Pesa,Pay Bill,Water Utility,Android,86333.09,100,207441.23,Completed
TXN0002655,2024-03-18 16:43:16,CUST00220,Wanjiku Sang,Female,60,Nakuru,0790152409,M-Pesa,Send Money,N/A,Android,23011.04,100,4607.13,Completed
TXN0003053,2024-03-18 17:07:12,CUST00279,Wanjiku Kimani,Male,28,Kisumu,0701880429,M-Pesa,Buy Goods (Till),Fuel Station,Android,16032.31,62,177022.55,Completed
TXN0000894,2024-03-18 17:19:06,CUST00748,Moraa Kariuki,Male,55,Nakuru,0759301373,M-Pesa,Airtime Purchase,N/A,Android,1079.02,0.0,23118.76,Completed
TXN0005112,2024-03-18 18:18:29,CUST00788,Otieno Cheptoo,Male,64,Nairobi,0723646327,Airtel Money,Deposit Cash,N/A,Feature Phone,34898.54,0.0,220506.35,Completed
TXN0002713,2024-03-18 23:12:07,CUST00268,Nyambura Wabwire,Male,69,Nakuru,0740292051,M-Pesa,Withdraw Cash,N/A,Feature Phone,63893.09,0.0,68369.89,Failed
TXN0003894,2024-03-19 01:56:10,CUST00163,Cherono Onyango,Male,61,Machakos,0722817754,Airtel Money,Buy Goods (Till),Electronics,Android,19261.15,62,2542.73,Completed
TXN0005974,2024-03-19 05:30:29,CUST00435,Jelagat Mwangi,Male,49,Trans Nzoia,0740614172,M-Pesa,Buy Goods (Till),Clothing,Feature Phone,4448.86,40,107117.64,Completed
TXN0001471,2024-03-19 06:30:11,CUST00582,Njeri Wabwire,Female,33,Nairobi,0111360485,M-Pesa,Withdraw Cash,N/A,Android,30654.09,100,171377.75,Completed
TXN0004891,2024-03-19 07:23:41,CUST00529,Wambui Wanjala,Male,46,Kiambu,0710206300,T-Kash,Send Money,N/A,Android,22207.01,100,147368.1,Completed
TXN0005529,2024-03-19 08:06:13,CUST00053,Omondi Kiprono,Male,69,Uasin Gishu,0790025456,M-Pesa,Send Money,N/A,Android,11796.82,62,3380.13,Completed
TXN0005849,2024-03-19 08:42:30,CUST00264,Omondi Mutiso,Female,63,Nairobi,0723461602,M-Pesa,Withdraw Cash,N/A,Android,48476.14,100,126553.01,Completed
TXN0002113,2024-03-19 10:26:48,CUST00585,Njeri Ochieng,Female,61,Nairobi,0722230725,M-Pesa,Buy Goods (Till),Pharmacy,Android,18657.56,87,178201.7,Completed
TXN0003896,2024-03-19 11:14:04,CUST00503,Adhiambo Odhiambo,Female,70,Kilifi,0701268899,M-Pesa,Buy Goods (Till),Clothing,Android,7630.84,87,26913.96,Completed
TXN0000289,2024-03-19 12:36:16,CUST00651,Omondi Amollo,Female,63,Nairobi,0740708143,Equitel,Pay Bill,DSTV/GOTV,Android,64575.42,108,106003.94,Completed
TXN0000450,2024-03-20 07:39:18,CUST00290,Nafula Kariuki,Female,27,Kajiado,0790253466,M-Pesa,Send Money,N/A,Android,19027.65,55,74544.25,Completed
TXN0004673,2024-03-20 10:46:49,CUST00359,Otieno Wanjala,Male,72,Nakuru,0740309816,M-Pesa,Airtime Purchase,N/A,Android,912.88,0.0,55738.58,Reversed
TXN0003015,2024-03-20 11:52:59,CUST00115,Auma Otieno,Female,40,Uasin Gishu,0710869411,M-Pesa,Buy Goods (Till),Clothing,iOS,22698.51,108,248206.28,Completed
TXN0004815,2024-03-20 11:55:00,CUST00713,Kipchoge Amollo,Female,65,Trans Nzoia,0723843681,Airtel Money,Withdraw Cash,N/A,Android,56460.7,108,210621.64,Completed
TXN0001248,2024-03-20 11:58:31,CUST00227,Mwangi Otieno,Female,47,Nairobi,0768830612,M-Pesa,Send Money,N/A,Android,13113.97,62,12014.48,Completed
TXN0001410,2024-03-20 12:17:37,CUST00639,Adhiambo Owuor,Male,68,Nairobi,0759979434,M-Pesa,Reversal,N/A,Feature Phone,12952.84,0.0,158651.5,Failed
TXN0002754,2024-03-20 17:24:25,CUST00107,Wairimu Omollo,Male,37,Bomet,0701916547,M-Pesa,Send Money,N/A,Android,18570.57,87,212540.58,Completed
TXN0003530,2024-03-20 19:26:38,CUST00706,Gitau Chepkwony,Female,49,Kisumu,0701583545,M-Pesa,Buy Goods (Till),Fuel Station,Feature Phone,8235.08,87,167938.48,Completed
TXN0003610,2024-03-20 19:45:56,CUST00503,Adhiambo Odhiambo,Female,70,Kilifi,0701268899,M-Pesa,Withdraw Cash,N/A,Android,12783.16,55,174445.87,Completed
TXN0005514,2024-03-20 20:11:20,CUST00034,Onyango Waweru,Male,58,Uasin Gishu,0768426077,M-Pesa,Send Money,N/A,Android,32387.27,100,82537.27,Completed
TXN0004359,2024-03-20 21:24:15,CUST00313,Muthoni Njuguna,Female,59,Turkana,0723539538,M-Pesa,Airtime Purchase,N/A,Android,623.1,0.0,168198.73,Completed
TXN0002969,2024-03-20 23:32:22,CUST00782,Kipchoge Amollo,Female,33,Kajiado,0759264611,M-Pesa,Buy Goods (Till),Hardware,Android,2215.86,33,59794.44,Completed
TXN0004056,2024-03-21 01:17:40,CUST00678,Mwangi Njoroge,Male,36,Nairobi,0768430699,Equitel,Deposit Cash,N/A,Android,80783.27,0.0,113363.03,Completed
TXN0004164,2024-03-21 07:40:27,CUST00398,Kariuki Gichuru,Female,29,Garissa,0740790061,Airtel Money,Withdraw Cash,N/A,Feature Phone,39006.84,105,80667.71,Completed
TXN0004928,2024-03-21 09:10:37,CUST00608,Onyango Otieno,Male,41,Kisumu,0710393914,M-Pesa,Buy Goods (Till),Hardware,Android,26154.77,108,186572.99,Completed
TXN0004343,2024-03-21 10:00:31,CUST00171,Akinyi Owuor,Male,34,Kajiado,0790709426,M-Pesa,Reversal,N/A,Feature Phone,23906.05,0.0,171643.89,Completed
TXN0003253,2024-03-21 10:19:30,CUST00534,Njoroge Njuguna,Female,21,Uasin Gishu,0722554478,M-Pesa,Airtime Purchase,N/A,Android,1631.93,0.0,184104.84,Completed
TXN0002639,2024-03-21 10:32:09,CUST00498,Nyokabi Wekesa,Male,19,Kisumu,0722485926,M-Pesa,Deposit Cash,N/A,iOS,54695.92,0.0,134486.75,Completed
TXN0000170,2024-03-21 10:39:02,CUST00514,Owino Waweru,Male,56,Nyeri,0759740066,Airtel Money,Pay Bill,DSTV/GOTV,Android,63071.56,105,1262.76,Completed
TXN0005614,2024-03-21 11:01:30,CUST00650,Ndungu Mutiso,Male,37,Kisumu,0723285622,T-Kash,Pay Bill,Rent,Android,104488.4,108,229728.91,Completed
TXN0003568,2024-03-21 12:39:01,CUST00799,Owino Njoroge,Female,39,Mombasa,0722200478,M-Pesa,Airtime Purchase,N/A,Android,599.23,0.0,68226.88,Completed
TXN0000131,2024-03-21 13:32:44,CUST00583,Wangari Ochieng,Female,48,Nairobi,0111885205,M-Pesa,Send Money,N/A,Android,34785.87,108,199067.85,Completed
TXN0005171,2024-03-21 15:13:49,CUST00003,Maina Mutiso,Male,24,Nairobi,0723332041,Airtel Money,Withdraw Cash,N/A,Android,45287.36,105,68448.54,Completed
TXN0004294,2024-03-21 17:02:20,CUST00571,Wairimu Waweru,Male,53,Mombasa,0722896610,Airtel Money,Send Money,N/A,Android,42415.31,100,207780.46,Completed
TXN0000471,2024-03-21 18:20:47,CUST00259,Wafula Kiprono,Female,51,Kilifi,0722886667,M-Pesa,Send Money,N/A,iOS,4192.97,33,215089.5,Completed
TXN0000387,2024-03-21 19:38:28,CUST00555,Kagwe Waweru,Female,50,Nairobi,0722825179,M-Pesa,Deposit Cash,N/A,Android,134542.09,0.0,156624.98,Completed
TXN0004496,2024-03-21 20:11:20,CUST00076,Nafula Makau,Male,61,Trans Nzoia,0759370546,M-Pesa,Buy Goods (Till),Electronics,Android,12806.31,87,127406.19,Completed
TXN0005860,2024-03-21 20:24:41,CUST00201,Kariuki Mutiso,Female,55,Nairobi,0723746305,M-Pesa,Pay Bill,DSTV/GOTV,Android,98393.74,105,100077.85,Completed
TXN0002007,2024-03-21 20:37:54,CUST00718,Moraa Owuor,Male,64,Machakos,0759937338,M-Pesa,Withdraw Cash,N/A,Feature Phone,21425.43,108,229253.63,Completed
TXN0003605,2024-03-21 21:53:44,CUST00793,Jelagat Waweru,Male,58,Nakuru,0723515140,M-Pesa,Withdraw Cash,N/A,Android,57083.42,108,39758.86,Completed
TXN0000902,2024-03-21 22:26:47,CUST00765,Nyambura Mutiso,Male,61,Nairobi,0710349640,Equitel,Withdraw Cash,N/A,Feature Phone,5262.78,62,95070.9,Completed
TXN0005615,2024-03-21 22:55:42,CUST00731,Nafula Njuguna,Male,18,Nakuru,0111085866,M-Pesa,Send Money,N/A,Android,12278.65,55,73647.09,Completed
TXN0003203,2024-03-22 00:02:54,CUST00265,Kariuki Gichuru,Male,66,Bungoma,0710664930,M-Pesa,Send Money,N/A,Android,30362.24,100,230349.02,Completed
TXN0003205,2024-03-22 00:28:00,CUST00505,Barasa Odhiambo,Male,56,Nairobi,0740112845,M-Pesa,Buy Goods (Till),Restaurant,Android,7993.6,87,106286.33,Completed
TXN0003983,2024-03-22 07:09:50,CUST00534,Njoroge Njuguna,Female,21,Uasin Gishu,0722554478,M-Pesa,Pay Bill,SACCO,Android,68336.68,108,53367.11,Completed
TXN0000440,2024-03-22 08:16:16,CUST00579,Barasa Wabwire,Male,54,Kericho,0759728096,M-Pesa,Airtime Purchase,N/A,Android,199.13,0.0,104250.14,Completed
TXN0002325,2024-03-22 08:57:16,CUST00583,Wangari Ochieng,Female,48,Nairobi,0111885205,M-Pesa,Buy Goods (Till),Hardware,Android,21449.71,0.0,70844.81,Failed
TXN0004784,2024-03-22 10:32:14,CUST00276,Nyambura Ochieng,Male,44,Homa Bay,0701861330,M-Pesa,Withdraw Cash,N/A,Feature Phone,9874.57,87,96661.01,Completed
TXN0002905,2024-03-22 10:36:36,CUST00361,Kemboi Musyoka,Female,51,Machakos,0790027096,Airtel Money,Buy Goods (Till),Hardware,Feature Phone,19716.41,55,156385.83,Completed
TXN0001859,2024-03-22 11:21:22,CUST00775,Chebet Karanja,Female,34,Homa Bay,0790148817,M-Pesa,Send Money,N/A,Android,22549.03,105,232022.95,Completed
TXN0000230,2024-03-22 11:22:37,CUST00144,Rotich Omollo,Male,21,Nairobi,0111717059,M-Pesa,Airtime Purchase,N/A,iOS,1112.26,0.0,176084.73,Completed
TXN0005331,2024-03-22 13:49:12,CUST00653,Chebet Kiprono,Female,38,Kilifi,0722874116,M-Pesa,Pay Bill,Electricity (KPLC),Android,91090.23,105,214657.1,Completed
TXN0005639,2024-03-22 18:11:20,CUST00612,Simiyu Njuguna,Male,24,Nakuru,0722282629,M-Pesa,Airtime Purchase,N/A,Feature Phone,738.53,0.0,6513.45,Completed
TXN0000612,2024-03-22 18:26:34,CUST00723,Simiyu Amollo,Male,53,Nairobi,0723213034,M-Pesa,Withdraw Cash,N/A,Android,20799.44,105,166563.84,Completed
TXN0000096,2024-03-22 19:05:38,CUST00298,Njoroge Karanja,Male,59,Nairobi,0759009756,M-Pesa,Pay Bill,Insurance,Android,26693.37,105,118027.51,Completed
TXN0003185,2024-03-22 19:27:25,CUST00225,Jelagat Chepkwony,Female,65,Uasin Gishu,0723481089,M-Pesa,Buy Goods (Till),Fuel Station,Feature Phone,10281.17,55,238144.52,Completed
TXN0002645,2024-03-22 20:35:47,CUST00742,Anyango Ochieng,Male,49,Bungoma,0768090633,Airtel Money,Pay Bill,SACCO,Feature Phone,57671.63,108,48288.86,Completed
TXN0003396,2024-03-22 20:58:27,CUST00503,Adhiambo Odhiambo,Female,70,Kilifi,0701268899,M-Pesa,Send Money,N/A,Android,8098.92,87,143799.0,Completed
TXN0000663,2024-03-22 22:43:57,CUST00280,Anyango Amollo,Female,33,Nairobi,0701848414,M-Pesa,Pay Bill,School Fees,Android,78144.93,100,14842.92,Completed
TXN0004111,2024-03-22 23:25:29,CUST00123,Kiprop Gichuru,Female,61,Bomet,0111675221,M-Pesa,Withdraw Cash,N/A,Feature Phone,19661.83,87,157929.6,Completed
TXN0004666,2024-03-22 23:29:40,CUST00737,Wangari Chepkwony,Female,43,Nairobi,0768885169,M-Pesa,Send Money,N/A,Feature Phone,30241.16,108,201367.63,Completed
TXN0000766,2024-03-23 07:37:02,CUST00684,Wambui Otieno,Female,37,Nairobi,0111234300,M-Pesa,Airtime Purchase,N/A,Feature Phone,1056.13,0.0,101864.31,Completed
TXN0001030,2024-03-23 08:49:57,CUST00530,Barasa Wekesa,Female,33,Bomet,0768081727,M-Pesa,Deposit Cash,N/A,Android,111939.18,0.0,139261.46,Completed
TXN0001840,2024-03-23 09:28:53,CUST00199,Maina Gichuru,Male,44,Homa Bay,0790818278,M-Pesa,Send Money,N/A,Android,30338.41,105,38470.73,Completed
TXN0005593,2024-03-23 09:40:34,CUST00515,Wafula Kimani,Female,37,Kiambu,0723127761,M-Pesa,Buy Goods (Till),Hardware,Android,3238.36,40,92728.6,Completed
TXN0005156,2024-03-23 10:10:08,CUST00314,Moraa Karanja,Male,26,Mombasa,0740062137,M-Pesa,Withdraw Cash,N/A,Android,19649.13,0.0,133303.37,Failed
TXN0002053,2024-03-23 10:41:15,CUST00047,Wangari Sang,Female,47,Uasin Gishu,0768343432,M-Pesa,Buy Goods (Till),Supermarket,Android,14156.22,55,160746.74,Completed
TXN0000654,2024-03-23 10:52:37,CUST00117,Wambui Mutiso,Male,35,Nairobi,0111444931,M-Pesa,Send Money,N/A,Android,14649.01,55,45654.74,Completed
TXN0003939,2024-03-23 12:12:01,CUST00073,Ndungu Makau,Male,49,Kajiado,0790728212,M-Pesa,Deposit Cash,N/A,Feature Phone,85340.21,0.0,4173.78,Completed
TXN0005387,2024-03-23 12:26:36,CUST00775,Chebet Karanja,Female,34,Homa Bay,0790148817,M-Pesa,Send Money,N/A,Android,29920.38,105,65661.07,Completed
TXN0005789,2024-03-23 12:42:51,CUST00162,Kiptoo Waweru,Male,44,Uasin Gishu,0710323043,M-Pesa,Withdraw Cash,N/A,Feature Phone,43509.14,100,164443.4,Completed
TXN0003191,2024-03-23 12:53:30,CUST00186,Maina Mutiso,Female,68,Mombasa,0722027562,M-Pesa,Withdraw Cash,N/A,Android,31576.24,108,207248.39,Completed
TXN0003224,2024-03-23 12:59:56,CUST00356,Maina Kimani,Female,21,Nairobi,0710771297,M-Pesa,Buy Goods (Till),Pharmacy,Feature Phone,26765.99,108,73335.75,Completed
TXN0001792,2024-03-23 14:31:15,CUST00223,Chebet Wekesa,Male,46,Mombasa,0768137448,M-Pesa,Send Money,N/A,Feature Phone,42424.72,108,174650.74,Completed
TXN0000761,2024-03-23 15:56:16,CUST00782,Kipchoge Amollo,Female,33,Kajiado,0759264611,M-Pesa,Send Money,N/A,Android,10648.36,62,235077.31,Completed
TXN0005868,2024-03-23 16:36:03,CUST00795,Mumbi Musyoka,Male,34,Kakamega,0722323715,M-Pesa,Reversal,N/A,iOS,9839.4,0.0,227153.51,Completed
TXN0003812,2024-03-23 17:07:39,CUST00648,Nabwire Makau,Female,18,Kiambu,0759134779,M-Pesa,Airtime Purchase,N/A,Android,605.93,0.0,154350.4,Completed
TXN0002238,2024-03-23 17:44:29,CUST00761,Owino Kariuki,Female,25,Homa Bay,0723323434,M-Pesa,Withdraw Cash,N/A,Android,13927.77,87,8553.79,Completed
TXN0002902,2024-03-23 18:58:47,CUST00135,Muthoni Gichuru,Female,39,Uasin Gishu,0111715501,M-Pesa,Withdraw Cash,N/A,Android,22151.14,100,62018.95,Completed
TXN0000223,2024-03-23 19:19:16,CUST00454,Adhiambo Njuguna,Female,48,Kajiado,0790048242,Airtel Money,Buy Goods (Till),Hardware,iOS,14535.29,55,190713.16,Completed
TXN0001074,2024-03-23 19:19:48,CUST00145,Nasike Kimani,Female,30,Kilifi,0790369055,M-Pesa,Airtime Purchase,N/A,iOS,357.13,0.0,134604.95,Completed
TXN0000970,2024-03-23 20:30:29,CUST00168,Kipchoge Wabwire,Female,52,Trans Nzoia,0722580800,M-Pesa,Reversal,N/A,Android,26867.86,0.0,26990.12,Completed
TXN0003092,2024-03-23 21:06:25,CUST00446,Wanjiku Wekesa,Male,23,Meru,0790487626,M-Pesa,Airtime Purchase,N/A,Android,1253.76,0.0,123439.39,Completed
TXN0001802,2024-03-23 21:26:35,CUST00128,Nyambura Odhiambo,Male,57,Nyeri,0111858006,M-Pesa,Send Money,N/A,Android,35649.8,105,246170.33,Completed
TXN0005477,2024-03-23 23:06:32,CUST00533,Ochieng Kimani,Female,59,Kisumu,0790408396,M-Pesa,Send Money,N/A,Android,20662.52,105,30227.01,Completed
TXN0000876,2024-03-24 03:32:33,CUST00030,Barasa Otieno,Male,63,Mombasa,0759957763,M-Pesa,Buy Goods (Till),Electronics,Android,4857.2,0.0,227410.38,Failed
TXN0004385,2024-03-24 08:06:37,CUST00720,Kariuki Ochieng,Male,47,Kiambu,0790123017,M-Pesa,Buy Goods (Till),Supermarket,Android,19754.37,55,198790.69,Completed
TXN0001091,2024-03-24 08:12:20,CUST00428,Wangari Odhiambo,Female,46,Nyeri,0710273671,M-Pesa,Withdraw Cash,N/A,Android,34655.56,105,27748.45,Completed
TXN0001412,2024-03-24 09:33:40,CUST00128,Nyambura Odhiambo,Male,57,Nyeri,0111858006,M-Pesa,Send Money,N/A,Android,32891.24,100,122603.74,Completed
TXN0005946,2024-03-24 11:14:51,CUST00031,Akinyi Mutiso,Female,60,Kericho,0790563651,M-Pesa,Deposit Cash,N/A,Android,32705.49,0.0,112790.85,Failed
TXN0003722,2024-03-24 12:30:59,CUST00094,Auma Onyango,Male,52,Meru,0759563374,M-Pesa,Withdraw Cash,N/A,Android,47350.79,100,19194.72,Completed
TXN0001130,2024-03-24 15:18:28,CUST00142,Njoroge Ochieng,Female,54,Meru,0768833710,T-Kash,Send Money,N/A,Android,37994.88,100,44408.07,Completed
TXN0000754,2024-03-24 17:24:12,CUST00601,Mutua Ochieng,Female,25,Nairobi,0722536277,Airtel Money,Send Money,N/A,Android,66426.37,108,39419.53,Completed
TXN0000075,2024-03-24 17:40:42,CUST00549,Chelagat Sang,Female,18,Nairobi,0701350373,M-Pesa,Buy Goods (Till),Fuel Station,Android,15317.37,62,82875.53,Completed
TXN0004763,2024-03-24 18:32:44,CUST00161,Ochieng Mutiso,Female,62,Nakuru,0710215228,M-Pesa,Airtime Purchase,N/A,Android,359.81,0.0,126060.06,Completed
TXN0004250,2024-03-24 18:56:36,CUST00706,Gitau Chepkwony,Female,49,Kisumu,0701583545,M-Pesa,Send Money,N/A,Feature Phone,5105.85,0.0,92994.74,Failed
TXN0001127,2024-03-24 20:46:26,CUST00792,Nyokabi Wekesa,Male,61,Nyeri,0759485436,M-Pesa,Buy Goods (Till),Electronics,Android,5845.78,87,150968.47,Completed
TXN0001441,2024-03-24 23:01:01,CUST00342,Ndungu Kimani,Female,43,Kiambu,0701797541,Airtel Money,Airtime Purchase,N/A,Android,784.23,0.0,199632.52,Completed
TXN0000693,2024-03-25 00:36:28,CUST00284,Adhiambo Kiplagat,Female,70,Bungoma,0111149857,M-Pesa,Pay Bill,Electricity (KPLC),Android,69069.01,105,204266.35,Completed
TXN0003435,2024-03-25 00:59:09,CUST00623,Wangari Makau,Female,45,Kilifi,0723032120,Airtel Money,Send Money,N/A,Android,9118.24,55,187769.91,Completed
TXN0001196,2024-03-25 03:42:21,CUST00799,Owino Njoroge,Female,39,Mombasa,0722200478,M-Pesa,Buy Goods (Till),Pharmacy,Android,5282.56,55,36287.15,Completed
TXN0005492,2024-03-25 10:30:31,CUST00344,Chebet Kariuki,Male,57,Nairobi,0768322618,M-Pesa,Airtime Purchase,N/A,Android,725.48,0.0,87809.39,Completed
TXN0003479,2024-03-25 10:51:02,CUST00768,Wanjiku Amollo,Female,40,Kiambu,0111878951,M-Pesa,Buy Goods (Till),Restaurant,Feature Phone,12115.79,62,222786.94,Completed
TXN0003554,2024-03-25 12:14:26,CUST00107,Wairimu Omollo,Male,37,Bomet,0701916547,M-Pesa,Withdraw Cash,N/A,Android,15914.19,62,193462.87,Completed
TXN0005947,2024-03-25 13:22:58,CUST00415,Jelagat Wekesa,Male,37,Migori,0723565836,M-Pesa,Withdraw Cash,N/A,Android,11719.67,62,180708.8,Completed
TXN0001367,2024-03-25 13:47:37,CUST00342,Ndungu Kimani,Female,43,Kiambu,0701797541,Airtel Money,Send Money,N/A,Android,24855.82,100,31202.94,Completed
TXN0000018,2024-03-25 14:26:21,CUST00451,Chelagat Ochieng,Male,38,Nairobi,0740783244,Airtel Money,Send Money,N/A,Android,5224.4,87,211081.33,Completed
TXN0002728,2024-03-25 16:23:07,CUST00726,Adhiambo Otieno,Female,31,Kericho,0768260042,M-Pesa,Withdraw Cash,N/A,Feature Phone,45248.45,100,168463.45,Completed
TXN0004953,2024-03-25 17:02:29,CUST00710,Njeri Kamau,Male,54,Kajiado,0768117762,M-Pesa,Pay Bill,DSTV/GOTV,Android,79967.57,108,95757.62,Completed
TXN0002922,2024-03-25 18:55:38,CUST00058,Mutua Odhiambo,Male,71,Kericho,0722962074,M-Pesa,Send Money,N/A,Feature Phone,12754.37,87,146002.81,Completed
TXN0001291,2024-03-25 19:19:17,CUST00120,Otieno Kiprono,Male,72,Machakos,0701007335,M-Pesa,Send Money,N/A,Android,52218.06,0.0,192151.23,Failed
TXN0000345,2024-03-25 19:23:30,CUST00072,Wafula Onyango,Female,72,Mombasa,0740332608,M-Pesa,Airtime Purchase,N/A,Android,343.08,0.0,45446.68,Completed
TXN0003241,2024-03-25 19:44:00,CUST00273,Barasa Kimani,Male,32,Mombasa,0790208883,M-Pesa,Pay Bill,Rent,Android,143522.15,108,9335.68,Completed
TXN0004637,2024-03-25 21:47:26,CUST00168,Kipchoge Wabwire,Female,52,Trans Nzoia,0722580800,M-Pesa,Buy Goods (Till),Restaurant,Android,22387.93,108,134386.65,Completed
TXN0003452,2024-03-25 22:05:10,CUST00666,Muthoni Wabwire,Male,39,Bungoma,0710820393,M-Pesa,Buy Goods (Till),Hardware,iOS,17439.42,55,60275.49,Completed
TXN0000880,2024-03-25 23:58:45,CUST00274,Chebet Cheptoo,Male,66,Turkana,0722861346,Airtel Money,Buy Goods (Till),Clothing,Android,10243.61,87,220626.59,Completed
TXN0002212,2024-03-26 09:47:54,CUST00489,Anyango Kiplagat,Male,51,Kakamega,0723136978,M-Pesa,Pay Bill,Insurance,Android,111677.75,105,188949.72,Completed
TXN0000323,2024-03-26 10:59:47,CUST00252,Cherono Makau,Female,44,Machakos,0723128778,Airtel Money,Pay Bill,SACCO,Android,70285.41,100,208311.99,Completed
TXN0001915,2024-03-26 12:13:42,CUST00033,Kemboi Mwangi,Male,36,Kisumu,0111092381,M-Pesa,Send Money,N/A,iOS,44927.87,108,174737.09,Completed
TXN0004990,2024-03-26 14:06:16,CUST00371,Maina Wanjala,Female,54,Kisumu,0740471347,M-Pesa,Send Money,N/A,Android,37592.53,108,200052.13,Completed
TXN0001539,2024-03-26 14:11:23,CUST00116,Njoroge Njoroge,Male,20,Bungoma,0722333840,M-Pesa,Pay Bill,DSTV/GOTV,Android,99337.12,105,125847.3,Completed
TXN0002068,2024-03-26 16:47:44,CUST00142,Njoroge Ochieng,Female,54,Meru,0768833710,T-Kash,Buy Goods (Till),Clothing,Android,13318.48,87,91908.57,Completed
TXN0000991,2024-03-26 17:22:39,CUST00454,Adhiambo Njuguna,Female,48,Kajiado,0790048242,Airtel Money,Buy Goods (Till),Electronics,iOS,20936.02,105,192001.35,Completed
TXN0003996,2024-03-26 18:27:38,CUST00427,Simiyu Omollo,Female,49,Nairobi,0759830191,M-Pesa,Buy Goods (Till),Electronics,iOS,10292.07,62,218410.1,Completed
TXN0001801,2024-03-26 21:08:54,CUST00454,Adhiambo Njuguna,Female,48,Kajiado,0790048242,Airtel Money,Buy Goods (Till),Electronics,iOS,11841.3,55,137778.53,Completed
TXN0000065,2024-03-26 21:34:49,CUST00497,Kirui Ochieng,Female,45,Kiambu,0111402230,M-Pesa,Buy Goods (Till),Electronics,Feature Phone,13187.75,62,73854.31,Completed
TXN0005787,2024-03-26 22:17:10,CUST00376,Kiptoo Musyoka,Female,57,Nyeri,0710663952,M-Pesa,Send Money,N/A,Android,11608.13,55,94067.62,Completed
TXN0004901,2024-03-26 23:32:21,CUST00550,Mutua Kiprono,Female,69,Mombasa,0768895694,M-Pesa,Send Money,N/A,Feature Phone,25813.24,105,152395.72,Completed
TXN0005884,2024-03-27 02:18:36,CUST00103,Nyokabi Mwangi,Male,55,Kakamega,0111366170,M-Pesa,Buy Goods (Till),Restaurant,Android,3637.99,33,221412.76,Completed
TXN0001700,2024-03-27 08:02:27,CUST00137,Nasike Amollo,Female,19,Nakuru,0723957760,M-Pesa,Deposit Cash,N/A,iOS,104455.97,0.0,87982.64,Completed
TXN0001423,2024-03-27 09:20:05,CUST00506,Wafula Wekesa,Male,35,Nairobi,0790725607,Airtel Money,Send Money,N/A,Android,23018.47,105,240450.14,Completed
TXN0001177,2024-03-27 10:27:01,CUST00693,Wairimu Ochieng,Male,18,Kakamega,0111398218,M-Pesa,Send Money,N/A,iOS,25716.8,108,205088.95,Completed
TXN0005081,2024-03-27 13:57:38,CUST00346,Owino Musyoka,Female,52,Nairobi,0723432308,Airtel Money,Pay Bill,Internet (ISP),Android,21040.42,105,245700.85,Completed
TXN0004601,2024-03-27 15:21:44,CUST00778,Auma Wanjala,Female,52,Turkana,0790081647,M-Pesa,Send Money,N/A,Feature Phone,12229.8,55,60169.03,Completed
TXN0003497,2024-03-27 16:26:04,CUST00079,Gitau Kimani,Male,24,Kajiado,0768926242,M-Pesa,Send Money,N/A,iOS,12758.65,87,242740.35,Completed
TXN0002628,2024-03-27 16:30:12,CUST00751,Cherono Waweru,Male,25,Nairobi,0710652007,M-Pesa,Airtime Purchase,N/A,Android,511.71,0.0,178874.21,Completed
TXN0004377,2024-03-27 21:38:45,CUST00106,Nyambura Wekesa,Male,71,Meru,0710703796,M-Pesa,Send Money,N/A,Feature Phone,47801.3,108,26056.44,Completed
TXN0003335,2024-03-27 21:56:58,CUST00356,Maina Kimani,Female,21,Nairobi,0710771297,M-Pesa,Pay Bill,Insurance,Feature Phone,69080.83,108,25320.43,Completed
TXN0003367,2024-03-27 23:35:46,CUST00350,Kibet Kamau,Male,27,Nairobi,0759092140,M-Pesa,Withdraw Cash,N/A,Android,47092.08,108,208668.56,Completed
TXN0003519,2024-03-28 01:01:56,CUST00249,Omondi Njuguna,Male,55,Uasin Gishu,0723951253,M-Pesa,Send Money,N/A,Android,22724.74,105,164903.37,Completed
TXN0000381,2024-03-28 04:39:36,CUST00391,Kirui Chepkwony,Male,42,Nairobi,0710956181,M-Pesa,Send Money,N/A,Android,6561.69,87,29910.52,Completed
TXN0004687,2024-03-28 04:46:47,CUST00371,Maina Wanjala,Female,54,Kisumu,0740471347,M-Pesa,Send Money,N/A,Android,8902.97,87,136336.84,Completed
TXN0005353,2024-03-28 06:27:01,CUST00362,Rotich Otieno,Female,41,Uasin Gishu,0768870657,Airtel Money,Withdraw Cash,N/A,Android,25212.88,108,194559.95,Completed
TXN0005545,2024-03-28 06:42:37,CUST00409,Nasike Karanja,Male,61,Nairobi,0768041558,M-Pesa,Send Money,N/A,Android,56953.63,105,219686.52,Completed
TXN0005143,2024-03-28 07:21:38,CUST00489,Anyango Kiplagat,Male,51,Kakamega,0723136978,M-Pesa,Pay Bill,SACCO,Android,69133.45,108,118243.71,Completed
TXN0003895,2024-03-28 08:21:30,CUST00504,Muthoni Kiplagat,Male,27,Nairobi,0790848968,M-Pesa,Pay Bill,SACCO,Android,76471.98,0.0,7716.55,Reversed
TXN0005039,2024-03-28 08:23:42,CUST00380,Otieno Chepkwony,Female,35,Nairobi,0111860396,M-Pesa,Buy Goods (Till),Electronics,Android,7968.5,55,201389.03,Completed
TXN0005049,2024-03-28 10:19:02,CUST00358,Kibet Makau,Female,47,Kiambu,0759154854,M-Pesa,Buy Goods (Till),Hardware,Android,3498.16,0.0,245461.57,Failed
TXN0004266,2024-03-28 11:36:55,CUST00757,Cherono Mutiso,Female,67,Nyeri,0740077382,M-Pesa,Pay Bill,Internet (ISP),Feature Phone,105338.26,0.0,230078.58,Failed
TXN0005627,2024-03-28 13:36:32,CUST00680,Otieno Kiprono,Male,27,Kiambu,0722726397,M-Pesa,Send Money,N/A,Android,24472.55,108,35972.75,Completed
TXN0000030,2024-03-28 16:14:48,CUST00034,Onyango Waweru,Male,58,Uasin Gishu,0768426077,M-Pesa,Pay Bill,Water Utility,Android,22548.1,0.0,239656.29,Failed
TXN0002380,2024-03-28 17:49:17,CUST00106,Nyambura Wekesa,Male,71,Meru,0710703796,M-Pesa,Send Money,N/A,Feature Phone,49310.02,100,229080.98,Completed
TXN0002535,2024-03-28 17:56:19,CUST00414,Waweru Njuguna,Female,68,Kiambu,0740167781,M-Pesa,Buy Goods (Till),Pharmacy,Android,19869.55,55,96943.43,Completed
TXN0000676,2024-03-28 18:46:27,CUST00485,Moraa Njuguna,Male,22,Nairobi,0722579170,M-Pesa,Withdraw Cash,N/A,iOS,25768.23,105,75798.92,Completed
TXN0002860,2024-03-28 19:18:03,CUST00492,Chebet Makau,Male,21,Kajiado,0701693616,M-Pesa,Buy Goods (Till),Supermarket,Android,3754.78,40,14553.79,Completed
TXN0005845,2024-03-28 21:31:04,CUST00203,Otieno Ochieng,Female,72,Nairobi,0701092616,M-Pesa,Airtime Purchase,N/A,iOS,1340.25,0.0,104295.36,Completed
TXN0003976,2024-03-28 21:57:51,CUST00245,Wairimu Waweru,Female,66,Machakos,0759035969,M-Pesa,Send Money,N/A,Android,38773.89,100,86789.1,Completed
TXN0001717,2024-03-29 02:11:53,CUST00742,Anyango Ochieng,Male,49,Bungoma,0768090633,Airtel Money,Withdraw Cash,N/A,Feature Phone,7080.17,87,163015.81,Completed
TXN0001548,2024-03-29 04:33:52,CUST00159,Maina Cheptoo,Male,67,Nairobi,0759929557,Airtel Money,Buy Goods (Till),Supermarket,Android,23167.13,108,115464.94,Completed
TXN0004696,2024-03-29 06:38:03,CUST00476,Mumbi Musyoka,Female,54,Mombasa,0790646155,Airtel Money,Send Money,N/A,Android,1926.5,33,235574.39,Completed
TXN0001852,2024-03-29 07:07:37,CUST00288,Nafula Ruto,Female,61,Nairobi,0710563134,M-Pesa,Pay Bill,Loan Repayment,Android,100347.23,105,38391.21,Completed
TXN0005532,2024-03-29 10:02:00,CUST00222,Wangari Barasa,Male,34,Kericho,0768773202,M-Pesa,Withdraw Cash,N/A,Android,15608.82,62,206958.29,Completed
TXN0003232,2024-03-29 11:42:22,CUST00743,Atieno Kamau,Male,29,Kakamega,0722133950,M-Pesa,Send Money,N/A,Android,43531.86,105,78705.14,Completed
TXN0004007,2024-03-29 12:51:46,CUST00622,Njeri Mutiso,Female,19,Machakos,0701362592,M-Pesa,Buy Goods (Till),Supermarket,Feature Phone,7445.95,55,119306.62,Completed
TXN0002992,2024-03-29 12:58:25,CUST00273,Barasa Kimani,Male,32,Mombasa,0790208883,M-Pesa,Send Money,N/A,Android,13409.94,55,9647.78,Completed
TXN0002264,2024-03-29 13:35:44,CUST00701,Owino Kimani,Male,36,Nairobi,0768679492,T-Kash,Send Money,N/A,Android,30548.86,100,73880.4,Completed
TXN0000914,2024-03-29 14:59:23,CUST00063,Moraa Langat,Female,35,Nakuru,0701925395,Airtel Money,Buy Goods (Till),Supermarket,Feature Phone,15414.66,87,5595.1,Completed
TXN0005163,2024-03-29 15:10:42,CUST00434,Rotich Kiplagat,Male,35,Kilifi,0111272039,M-Pesa,Pay Bill,Water Utility,Feature Phone,40647.51,105,128962.58,Completed
TXN0000341,2024-03-29 17:26:23,CUST00441,Otieno Otieno,Female,39,Nairobi,0722426598,M-Pesa,Deposit Cash,N/A,Feature Phone,52246.07,0.0,100356.94,Completed
TXN0001605,2024-03-29 18:24:50,CUST00146,Gitau Karanja,Male,71,Nairobi,0722934999,Airtel Money,Withdraw Cash,N/A,Android,48645.51,105,202162.89,Completed
TXN0005846,2024-03-29 19:28:50,CUST00712,Nabwire Owuor,Female,37,Meru,0768920397,M-Pesa,Pay Bill,School Fees,Android,17250.32,55,114698.34,Completed
TXN0002704,2024-03-29 20:40:49,CUST00579,Barasa Wabwire,Male,54,Kericho,0759728096,M-Pesa,Withdraw Cash,N/A,Android,62082.32,105,235030.8,Completed
TXN0000909,2024-03-29 21:09:35,CUST00354,Barasa Musyoka,Male,58,Kiambu,0111882163,M-Pesa,Send Money,N/A,Android,34337.81,100,194090.75,Completed
TXN0003952,2024-03-29 21:18:40,CUST00425,Kagwe Gichuru,Female,54,Nairobi,0701556270,M-Pesa,Buy Goods (Till),Fuel Station,Android,6203.15,87,77293.73,Completed
TXN0001016,2024-03-30 03:15:59,CUST00516,Jelagat Musyoka,Female,65,Nairobi,0710687141,Airtel Money,Deposit Cash,N/A,iOS,31659.72,0.0,82756.02,Completed
TXN0005068,2024-03-30 08:43:26,CUST00624,Auma Karanja,Female,39,Nairobi,0111675962,M-Pesa,Airtime Purchase,N/A,Feature Phone,510.93,0.0,214622.09,Completed
TXN0002015,2024-03-30 09:52:08,CUST00514,Owino Waweru,Male,56,Nyeri,0759740066,Airtel Money,Withdraw Cash,N/A,Android,9501.59,87,40334.44,Completed
TXN0001607,2024-03-30 10:17:16,CUST00141,Wafula Omollo,Female,35,Uasin Gishu,0740997764,M-Pesa,Send Money,N/A,Android,11962.89,55,88458.22,Completed
TXN0000287,2024-03-30 11:42:11,CUST00799,Owino Njoroge,Female,39,Mombasa,0722200478,M-Pesa,Send Money,N/A,Android,45849.62,108,90664.04,Completed
TXN0003628,2024-03-30 14:01:49,CUST00666,Muthoni Wabwire,Male,39,Bungoma,0710820393,M-Pesa,Pay Bill,SACCO,iOS,42077.62,108,147274.13,Completed
TXN0004122,2024-03-30 14:14:31,CUST00168,Kipchoge Wabwire,Female,52,Trans Nzoia,0722580800,M-Pesa,Send Money,N/A,Android,20617.13,100,117502.72,Completed
TXN0002719,2024-03-30 14:59:34,CUST00304,Wambui Cheptoo,Female,50,Nairobi,0710281178,Airtel Money,Pay Bill,Insurance,iOS,65725.07,100,211738.76,Completed
TXN0005877,2024-03-30 16:06:08,CUST00673,Ndungu Kiplagat,Male,28,Kakamega,0759913130,M-Pesa,Withdraw Cash,N/A,Android,35617.7,105,62455.76,Completed
TXN0003518,2024-03-30 16:25:41,CUST00118,Kiprop Makau,Female,45,Nairobi,0710530636,M-Pesa,Withdraw Cash,N/A,Android,60802.91,105,194647.06,Completed
TXN0005714,2024-03-30 16:26:50,CUST00314,Moraa Karanja,Male,26,Mombasa,0740062137,M-Pesa,Reversal,N/A,Android,19107.56,0.0,90180.03,Completed
TXN0004042,2024-03-30 22:39:40,CUST00070,Nabwire Odhiambo,Female,68,Nairobi,0710086291,M-Pesa,Pay Bill,Water Utility,Android,45109.13,108,115648.47,Completed
TXN0003195,2024-03-30 22:47:25,CUST00412,Onyango Musyoka,Female,19,Nairobi,0723341761,M-Pesa,Buy Goods (Till),Supermarket,Feature Phone,24950.26,108,88078.62,Completed
TXN0001292,2024-03-31 07:54:31,CUST00044,Anyango Langat,Female,30,Nairobi,0740178619,Airtel Money,Send Money,N/A,Android,16701.07,87,145391.41,Completed
TXN0004421,2024-03-31 08:20:29,CUST00451,Chelagat Ochieng,Male,38,Nairobi,0740783244,Airtel Money,Deposit Cash,N/A,Android,102593.23,0.0,80218.26,Completed
TXN0005703,2024-03-31 08:22:58,CUST00655,Chebet Ruto,Male,48,Nairobi,0722153417,M-Pesa,Send Money,N/A,Android,13128.93,62,130138.95,Completed
TXN0000859,2024-03-31 10:13:53,CUST00044,Anyango Langat,Female,30,Nairobi,0740178619,Airtel Money,Send Money,N/A,Android,16276.81,87,161835.01,Completed
TXN0004428,2024-03-31 11:02:45,CUST00506,Wafula Wekesa,Male,35,Nairobi,0790725607,Airtel Money,Send Money,N/A,Android,48614.86,100,191387.65,Completed
TXN0004036,2024-03-31 11:51:04,CUST00318,Onyango Wanjala,Female,55,Nairobi,0768312854,M-Pesa,Buy Goods (Till),Hardware,Android,17389.79,62,236451.98,Completed
TXN0003058,2024-03-31 12:26:27,CUST00225,Jelagat Chepkwony,Female,65,Uasin Gishu,0723481089,M-Pesa,Buy Goods (Till),Fuel Station,Feature Phone,4920.64,33,25501.78,Completed
TXN0001672,2024-03-31 15:15:47,CUST00164,Adhiambo Wabwire,Male,30,Bomet,0723779673,M-Pesa,Buy Goods (Till),Pharmacy,Android,11704.2,55,193153.75,Completed
TXN0004872,2024-03-31 17:03:45,CUST00784,Onyango Waweru,Male,70,Mombasa,0722213506,M-Pesa,Buy Goods (Till),Supermarket,Android,17818.1,62,15722.83,Completed
TXN0005618,2024-03-31 18:27:07,CUST00700,Rotich Chepkwony,Female,25,Nairobi,0722125819,M-Pesa,Buy Goods (Till),Restaurant,Android,20590.35,108,171817.31,Completed
TXN0004894,2024-03-31 19:47:21,CUST00489,Anyango Kiplagat,Male,51,Kakamega,0723136978,M-Pesa,Send Money,N/A,Android,34097.92,100,50866.21,Completed
TXN0003016,2024-03-31 23:13:38,CUST00278,Kemboi Cheptoo,Male,39,Kisumu,0723474661,Airtel Money,Buy Goods (Till),Hardware,Feature Phone,12086.22,62,146268.9,Completed
TXN0005769,2024-04-01 02:10:50,CUST00228,Achieng Wanjala,Male,57,Machakos,0790484034,M-Pesa,Send Money,N/A,Feature Phone,21205.82,105,211467.74,Completed
TXN0005475,2024-04-01 06:53:19,CUST00428,Wangari Odhiambo,Female,46,Nyeri,0710273671,M-Pesa,Buy Goods (Till),Fuel Station,Android,10808.07,55,115703.15,Completed
TXN0005094,2024-04-01 09:08:05,CUST00657,Rotich Kimani,Female,46,Nakuru,0723116925,Equitel,Pay Bill,DSTV/GOTV,Android,103482.19,108,204839.63,Completed
TXN0002571,2024-04-01 09:16:37,CUST00178,Chebet Kiprono,Female,23,Nairobi,0701551055,Airtel Money,Pay Bill,Rent,Feature Phone,19580.98,55,106777.57,Completed
TXN0005633,2024-04-01 10:44:25,CUST00183,Mumbi Chepkwony,Male,29,Meru,0759079278,M-Pesa,Pay Bill,Rent,Feature Phone,60031.24,108,176079.39,Completed
TXN0005023,2024-04-01 11:16:15,CUST00645,Chebet Waweru,Male,63,Nairobi,0111972248,M-Pesa,Withdraw Cash,N/A,Android,42998.01,100,170516.77,Completed
TXN0002303,2024-04-01 11:27:18,CUST00740,Kipchoge Omollo,Female,59,Turkana,0790187832,M-Pesa,Send Money,N/A,Android,41827.08,100,46206.87,Completed
TXN0004957,2024-04-01 11:27:24,CUST00755,Simiyu Cheptoo,Male,21,Nairobi,0722190368,M-Pesa,Pay Bill,Loan Repayment,Android,40887.04,105,238990.22,Completed
TXN0005524,2024-04-01 11:30:46,CUST00373,Chelagat Waweru,Female,38,Meru,0723143136,M-Pesa,Deposit Cash,N/A,Android,105891.8,0.0,215653.5,Completed
TXN0000600,2024-04-01 12:43:06,CUST00443,Onyango Wanjala,Male,28,Kajiado,0723814728,M-Pesa,Send Money,N/A,Feature Phone,23164.09,105,29556.6,Completed
TXN0004268,2024-04-01 12:59:58,CUST00523,Onyango Kiprono,Female,23,Kiambu,0759423949,M-Pesa,Airtime Purchase,N/A,Android,245.99,0.0,182387.4,Completed
TXN0003444,2024-04-01 14:01:32,CUST00223,Chebet Wekesa,Male,46,Mombasa,0768137448,M-Pesa,Send Money,N/A,Feature Phone,20127.32,100,221802.84,Completed
TXN0000934,2024-04-01 15:13:54,CUST00128,Nyambura Odhiambo,Male,57,Nyeri,0111858006,M-Pesa,Airtime Purchase,N/A,Android,154.33,0.0,65673.55,Completed
TXN0000565,2024-04-01 17:57:54,CUST00759,Cheruiyot Kiplagat,Female,59,Nairobi,0759119346,M-Pesa,Send Money,N/A,Android,26614.54,0.0,223730.5,Failed
TXN0005919,2024-04-01 18:34:31,CUST00731,Nafula Njuguna,Male,18,Nakuru,0111085866,M-Pesa,Withdraw Cash,N/A,Android,47354.55,108,12314.52,Completed
TXN0002134,2024-04-01 19:57:57,CUST00417,Nabwire Gichuru,Female,61,Kiambu,0768799565,Airtel Money,Send Money,N/A,Feature Phone,29561.0,105,131003.79,Completed
TXN0005874,2024-04-01 21:01:18,CUST00531,Waweru Makau,Female,69,Homa Bay,0710303143,M-Pesa,Buy Goods (Till),Fuel Station,Android,19702.99,62,205402.47,Completed
TXN0005751,2024-04-01 22:54:16,CUST00320,Ochieng Waweru,Female,41,Garissa,0759494738,Airtel Money,Send Money,N/A,Feature Phone,39646.48,0.0,248431.84,Reversed
TXN0005286,2024-04-02 08:05:43,CUST00318,Onyango Wanjala,Female,55,Nairobi,0768312854,M-Pesa,Pay Bill,Rent,Android,55890.4,105,152478.55,Completed
TXN0002783,2024-04-02 09:56:47,CUST00412,Onyango Musyoka,Female,19,Nairobi,0723341761,M-Pesa,Send Money,N/A,Feature Phone,7793.82,87,146890.27,Completed
TXN0002318,2024-04-02 11:31:56,CUST00420,Auma Kamau,Male,22,Kakamega,0710744906,M-Pesa,Send Money,N/A,Android,41575.13,108,151126.98,Completed
TXN0005993,2024-04-02 12:21:13,CUST00419,Cheruiyot Onyango,Female,43,Nakuru,0759211583,M-Pesa,Withdraw Cash,N/A,Android,7763.33,62,5359.58,Completed
TXN0004128,2024-04-02 13:25:40,CUST00658,Mumbi Wekesa,Male,42,Mombasa,0768213785,M-Pesa,Send Money,N/A,Feature Phone,13994.97,87,54240.59,Completed
TXN0002476,2024-04-02 13:27:14,CUST00544,Simiyu Makau,Female,23,Kakamega,0710114794,M-Pesa,Withdraw Cash,N/A,Android,14616.46,55,102636.16,Completed
TXN0003503,2024-04-02 14:17:28,CUST00327,Akinyi Wekesa,Male,61,Nairobi,0740690236,M-Pesa,Buy Goods (Till),Electronics,Android,12957.32,87,159390.02,Completed
TXN0004053,2024-04-02 14:26:16,CUST00765,Nyambura Mutiso,Male,61,Nairobi,0710349640,Equitel,Withdraw Cash,N/A,Feature Phone,5205.17,62,11283.93,Completed
TXN0003730,2024-04-02 14:35:22,CUST00218,Njeri Karanja,Female,47,Kericho,0790350253,M-Pesa,Deposit Cash,N/A,Android,24409.14,0.0,77226.86,Completed
TXN0005971,2024-04-02 15:15:58,CUST00472,Auma Waweru,Female,69,Mombasa,0710894815,M-Pesa,Buy Goods (Till),Restaurant,Android,6201.88,62,76477.23,Completed
TXN0005528,2024-04-02 15:44:31,CUST00660,Kipchoge Cheptoo,Male,56,Meru,0722581121,M-Pesa,Buy Goods (Till),Supermarket,Feature Phone,11296.23,62,104269.94,Completed
TXN0001766,2024-04-02 16:54:04,CUST00339,Barasa Musyoka,Male,71,Machakos,0701723583,M-Pesa,Airtime Purchase,N/A,Android,180.91,0.0,99056.66,Completed
TXN0002734,2024-04-02 17:10:45,CUST00160,Kemboi Owuor,Male,32,Nakuru,0790098964,M-Pesa,Send Money,N/A,iOS,14558.76,87,109090.49,Completed
TXN0000831,2024-04-02 18:29:21,CUST00545,Owino Karanja,Male,34,Nakuru,0710185831,M-Pesa,Buy Goods (Till),Pharmacy,Android,10938.02,87,156300.04,Completed
TXN0003370,2024-04-02 19:27:10,CUST00038,Gitau Mutiso,Female,52,Mombasa,0722249568,M-Pesa,Buy Goods (Till),Clothing,Android,3587.38,45,193557.67,Completed
TXN0001404,2024-04-02 23:27:05,CUST00299,Nafula Waweru,Male,71,Nairobi,0759887480,M-Pesa,Buy Goods (Till),Clothing,Android,6004.08,62,205102.84,Completed
TXN0005396,2024-04-03 07:17:02,CUST00718,Moraa Owuor,Male,64,Machakos,0759937338,M-Pesa,Withdraw Cash,N/A,Feature Phone,9376.15,62,52805.88,Completed
TXN0002989,2024-04-03 09:48:52,CUST00728,Simiyu Waweru,Male,40,Homa Bay,0768858175,M-Pesa,Buy Goods (Till),Electronics,Android,8525.49,55,36342.54,Completed
TXN0002034,2024-04-03 10:29:12,CUST00440,Auma Njoroge,Female,26,Nairobi,0722754053,M-Pesa,Send Money,N/A,Feature Phone,7009.57,62,105094.66,Completed
TXN0000786,2024-04-03 10:33:43,CUST00769,Omondi Waweru,Male,72,Nairobi,0710305642,M-Pesa,Send Money,N/A,iOS,44457.17,105,135367.02,Completed
TXN0005354,2024-04-03 11:32:16,CUST00026,Nafula Omollo,Male,60,Nairobi,0759846198,Equitel,Send Money,N/A,Feature Phone,28331.1,105,224647.22,Completed
TXN0004573,2024-04-03 12:51:26,CUST00656,Kariuki Barasa,Female,62,Machakos,0710636767,Airtel Money,Send Money,N/A,Android,19582.1,87,71799.07,Completed
TXN0002942,2024-04-03 13:52:24,CUST00627,Atieno Wekesa,Female,64,Nairobi,0768122462,Airtel Money,Pay Bill,Electricity (KPLC),Android,128700.34,105,224137.73,Completed
TXN0000743,2024-04-03 15:10:50,CUST00478,Moraa Njoroge,Male,67,Machakos,0723513387,M-Pesa,Withdraw Cash,N/A,Android,40262.37,108,243897.57,Completed
TXN0004624,2024-04-03 16:14:48,CUST00217,Kibet Omollo,Male,44,Homa Bay,0111203591,Airtel Money,Buy Goods (Till),Clothing,iOS,4863.8,45,230491.66,Completed
TXN0001565,2024-04-03 16:31:13,CUST00353,Wafula Kiplagat,Male,65,Kilifi,0759623991,M-Pesa,Send Money,N/A,Feature Phone,21554.18,108,215663.75,Completed
TXN0004684,2024-04-03 20:02:07,CUST00262,Owino Omollo,Male,65,Garissa,0768732284,Airtel Money,Withdraw Cash,N/A,Android,5474.6,87,211928.29,Completed
TXN0005114,2024-04-03 20:43:03,CUST00360,Kibet Waweru,Female,59,Kiambu,0723508182,M-Pesa,Pay Bill,DSTV/GOTV,Android,13422.03,87,57425.25,Completed
TXN0005709,2024-04-03 21:17:54,CUST00252,Cherono Makau,Female,44,Machakos,0723128778,Airtel Money,Deposit Cash,N/A,Android,37105.4,0.0,25102.73,Completed
TXN0000496,2024-04-03 22:03:00,CUST00517,Otieno Kamau,Male,53,Kakamega,0740991714,M-Pesa,Withdraw Cash,N/A,Android,24179.95,108,237527.65,Completed
TXN0001791,2024-04-03 22:37:46,CUST00658,Mumbi Wekesa,Male,42,Mombasa,0768213785,M-Pesa,Send Money,N/A,Feature Phone,11767.95,62,108121.66,Completed
TXN0002448,2024-04-03 23:42:15,CUST00567,Wairimu Wekesa,Male,36,Nairobi,0790719609,M-Pesa,Send Money,N/A,Feature Phone,44068.69,100,109658.39,Completed
TXN0004484,2024-04-03 23:50:38,CUST00751,Cherono Waweru,Male,25,Nairobi,0710652007,M-Pesa,Buy Goods (Till),Pharmacy,Android,14100.37,87,102500.11,Completed
TXN0004462,2024-04-04 00:20:17,CUST00521,Cheruiyot Waweru,Female,65,Machakos,0723003299,T-Kash,Deposit Cash,N/A,iOS,15162.21,0.0,199757.7,Completed
TXN0002362,2024-04-04 01:10:14,CUST00757,Cherono Mutiso,Female,67,Nyeri,0740077382,M-Pesa,Send Money,N/A,Feature Phone,20395.16,108,126560.16,Completed
TXN0004205,2024-04-04 01:48:41,CUST00386,Simiyu Mutiso,Female,47,Turkana,0768407336,M-Pesa,Send Money,N/A,Android,19359.08,62,190698.46,Completed
TXN0003793,2024-04-04 02:49:27,CUST00762,Kagwe Wabwire,Female,45,Nairobi,0740455446,M-Pesa,Pay Bill,Electricity (KPLC),iOS,19678.44,87,156663.89,Completed
TXN0002607,2024-04-04 02:55:54,CUST00755,Simiyu Cheptoo,Male,21,Nairobi,0722190368,M-Pesa,Send Money,N/A,Android,41223.83,108,134676.0,Completed
TXN0004533,2024-04-04 03:32:57,CUST00034,Onyango Waweru,Male,58,Uasin Gishu,0768426077,M-Pesa,Airtime Purchase,N/A,Android,504.57,0.0,78957.71,Completed
TXN0001234,2024-04-04 03:52:22,CUST00627,Atieno Wekesa,Female,64,Nairobi,0768122462,Airtel Money,Send Money,N/A,Android,27656.2,100,188245.37,Completed
TXN0001599,2024-04-04 06:22:41,CUST00770,Rotich Ochieng,Female,35,Garissa,0759849526,Airtel Money,Pay Bill,DSTV/GOTV,Android,35418.02,0.0,29476.1,Failed
TXN0005265,2024-04-04 07:30:57,CUST00725,Onyango Otieno,Female,52,Nairobi,0701125970,Airtel Money,Buy Goods (Till),Pharmacy,Feature Phone,2454.27,45,43427.87,Completed
TXN0000414,2024-04-04 08:33:39,CUST00522,Wanjiku Kariuki,Male,50,Machakos,0790961801,M-Pesa,Deposit Cash,N/A,Android,8906.06,0.0,190515.84,Completed
TXN0002640,2024-04-04 09:36:16,CUST00040,Kagwe Wekesa,Female,71,Mombasa,0710959560,M-Pesa,Send Money,N/A,Feature Phone,59557.54,100,96468.43,Completed
TXN0004309,2024-04-04 11:57:36,CUST00729,Wanjiku Kiprono,Female,47,Migori,0701819450,M-Pesa,Withdraw Cash,N/A,Feature Phone,47134.91,108,3703.45,Completed
TXN0004060,2024-04-04 12:32:11,CUST00376,Kiptoo Musyoka,Female,57,Nyeri,0710663952,M-Pesa,Buy Goods (Till),Hardware,Android,18800.16,87,241882.28,Completed
TXN0001334,2024-04-04 14:33:39,CUST00199,Maina Gichuru,Male,44,Homa Bay,0790818278,M-Pesa,Withdraw Cash,N/A,Android,41302.19,100,102738.37,Completed
TXN0000519,2024-04-04 15:13:34,CUST00538,Wanjiku Njoroge,Male,25,Kajiado,0740826646,Airtel Money,Pay Bill,Electricity (KPLC),Android,61002.04,100,79882.3,Completed
TXN0005446,2024-04-04 17:58:26,CUST00078,Achieng Barasa,Male,49,Nairobi,0740814679,M-Pesa,Pay Bill,DSTV/GOTV,Feature Phone,48311.4,100,163442.83,Completed
TXN0000032,2024-04-04 18:30:54,CUST00484,Mumbi Karanja,Male,30,Nairobi,0111017253,Airtel Money,Pay Bill,Insurance,Feature Phone,54253.15,108,73266.33,Completed
TXN0002898,2024-04-04 19:20:32,CUST00286,Chebet Onyango,Male,60,Machakos,0111539972,T-Kash,Deposit Cash,N/A,iOS,55051.39,0.0,119629.25,Completed
TXN0003962,2024-04-04 20:12:02,CUST00353,Wafula Kiplagat,Male,65,Kilifi,0759623991,M-Pesa,Buy Goods (Till),Hardware,Feature Phone,14564.75,87,144520.95,Completed
TXN0002674,2024-04-04 21:11:36,CUST00711,Njoroge Ochieng,Male,27,Nairobi,0722611349,M-Pesa,Pay Bill,Internet (ISP),Feature Phone,30359.33,100,181046.73,Completed
TXN0003534,2024-04-04 21:27:04,CUST00663,Atieno Cheptoo,Male,71,Nairobi,0710623160,M-Pesa,Deposit Cash,N/A,Android,85796.13,0.0,246583.22,Completed
TXN0001937,2024-04-04 21:53:25,CUST00658,Mumbi Wekesa,Male,42,Mombasa,0768213785,M-Pesa,Pay Bill,DSTV/GOTV,Feature Phone,94331.32,108,164136.43,Completed
TXN0005812,2024-04-05 04:34:16,CUST00175,Nafula Karanja,Female,52,Kiambu,0710760730,M-Pesa,Send Money,N/A,Android,58527.67,100,104732.57,Completed
TXN0001810,2024-04-05 04:35:35,CUST00381,Nabwire Kiprono,Male,45,Bomet,0111416562,M-Pesa,Pay Bill,Rent,Android,2907.14,33,210692.41,Completed
TXN0002070,2024-04-05 09:41:59,CUST00030,Barasa Otieno,Male,63,Mombasa,0759957763,M-Pesa,Airtime Purchase,N/A,Android,401.65,0.0,193227.29,Completed
TXN0001623,2024-04-05 09:56:22,CUST00779,Kamau Kariuki,Male,71,Trans Nzoia,0723302430,M-Pesa,Send Money,N/A,Android,11577.76,55,198229.73,Completed
TXN0004964,2024-04-05 09:58:44,CUST00168,Kipchoge Wabwire,Female,52,Trans Nzoia,0722580800,M-Pesa,Pay Bill,Electricity (KPLC),Android,32470.94,100,218020.98,Completed
TXN0005177,2024-04-05 11:09:51,CUST00675,Wambui Owuor,Female,70,Turkana,0701880042,M-Pesa,Buy Goods (Till),Pharmacy,Android,7951.23,55,205486.62,Completed
TXN0005901,2024-04-05 12:40:21,CUST00086,Waweru Kiplagat,Male,32,Nakuru,0701373329,M-Pesa,Deposit Cash,N/A,Android,83398.18,0.0,72410.91,Completed
TXN0000919,2024-04-05 13:47:43,CUST00798,Nafula Odhiambo,Female,65,Nairobi,0701076441,M-Pesa,Reversal,N/A,Feature Phone,10781.96,0.0,43120.63,Completed
TXN0003893,2024-04-05 15:20:25,CUST00667,Ochieng Makau,Male,37,Machakos,0701035220,M-Pesa,Withdraw Cash,N/A,Android,30071.79,108,18409.43,Completed
TXN0004070,2024-04-05 18:14:33,CUST00172,Wambui Cheptoo,Male,59,Kilifi,0723434670,Airtel Money,Deposit Cash,N/A,Android,46432.52,0.0,86935.19,Completed
TXN0004140,2024-04-05 18:19:49,CUST00340,Nabwire Njuguna,Male,59,Kakamega,0710923574,M-Pesa,Airtime Purchase,N/A,Android,874.95,0.0,192964.54,Completed
TXN0002041,2024-04-05 18:29:00,CUST00281,Achieng Chepkwony,Female,53,Nairobi,0723796856,M-Pesa,Send Money,N/A,Android,35217.18,108,82748.5,Completed
TXN0003833,2024-04-05 20:30:44,CUST00105,Mutua Kiprono,Male,27,Nairobi,0723557568,M-Pesa,Withdraw Cash,N/A,Android,29879.26,105,12067.43,Completed
TXN0000522,2024-04-05 22:50:20,CUST00779,Kamau Kariuki,Male,71,Trans Nzoia,0723302430,M-Pesa,Send Money,N/A,Android,24986.96,0.0,141539.35,Reversed
TXN0001168,2024-04-06 05:46:43,CUST00293,Njoroge Kiplagat,Male,29,Trans Nzoia,0723115345,M-Pesa,Send Money,N/A,Android,32802.65,108,145880.3,Completed
TXN0001659,2024-04-06 07:19:42,CUST00242,Kemboi Barasa,Female,37,Nairobi,0722354000,Airtel Money,Buy Goods (Till),Pharmacy,Android,16260.26,55,56973.4,Completed
TXN0002618,2024-04-06 08:38:44,CUST00706,Gitau Chepkwony,Female,49,Kisumu,0701583545,M-Pesa,Buy Goods (Till),Electronics,Feature Phone,10718.79,62,114168.4,Completed
TXN0000773,2024-04-06 09:23:57,CUST00303,Wanjiku Chepkwony,Female,53,Nairobi,0722055937,Airtel Money,Send Money,N/A,Android,39977.73,108,237983.79,Completed
TXN0000570,2024-04-06 09:31:46,CUST00377,Kamau Kiplagat,Female,59,Migori,0723328680,Airtel Money,Pay Bill,School Fees,Android,32634.59,108,27469.05,Completed
TXN0002826,2024-04-06 10:37:31,CUST00648,Nabwire Makau,Female,18,Kiambu,0759134779,M-Pesa,Send Money,N/A,Android,19445.74,87,173743.67,Completed
TXN0004762,2024-04-06 11:25:40,CUST00106,Nyambura Wekesa,Male,71,Meru,0710703796,M-Pesa,Send Money,N/A,Feature Phone,26505.66,105,201496.17,Completed
TXN0004028,2024-04-06 12:07:38,CUST00482,Auma Cheptoo,Male,62,Nairobi,0740329471,M-Pesa,Pay Bill,DSTV/GOTV,Android,48403.29,108,138368.88,Completed
TXN0004518,2024-04-06 12:07:48,CUST00581,Kagwe Omollo,Male,21,Kiambu,0768533388,Equitel,Send Money,N/A,Android,28942.08,100,196678.32,Completed
TXN0005104,2024-04-06 12:12:16,CUST00124,Muthoni Owuor,Male,32,Nairobi,0740724354,Equitel,Deposit Cash,N/A,Android,83491.76,0.0,1731.71,Completed
TXN0001396,2024-04-06 13:18:15,CUST00765,Nyambura Mutiso,Male,61,Nairobi,0710349640,Equitel,Withdraw Cash,N/A,Feature Phone,9507.25,87,19955.06,Completed
TXN0003235,2024-04-06 13:29:42,CUST00381,Nabwire Kiprono,Male,45,Bomet,0111416562,M-Pesa,Airtime Purchase,N/A,Android,808.49,0.0,151790.64,Completed
TXN0002227,2024-04-06 14:20:47,CUST00199,Maina Gichuru,Male,44,Homa Bay,0790818278,M-Pesa,Deposit Cash,N/A,Android,54385.03,0.0,161724.19,Completed
TXN0002324,2024-04-06 14:24:44,CUST00624,Auma Karanja,Female,39,Nairobi,0111675962,M-Pesa,Send Money,N/A,Feature Phone,62230.79,108,216407.2,Completed
TXN0000667,2024-04-06 14:47:56,CUST00708,Njoroge Kiplagat,Male,27,Kajiado,0759992801,T-Kash,Send Money,N/A,Feature Phone,11723.26,55,241793.59,Completed
TXN0005830,2024-04-06 15:20:07,CUST00568,Kirui Ochieng,Female,38,Nairobi,0111298025,M-Pesa,Reversal,N/A,Android,6455.35,0.0,34112.58,Failed
TXN0005296,2024-04-06 17:34:32,CUST00733,Rotich Barasa,Female,62,Machakos,0723981664,M-Pesa,Send Money,N/A,Feature Phone,24034.77,100,28919.07,Completed
TXN0002394,2024-04-06 21:07:21,CUST00198,Kamau Njuguna,Male,40,Kisumu,0759192595,Airtel Money,Send Money,N/A,Feature Phone,63594.6,105,22030.27,Completed
TXN0002627,2024-04-06 21:11:36,CUST00037,Rotich Omollo,Female,35,Mombasa,0790238013,M-Pesa,Airtime Purchase,N/A,Android,1119.24,0.0,22783.28,Completed
TXN0000110,2024-04-07 07:11:35,CUST00285,Kariuki Kamau,Male,51,Nyeri,0759984591,M-Pesa,Withdraw Cash,N/A,Feature Phone,44193.73,105,173774.94,Completed
TXN0003421,2024-04-07 08:19:28,CUST00004,Rotich Wanjala,Female,41,Uasin Gishu,0723022021,M-Pesa,Airtime Purchase,N/A,Android,1639.16,0.0,85420.65,Completed
TXN0005713,2024-04-07 08:45:07,CUST00361,Kemboi Musyoka,Female,51,Machakos,0790027096,Airtel Money,Send Money,N/A,Feature Phone,44402.95,100,72211.11,Completed
TXN0001424,2024-04-07 12:07:54,CUST00750,Ochieng Njoroge,Male,24,Uasin Gishu,0723566481,M-Pesa,Send Money,N/A,Android,20213.42,105,3481.14,Completed
TXN0003210,2024-04-07 12:33:16,CUST00316,Nabwire Kiprono,Male,21,Nairobi,0710549687,Airtel Money,Pay Bill,SACCO,iOS,916.48,13,103174.54,Completed
TXN0003678,2024-04-07 13:13:09,CUST00613,Kariuki Waweru,Male,66,Uasin Gishu,0111017342,M-Pesa,Send Money,N/A,Android,1693.1,40,47397.44,Completed
TXN0003920,2024-04-07 13:53:25,CUST00035,Simiyu Owuor,Male,47,Nairobi,0740911455,M-Pesa,Buy Goods (Till),Pharmacy,Feature Phone,8431.68,55,18973.66,Completed
TXN0000302,2024-04-07 17:44:30,CUST00059,Mumbi Waweru,Male,58,Kajiado,0723443114,M-Pesa,Pay Bill,SACCO,Android,99236.26,108,68966.41,Completed
TXN0005003,2024-04-07 20:35:53,CUST00324,Auma Omollo,Male,46,Bungoma,0710157866,M-Pesa,Pay Bill,School Fees,Android,41019.97,0.0,148983.35,Failed
TXN0002889,2024-04-07 21:27:44,CUST00598,Rotich Wabwire,Female,68,Uasin Gishu,0722284224,M-Pesa,Send Money,N/A,Android,22392.24,108,136910.83,Completed
TXN0000562,2024-04-07 21:48:51,CUST00235,Kibet Kiprono,Female,28,Nyeri,0768796196,Airtel Money,Send Money,N/A,Feature Phone,51281.43,108,138206.01,Completed
TXN0002556,2024-04-07 22:57:53,CUST00795,Mumbi Musyoka,Male,34,Kakamega,0722323715,M-Pesa,Send Money,N/A,iOS,40274.8,108,232268.45,Completed
TXN0002756,2024-04-08 03:45:52,CUST00761,Owino Kariuki,Female,25,Homa Bay,0723323434,M-Pesa,Airtime Purchase,N/A,Android,991.61,0.0,41532.08,Completed
TXN0002994,2024-04-08 06:42:08,CUST00267,Njeri Amollo,Male,20,Kiambu,0790455461,Equitel,Buy Goods (Till),Electronics,Android,6906.12,87,194063.21,Completed
TXN0000311,2024-04-08 10:55:25,CUST00102,Muthoni Wabwire,Female,36,Nakuru,0111606335,M-Pesa,Send Money,N/A,Android,20525.55,105,212357.52,Completed
TXN0000406,2024-04-08 11:28:54,CUST00507,Kibet Wanjala,Male,37,Kericho,0768868388,M-Pesa,Send Money,N/A,Android,48700.78,100,91303.99,Completed
TXN0003400,2024-04-08 11:32:50,CUST00176,Chelagat Mutiso,Female,19,Kakamega,0701439466,M-Pesa,Send Money,N/A,Android,29098.61,108,239026.12,Completed
TXN0004203,2024-04-08 12:05:03,CUST00697,Anyango Odhiambo,Male,56,Nairobi,0710029915,M-Pesa,Deposit Cash,N/A,Feature Phone,50964.93,0.0,241549.82,Completed
TXN0001025,2024-04-08 13:31:23,CUST00137,Nasike Amollo,Female,19,Nakuru,0723957760,M-Pesa,Deposit Cash,N/A,iOS,18881.29,0.0,170255.94,Completed
TXN0004963,2024-04-08 17:53:20,CUST00280,Anyango Amollo,Female,33,Nairobi,0701848414,M-Pesa,Buy Goods (Till),Electronics,Android,4525.42,33,150392.36,Completed
TXN0001901,2024-04-08 18:08:59,CUST00093,Achieng Omollo,Female,43,Trans Nzoia,0722032123,M-Pesa,Buy Goods (Till),Fuel Station,Feature Phone,27632.8,105,156707.2,Completed
TXN0001506,2024-04-08 19:03:36,CUST00388,Njoroge Kiplagat,Male,43,Garissa,0790446051,Airtel Money,Pay Bill,DSTV/GOTV,Android,118315.86,108,108205.91,Completed
TXN0001306,2024-04-08 19:31:51,CUST00198,Kamau Njuguna,Male,40,Kisumu,0759192595,Airtel Money,Send Money,N/A,Feature Phone,16230.21,62,40773.79,Completed
TXN0001007,2024-04-08 19:46:57,CUST00771,Cherono Barasa,Female,30,Nairobi,0759781757,M-Pesa,Airtime Purchase,N/A,Android,426.73,0.0,236143.19,Completed
TXN0000971,2024-04-08 20:13:43,CUST00487,Ochieng Kiprono,Male,49,Kilifi,0790503126,M-Pesa,Withdraw Cash,N/A,iOS,49047.21,100,10947.72,Completed
TXN0004469,2024-04-08 21:26:53,CUST00770,Rotich Ochieng,Female,35,Garissa,0759849526,Airtel Money,Send Money,N/A,Android,19904.69,62,104515.51,Completed
TXN0005823,2024-04-08 21:39:50,CUST00121,Muthoni Kiplagat,Female,66,Nairobi,0710536217,M-Pesa,Send Money,N/A,Android,42262.35,100,86143.1,Completed
TXN0003776,2024-04-09 04:44:33,CUST00120,Otieno Kiprono,Male,72,Machakos,0701007335,M-Pesa,Send Money,N/A,Android,47417.86,105,172428.36,Completed
TXN0005983,2024-04-09 06:50:42,CUST00369,Kiprop Sang,Female,21,Homa Bay,0111384882,M-Pesa,Send Money,N/A,Android,28169.61,105,235498.48,Completed
TXN0004176,2024-04-09 06:59:06,CUST00405,Chelagat Mutiso,Female,27,Kilifi,0723896174,M-Pesa,Send Money,N/A,Android,57433.03,105,174508.93,Completed
TXN0005920,2024-04-09 09:22:24,CUST00622,Njeri Mutiso,Female,19,Machakos,0701362592,M-Pesa,Send Money,N/A,Feature Phone,60640.25,108,121748.25,Completed
TXN0004161,2024-04-09 10:16:14,CUST00601,Mutua Ochieng,Female,25,Nairobi,0722536277,Airtel Money,Buy Goods (Till),Supermarket,Android,15986.18,55,216161.27,Completed
TXN0004492,2024-04-09 10:32:40,CUST00106,Nyambura Wekesa,Male,71,Meru,0710703796,M-Pesa,Buy Goods (Till),Pharmacy,Feature Phone,5650.48,62,170190.8,Completed
TXN0001107,2024-04-09 13:44:25,CUST00357,Kagwe Njoroge,Female,19,Meru,0111720755,M-Pesa,Deposit Cash,N/A,Android,15772.82,0.0,94870.74,Completed
TXN0001653,2024-04-09 13:53:18,CUST00746,Wafula Odhiambo,Male,72,Turkana,0790917512,M-Pesa,Buy Goods (Till),Pharmacy,Android,11299.05,62,219617.57,Completed
TXN0005169,2024-04-09 14:09:02,CUST00422,Gitau Wabwire,Female,52,Uasin Gishu,0722957146,M-Pesa,Send Money,N/A,Feature Phone,24181.57,100,24908.54,Completed
TXN0005711,2024-04-09 15:28:09,CUST00577,Kiprop Amollo,Male,57,Machakos,0740243297,M-Pesa,Send Money,N/A,Android,43026.02,108,232599.44,Completed
TXN0005609,2024-04-09 16:45:20,CUST00184,Nafula Musyoka,Female,26,Kakamega,0740214345,M-Pesa,Pay Bill,Water Utility,Android,39048.34,100,75962.59,Completed
TXN0004165,2024-04-09 17:11:00,CUST00682,Cheruiyot Gichuru,Female,69,Nairobi,0759618611,M-Pesa,Send Money,N/A,Android,15995.24,62,149816.38,Completed
TXN0004893,2024-04-09 18:26:27,CUST00236,Kemboi Njuguna,Male,70,Nairobi,0790721075,Airtel Money,Send Money,N/A,Feature Phone,9079.51,62,122520.8,Completed
TXN0005308,2024-04-09 18:55:41,CUST00239,Nyambura Karanja,Female,44,Kisumu,0768338757,M-Pesa,Pay Bill,Rent,Android,57928.93,108,75932.13,Completed
TXN0002250,2024-04-09 19:13:09,CUST00664,Anyango Kiplagat,Male,23,Migori,0768912626,M-Pesa,Buy Goods (Till),Supermarket,Feature Phone,10109.48,62,32350.39,Completed
TXN0004017,2024-04-09 20:51:49,CUST00217,Kibet Omollo,Male,44,Homa Bay,0111203591,Airtel Money,Buy Goods (Till),Supermarket,iOS,4824.58,40,63283.68,Completed
TXN0004654,2024-04-09 21:36:19,CUST00417,Nabwire Gichuru,Female,61,Kiambu,0768799565,Airtel Money,Send Money,N/A,Feature Phone,10427.52,62,227038.95,Completed
TXN0002740,2024-04-09 21:51:54,CUST00582,Njeri Wabwire,Female,33,Nairobi,0111360485,M-Pesa,Buy Goods (Till),Restaurant,Android,19660.79,87,103618.58,Completed
TXN0000203,2024-04-09 22:15:48,CUST00451,Chelagat Ochieng,Male,38,Nairobi,0740783244,Airtel Money,Pay Bill,DSTV/GOTV,Android,22875.92,105,214786.91,Completed
TXN0001286,2024-04-09 22:56:34,CUST00520,Barasa Omollo,Female,57,Mombasa,0740364013,M-Pesa,Pay Bill,Insurance,Android,15565.09,87,112048.76,Completed
TXN0001195,2024-04-10 07:15:25,CUST00505,Barasa Odhiambo,Male,56,Nairobi,0740112845,M-Pesa,Pay Bill,Rent,Android,95015.63,105,133533.09,Completed
TXN0001474,2024-04-10 07:51:27,CUST00085,Cherono Wanjala,Male,58,Uasin Gishu,0111352547,M-Pesa,Airtime Purchase,N/A,Android,1328.22,0.0,120007.23,Completed
TXN0004617,2024-04-10 09:11:39,CUST00573,Kagwe Chepkwony,Male,35,Garissa,0740693632,M-Pesa,Withdraw Cash,N/A,Android,30130.42,105,221257.78,Completed
TXN0005581,2024-04-10 09:16:31,CUST00648,Nabwire Makau,Female,18,Kiambu,0759134779,M-Pesa,Buy Goods (Till),Electronics,Android,15998.35,62,122849.82,Completed
TXN0002226,2024-04-10 11:49:31,CUST00066,Cheruiyot Wabwire,Female,69,Nakuru,0710405588,M-Pesa,Send Money,N/A,Android,17230.61,87,71309.39,Completed
TXN0003855,2024-04-10 12:07:36,CUST00306,Wafula Mutiso,Male,49,Mombasa,0790615891,M-Pesa,Buy Goods (Till),Restaurant,Feature Phone,16671.1,87,1476.26,Completed
TXN0004767,2024-04-10 14:19:14,CUST00170,Otieno Owuor,Male,64,Kiambu,0790086891,M-Pesa,Pay Bill,School Fees,Android,51352.37,100,105079.23,Completed
TXN0001413,2024-04-10 15:34:29,CUST00499,Nabwire Onyango,Female,38,Uasin Gishu,0701163573,M-Pesa,Buy Goods (Till),Hardware,Android,8990.19,55,65824.28,Completed
TXN0003424,2024-04-10 15:48:27,CUST00064,Chelagat Gichuru,Female,72,Nakuru,0759207856,Airtel Money,Airtime Purchase,N/A,Android,1180.4,0.0,208300.05,Completed
TXN0001294,2024-04-10 16:00:08,CUST00681,Kiprop Sang,Female,45,Nairobi,0710712127,M-Pesa,Withdraw Cash,N/A,Android,11597.09,55,83806.12,Completed
TXN0000204,2024-04-10 17:58:50,CUST00653,Chebet Kiprono,Female,38,Kilifi,0722874116,M-Pesa,Send Money,N/A,Android,45085.26,100,146058.69,Completed
TXN0001814,2024-04-10 18:49:16,CUST00789,Kipchoge Makau,Male,42,Kilifi,0768902074,M-Pesa,Pay Bill,Internet (ISP),Android,50731.79,108,197398.37,Completed
TXN0005890,2024-04-10 20:26:35,CUST00782,Kipchoge Amollo,Female,33,Kajiado,0759264611,M-Pesa,Airtime Purchase,N/A,Android,694.81,0.0,162127.34,Completed
TXN0005348,2024-04-10 23:03:51,CUST00703,Akinyi Amollo,Female,36,Kiambu,0723243297,Airtel Money,Send Money,N/A,Feature Phone,28100.85,105,64259.8,Completed
TXN0000194,2024-04-10 23:38:53,CUST00699,Chebet Chepkwony,Male,65,Kajiado,0723245413,M-Pesa,Pay Bill,Loan Repayment,Android,99594.34,100,195760.68,Completed
TXN0002331,2024-04-11 05:59:34,CUST00268,Nyambura Wabwire,Male,69,Nakuru,0740292051,M-Pesa,Pay Bill,Water Utility,Feature Phone,108109.77,100,199605.2,Completed
TXN0003593,2024-04-11 06:44:31,CUST00048,Kiptoo Kamau,Female,51,Migori,0723245247,M-Pesa,Pay Bill,Rent,Android,72875.33,105,219185.44,Completed
TXN0003473,2024-04-11 06:58:14,CUST00258,Kiptoo Kimani,Female,56,Machakos,0790643232,M-Pesa,Send Money,N/A,iOS,13648.2,55,35166.7,Completed
TXN0000881,2024-04-11 09:02:59,CUST00166,Kibet Waweru,Female,20,Uasin Gishu,0740705572,M-Pesa,Withdraw Cash,N/A,Android,15653.14,0.0,142760.93,Failed
TXN0000915,2024-04-11 09:16:22,CUST00134,Nabwire Chepkwony,Male,30,Nakuru,0790057296,M-Pesa,Send Money,N/A,iOS,15299.74,55,85597.58,Completed
TXN0003523,2024-04-11 09:49:53,CUST00476,Mumbi Musyoka,Female,54,Mombasa,0790646155,Airtel Money,Buy Goods (Till),Clothing,Android,12405.57,87,143353.91,Completed
TXN0001989,2024-04-11 09:56:13,CUST00789,Kipchoge Makau,Male,42,Kilifi,0768902074,M-Pesa,Send Money,N/A,Android,24460.9,105,75590.85,Completed
TXN0002506,2024-04-11 09:58:02,CUST00800,Kagwe Omollo,Male,70,Nairobi,0722110362,M-Pesa,Send Money,N/A,Android,39637.34,105,234774.91,Completed
TXN0005283,2024-04-11 11:01:11,CUST00303,Wanjiku Chepkwony,Female,53,Nairobi,0722055937,Airtel Money,Buy Goods (Till),Electronics,Android,3259.34,33,211055.82,Completed
TXN0003801,2024-04-11 11:11:57,CUST00634,Waweru Wekesa,Male,71,Mombasa,0790558577,Airtel Money,Buy Goods (Till),Electronics,Feature Phone,8248.85,62,126313.74,Completed
TXN0003198,2024-04-11 12:18:55,CUST00317,Jelagat Wanjala,Male,48,Kericho,0710241576,M-Pesa,Reversal,N/A,Android,23443.31,0.0,38505.06,Completed
TXN0003413,2024-04-11 12:30:01,CUST00735,Onyango Waweru,Female,70,Kakamega,0768032282,Airtel Money,Send Money,N/A,Feature Phone,16006.25,87,148251.15,Completed
TXN0005935,2024-04-11 13:36:32,CUST00339,Barasa Musyoka,Male,71,Machakos,0701723583,M-Pesa,Send Money,N/A,Android,13315.27,62,228965.71,Completed
TXN0000069,2024-04-11 14:20:15,CUST00221,Ochieng Waweru,Male,62,Turkana,0701900180,M-Pesa,Deposit Cash,N/A,Android,85595.96,0.0,192949.66,Completed
TXN0002933,2024-04-11 15:52:36,CUST00030,Barasa Otieno,Male,63,Mombasa,0759957763,M-Pesa,Send Money,N/A,Android,44926.65,100,169347.55,Completed
TXN0004188,2024-04-11 16:20:21,CUST00108,Nyambura Amollo,Female,30,Bungoma,0710804397,M-Pesa,Send Money,N/A,Android,9734.23,55,117741.27,Completed
TXN0004269,2024-04-11 17:17:30,CUST00358,Kibet Makau,Female,47,Kiambu,0759154854,M-Pesa,Send Money,N/A,Android,38598.01,108,166970.72,Completed
TXN0001281,2024-04-11 17:38:57,CUST00154,Kiptoo Kiplagat,Male,61,Bungoma,0722387503,M-Pesa,Send Money,N/A,iOS,19014.24,62,171274.8,Completed
TXN0003170,2024-04-11 17:58:39,CUST00236,Kemboi Njuguna,Male,70,Nairobi,0790721075,Airtel Money,Pay Bill,Internet (ISP),Feature Phone,54947.46,0.0,39709.46,Failed
TXN0004994,2024-04-11 19:24:21,CUST00216,Achieng Cheptoo,Male,18,Nairobi,0701391908,M-Pesa,Deposit Cash,N/A,Android,131499.81,0.0,203826.2,Completed
TXN0001625,2024-04-11 20:35:28,CUST00428,Wangari Odhiambo,Female,46,Nyeri,0710273671,M-Pesa,Buy Goods (Till),Pharmacy,Android,18653.21,62,99625.48,Completed
TXN0004756,2024-04-11 21:20:55,CUST00587,Mumbi Gichuru,Male,71,Nairobi,0710624742,Airtel Money,Send Money,N/A,Android,2723.72,40,58101.35,Completed
TXN0000868,2024-04-11 21:39:19,CUST00095,Nabwire Waweru,Female,54,Nakuru,0768249194,M-Pesa,Send Money,N/A,Android,36989.64,108,61187.12,Completed
TXN0004216,2024-04-11 22:09:30,CUST00464,Gitau Njuguna,Female,39,Kakamega,0111465545,Airtel Money,Send Money,N/A,Android,9131.48,87,63291.33,Completed
TXN0004284,2024-04-11 22:36:20,CUST00789,Kipchoge Makau,Male,42,Kilifi,0768902074,M-Pesa,Send Money,N/A,Android,8031.27,55,212041.06,Completed
TXN0005680,2024-04-11 23:10:59,CUST00434,Rotich Kiplagat,Male,35,Kilifi,0111272039,M-Pesa,Pay Bill,Insurance,Feature Phone,19550.3,55,204286.44,Completed
TXN0002025,2024-04-11 23:57:15,CUST00778,Auma Wanjala,Female,52,Turkana,0790081647,M-Pesa,Send Money,N/A,Feature Phone,38527.5,100,232458.73,Completed
TXN0002686,2024-04-12 00:19:07,CUST00677,Anyango Ruto,Female,37,Nakuru,0710529641,M-Pesa,Withdraw Cash,N/A,Android,22555.31,100,49483.13,Completed
TXN0003336,2024-04-12 04:22:29,CUST00325,Kiprop Amollo,Male,27,Mombasa,0768023679,M-Pesa,Deposit Cash,N/A,Android,57017.36,0.0,21897.67,Completed
TXN0003175,2024-04-12 06:23:43,CUST00098,Onyango Sang,Female,54,Kilifi,0701686939,M-Pesa,Pay Bill,SACCO,Android,10831.8,55,64231.15,Completed
TXN0000320,2024-04-12 06:47:12,CUST00634,Waweru Wekesa,Male,71,Mombasa,0790558577,Airtel Money,Pay Bill,Water Utility,Feature Phone,26241.43,108,101159.27,Completed
TXN0001887,2024-04-12 07:08:09,CUST00692,Nyambura Omollo,Male,20,Kisumu,0790018927,M-Pesa,Deposit Cash,N/A,Android,28151.23,0.0,205542.0,Completed
TXN0002469,2024-04-12 08:45:32,CUST00659,Kiptoo Amollo,Female,52,Bungoma,0759455771,M-Pesa,Send Money,N/A,iOS,22356.7,105,153640.39,Completed
TXN0004578,2024-04-12 09:31:01,CUST00651,Omondi Amollo,Female,63,Nairobi,0740708143,Equitel,Deposit Cash,N/A,Android,35608.41,0.0,60645.27,Completed
TXN0001235,2024-04-12 10:44:29,CUST00265,Kariuki Gichuru,Male,66,Bungoma,0710664930,M-Pesa,Send Money,N/A,Android,22183.81,105,219268.36,Completed
TXN0003330,2024-04-12 12:21:24,CUST00406,Atieno Wabwire,Male,20,Meru,0723381770,M-Pesa,Pay Bill,Rent,Android,50210.66,105,235159.79,Completed
TXN0002538,2024-04-12 12:54:43,CUST00431,Onyango Sang,Female,61,Kilifi,0740569300,M-Pesa,Withdraw Cash,N/A,Android,36031.22,105,224034.25,Completed
TXN0002501,2024-04-12 13:38:44,CUST00634,Waweru Wekesa,Male,71,Mombasa,0790558577,Airtel Money,Deposit Cash,N/A,Feature Phone,42443.98,0.0,79618.3,Completed
TXN0004843,2024-04-12 13:44:36,CUST00534,Njoroge Njuguna,Female,21,Uasin Gishu,0722554478,M-Pesa,Airtime Purchase,N/A,Android,418.92,0.0,130379.18,Completed
TXN0004167,2024-04-12 14:31:35,CUST00423,Onyango Owuor,Female,23,Kisumu,0723266665,M-Pesa,Send Money,N/A,Android,32394.3,100,120342.32,Completed
TXN0003242,2024-04-12 16:54:41,CUST00140,Kemboi Musyoka,Female,51,Nakuru,0710455686,Airtel Money,Airtime Purchase,N/A,Android,351.35,0.0,154832.78,Completed
TXN0003557,2024-04-12 18:12:25,CUST00571,Wairimu Waweru,Male,53,Mombasa,0722896610,Airtel Money,Pay Bill,School Fees,Android,22940.05,105,147882.58,Completed
TXN0004549,2024-04-12 18:59:11,CUST00676,Anyango Ruto,Male,18,Nairobi,0701158490,M-Pesa,Pay Bill,Electricity (KPLC),Android,46465.82,108,19452.24,Completed
TXN0000516,2024-04-12 19:23:59,CUST00089,Nabwire Omollo,Female,69,Mombasa,0759986609,Airtel Money,Pay Bill,Loan Repayment,Android,69940.85,108,93329.22,Completed
TXN0003291,2024-04-12 23:23:31,CUST00561,Omondi Gichuru,Male,55,Mombasa,0790828413,Airtel Money,Deposit Cash,N/A,Android,59290.31,0.0,115461.28,Completed
TXN0004156,2024-04-12 23:33:18,CUST00687,Mumbi Wabwire,Male,59,Kajiado,0740790537,Equitel,Reversal,N/A,Android,1843.89,0.0,391.23,Completed
TXN0002466,2024-04-13 03:51:53,CUST00421,Akinyi Wekesa,Female,47,Kisumu,0759832404,M-Pesa,Withdraw Cash,N/A,Feature Phone,11413.51,55,207517.11,Completed
TXN0005380,2024-04-13 04:59:59,CUST00546,Barasa Mutiso,Female,68,Nakuru,0722758886,M-Pesa,Pay Bill,Internet (ISP),Android,20660.33,100,16743.44,Completed
TXN0002605,2024-04-13 06:19:23,CUST00337,Cherono Kiplagat,Female,29,Uasin Gishu,0740878581,Airtel Money,Buy Goods (Till),Supermarket,Feature Phone,25185.4,108,16443.83,Completed
TXN0004847,2024-04-13 06:23:59,CUST00192,Akinyi Njuguna,Female,23,Kakamega,0111131654,M-Pesa,Pay Bill,Insurance,Android,107949.44,100,122946.61,Completed
TXN0005847,2024-04-13 08:33:25,CUST00612,Simiyu Njuguna,Male,24,Nakuru,0722282629,M-Pesa,Buy Goods (Till),Hardware,Feature Phone,19411.13,55,69080.3,Completed
TXN0001646,2024-04-13 09:21:14,CUST00043,Onyango Langat,Male,34,Kilifi,0710697713,M-Pesa,Send Money,N/A,iOS,22917.43,105,183485.55,Completed
TXN0000963,2024-04-13 11:59:16,CUST00625,Nyokabi Omollo,Female,31,Kisumu,0740862851,M-Pesa,Buy Goods (Till),Clothing,Android,11392.55,87,107327.06,Completed
TXN0000412,2024-04-13 13:34:05,CUST00351,Nyokabi Waweru,Male,37,Bungoma,0701947389,M-Pesa,Send Money,N/A,Feature Phone,17825.9,55,122207.6,Completed
TXN0000060,2024-04-13 14:38:42,CUST00643,Kemboi Cheptoo,Female,62,Homa Bay,0768211558,M-Pesa,Send Money,N/A,Android,10038.67,55,168336.91,Completed
TXN0003612,2024-04-13 16:19:05,CUST00347,Wairimu Kamau,Female,62,Homa Bay,0701277575,M-Pesa,Pay Bill,Internet (ISP),Feature Phone,20583.56,108,234052.79,Completed
TXN0003508,2024-04-13 16:26:04,CUST00355,Anyango Gichuru,Male,33,Nairobi,0722566172,M-Pesa,Buy Goods (Till),Clothing,Android,13621.72,55,168442.42,Completed
TXN0002878,2024-04-13 16:56:59,CUST00346,Owino Musyoka,Female,52,Nairobi,0723432308,Airtel Money,Buy Goods (Till),Clothing,Android,4832.48,40,111052.18,Completed
TXN0000304,2024-04-13 19:00:30,CUST00731,Nafula Njuguna,Male,18,Nakuru,0111085866,M-Pesa,Withdraw Cash,N/A,Android,13879.89,87,108441.76,Completed
TXN0002409,2024-04-13 19:42:32,CUST00162,Kiptoo Waweru,Male,44,Uasin Gishu,0710323043,M-Pesa,Send Money,N/A,Feature Phone,5863.26,62,228217.25,Completed
TXN0004560,2024-04-13 22:15:37,CUST00591,Simiyu Omollo,Male,47,Machakos,0740478834,Airtel Money,Send Money,N/A,Android,33897.64,108,145999.35,Completed
TXN0002582,2024-04-14 00:55:33,CUST00457,Onyango Kiplagat,Male,67,Nairobi,0768186706,M-Pesa,Airtime Purchase,N/A,Android,307.77,0.0,121356.64,Completed
TXN0004512,2024-04-14 05:40:43,CUST00500,Wafula Musyoka,Female,58,Kericho,0723852094,M-Pesa,Pay Bill,Internet (ISP),Feature Phone,29525.99,108,142348.89,Completed
TXN0005031,2024-04-14 07:00:12,CUST00505,Barasa Odhiambo,Male,56,Nairobi,0740112845,M-Pesa,Send Money,N/A,Android,41676.76,105,177835.5,Completed
TXN0002492,2024-04-14 07:13:18,CUST00791,Ochieng Gichuru,Female,68,Nairobi,0722662883,M-Pesa,Withdraw Cash,N/A,Android,20633.9,100,237673.51,Completed
TXN0005302,2024-04-14 07:13:45,CUST00129,Akinyi Kimani,Female,19,Kisumu,0759294862,M-Pesa,Pay Bill,Loan Repayment,Android,133176.26,100,4663.54,Completed
TXN0004825,2024-04-14 07:50:52,CUST00500,Wafula Musyoka,Female,58,Kericho,0723852094,M-Pesa,Buy Goods (Till),Fuel Station,Feature Phone,3551.85,33,162096.38,Completed
TXN0004386,2024-04-14 08:08:42,CUST00766,Nafula Sang,Male,72,Nairobi,0111954218,M-Pesa,Send Money,N/A,iOS,17082.41,87,174132.82,Completed
TXN0001040,2024-04-14 08:12:34,CUST00077,Chebet Odhiambo,Female,32,Mombasa,0759366647,M-Pesa,Buy Goods (Till),Supermarket,Android,21388.82,108,97483.51,Completed
TXN0005260,2024-04-14 10:14:14,CUST00628,Anyango Onyango,Female,28,Mombasa,0768577870,M-Pesa,Pay Bill,Water Utility,Feature Phone,85472.47,0.0,176295.02,Failed
TXN0003902,2024-04-14 10:14:27,CUST00731,Nafula Njuguna,Male,18,Nakuru,0111085866,M-Pesa,Send Money,N/A,Android,9431.55,62,124162.93,Completed
TXN0000070,2024-04-14 10:53:52,CUST00692,Nyambura Omollo,Male,20,Kisumu,0790018927,M-Pesa,Buy Goods (Till),Pharmacy,Android,8436.72,62,228092.18,Completed
TXN0000566,2024-04-14 11:40:22,CUST00018,Njoroge Waweru,Female,62,Bomet,0759641207,M-Pesa,Withdraw Cash,N/A,Android,12151.61,55,193209.08,Completed
TXN0000559,2024-04-14 12:23:43,CUST00447,Akinyi Langat,Male,20,Machakos,0701608345,M-Pesa,Withdraw Cash,N/A,iOS,50565.71,105,87057.51,Completed
TXN0003965,2024-04-14 14:27:51,CUST00137,Nasike Amollo,Female,19,Nakuru,0723957760,M-Pesa,Buy Goods (Till),Supermarket,iOS,11160.3,55,201024.58,Completed
TXN0000139,2024-04-14 14:37:34,CUST00240,Njoroge Kamau,Male,38,Nairobi,0723013758,M-Pesa,Withdraw Cash,N/A,Android,49694.69,105,106473.56,Completed
TXN0000226,2024-04-14 14:49:59,CUST00161,Ochieng Mutiso,Female,62,Nakuru,0710215228,M-Pesa,Buy Goods (Till),Pharmacy,Android,10779.95,62,194938.73,Completed
TXN0004391,2024-04-14 15:04:08,CUST00295,Njeri Gichuru,Female,63,Kiambu,0740957154,M-Pesa,Send Money,N/A,Feature Phone,54181.92,108,86582.33,Completed
TXN0000730,2024-04-14 17:04:18,CUST00255,Owino Wekesa,Female,71,Turkana,0723231598,M-Pesa,Buy Goods (Till),Hardware,Android,8202.56,87,16041.48,Completed
TXN0003802,2024-04-14 17:39:35,CUST00168,Kipchoge Wabwire,Female,52,Trans Nzoia,0722580800,M-Pesa,Send Money,N/A,Android,6740.74,55,69566.14,Completed
TXN0000549,2024-04-14 18:03:28,CUST00632,Wambui Onyango,Male,45,Nyeri,0740493706,M-Pesa,Send Money,N/A,Android,10873.42,87,244668.12,Completed
TXN0004781,2024-04-14 18:59:26,CUST00373,Chelagat Waweru,Female,38,Meru,0723143136,M-Pesa,Deposit Cash,N/A,Android,82220.45,0.0,189916.59,Completed
TXN0002095,2024-04-14 20:52:20,CUST00051,Wafula Barasa,Male,32,Nakuru,0790052956,M-Pesa,Deposit Cash,N/A,Feature Phone,76876.33,0.0,125844.95,Completed
TXN0000638,2024-04-14 21:03:31,CUST00004,Rotich Wanjala,Female,41,Uasin Gishu,0723022021,M-Pesa,Airtime Purchase,N/A,Android,203.47,0.0,189611.97,Completed
TXN0000834,2024-04-14 21:56:47,CUST00172,Wambui Cheptoo,Male,59,Kilifi,0723434670,Airtel Money,Send Money,N/A,Android,26319.54,105,213120.4,Completed
TXN0002317,2024-04-14 22:03:48,CUST00153,Nyambura Mutiso,Male,72,Kisumu,0723674840,M-Pesa,Send Money,N/A,Android,19131.41,87,186169.96,Completed
TXN0004704,2024-04-14 22:07:44,CUST00275,Kipchoge Ochieng,Female,43,Nakuru,0701238767,M-Pesa,Withdraw Cash,N/A,Android,41107.69,108,93902.08,Completed
TXN0001463,2024-04-15 07:29:16,CUST00203,Otieno Ochieng,Female,72,Nairobi,0701092616,M-Pesa,Withdraw Cash,N/A,iOS,60799.59,105,127465.38,Completed
TXN0000434,2024-04-15 07:52:42,CUST00608,Onyango Otieno,Male,41,Kisumu,0710393914,M-Pesa,Airtime Purchase,N/A,Android,372.45,0.0,118072.06,Completed
TXN0000210,2024-04-15 10:19:01,CUST00208,Owino Waweru,Female,38,Bungoma,0740205667,M-Pesa,Buy Goods (Till),Clothing,Feature Phone,2124.18,40,126854.13,Completed
TXN0005965,2024-04-15 12:48:59,CUST00662,Auma Njuguna,Female,49,Meru,0759996566,M-Pesa,Withdraw Cash,N/A,Android,43576.42,108,121641.37,Completed
TXN0002013,2024-04-15 14:41:44,CUST00654,Auma Njoroge,Male,65,Kakamega,0111756919,M-Pesa,Reversal,N/A,Feature Phone,11724.85,0.0,14748.62,Completed
TXN0000482,2024-04-15 14:52:25,CUST00288,Nafula Ruto,Female,61,Nairobi,0710563134,M-Pesa,Withdraw Cash,N/A,Android,35805.98,105,6103.22,Completed
TXN0004531,2024-04-15 15:27:45,CUST00413,Kibet Chepkwony,Male,59,Nairobi,0790544659,M-Pesa,Send Money,N/A,Android,51248.08,100,243962.4,Completed
TXN0000298,2024-04-15 16:10:54,CUST00128,Nyambura Odhiambo,Male,57,Nyeri,0111858006,M-Pesa,Pay Bill,DSTV/GOTV,Android,63668.68,108,85344.3,Completed
TXN0002489,2024-04-15 16:12:07,CUST00237,Kipchoge Wanjala,Male,38,Homa Bay,0740614303,M-Pesa,Withdraw Cash,N/A,Android,42659.65,108,1825.34,Completed
TXN0001761,2024-04-15 18:00:48,CUST00297,Achieng Odhiambo,Male,38,Nakuru,0723352983,Airtel Money,Buy Goods (Till),Electronics,Android,3166.37,45,60970.22,Completed
TXN0004981,2024-04-15 18:48:05,CUST00224,Cheruiyot Langat,Female,56,Nairobi,0111179302,Airtel Money,Send Money,N/A,Android,40123.95,105,3645.22,Completed
TXN0001758,2024-04-15 21:09:33,CUST00019,Mumbi Musyoka,Male,50,Homa Bay,0759190156,M-Pesa,Buy Goods (Till),Pharmacy,Android,12532.35,62,119351.76,Completed
TXN0001161,2024-04-15 21:32:49,CUST00370,Rotich Sang,Male,58,Nakuru,0790535361,M-Pesa,Airtime Purchase,N/A,iOS,619.41,0.0,247782.05,Completed
TXN0000974,2024-04-16 06:08:15,CUST00632,Wambui Onyango,Male,45,Nyeri,0740493706,M-Pesa,Send Money,N/A,Android,16706.45,55,174253.64,Completed
TXN0000630,2024-04-16 06:27:37,CUST00461,Kariuki Owuor,Female,51,Kajiado,0701765267,T-Kash,Send Money,N/A,Feature Phone,1295.92,33,200597.79,Completed
TXN0000050,2024-04-16 08:27:10,CUST00285,Kariuki Kamau,Male,51,Nyeri,0759984591,M-Pesa,Pay Bill,Water Utility,Feature Phone,64273.16,100,29637.77,Completed
TXN0005837,2024-04-16 08:35:18,CUST00791,Ochieng Gichuru,Female,68,Nairobi,0722662883,M-Pesa,Pay Bill,DSTV/GOTV,Android,66673.4,105,60837.3,Completed
TXN0004297,2024-04-16 08:39:25,CUST00493,Onyango Njoroge,Female,36,Kakamega,0701558507,Equitel,Buy Goods (Till),Electronics,Feature Phone,8022.85,55,127638.42,Completed
TXN0000988,2024-04-16 09:36:04,CUST00257,Waweru Karanja,Female,42,Kericho,0701246831,M-Pesa,Send Money,N/A,Android,15755.26,62,170602.1,Completed
TXN0003655,2024-04-16 10:00:58,CUST00128,Nyambura Odhiambo,Male,57,Nyeri,0111858006,M-Pesa,Withdraw Cash,N/A,Android,41278.19,108,10366.42,Completed
TXN0005072,2024-04-16 10:54:17,CUST00360,Kibet Waweru,Female,59,Kiambu,0723508182,M-Pesa,Airtime Purchase,N/A,Android,894.74,0.0,232764.4,Completed
TXN0002236,2024-04-16 11:23:38,CUST00610,Njeri Amollo,Female,43,Machakos,0740598457,M-Pesa,Withdraw Cash,N/A,Feature Phone,44243.04,100,14119.92,Completed
TXN0003460,2024-04-16 11:42:11,CUST00471,Kemboi Ruto,Male,43,Nairobi,0768332398,M-Pesa,Pay Bill,Electricity (KPLC),Feature Phone,45303.91,108,229653.53,Completed
TXN0003136,2024-04-16 12:10:36,CUST00078,Achieng Barasa,Male,49,Nairobi,0740814679,M-Pesa,Pay Bill,Water Utility,Feature Phone,52201.87,108,210195.06,Completed
TXN0004380,2024-04-16 12:33:47,CUST00385,Achieng Waweru,Male,66,Bomet,0790926221,T-Kash,Send Money,N/A,Android,27072.33,100,245981.56,Completed
TXN0001464,2024-04-16 12:51:27,CUST00517,Otieno Kamau,Male,53,Kakamega,0740991714,M-Pesa,Send Money,N/A,Android,13157.14,0.0,102554.61,Failed
TXN0001907,2024-04-16 13:48:28,CUST00294,Wanjiku Mutiso,Female,47,Meru,0710095768,M-Pesa,Deposit Cash,N/A,Feature Phone,18356.0,0.0,74962.97,Completed
TXN0001615,2024-04-16 18:35:58,CUST00059,Mumbi Waweru,Male,58,Kajiado,0723443114,M-Pesa,Send Money,N/A,Android,22902.37,105,240008.75,Completed
TXN0000479,2024-04-16 18:47:54,CUST00015,Kemboi Waweru,Male,40,Mombasa,0701806607,Airtel Money,Send Money,N/A,Android,36149.7,108,173729.64,Completed
TXN0004168,2024-04-16 19:04:18,CUST00404,Mwangi Ruto,Male,68,Nairobi,0740940451,Airtel Money,Buy Goods (Till),Pharmacy,Feature Phone,15063.6,62,208131.25,Completed
TXN0005827,2024-04-16 20:27:49,CUST00609,Auma Cheptoo,Male,31,Kiambu,0701153274,M-Pesa,Withdraw Cash,N/A,iOS,15645.46,62,85690.48,Completed
TXN0003577,2024-04-16 20:39:00,CUST00108,Nyambura Amollo,Female,30,Bungoma,0710804397,M-Pesa,Reversal,N/A,Android,17043.36,0.0,222272.07,Reversed
TXN0004523,2024-04-16 21:20:52,CUST00059,Mumbi Waweru,Male,58,Kajiado,0723443114,M-Pesa,Pay Bill,Water Utility,Android,77357.7,0.0,173263.66,Reversed
TXN0000220,2024-04-16 21:52:24,CUST00337,Cherono Kiplagat,Female,29,Uasin Gishu,0740878581,Airtel Money,Buy Goods (Till),Clothing,Feature Phone,10734.97,87,62255.5,Completed
TXN0000294,2024-04-17 06:32:13,CUST00662,Auma Njuguna,Female,49,Meru,0759996566,M-Pesa,Buy Goods (Till),Restaurant,Android,12332.24,55,56576.27,Completed
TXN0003930,2024-04-17 07:15:01,CUST00587,Mumbi Gichuru,Male,71,Nairobi,0710624742,Airtel Money,Send Money,N/A,Android,27870.72,0.0,138618.06,Failed
TXN0002577,2024-04-17 07:24:31,CUST00799,Owino Njoroge,Female,39,Mombasa,0722200478,M-Pesa,Send Money,N/A,Android,11252.15,87,111829.12,Completed
TXN0000926,2024-04-17 10:17:29,CUST00235,Kibet Kiprono,Female,28,Nyeri,0768796196,Airtel Money,Buy Goods (Till),Hardware,Feature Phone,25115.84,105,242492.32,Completed
TXN0004574,2024-04-17 10:35:41,CUST00729,Wanjiku Kiprono,Female,47,Migori,0701819450,M-Pesa,Withdraw Cash,N/A,Feature Phone,40451.4,100,189116.88,Completed
TXN0000169,2024-04-17 12:27:52,CUST00384,Mutua Odhiambo,Male,19,Nakuru,0701184613,M-Pesa,Pay Bill,Rent,Android,27529.11,108,194577.24,Completed
TXN0000541,2024-04-17 14:40:53,CUST00261,Kemboi Karanja,Male,53,Nairobi,0723477599,Airtel Money,Airtime Purchase,N/A,Android,641.86,0.0,145895.9,Reversed
TXN0001333,2024-04-17 15:38:19,CUST00510,Nasike Odhiambo,Female,33,Bomet,0710378096,Airtel Money,Send Money,N/A,Android,18054.02,87,71056.66,Completed
TXN0004224,2024-04-17 16:08:55,CUST00330,Simiyu Kiplagat,Female,42,Uasin Gishu,0740794450,M-Pesa,Pay Bill,Insurance,Android,33051.03,100,142913.15,Completed
TXN0000119,2024-04-17 18:17:02,CUST00123,Kiprop Gichuru,Female,61,Bomet,0111675221,M-Pesa,Send Money,N/A,Feature Phone,31148.07,100,214472.58,Completed
TXN0000057,2024-04-17 18:30:48,CUST00081,Nyokabi Omollo,Male,26,Bungoma,0740072283,M-Pesa,Withdraw Cash,N/A,Feature Phone,13132.56,55,126765.04,Completed
TXN0004078,2024-04-17 18:52:09,CUST00285,Kariuki Kamau,Male,51,Nyeri,0759984591,M-Pesa,Send Money,N/A,Feature Phone,59132.28,105,244459.19,Completed
TXN0002361,2024-04-17 20:56:26,CUST00061,Wafula Owuor,Male,41,Machakos,0701672594,M-Pesa,Pay Bill,Electricity (KPLC),Android,14059.16,55,142743.84,Completed
TXN0004852,2024-04-17 21:03:48,CUST00140,Kemboi Musyoka,Female,51,Nakuru,0710455686,Airtel Money,Withdraw Cash,N/A,Android,39850.41,0.0,71222.92,Failed
TXN0001831,2024-04-17 21:07:32,CUST00102,Muthoni Wabwire,Female,36,Nakuru,0111606335,M-Pesa,Buy Goods (Till),Fuel Station,Android,7824.51,87,126641.86,Completed
TXN0005213,2024-04-17 22:13:11,CUST00723,Simiyu Amollo,Male,53,Nairobi,0723213034,M-Pesa,Send Money,N/A,Android,62580.65,108,171859.78,Completed
TXN0001842,2024-04-17 22:56:00,CUST00627,Atieno Wekesa,Female,64,Nairobi,0768122462,Airtel Money,Withdraw Cash,N/A,Android,13165.38,0.0,194214.77,Reversed
TXN0002701,2024-04-17 23:26:45,CUST00076,Nafula Makau,Male,61,Trans Nzoia,0759370546,M-Pesa,Buy Goods (Till),Hardware,Android,11953.99,55,248175.12,Completed
TXN0000890,2024-04-18 00:21:40,CUST00243,Wafula Ochieng,Female,19,Nairobi,0790941748,M-Pesa,Pay Bill,Electricity (KPLC),Android,42410.89,100,50498.8,Completed
TXN0002770,2024-04-18 03:19:30,CUST00572,Nafula Onyango,Female,40,Kericho,0740550753,M-Pesa,Buy Goods (Till),Supermarket,Android,14268.41,55,63559.79,Completed
TXN0003600,2024-04-18 06:02:30,CUST00551,Kiprop Mutiso,Male,38,Nakuru,0710430915,Equitel,Pay Bill,Loan Repayment,iOS,35749.95,100,241753.82,Completed
TXN0000127,2024-04-18 08:07:38,CUST00766,Nafula Sang,Male,72,Nairobi,0111954218,M-Pesa,Withdraw Cash,N/A,iOS,9920.2,87,71769.14,Completed
TXN0001513,2024-04-18 08:09:02,CUST00187,Owino Kamau,Male,48,Nairobi,0768908733,Airtel Money,Send Money,N/A,Android,42258.95,100,164127.88,Completed
TXN0003338,2024-04-18 09:51:33,CUST00210,Muthoni Wabwire,Male,38,Nairobi,0768367970,M-Pesa,Send Money,N/A,Android,23916.66,108,11905.12,Completed
TXN0005149,2024-04-18 12:16:48,CUST00548,Muthoni Wekesa,Male,64,Kiambu,0701748138,M-Pesa,Pay Bill,Insurance,Android,97448.87,105,81423.08,Completed
TXN0005243,2024-04-18 12:48:27,CUST00116,Njoroge Njoroge,Male,20,Bungoma,0722333840,M-Pesa,Withdraw Cash,N/A,Android,23601.02,108,4936.84,Completed
TXN0001589,2024-04-18 13:03:43,CUST00796,Wangari Musyoka,Male,22,Bungoma,0722304798,M-Pesa,Deposit Cash,N/A,Android,34314.4,0.0,154924.13,Completed
TXN0005911,2024-04-18 13:05:09,CUST00338,Wanjiku Wekesa,Female,44,Kisumu,0759534280,M-Pesa,Airtime Purchase,N/A,Android,712.63,0.0,239600.88,Completed
TXN0002077,2024-04-18 14:31:32,CUST00226,Nafula Kimani,Female,59,Nairobi,0790909168,M-Pesa,Deposit Cash,N/A,Feature Phone,40201.98,0.0,121962.94,Completed
TXN0001577,2024-04-18 14:38:52,CUST00299,Nafula Waweru,Male,71,Nairobi,0759887480,M-Pesa,Pay Bill,Rent,Android,27020.59,100,63451.3,Completed
TXN0001062,2024-04-18 17:46:32,CUST00167,Kariuki Chepkwony,Male,59,Migori,0111289641,Airtel Money,Airtime Purchase,N/A,Android,852.87,0.0,221369.7,Completed
TXN0003487,2024-04-18 18:45:40,CUST00582,Njeri Wabwire,Female,33,Nairobi,0111360485,M-Pesa,Pay Bill,Electricity (KPLC),Android,50140.75,100,240661.31,Completed
TXN0001054,2024-04-18 20:52:23,CUST00395,Nyambura Odhiambo,Male,36,Machakos,0759145902,M-Pesa,Pay Bill,Water Utility,Android,85757.25,108,137856.45,Completed
TXN0004049,2024-04-18 21:04:57,CUST00798,Nafula Odhiambo,Female,65,Nairobi,0701076441,M-Pesa,Buy Goods (Till),Pharmacy,Feature Phone,8024.91,55,176539.32,Completed
TXN0003486,2024-04-19 08:13:31,CUST00564,Cheruiyot Kamau,Male,54,Machakos,0790515165,M-Pesa,Buy Goods (Till),Hardware,Android,9419.93,55,189872.07,Completed
TXN0003878,2024-04-19 08:23:56,CUST00750,Ochieng Njoroge,Male,24,Uasin Gishu,0723566481,M-Pesa,Send Money,N/A,Android,14133.85,55,33535.77,Completed
TXN0003849,2024-04-19 11:15:08,CUST00140,Kemboi Musyoka,Female,51,Nakuru,0710455686,Airtel Money,Buy Goods (Till),Electronics,Android,20375.43,100,43566.22,Completed
TXN0005450,2024-04-19 12:23:50,CUST00119,Jelagat Otieno,Female,64,Garissa,0111646706,M-Pesa,Send Money,N/A,Android,6969.25,62,46228.42,Completed
TXN0001815,2024-04-19 13:19:19,CUST00519,Njoroge Makau,Female,49,Nakuru,0768869264,M-Pesa,Buy Goods (Till),Electronics,Android,12286.05,62,3551.51,Completed
TXN0003391,2024-04-19 13:51:22,CUST00134,Nabwire Chepkwony,Male,30,Nakuru,0790057296,M-Pesa,Withdraw Cash,N/A,iOS,23947.33,108,112318.65,Completed
TXN0001042,2024-04-19 14:13:30,CUST00726,Adhiambo Otieno,Female,31,Kericho,0768260042,M-Pesa,Send Money,N/A,Feature Phone,44247.38,0.0,56198.86,Reversed
TXN0002695,2024-04-19 15:10:00,CUST00097,Chelagat Ruto,Male,40,Nyeri,0710211676,M-Pesa,Send Money,N/A,Feature Phone,13225.23,62,5329.58,Completed
TXN0004793,2024-04-19 15:38:10,CUST00393,Ndungu Karanja,Male,49,Nairobi,0701446082,M-Pesa,Withdraw Cash,N/A,Feature Phone,25566.17,100,115097.45,Completed
TXN0002349,2024-04-19 16:31:23,CUST00053,Omondi Kiprono,Male,69,Uasin Gishu,0790025456,M-Pesa,Airtime Purchase,N/A,Android,1075.5,0.0,76011.15,Completed
TXN0003826,2024-04-19 20:31:32,CUST00061,Wafula Owuor,Male,41,Machakos,0701672594,M-Pesa,Pay Bill,Insurance,Android,82217.78,100,235336.21,Completed
TXN0000962,2024-04-19 22:07:25,CUST00187,Owino Kamau,Male,48,Nairobi,0768908733,Airtel Money,Send Money,N/A,Android,5770.96,62,175502.76,Completed
TXN0005341,2024-04-19 22:52:11,CUST00392,Kagwe Sang,Female,46,Kiambu,0710112624,Airtel Money,Buy Goods (Till),Restaurant,Android,161.05,8,190476.68,Completed
TXN0005245,2024-04-19 23:53:17,CUST00750,Ochieng Njoroge,Male,24,Uasin Gishu,0723566481,M-Pesa,Deposit Cash,N/A,Android,33832.1,0.0,249798.11,Completed
TXN0000861,2024-04-20 06:13:41,CUST00035,Simiyu Owuor,Male,47,Nairobi,0740911455,M-Pesa,Pay Bill,Rent,Feature Phone,66296.89,100,170498.73,Completed
TXN0003899,2024-04-20 07:25:58,CUST00064,Chelagat Gichuru,Female,72,Nakuru,0759207856,Airtel Money,Buy Goods (Till),Clothing,Android,3026.81,40,82440.68,Completed
TXN0002648,2024-04-20 07:35:24,CUST00644,Atieno Amollo,Male,61,Trans Nzoia,0701141622,M-Pesa,Reversal,N/A,Android,10764.71,0.0,86669.86,Completed
TXN0003290,2024-04-20 09:00:54,CUST00018,Njoroge Waweru,Female,62,Bomet,0759641207,M-Pesa,Buy Goods (Till),Hardware,Android,15133.14,62,149961.35,Completed
TXN0003420,2024-04-20 09:30:33,CUST00704,Chelagat Kimani,Male,27,Kiambu,0768479814,M-Pesa,Send Money,N/A,Android,11831.19,62,227147.87,Completed
TXN0004836,2024-04-20 09:55:04,CUST00498,Nyokabi Wekesa,Male,19,Kisumu,0722485926,M-Pesa,Send Money,N/A,iOS,4695.39,45,84839.87,Completed
TXN0002637,2024-04-20 12:00:28,CUST00518,Muthoni Wekesa,Male,54,Nairobi,0759494617,M-Pesa,Send Money,N/A,Feature Phone,38749.85,100,19661.81,Completed
TXN0001594,2024-04-20 14:52:25,CUST00232,Mumbi Mutiso,Male,69,Kilifi,0111907955,M-Pesa,Deposit Cash,N/A,iOS,60531.04,0.0,202134.02,Completed
TXN0002481,2024-04-20 19:29:24,CUST00731,Nafula Njuguna,Male,18,Nakuru,0111085866,M-Pesa,Buy Goods (Till),Supermarket,Android,7545.78,55,124828.43,Completed
TXN0004643,2024-04-20 19:49:40,CUST00005,Nyambura Ruto,Female,40,Nairobi,0790760652,M-Pesa,Pay Bill,Water Utility,Android,10349.93,62,103147.67,Completed
TXN0001009,2024-04-20 20:44:08,CUST00079,Gitau Kimani,Male,24,Kajiado,0768926242,M-Pesa,Send Money,N/A,iOS,54793.42,108,246181.37,Completed
TXN0001773,2024-04-21 00:07:42,CUST00330,Simiyu Kiplagat,Female,42,Uasin Gishu,0740794450,M-Pesa,Send Money,N/A,Android,14994.41,55,10961.19,Completed
TXN0004259,2024-04-21 07:07:16,CUST00484,Mumbi Karanja,Male,30,Nairobi,0111017253,Airtel Money,Pay Bill,Electricity (KPLC),Feature Phone,12568.58,55,4104.04,Completed
TXN0003957,2024-04-21 09:37:40,CUST00256,Wambui Waweru,Female,50,Nairobi,0722411826,T-Kash,Withdraw Cash,N/A,Feature Phone,26424.42,105,114986.76,Completed
TXN0002355,2024-04-21 09:40:33,CUST00272,Simiyu Wabwire,Male,48,Kiambu,0722001549,M-Pesa,Withdraw Cash,N/A,Android,58141.51,108,68153.75,Completed
TXN0003832,2024-04-21 09:41:10,CUST00618,Nyokabi Amollo,Male,30,Meru,0723287811,M-Pesa,Deposit Cash,N/A,Android,25511.21,0.0,126897.19,Completed
TXN0000384,2024-04-21 09:45:42,CUST00466,Nyambura Omollo,Male,25,Nairobi,0111543276,Equitel,Buy Goods (Till),Pharmacy,Android,21197.42,105,55959.96,Completed
TXN0005968,2024-04-21 10:32:19,CUST00376,Kiptoo Musyoka,Female,57,Nyeri,0710663952,M-Pesa,Buy Goods (Till),Hardware,Android,27009.56,105,196532.57,Completed
TXN0004879,2024-04-21 10:34:10,CUST00448,Akinyi Ruto,Male,66,Trans Nzoia,0759276217,M-Pesa,Withdraw Cash,N/A,iOS,10290.77,55,185111.63,Completed
TXN0002666,2024-04-21 10:45:14,CUST00414,Waweru Njuguna,Female,68,Kiambu,0740167781,M-Pesa,Send Money,N/A,Android,11068.73,55,56113.69,Completed
TXN0004189,2024-04-21 12:13:19,CUST00431,Onyango Sang,Female,61,Kilifi,0740569300,M-Pesa,Send Money,N/A,Android,6885.71,87,211076.6,Completed
TXN0005669,2024-04-21 12:15:10,CUST00509,Waweru Njoroge,Male,27,Nairobi,0740942543,T-Kash,Pay Bill,Loan Repayment,Android,81440.63,100,30625.08,Completed
TXN0000571,2024-04-21 12:55:16,CUST00166,Kibet Waweru,Female,20,Uasin Gishu,0740705572,M-Pesa,Pay Bill,Water Utility,Android,81503.3,0.0,33976.06,Reversed
TXN0003633,2024-04-21 15:51:47,CUST00338,Wanjiku Wekesa,Female,44,Kisumu,0759534280,M-Pesa,Deposit Cash,N/A,Android,112551.25,0.0,90939.19,Completed
TXN0003770,2024-04-21 17:41:29,CUST00411,Nafula Kimani,Female,63,Kilifi,0701228693,M-Pesa,Pay Bill,Internet (ISP),Android,25996.79,105,71545.45,Completed
TXN0003675,2024-04-21 18:42:30,CUST00355,Anyango Gichuru,Male,33,Nairobi,0722566172,M-Pesa,Pay Bill,Insurance,Android,59067.4,108,230021.45,Completed
TXN0000172,2024-04-21 18:46:56,CUST00326,Cheruiyot Wanjala,Female,21,Migori,0710642682,M-Pesa,Send Money,N/A,Android,13187.3,55,15930.61,Completed
TXN0004795,2024-04-21 19:36:56,CUST00424,Wairimu Sang,Female,18,Mombasa,0759953392,M-Pesa,Buy Goods (Till),Fuel Station,Android,10604.41,0.0,165586.24,Reversed
TXN0002599,2024-04-21 20:12:15,CUST00010,Moraa Wabwire,Male,24,Garissa,0790851319,Airtel Money,Pay Bill,Insurance,Feature Phone,44618.93,105,103799.92,Completed
TXN0004376,2024-04-21 20:17:09,CUST00277,Nasike Wabwire,Male,49,Nairobi,0768406085,M-Pesa,Pay Bill,Rent,Feature Phone,35536.21,105,161393.56,Completed
TXN0003591,2024-04-21 20:39:30,CUST00457,Onyango Kiplagat,Male,67,Nairobi,0768186706,M-Pesa,Send Money,N/A,Android,21250.63,108,227818.0,Completed
TXN0003784,2024-04-21 22:54:09,CUST00418,Muthoni Karanja,Male,53,Bomet,0722783882,M-Pesa,Send Money,N/A,Android,23968.67,105,165156.88,Completed
TXN0000820,2024-04-22 03:50:57,CUST00571,Wairimu Waweru,Male,53,Mombasa,0722896610,Airtel Money,Pay Bill,SACCO,Android,84070.63,108,152240.32,Completed
TXN0000674,2024-04-22 06:21:17,CUST00475,Mwangi Kimani,Female,60,Turkana,0768196074,Equitel,Send Money,N/A,Android,39829.85,108,114686.9,Completed
TXN0001280,2024-04-22 08:06:41,CUST00261,Kemboi Karanja,Male,53,Nairobi,0723477599,Airtel Money,Send Money,N/A,Android,27078.54,100,90179.14,Completed
TXN0004527,2024-04-22 09:37:57,CUST00046,Kagwe Owuor,Male,59,Kiambu,0759748532,T-Kash,Send Money,N/A,Android,48178.93,108,220283.78,Completed
TXN0004063,2024-04-22 10:06:34,CUST00124,Muthoni Owuor,Male,32,Nairobi,0740724354,Equitel,Pay Bill,Rent,Android,25965.3,108,26704.58,Completed
TXN0002059,2024-04-22 11:30:12,CUST00667,Ochieng Makau,Male,37,Machakos,0701035220,M-Pesa,Pay Bill,Internet (ISP),Android,48925.72,105,82874.41,Completed
TXN0001354,2024-04-22 12:42:06,CUST00451,Chelagat Ochieng,Male,38,Nairobi,0740783244,Airtel Money,Withdraw Cash,N/A,Android,14471.28,62,75893.5,Completed
TXN0003298,2024-04-22 13:02:20,CUST00051,Wafula Barasa,Male,32,Nakuru,0790052956,M-Pesa,Send Money,N/A,Feature Phone,15357.58,87,60164.91,Completed
TXN0004979,2024-04-22 13:08:26,CUST00691,Wanjiku Wekesa,Male,54,Nairobi,0722874753,M-Pesa,Pay Bill,Insurance,Feature Phone,91807.79,105,80336.42,Completed
TXN0002961,2024-04-22 14:59:16,CUST00170,Otieno Owuor,Male,64,Kiambu,0790086891,M-Pesa,Pay Bill,School Fees,Android,102682.15,100,9858.37,Completed
TXN0001336,2024-04-22 15:08:34,CUST00547,Onyango Amollo,Female,66,Nairobi,0723768155,M-Pesa,Send Money,N/A,Android,19224.56,87,6988.59,Completed
TXN0001658,2024-04-22 15:31:02,CUST00796,Wangari Musyoka,Male,22,Bungoma,0722304798,M-Pesa,Buy Goods (Till),Clothing,Android,7452.0,87,96264.69,Completed
TXN0004208,2024-04-22 16:34:47,CUST00175,Nafula Karanja,Female,52,Kiambu,0710760730,M-Pesa,Buy Goods (Till),Supermarket,Android,12874.94,55,54644.24,Completed
TXN0001405,2024-04-22 16:38:55,CUST00599,Barasa Chepkwony,Female,23,Nairobi,0723252053,M-Pesa,Buy Goods (Till),Fuel Station,Android,5061.52,55,25315.5,Completed
TXN0000027,2024-04-22 23:07:45,CUST00668,Kipchoge Ruto,Female,69,Kilifi,0759584526,M-Pesa,Buy Goods (Till),Fuel Station,Android,23370.94,100,92075.48,Completed
TXN0002102,2024-04-23 07:31:34,CUST00221,Ochieng Waweru,Male,62,Turkana,0701900180,M-Pesa,Buy Goods (Till),Hardware,Android,18432.99,55,224730.5,Completed
TXN0004946,2024-04-23 08:21:53,CUST00162,Kiptoo Waweru,Male,44,Uasin Gishu,0710323043,M-Pesa,Pay Bill,School Fees,Feature Phone,104957.35,108,161641.12,Completed
TXN0005625,2024-04-23 09:27:34,CUST00434,Rotich Kiplagat,Male,35,Kilifi,0111272039,M-Pesa,Buy Goods (Till),Supermarket,Feature Phone,13867.88,87,47313.72,Completed
TXN0004668,2024-04-23 09:40:40,CUST00675,Wambui Owuor,Female,70,Turkana,0701880042,M-Pesa,Deposit Cash,N/A,Android,8668.56,0.0,110573.14,Completed
TXN0005929,2024-04-23 12:10:49,CUST00751,Cherono Waweru,Male,25,Nairobi,0710652007,M-Pesa,Deposit Cash,N/A,Android,48937.65,0.0,21325.54,Completed
TXN0003516,2024-04-23 12:50:54,CUST00535,Mwangi Makau,Male,60,Mombasa,0710804737,M-Pesa,Buy Goods (Till),Restaurant,Android,23883.84,0.0,31520.74,Failed
TXN0005207,2024-04-23 16:46:49,CUST00502,Waweru Odhiambo,Female,52,Kiambu,0768464710,M-Pesa,Withdraw Cash,N/A,Feature Phone,51104.09,100,146925.0,Completed
TXN0003854,2024-04-23 20:52:36,CUST00640,Wangari Ruto,Female,60,Nakuru,0722988084,Airtel Money,Pay Bill,SACCO,iOS,80757.69,105,164202.84,Completed
TXN0005665,2024-04-23 21:41:26,CUST00560,Mwangi Wanjala,Female,72,Nakuru,0723325133,M-Pesa,Buy Goods (Till),Hardware,Android,21153.68,108,215924.34,Completed
TXN0005571,2024-04-23 22:06:00,CUST00578,Mwangi Cheptoo,Female,35,Uasin Gishu,0701117661,M-Pesa,Pay Bill,Water Utility,Feature Phone,53645.32,100,92286.82,Completed
TXN0003749,2024-04-24 05:21:14,CUST00573,Kagwe Chepkwony,Male,35,Garissa,0740693632,M-Pesa,Pay Bill,Electricity (KPLC),Android,28470.04,105,68150.42,Completed
TXN0005765,2024-04-24 06:33:57,CUST00285,Kariuki Kamau,Male,51,Nyeri,0759984591,M-Pesa,Withdraw Cash,N/A,Feature Phone,65457.57,100,189032.13,Completed
TXN0001918,2024-04-24 09:05:40,CUST00630,Wafula Kamau,Male,18,Kericho,0111499934,M-Pesa,Send Money,N/A,Android,10498.69,62,30074.41,Completed
TXN0004514,2024-04-24 09:32:09,CUST00500,Wafula Musyoka,Female,58,Kericho,0723852094,M-Pesa,Buy Goods (Till),Electronics,Feature Phone,10413.72,87,20866.26,Completed
TXN0001486,2024-04-24 10:25:23,CUST00422,Gitau Wabwire,Female,52,Uasin Gishu,0722957146,M-Pesa,Buy Goods (Till),Restaurant,Feature Phone,23883.77,105,4349.21,Completed
TXN0001353,2024-04-24 12:37:21,CUST00186,Maina Mutiso,Female,68,Mombasa,0722027562,M-Pesa,Send Money,N/A,Android,2421.52,45,161879.07,Completed
TXN0000128,2024-04-24 12:58:07,CUST00144,Rotich Omollo,Male,21,Nairobi,0111717059,M-Pesa,Pay Bill,School Fees,iOS,44169.43,100,44278.02,Completed
TXN0002129,2024-04-24 15:29:38,CUST00085,Cherono Wanjala,Male,58,Uasin Gishu,0111352547,M-Pesa,Send Money,N/A,Android,5951.94,62,35203.07,Completed
TXN0003934,2024-04-24 16:28:42,CUST00597,Nyambura Owuor,Male,42,Kilifi,0759351754,T-Kash,Pay Bill,Insurance,Android,26063.91,108,3600.12,Completed
TXN0004008,2024-04-24 16:49:39,CUST00730,Rotich Kiplagat,Male,58,Bomet,0723071676,M-Pesa,Send Money,N/A,Android,37725.6,100,221850.28,Completed
TXN0000705,2024-04-24 18:34:42,CUST00286,Chebet Onyango,Male,60,Machakos,0111539972,T-Kash,Buy Goods (Till),Clothing,iOS,12656.61,55,49067.41,Completed
TXN0003313,2024-04-24 19:46:37,CUST00139,Jelagat Mutiso,Male,44,Nairobi,0740479870,M-Pesa,Withdraw Cash,N/A,Android,26435.47,108,23176.26,Completed
TXN0002060,2024-04-24 20:12:05,CUST00452,Kipchoge Onyango,Female,41,Nairobi,0740692160,M-Pesa,Withdraw Cash,N/A,Feature Phone,44032.32,108,29567.43,Completed
TXN0000736,2024-04-24 20:43:22,CUST00192,Akinyi Njuguna,Female,23,Kakamega,0111131654,M-Pesa,Buy Goods (Till),Clothing,Android,5731.33,87,170795.85,Completed
TXN0003065,2024-04-24 20:59:05,CUST00432,Nafula Kiplagat,Male,40,Nairobi,0790206058,M-Pesa,Pay Bill,Electricity (KPLC),Android,41640.61,108,156958.4,Completed
TXN0000015,2024-04-24 21:17:17,CUST00288,Nafula Ruto,Female,61,Nairobi,0710563134,M-Pesa,Withdraw Cash,N/A,Android,55719.6,100,192834.8,Completed
TXN0002685,2024-04-24 22:06:05,CUST00425,Kagwe Gichuru,Female,54,Nairobi,0701556270,M-Pesa,Send Money,N/A,Android,37404.95,105,113308.84,Completed
TXN0001553,2024-04-25 03:38:38,CUST00499,Nabwire Onyango,Female,38,Uasin Gishu,0701163573,M-Pesa,Buy Goods (Till),Electronics,Android,25966.06,100,222166.82,Completed
TXN0001053,2024-04-25 06:21:23,CUST00121,Muthoni Kiplagat,Female,66,Nairobi,0710536217,M-Pesa,Buy Goods (Till),Clothing,Android,9630.81,87,34492.44,Completed
TXN0002597,2024-04-25 06:38:47,CUST00049,Mutua Onyango,Female,62,Nairobi,0111454737,M-Pesa,Withdraw Cash,N/A,Android,13277.29,87,4690.71,Completed
TXN0005760,2024-04-25 07:15:34,CUST00689,Njeri Musyoka,Female,44,Kisumu,0759712929,M-Pesa,Send Money,N/A,iOS,19029.71,62,150477.61,Completed
TXN0001798,2024-04-25 07:31:03,CUST00194,Wafula Amollo,Male,42,Bomet,0759644741,M-Pesa,Send Money,N/A,Feature Phone,41025.48,105,34575.03,Completed
TXN0001655,2024-04-25 07:37:52,CUST00567,Wairimu Wekesa,Male,36,Nairobi,0790719609,M-Pesa,Airtime Purchase,N/A,Feature Phone,1422.24,0.0,91935.75,Completed
TXN0003555,2024-04-25 09:36:36,CUST00135,Muthoni Gichuru,Female,39,Uasin Gishu,0111715501,M-Pesa,Buy Goods (Till),Restaurant,Android,13626.48,87,194246.63,Completed
TXN0002802,2024-04-25 10:00:04,CUST00602,Maina Langat,Male,65,Kisumu,0790028744,M-Pesa,Send Money,N/A,Android,28300.62,108,163368.32,Completed
TXN0005494,2024-04-25 12:40:34,CUST00694,Owino Omollo,Male,64,Bomet,0710206895,M-Pesa,Send Money,N/A,Android,26129.25,105,186684.61,Completed
TXN0005724,2024-04-25 13:06:28,CUST00185,Wairimu Otieno,Female,68,Bomet,0759591261,M-Pesa,Send Money,N/A,Android,46286.78,100,10891.74,Completed
TXN0001972,2024-04-25 13:55:55,CUST00148,Cheruiyot Wekesa,Female,18,Nyeri,0790571888,M-Pesa,Withdraw Cash,N/A,Android,64052.52,105,210611.99,Completed
TXN0003074,2024-04-25 14:25:57,CUST00755,Simiyu Cheptoo,Male,21,Nairobi,0722190368,M-Pesa,Pay Bill,Electricity (KPLC),Android,43342.25,105,55788.5,Completed
TXN0005264,2024-04-25 16:11:34,CUST00728,Simiyu Waweru,Male,40,Homa Bay,0768858175,M-Pesa,Pay Bill,DSTV/GOTV,Android,107133.14,105,158980.69,Completed
TXN0005717,2024-04-25 17:28:38,CUST00138,Kagwe Otieno,Male,55,Mombasa,0759668160,T-Kash,Withdraw Cash,N/A,Android,24931.11,108,199303.4,Completed
TXN0002432,2024-04-25 17:48:14,CUST00252,Cherono Makau,Female,44,Machakos,0723128778,Airtel Money,Buy Goods (Till),Electronics,Android,2392.05,40,133794.46,Completed
TXN0005392,2024-04-25 18:10:58,CUST00683,Omondi Waweru,Male,19,Machakos,0723835792,M-Pesa,Airtime Purchase,N/A,Android,955.59,0.0,87344.14,Completed
TXN0002981,2024-04-25 19:50:24,CUST00068,Kibet Kimani,Female,63,Turkana,0701800699,M-Pesa,Send Money,N/A,Android,5983.16,55,45651.42,Completed
TXN0004543,2024-04-26 02:52:06,CUST00334,Nasike Ruto,Male,57,Kiambu,0790499225,M-Pesa,Deposit Cash,N/A,Feature Phone,31328.35,0.0,22852.14,Completed
TXN0000575,2024-04-26 07:42:35,CUST00377,Kamau Kiplagat,Female,59,Migori,0723328680,Airtel Money,Deposit Cash,N/A,Android,19833.6,0.0,95643.07,Completed
TXN0003418,2024-04-26 08:10:39,CUST00650,Ndungu Mutiso,Male,37,Kisumu,0723285622,T-Kash,Send Money,N/A,Android,8103.72,55,213772.78,Completed
TXN0000598,2024-04-26 09:40:11,CUST00101,Jelagat Ochieng,Male,69,Turkana,0111906079,M-Pesa,Pay Bill,Rent,Android,52817.49,105,141643.22,Completed
TXN0001902,2024-04-26 11:11:15,CUST00551,Kiprop Mutiso,Male,38,Nakuru,0710430915,Equitel,Send Money,N/A,iOS,21405.13,105,227595.5,Completed
TXN0002447,2024-04-26 12:18:55,CUST00519,Njoroge Makau,Female,49,Nakuru,0768869264,M-Pesa,Airtime Purchase,N/A,Android,433.46,0.0,49133.77,Completed
TXN0003286,2024-04-26 12:26:11,CUST00064,Chelagat Gichuru,Female,72,Nakuru,0759207856,Airtel Money,Buy Goods (Till),Clothing,Android,15161.71,62,193991.04,Completed
TXN0001900,2024-04-26 13:00:12,CUST00573,Kagwe Chepkwony,Male,35,Garissa,0740693632,M-Pesa,Buy Goods (Till),Fuel Station,Android,14993.15,55,56659.79,Completed
TXN0004962,2024-04-26 13:39:56,CUST00299,Nafula Waweru,Male,71,Nairobi,0759887480,M-Pesa,Send Money,N/A,Android,15202.34,62,34426.81,Completed
TXN0002590,2024-04-26 14:07:51,CUST00471,Kemboi Ruto,Male,43,Nairobi,0768332398,M-Pesa,Buy Goods (Till),Hardware,Feature Phone,19628.9,0.0,228685.07,Failed
TXN0000517,2024-04-26 15:24:02,CUST00673,Ndungu Kiplagat,Male,28,Kakamega,0759913130,M-Pesa,Send Money,N/A,Android,20572.36,100,50611.82,Completed
TXN0004686,2024-04-26 17:15:08,CUST00637,Wafula Otieno,Male,65,Nairobi,0740294668,M-Pesa,Buy Goods (Till),Pharmacy,Android,18749.86,55,202690.16,Completed
TXN0002505,2024-04-26 20:40:04,CUST00664,Anyango Kiplagat,Male,23,Migori,0768912626,M-Pesa,Pay Bill,School Fees,Feature Phone,18439.58,87,107209.87,Completed
TXN0003272,2024-04-26 21:07:02,CUST00710,Njeri Kamau,Male,54,Kajiado,0768117762,M-Pesa,Deposit Cash,N/A,Android,114302.48,0.0,227141.41,Completed
TXN0005939,2024-04-26 21:44:31,CUST00032,Akinyi Njuguna,Male,37,Nakuru,0722327634,M-Pesa,Pay Bill,DSTV/GOTV,Android,86130.17,108,119463.36,Completed
TXN0000476,2024-04-27 07:18:40,CUST00078,Achieng Barasa,Male,49,Nairobi,0740814679,M-Pesa,Send Money,N/A,Feature Phone,32023.22,100,224630.42,Completed
TXN0005231,2024-04-27 08:52:04,CUST00584,Mumbi Ochieng,Female,23,Trans Nzoia,0722386708,M-Pesa,Deposit Cash,N/A,Android,118993.89,0.0,142106.05,Completed
TXN0001148,2024-04-27 09:38:53,CUST00702,Akinyi Mutiso,Male,25,Nakuru,0723861556,M-Pesa,Buy Goods (Till),Clothing,Android,16750.29,62,85947.48,Completed
TXN0003085,2024-04-27 10:14:02,CUST00437,Anyango Njuguna,Female,18,Kisumu,0701447802,M-Pesa,Pay Bill,Water Utility,Android,4192.69,33,150802.04,Completed
TXN0001675,2024-04-27 11:22:55,CUST00549,Chelagat Sang,Female,18,Nairobi,0701350373,M-Pesa,Pay Bill,Water Utility,Android,69968.02,100,239410.32,Completed
TXN0005401,2024-04-27 12:42:25,CUST00502,Waweru Odhiambo,Female,52,Kiambu,0768464710,M-Pesa,Pay Bill,DSTV/GOTV,Feature Phone,35746.88,105,244567.55,Completed
TXN0002564,2024-04-27 13:12:46,CUST00147,Nyokabi Barasa,Male,47,Trans Nzoia,0759581528,M-Pesa,Pay Bill,School Fees,Feature Phone,4718.26,0.0,102549.27,Failed
TXN0003107,2024-04-27 13:20:56,CUST00719,Wangari Njoroge,Female,57,Machakos,0710590073,Airtel Money,Send Money,N/A,Feature Phone,27344.82,100,196957.22,Completed
TXN0000409,2024-04-27 13:27:57,CUST00134,Nabwire Chepkwony,Male,30,Nakuru,0790057296,M-Pesa,Deposit Cash,N/A,iOS,112544.01,0.0,143413.15,Completed
TXN0003281,2024-04-27 19:15:12,CUST00526,Onyango Musyoka,Female,25,Kericho,0710108115,M-Pesa,Send Money,N/A,Feature Phone,20993.93,108,82086.2,Completed
TXN0001993,2024-04-27 20:24:23,CUST00139,Jelagat Mutiso,Male,44,Nairobi,0740479870,M-Pesa,Withdraw Cash,N/A,Android,8520.64,55,249089.69,Completed
TXN0004033,2024-04-28 06:53:41,CUST00031,Akinyi Mutiso,Female,60,Kericho,0790563651,M-Pesa,Send Money,N/A,Android,14265.15,62,208941.88,Completed
TXN0001650,2024-04-28 08:14:24,CUST00596,Omondi Mutiso,Female,33,Nairobi,0790889820,M-Pesa,Withdraw Cash,N/A,Android,23359.15,108,106835.26,Completed
TXN0002280,2024-04-28 11:37:44,CUST00361,Kemboi Musyoka,Female,51,Machakos,0790027096,Airtel Money,Buy Goods (Till),Hardware,Feature Phone,4940.36,33,104638.1,Completed
TXN0004925,2024-04-28 11:40:25,CUST00604,Kiprop Mutiso,Female,72,Nairobi,0768245351,T-Kash,Send Money,N/A,Android,13112.92,87,239228.53,Completed
TXN0004867,2024-04-28 12:33:49,CUST00317,Jelagat Wanjala,Male,48,Kericho,0710241576,M-Pesa,Send Money,N/A,Android,22345.51,100,138076.13,Completed
TXN0003764,2024-04-28 13:54:58,CUST00682,Cheruiyot Gichuru,Female,69,Nairobi,0759618611,M-Pesa,Send Money,N/A,Android,1765.99,40,239313.03,Completed
TXN0001233,2024-04-28 14:05:30,CUST00300,Achieng Mwangi,Female,22,Nairobi,0790552236,M-Pesa,Withdraw Cash,N/A,Android,16328.83,55,197926.78,Completed
TXN0000315,2024-04-28 18:35:25,CUST00092,Cherono Kiplagat,Male,60,Mombasa,0701425316,M-Pesa,Buy Goods (Till),Clothing,Android,12880.98,55,79133.54,Completed
TXN0003925,2024-04-28 18:46:32,CUST00521,Cheruiyot Waweru,Female,65,Machakos,0723003299,T-Kash,Deposit Cash,N/A,iOS,72610.01,0.0,128920.15,Completed
TXN0004267,2024-04-28 19:13:34,CUST00672,Anyango Kamau,Male,57,Nairobi,0722777279,Airtel Money,Buy Goods (Till),Pharmacy,Feature Phone,11716.11,55,217706.92,Completed
TXN0005961,2024-04-28 20:54:38,CUST00131,Wangari Kiplagat,Female,25,Kiambu,0740109849,Airtel Money,Send Money,N/A,Feature Phone,21649.67,100,184139.93,Completed
TXN0003546,2024-04-28 21:14:13,CUST00293,Njoroge Kiplagat,Male,29,Trans Nzoia,0723115345,M-Pesa,Withdraw Cash,N/A,Android,15030.33,87,61320.51,Completed
TXN0001222,2024-04-28 21:42:52,CUST00291,Wangari Owuor,Female,68,Bungoma,0790603476,T-Kash,Buy Goods (Till),Supermarket,Android,15140.12,87,116066.8,Completed
TXN0002778,2024-04-28 21:58:58,CUST00516,Jelagat Musyoka,Female,65,Nairobi,0710687141,Airtel Money,Deposit Cash,N/A,iOS,25857.87,0.0,111263.41,Completed
TXN0004490,2024-04-28 22:17:21,CUST00625,Nyokabi Omollo,Female,31,Kisumu,0740862851,M-Pesa,Pay Bill,DSTV/GOTV,Android,86340.13,105,170335.97,Completed
TXN0000684,2024-04-28 23:16:39,CUST00789,Kipchoge Makau,Male,42,Kilifi,0768902074,M-Pesa,Pay Bill,Electricity (KPLC),Android,59129.61,100,27116.56,Completed
TXN0001446,2024-04-28 23:47:31,CUST00561,Omondi Gichuru,Male,55,Mombasa,0790828413,Airtel Money,Withdraw Cash,N/A,Android,57834.15,100,113697.04,Completed
TXN0005471,2024-04-29 03:57:14,CUST00500,Wafula Musyoka,Female,58,Kericho,0723852094,M-Pesa,Deposit Cash,N/A,Feature Phone,84280.58,0.0,42496.28,Completed
TXN0000390,2024-04-29 09:30:21,CUST00747,Waweru Wanjala,Female,65,Kiambu,0111664536,M-Pesa,Pay Bill,Loan Repayment,Android,64652.87,105,93704.16,Completed
TXN0000396,2024-04-29 10:41:02,CUST00055,Kipchoge Chepkwony,Male,22,Nairobi,0768452277,M-Pesa,Buy Goods (Till),Fuel Station,Android,3502.33,33,239489.15,Completed
TXN0000846,2024-04-29 10:51:28,CUST00722,Muthoni Owuor,Female,72,Machakos,0111365286,M-Pesa,Buy Goods (Till),Hardware,Android,5840.79,62,52546.47,Completed
TXN0001109,2024-04-29 12:06:51,CUST00678,Mwangi Njoroge,Male,36,Nairobi,0768430699,Equitel,Airtime Purchase,N/A,Android,996.71,0.0,197319.21,Completed
TXN0005066,2024-04-29 14:02:39,CUST00390,Kibet Langat,Female,59,Homa Bay,0710711435,M-Pesa,Withdraw Cash,N/A,Feature Phone,30833.91,100,14488.64,Completed
TXN0000879,2024-04-29 15:20:25,CUST00251,Cherono Karanja,Female,41,Nairobi,0790388692,M-Pesa,Withdraw Cash,N/A,Feature Phone,45501.93,105,138986.03,Completed
TXN0003791,2024-04-29 19:47:14,CUST00245,Wairimu Waweru,Female,66,Machakos,0759035969,M-Pesa,Withdraw Cash,N/A,Android,26026.63,105,234942.44,Completed
TXN0001888,2024-04-29 20:04:09,CUST00046,Kagwe Owuor,Male,59,Kiambu,0759748532,T-Kash,Buy Goods (Till),Electronics,Android,26276.83,100,77840.83,Completed
TXN0001169,2024-04-29 23:35:16,CUST00162,Kiptoo Waweru,Male,44,Uasin Gishu,0710323043,M-Pesa,Airtime Purchase,N/A,Feature Phone,1212.27,0.0,79183.72,Completed
TXN0002490,2024-04-30 07:08:06,CUST00195,Njoroge Otieno,Male,35,Nairobi,0790147751,M-Pesa,Send Money,N/A,Feature Phone,22938.88,100,123124.73,Completed
TXN0004537,2024-04-30 11:49:25,CUST00341,Rotich Kiprono,Female,28,Kakamega,0111464903,M-Pesa,Buy Goods (Till),Fuel Station,Android,7154.15,62,42285.25,Completed
TXN0005091,2024-04-30 13:06:21,CUST00776,Atieno Barasa,Male,23,Kiambu,0701538414,M-Pesa,Pay Bill,Electricity (KPLC),iOS,20058.37,105,201731.43,Completed
TXN0005655,2024-04-30 13:11:57,CUST00141,Wafula Omollo,Female,35,Uasin Gishu,0740997764,M-Pesa,Deposit Cash,N/A,Android,95292.56,0.0,114092.01,Completed
TXN0002056,2024-04-30 14:03:41,CUST00288,Nafula Ruto,Female,61,Nairobi,0710563134,M-Pesa,Withdraw Cash,N/A,Android,6903.15,62,242456.86,Completed
TXN0003632,2024-04-30 17:20:32,CUST00009,Nafula Makau,Male,25,Meru,0759773210,M-Pesa,Buy Goods (Till),Fuel Station,Feature Phone,15835.7,55,146528.88,Completed
TXN0002563,2024-04-30 18:53:59,CUST00772,Kariuki Wabwire,Male,61,Nairobi,0710525140,M-Pesa,Withdraw Cash,N/A,Android,25332.66,100,90527.5,Completed
TXN0000296,2024-04-30 20:13:36,CUST00211,Kamau Gichuru,Male,43,Kisumu,0759744651,M-Pesa,Buy Goods (Till),Hardware,Android,14175.85,87,29323.0,Completed
TXN0001985,2024-04-30 23:51:40,CUST00671,Nyambura Njuguna,Male,21,Nairobi,0790548945,M-Pesa,Withdraw Cash,N/A,Android,32557.42,100,11890.16,Completed
TXN0003213,2024-05-01 02:48:12,CUST00796,Wangari Musyoka,Male,22,Bungoma,0722304798,M-Pesa,Withdraw Cash,N/A,Android,42891.96,108,151400.02,Completed
TXN0000980,2024-05-01 07:18:57,CUST00255,Owino Wekesa,Female,71,Turkana,0723231598,M-Pesa,Pay Bill,Internet (ISP),Android,60594.6,108,95290.6,Completed
TXN0000563,2024-05-01 08:18:25,CUST00262,Owino Omollo,Male,65,Garissa,0768732284,Airtel Money,Buy Goods (Till),Hardware,Android,6761.73,55,57272.17,Completed
TXN0001355,2024-05-01 09:04:56,CUST00382,Waweru Wabwire,Male,67,Nairobi,0710359138,M-Pesa,Pay Bill,Insurance,Feature Phone,62650.42,100,133594.39,Completed
TXN0003177,2024-05-01 10:00:41,CUST00606,Nabwire Kimani,Female,69,Machakos,0768923511,M-Pesa,Withdraw Cash,N/A,Android,29085.35,105,176956.82,Completed
TXN0000649,2024-05-01 13:35:34,CUST00780,Simiyu Njoroge,Male,51,Nairobi,0701186167,T-Kash,Buy Goods (Till),Supermarket,Feature Phone,13072.7,87,79266.73,Completed
TXN0001504,2024-05-01 15:18:03,CUST00311,Auma Makau,Male,48,Migori,0722240302,Airtel Money,Buy Goods (Till),Fuel Station,Android,10133.11,0.0,31388.52,Failed
TXN0001371,2024-05-01 17:40:03,CUST00202,Kariuki Kariuki,Male,38,Kajiado,0111518787,M-Pesa,Send Money,N/A,Android,43177.15,105,171067.8,Completed
TXN0000981,2024-05-01 18:33:02,CUST00706,Gitau Chepkwony,Female,49,Kisumu,0701583545,M-Pesa,Deposit Cash,N/A,Feature Phone,17545.41,0.0,65304.72,Completed
TXN0001869,2024-05-01 21:31:21,CUST00331,Nafula Langat,Male,32,Bungoma,0768950820,M-Pesa,Withdraw Cash,N/A,Feature Phone,7248.46,62,124099.89,Completed
TXN0000238,2024-05-01 22:19:50,CUST00707,Wangari Ruto,Male,18,Nairobi,0722341193,Airtel Money,Send Money,N/A,Feature Phone,39195.3,108,177850.67,Completed
TXN0003505,2024-05-01 22:49:01,CUST00242,Kemboi Barasa,Female,37,Nairobi,0722354000,Airtel Money,Pay Bill,Insurance,Android,47292.41,105,56975.94,Completed
TXN0003351,2024-05-01 23:29:19,CUST00056,Rotich Njuguna,Female,60,Bungoma,0740456980,M-Pesa,Pay Bill,Loan Repayment,Android,43377.76,100,113673.65,Completed
TXN0001052,2024-05-02 01:59:49,CUST00586,Onyango Gichuru,Female,45,Garissa,0723397431,M-Pesa,Buy Goods (Till),Supermarket,Android,4352.09,40,83903.6,Completed
TXN0004648,2024-05-02 06:04:03,CUST00745,Cherono Kariuki,Male,48,Nairobi,0723352745,M-Pesa,Send Money,N/A,Android,38356.27,100,227833.44,Completed
TXN0001812,2024-05-02 08:35:02,CUST00269,Rotich Kariuki,Female,67,Kisumu,0722501801,M-Pesa,Airtime Purchase,N/A,Android,1042.38,0.0,111954.16,Completed
TXN0000741,2024-05-02 08:42:02,CUST00222,Wangari Barasa,Male,34,Kericho,0768773202,M-Pesa,Send Money,N/A,Android,38722.18,108,64429.27,Completed
TXN0001397,2024-05-02 09:24:09,CUST00546,Barasa Mutiso,Female,68,Nakuru,0722758886,M-Pesa,Send Money,N/A,Android,27859.25,100,161579.58,Completed
TXN0005972,2024-05-02 09:52:40,CUST00709,Kagwe Kamau,Female,62,Bomet,0111015451,M-Pesa,Withdraw Cash,N/A,Android,36546.82,105,209575.19,Completed
TXN0004082,2024-05-02 10:50:08,CUST00670,Waweru Owuor,Female,63,Garissa,0740389430,M-Pesa,Pay Bill,Insurance,Feature Phone,34054.67,100,102190.47,Completed
TXN0002679,2024-05-02 11:04:25,CUST00763,Mwangi Otieno,Male,20,Uasin Gishu,0740012673,M-Pesa,Send Money,N/A,Feature Phone,8664.56,87,31298.65,Completed
TXN0000177,2024-05-02 11:09:50,CUST00354,Barasa Musyoka,Male,58,Kiambu,0111882163,M-Pesa,Send Money,N/A,Android,37608.11,105,72955.76,Completed
TXN0005541,2024-05-02 11:29:49,CUST00138,Kagwe Otieno,Male,55,Mombasa,0759668160,T-Kash,Pay Bill,Loan Repayment,Android,75664.03,100,25477.17,Completed
TXN0001606,2024-05-02 11:47:17,CUST00028,Wafula Amollo,Male,47,Kiambu,0740263207,M-Pesa,Send Money,N/A,Android,28838.25,108,225596.44,Completed
TXN0005368,2024-05-02 12:11:22,CUST00368,Nabwire Wabwire,Female,31,Nyeri,0111718659,M-Pesa,Buy Goods (Till),Pharmacy,Android,4379.12,45,43133.44,Completed
TXN0005293,2024-05-02 12:28:10,CUST00377,Kamau Kiplagat,Female,59,Migori,0723328680,Airtel Money,Deposit Cash,N/A,Android,84013.08,0.0,18752.72,Completed
TXN0003109,2024-05-02 14:06:11,CUST00732,Wairimu Waweru,Female,51,Trans Nzoia,0111114155,M-Pesa,Withdraw Cash,N/A,Feature Phone,20091.22,100,128906.23,Completed
TXN0001225,2024-05-02 14:32:24,CUST00437,Anyango Njuguna,Female,18,Kisumu,0701447802,M-Pesa,Pay Bill,Insurance,Android,10723.04,62,61065.98,Completed
TXN0001451,2024-05-02 15:31:40,CUST00185,Wairimu Otieno,Female,68,Bomet,0759591261,M-Pesa,Buy Goods (Till),Clothing,Android,1765.7,45,156377.48,Completed
TXN0001024,2024-05-02 18:22:18,CUST00527,Mumbi Kamau,Male,51,Kilifi,0710407680,M-Pesa,Withdraw Cash,N/A,Android,48111.05,108,15230.22,Completed
TXN0002239,2024-05-02 19:16:32,CUST00763,Mwangi Otieno,Male,20,Uasin Gishu,0740012673,M-Pesa,Airtime Purchase,N/A,Feature Phone,893.28,0.0,42525.25,Completed
TXN0002393,2024-05-02 21:22:19,CUST00054,Atieno Cheptoo,Female,55,Trans Nzoia,0790509076,M-Pesa,Deposit Cash,N/A,Android,78924.59,0.0,15828.55,Completed
TXN0002108,2024-05-03 09:44:55,CUST00052,Chebet Cheptoo,Female,18,Uasin Gishu,0701439281,M-Pesa,Send Money,N/A,Android,30456.93,105,129079.91,Completed
TXN0001846,2024-05-03 09:51:38,CUST00276,Nyambura Ochieng,Male,44,Homa Bay,0701861330,M-Pesa,Send Money,N/A,Feature Phone,18482.02,87,3295.63,Completed
TXN0001958,2024-05-03 09:55:52,CUST00797,Chebet Otieno,Male,49,Kisumu,0111438900,M-Pesa,Reversal,N/A,Feature Phone,8516.3,0.0,108575.56,Completed
TXN0001728,2024-05-03 11:51:35,CUST00318,Onyango Wanjala,Female,55,Nairobi,0768312854,M-Pesa,Send Money,N/A,Android,54112.12,100,177705.31,Completed
TXN0002613,2024-05-03 12:53:47,CUST00661,Kiprop Ochieng,Male,50,Kiambu,0759196209,Airtel Money,Buy Goods (Till),Electronics,Android,4451.3,45,176416.22,Completed
TXN0003989,2024-05-03 13:24:29,CUST00184,Nafula Musyoka,Female,26,Kakamega,0740214345,M-Pesa,Reversal,N/A,Android,33731.66,0.0,90708.28,Completed
TXN0001699,2024-05-03 14:15:32,CUST00386,Simiyu Mutiso,Female,47,Turkana,0768407336,M-Pesa,Pay Bill,DSTV/GOTV,Android,47366.97,105,60570.76,Completed
TXN0001885,2024-05-03 14:41:38,CUST00224,Cheruiyot Langat,Female,56,Nairobi,0111179302,Airtel Money,Send Money,N/A,Android,17153.11,87,211039.42,Completed
TXN0000427,2024-05-03 15:41:05,CUST00783,Nyambura Owuor,Male,65,Meru,0740426946,M-Pesa,Deposit Cash,N/A,Android,47129.08,0.0,168625.28,Failed
TXN0005315,2024-05-03 16:50:49,CUST00419,Cheruiyot Onyango,Female,43,Nakuru,0759211583,M-Pesa,Send Money,N/A,Android,3817.71,0.0,106799.45,Failed
TXN0000413,2024-05-03 17:41:49,CUST00086,Waweru Kiplagat,Male,32,Nakuru,0701373329,M-Pesa,Airtime Purchase,N/A,Android,1475.8,0.0,166555.65,Completed
TXN0002019,2024-05-03 18:21:14,CUST00253,Njeri Barasa,Male,63,Kisumu,0710755182,M-Pesa,Buy Goods (Till),Hardware,Android,2021.08,0.0,78604.64,Failed
TXN0005574,2024-05-03 18:39:40,CUST00298,Njoroge Karanja,Male,59,Nairobi,0759009756,M-Pesa,Deposit Cash,N/A,Android,16697.79,0.0,206508.51,Completed
TXN0004926,2024-05-03 19:39:23,CUST00093,Achieng Omollo,Female,43,Trans Nzoia,0722032123,M-Pesa,Pay Bill,Internet (ISP),Feature Phone,46272.61,108,182787.76,Completed
TXN0000003,2024-05-03 19:58:50,CUST00376,Kiptoo Musyoka,Female,57,Nyeri,0710663952,M-Pesa,Withdraw Cash,N/A,Android,15761.95,87,223244.62,Completed
TXN0001743,2024-05-03 20:40:22,CUST00003,Maina Mutiso,Male,24,Nairobi,0723332041,Airtel Money,Send Money,N/A,Android,2892.52,33,179206.12,Completed
TXN0003457,2024-05-03 21:52:45,CUST00445,Simiyu Ruto,Male,53,Nairobi,0740900867,M-Pesa,Withdraw Cash,N/A,Android,56093.69,100,145232.53,Completed
TXN0002198,2024-05-03 22:28:54,CUST00708,Njoroge Kiplagat,Male,27,Kajiado,0759992801,T-Kash,Buy Goods (Till),Fuel Station,Feature Phone,11163.5,87,197611.39,Completed
TXN0003353,2024-05-03 23:13:22,CUST00702,Akinyi Mutiso,Male,25,Nakuru,0723861556,M-Pesa,Airtime Purchase,N/A,Android,765.97,0.0,144761.82,Completed
TXN0000221,2024-05-03 23:13:47,CUST00695,Rotich Kimani,Female,56,Uasin Gishu,0701225871,M-Pesa,Pay Bill,Loan Repayment,Feature Phone,35063.88,100,121895.11,Completed
TXN0001785,2024-05-04 00:15:30,CUST00219,Chelagat Sang,Female,30,Nyeri,0759720423,Airtel Money,Send Money,N/A,Feature Phone,41995.51,105,145881.16,Completed
TXN0005178,2024-05-04 02:29:04,CUST00342,Ndungu Kimani,Female,43,Kiambu,0701797541,Airtel Money,Send Money,N/A,Android,23049.04,105,8882.87,Completed
TXN0003357,2024-05-04 03:33:24,CUST00645,Chebet Waweru,Male,63,Nairobi,0111972248,M-Pesa,Deposit Cash,N/A,Android,32135.02,0.0,145690.41,Completed
TXN0003960,2024-05-04 06:58:22,CUST00597,Nyambura Owuor,Male,42,Kilifi,0759351754,T-Kash,Send Money,N/A,Android,21450.46,100,189850.54,Completed
TXN0002576,2024-05-04 07:18:35,CUST00070,Nabwire Odhiambo,Female,68,Nairobi,0710086291,M-Pesa,Send Money,N/A,Android,48409.37,100,218611.54,Completed
TXN0004257,2024-05-04 08:04:38,CUST00546,Barasa Mutiso,Female,68,Nakuru,0722758886,M-Pesa,Pay Bill,Internet (ISP),Android,79154.4,108,135144.89,Completed
TXN0003079,2024-05-04 10:12:19,CUST00264,Omondi Mutiso,Female,63,Nairobi,0723461602,M-Pesa,Pay Bill,SACCO,Android,110160.33,108,140720.55,Completed
TXN0002937,2024-05-04 10:58:57,CUST00778,Auma Wanjala,Female,52,Turkana,0790081647,M-Pesa,Buy Goods (Till),Restaurant,Feature Phone,11341.37,87,156138.58,Completed
TXN0005774,2024-05-04 13:00:55,CUST00361,Kemboi Musyoka,Female,51,Machakos,0790027096,Airtel Money,Reversal,N/A,Feature Phone,18029.46,0.0,106789.67,Failed
TXN0002229,2024-05-04 13:04:39,CUST00703,Akinyi Amollo,Female,36,Kiambu,0723243297,Airtel Money,Pay Bill,Loan Repayment,Feature Phone,23052.09,108,160629.21,Completed
TXN0002395,2024-05-04 13:23:58,CUST00086,Waweru Kiplagat,Male,32,Nakuru,0701373329,M-Pesa,Buy Goods (Till),Fuel Station,Android,13441.55,55,238067.48,Completed
TXN0002948,2024-05-04 19:32:06,CUST00190,Jelagat Njuguna,Male,45,Nakuru,0740278018,M-Pesa,Send Money,N/A,Android,43569.73,105,177633.14,Completed
TXN0003907,2024-05-04 20:07:24,CUST00595,Omondi Karanja,Male,26,Bungoma,0740563469,M-Pesa,Withdraw Cash,N/A,Android,11948.04,62,185088.44,Completed
TXN0005652,2024-05-04 21:07:39,CUST00367,Kiptoo Owuor,Female,53,Uasin Gishu,0710041282,M-Pesa,Deposit Cash,N/A,Android,36309.92,0.0,180728.34,Completed
TXN0004440,2024-05-04 23:42:15,CUST00772,Kariuki Wabwire,Male,61,Nairobi,0710525140,M-Pesa,Withdraw Cash,N/A,Android,58324.74,108,65763.44,Completed
TXN0005256,2024-05-05 00:23:50,CUST00037,Rotich Omollo,Female,35,Mombasa,0790238013,M-Pesa,Buy Goods (Till),Supermarket,Android,10441.03,55,109677.89,Completed
TXN0002289,2024-05-05 02:43:03,CUST00286,Chebet Onyango,Male,60,Machakos,0111539972,T-Kash,Reversal,N/A,iOS,7392.9,0.0,36374.98,Completed
TXN0002435,2024-05-05 04:46:24,CUST00487,Ochieng Kiprono,Male,49,Kilifi,0790503126,M-Pesa,Buy Goods (Till),Fuel Station,iOS,3290.76,33,234407.07,Completed
TXN0002672,2024-05-05 10:11:48,CUST00391,Kirui Chepkwony,Male,42,Nairobi,0710956181,M-Pesa,Withdraw Cash,N/A,Android,20728.26,105,97727.01,Completed
TXN0000744,2024-05-05 10:45:58,CUST00608,Onyango Otieno,Male,41,Kisumu,0710393914,M-Pesa,Send Money,N/A,Android,33428.33,100,101248.63,Completed
TXN0000248,2024-05-05 11:50:22,CUST00022,Muthoni Barasa,Male,28,Mombasa,0759769608,M-Pesa,Buy Goods (Till),Electronics,Android,6772.59,55,2134.48,Completed
TXN0005425,2024-05-05 12:21:38,CUST00334,Nasike Ruto,Male,57,Kiambu,0790499225,M-Pesa,Send Money,N/A,Feature Phone,17057.03,87,96296.78,Completed
TXN0003785,2024-05-05 12:31:22,CUST00183,Mumbi Chepkwony,Male,29,Meru,0759079278,M-Pesa,Pay Bill,Loan Repayment,Feature Phone,101799.97,105,182109.99,Completed
TXN0005913,2024-05-05 12:35:48,CUST00213,Atieno Odhiambo,Male,65,Kakamega,0710177195,Airtel Money,Buy Goods (Till),Fuel Station,Feature Phone,14010.15,87,165688.51,Completed
TXN0001115,2024-05-05 13:09:56,CUST00773,Njoroge Amollo,Male,55,Nairobi,0701346023,M-Pesa,Deposit Cash,N/A,Feature Phone,58596.26,0.0,135757.59,Completed
TXN0004521,2024-05-05 13:22:14,CUST00215,Kariuki Kiplagat,Male,50,Nakuru,0701811786,M-Pesa,Airtime Purchase,N/A,Feature Phone,930.23,0.0,28450.61,Completed
TXN0002507,2024-05-05 16:34:23,CUST00170,Otieno Owuor,Male,64,Kiambu,0790086891,M-Pesa,Send Money,N/A,Android,7408.81,55,49581.57,Completed
TXN0005113,2024-05-05 18:04:46,CUST00573,Kagwe Chepkwony,Male,35,Garissa,0740693632,M-Pesa,Pay Bill,Internet (ISP),Android,105342.39,108,67332.63,Completed
TXN0005587,2024-05-05 19:27:07,CUST00402,Nabwire Odhiambo,Male,39,Bungoma,0111018335,M-Pesa,Send Money,N/A,Android,33339.67,108,82522.28,Completed
TXN0003592,2024-05-05 19:27:28,CUST00786,Owino Kimani,Male,64,Uasin Gishu,0701772733,Airtel Money,Pay Bill,School Fees,Android,11571.8,62,191358.24,Completed
TXN0003717,2024-05-05 19:59:11,CUST00252,Cherono Makau,Female,44,Machakos,0723128778,Airtel Money,Pay Bill,Insurance,Android,87606.92,105,155395.79,Completed
TXN0002622,2024-05-05 21:43:54,CUST00196,Wairimu Amollo,Female,66,Nairobi,0701591872,Equitel,Withdraw Cash,N/A,Android,22549.39,100,86710.19,Completed
TXN0003789,2024-05-05 22:31:33,CUST00241,Cheruiyot Kamau,Female,45,Migori,0710640394,M-Pesa,Send Money,N/A,iOS,56753.86,108,42879.07,Completed
TXN0002777,2024-05-05 23:24:52,CUST00715,Wangari Kariuki,Male,23,Trans Nzoia,0722570390,M-Pesa,Send Money,N/A,Android,10952.66,87,233862.1,Completed
TXN0004602,2024-05-05 23:35:18,CUST00647,Mutua Omollo,Female,34,Nairobi,0723135195,M-Pesa,Withdraw Cash,N/A,Android,8771.82,55,192129.07,Completed
TXN0000853,2024-05-06 00:08:28,CUST00357,Kagwe Njoroge,Female,19,Meru,0111720755,M-Pesa,Buy Goods (Till),Fuel Station,Android,20840.51,105,104020.78,Completed
TXN0001835,2024-05-06 06:06:55,CUST00136,Omondi Wanjala,Female,50,Nairobi,0111197238,M-Pesa,Send Money,N/A,Feature Phone,6509.46,62,88225.06,Completed
TXN0003677,2024-05-06 07:06:27,CUST00035,Simiyu Owuor,Male,47,Nairobi,0740911455,M-Pesa,Deposit Cash,N/A,Feature Phone,75090.25,0.0,180411.14,Completed
TXN0004230,2024-05-06 07:14:15,CUST00414,Waweru Njuguna,Female,68,Kiambu,0740167781,M-Pesa,Airtime Purchase,N/A,Android,732.81,0.0,190976.78,Completed
TXN0005273,2024-05-06 08:52:22,CUST00728,Simiyu Waweru,Male,40,Homa Bay,0768858175,M-Pesa,Buy Goods (Till),Supermarket,Android,4727.36,33,147407.62,Completed
TXN0004146,2024-05-06 10:30:54,CUST00221,Ochieng Waweru,Male,62,Turkana,0701900180,M-Pesa,Withdraw Cash,N/A,Android,37516.41,100,217432.06,Completed
TXN0005254,2024-05-06 10:57:59,CUST00632,Wambui Onyango,Male,45,Nyeri,0740493706,M-Pesa,Send Money,N/A,Android,9076.16,87,214251.84,Completed
TXN0004067,2024-05-06 12:37:54,CUST00459,Kamau Ochieng,Female,42,Nakuru,0722315072,Equitel,Pay Bill,Loan Repayment,Android,75119.66,105,53247.7,Completed
TXN0001084,2024-05-06 14:02:53,CUST00188,Nasike Ochieng,Female,46,Nyeri,0701338186,M-Pesa,Withdraw Cash,N/A,Android,2722.76,40,225578.34,Completed
TXN0004569,2024-05-06 16:39:20,CUST00385,Achieng Waweru,Male,66,Bomet,0790926221,T-Kash,Buy Goods (Till),Restaurant,Android,5093.25,87,37043.01,Completed
TXN0005416,2024-05-06 19:09:44,CUST00528,Muthoni Njuguna,Female,24,Kajiado,0710047462,M-Pesa,Pay Bill,DSTV/GOTV,Android,55332.43,108,207110.1,Completed
TXN0000584,2024-05-06 19:37:00,CUST00381,Nabwire Kiprono,Male,45,Bomet,0111416562,M-Pesa,Send Money,N/A,Android,20159.47,105,86731.44,Completed
TXN0005777,2024-05-06 20:17:10,CUST00788,Otieno Cheptoo,Male,64,Nairobi,0723646327,Airtel Money,Deposit Cash,N/A,Feature Phone,27397.45,0.0,199315.63,Completed
TXN0000905,2024-05-06 20:29:55,CUST00572,Nafula Onyango,Female,40,Kericho,0740550753,M-Pesa,Pay Bill,DSTV/GOTV,Android,65380.64,100,144107.39,Completed
TXN0005808,2024-05-06 22:21:52,CUST00160,Kemboi Owuor,Male,32,Nakuru,0790098964,M-Pesa,Withdraw Cash,N/A,iOS,14268.14,87,97618.77,Completed
TXN0000989,2024-05-06 22:41:27,CUST00759,Cheruiyot Kiplagat,Female,59,Nairobi,0759119346,M-Pesa,Deposit Cash,N/A,Android,64069.49,0.0,102615.08,Completed
TXN0003707,2024-05-06 23:40:03,CUST00518,Muthoni Wekesa,Male,54,Nairobi,0759494617,M-Pesa,Send Money,N/A,Feature Phone,33627.75,108,4099.99,Completed
TXN0003647,2024-05-07 00:03:15,CUST00763,Mwangi Otieno,Male,20,Uasin Gishu,0740012673,M-Pesa,Pay Bill,Water Utility,Feature Phone,69899.51,108,230855.91,Completed
TXN0001372,2024-05-07 03:56:23,CUST00186,Maina Mutiso,Female,68,Mombasa,0722027562,M-Pesa,Send Money,N/A,Android,34160.14,108,53176.72,Completed
TXN0005085,2024-05-07 06:25:23,CUST00074,Rotich Ochieng,Male,58,Kakamega,0790703193,M-Pesa,Buy Goods (Till),Clothing,Android,6023.61,87,138343.47,Completed
TXN0001398,2024-05-07 10:01:16,CUST00358,Kibet Makau,Female,47,Kiambu,0759154854,M-Pesa,Send Money,N/A,Android,36069.71,100,172521.11,Completed
TXN0004938,2024-05-07 10:29:34,CUST00236,Kemboi Njuguna,Male,70,Nairobi,0790721075,Airtel Money,Withdraw Cash,N/A,Feature Phone,49211.01,108,243778.82,Completed
TXN0000595,2024-05-07 10:36:48,CUST00609,Auma Cheptoo,Male,31,Kiambu,0701153274,M-Pesa,Withdraw Cash,N/A,iOS,13974.55,62,120848.99,Completed
TXN0001386,2024-05-07 10:43:50,CUST00624,Auma Karanja,Female,39,Nairobi,0111675962,M-Pesa,Airtime Purchase,N/A,Feature Phone,638.24,0.0,3597.18,Completed
TXN0001236,2024-05-07 10:56:02,CUST00018,Njoroge Waweru,Female,62,Bomet,0759641207,M-Pesa,Pay Bill,Internet (ISP),Android,71311.02,100,11936.06,Completed
TXN0002379,2024-05-07 11:47:27,CUST00348,Anyango Omollo,Female,28,Nyeri,0768820657,M-Pesa,Send Money,N/A,Android,22372.13,100,665.69,Completed
TXN0002895,2024-05-07 11:54:53,CUST00709,Kagwe Kamau,Female,62,Bomet,0111015451,M-Pesa,Reversal,N/A,Android,11823.55,0.0,815.27,Completed
TXN0003469,2024-05-07 12:38:47,CUST00341,Rotich Kiprono,Female,28,Kakamega,0111464903,M-Pesa,Buy Goods (Till),Hardware,Android,5218.36,87,8642.25,Completed
TXN0003702,2024-05-07 13:06:35,CUST00137,Nasike Amollo,Female,19,Nakuru,0723957760,M-Pesa,Pay Bill,Rent,iOS,9337.92,87,147911.95,Completed
TXN0001086,2024-05-07 14:09:30,CUST00474,Kirui Barasa,Male,53,Mombasa,0790835400,M-Pesa,Withdraw Cash,N/A,iOS,54388.96,108,4774.15,Completed
TXN0001683,2024-05-07 14:28:18,CUST00791,Ochieng Gichuru,Female,68,Nairobi,0722662883,M-Pesa,Pay Bill,DSTV/GOTV,Android,77201.8,108,127750.55,Completed
TXN0000633,2024-05-07 14:39:23,CUST00566,Wairimu Wanjala,Male,38,Nakuru,0722493105,M-Pesa,Send Money,N/A,Android,9237.21,62,140188.68,Completed
TXN0004675,2024-05-07 16:26:24,CUST00425,Kagwe Gichuru,Female,54,Nairobi,0701556270,M-Pesa,Deposit Cash,N/A,Android,27667.18,0.0,59835.08,Completed
TXN0001466,2024-05-07 17:08:11,CUST00762,Kagwe Wabwire,Female,45,Nairobi,0740455446,M-Pesa,Withdraw Cash,N/A,iOS,33880.55,100,89819.9,Completed
TXN0000310,2024-05-07 18:09:01,CUST00686,Nyokabi Ruto,Male,65,Kajiado,0759622501,M-Pesa,Airtime Purchase,N/A,Android,371.46,0.0,157630.32,Completed
TXN0004242,2024-05-07 21:35:08,CUST00567,Wairimu Wekesa,Male,36,Nairobi,0790719609,M-Pesa,Buy Goods (Till),Electronics,Feature Phone,2170.39,40,1786.49,Completed
TXN0004692,2024-05-07 22:51:47,CUST00793,Jelagat Waweru,Male,58,Nakuru,0723515140,M-Pesa,Send Money,N/A,Android,40640.22,105,204320.63,Completed
TXN0004330,2024-05-08 05:27:00,CUST00631,Achieng Wabwire,Female,25,Nakuru,0710142975,M-Pesa,Send Money,N/A,Android,13415.39,87,29301.05,Completed
TXN0000932,2024-05-08 06:54:54,CUST00020,Mumbi Wanjala,Male,20,Machakos,0768653263,M-Pesa,Send Money,N/A,Android,60834.09,105,25041.79,Completed
TXN0000246,2024-05-08 07:49:32,CUST00786,Owino Kimani,Male,64,Uasin Gishu,0701772733,Airtel Money,Pay Bill,Loan Repayment,Android,90982.23,108,38051.33,Completed
TXN0002340,2024-05-08 07:54:33,CUST00550,Mutua Kiprono,Female,69,Mombasa,0768895694,M-Pesa,Pay Bill,Loan Repayment,Feature Phone,106175.17,100,211121.11,Completed
TXN0005196,2024-05-08 09:45:12,CUST00779,Kamau Kariuki,Male,71,Trans Nzoia,0723302430,M-Pesa,Send Money,N/A,Android,1215.84,45,71891.19,Completed
TXN0004509,2024-05-08 09:53:02,CUST00465,Mutua Musyoka,Female,41,Bomet,0722129615,M-Pesa,Pay Bill,Rent,Android,90380.59,100,237197.44,Completed
TXN0001081,2024-05-08 11:43:47,CUST00646,Kiprop Gichuru,Female,62,Kiambu,0740976637,M-Pesa,Airtime Purchase,N/A,Android,458.84,0.0,135048.03,Completed
TXN0003820,2024-05-08 12:45:00,CUST00362,Rotich Otieno,Female,41,Uasin Gishu,0768870657,Airtel Money,Withdraw Cash,N/A,Android,37748.97,100,42633.12,Completed
TXN0002925,2024-05-08 13:46:17,CUST00320,Ochieng Waweru,Female,41,Garissa,0759494738,Airtel Money,Withdraw Cash,N/A,Feature Phone,40352.46,108,242739.66,Completed
TXN0001899,2024-05-08 17:07:15,CUST00573,Kagwe Chepkwony,Male,35,Garissa,0740693632,M-Pesa,Withdraw Cash,N/A,Android,12620.56,87,207466.59,Completed
TXN0004043,2024-05-08 20:43:38,CUST00421,Akinyi Wekesa,Female,47,Kisumu,0759832404,M-Pesa,Send Money,N/A,Feature Phone,38599.35,105,134507.17,Completed
TXN0002030,2024-05-08 21:50:46,CUST00246,Kiprop Onyango,Female,72,Nyeri,0759555919,M-Pesa,Deposit Cash,N/A,iOS,43173.01,0.0,79734.12,Completed
TXN0001487,2024-05-08 22:36:33,CUST00090,Cherono Langat,Male,66,Kiambu,0111311607,Equitel,Send Money,N/A,Android,8351.79,55,137915.12,Completed
TXN0002762,2024-05-08 22:37:19,CUST00215,Kariuki Kiplagat,Male,50,Nakuru,0701811786,M-Pesa,Pay Bill,DSTV/GOTV,Feature Phone,36523.42,108,81809.46,Completed
TXN0005250,2024-05-08 23:41:16,CUST00664,Anyango Kiplagat,Male,23,Migori,0768912626,M-Pesa,Send Money,N/A,Feature Phone,9242.94,62,234308.36,Completed
TXN0000488,2024-05-09 05:57:31,CUST00507,Kibet Wanjala,Male,37,Kericho,0768868388,M-Pesa,Pay Bill,Rent,Android,43614.93,105,221193.09,Completed
TXN0004080,2024-05-09 07:08:41,CUST00013,Jelagat Karanja,Female,51,Mombasa,0740235220,M-Pesa,Buy Goods (Till),Restaurant,Android,20810.61,0.0,129823.47,Failed
TXN0002468,2024-05-09 08:01:34,CUST00608,Onyango Otieno,Male,41,Kisumu,0710393914,M-Pesa,Buy Goods (Till),Supermarket,Android,4125.01,33,30767.33,Completed
TXN0003285,2024-05-09 08:26:28,CUST00423,Onyango Owuor,Female,23,Kisumu,0723266665,M-Pesa,Pay Bill,Insurance,Android,39498.46,100,92066.82,Completed
TXN0002146,2024-05-09 08:27:41,CUST00674,Nyokabi Wabwire,Male,61,Nairobi,0759882420,M-Pesa,Buy Goods (Till),Hardware,Android,7972.09,62,98211.35,Completed
TXN0004778,2024-05-09 09:39:10,CUST00605,Nyokabi Omollo,Female,44,Mombasa,0768762550,M-Pesa,Pay Bill,Internet (ISP),iOS,49596.01,108,242772.99,Completed
TXN0001948,2024-05-09 10:10:34,CUST00250,Nabwire Wanjala,Female,48,Nairobi,0790466438,M-Pesa,Withdraw Cash,N/A,Android,14304.62,62,169818.73,Completed
TXN0001598,2024-05-09 10:57:06,CUST00276,Nyambura Ochieng,Male,44,Homa Bay,0701861330,M-Pesa,Withdraw Cash,N/A,Feature Phone,8198.46,55,111082.75,Completed
TXN0004247,2024-05-09 13:22:08,CUST00029,Otieno Ochieng,Female,34,Nairobi,0790053749,M-Pesa,Deposit Cash,N/A,Feature Phone,25095.16,0.0,130173.36,Completed
TXN0003609,2024-05-09 13:47:28,CUST00390,Kibet Langat,Female,59,Homa Bay,0710711435,M-Pesa,Send Money,N/A,Feature Phone,28197.96,100,218865.43,Completed
TXN0000243,2024-05-09 14:47:57,CUST00517,Otieno Kamau,Male,53,Kakamega,0740991714,M-Pesa,Deposit Cash,N/A,Android,36630.55,0.0,70661.61,Completed
TXN0002867,2024-05-09 14:53:38,CUST00618,Nyokabi Amollo,Male,30,Meru,0723287811,M-Pesa,Buy Goods (Till),Clothing,Android,13611.02,87,215023.89,Completed
TXN0000614,2024-05-09 16:15:06,CUST00111,Maina Langat,Male,48,Mombasa,0722902196,M-Pesa,Reversal,N/A,Feature Phone,5510.11,0.0,70618.82,Completed
TXN0000185,2024-05-09 17:37:00,CUST00161,Ochieng Mutiso,Female,62,Nakuru,0710215228,M-Pesa,Airtime Purchase,N/A,Android,332.04,0.0,133166.43,Completed
TXN0001114,2024-05-09 17:52:45,CUST00289,Nafula Makau,Female,71,Kisumu,0768850161,M-Pesa,Deposit Cash,N/A,Android,37259.15,0.0,228023.69,Failed
TXN0005981,2024-05-09 19:15:12,CUST00552,Gitau Onyango,Female,61,Meru,0790733896,M-Pesa,Send Money,N/A,Android,67018.85,108,35512.68,Completed
TXN0003209,2024-05-09 20:00:58,CUST00118,Kiprop Makau,Female,45,Nairobi,0710530636,M-Pesa,Buy Goods (Till),Supermarket,Android,1947.89,33,152447.39,Completed
TXN0003034,2024-05-09 20:13:17,CUST00058,Mutua Odhiambo,Male,71,Kericho,0722962074,M-Pesa,Buy Goods (Till),Supermarket,Feature Phone,11676.19,62,60562.61,Completed
TXN0000026,2024-05-10 02:17:37,CUST00437,Anyango Njuguna,Female,18,Kisumu,0701447802,M-Pesa,Deposit Cash,N/A,Android,22060.18,0.0,197041.12,Completed
TXN0003472,2024-05-10 04:03:14,CUST00440,Auma Njoroge,Female,26,Nairobi,0722754053,M-Pesa,Send Money,N/A,Feature Phone,38145.96,100,235695.38,Completed
TXN0001939,2024-05-10 04:40:08,CUST00035,Simiyu Owuor,Male,47,Nairobi,0740911455,M-Pesa,Send Money,N/A,Feature Phone,12113.24,87,107934.3,Completed
TXN0005263,2024-05-10 06:26:35,CUST00659,Kiptoo Amollo,Female,52,Bungoma,0759455771,M-Pesa,Send Money,N/A,iOS,25330.65,105,183245.44,Completed
TXN0002098,2024-05-10 07:43:19,CUST00511,Simiyu Wabwire,Male,68,Kakamega,0790539381,Airtel Money,Withdraw Cash,N/A,Feature Phone,31205.6,105,2181.77,Completed
TXN0002581,2024-05-10 07:46:00,CUST00548,Muthoni Wekesa,Male,64,Kiambu,0701748138,M-Pesa,Withdraw Cash,N/A,Android,2821.52,33,216107.15,Completed
TXN0003403,2024-05-10 08:27:27,CUST00131,Wangari Kiplagat,Female,25,Kiambu,0740109849,Airtel Money,Send Money,N/A,Feature Phone,13048.35,62,127670.8,Completed
TXN0001806,2024-05-10 09:58:03,CUST00454,Adhiambo Njuguna,Female,48,Kajiado,0790048242,Airtel Money,Send Money,N/A,iOS,27124.91,105,199392.61,Completed
TXN0003384,2024-05-10 10:21:48,CUST00285,Kariuki Kamau,Male,51,Nyeri,0759984591,M-Pesa,Pay Bill,Rent,Feature Phone,48800.3,100,26295.31,Completed
TXN0002561,2024-05-10 14:50:20,CUST00392,Kagwe Sang,Female,46,Kiambu,0710112624,Airtel Money,Deposit Cash,N/A,Android,31509.38,0.0,207007.0,Completed
TXN0000817,2024-05-10 14:54:06,CUST00164,Adhiambo Wabwire,Male,30,Bomet,0723779673,M-Pesa,Send Money,N/A,Android,19741.2,62,3708.04,Completed
TXN0003760,2024-05-10 14:55:34,CUST00534,Njoroge Njuguna,Female,21,Uasin Gishu,0722554478,M-Pesa,Send Money,N/A,Android,6783.54,62,205236.52,Completed
TXN0003816,2024-05-10 15:09:34,CUST00514,Owino Waweru,Male,56,Nyeri,0759740066,Airtel Money,Buy Goods (Till),Clothing,Android,17218.93,62,93375.26,Completed
TXN0004483,2024-05-10 17:38:19,CUST00222,Wangari Barasa,Male,34,Kericho,0768773202,M-Pesa,Buy Goods (Till),Fuel Station,Android,23805.74,108,67271.69,Completed
TXN0001848,2024-05-10 19:02:21,CUST00015,Kemboi Waweru,Male,40,Mombasa,0701806607,Airtel Money,Pay Bill,School Fees,Android,52075.14,108,4709.63,Completed
TXN0000785,2024-05-10 19:41:33,CUST00101,Jelagat Ochieng,Male,69,Turkana,0111906079,M-Pesa,Pay Bill,DSTV/GOTV,Android,72491.72,108,78423.67,Completed
TXN0005122,2024-05-10 22:48:41,CUST00073,Ndungu Makau,Male,49,Kajiado,0790728212,M-Pesa,Pay Bill,Water Utility,Feature Phone,64328.73,100,128330.77,Completed
TXN0001647,2024-05-10 23:04:56,CUST00065,Owino Mutiso,Female,53,Kilifi,0768431652,M-Pesa,Pay Bill,Electricity (KPLC),Android,130087.07,100,125214.95,Completed
TXN0003426,2024-05-10 23:50:10,CUST00079,Gitau Kimani,Male,24,Kajiado,0768926242,M-Pesa,Send Money,N/A,iOS,28086.35,100,97795.73,Completed
TXN0002650,2024-05-11 02:54:18,CUST00446,Wanjiku Wekesa,Male,23,Meru,0790487626,M-Pesa,Buy Goods (Till),Pharmacy,Android,10752.86,55,217099.33,Completed
TXN0003104,2024-05-11 06:39:38,CUST00673,Ndungu Kiplagat,Male,28,Kakamega,0759913130,M-Pesa,Withdraw Cash,N/A,Android,7803.98,55,28948.09,Completed
TXN0003201,2024-05-11 06:51:34,CUST00386,Simiyu Mutiso,Female,47,Turkana,0768407336,M-Pesa,Send Money,N/A,Android,55526.6,108,102692.43,Completed
TXN0004455,2024-05-11 08:14:12,CUST00692,Nyambura Omollo,Male,20,Kisumu,0790018927,M-Pesa,Send Money,N/A,Android,27497.14,105,60066.15,Completed
TXN0001257,2024-05-11 09:33:41,CUST00168,Kipchoge Wabwire,Female,52,Trans Nzoia,0722580800,M-Pesa,Send Money,N/A,Android,27152.73,0.0,105531.08,Failed
TXN0001755,2024-05-11 11:04:47,CUST00149,Kipchoge Kiprono,Male,48,Kiambu,0740034235,M-Pesa,Withdraw Cash,N/A,Android,19161.53,87,68919.26,Completed
TXN0000610,2024-05-11 12:31:03,CUST00717,Nasike Njuguna,Female,72,Nairobi,0710148078,Airtel Money,Buy Goods (Till),Restaurant,Android,10385.5,55,98348.37,Completed
TXN0000388,2024-05-11 13:32:11,CUST00416,Mumbi Karanja,Male,66,Kakamega,0722764264,M-Pesa,Buy Goods (Till),Clothing,Feature Phone,8908.62,62,115879.29,Completed
TXN0003963,2024-05-11 15:43:32,CUST00308,Wairimu Njoroge,Male,34,Nyeri,0723788685,M-Pesa,Pay Bill,DSTV/GOTV,Android,103268.58,105,113017.58,Completed
TXN0004821,2024-05-11 16:06:45,CUST00654,Auma Njoroge,Male,65,Kakamega,0111756919,M-Pesa,Deposit Cash,N/A,Feature Phone,37552.27,0.0,104901.81,Completed
TXN0004918,2024-05-11 17:33:46,CUST00508,Ochieng Odhiambo,Male,71,Uasin Gishu,0759282183,M-Pesa,Deposit Cash,N/A,Android,39628.69,0.0,152346.06,Completed
TXN0005915,2024-05-11 20:01:53,CUST00273,Barasa Kimani,Male,32,Mombasa,0790208883,M-Pesa,Send Money,N/A,Android,48078.25,105,21694.67,Completed
TXN0000757,2024-05-11 21:39:06,CUST00549,Chelagat Sang,Female,18,Nairobi,0701350373,M-Pesa,Buy Goods (Till),Hardware,Android,16101.22,55,194504.61,Completed
TXN0003349,2024-05-11 22:43:24,CUST00045,Kemboi Ruto,Female,22,Kisumu,0111044438,M-Pesa,Send Money,N/A,Android,12329.74,62,242005.45,Completed
TXN0004001,2024-05-11 23:20:03,CUST00355,Anyango Gichuru,Male,33,Nairobi,0722566172,M-Pesa,Pay Bill,Rent,Android,80742.37,100,63145.37,Completed
TXN0000510,2024-05-12 01:41:09,CUST00670,Waweru Owuor,Female,63,Garissa,0740389430,M-Pesa,Airtime Purchase,N/A,Feature Phone,1122.64,0.0,45669.45,Completed
TXN0005698,2024-05-12 07:38:40,CUST00362,Rotich Otieno,Female,41,Uasin Gishu,0768870657,Airtel Money,Buy Goods (Till),Supermarket,Android,17735.84,55,167153.99,Completed
TXN0002074,2024-05-12 08:44:23,CUST00207,Akinyi Kimani,Male,28,Mombasa,0740614680,M-Pesa,Withdraw Cash,N/A,Feature Phone,24258.5,100,220596.16,Completed
TXN0002544,2024-05-12 14:16:10,CUST00485,Moraa Njuguna,Male,22,Nairobi,0722579170,M-Pesa,Buy Goods (Till),Fuel Station,iOS,20469.66,108,87773.32,Completed
TXN0000123,2024-05-12 14:34:04,CUST00204,Kiprop Kimani,Female,41,Nairobi,0111660677,M-Pesa,Pay Bill,Electricity (KPLC),Android,43743.08,108,87671.19,Completed
TXN0003950,2024-05-12 15:58:36,CUST00659,Kiptoo Amollo,Female,52,Bungoma,0759455771,M-Pesa,Send Money,N/A,iOS,38363.23,100,94501.27,Completed
TXN0002578,2024-05-12 16:26:58,CUST00236,Kemboi Njuguna,Male,70,Nairobi,0790721075,Airtel Money,Deposit Cash,N/A,Feature Phone,42793.36,0.0,227136.91,Completed
TXN0004142,2024-05-12 17:08:01,CUST00591,Simiyu Omollo,Male,47,Machakos,0740478834,Airtel Money,Withdraw Cash,N/A,Android,36013.13,108,44414.56,Completed
TXN0005343,2024-05-12 18:07:44,CUST00664,Anyango Kiplagat,Male,23,Migori,0768912626,M-Pesa,Withdraw Cash,N/A,Feature Phone,20807.11,108,192877.34,Completed
TXN0003684,2024-05-12 20:39:48,CUST00603,Wambui Owuor,Female,66,Migori,0768272255,M-Pesa,Send Money,N/A,Feature Phone,6649.67,87,243867.4,Completed
TXN0002619,2024-05-12 21:38:09,CUST00524,Njoroge Karanja,Female,34,Machakos,0790541749,M-Pesa,Send Money,N/A,iOS,13058.84,62,58110.86,Completed
TXN0000531,2024-05-12 23:29:33,CUST00620,Kirui Njoroge,Male,47,Nairobi,0790630235,Equitel,Pay Bill,DSTV/GOTV,Android,86019.24,100,172856.02,Completed
TXN0001749,2024-05-13 00:45:29,CUST00392,Kagwe Sang,Female,46,Kiambu,0710112624,Airtel Money,Send Money,N/A,Android,21596.97,100,180593.73,Completed
TXN0003729,2024-05-13 02:41:44,CUST00596,Omondi Mutiso,Female,33,Nairobi,0790889820,M-Pesa,Pay Bill,Water Utility,Android,81128.03,0.0,94054.53,Failed
TXN0000753,2024-05-13 04:31:42,CUST00589,Kamau Omollo,Male,50,Kajiado,0759841297,M-Pesa,Send Money,N/A,Android,26198.61,105,132472.13,Completed
TXN0000622,2024-05-13 04:38:48,CUST00208,Owino Waweru,Female,38,Bungoma,0740205667,M-Pesa,Withdraw Cash,N/A,Feature Phone,20795.24,108,90181.88,Completed
TXN0004037,2024-05-13 06:08:19,CUST00625,Nyokabi Omollo,Female,31,Kisumu,0740862851,M-Pesa,Buy Goods (Till),Supermarket,Android,17029.57,87,62704.51,Completed
TXN0003278,2024-05-13 07:44:34,CUST00282,Mutua Cheptoo,Male,47,Kiambu,0701734060,M-Pesa,Deposit Cash,N/A,Android,61172.3,0.0,24616.65,Completed
TXN0003052,2024-05-13 09:24:11,CUST00795,Mumbi Musyoka,Male,34,Kakamega,0722323715,M-Pesa,Withdraw Cash,N/A,iOS,36641.45,100,108170.13,Completed
TXN0002321,2024-05-13 09:53:20,CUST00576,Kipchoge Amollo,Female,67,Kajiado,0722131077,M-Pesa,Send Money,N/A,Feature Phone,54699.56,0.0,138621.27,Failed
TXN0003471,2024-05-13 10:29:43,CUST00721,Maina Karanja,Female,46,Kakamega,0710994324,M-Pesa,Airtime Purchase,N/A,Android,248.73,0.0,124471.05,Completed
TXN0001681,2024-05-13 11:53:14,CUST00006,Nafula Mutiso,Male,71,Kilifi,0722203229,Airtel Money,Buy Goods (Till),Clothing,Android,8181.84,55,169450.21,Completed
TXN0003746,2024-05-13 12:21:32,CUST00013,Jelagat Karanja,Female,51,Mombasa,0740235220,M-Pesa,Buy Goods (Till),Electronics,Android,5237.51,55,15162.16,Completed
TXN0002208,2024-05-13 13:48:33,CUST00271,Njoroge Ochieng,Male,68,Nairobi,0740678934,M-Pesa,Send Money,N/A,Android,21459.6,100,201531.09,Completed
TXN0000765,2024-05-13 14:20:59,CUST00248,Kiprop Onyango,Male,53,Nakuru,0111859075,Airtel Money,Buy Goods (Till),Hardware,Android,11551.97,62,195060.82,Completed
TXN0004397,2024-05-13 14:37:46,CUST00498,Nyokabi Wekesa,Male,19,Kisumu,0722485926,M-Pesa,Buy Goods (Till),Hardware,iOS,7651.0,55,129775.82,Completed
TXN0002255,2024-05-13 15:24:15,CUST00266,Kibet Sang,Male,71,Kisumu,0722662631,M-Pesa,Airtime Purchase,N/A,Android,599.61,0.0,154208.82,Completed
TXN0001740,2024-05-13 17:13:52,CUST00262,Owino Omollo,Male,65,Garissa,0768732284,Airtel Money,Send Money,N/A,Android,42166.46,105,127220.87,Completed
TXN0004123,2024-05-13 17:55:26,CUST00261,Kemboi Karanja,Male,53,Nairobi,0723477599,Airtel Money,Send Money,N/A,Android,12496.55,87,188148.42,Completed
TXN0003094,2024-05-13 21:29:38,CUST00729,Wanjiku Kiprono,Female,47,Migori,0701819450,M-Pesa,Buy Goods (Till),Electronics,Feature Phone,10478.38,62,97247.77,Completed
TXN0005037,2024-05-13 22:11:26,CUST00546,Barasa Mutiso,Female,68,Nakuru,0722758886,M-Pesa,Withdraw Cash,N/A,Android,36267.9,105,15238.32,Completed
TXN0001453,2024-05-13 23:08:00,CUST00308,Wairimu Njoroge,Male,34,Nyeri,0723788685,M-Pesa,Withdraw Cash,N/A,Android,4256.3,0.0,33484.13,Failed
TXN0004031,2024-05-14 06:23:56,CUST00139,Jelagat Mutiso,Male,44,Nairobi,0740479870,M-Pesa,Withdraw Cash,N/A,Android,47891.07,108,163365.85,Completed
TXN0003815,2024-05-14 07:47:57,CUST00672,Anyango Kamau,Male,57,Nairobi,0722777279,Airtel Money,Send Money,N/A,Feature Phone,8742.63,55,213651.34,Completed
TXN0001488,2024-05-14 08:30:08,CUST00110,Wangari Onyango,Female,23,Nakuru,0722307310,Airtel Money,Pay Bill,Water Utility,Android,72608.63,108,243638.21,Completed
TXN0004238,2024-05-14 10:31:16,CUST00707,Wangari Ruto,Male,18,Nairobi,0722341193,Airtel Money,Airtime Purchase,N/A,Feature Phone,580.95,0.0,129198.42,Completed
TXN0005883,2024-05-14 12:01:25,CUST00125,Njeri Barasa,Male,43,Trans Nzoia,0701578096,M-Pesa,Pay Bill,Rent,Android,33798.57,108,206260.83,Completed
TXN0001643,2024-05-14 12:53:58,CUST00316,Nabwire Kiprono,Male,21,Nairobi,0710549687,Airtel Money,Send Money,N/A,iOS,14766.46,55,54756.07,Completed
TXN0005278,2024-05-14 13:01:09,CUST00428,Wangari Odhiambo,Female,46,Nyeri,0710273671,M-Pesa,Send Money,N/A,Android,41454.23,108,148881.83,Completed
TXN0002907,2024-05-14 15:38:06,CUST00049,Mutua Onyango,Female,62,Nairobi,0111454737,M-Pesa,Airtime Purchase,N/A,Android,594.65,0.0,220501.12,Completed
TXN0003771,2024-05-14 16:26:30,CUST00466,Nyambura Omollo,Male,25,Nairobi,0111543276,Equitel,Send Money,N/A,Android,27063.05,105,199016.09,Completed
TXN0001561,2024-05-14 16:54:19,CUST00606,Nabwire Kimani,Female,69,Machakos,0768923511,M-Pesa,Pay Bill,Insurance,Android,24534.78,100,64927.06,Completed
TXN0002919,2024-05-14 17:53:23,CUST00417,Nabwire Gichuru,Female,61,Kiambu,0768799565,Airtel Money,Send Money,N/A,Feature Phone,26090.12,105,159431.69,Completed
TXN0004742,2024-05-14 19:21:43,CUST00451,Chelagat Ochieng,Male,38,Nairobi,0740783244,Airtel Money,Pay Bill,SACCO,Android,34653.87,105,14995.81,Completed
TXN0005610,2024-05-14 22:19:53,CUST00691,Wanjiku Wekesa,Male,54,Nairobi,0722874753,M-Pesa,Deposit Cash,N/A,Feature Phone,47113.75,0.0,13703.52,Completed
TXN0001224,2024-05-14 23:28:55,CUST00317,Jelagat Wanjala,Male,48,Kericho,0710241576,M-Pesa,Deposit Cash,N/A,Android,17422.39,0.0,96414.23,Completed
TXN0005666,2024-05-15 05:15:01,CUST00585,Njeri Ochieng,Female,61,Nairobi,0722230725,M-Pesa,Pay Bill,Water Utility,Android,94011.68,105,55710.19,Completed
TXN0004265,2024-05-15 06:14:38,CUST00667,Ochieng Makau,Male,37,Machakos,0701035220,M-Pesa,Buy Goods (Till),Fuel Station,Android,12672.05,62,109273.69,Completed
TXN0000533,2024-05-15 08:22:42,CUST00526,Onyango Musyoka,Female,25,Kericho,0710108115,M-Pesa,Send Money,N/A,Feature Phone,52544.1,100,141503.73,Completed
TXN0003973,2024-05-15 08:25:08,CUST00714,Cherono Ochieng,Male,24,Nairobi,0111025057,M-Pesa,Send Money,N/A,Android,54067.71,0.0,97939.39,Reversed
TXN0002241,2024-05-15 08:27:41,CUST00800,Kagwe Omollo,Male,70,Nairobi,0722110362,M-Pesa,Withdraw Cash,N/A,Android,12524.17,87,114809.56,Completed
TXN0001231,2024-05-15 09:56:30,CUST00636,Ochieng Waweru,Female,59,Kiambu,0768137119,M-Pesa,Deposit Cash,N/A,Feature Phone,94805.36,0.0,152931.01,Completed
TXN0004860,2024-05-15 11:53:01,CUST00550,Mutua Kiprono,Female,69,Mombasa,0768895694,M-Pesa,Withdraw Cash,N/A,Feature Phone,9519.83,87,8830.84,Completed
TXN0003607,2024-05-15 12:13:47,CUST00005,Nyambura Ruto,Female,40,Nairobi,0790760652,M-Pesa,Send Money,N/A,Android,39763.37,108,215630.68,Completed
TXN0000927,2024-05-15 12:17:47,CUST00411,Nafula Kimani,Female,63,Kilifi,0701228693,M-Pesa,Send Money,N/A,Android,34897.03,108,108774.02,Completed
TXN0001425,2024-05-15 13:54:34,CUST00097,Chelagat Ruto,Male,40,Nyeri,0710211676,M-Pesa,Send Money,N/A,Feature Phone,2498.65,33,235519.89,Completed
TXN0004278,2024-05-15 14:36:08,CUST00395,Nyambura Odhiambo,Male,36,Machakos,0759145902,M-Pesa,Reversal,N/A,Android,10729.03,0.0,38696.89,Completed
TXN0002480,2024-05-15 15:42:25,CUST00738,Waweru Omollo,Male,24,Meru,0710567862,M-Pesa,Withdraw Cash,N/A,iOS,42678.08,105,31121.39,Completed
TXN0003831,2024-05-15 15:58:34,CUST00511,Simiyu Wabwire,Male,68,Kakamega,0790539381,Airtel Money,Pay Bill,DSTV/GOTV,Feature Phone,25489.76,108,95599.37,Completed
TXN0000464,2024-05-15 16:28:18,CUST00425,Kagwe Gichuru,Female,54,Nairobi,0701556270,M-Pesa,Pay Bill,Electricity (KPLC),Android,11683.94,87,122866.26,Completed
TXN0004373,2024-05-15 18:51:35,CUST00268,Nyambura Wabwire,Male,69,Nakuru,0740292051,M-Pesa,Buy Goods (Till),Hardware,Feature Phone,5656.47,0.0,149399.35,Failed
TXN0004253,2024-05-15 21:16:02,CUST00345,Nasike Kiplagat,Female,52,Migori,0759496156,M-Pesa,Pay Bill,Rent,Android,12496.02,62,248920.57,Completed
TXN0001190,2024-05-15 22:18:41,CUST00228,Achieng Wanjala,Male,57,Machakos,0790484034,M-Pesa,Withdraw Cash,N/A,Feature Phone,13244.58,62,21776.9,Completed
TXN0000375,2024-05-15 23:19:44,CUST00326,Cheruiyot Wanjala,Female,21,Migori,0710642682,M-Pesa,Send Money,N/A,Android,3241.44,40,230459.94,Completed
TXN0003022,2024-05-16 03:52:18,CUST00296,Nyokabi Ruto,Female,36,Nairobi,0759457613,M-Pesa,Send Money,N/A,Android,34989.04,100,78344.81,Completed
TXN0004672,2024-05-16 05:10:02,CUST00578,Mwangi Cheptoo,Female,35,Uasin Gishu,0701117661,M-Pesa,Pay Bill,Internet (ISP),Feature Phone,17335.97,55,66124.78,Completed
TXN0001492,2024-05-16 06:08:08,CUST00180,Nyambura Waweru,Male,35,Mombasa,0701739746,M-Pesa,Send Money,N/A,Android,50015.14,108,106803.92,Completed
TXN0005011,2024-05-16 08:31:19,CUST00235,Kibet Kiprono,Female,28,Nyeri,0768796196,Airtel Money,Pay Bill,SACCO,Feature Phone,62823.45,100,144588.16,Completed
TXN0005481,2024-05-16 11:40:29,CUST00073,Ndungu Makau,Male,49,Kajiado,0790728212,M-Pesa,Buy Goods (Till),Fuel Station,Feature Phone,3762.34,40,43022.11,Completed
TXN0000500,2024-05-16 12:11:20,CUST00635,Rotich Njuguna,Male,67,Bungoma,0710227601,M-Pesa,Pay Bill,Electricity (KPLC),Android,50159.15,100,124998.71,Completed
TXN0003584,2024-05-16 12:30:11,CUST00636,Ochieng Waweru,Female,59,Kiambu,0768137119,M-Pesa,Airtime Purchase,N/A,Feature Phone,1400.24,0.0,116139.68,Completed
TXN0000358,2024-05-16 14:41:35,CUST00178,Chebet Kiprono,Female,23,Nairobi,0701551055,Airtel Money,Pay Bill,Internet (ISP),Feature Phone,79406.91,105,96225.35,Completed
TXN0002642,2024-05-16 17:03:30,CUST00541,Achieng Musyoka,Female,43,Mombasa,0701200552,M-Pesa,Withdraw Cash,N/A,Feature Phone,18134.92,87,11436.48,Completed
TXN0000181,2024-05-16 17:06:26,CUST00163,Cherono Onyango,Male,61,Machakos,0722817754,Airtel Money,Withdraw Cash,N/A,Android,61940.65,0.0,137517.59,Failed
TXN0001832,2024-05-16 17:29:03,CUST00339,Barasa Musyoka,Male,71,Machakos,0701723583,M-Pesa,Buy Goods (Till),Pharmacy,Android,22521.25,105,222116.87,Completed
TXN0002344,2024-05-16 18:38:12,CUST00767,Ochieng Owuor,Male,28,Kilifi,0723083435,M-Pesa,Buy Goods (Till),Supermarket,Android,11650.73,55,80769.07,Completed
TXN0005217,2024-05-16 20:44:32,CUST00161,Ochieng Mutiso,Female,62,Nakuru,0710215228,M-Pesa,Pay Bill,School Fees,Android,64064.99,105,69583.66,Completed
TXN0001780,2024-05-17 05:10:33,CUST00656,Kariuki Barasa,Female,62,Machakos,0710636767,Airtel Money,Send Money,N/A,Android,20925.05,100,32770.46,Completed
TXN0004199,2024-05-17 06:08:21,CUST00533,Ochieng Kimani,Female,59,Kisumu,0790408396,M-Pesa,Send Money,N/A,Android,38269.16,100,249677.64,Completed
TXN0005497,2024-05-17 08:12:56,CUST00605,Nyokabi Omollo,Female,44,Mombasa,0768762550,M-Pesa,Withdraw Cash,N/A,iOS,48666.72,105,130752.7,Completed
TXN0001199,2024-05-17 09:05:09,CUST00158,Akinyi Sang,Female,19,Nairobi,0723105707,M-Pesa,Withdraw Cash,N/A,Android,32673.53,100,44659.55,Completed
TXN0001094,2024-05-17 10:15:58,CUST00454,Adhiambo Njuguna,Female,48,Kajiado,0790048242,Airtel Money,Withdraw Cash,N/A,iOS,44571.09,108,12379.37,Completed
TXN0005685,2024-05-17 12:37:16,CUST00537,Onyango Langat,Female,43,Garissa,0701386696,Airtel Money,Pay Bill,Water Utility,Android,51984.0,100,177910.23,Completed
TXN0002356,2024-05-17 12:50:20,CUST00666,Muthoni Wabwire,Male,39,Bungoma,0710820393,M-Pesa,Send Money,N/A,iOS,15446.88,62,34584.33,Completed
TXN0003001,2024-05-17 13:07:30,CUST00693,Wairimu Ochieng,Male,18,Kakamega,0111398218,M-Pesa,Send Money,N/A,iOS,33840.68,105,211899.9,Completed
TXN0003558,2024-05-17 14:43:38,CUST00584,Mumbi Ochieng,Female,23,Trans Nzoia,0722386708,M-Pesa,Buy Goods (Till),Hardware,Android,6264.22,87,187114.17,Completed
TXN0005289,2024-05-17 15:23:41,CUST00506,Wafula Wekesa,Male,35,Nairobi,0790725607,Airtel Money,Buy Goods (Till),Clothing,Android,20064.84,105,204631.21,Completed
TXN0001965,2024-05-17 16:02:10,CUST00482,Auma Cheptoo,Male,62,Nairobi,0740329471,M-Pesa,Pay Bill,Internet (ISP),Android,29191.06,100,103820.14,Completed
TXN0004733,2024-05-17 20:12:47,CUST00067,Wanjiku Makau,Female,27,Nakuru,0710072630,M-Pesa,Deposit Cash,N/A,Android,30901.83,0.0,147602.39,Completed
TXN0005761,2024-05-17 20:50:09,CUST00380,Otieno Chepkwony,Female,35,Nairobi,0111860396,M-Pesa,Buy Goods (Till),Hardware,Android,12413.53,62,84581.74,Completed
TXN0004475,2024-05-17 21:10:58,CUST00460,Wambui Musyoka,Male,65,Migori,0740773854,M-Pesa,Buy Goods (Till),Hardware,Android,12073.69,55,132736.83,Completed
TXN0004119,2024-05-17 21:59:21,CUST00278,Kemboi Cheptoo,Male,39,Kisumu,0723474661,Airtel Money,Pay Bill,DSTV/GOTV,Feature Phone,112268.16,105,128739.54,Completed
TXN0001313,2024-05-17 23:25:53,CUST00277,Nasike Wabwire,Male,49,Nairobi,0768406085,M-Pesa,Send Money,N/A,Feature Phone,25736.71,108,477.75,Completed
TXN0004211,2024-05-18 00:35:39,CUST00640,Wangari Ruto,Female,60,Nakuru,0722988084,Airtel Money,Buy Goods (Till),Electronics,iOS,21668.48,108,19008.8,Completed
TXN0004012,2024-05-18 09:32:18,CUST00264,Omondi Mutiso,Female,63,Nairobi,0723461602,M-Pesa,Send Money,N/A,Android,28382.55,108,140535.57,Completed
TXN0000208,2024-05-18 10:50:04,CUST00212,Omondi Chepkwony,Male,38,Nakuru,0723349229,M-Pesa,Send Money,N/A,Android,15182.51,55,162499.17,Completed
TXN0001534,2024-05-18 10:53:20,CUST00467,Wairimu Wekesa,Female,52,Kiambu,0722441430,M-Pesa,Send Money,N/A,iOS,32729.06,105,170560.07,Completed
TXN0004853,2024-05-18 12:27:24,CUST00739,Kiprop Mwangi,Male,19,Mombasa,0710079037,M-Pesa,Buy Goods (Till),Pharmacy,Android,23368.43,105,138750.94,Completed
TXN0005746,2024-05-18 13:58:55,CUST00216,Achieng Cheptoo,Male,18,Nairobi,0701391908,M-Pesa,Send Money,N/A,Android,53420.88,105,126683.0,Completed
TXN0000161,2024-05-18 17:45:35,CUST00301,Wairimu Kamau,Male,59,Nyeri,0723757091,Airtel Money,Buy Goods (Till),Fuel Station,Android,1556.85,33,148944.73,Completed
TXN0000646,2024-05-18 17:46:05,CUST00397,Nasike Makau,Male,62,Machakos,0790482569,M-Pesa,Buy Goods (Till),Supermarket,Android,8041.62,55,930.44,Completed
TXN0004505,2024-05-18 17:46:52,CUST00223,Chebet Wekesa,Male,46,Mombasa,0768137448,M-Pesa,Pay Bill,School Fees,Feature Phone,112694.3,100,180252.69,Completed
TXN0002553,2024-05-18 20:59:02,CUST00455,Gitau Otieno,Male,20,Trans Nzoia,0759054784,M-Pesa,Send Money,N/A,Android,40102.38,105,189822.35,Completed
TXN0005624,2024-05-18 22:04:39,CUST00789,Kipchoge Makau,Male,42,Kilifi,0768902074,M-Pesa,Pay Bill,Insurance,Android,87826.95,105,59942.75,Completed
TXN0005182,2024-05-18 22:05:55,CUST00576,Kipchoge Amollo,Female,67,Kajiado,0722131077,M-Pesa,Withdraw Cash,N/A,Feature Phone,60927.47,100,83617.17,Completed
TXN0005249,2024-05-18 22:13:28,CUST00325,Kiprop Amollo,Male,27,Mombasa,0768023679,M-Pesa,Send Money,N/A,Android,20656.69,105,241666.51,Completed
TXN0005422,2024-05-18 23:04:30,CUST00727,Kemboi Karanja,Male,34,Nairobi,0722093713,M-Pesa,Buy Goods (Till),Supermarket,Android,10343.69,62,128676.36,Completed
TXN0000257,2024-05-19 04:26:24,CUST00742,Anyango Ochieng,Male,49,Bungoma,0768090633,Airtel Money,Buy Goods (Till),Restaurant,Feature Phone,4710.85,40,185160.5,Completed
TXN0003867,2024-05-19 06:09:02,CUST00697,Anyango Odhiambo,Male,56,Nairobi,0710029915,M-Pesa,Send Money,N/A,Feature Phone,50350.28,108,17559.09,Completed
TXN0002414,2024-05-19 06:30:27,CUST00030,Barasa Otieno,Male,63,Mombasa,0759957763,M-Pesa,Send Money,N/A,Android,53586.99,100,104627.26,Completed
TXN0002234,2024-05-19 09:58:53,CUST00330,Simiyu Kiplagat,Female,42,Uasin Gishu,0740794450,M-Pesa,Buy Goods (Till),Pharmacy,Android,14349.63,55,193219.01,Completed
TXN0003132,2024-05-19 13:00:49,CUST00397,Nasike Makau,Male,62,Machakos,0790482569,M-Pesa,Pay Bill,Rent,Android,59421.32,100,241721.63,Completed
TXN0001019,2024-05-19 14:27:05,CUST00354,Barasa Musyoka,Male,58,Kiambu,0111882163,M-Pesa,Reversal,N/A,Android,8690.77,0.0,167506.48,Completed
TXN0004914,2024-05-19 16:57:42,CUST00340,Nabwire Njuguna,Male,59,Kakamega,0710923574,M-Pesa,Pay Bill,Rent,Android,75026.97,108,12309.24,Completed
TXN0002332,2024-05-19 18:25:49,CUST00734,Rotich Kiplagat,Male,50,Uasin Gishu,0722682751,Airtel Money,Airtime Purchase,N/A,iOS,633.5,0.0,120108.61,Completed
TXN0002467,2024-05-19 18:54:09,CUST00056,Rotich Njuguna,Female,60,Bungoma,0740456980,M-Pesa,Buy Goods (Till),Clothing,Android,23613.32,100,86443.56,Completed
TXN0004480,2024-05-19 19:12:45,CUST00139,Jelagat Mutiso,Male,44,Nairobi,0740479870,M-Pesa,Airtime Purchase,N/A,Android,1883.99,0.0,174303.03,Completed
TXN0003153,2024-05-19 19:15:42,CUST00065,Owino Mutiso,Female,53,Kilifi,0768431652,M-Pesa,Buy Goods (Till),Hardware,Android,3835.84,33,2063.67,Completed
TXN0001082,2024-05-19 20:25:55,CUST00343,Kemboi Kariuki,Male,65,Meru,0723230940,M-Pesa,Send Money,N/A,Android,42343.65,108,12530.24,Completed
TXN0003978,2024-05-19 22:08:29,CUST00316,Nabwire Kiprono,Male,21,Nairobi,0710549687,Airtel Money,Reversal,N/A,iOS,16094.01,0.0,237805.72,Completed
TXN0002684,2024-05-20 06:14:27,CUST00323,Maina Njoroge,Female,44,Uasin Gishu,0759435233,M-Pesa,Pay Bill,Electricity (KPLC),Feature Phone,47002.16,105,9638.1,Completed
TXN0004771,2024-05-20 06:38:29,CUST00751,Cherono Waweru,Male,25,Nairobi,0710652007,M-Pesa,Withdraw Cash,N/A,Android,4185.17,33,157509.13,Completed
TXN0005600,2024-05-20 07:14:15,CUST00034,Onyango Waweru,Male,58,Uasin Gishu,0768426077,M-Pesa,Pay Bill,Rent,Android,48655.54,100,137561.46,Completed
TXN0001100,2024-05-20 07:59:19,CUST00368,Nabwire Wabwire,Female,31,Nyeri,0111718659,M-Pesa,Buy Goods (Till),Fuel Station,Android,16181.08,62,36626.98,Completed
TXN0005015,2024-05-20 08:10:24,CUST00204,Kiprop Kimani,Female,41,Nairobi,0111660677,M-Pesa,Send Money,N/A,Android,45338.9,108,108041.19,Completed
TXN0003164,2024-05-20 10:33:37,CUST00532,Maina Waweru,Male,69,Nakuru,0710440342,M-Pesa,Withdraw Cash,N/A,Android,38067.04,100,169820.67,Completed
TXN0000779,2024-05-20 12:14:11,CUST00742,Anyango Ochieng,Male,49,Bungoma,0768090633,Airtel Money,Send Money,N/A,Feature Phone,29534.0,108,150600.03,Completed
TXN0000912,2024-05-20 12:25:51,CUST00798,Nafula Odhiambo,Female,65,Nairobi,0701076441,M-Pesa,Send Money,N/A,Feature Phone,10183.11,55,105614.95,Completed
TXN0004822,2024-05-20 13:11:07,CUST00052,Chebet Cheptoo,Female,18,Uasin Gishu,0701439281,M-Pesa,Send Money,N/A,Android,19350.62,87,238984.5,Completed
TXN0004347,2024-05-20 13:53:05,CUST00757,Cherono Mutiso,Female,67,Nyeri,0740077382,M-Pesa,Send Money,N/A,Feature Phone,17357.55,87,159209.91,Completed
TXN0005721,2024-05-20 14:32:38,CUST00497,Kirui Ochieng,Female,45,Kiambu,0111402230,M-Pesa,Buy Goods (Till),Clothing,Feature Phone,29327.83,105,184453.14,Completed
TXN0004826,2024-05-20 17:28:27,CUST00019,Mumbi Musyoka,Male,50,Homa Bay,0759190156,M-Pesa,Send Money,N/A,Android,14329.27,62,216811.89,Completed
TXN0005281,2024-05-20 18:02:02,CUST00050,Kagwe Njoroge,Male,38,Nairobi,0759961725,M-Pesa,Pay Bill,School Fees,Android,13462.66,87,155474.53,Completed
TXN0004690,2024-05-20 18:51:24,CUST00291,Wangari Owuor,Female,68,Bungoma,0790603476,T-Kash,Buy Goods (Till),Hardware,Android,17668.53,62,239435.43,Completed
TXN0000653,2024-05-20 19:02:40,CUST00096,Chebet Omollo,Female,45,Machakos,0759087270,M-Pesa,Deposit Cash,N/A,Android,113805.67,0.0,212892.47,Completed
TXN0005316,2024-05-20 19:24:44,CUST00457,Onyango Kiplagat,Male,67,Nairobi,0768186706,M-Pesa,Buy Goods (Till),Fuel Station,Android,4668.33,40,211882.87,Completed
TXN0001853,2024-05-20 19:26:10,CUST00099,Jelagat Kimani,Female,37,Bungoma,0722304032,M-Pesa,Pay Bill,Loan Repayment,iOS,46547.08,108,109196.59,Completed
TXN0003553,2024-05-20 21:44:45,CUST00762,Kagwe Wabwire,Female,45,Nairobi,0740455446,M-Pesa,Send Money,N/A,iOS,4788.99,40,238049.79,Completed
TXN0000878,2024-05-21 05:51:28,CUST00078,Achieng Barasa,Male,49,Nairobi,0740814679,M-Pesa,Pay Bill,Internet (ISP),Feature Phone,29183.77,100,81275.63,Completed
TXN0005180,2024-05-21 06:46:26,CUST00628,Anyango Onyango,Female,28,Mombasa,0768577870,M-Pesa,Send Money,N/A,Feature Phone,14729.64,87,33801.14,Completed
TXN0001763,2024-05-21 07:13:15,CUST00418,Muthoni Karanja,Male,53,Bomet,0722783882,M-Pesa,Send Money,N/A,Android,17052.64,62,230712.27,Completed
TXN0000326,2024-05-21 08:26:10,CUST00410,Nyokabi Amollo,Female,30,Nyeri,0759097508,M-Pesa,Pay Bill,Rent,Android,103858.63,108,199199.33,Completed
TXN0000484,2024-05-21 09:03:00,CUST00446,Wanjiku Wekesa,Male,23,Meru,0790487626,M-Pesa,Pay Bill,School Fees,Android,74651.79,108,11823.63,Completed
TXN0000616,2024-05-21 10:40:37,CUST00566,Wairimu Wanjala,Male,38,Nakuru,0722493105,M-Pesa,Withdraw Cash,N/A,Android,16141.41,62,164045.42,Completed
TXN0004358,2024-05-21 11:09:27,CUST00167,Kariuki Chepkwony,Male,59,Migori,0111289641,Airtel Money,Withdraw Cash,N/A,Android,9277.42,87,77938.48,Completed
TXN0000886,2024-05-21 11:35:23,CUST00532,Maina Waweru,Male,69,Nakuru,0710440342,M-Pesa,Send Money,N/A,Android,10481.86,55,33679.07,Completed
TXN0005681,2024-05-21 13:17:56,CUST00570,Maina Chepkwony,Male,59,Bungoma,0790548571,M-Pesa,Send Money,N/A,Android,44828.66,105,146991.87,Completed
TXN0002259,2024-05-21 14:39:33,CUST00391,Kirui Chepkwony,Male,42,Nairobi,0710956181,M-Pesa,Airtime Purchase,N/A,Android,624.36,0.0,6314.85,Completed
TXN0003390,2024-05-21 15:23:39,CUST00273,Barasa Kimani,Male,32,Mombasa,0790208883,M-Pesa,Deposit Cash,N/A,Android,77195.42,0.0,118220.92,Completed
TXN0002116,2024-05-21 15:40:45,CUST00069,Maina Kimani,Male,63,Garissa,0701120303,M-Pesa,Pay Bill,Loan Repayment,Android,44894.22,108,92404.38,Completed
TXN0004473,2024-05-21 16:00:16,CUST00772,Kariuki Wabwire,Male,61,Nairobi,0710525140,M-Pesa,Send Money,N/A,Android,29734.33,108,47431.64,Completed
TXN0004818,2024-05-21 19:08:22,CUST00591,Simiyu Omollo,Male,47,Machakos,0740478834,Airtel Money,Send Money,N/A,Android,53979.65,100,219621.49,Completed
TXN0001261,2024-05-21 19:54:41,CUST00480,Wafula Gichuru,Male,53,Machakos,0759877849,M-Pesa,Buy Goods (Till),Supermarket,Android,15746.21,62,195828.3,Completed
TXN0005582,2024-05-21 21:12:14,CUST00015,Kemboi Waweru,Male,40,Mombasa,0701806607,Airtel Money,Deposit Cash,N/A,Android,102831.3,0.0,35955.1,Completed
TXN0004313,2024-05-21 21:26:37,CUST00612,Simiyu Njuguna,Male,24,Nakuru,0722282629,M-Pesa,Send Money,N/A,Feature Phone,25691.85,108,161112.68,Completed
TXN0001784,2024-05-21 21:27:57,CUST00335,Wairimu Otieno,Female,50,Kiambu,0710415306,M-Pesa,Buy Goods (Till),Supermarket,Android,11815.52,62,182980.73,Completed
TXN0003856,2024-05-21 22:30:14,CUST00174,Kipchoge Wabwire,Male,72,Kiambu,0740577301,M-Pesa,Buy Goods (Till),Hardware,Feature Phone,4610.27,40,123878.75,Completed
TXN0003169,2024-05-21 22:55:29,CUST00696,Omondi Karanja,Female,48,Nairobi,0710481591,M-Pesa,Pay Bill,Electricity (KPLC),Android,25314.19,100,62941.33,Completed
TXN0004642,2024-05-21 23:56:30,CUST00723,Simiyu Amollo,Male,53,Nairobi,0723213034,M-Pesa,Buy Goods (Till),Restaurant,Android,16802.68,62,57953.62,Completed
TXN0000111,2024-05-22 00:27:05,CUST00702,Akinyi Mutiso,Male,25,Nakuru,0723861556,M-Pesa,Send Money,N/A,Android,49570.33,100,6323.89,Completed
TXN0002938,2024-05-22 03:08:13,CUST00562,Nabwire Kiplagat,Female,39,Bungoma,0701881167,M-Pesa,Withdraw Cash,N/A,Android,7503.68,55,236661.44,Completed
TXN0000864,2024-05-22 06:06:30,CUST00737,Wangari Chepkwony,Female,43,Nairobi,0768885169,M-Pesa,Airtime Purchase,N/A,Feature Phone,901.25,0.0,1591.35,Completed
TXN0001530,2024-05-22 06:30:09,CUST00008,Moraa Musyoka,Male,23,Kilifi,0723116535,M-Pesa,Send Money,N/A,Android,15505.54,87,179079.51,Completed
TXN0003490,2024-05-22 06:58:24,CUST00002,Kiptoo Njoroge,Male,63,Kakamega,0759442871,M-Pesa,Send Money,N/A,Android,30696.72,100,58603.23,Completed
TXN0001056,2024-05-22 07:28:51,CUST00343,Kemboi Kariuki,Male,65,Meru,0723230940,M-Pesa,Buy Goods (Till),Supermarket,Android,3188.14,40,180251.52,Completed
TXN0004420,2024-05-22 07:39:15,CUST00457,Onyango Kiplagat,Male,67,Nairobi,0768186706,M-Pesa,Send Money,N/A,Android,14125.19,55,76549.75,Completed
TXN0002279,2024-05-22 08:14:42,CUST00250,Nabwire Wanjala,Female,48,Nairobi,0790466438,M-Pesa,Send Money,N/A,Android,20348.74,100,149094.42,Completed
TXN0002574,2024-05-22 08:43:03,CUST00749,Omondi Sang,Female,38,Nairobi,0111672532,M-Pesa,Withdraw Cash,N/A,Android,37893.24,105,90213.08,Completed
TXN0000512,2024-05-22 09:39:52,CUST00143,Wambui Kariuki,Female,65,Mombasa,0740825217,M-Pesa,Send Money,N/A,Android,60603.96,100,109524.32,Completed
TXN0004030,2024-05-22 09:50:40,CUST00226,Nafula Kimani,Female,59,Nairobi,0790909168,M-Pesa,Send Money,N/A,Feature Phone,56513.65,105,60082.35,Completed
TXN0005512,2024-05-22 10:17:39,CUST00052,Chebet Cheptoo,Female,18,Uasin Gishu,0701439281,M-Pesa,Send Money,N/A,Android,29739.61,108,162298.61,Completed
TXN0004772,2024-05-22 14:27:40,CUST00519,Njoroge Makau,Female,49,Nakuru,0768869264,M-Pesa,Airtime Purchase,N/A,Android,1033.62,0.0,130894.15,Completed
TXN0003090,2024-05-22 15:00:32,CUST00203,Otieno Ochieng,Female,72,Nairobi,0701092616,M-Pesa,Buy Goods (Till),Fuel Station,iOS,22107.15,108,164233.19,Completed
TXN0000101,2024-05-22 15:14:57,CUST00198,Kamau Njuguna,Male,40,Kisumu,0759192595,Airtel Money,Send Money,N/A,Feature Phone,42680.69,108,182330.78,Completed
TXN0000841,2024-05-22 17:32:32,CUST00703,Akinyi Amollo,Female,36,Kiambu,0723243297,Airtel Money,Buy Goods (Till),Electronics,Feature Phone,5644.51,87,97804.83,Completed
TXN0002940,2024-05-22 17:38:11,CUST00672,Anyango Kamau,Male,57,Nairobi,0722777279,Airtel Money,Buy Goods (Till),Hardware,Feature Phone,4753.45,40,231500.54,Completed
TXN0002080,2024-05-22 18:21:22,CUST00452,Kipchoge Onyango,Female,41,Nairobi,0740692160,M-Pesa,Buy Goods (Till),Restaurant,Feature Phone,12273.19,87,71994.77,Completed
TXN0003005,2024-05-22 18:45:03,CUST00785,Auma Kiplagat,Female,64,Mombasa,0722938537,M-Pesa,Buy Goods (Till),Restaurant,Android,20122.23,108,57938.51,Completed
TXN0000350,2024-05-22 20:30:38,CUST00399,Gitau Otieno,Female,39,Kiambu,0740022735,M-Pesa,Withdraw Cash,N/A,Android,54740.22,100,84585.99,Completed
TXN0001166,2024-05-22 21:28:29,CUST00187,Owino Kamau,Male,48,Nairobi,0768908733,Airtel Money,Send Money,N/A,Android,52052.28,105,34177.22,Completed
TXN0003974,2024-05-22 22:32:23,CUST00247,Adhiambo Gichuru,Male,30,Nairobi,0768062815,M-Pesa,Pay Bill,Water Utility,Feature Phone,30330.88,105,68643.67,Completed
TXN0002524,2024-05-22 22:32:30,CUST00283,Kiptoo Owuor,Female,41,Meru,0722848742,M-Pesa,Buy Goods (Till),Hardware,Android,4388.72,33,49746.69,Completed
TXN0000385,2024-05-22 22:44:11,CUST00653,Chebet Kiprono,Female,38,Kilifi,0722874116,M-Pesa,Withdraw Cash,N/A,Android,57601.62,105,220484.37,Completed
TXN0003808,2024-05-23 07:03:59,CUST00214,Muthoni Kiprono,Male,65,Bungoma,0790718345,M-Pesa,Buy Goods (Till),Pharmacy,iOS,9215.54,87,24926.25,Completed
TXN0004349,2024-05-23 08:04:38,CUST00239,Nyambura Karanja,Female,44,Kisumu,0768338757,M-Pesa,Pay Bill,Rent,Android,23090.83,0.0,91200.4,Reversed
TXN0004286,2024-05-23 08:21:34,CUST00758,Njeri Musyoka,Male,21,Nairobi,0740434387,M-Pesa,Pay Bill,Rent,Android,62520.63,105,182100.08,Completed
TXN0004219,2024-05-23 09:06:21,CUST00450,Wairimu Wekesa,Male,28,Bungoma,0701502454,M-Pesa,Pay Bill,School Fees,Feature Phone,16410.25,87,113775.54,Completed
TXN0005773,2024-05-23 09:27:29,CUST00562,Nabwire Kiplagat,Female,39,Bungoma,0701881167,M-Pesa,Send Money,N/A,Android,41475.94,108,179568.31,Completed
TXN0001477,2024-05-23 10:52:16,CUST00536,Nyokabi Wabwire,Female,69,Nairobi,0710092640,M-Pesa,Deposit Cash,N/A,Android,35897.61,0.0,138823.99,Completed
TXN0003376,2024-05-23 11:15:52,CUST00378,Kirui Owuor,Male,63,Nairobi,0111450195,M-Pesa,Buy Goods (Till),Hardware,Android,13976.95,0.0,95549.39,Failed
TXN0000793,2024-05-23 11:22:26,CUST00597,Nyambura Owuor,Male,42,Kilifi,0759351754,T-Kash,Airtime Purchase,N/A,Android,899.6,0.0,12574.79,Completed
TXN0001703,2024-05-23 11:25:05,CUST00523,Onyango Kiprono,Female,23,Kiambu,0759423949,M-Pesa,Pay Bill,Loan Repayment,Android,20071.82,0.0,62192.42,Reversed
TXN0001956,2024-05-23 11:44:47,CUST00063,Moraa Langat,Female,35,Nakuru,0701925395,Airtel Money,Pay Bill,SACCO,Feature Phone,44402.01,105,195689.07,Completed
TXN0000723,2024-05-23 12:36:27,CUST00126,Auma Karanja,Female,71,Bungoma,0710715885,M-Pesa,Send Money,N/A,Android,10483.03,55,247666.88,Completed
TXN0000439,2024-05-23 12:37:08,CUST00614,Rotich Langat,Male,61,Kilifi,0768331027,M-Pesa,Send Money,N/A,Android,15318.71,87,216024.38,Completed
TXN0005411,2024-05-23 12:58:10,CUST00784,Onyango Waweru,Male,70,Mombasa,0722213506,M-Pesa,Pay Bill,SACCO,Android,47516.8,108,141436.54,Completed
TXN0005677,2024-05-23 13:34:31,CUST00343,Kemboi Kariuki,Male,65,Meru,0723230940,M-Pesa,Reversal,N/A,Android,5393.01,0.0,51265.43,Completed
TXN0003416,2024-05-23 13:57:20,CUST00657,Rotich Kimani,Female,46,Nakuru,0723116925,Equitel,Send Money,N/A,Android,56995.68,108,146555.91,Completed
TXN0005253,2024-05-23 14:38:42,CUST00727,Kemboi Karanja,Male,34,Nairobi,0722093713,M-Pesa,Buy Goods (Till),Pharmacy,Android,19845.09,62,51951.53,Completed
TXN0001549,2024-05-23 14:53:42,CUST00020,Mumbi Wanjala,Male,20,Machakos,0768653263,M-Pesa,Send Money,N/A,Android,40203.05,108,210643.96,Completed
TXN0005344,2024-05-23 15:06:35,CUST00186,Maina Mutiso,Female,68,Mombasa,0722027562,M-Pesa,Pay Bill,Rent,Android,109243.27,105,44686.37,Completed
TXN0004169,2024-05-23 15:21:37,CUST00768,Wanjiku Amollo,Female,40,Kiambu,0111878951,M-Pesa,Send Money,N/A,Feature Phone,9388.67,62,192011.63,Completed
TXN0004520,2024-05-23 16:56:38,CUST00299,Nafula Waweru,Male,71,Nairobi,0759887480,M-Pesa,Pay Bill,Insurance,Android,28061.5,100,145609.95,Completed
TXN0004950,2024-05-23 19:21:02,CUST00357,Kagwe Njoroge,Female,19,Meru,0111720755,M-Pesa,Buy Goods (Till),Restaurant,Android,10988.07,55,161837.73,Completed
TXN0003387,2024-05-23 20:41:22,CUST00153,Nyambura Mutiso,Male,72,Kisumu,0723674840,M-Pesa,Send Money,N/A,Android,46319.23,100,242733.59,Completed
TXN0000429,2024-05-23 20:46:57,CUST00583,Wangari Ochieng,Female,48,Nairobi,0111885205,M-Pesa,Send Money,N/A,Android,44166.81,108,202741.34,Completed
TXN0004583,2024-05-23 20:51:25,CUST00334,Nasike Ruto,Male,57,Kiambu,0790499225,M-Pesa,Withdraw Cash,N/A,Feature Phone,21930.07,100,45946.09,Completed
TXN0001327,2024-05-23 20:58:07,CUST00018,Njoroge Waweru,Female,62,Bomet,0759641207,M-Pesa,Reversal,N/A,Android,24440.98,0.0,97697.31,Completed
TXN0003870,2024-05-23 21:16:17,CUST00765,Nyambura Mutiso,Male,61,Nairobi,0710349640,Equitel,Send Money,N/A,Feature Phone,14150.42,62,142168.57,Completed
TXN0005084,2024-05-23 23:14:11,CUST00340,Nabwire Njuguna,Male,59,Kakamega,0710923574,M-Pesa,Airtime Purchase,N/A,Android,266.82,0.0,16632.74,Completed
TXN0001430,2024-05-24 04:07:39,CUST00725,Onyango Otieno,Female,52,Nairobi,0701125970,Airtel Money,Pay Bill,SACCO,Feature Phone,72961.15,100,39890.26,Completed
TXN0000485,2024-05-24 04:30:30,CUST00091,Kirui Waweru,Male,47,Kiambu,0111339581,M-Pesa,Pay Bill,Loan Repayment,Android,48058.13,105,164650.34,Completed
TXN0004916,2024-05-24 06:54:24,CUST00426,Cherono Kariuki,Male,26,Machakos,0790801151,M-Pesa,Buy Goods (Till),Clothing,Feature Phone,15073.4,87,208575.46,Completed
TXN0000373,2024-05-24 09:03:22,CUST00398,Kariuki Gichuru,Female,29,Garissa,0740790061,Airtel Money,Send Money,N/A,Feature Phone,38555.88,100,108987.16,Completed
TXN0003328,2024-05-24 09:47:59,CUST00334,Nasike Ruto,Male,57,Kiambu,0790499225,M-Pesa,Pay Bill,Rent,Feature Phone,47413.19,108,229013.84,Completed
TXN0004713,2024-05-24 11:39:30,CUST00241,Cheruiyot Kamau,Female,45,Migori,0710640394,M-Pesa,Send Money,N/A,iOS,1049.3,33,98052.84,Completed
TXN0000486,2024-05-24 12:18:56,CUST00554,Ochieng Chepkwony,Male,36,Nairobi,0759557107,M-Pesa,Send Money,N/A,Android,36794.61,100,145052.95,Completed
TXN0000592,2024-05-24 12:22:33,CUST00117,Wambui Mutiso,Male,35,Nairobi,0111444931,M-Pesa,Send Money,N/A,Android,22564.81,108,181980.47,Completed
TXN0001602,2024-05-24 14:48:20,CUST00101,Jelagat Ochieng,Male,69,Turkana,0111906079,M-Pesa,Pay Bill,Loan Repayment,Android,24873.91,100,24968.64,Completed
TXN0003247,2024-05-24 14:52:45,CUST00438,Mwangi Njuguna,Female,52,Migori,0111330963,Airtel Money,Send Money,N/A,Android,14177.52,62,215552.76,Completed
TXN0005747,2024-05-24 15:20:29,CUST00110,Wangari Onyango,Female,23,Nakuru,0722307310,Airtel Money,Buy Goods (Till),Supermarket,Android,7858.1,87,12079.12,Completed
TXN0002579,2024-05-24 15:36:27,CUST00300,Achieng Mwangi,Female,22,Nairobi,0790552236,M-Pesa,Withdraw Cash,N/A,Android,53183.42,100,3349.21,Completed
TXN0000918,2024-05-24 17:55:36,CUST00509,Waweru Njoroge,Male,27,Nairobi,0740942543,T-Kash,Pay Bill,Loan Repayment,Android,83470.62,105,155726.6,Completed
TXN0001228,2024-05-24 18:36:50,CUST00367,Kiptoo Owuor,Female,53,Uasin Gishu,0710041282,M-Pesa,Send Money,N/A,Android,34418.75,100,12386.34,Completed
TXN0000475,2024-05-24 18:56:35,CUST00164,Adhiambo Wabwire,Male,30,Bomet,0723779673,M-Pesa,Send Money,N/A,Android,18703.6,62,185461.62,Completed
TXN0003393,2024-05-24 19:09:18,CUST00695,Rotich Kimani,Female,56,Uasin Gishu,0701225871,M-Pesa,Airtime Purchase,N/A,Feature Phone,919.04,0.0,134261.74,Completed
TXN0001057,2024-05-24 19:11:56,CUST00273,Barasa Kimani,Male,32,Mombasa,0790208883,M-Pesa,Airtime Purchase,N/A,Android,255.65,0.0,170253.81,Completed
TXN0005448,2024-05-24 19:28:00,CUST00251,Cherono Karanja,Female,41,Nairobi,0790388692,M-Pesa,Send Money,N/A,Feature Phone,18494.92,62,34296.51,Completed
TXN0004640,2024-05-24 19:54:58,CUST00423,Onyango Owuor,Female,23,Kisumu,0723266665,M-Pesa,Deposit Cash,N/A,Android,131957.72,0.0,90100.58,Completed
TXN0002856,2024-05-24 21:21:48,CUST00179,Njoroge Waweru,Male,42,Bungoma,0759995131,M-Pesa,Withdraw Cash,N/A,Android,66300.18,108,90240.93,Completed
TXN0005451,2024-05-24 21:51:07,CUST00255,Owino Wekesa,Female,71,Turkana,0723231598,M-Pesa,Buy Goods (Till),Clothing,Android,10032.55,55,241130.98,Completed
TXN0002323,2024-05-24 22:38:24,CUST00778,Auma Wanjala,Female,52,Turkana,0790081647,M-Pesa,Deposit Cash,N/A,Feature Phone,66345.77,0.0,201740.16,Completed
TXN0003603,2024-05-24 23:07:39,CUST00495,Kariuki Sang,Female,25,Uasin Gishu,0701665485,M-Pesa,Pay Bill,Insurance,Android,26418.1,108,209500.7,Completed
TXN0001411,2024-05-24 23:27:16,CUST00343,Kemboi Kariuki,Male,65,Meru,0723230940,M-Pesa,Pay Bill,SACCO,Android,91043.71,105,10713.42,Completed
TXN0001186,2024-05-25 01:32:30,CUST00616,Wairimu Makau,Male,43,Nairobi,0722613206,M-Pesa,Pay Bill,Loan Repayment,Android,59939.01,105,31955.13,Completed
TXN0005936,2024-05-25 05:10:27,CUST00097,Chelagat Ruto,Male,40,Nyeri,0710211676,M-Pesa,Send Money,N/A,Feature Phone,38054.35,105,249423.3,Completed
TXN0001350,2024-05-25 08:01:55,CUST00403,Ndungu Ochieng,Male,68,Kilifi,0111720838,M-Pesa,Buy Goods (Till),Pharmacy,Android,14008.41,62,204625.05,Completed
TXN0002621,2024-05-25 08:48:19,CUST00157,Atieno Kiplagat,Male,61,Nyeri,0768582329,M-Pesa,Send Money,N/A,Android,23274.41,108,142514.22,Completed
TXN0000125,2024-05-25 10:52:06,CUST00191,Mwangi Kariuki,Female,60,Kericho,0759933313,M-Pesa,Buy Goods (Till),Supermarket,Android,13110.62,55,54381.46,Completed
TXN0001928,2024-05-25 11:59:16,CUST00259,Wafula Kiprono,Female,51,Kilifi,0722886667,M-Pesa,Airtime Purchase,N/A,iOS,434.97,0.0,173939.13,Completed
TXN0000275,2024-05-25 13:06:57,CUST00685,Njoroge Musyoka,Male,35,Homa Bay,0723424316,M-Pesa,Pay Bill,SACCO,Feature Phone,53911.26,100,81986.0,Completed
TXN0002088,2024-05-25 15:01:15,CUST00354,Barasa Musyoka,Male,58,Kiambu,0111882163,M-Pesa,Airtime Purchase,N/A,Android,1032.03,0.0,219305.16,Completed
TXN0000091,2024-05-25 21:38:52,CUST00758,Njeri Musyoka,Male,21,Nairobi,0740434387,M-Pesa,Reversal,N/A,Android,4429.78,0.0,174813.89,Completed
TXN0004789,2024-05-26 06:12:11,CUST00109,Maina Wekesa,Male,35,Mombasa,0759149243,M-Pesa,Withdraw Cash,N/A,Android,13980.86,87,3116.71,Completed
TXN0004351,2024-05-26 08:02:40,CUST00154,Kiptoo Kiplagat,Male,61,Bungoma,0722387503,M-Pesa,Withdraw Cash,N/A,iOS,41615.73,0.0,195845.72,Failed
TXN0000082,2024-05-26 08:59:12,CUST00024,Kiprop Kimani,Male,45,Kajiado,0722076275,M-Pesa,Buy Goods (Till),Supermarket,Android,9668.12,87,144050.3,Completed
TXN0003708,2024-05-26 09:55:41,CUST00344,Chebet Kariuki,Male,57,Nairobi,0768322618,M-Pesa,Pay Bill,Rent,Android,37194.96,105,198189.23,Completed
TXN0005385,2024-05-26 09:57:40,CUST00423,Onyango Owuor,Female,23,Kisumu,0723266665,M-Pesa,Deposit Cash,N/A,Android,82487.41,0.0,158439.8,Completed
TXN0004064,2024-05-26 10:05:13,CUST00230,Ndungu Omollo,Female,19,Turkana,0790095799,M-Pesa,Withdraw Cash,N/A,Android,14417.57,0.0,39451.34,Failed
TXN0004824,2024-05-26 11:42:05,CUST00720,Kariuki Ochieng,Male,47,Kiambu,0790123017,M-Pesa,Send Money,N/A,Android,40812.97,105,35403.23,Completed
TXN0002237,2024-05-26 12:32:21,CUST00326,Cheruiyot Wanjala,Female,21,Migori,0710642682,M-Pesa,Send Money,N/A,Android,41789.15,100,194028.43,Completed
TXN0000749,2024-05-26 12:36:29,CUST00425,Kagwe Gichuru,Female,54,Nairobi,0701556270,M-Pesa,Send Money,N/A,Android,9704.58,55,61096.46,Completed
TXN0002345,2024-05-26 13:22:00,CUST00087,Kiprop Mwangi,Male,45,Nairobi,0111855531,M-Pesa,Send Money,N/A,Android,7651.41,62,137317.87,Completed
TXN0005152,2024-05-26 13:53:07,CUST00474,Kirui Barasa,Male,53,Mombasa,0790835400,M-Pesa,Withdraw Cash,N/A,iOS,7759.45,55,178457.08,Completed
TXN0002851,2024-05-26 16:00:04,CUST00151,Muthoni Wanjala,Female,32,Nairobi,0710449379,M-Pesa,Deposit Cash,N/A,Feature Phone,72683.68,0.0,160975.3,Completed
TXN0003493,2024-05-26 17:05:53,CUST00366,Jelagat Onyango,Female,18,Nyeri,0790559332,Airtel Money,Buy Goods (Till),Clothing,Android,19681.1,87,21271.6,Completed
TXN0002557,2024-05-26 17:46:43,CUST00287,Auma Kiprono,Female,44,Machakos,0759278796,M-Pesa,Buy Goods (Till),Hardware,Android,17258.44,55,208629.62,Completed
TXN0003082,2024-05-26 18:58:33,CUST00017,Kiprop Wabwire,Male,66,Kericho,0710448910,M-Pesa,Pay Bill,Loan Repayment,iOS,79007.92,0.0,95042.35,Failed
TXN0001184,2024-05-26 19:59:35,CUST00643,Kemboi Cheptoo,Female,62,Homa Bay,0768211558,M-Pesa,Pay Bill,DSTV/GOTV,Android,51696.43,100,30405.78,Completed
TXN0001407,2024-05-26 21:10:32,CUST00029,Otieno Ochieng,Female,34,Nairobi,0790053749,M-Pesa,Deposit Cash,N/A,Feature Phone,56747.85,0.0,191427.33,Completed
TXN0004566,2024-05-27 02:31:48,CUST00634,Waweru Wekesa,Male,71,Mombasa,0790558577,Airtel Money,Buy Goods (Till),Supermarket,Feature Phone,20540.66,105,109527.88,Completed
TXN0000029,2024-05-27 03:02:30,CUST00733,Rotich Barasa,Female,62,Machakos,0723981664,M-Pesa,Withdraw Cash,N/A,Feature Phone,24772.84,105,234984.96,Completed
TXN0002463,2024-05-27 06:43:46,CUST00800,Kagwe Omollo,Male,70,Nairobi,0722110362,M-Pesa,Pay Bill,Loan Repayment,Android,69740.89,105,108593.27,Completed
TXN0002995,2024-05-27 06:48:58,CUST00082,Cherono Cheptoo,Male,27,Trans Nzoia,0759216007,M-Pesa,Buy Goods (Till),Supermarket,Android,4944.24,45,53543.97,Completed
TXN0000986,2024-05-27 07:22:36,CUST00664,Anyango Kiplagat,Male,23,Migori,0768912626,M-Pesa,Send Money,N/A,Feature Phone,25046.34,105,149873.46,Completed
TXN0001967,2024-05-27 09:33:55,CUST00473,Ochieng Mutiso,Female,22,Migori,0768049457,M-Pesa,Send Money,N/A,Android,13925.68,55,118495.95,Completed
TXN0005959,2024-05-27 10:54:47,CUST00200,Omondi Njuguna,Female,58,Kiambu,0768307747,M-Pesa,Deposit Cash,N/A,Feature Phone,68911.44,0.0,21597.26,Completed
TXN0004223,2024-05-27 11:50:37,CUST00062,Cheruiyot Wekesa,Male,37,Uasin Gishu,0759428196,M-Pesa,Buy Goods (Till),Fuel Station,iOS,1307.5,33,109537.54,Completed
TXN0005060,2024-05-27 12:16:53,CUST00478,Moraa Njoroge,Male,67,Machakos,0723513387,M-Pesa,Send Money,N/A,Android,11772.37,62,111064.47,Completed
TXN0003369,2024-05-27 12:43:31,CUST00658,Mumbi Wekesa,Male,42,Mombasa,0768213785,M-Pesa,Deposit Cash,N/A,Feature Phone,56173.53,0.0,27110.18,Completed
TXN0004316,2024-05-27 14:22:41,CUST00023,Barasa Ochieng,Male,24,Kilifi,0710267262,M-Pesa,Pay Bill,Electricity (KPLC),Feature Phone,84409.1,100,58920.13,Completed
TXN0002072,2024-05-27 14:46:39,CUST00213,Atieno Odhiambo,Male,65,Kakamega,0710177195,Airtel Money,Send Money,N/A,Feature Phone,21598.02,108,125551.21,Completed
TXN0002172,2024-05-27 15:33:08,CUST00638,Mwangi Kariuki,Female,22,Kiambu,0740461070,M-Pesa,Buy Goods (Till),Pharmacy,iOS,9780.17,87,208986.47,Completed
TXN0004174,2024-05-27 16:23:39,CUST00396,Maina Waweru,Male,71,Uasin Gishu,0790418342,M-Pesa,Send Money,N/A,Android,36224.4,100,45853.49,Completed
TXN0000871,2024-05-27 16:41:36,CUST00476,Mumbi Musyoka,Female,54,Mombasa,0790646155,Airtel Money,Buy Goods (Till),Fuel Station,Android,16092.47,62,120958.34,Completed
TXN0005170,2024-05-27 17:01:04,CUST00650,Ndungu Mutiso,Male,37,Kisumu,0723285622,T-Kash,Airtime Purchase,N/A,Android,145.99,0.0,18566.82,Completed
TXN0004260,2024-05-27 17:18:14,CUST00479,Chebet Chepkwony,Female,55,Nakuru,0710053439,M-Pesa,Withdraw Cash,N/A,Android,53725.76,100,29235.69,Completed
TXN0002189,2024-05-27 17:51:32,CUST00612,Simiyu Njuguna,Male,24,Nakuru,0722282629,M-Pesa,Buy Goods (Till),Hardware,Feature Phone,8733.33,62,12424.92,Completed
TXN0005414,2024-05-27 18:02:05,CUST00075,Ochieng Owuor,Female,35,Kajiado,0790999288,M-Pesa,Reversal,N/A,Android,29179.73,0.0,126072.22,Completed
TXN0004365,2024-05-27 20:12:02,CUST00090,Cherono Langat,Male,66,Kiambu,0111311607,Equitel,Buy Goods (Till),Restaurant,Android,2018.12,0.0,117532.15,Failed
TXN0001817,2024-05-27 23:14:00,CUST00304,Wambui Cheptoo,Female,50,Nairobi,0710281178,Airtel Money,Send Money,N/A,iOS,9850.56,87,64314.98,Completed
TXN0001026,2024-05-28 02:19:57,CUST00386,Simiyu Mutiso,Female,47,Turkana,0768407336,M-Pesa,Send Money,N/A,Android,41889.65,108,135111.76,Completed
TXN0004542,2024-05-28 03:03:31,CUST00339,Barasa Musyoka,Male,71,Machakos,0701723583,M-Pesa,Buy Goods (Till),Electronics,Android,10263.06,62,184504.22,Completed
TXN0002910,2024-05-28 07:16:52,CUST00347,Wairimu Kamau,Female,62,Homa Bay,0701277575,M-Pesa,Send Money,N/A,Feature Phone,53951.12,108,176223.23,Completed
TXN0004548,2024-05-28 09:54:44,CUST00744,Wafula Wanjala,Male,19,Kisumu,0759518123,M-Pesa,Pay Bill,SACCO,Feature Phone,52725.66,100,111321.29,Completed
TXN0004261,2024-05-28 12:17:19,CUST00122,Barasa Sang,Male,34,Meru,0740929418,M-Pesa,Buy Goods (Till),Supermarket,Feature Phone,14377.34,87,91681.01,Completed
TXN0000872,2024-05-28 12:20:43,CUST00034,Onyango Waweru,Male,58,Uasin Gishu,0768426077,M-Pesa,Buy Goods (Till),Electronics,Android,12930.34,87,185475.34,Completed
TXN0005527,2024-05-28 13:33:44,CUST00116,Njoroge Njoroge,Male,20,Bungoma,0722333840,M-Pesa,Buy Goods (Till),Restaurant,Android,13290.1,62,130612.09,Completed
TXN0005844,2024-05-28 14:32:23,CUST00458,Njoroge Waweru,Male,66,Kiambu,0759526639,M-Pesa,Pay Bill,Internet (ISP),Feature Phone,65738.32,108,131535.96,Completed
TXN0004087,2024-05-28 16:39:35,CUST00326,Cheruiyot Wanjala,Female,21,Migori,0710642682,M-Pesa,Pay Bill,Rent,Android,62205.13,105,6238.91,Completed
TXN0000850,2024-05-28 17:11:18,CUST00112,Atieno Ochieng,Male,21,Nairobi,0701084565,M-Pesa,Send Money,N/A,Android,39037.47,105,44331.19,Completed
TXN0002677,2024-05-28 20:00:25,CUST00270,Nasike Langat,Female,27,Nairobi,0722366261,Airtel Money,Withdraw Cash,N/A,Android,29431.43,108,102191.05,Completed
TXN0004141,2024-05-28 20:47:23,CUST00378,Kirui Owuor,Male,63,Nairobi,0111450195,M-Pesa,Pay Bill,SACCO,Android,86888.39,105,13994.43,Completed
TXN0004072,2024-05-29 02:40:27,CUST00280,Anyango Amollo,Female,33,Nairobi,0701848414,M-Pesa,Deposit Cash,N/A,Android,20716.89,0.0,206540.29,Completed
TXN0001551,2024-05-29 05:41:38,CUST00105,Mutua Kiprono,Male,27,Nairobi,0723557568,M-Pesa,Send Money,N/A,Android,12413.84,62,30625.76,Completed
TXN0004705,2024-05-29 06:31:59,CUST00324,Auma Omollo,Male,46,Bungoma,0710157866,M-Pesa,Airtime Purchase,N/A,Android,800.48,0.0,190716.77,Failed
TXN0003738,2024-05-29 06:41:06,CUST00560,Mwangi Wanjala,Female,72,Nakuru,0723325133,M-Pesa,Send Money,N/A,Android,33683.01,100,177849.71,Completed
TXN0002143,2024-05-29 06:54:14,CUST00092,Cherono Kiplagat,Male,60,Mombasa,0701425316,M-Pesa,Pay Bill,Rent,Android,19117.57,55,204550.53,Completed
TXN0003212,2024-05-29 07:33:06,CUST00003,Maina Mutiso,Male,24,Nairobi,0723332041,Airtel Money,Deposit Cash,N/A,Android,54708.9,0.0,200057.0,Completed
TXN0000828,2024-05-29 07:33:40,CUST00066,Cheruiyot Wabwire,Female,69,Nakuru,0710405588,M-Pesa,Withdraw Cash,N/A,Android,32600.51,108,133049.33,Completed
TXN0001470,2024-05-29 07:38:31,CUST00416,Mumbi Karanja,Male,66,Kakamega,0722764264,M-Pesa,Withdraw Cash,N/A,Feature Phone,4171.35,0.0,212598.68,Failed
TXN0004466,2024-05-29 07:41:50,CUST00590,Ndungu Langat,Female,39,Kericho,0111641470,M-Pesa,Reversal,N/A,Android,2201.17,0.0,165137.39,Completed
TXN0001830,2024-05-29 07:55:13,CUST00123,Kiprop Gichuru,Female,61,Bomet,0111675221,M-Pesa,Send Money,N/A,Feature Phone,26378.36,100,104295.21,Completed
TXN0000007,2024-05-29 08:47:09,CUST00783,Nyambura Owuor,Male,65,Meru,0740426946,M-Pesa,Buy Goods (Till),Pharmacy,Android,3944.49,40,69491.83,Completed
TXN0004506,2024-05-29 11:35:44,CUST00693,Wairimu Ochieng,Male,18,Kakamega,0111398218,M-Pesa,Withdraw Cash,N/A,iOS,66753.52,108,125227.26,Completed
TXN0003853,2024-05-29 12:00:24,CUST00606,Nabwire Kimani,Female,69,Machakos,0768923511,M-Pesa,Pay Bill,SACCO,Android,92539.95,105,237924.64,Completed
TXN0005686,2024-05-29 12:43:10,CUST00079,Gitau Kimani,Male,24,Kajiado,0768926242,M-Pesa,Pay Bill,SACCO,iOS,9614.88,87,177117.61,Completed
TXN0000276,2024-05-29 12:44:23,CUST00678,Mwangi Njoroge,Male,36,Nairobi,0768430699,Equitel,Send Money,N/A,Android,36870.9,108,226503.63,Completed
TXN0002058,2024-05-29 13:07:10,CUST00799,Owino Njoroge,Female,39,Mombasa,0722200478,M-Pesa,Buy Goods (Till),Restaurant,Android,17756.97,55,20710.95,Completed
TXN0005096,2024-05-29 14:06:04,CUST00076,Nafula Makau,Male,61,Trans Nzoia,0759370546,M-Pesa,Send Money,N/A,Android,21817.37,100,228631.96,Completed
TXN0002390,2024-05-29 14:07:58,CUST00057,Jelagat Ochieng,Female,47,Meru,0768954004,M-Pesa,Reversal,N/A,Android,32674.05,0.0,64550.23,Completed
TXN0003122,2024-05-29 15:47:10,CUST00219,Chelagat Sang,Female,30,Nyeri,0759720423,Airtel Money,Buy Goods (Till),Pharmacy,Feature Phone,14272.33,87,138917.83,Completed
TXN0005889,2024-05-29 17:02:31,CUST00431,Onyango Sang,Female,61,Kilifi,0740569300,M-Pesa,Buy Goods (Till),Fuel Station,Android,8764.79,87,52296.2,Completed
TXN0001920,2024-05-29 19:37:25,CUST00370,Rotich Sang,Male,58,Nakuru,0790535361,M-Pesa,Buy Goods (Till),Hardware,iOS,6993.29,55,27510.92,Completed
TXN0002707,2024-05-29 21:00:19,CUST00598,Rotich Wabwire,Female,68,Uasin Gishu,0722284224,M-Pesa,Send Money,N/A,Android,30564.6,0.0,53610.59,Failed
TXN0000580,2024-05-30 02:58:15,CUST00656,Kariuki Barasa,Female,62,Machakos,0710636767,Airtel Money,Airtime Purchase,N/A,Android,456.1,0.0,116272.35,Completed
TXN0000419,2024-05-30 06:10:41,CUST00094,Auma Onyango,Male,52,Meru,0759563374,M-Pesa,Send Money,N/A,Android,40542.09,100,179244.79,Completed
TXN0001142,2024-05-30 08:01:39,CUST00030,Barasa Otieno,Male,63,Mombasa,0759957763,M-Pesa,Send Money,N/A,Android,44362.71,105,16720.21,Completed
TXN0003325,2024-05-30 08:17:39,CUST00232,Mumbi Mutiso,Male,69,Kilifi,0111907955,M-Pesa,Buy Goods (Till),Clothing,iOS,5752.19,62,13308.44,Completed
TXN0002888,2024-05-30 09:20:24,CUST00289,Nafula Makau,Female,71,Kisumu,0768850161,M-Pesa,Buy Goods (Till),Electronics,Android,14439.99,62,111714.11,Completed
TXN0002144,2024-05-30 10:15:27,CUST00249,Omondi Njuguna,Male,55,Uasin Gishu,0723951253,M-Pesa,Airtime Purchase,N/A,Android,1011.01,0.0,246237.8,Completed
TXN0003145,2024-05-30 11:01:15,CUST00532,Maina Waweru,Male,69,Nakuru,0710440342,M-Pesa,Buy Goods (Till),Restaurant,Android,21554.42,0.0,240482.5,Failed
TXN0001582,2024-05-30 12:50:58,CUST00506,Wafula Wekesa,Male,35,Nairobi,0790725607,Airtel Money,Send Money,N/A,Android,45957.86,108,29468.24,Completed
TXN0000640,2024-05-30 15:18:35,CUST00493,Onyango Njoroge,Female,36,Kakamega,0701558507,Equitel,Pay Bill,Water Utility,Feature Phone,32555.11,100,88310.04,Completed
TXN0001247,2024-05-30 15:21:44,CUST00268,Nyambura Wabwire,Male,69,Nakuru,0740292051,M-Pesa,Withdraw Cash,N/A,Feature Phone,26861.09,108,81814.02,Completed
TXN0004126,2024-05-30 16:08:12,CUST00028,Wafula Amollo,Male,47,Kiambu,0740263207,M-Pesa,Buy Goods (Till),Fuel Station,Android,11749.69,55,33379.89,Completed
TXN0005887,2024-05-30 17:56:32,CUST00345,Nasike Kiplagat,Female,52,Migori,0759496156,M-Pesa,Send Money,N/A,Android,35798.48,105,11152.74,Completed
TXN0004803,2024-05-30 18:56:32,CUST00731,Nafula Njuguna,Male,18,Nakuru,0111085866,M-Pesa,Airtime Purchase,N/A,Android,1391.97,0.0,39872.28,Completed
TXN0003608,2024-05-30 19:46:38,CUST00602,Maina Langat,Male,65,Kisumu,0790028744,M-Pesa,Send Money,N/A,Android,13529.27,55,85104.81,Completed
TXN0005134,2024-05-30 21:56:19,CUST00706,Gitau Chepkwony,Female,49,Kisumu,0701583545,M-Pesa,Buy Goods (Till),Fuel Station,Feature Phone,4657.33,40,72211.28,Completed
TXN0003876,2024-05-30 22:46:15,CUST00230,Ndungu Omollo,Female,19,Turkana,0790095799,M-Pesa,Send Money,N/A,Android,10931.21,62,177155.35,Completed
TXN0000355,2024-05-30 23:57:33,CUST00387,Ochieng Ochieng,Male,46,Mombasa,0722825903,M-Pesa,Send Money,N/A,iOS,4194.87,45,121026.12,Completed
TXN0004482,2024-05-31 05:52:08,CUST00636,Ochieng Waweru,Female,59,Kiambu,0768137119,M-Pesa,Pay Bill,Insurance,Feature Phone,101723.91,105,33046.36,Completed
TXN0002419,2024-05-31 07:01:52,CUST00391,Kirui Chepkwony,Male,42,Nairobi,0710956181,M-Pesa,Buy Goods (Till),Electronics,Android,14791.79,55,18517.22,Completed
TXN0003098,2024-05-31 10:27:10,CUST00154,Kiptoo Kiplagat,Male,61,Bungoma,0722387503,M-Pesa,Send Money,N/A,iOS,24900.06,108,207174.55,Completed
TXN0003173,2024-05-31 11:18:19,CUST00641,Ndungu Ochieng,Male,51,Kiambu,0740366441,Equitel,Buy Goods (Till),Clothing,iOS,5395.68,55,179195.68,Completed
TXN0005319,2024-05-31 11:33:22,CUST00409,Nasike Karanja,Male,61,Nairobi,0768041558,M-Pesa,Send Money,N/A,Android,47982.98,105,94252.69,Completed
TXN0000175,2024-05-31 11:38:03,CUST00474,Kirui Barasa,Male,53,Mombasa,0790835400,M-Pesa,Deposit Cash,N/A,iOS,52177.01,0.0,42503.35,Completed
TXN0000832,2024-05-31 12:30:10,CUST00276,Nyambura Ochieng,Male,44,Homa Bay,0701861330,M-Pesa,Deposit Cash,N/A,Feature Phone,69839.88,0.0,188891.79,Completed
TXN0004396,2024-05-31 12:41:23,CUST00153,Nyambura Mutiso,Male,72,Kisumu,0723674840,M-Pesa,Withdraw Cash,N/A,Android,47730.02,100,46344.24,Completed
TXN0005522,2024-05-31 13:30:26,CUST00253,Njeri Barasa,Male,63,Kisumu,0710755182,M-Pesa,Pay Bill,Loan Repayment,Android,15490.73,62,241661.59,Completed
TXN0003151,2024-05-31 13:39:27,CUST00152,Maina Omollo,Male,61,Kilifi,0723553918,Airtel Money,Buy Goods (Till),Restaurant,Android,6441.15,62,206950.94,Completed
TXN0001158,2024-05-31 14:49:54,CUST00512,Wanjiku Wabwire,Female,43,Homa Bay,0790397281,M-Pesa,Buy Goods (Till),Clothing,Android,8128.62,62,194590.5,Completed
TXN0003152,2024-05-31 15:31:38,CUST00035,Simiyu Owuor,Male,47,Nairobi,0740911455,M-Pesa,Send Money,N/A,Feature Phone,16829.46,87,77224.95,Completed
TXN0002790,2024-05-31 16:15:06,CUST00453,Gitau Wekesa,Female,66,Kiambu,0790676619,Airtel Money,Deposit Cash,N/A,Android,36467.96,0.0,26019.98,Completed
TXN0005100,2024-05-31 18:18:52,CUST00046,Kagwe Owuor,Male,59,Kiambu,0759748532,T-Kash,Deposit Cash,N/A,Android,31229.53,0.0,154429.82,Completed
TXN0004073,2024-05-31 18:20:32,CUST00525,Kamau Njoroge,Female,27,Nairobi,0710027499,M-Pesa,Send Money,N/A,Android,32009.28,105,155088.61,Completed
TXN0001648,2024-05-31 18:39:29,CUST00641,Ndungu Ochieng,Male,51,Kiambu,0740366441,Equitel,Deposit Cash,N/A,iOS,50505.74,0.0,43595.27,Failed
TXN0002971,2024-05-31 18:53:52,CUST00029,Otieno Ochieng,Female,34,Nairobi,0790053749,M-Pesa,Airtime Purchase,N/A,Feature Phone,218.87,0.0,118687.31,Completed
TXN0002417,2024-05-31 20:04:43,CUST00599,Barasa Chepkwony,Female,23,Nairobi,0723252053,M-Pesa,Buy Goods (Till),Clothing,Android,9235.82,55,23442.09,Completed
TXN0002929,2024-05-31 20:08:36,CUST00432,Nafula Kiplagat,Male,40,Nairobi,0790206058,M-Pesa,Pay Bill,Rent,Android,99059.54,105,58211.67,Completed
TXN0005336,2024-05-31 20:31:29,CUST00763,Mwangi Otieno,Male,20,Uasin Gishu,0740012673,M-Pesa,Buy Goods (Till),Hardware,Feature Phone,5323.73,62,217601.29,Completed
TXN0003049,2024-05-31 21:11:01,CUST00184,Nafula Musyoka,Female,26,Kakamega,0740214345,M-Pesa,Buy Goods (Till),Restaurant,Android,27481.16,100,211289.17,Completed
TXN0001636,2024-05-31 21:34:34,CUST00096,Chebet Omollo,Female,45,Machakos,0759087270,M-Pesa,Airtime Purchase,N/A,Android,460.77,0.0,178854.05,Completed
TXN0003362,2024-05-31 23:39:11,CUST00517,Otieno Kamau,Male,53,Kakamega,0740991714,M-Pesa,Send Money,N/A,Android,16635.37,55,47590.34,Completed
TXN0002194,2024-06-01 02:19:18,CUST00362,Rotich Otieno,Female,41,Uasin Gishu,0768870657,Airtel Money,Pay Bill,DSTV/GOTV,Android,117489.88,105,53958.58,Completed
TXN0000183,2024-06-01 07:19:14,CUST00704,Chelagat Kimani,Male,27,Kiambu,0768479814,M-Pesa,Airtime Purchase,N/A,Android,1102.23,0.0,133906.76,Completed
TXN0003892,2024-06-01 08:20:29,CUST00031,Akinyi Mutiso,Female,60,Kericho,0790563651,M-Pesa,Withdraw Cash,N/A,Android,12646.68,62,98310.99,Completed
TXN0002046,2024-06-01 08:35:38,CUST00143,Wambui Kariuki,Female,65,Mombasa,0740825217,M-Pesa,Pay Bill,SACCO,Android,28402.28,100,151275.22,Completed
TXN0002353,2024-06-01 09:33:25,CUST00366,Jelagat Onyango,Female,18,Nyeri,0790559332,Airtel Money,Buy Goods (Till),Restaurant,Android,20673.41,100,97031.04,Completed
TXN0002660,2024-06-01 10:10:03,CUST00412,Onyango Musyoka,Female,19,Nairobi,0723341761,M-Pesa,Pay Bill,Internet (ISP),Feature Phone,29233.57,105,94376.63,Completed
TXN0005045,2024-06-01 11:45:26,CUST00558,Muthoni Odhiambo,Male,51,Nakuru,0759532444,T-Kash,Send Money,N/A,Android,40256.12,100,5863.79,Completed
TXN0002450,2024-06-01 14:34:05,CUST00355,Anyango Gichuru,Male,33,Nairobi,0722566172,M-Pesa,Buy Goods (Till),Supermarket,Android,6425.74,87,38560.27,Completed
TXN0002717,2024-06-01 16:22:34,CUST00715,Wangari Kariuki,Male,23,Trans Nzoia,0722570390,M-Pesa,Withdraw Cash,N/A,Android,27090.27,105,187528.84,Completed
TXN0002716,2024-06-01 16:54:12,CUST00328,Auma Langat,Male,22,Homa Bay,0759289392,M-Pesa,Buy Goods (Till),Clothing,Android,4130.03,33,84750.29,Completed
TXN0001827,2024-06-01 17:15:08,CUST00766,Nafula Sang,Male,72,Nairobi,0111954218,M-Pesa,Airtime Purchase,N/A,iOS,835.94,0.0,242134.47,Failed
TXN0004177,2024-06-01 17:20:36,CUST00229,Rotich Gichuru,Male,52,Bungoma,0768735495,M-Pesa,Pay Bill,Insurance,Android,82563.41,108,209209.89,Completed
TXN0000528,2024-06-01 17:31:02,CUST00087,Kiprop Mwangi,Male,45,Nairobi,0111855531,M-Pesa,Withdraw Cash,N/A,Android,39548.91,100,92380.28,Completed
TXN0004243,2024-06-01 17:36:26,CUST00729,Wanjiku Kiprono,Female,47,Migori,0701819450,M-Pesa,Buy Goods (Till),Electronics,Feature Phone,5285.3,62,48949.15,Completed
TXN0001898,2024-06-01 19:42:43,CUST00165,Kirui Kiplagat,Female,52,Kakamega,0790254094,Airtel Money,Pay Bill,DSTV/GOTV,Feature Phone,74696.68,100,26115.15,Completed
TXN0000228,2024-06-01 20:04:45,CUST00314,Moraa Karanja,Male,26,Mombasa,0740062137,M-Pesa,Buy Goods (Till),Clothing,Android,7783.29,62,106324.48,Completed
TXN0001745,2024-06-01 21:08:31,CUST00154,Kiptoo Kiplagat,Male,61,Bungoma,0722387503,M-Pesa,Send Money,N/A,iOS,41452.24,100,147141.59,Completed
TXN0001829,2024-06-02 09:24:03,CUST00555,Kagwe Waweru,Female,50,Nairobi,0722825179,M-Pesa,Send Money,N/A,Android,1660.48,40,38541.32,Completed
TXN0001357,2024-06-02 09:56:53,CUST00171,Akinyi Owuor,Male,34,Kajiado,0790709426,M-Pesa,Withdraw Cash,N/A,Feature Phone,46029.99,100,185255.58,Completed
TXN0003719,2024-06-02 10:03:30,CUST00234,Kibet Otieno,Male,19,Nairobi,0710788939,M-Pesa,Pay Bill,Water Utility,Android,29109.7,108,6914.83,Completed
TXN0003489,2024-06-02 10:34:58,CUST00107,Wairimu Omollo,Male,37,Bomet,0701916547,M-Pesa,Send Money,N/A,Android,18427.28,55,73557.2,Completed
TXN0004153,2024-06-02 10:42:52,CUST00761,Owino Kariuki,Female,25,Homa Bay,0723323434,M-Pesa,Send Money,N/A,Android,24582.92,105,149037.65,Completed
TXN0002973,2024-06-02 10:49:53,CUST00669,Kirui Njuguna,Male,65,Kiambu,0111726719,Airtel Money,Buy Goods (Till),Hardware,Android,5684.38,87,52241.89,Completed
TXN0002169,2024-06-02 11:17:02,CUST00708,Njoroge Kiplagat,Male,27,Kajiado,0759992801,T-Kash,Buy Goods (Till),Clothing,Feature Phone,11872.5,87,99270.51,Completed
TXN0001974,2024-06-02 13:30:11,CUST00600,Kariuki Mutiso,Female,35,Nakuru,0710420925,M-Pesa,Deposit Cash,N/A,Android,61360.6,0.0,2837.04,Completed
TXN0003216,2024-06-02 19:06:24,CUST00683,Omondi Waweru,Male,19,Machakos,0723835792,M-Pesa,Send Money,N/A,Android,22236.09,0.0,146008.33,Failed
TXN0005508,2024-06-02 19:08:32,CUST00036,Akinyi Amollo,Female,64,Turkana,0768858742,M-Pesa,Send Money,N/A,Android,8985.84,55,104530.19,Completed
TXN0003915,2024-06-02 19:09:19,CUST00220,Wanjiku Sang,Female,60,Nakuru,0790152409,M-Pesa,Pay Bill,Water Utility,Android,57171.71,108,154451.37,Completed
TXN0001652,2024-06-02 20:39:31,CUST00518,Muthoni Wekesa,Male,54,Nairobi,0759494617,M-Pesa,Airtime Purchase,N/A,Feature Phone,729.09,0.0,114259.11,Completed
TXN0004019,2024-06-02 21:51:46,CUST00258,Kiptoo Kimani,Female,56,Machakos,0790643232,M-Pesa,Deposit Cash,N/A,iOS,5872.34,0.0,64050.03,Completed
TXN0004451,2024-06-02 21:55:38,CUST00020,Mumbi Wanjala,Male,20,Machakos,0768653263,M-Pesa,Send Money,N/A,Android,49108.6,100,214919.35,Completed
TXN0001856,2024-06-02 23:00:43,CUST00535,Mwangi Makau,Male,60,Mombasa,0710804737,M-Pesa,Withdraw Cash,N/A,Android,9785.49,87,129999.93,Completed
TXN0005412,2024-06-02 23:10:48,CUST00204,Kiprop Kimani,Female,41,Nairobi,0111660677,M-Pesa,Pay Bill,School Fees,Android,65541.0,108,18398.4,Completed
TXN0004567,2024-06-03 00:16:39,CUST00447,Akinyi Langat,Male,20,Machakos,0701608345,M-Pesa,Withdraw Cash,N/A,iOS,10601.06,62,135421.89,Completed
TXN0002233,2024-06-03 08:57:45,CUST00516,Jelagat Musyoka,Female,65,Nairobi,0710687141,Airtel Money,Buy Goods (Till),Restaurant,iOS,18276.42,87,137486.23,Completed
TXN0005501,2024-06-03 09:01:24,CUST00519,Njoroge Makau,Female,49,Nakuru,0768869264,M-Pesa,Pay Bill,Loan Repayment,Android,78681.71,100,135184.28,Completed
TXN0005032,2024-06-03 11:58:00,CUST00564,Cheruiyot Kamau,Male,54,Machakos,0790515165,M-Pesa,Buy Goods (Till),Restaurant,Android,17727.27,87,58785.29,Completed
TXN0002580,2024-06-03 12:39:48,CUST00520,Barasa Omollo,Female,57,Mombasa,0740364013,M-Pesa,Airtime Purchase,N/A,Android,295.91,0.0,138847.68,Completed
TXN0000319,2024-06-03 13:21:38,CUST00195,Njoroge Otieno,Male,35,Nairobi,0790147751,M-Pesa,Pay Bill,Internet (ISP),Feature Phone,108257.24,108,134563.59,Completed
TXN0001708,2024-06-03 15:04:29,CUST00170,Otieno Owuor,Male,64,Kiambu,0790086891,M-Pesa,Airtime Purchase,N/A,Android,785.05,0.0,95957.91,Completed
TXN0000961,2024-06-03 15:06:11,CUST00387,Ochieng Ochieng,Male,46,Mombasa,0722825903,M-Pesa,Buy Goods (Till),Pharmacy,iOS,17007.07,87,167507.12,Completed
TXN0001970,2024-06-03 15:47:24,CUST00396,Maina Waweru,Male,71,Uasin Gishu,0790418342,M-Pesa,Withdraw Cash,N/A,Android,27899.9,100,244761.43,Completed
TXN0004117,2024-06-03 18:00:38,CUST00373,Chelagat Waweru,Female,38,Meru,0723143136,M-Pesa,Withdraw Cash,N/A,Android,53236.96,105,80148.72,Completed
TXN0004084,2024-06-03 18:04:52,CUST00009,Nafula Makau,Male,25,Meru,0759773210,M-Pesa,Buy Goods (Till),Electronics,Feature Phone,24264.41,0.0,9029.48,Failed
TXN0005979,2024-06-03 18:49:30,CUST00201,Kariuki Mutiso,Female,55,Nairobi,0723746305,M-Pesa,Pay Bill,Internet (ISP),Android,91173.78,108,179930.3,Completed
TXN0005871,2024-06-03 19:28:04,CUST00488,Mutua Chepkwony,Female,44,Kiambu,0768108461,Equitel,Pay Bill,Loan Repayment,Android,22780.39,100,78622.76,Completed
TXN0002558,2024-06-03 21:20:01,CUST00580,Wanjiku Waweru,Female,59,Kakamega,0722838415,M-Pesa,Reversal,N/A,Android,8253.92,0.0,229282.56,Completed
TXN0003251,2024-06-04 00:07:53,CUST00717,Nasike Njuguna,Female,72,Nairobi,0710148078,Airtel Money,Pay Bill,DSTV/GOTV,Android,116801.38,100,220761.55,Completed
TXN0003630,2024-06-04 03:35:46,CUST00669,Kirui Njuguna,Male,65,Kiambu,0111726719,Airtel Money,Buy Goods (Till),Hardware,Android,22212.78,105,187958.87,Completed
TXN0003267,2024-06-04 07:04:53,CUST00615,Kariuki Kiplagat,Female,22,Nairobi,0740744218,M-Pesa,Deposit Cash,N/A,Android,23724.27,0.0,212421.54,Completed
TXN0005115,2024-06-04 08:17:30,CUST00538,Wanjiku Njoroge,Male,25,Kajiado,0740826646,Airtel Money,Buy Goods (Till),Restaurant,Android,9604.97,87,55266.38,Completed
TXN0001289,2024-06-04 08:22:28,CUST00164,Adhiambo Wabwire,Male,30,Bomet,0723779673,M-Pesa,Airtime Purchase,N/A,Android,790.02,0.0,20138.35,Completed
TXN0005191,2024-06-04 08:42:43,CUST00168,Kipchoge Wabwire,Female,52,Trans Nzoia,0722580800,M-Pesa,Send Money,N/A,Android,15607.92,55,4535.77,Completed
TXN0002616,2024-06-04 10:33:30,CUST00585,Njeri Ochieng,Female,61,Nairobi,0722230725,M-Pesa,Send Money,N/A,Android,12156.96,0.0,170977.47,Failed
TXN0004472,2024-06-04 10:51:35,CUST00552,Gitau Onyango,Female,61,Meru,0790733896,M-Pesa,Pay Bill,Rent,Android,34881.73,105,106275.73,Completed
TXN0003411,2024-06-04 11:48:25,CUST00472,Auma Waweru,Female,69,Mombasa,0710894815,M-Pesa,Airtime Purchase,N/A,Android,1191.1,0.0,81128.27,Completed
TXN0004027,2024-06-04 11:50:18,CUST00573,Kagwe Chepkwony,Male,35,Garissa,0740693632,M-Pesa,Airtime Purchase,N/A,Android,372.48,0.0,106838.43,Completed
TXN0002833,2024-06-04 12:06:06,CUST00189,Ochieng Wekesa,Male,53,Nairobi,0759447616,M-Pesa,Send Money,N/A,Feature Phone,27403.66,105,169133.65,Completed
TXN0005507,2024-06-04 13:05:18,CUST00031,Akinyi Mutiso,Female,60,Kericho,0790563651,M-Pesa,Buy Goods (Till),Restaurant,Android,5938.01,87,170316.02,Completed
TXN0005814,2024-06-04 14:02:53,CUST00128,Nyambura Odhiambo,Male,57,Nyeri,0111858006,M-Pesa,Deposit Cash,N/A,Android,122950.41,0.0,38642.88,Completed
TXN0003204,2024-06-04 15:55:53,CUST00420,Auma Kamau,Male,22,Kakamega,0710744906,M-Pesa,Send Money,N/A,Android,34034.77,105,44316.52,Completed
TXN0005855,2024-06-04 19:11:18,CUST00287,Auma Kiprono,Female,44,Machakos,0759278796,M-Pesa,Send Money,N/A,Android,3968.85,45,147887.83,Completed
TXN0002515,2024-06-04 20:10:56,CUST00411,Nafula Kimani,Female,63,Kilifi,0701228693,M-Pesa,Send Money,N/A,Android,21257.09,108,153218.6,Completed
TXN0004333,2024-06-05 01:13:07,CUST00303,Wanjiku Chepkwony,Female,53,Nairobi,0722055937,Airtel Money,Buy Goods (Till),Fuel Station,Android,20559.14,100,126464.99,Completed
TXN0002610,2024-06-05 09:17:14,CUST00442,Njeri Otieno,Male,65,Nairobi,0722490711,M-Pesa,Withdraw Cash,N/A,Android,11017.46,87,194843.11,Completed
TXN0001686,2024-06-05 09:56:51,CUST00553,Wairimu Wanjala,Male,68,Machakos,0701687413,M-Pesa,Send Money,N/A,Android,31316.9,100,113565.4,Completed
TXN0004311,2024-06-05 10:30:23,CUST00670,Waweru Owuor,Female,63,Garissa,0740389430,M-Pesa,Buy Goods (Till),Clothing,Feature Phone,25441.64,100,26350.05,Completed
TXN0002486,2024-06-05 12:05:13,CUST00800,Kagwe Omollo,Male,70,Nairobi,0722110362,M-Pesa,Send Money,N/A,Android,26698.06,108,106055.13,Completed
TXN0004362,2024-06-05 15:11:12,CUST00006,Nafula Mutiso,Male,71,Kilifi,0722203229,Airtel Money,Send Money,N/A,Android,2348.09,33,233284.88,Completed
TXN0002328,2024-06-05 15:35:12,CUST00218,Njeri Karanja,Female,47,Kericho,0790350253,M-Pesa,Airtime Purchase,N/A,Android,1782.02,0.0,152630.15,Completed
TXN0000685,2024-06-05 16:28:47,CUST00739,Kiprop Mwangi,Male,19,Mombasa,0710079037,M-Pesa,Withdraw Cash,N/A,Android,14192.9,87,49866.68,Completed
TXN0005679,2024-06-05 17:11:34,CUST00594,Nyokabi Wabwire,Male,31,Kiambu,0740331576,M-Pesa,Reversal,N/A,Feature Phone,18418.85,0.0,214403.82,Completed
TXN0002428,2024-06-05 21:39:56,CUST00748,Moraa Kariuki,Male,55,Nakuru,0759301373,M-Pesa,Buy Goods (Till),Electronics,Android,1047.22,45,189784.8,Completed
TXN0001654,2024-06-05 22:47:05,CUST00425,Kagwe Gichuru,Female,54,Nairobi,0701556270,M-Pesa,Deposit Cash,N/A,Android,21142.69,0.0,188754.59,Completed
TXN0001938,2024-06-05 23:49:50,CUST00739,Kiprop Mwangi,Male,19,Mombasa,0710079037,M-Pesa,Send Money,N/A,Android,54468.5,108,49043.98,Completed
TXN0001542,2024-06-06 00:09:41,CUST00374,Akinyi Amollo,Female,69,Mombasa,0710492617,M-Pesa,Withdraw Cash,N/A,Feature Phone,35529.55,0.0,174571.47,Reversed
TXN0003790,2024-06-06 02:13:53,CUST00758,Njeri Musyoka,Male,21,Nairobi,0740434387,M-Pesa,Send Money,N/A,Android,7493.68,55,35078.51,Completed
TXN0004409,2024-06-06 06:55:35,CUST00337,Cherono Kiplagat,Female,29,Uasin Gishu,0740878581,Airtel Money,Send Money,N/A,Feature Phone,54941.29,100,217113.95,Completed
TXN0002824,2024-06-06 08:56:05,CUST00750,Ochieng Njoroge,Male,24,Uasin Gishu,0723566481,M-Pesa,Withdraw Cash,N/A,Android,3286.18,33,109399.87,Completed
TXN0000601,2024-06-06 09:50:05,CUST00499,Nabwire Onyango,Female,38,Uasin Gishu,0701163573,M-Pesa,Deposit Cash,N/A,Android,51484.98,0.0,147105.81,Failed
TXN0001935,2024-06-06 10:30:02,CUST00016,Wafula Chepkwony,Male,46,Nairobi,0710229485,M-Pesa,Buy Goods (Till),Electronics,iOS,11427.59,55,153784.86,Completed
TXN0002097,2024-06-06 11:16:11,CUST00692,Nyambura Omollo,Male,20,Kisumu,0790018927,M-Pesa,Pay Bill,Internet (ISP),Android,8846.26,87,135064.34,Completed
TXN0004871,2024-06-06 11:31:51,CUST00196,Wairimu Amollo,Female,66,Nairobi,0701591872,Equitel,Pay Bill,Water Utility,Android,66443.43,100,81616.2,Completed
TXN0000917,2024-06-06 11:54:24,CUST00293,Njoroge Kiplagat,Male,29,Trans Nzoia,0723115345,M-Pesa,Send Money,N/A,Android,6574.59,62,226995.13,Completed
TXN0002779,2024-06-06 12:04:11,CUST00278,Kemboi Cheptoo,Male,39,Kisumu,0723474661,Airtel Money,Withdraw Cash,N/A,Feature Phone,56265.9,105,124236.0,Completed
TXN0002870,2024-06-06 12:52:24,CUST00631,Achieng Wabwire,Female,25,Nakuru,0710142975,M-Pesa,Withdraw Cash,N/A,Android,14444.9,55,70320.16,Completed
TXN0003611,2024-06-06 13:02:48,CUST00032,Akinyi Njuguna,Male,37,Nakuru,0722327634,M-Pesa,Send Money,N/A,Android,50646.13,100,205453.59,Completed
TXN0004736,2024-06-06 13:32:08,CUST00284,Adhiambo Kiplagat,Female,70,Bungoma,0111149857,M-Pesa,Send Money,N/A,Android,10837.69,62,188084.71,Completed
TXN0001621,2024-06-06 13:43:27,CUST00009,Nafula Makau,Male,25,Meru,0759773210,M-Pesa,Withdraw Cash,N/A,Feature Phone,25942.11,108,233456.55,Completed
TXN0001776,2024-06-06 17:32:25,CUST00217,Kibet Omollo,Male,44,Homa Bay,0111203591,Airtel Money,Send Money,N/A,iOS,44105.83,105,99534.23,Completed
TXN0001691,2024-06-06 17:32:28,CUST00607,Kiprop Wekesa,Female,24,Kakamega,0710064109,M-Pesa,Pay Bill,Rent,Android,76746.32,100,199952.27,Completed
TXN0002551,2024-06-06 18:41:28,CUST00611,Owino Langat,Female,71,Nyeri,0790388416,M-Pesa,Buy Goods (Till),Clothing,Android,2367.65,45,223270.03,Completed
TXN0005461,2024-06-06 18:49:09,CUST00142,Njoroge Ochieng,Female,54,Meru,0768833710,T-Kash,Send Money,N/A,Android,26805.42,100,53048.89,Completed
TXN0004632,2024-06-06 18:49:35,CUST00411,Nafula Kimani,Female,63,Kilifi,0701228693,M-Pesa,Send Money,N/A,Android,3165.69,40,112255.2,Completed
TXN0004450,2024-06-06 18:52:47,CUST00395,Nyambura Odhiambo,Male,36,Machakos,0759145902,M-Pesa,Pay Bill,Internet (ISP),Android,27205.51,105,42599.02,Completed
TXN0000523,2024-06-06 19:50:34,CUST00642,Otieno Kimani,Female,41,Garissa,0111624773,T-Kash,Withdraw Cash,N/A,iOS,44185.26,100,206993.91,Completed
TXN0001837,2024-06-06 21:11:20,CUST00603,Wambui Owuor,Female,66,Migori,0768272255,M-Pesa,Pay Bill,Electricity (KPLC),Feature Phone,114203.18,100,50397.73,Completed
TXN0001936,2024-06-06 21:17:05,CUST00647,Mutua Omollo,Female,34,Nairobi,0723135195,M-Pesa,Pay Bill,DSTV/GOTV,Android,45009.08,105,209737.38,Completed
TXN0001250,2024-06-06 21:34:36,CUST00139,Jelagat Mutiso,Male,44,Nairobi,0740479870,M-Pesa,Send Money,N/A,Android,14067.61,62,45777.9,Completed
TXN0000339,2024-06-07 06:52:00,CUST00123,Kiprop Gichuru,Female,61,Bomet,0111675221,M-Pesa,Buy Goods (Till),Pharmacy,Feature Phone,3582.98,45,96862.79,Completed
TXN0000036,2024-06-07 07:16:11,CUST00236,Kemboi Njuguna,Male,70,Nairobi,0790721075,Airtel Money,Pay Bill,DSTV/GOTV,Feature Phone,92462.63,100,194112.07,Completed
TXN0001959,2024-06-07 08:14:44,CUST00683,Omondi Waweru,Male,19,Machakos,0723835792,M-Pesa,Send Money,N/A,Android,12587.79,87,174927.43,Completed
TXN0001705,2024-06-07 08:31:47,CUST00237,Kipchoge Wanjala,Male,38,Homa Bay,0740614303,M-Pesa,Buy Goods (Till),Hardware,Android,8256.45,87,242539.0,Completed
TXN0003980,2024-06-07 08:48:47,CUST00799,Owino Njoroge,Female,39,Mombasa,0722200478,M-Pesa,Withdraw Cash,N/A,Android,18677.63,55,212608.5,Completed
TXN0004069,2024-06-07 09:24:01,CUST00025,Simiyu Karanja,Male,27,Uasin Gishu,0111511387,Airtel Money,Pay Bill,Internet (ISP),Feature Phone,27174.6,105,227111.8,Completed
TXN0004988,2024-06-07 10:17:27,CUST00652,Otieno Chepkwony,Male,43,Kiambu,0701973526,M-Pesa,Pay Bill,Loan Repayment,Feature Phone,101745.3,108,45149.6,Completed
TXN0004897,2024-06-07 11:39:55,CUST00548,Muthoni Wekesa,Male,64,Kiambu,0701748138,M-Pesa,Send Money,N/A,Android,53238.21,105,121670.58,Completed
TXN0002163,2024-06-07 12:37:26,CUST00128,Nyambura Odhiambo,Male,57,Nyeri,0111858006,M-Pesa,Withdraw Cash,N/A,Android,10184.21,55,118592.71,Completed
TXN0001839,2024-06-07 12:47:09,CUST00482,Auma Cheptoo,Male,62,Nairobi,0740329471,M-Pesa,Deposit Cash,N/A,Android,78213.91,0.0,239582.87,Completed
TXN0001260,2024-06-07 13:33:08,CUST00111,Maina Langat,Male,48,Mombasa,0722902196,M-Pesa,Send Money,N/A,Feature Phone,47444.37,100,49317.14,Completed
TXN0001778,2024-06-07 14:27:34,CUST00632,Wambui Onyango,Male,45,Nyeri,0740493706,M-Pesa,Buy Goods (Till),Pharmacy,Android,7121.95,55,242376.87,Completed
TXN0003706,2024-06-07 15:15:36,CUST00701,Owino Kimani,Male,36,Nairobi,0768679492,T-Kash,Withdraw Cash,N/A,Android,33518.96,105,52590.4,Completed
TXN0005675,2024-06-07 16:07:44,CUST00302,Njoroge Sang,Male,46,Nakuru,0722451375,T-Kash,Withdraw Cash,N/A,Android,47328.53,108,231554.71,Completed
TXN0002570,2024-06-07 17:17:02,CUST00717,Nasike Njuguna,Female,72,Nairobi,0710148078,Airtel Money,Send Money,N/A,Android,41246.37,108,90573.27,Completed
TXN0001501,2024-06-07 18:00:37,CUST00134,Nabwire Chepkwony,Male,30,Nakuru,0790057296,M-Pesa,Send Money,N/A,iOS,7511.76,62,220968.53,Completed
TXN0004277,2024-06-07 18:47:37,CUST00563,Kiprop Gichuru,Female,57,Kakamega,0768393064,M-Pesa,Send Money,N/A,Android,6346.85,62,65277.26,Completed
TXN0001941,2024-06-07 18:49:46,CUST00142,Njoroge Ochieng,Female,54,Meru,0768833710,T-Kash,Send Money,N/A,Android,37154.28,100,6827.12,Completed
TXN0003036,2024-06-07 21:05:03,CUST00168,Kipchoge Wabwire,Female,52,Trans Nzoia,0722580800,M-Pesa,Withdraw Cash,N/A,Android,20303.59,108,15100.7,Completed
TXN0002554,2024-06-07 21:16:18,CUST00127,Owino Owuor,Male,36,Kericho,0790192660,M-Pesa,Send Money,N/A,Android,29040.17,108,198243.44,Completed
TXN0001439,2024-06-07 22:40:27,CUST00243,Wafula Ochieng,Female,19,Nairobi,0790941748,M-Pesa,Buy Goods (Till),Clothing,Android,17719.15,87,90097.74,Completed
TXN0004489,2024-06-08 03:07:53,CUST00162,Kiptoo Waweru,Male,44,Uasin Gishu,0710323043,M-Pesa,Withdraw Cash,N/A,Feature Phone,31581.39,105,5712.69,Completed
TXN0000292,2024-06-08 08:58:37,CUST00320,Ochieng Waweru,Female,41,Garissa,0759494738,Airtel Money,Send Money,N/A,Feature Phone,36686.04,100,14805.56,Completed
TXN0001498,2024-06-08 09:54:50,CUST00153,Nyambura Mutiso,Male,72,Kisumu,0723674840,M-Pesa,Send Money,N/A,Android,17965.08,0.0,20768.54,Failed
TXN0004547,2024-06-08 14:36:59,CUST00633,Barasa Omollo,Male,56,Uasin Gishu,0710076935,Airtel Money,Airtime Purchase,N/A,Android,628.82,0.0,63696.65,Completed
TXN0002820,2024-06-08 15:28:50,CUST00463,Njoroge Waweru,Male,61,Kisumu,0710447010,Airtel Money,Reversal,N/A,Feature Phone,3180.39,0.0,9186.96,Reversed
TXN0003331,2024-06-08 15:36:25,CUST00220,Wanjiku Sang,Female,60,Nakuru,0790152409,M-Pesa,Airtime Purchase,N/A,Android,1465.3,0.0,9105.24,Completed
TXN0001479,2024-06-08 15:52:37,CUST00681,Kiprop Sang,Female,45,Nairobi,0710712127,M-Pesa,Send Money,N/A,Android,18499.82,55,69433.52,Completed
TXN0005863,2024-06-08 17:11:05,CUST00065,Owino Mutiso,Female,53,Kilifi,0768431652,M-Pesa,Buy Goods (Till),Restaurant,Android,4074.32,40,139296.03,Completed
TXN0001976,2024-06-08 17:27:30,CUST00424,Wairimu Sang,Female,18,Mombasa,0759953392,M-Pesa,Withdraw Cash,N/A,Android,19353.96,62,22107.8,Completed
TXN0005418,2024-06-08 18:56:50,CUST00483,Achieng Njoroge,Female,24,Nairobi,0759549030,M-Pesa,Send Money,N/A,Android,7798.17,87,197527.75,Completed
TXN0002371,2024-06-08 20:28:17,CUST00664,Anyango Kiplagat,Male,23,Migori,0768912626,M-Pesa,Buy Goods (Till),Supermarket,Feature Phone,10200.3,62,183269.41,Completed
TXN0002364,2024-06-08 20:33:22,CUST00673,Ndungu Kiplagat,Male,28,Kakamega,0759913130,M-Pesa,Buy Goods (Till),Restaurant,Android,5999.17,87,32533.42,Completed
TXN0002631,2024-06-08 20:33:30,CUST00402,Nabwire Odhiambo,Male,39,Bungoma,0111018335,M-Pesa,Buy Goods (Till),Electronics,Android,5755.5,55,245165.4,Completed
TXN0000795,2024-06-08 20:49:11,CUST00732,Wairimu Waweru,Female,51,Trans Nzoia,0111114155,M-Pesa,Airtime Purchase,N/A,Feature Phone,1377.45,0.0,190741.59,Completed
TXN0004650,2024-06-08 21:00:27,CUST00469,Kagwe Musyoka,Male,20,Nairobi,0759106233,M-Pesa,Pay Bill,Electricity (KPLC),Android,92089.5,100,39461.47,Completed
TXN0003692,2024-06-08 22:38:12,CUST00396,Maina Waweru,Male,71,Uasin Gishu,0790418342,M-Pesa,Buy Goods (Till),Fuel Station,Android,18176.35,62,81802.23,Completed
TXN0001240,2024-06-09 07:33:40,CUST00335,Wairimu Otieno,Female,50,Kiambu,0710415306,M-Pesa,Buy Goods (Till),Fuel Station,Android,19353.17,87,177438.84,Completed
TXN0002669,2024-06-09 07:44:24,CUST00645,Chebet Waweru,Male,63,Nairobi,0111972248,M-Pesa,Send Money,N/A,Android,46034.04,100,84203.56,Completed
TXN0003436,2024-06-09 07:52:14,CUST00371,Maina Wanjala,Female,54,Kisumu,0740471347,M-Pesa,Pay Bill,School Fees,Android,42626.56,105,213680.17,Completed
TXN0002773,2024-06-09 08:15:57,CUST00103,Nyokabi Mwangi,Male,55,Kakamega,0111366170,M-Pesa,Buy Goods (Till),Pharmacy,Android,13785.97,55,145026.71,Completed
TXN0003148,2024-06-09 10:02:17,CUST00410,Nyokabi Amollo,Female,30,Nyeri,0759097508,M-Pesa,Deposit Cash,N/A,Android,61994.74,0.0,196525.12,Completed
TXN0004868,2024-06-09 10:51:10,CUST00252,Cherono Makau,Female,44,Machakos,0723128778,Airtel Money,Send Money,N/A,Android,34178.62,108,200246.3,Completed
TXN0003862,2024-06-09 15:04:54,CUST00508,Ochieng Odhiambo,Male,71,Uasin Gishu,0759282183,M-Pesa,Send Money,N/A,Android,34718.89,108,62047.51,Completed
TXN0004899,2024-06-09 15:22:44,CUST00466,Nyambura Omollo,Male,25,Nairobi,0111543276,Equitel,Buy Goods (Till),Pharmacy,Android,4585.15,33,118019.23,Completed
TXN0004538,2024-06-10 04:22:13,CUST00776,Atieno Barasa,Male,23,Kiambu,0701538414,M-Pesa,Send Money,N/A,iOS,28715.6,108,173062.16,Completed
TXN0002257,2024-06-10 06:37:52,CUST00457,Onyango Kiplagat,Male,67,Nairobi,0768186706,M-Pesa,Withdraw Cash,N/A,Android,41954.41,108,125256.46,Completed
TXN0005815,2024-06-10 07:04:15,CUST00093,Achieng Omollo,Female,43,Trans Nzoia,0722032123,M-Pesa,Pay Bill,DSTV/GOTV,Feature Phone,64288.08,100,194536.77,Completed
TXN0003466,2024-06-10 08:23:02,CUST00410,Nyokabi Amollo,Female,30,Nyeri,0759097508,M-Pesa,Send Money,N/A,Android,17836.44,62,176087.35,Completed
TXN0002768,2024-06-10 09:08:24,CUST00786,Owino Kimani,Male,64,Uasin Gishu,0701772733,Airtel Money,Pay Bill,Internet (ISP),Android,96353.85,108,27964.3,Completed
TXN0005055,2024-06-10 09:22:39,CUST00544,Simiyu Makau,Female,23,Kakamega,0710114794,M-Pesa,Deposit Cash,N/A,Android,123980.81,0.0,218019.22,Completed
TXN0005154,2024-06-10 09:54:51,CUST00608,Onyango Otieno,Male,41,Kisumu,0710393914,M-Pesa,Buy Goods (Till),Pharmacy,Android,12597.97,62,55837.9,Completed
TXN0005333,2024-06-10 11:00:29,CUST00096,Chebet Omollo,Female,45,Machakos,0759087270,M-Pesa,Deposit Cash,N/A,Android,78800.91,0.0,78997.12,Completed
TXN0005772,2024-06-10 12:23:59,CUST00268,Nyambura Wabwire,Male,69,Nakuru,0740292051,M-Pesa,Send Money,N/A,Feature Phone,31247.14,100,175936.92,Completed
TXN0004529,2024-06-10 12:44:02,CUST00164,Adhiambo Wabwire,Male,30,Bomet,0723779673,M-Pesa,Airtime Purchase,N/A,Android,955.1,0.0,245706.38,Completed
TXN0001735,2024-06-10 13:14:26,CUST00001,Otieno Makau,Male,35,Nairobi,0710768040,M-Pesa,Withdraw Cash,N/A,Android,24097.39,108,239692.25,Completed
TXN0003108,2024-06-10 13:15:02,CUST00126,Auma Karanja,Female,71,Bungoma,0710715885,M-Pesa,Buy Goods (Till),Restaurant,Android,12566.46,55,211273.11,Completed
TXN0001342,2024-06-10 13:20:43,CUST00610,Njeri Amollo,Female,43,Machakos,0740598457,M-Pesa,Withdraw Cash,N/A,Feature Phone,14594.69,55,138333.05,Completed
TXN0000437,2024-06-10 16:37:13,CUST00723,Simiyu Amollo,Male,53,Nairobi,0723213034,M-Pesa,Buy Goods (Till),Restaurant,Android,6698.84,62,200905.51,Completed
TXN0003078,2024-06-10 16:39:06,CUST00778,Auma Wanjala,Female,52,Turkana,0790081647,M-Pesa,Buy Goods (Till),Pharmacy,Feature Phone,21595.58,108,169166.09,Completed
TXN0003028,2024-06-10 18:15:54,CUST00739,Kiprop Mwangi,Male,19,Mombasa,0710079037,M-Pesa,Airtime Purchase,N/A,Android,683.44,0.0,28998.39,Completed
TXN0004797,2024-06-10 19:43:10,CUST00442,Njeri Otieno,Male,65,Nairobi,0722490711,M-Pesa,Deposit Cash,N/A,Android,76085.98,0.0,123945.63,Completed
TXN0004006,2024-06-10 23:14:19,CUST00452,Kipchoge Onyango,Female,41,Nairobi,0740692160,M-Pesa,Deposit Cash,N/A,Feature Phone,57039.25,0.0,203836.67,Completed
TXN0003302,2024-06-11 02:13:06,CUST00628,Anyango Onyango,Female,28,Mombasa,0768577870,M-Pesa,Buy Goods (Till),Hardware,Feature Phone,1044.06,33,7492.32,Completed
TXN0005650,2024-06-11 02:38:52,CUST00774,Kiprop Langat,Male,35,Nairobi,0740492092,M-Pesa,Buy Goods (Till),Clothing,Android,11574.98,0.0,43843.55,Failed
TXN0004718,2024-06-11 09:33:32,CUST00780,Simiyu Njoroge,Male,51,Nairobi,0701186167,T-Kash,Withdraw Cash,N/A,Feature Phone,9327.77,87,5856.5,Completed
TXN0000186,2024-06-11 10:33:18,CUST00782,Kipchoge Amollo,Female,33,Kajiado,0759264611,M-Pesa,Buy Goods (Till),Supermarket,Android,4853.05,45,104524.98,Completed
TXN0004323,2024-06-11 11:45:55,CUST00039,Owino Barasa,Male,66,Nakuru,0768577842,M-Pesa,Pay Bill,Insurance,Android,63862.73,105,132743.7,Completed
TXN0003091,2024-06-11 12:23:39,CUST00111,Maina Langat,Male,48,Mombasa,0722902196,M-Pesa,Send Money,N/A,Feature Phone,17978.97,55,178943.11,Completed
TXN0002884,2024-06-11 13:33:06,CUST00545,Owino Karanja,Male,34,Nakuru,0710185831,M-Pesa,Send Money,N/A,Android,38345.92,100,164160.25,Completed
TXN0002157,2024-06-11 15:14:04,CUST00269,Rotich Kariuki,Female,67,Kisumu,0722501801,M-Pesa,Withdraw Cash,N/A,Android,30950.21,100,60610.38,Completed
TXN0005181,2024-06-11 15:46:40,CUST00650,Ndungu Mutiso,Male,37,Kisumu,0723285622,T-Kash,Send Money,N/A,Android,14790.54,55,188002.38,Completed
TXN0000035,2024-06-11 15:58:01,CUST00518,Muthoni Wekesa,Male,54,Nairobi,0759494617,M-Pesa,Send Money,N/A,Feature Phone,18470.65,55,112242.01,Completed
TXN0001495,2024-06-11 17:00:29,CUST00265,Kariuki Gichuru,Male,66,Bungoma,0710664930,M-Pesa,Buy Goods (Till),Fuel Station,Android,15516.07,55,244617.35,Completed
TXN0004949,2024-06-11 18:16:18,CUST00774,Kiprop Langat,Male,35,Nairobi,0740492092,M-Pesa,Pay Bill,School Fees,Android,21079.38,108,52435.09,Completed
TXN0005087,2024-06-11 22:05:16,CUST00451,Chelagat Ochieng,Male,38,Nairobi,0740783244,Airtel Money,Send Money,N/A,Android,17281.52,55,121174.04,Completed
TXN0000732,2024-06-12 00:49:00,CUST00661,Kiprop Ochieng,Male,50,Kiambu,0759196209,Airtel Money,Pay Bill,Rent,Android,78238.15,100,60679.06,Completed
TXN0003222,2024-06-12 03:37:30,CUST00435,Jelagat Mwangi,Male,49,Trans Nzoia,0740614172,M-Pesa,Buy Goods (Till),Electronics,Feature Phone,8702.71,87,171666.79,Completed
TXN0003869,2024-06-12 08:04:08,CUST00432,Nafula Kiplagat,Male,40,Nairobi,0790206058,M-Pesa,Buy Goods (Till),Fuel Station,Android,26702.08,0.0,141418.29,Reversed
TXN0001544,2024-06-12 08:22:47,CUST00093,Achieng Omollo,Female,43,Trans Nzoia,0722032123,M-Pesa,Send Money,N/A,Feature Phone,17018.63,62,228020.99,Completed
TXN0005395,2024-06-12 08:57:06,CUST00032,Akinyi Njuguna,Male,37,Nakuru,0722327634,M-Pesa,Send Money,N/A,Android,59283.88,108,67522.64,Completed
TXN0003649,2024-06-12 11:07:12,CUST00753,Kibet Sang,Female,40,Nakuru,0759740294,M-Pesa,Buy Goods (Till),Pharmacy,Feature Phone,6283.12,62,158455.15,Completed
TXN0004071,2024-06-12 12:04:36,CUST00074,Rotich Ochieng,Male,58,Kakamega,0790703193,M-Pesa,Buy Goods (Till),Restaurant,Android,26505.84,105,127568.77,Completed
TXN0002287,2024-06-12 12:55:03,CUST00768,Wanjiku Amollo,Female,40,Kiambu,0111878951,M-Pesa,Send Money,N/A,Feature Phone,25102.92,100,85436.59,Completed
TXN0003687,2024-06-12 13:28:16,CUST00317,Jelagat Wanjala,Male,48,Kericho,0710241576,M-Pesa,Airtime Purchase,N/A,Android,918.44,0.0,68554.42,Completed
TXN0001511,2024-06-12 13:35:26,CUST00515,Wafula Kimani,Female,37,Kiambu,0723127761,M-Pesa,Withdraw Cash,N/A,Android,36120.31,105,146671.62,Completed
TXN0000290,2024-06-12 14:27:58,CUST00286,Chebet Onyango,Male,60,Machakos,0111539972,T-Kash,Send Money,N/A,iOS,58665.6,105,225239.15,Completed
TXN0000809,2024-06-12 15:27:03,CUST00550,Mutua Kiprono,Female,69,Mombasa,0768895694,M-Pesa,Deposit Cash,N/A,Feature Phone,18672.3,0.0,129856.12,Completed
TXN0001143,2024-06-12 15:48:55,CUST00402,Nabwire Odhiambo,Male,39,Bungoma,0111018335,M-Pesa,Send Money,N/A,Android,27563.07,100,234721.5,Completed
TXN0005954,2024-06-12 17:18:55,CUST00745,Cherono Kariuki,Male,48,Nairobi,0723352745,M-Pesa,Airtime Purchase,N/A,Android,817.66,0.0,155579.28,Completed
TXN0000301,2024-06-12 18:17:15,CUST00372,Moraa Waweru,Female,67,Meru,0710413559,M-Pesa,Send Money,N/A,Android,45005.69,108,240811.1,Completed
TXN0002351,2024-06-12 18:19:57,CUST00551,Kiprop Mutiso,Male,38,Nakuru,0710430915,Equitel,Send Money,N/A,iOS,57588.54,105,109936.11,Completed
TXN0004406,2024-06-12 23:53:35,CUST00216,Achieng Cheptoo,Male,18,Nairobi,0701391908,M-Pesa,Buy Goods (Till),Restaurant,Android,7685.54,87,156709.48,Completed
TXN0004372,2024-06-13 04:07:18,CUST00660,Kipchoge Cheptoo,Male,56,Meru,0722581121,M-Pesa,Buy Goods (Till),Fuel Station,Feature Phone,27652.93,100,199148.62,Completed
TXN0004995,2024-06-13 05:07:10,CUST00185,Wairimu Otieno,Female,68,Bomet,0759591261,M-Pesa,Buy Goods (Till),Hardware,Android,15246.3,87,167087.83,Completed
TXN0004614,2024-06-13 08:01:32,CUST00168,Kipchoge Wabwire,Female,52,Trans Nzoia,0722580800,M-Pesa,Buy Goods (Till),Fuel Station,Android,11341.3,87,232224.77,Completed
TXN0001916,2024-06-13 10:09:25,CUST00276,Nyambura Ochieng,Male,44,Homa Bay,0701861330,M-Pesa,Pay Bill,Water Utility,Feature Phone,56667.14,100,181299.51,Completed
TXN0002522,2024-06-13 10:46:49,CUST00350,Kibet Kamau,Male,27,Nairobi,0759092140,M-Pesa,Airtime Purchase,N/A,Android,577.1,0.0,43558.05,Completed
TXN0001116,2024-06-13 11:17:05,CUST00580,Wanjiku Waweru,Female,59,Kakamega,0722838415,M-Pesa,Deposit Cash,N/A,Android,17295.45,0.0,148399.17,Completed
TXN0005963,2024-06-13 12:33:08,CUST00509,Waweru Njoroge,Male,27,Nairobi,0740942543,T-Kash,Buy Goods (Till),Pharmacy,Android,16310.83,0.0,241762.7,Reversed
TXN0001633,2024-06-13 12:47:25,CUST00363,Ochieng Ochieng,Male,24,Nyeri,0759316595,M-Pesa,Send Money,N/A,Feature Phone,27806.8,100,49971.3,Completed
TXN0000534,2024-06-13 14:33:02,CUST00314,Moraa Karanja,Male,26,Mombasa,0740062137,M-Pesa,Send Money,N/A,Android,17379.28,62,65977.54,Completed
TXN0005904,2024-06-13 14:38:57,CUST00065,Owino Mutiso,Female,53,Kilifi,0768431652,M-Pesa,Send Money,N/A,Android,25232.33,105,188363.71,Completed
TXN0002818,2024-06-13 14:51:23,CUST00193,Kariuki Kimani,Male,52,Meru,0710541340,M-Pesa,Send Money,N/A,Android,9706.54,62,18709.14,Completed
TXN0000501,2024-06-13 16:51:54,CUST00032,Akinyi Njuguna,Male,37,Nakuru,0722327634,M-Pesa,Send Money,N/A,Android,23182.91,108,192446.85,Completed
TXN0003485,2024-06-13 17:26:45,CUST00259,Wafula Kiprono,Female,51,Kilifi,0722886667,M-Pesa,Send Money,N/A,iOS,8016.62,87,65447.66,Completed
TXN0004435,2024-06-13 21:33:16,CUST00442,Njeri Otieno,Male,65,Nairobi,0722490711,M-Pesa,Pay Bill,School Fees,Android,113864.23,105,15154.97,Completed
TXN0004252,2024-06-14 06:34:12,CUST00529,Wambui Wanjala,Male,46,Kiambu,0710206300,T-Kash,Airtime Purchase,N/A,Android,603.32,0.0,133932.55,Completed
TXN0004745,2024-06-14 10:09:38,CUST00165,Kirui Kiplagat,Female,52,Kakamega,0790254094,Airtel Money,Buy Goods (Till),Electronics,Feature Phone,19007.89,87,125133.21,Completed
TXN0004717,2024-06-14 12:42:22,CUST00744,Wafula Wanjala,Male,19,Kisumu,0759518123,M-Pesa,Send Money,N/A,Feature Phone,13881.87,62,222800.1,Completed
TXN0003348,2024-06-14 13:08:52,CUST00252,Cherono Makau,Female,44,Machakos,0723128778,Airtel Money,Send Money,N/A,Android,9641.92,55,44903.81,Completed
TXN0001893,2024-06-14 13:53:08,CUST00146,Gitau Karanja,Male,71,Nairobi,0722934999,Airtel Money,Send Money,N/A,Android,59500.18,108,66752.4,Completed
TXN0002123,2024-06-14 14:58:48,CUST00728,Simiyu Waweru,Male,40,Homa Bay,0768858175,M-Pesa,Send Money,N/A,Android,16786.65,62,235846.95,Completed
TXN0000282,2024-06-14 15:24:12,CUST00685,Njoroge Musyoka,Male,35,Homa Bay,0723424316,M-Pesa,Deposit Cash,N/A,Feature Phone,82758.35,0.0,195488.57,Completed
TXN0001722,2024-06-14 16:26:38,CUST00532,Maina Waweru,Male,69,Nakuru,0710440342,M-Pesa,Send Money,N/A,Android,17451.94,87,233122.01,Completed
TXN0005339,2024-06-14 16:27:01,CUST00208,Owino Waweru,Female,38,Bungoma,0740205667,M-Pesa,Airtime Purchase,N/A,Feature Phone,954.44,0.0,163693.86,Completed
TXN0004204,2024-06-14 17:46:16,CUST00512,Wanjiku Wabwire,Female,43,Homa Bay,0790397281,M-Pesa,Buy Goods (Till),Pharmacy,Android,12264.38,87,137013.32,Completed
TXN0001002,2024-06-14 18:10:36,CUST00280,Anyango Amollo,Female,33,Nairobi,0701848414,M-Pesa,Buy Goods (Till),Pharmacy,Android,27897.9,100,159648.51,Completed
TXN0003240,2024-06-14 20:18:44,CUST00647,Mutua Omollo,Female,34,Nairobi,0723135195,M-Pesa,Pay Bill,SACCO,Android,26810.73,105,70283.16,Completed
TXN0000694,2024-06-14 20:54:49,CUST00339,Barasa Musyoka,Male,71,Machakos,0701723583,M-Pesa,Send Money,N/A,Android,24541.26,108,69417.49,Completed
TXN0005649,2024-06-15 01:27:45,CUST00305,Wambui Chepkwony,Female,22,Kiambu,0723215936,M-Pesa,Send Money,N/A,Android,15956.52,55,190250.98,Completed
TXN0001949,2024-06-15 07:05:00,CUST00130,Gitau Musyoka,Female,47,Nairobi,0710377891,M-Pesa,Send Money,N/A,Android,11770.17,62,152352.98,Completed
TXN0003515,2024-06-15 08:48:23,CUST00098,Onyango Sang,Female,54,Kilifi,0701686939,M-Pesa,Airtime Purchase,N/A,Android,122.14,0.0,77656.29,Completed
TXN0001809,2024-06-15 09:30:24,CUST00664,Anyango Kiplagat,Male,23,Migori,0768912626,M-Pesa,Deposit Cash,N/A,Feature Phone,49696.45,0.0,126584.89,Completed
TXN0000499,2024-06-15 10:07:55,CUST00678,Mwangi Njoroge,Male,36,Nairobi,0768430699,Equitel,Buy Goods (Till),Fuel Station,Android,14805.9,62,52112.1,Completed
TXN0002066,2024-06-15 10:18:57,CUST00697,Anyango Odhiambo,Male,56,Nairobi,0710029915,M-Pesa,Airtime Purchase,N/A,Feature Phone,124.8,0.0,119455.84,Completed
TXN0003075,2024-06-15 10:29:19,CUST00507,Kibet Wanjala,Male,37,Kericho,0768868388,M-Pesa,Buy Goods (Till),Fuel Station,Android,3572.73,45,169634.96,Completed
TXN0004288,2024-06-15 10:34:34,CUST00748,Moraa Kariuki,Male,55,Nakuru,0759301373,M-Pesa,Withdraw Cash,N/A,Android,27110.28,108,121276.56,Completed
TXN0005588,2024-06-15 10:35:26,CUST00536,Nyokabi Wabwire,Female,69,Nairobi,0710092640,M-Pesa,Send Money,N/A,Android,9237.78,87,154915.9,Completed
TXN0005379,2024-06-15 10:47:53,CUST00775,Chebet Karanja,Female,34,Homa Bay,0790148817,M-Pesa,Buy Goods (Till),Supermarket,Android,2407.46,40,465.71,Completed
TXN0003598,2024-06-15 12:37:34,CUST00089,Nabwire Omollo,Female,69,Mombasa,0759986609,Airtel Money,Send Money,N/A,Android,31587.35,105,160276.6,Completed
TXN0002158,2024-06-15 15:24:09,CUST00659,Kiptoo Amollo,Female,52,Bungoma,0759455771,M-Pesa,Send Money,N/A,iOS,40350.27,100,168594.78,Completed
TXN0005051,2024-06-15 16:47:28,CUST00265,Kariuki Gichuru,Male,66,Bungoma,0710664930,M-Pesa,Pay Bill,Electricity (KPLC),Android,127439.96,108,128880.73,Completed
TXN0001348,2024-06-15 18:42:09,CUST00122,Barasa Sang,Male,34,Meru,0740929418,M-Pesa,Pay Bill,Electricity (KPLC),Feature Phone,23445.06,108,187530.06,Completed
TXN0004301,2024-06-15 19:38:44,CUST00163,Cherono Onyango,Male,61,Machakos,0722817754,Airtel Money,Buy Goods (Till),Pharmacy,Android,5964.83,62,228972.5,Completed
TXN0005725,2024-06-15 20:07:53,CUST00071,Kemboi Kamau,Female,69,Mombasa,0790614356,M-Pesa,Pay Bill,Loan Repayment,Android,38159.69,108,12989.45,Completed
TXN0002970,2024-06-15 22:33:38,CUST00163,Cherono Onyango,Male,61,Machakos,0722817754,Airtel Money,Send Money,N/A,Android,48342.77,105,148108.43,Completed
TXN0001455,2024-06-15 22:39:04,CUST00684,Wambui Otieno,Female,37,Nairobi,0111234300,M-Pesa,Send Money,N/A,Feature Phone,56324.2,100,42682.38,Completed
TXN0001213,2024-06-15 23:51:27,CUST00092,Cherono Kiplagat,Male,60,Mombasa,0701425316,M-Pesa,Send Money,N/A,Android,7348.52,55,187974.44,Completed
TXN0002121,2024-06-15 23:52:01,CUST00528,Muthoni Njuguna,Female,24,Kajiado,0710047462,M-Pesa,Buy Goods (Till),Hardware,Android,4631.03,40,188487.45,Completed
TXN0004207,2024-06-16 03:39:29,CUST00592,Njeri Ruto,Male,19,Uasin Gishu,0710215700,M-Pesa,Deposit Cash,N/A,Android,22426.83,0.0,232839.17,Completed
TXN0004725,2024-06-16 06:48:13,CUST00123,Kiprop Gichuru,Female,61,Bomet,0111675221,M-Pesa,Buy Goods (Till),Clothing,Feature Phone,18938.85,62,110766.28,Completed
TXN0003141,2024-06-16 09:56:32,CUST00682,Cheruiyot Gichuru,Female,69,Nairobi,0759618611,M-Pesa,Pay Bill,Insurance,Android,7413.49,87,110765.65,Completed
TXN0002753,2024-06-16 10:02:15,CUST00436,Chebet Otieno,Female,22,Nairobi,0790704600,M-Pesa,Send Money,N/A,Android,18182.55,0.0,115754.11,Failed
TXN0005857,2024-06-16 10:17:46,CUST00451,Chelagat Ochieng,Male,38,Nairobi,0740783244,Airtel Money,Withdraw Cash,N/A,Android,26565.27,100,244117.47,Completed
TXN0004026,2024-06-16 11:05:56,CUST00793,Jelagat Waweru,Male,58,Nakuru,0723515140,M-Pesa,Withdraw Cash,N/A,Android,23636.21,100,172485.22,Completed
TXN0002930,2024-06-16 11:23:42,CUST00352,Wairimu Musyoka,Male,29,Nairobi,0790881727,M-Pesa,Buy Goods (Till),Fuel Station,Feature Phone,1190.33,40,186531.98,Completed
TXN0003705,2024-06-16 13:12:55,CUST00311,Auma Makau,Male,48,Migori,0722240302,Airtel Money,Buy Goods (Till),Pharmacy,Android,26144.42,108,140502.05,Completed
TXN0004093,2024-06-16 14:09:24,CUST00407,Kibet Njoroge,Male,30,Kiambu,0759341120,M-Pesa,Send Money,N/A,Android,19056.17,87,201133.06,Completed
TXN0003988,2024-06-16 14:10:39,CUST00063,Moraa Langat,Female,35,Nakuru,0701925395,Airtel Money,Withdraw Cash,N/A,Feature Phone,34074.19,100,192150.86,Completed
TXN0000309,2024-06-16 16:38:34,CUST00472,Auma Waweru,Female,69,Mombasa,0710894815,M-Pesa,Pay Bill,Rent,Android,54495.93,108,186096.59,Completed
TXN0001403,2024-06-16 17:46:17,CUST00642,Otieno Kimani,Female,41,Garissa,0111624773,T-Kash,Buy Goods (Till),Hardware,iOS,7236.78,0.0,210388.54,Failed
TXN0003645,2024-06-16 18:46:32,CUST00092,Cherono Kiplagat,Male,60,Mombasa,0701425316,M-Pesa,Pay Bill,Rent,Android,36686.18,0.0,228466.84,Failed
TXN0002398,2024-06-16 20:00:46,CUST00563,Kiprop Gichuru,Female,57,Kakamega,0768393064,M-Pesa,Buy Goods (Till),Fuel Station,Android,16688.27,87,209852.55,Completed
TXN0001849,2024-06-16 20:21:44,CUST00599,Barasa Chepkwony,Female,23,Nairobi,0723252053,M-Pesa,Deposit Cash,N/A,Android,82474.77,0.0,164465.27,Completed
TXN0003743,2024-06-16 21:25:24,CUST00184,Nafula Musyoka,Female,26,Kakamega,0740214345,M-Pesa,Buy Goods (Till),Electronics,Android,7427.8,62,188503.1,Completed
TXN0000247,2024-06-16 22:14:01,CUST00075,Ochieng Owuor,Female,35,Kajiado,0790999288,M-Pesa,Send Money,N/A,Android,27944.23,108,184864.65,Completed
TXN0003986,2024-06-17 04:51:06,CUST00291,Wangari Owuor,Female,68,Bungoma,0790603476,T-Kash,Withdraw Cash,N/A,Android,32812.3,100,157922.11,Completed
TXN0004375,2024-06-17 05:17:53,CUST00508,Ochieng Odhiambo,Male,71,Uasin Gishu,0759282183,M-Pesa,Send Money,N/A,Android,14383.38,55,24637.38,Completed
TXN0001578,2024-06-17 06:00:28,CUST00386,Simiyu Mutiso,Female,47,Turkana,0768407336,M-Pesa,Pay Bill,Loan Repayment,Android,96961.31,105,195629.94,Completed
TXN0000673,2024-06-17 06:35:13,CUST00679,Kiptoo Musyoka,Female,69,Meru,0710378598,M-Pesa,Send Money,N/A,Android,23869.02,100,63027.82,Completed
TXN0000585,2024-06-17 07:39:25,CUST00292,Wafula Wanjala,Female,67,Kericho,0701897675,M-Pesa,Buy Goods (Till),Electronics,Feature Phone,17676.81,62,189623.12,Completed
TXN0001046,2024-06-17 08:02:16,CUST00637,Wafula Otieno,Male,65,Nairobi,0740294668,M-Pesa,Buy Goods (Till),Pharmacy,Android,8384.28,87,58519.96,Completed
TXN0001123,2024-06-17 10:42:06,CUST00587,Mumbi Gichuru,Male,71,Nairobi,0710624742,Airtel Money,Airtime Purchase,N/A,Android,1031.59,0.0,141385.85,Completed
TXN0001149,2024-06-17 11:40:50,CUST00663,Atieno Cheptoo,Male,71,Nairobi,0710623160,M-Pesa,Pay Bill,School Fees,Android,23844.33,100,96335.09,Completed
TXN0005046,2024-06-17 14:43:20,CUST00788,Otieno Cheptoo,Male,64,Nairobi,0723646327,Airtel Money,Buy Goods (Till),Pharmacy,Feature Phone,7503.38,87,193954.65,Completed
TXN0005583,2024-06-17 17:25:36,CUST00124,Muthoni Owuor,Male,32,Nairobi,0740724354,Equitel,Buy Goods (Till),Hardware,Android,7457.98,62,209481.91,Completed
TXN0004145,2024-06-17 18:00:14,CUST00661,Kiprop Ochieng,Male,50,Kiambu,0759196209,Airtel Money,Buy Goods (Till),Supermarket,Android,13990.3,87,129195.16,Completed
TXN0000701,2024-06-17 18:56:15,CUST00431,Onyango Sang,Female,61,Kilifi,0740569300,M-Pesa,Send Money,N/A,Android,38680.35,100,103763.21,Completed
TXN0002767,2024-06-17 20:03:40,CUST00656,Kariuki Barasa,Female,62,Machakos,0710636767,Airtel Money,Send Money,N/A,Android,65800.56,100,143578.91,Completed
TXN0004342,2024-06-17 20:25:56,CUST00633,Barasa Omollo,Male,56,Uasin Gishu,0710076935,Airtel Money,Pay Bill,School Fees,Android,135489.8,100,212301.87,Completed
TXN0002908,2024-06-17 20:55:51,CUST00638,Mwangi Kariuki,Female,22,Kiambu,0740461070,M-Pesa,Deposit Cash,N/A,iOS,36989.89,0.0,57911.7,Completed
TXN0004861,2024-06-17 21:26:50,CUST00191,Mwangi Kariuki,Female,60,Kericho,0759933313,M-Pesa,Pay Bill,Electricity (KPLC),Android,26747.31,105,48690.43,Completed
TXN0004217,2024-06-17 23:48:19,CUST00271,Njoroge Ochieng,Male,68,Nairobi,0740678934,M-Pesa,Airtime Purchase,N/A,Android,1031.57,0.0,16130.03,Completed
TXN0001304,2024-06-18 01:42:14,CUST00412,Onyango Musyoka,Female,19,Nairobi,0723341761,M-Pesa,Send Money,N/A,Feature Phone,46753.61,108,29687.99,Completed
TXN0003438,2024-06-18 06:19:16,CUST00044,Anyango Langat,Female,30,Nairobi,0740178619,Airtel Money,Send Money,N/A,Android,30184.85,105,175460.22,Completed
TXN0005956,2024-06-18 06:39:04,CUST00325,Kiprop Amollo,Male,27,Mombasa,0768023679,M-Pesa,Airtime Purchase,N/A,Android,740.77,0.0,194716.97,Completed
TXN0004984,2024-06-18 06:47:04,CUST00585,Njeri Ochieng,Female,61,Nairobi,0722230725,M-Pesa,Withdraw Cash,N/A,Android,12222.22,55,207241.24,Completed
TXN0005891,2024-06-18 07:21:48,CUST00066,Cheruiyot Wabwire,Female,69,Nakuru,0710405588,M-Pesa,Send Money,N/A,Android,14944.01,62,48873.59,Completed
TXN0001996,2024-06-18 09:07:03,CUST00497,Kirui Ochieng,Female,45,Kiambu,0111402230,M-Pesa,Airtime Purchase,N/A,Feature Phone,216.72,0.0,53281.69,Completed
TXN0002319,2024-06-18 09:29:31,CUST00264,Omondi Mutiso,Female,63,Nairobi,0723461602,M-Pesa,Send Money,N/A,Android,18820.51,87,131702.54,Completed
TXN0004023,2024-06-18 11:08:11,CUST00482,Auma Cheptoo,Male,62,Nairobi,0740329471,M-Pesa,Send Money,N/A,Android,10437.56,87,393.03,Completed
TXN0004370,2024-06-18 12:27:25,CUST00260,Gitau Onyango,Female,42,Nyeri,0740376649,M-Pesa,Deposit Cash,N/A,Android,49675.86,0.0,164719.56,Completed
TXN0001816,2024-06-18 12:38:53,CUST00612,Simiyu Njuguna,Male,24,Nakuru,0722282629,M-Pesa,Withdraw Cash,N/A,Feature Phone,32497.6,105,193769.39,Completed
TXN0005287,2024-06-18 12:43:14,CUST00461,Kariuki Owuor,Female,51,Kajiado,0701765267,T-Kash,Buy Goods (Till),Clothing,Feature Phone,11738.46,55,191706.16,Completed
TXN0004291,2024-06-18 13:01:03,CUST00687,Mumbi Wabwire,Male,59,Kajiado,0740790537,Equitel,Buy Goods (Till),Pharmacy,Android,14988.39,87,30266.3,Completed
TXN0003277,2024-06-18 13:19:15,CUST00549,Chelagat Sang,Female,18,Nairobi,0701350373,M-Pesa,Send Money,N/A,Android,10344.12,87,217584.95,Completed
TXN0000930,2024-06-18 15:21:12,CUST00206,Kirui Mwangi,Male,64,Bungoma,0723381771,Equitel,Pay Bill,Loan Repayment,Android,23037.13,105,222409.13,Completed
TXN0001299,2024-06-18 15:35:49,CUST00679,Kiptoo Musyoka,Female,69,Meru,0710378598,M-Pesa,Airtime Purchase,N/A,Android,264.33,0.0,38413.43,Completed
TXN0000551,2024-06-18 16:17:43,CUST00178,Chebet Kiprono,Female,23,Nairobi,0701551055,Airtel Money,Airtime Purchase,N/A,Feature Phone,438.73,0.0,167790.4,Completed
TXN0001820,2024-06-18 16:33:05,CUST00348,Anyango Omollo,Female,28,Nyeri,0768820657,M-Pesa,Send Money,N/A,Android,3469.05,33,171264.0,Completed
TXN0005257,2024-06-18 16:43:20,CUST00559,Nyambura Kiprono,Female,50,Nairobi,0701178124,M-Pesa,Pay Bill,DSTV/GOTV,iOS,34846.11,100,137198.4,Completed
TXN0005818,2024-06-18 17:04:32,CUST00307,Cherono Amollo,Female,41,Nairobi,0111843351,M-Pesa,Pay Bill,Rent,Feature Phone,28719.52,105,189410.87,Completed
TXN0004766,2024-06-18 18:45:59,CUST00358,Kibet Makau,Female,47,Kiambu,0759154854,M-Pesa,Withdraw Cash,N/A,Android,23609.4,105,81474.0,Completed
TXN0005937,2024-06-18 19:23:50,CUST00229,Rotich Gichuru,Male,52,Bungoma,0768735495,M-Pesa,Send Money,N/A,Android,11488.79,87,93390.61,Completed
TXN0005266,2024-06-18 20:21:20,CUST00546,Barasa Mutiso,Female,68,Nakuru,0722758886,M-Pesa,Airtime Purchase,N/A,Android,615.62,0.0,98428.59,Completed
TXN0003048,2024-06-18 21:27:12,CUST00042,Owino Omollo,Male,59,Nairobi,0722791011,M-Pesa,Send Money,N/A,Android,17333.64,55,15252.53,Completed
TXN0001039,2024-06-18 22:07:14,CUST00379,Nyokabi Musyoka,Female,43,Kilifi,0722336295,Airtel Money,Withdraw Cash,N/A,Android,15237.84,87,147081.57,Completed
TXN0001523,2024-06-18 22:15:25,CUST00337,Cherono Kiplagat,Female,29,Uasin Gishu,0740878581,Airtel Money,Deposit Cash,N/A,Feature Phone,111221.02,0.0,19260.33,Completed
TXN0002932,2024-06-18 23:41:24,CUST00167,Kariuki Chepkwony,Male,59,Migori,0111289641,Airtel Money,Send Money,N/A,Android,29306.04,105,229504.95,Completed
TXN0000677,2024-06-19 03:39:39,CUST00283,Kiptoo Owuor,Female,41,Meru,0722848742,M-Pesa,Deposit Cash,N/A,Android,123599.7,0.0,120087.57,Completed
TXN0000255,2024-06-19 07:33:10,CUST00455,Gitau Otieno,Male,20,Trans Nzoia,0759054784,M-Pesa,Deposit Cash,N/A,Android,97227.51,0.0,12303.57,Completed
TXN0004593,2024-06-19 11:11:58,CUST00385,Achieng Waweru,Male,66,Bomet,0790926221,T-Kash,Airtime Purchase,N/A,Android,536.59,0.0,202799.64,Completed
TXN0003704,2024-06-19 11:16:04,CUST00302,Njoroge Sang,Male,46,Nakuru,0722451375,T-Kash,Withdraw Cash,N/A,Android,20165.51,100,12574.36,Completed
TXN0002550,2024-06-19 12:04:58,CUST00562,Nabwire Kiplagat,Female,39,Bungoma,0701881167,M-Pesa,Buy Goods (Till),Hardware,Android,13069.3,62,222592.66,Completed
TXN0004076,2024-06-19 12:16:00,CUST00139,Jelagat Mutiso,Male,44,Nairobi,0740479870,M-Pesa,Send Money,N/A,Android,39107.64,108,107989.91,Completed
TXN0004307,2024-06-19 13:04:46,CUST00005,Nyambura Ruto,Female,40,Nairobi,0790760652,M-Pesa,Airtime Purchase,N/A,Android,494.84,0.0,105673.03,Completed
TXN0001331,2024-06-19 13:16:11,CUST00643,Kemboi Cheptoo,Female,62,Homa Bay,0768211558,M-Pesa,Buy Goods (Till),Pharmacy,Android,16596.14,62,15732.28,Completed
TXN0002256,2024-06-19 13:33:17,CUST00347,Wairimu Kamau,Female,62,Homa Bay,0701277575,M-Pesa,Buy Goods (Till),Restaurant,Feature Phone,3955.56,40,19561.84,Completed
TXN0004570,2024-06-19 13:34:43,CUST00283,Kiptoo Owuor,Female,41,Meru,0722848742,M-Pesa,Buy Goods (Till),Supermarket,Android,17796.68,62,4585.33,Completed
TXN0003115,2024-06-19 13:39:45,CUST00688,Achieng Kiprono,Male,30,Nakuru,0790878533,M-Pesa,Withdraw Cash,N/A,Android,41930.56,108,102946.06,Completed
TXN0004401,2024-06-19 14:27:07,CUST00104,Auma Odhiambo,Female,62,Kajiado,0759065039,M-Pesa,Pay Bill,DSTV/GOTV,Feature Phone,35123.3,105,46283.94,Completed
TXN0003404,2024-06-19 15:17:28,CUST00009,Nafula Makau,Male,25,Meru,0759773210,M-Pesa,Withdraw Cash,N/A,Feature Phone,27595.6,108,202779.04,Completed
TXN0002975,2024-06-19 16:21:57,CUST00763,Mwangi Otieno,Male,20,Uasin Gishu,0740012673,M-Pesa,Airtime Purchase,N/A,Feature Phone,185.99,0.0,172506.64,Completed
TXN0004777,2024-06-19 17:11:24,CUST00715,Wangari Kariuki,Male,23,Trans Nzoia,0722570390,M-Pesa,Pay Bill,Rent,Android,73850.39,105,22437.4,Completed
TXN0005239,2024-06-19 17:24:41,CUST00790,Kipchoge Mutiso,Male,24,Meru,0768165146,M-Pesa,Buy Goods (Till),Fuel Station,Feature Phone,12225.46,62,15434.59,Completed
TXN0004414,2024-06-19 17:25:46,CUST00108,Nyambura Amollo,Female,30,Bungoma,0710804397,M-Pesa,Send Money,N/A,Android,2971.68,40,140464.24,Completed
TXN0001701,2024-06-19 17:30:45,CUST00716,Moraa Njoroge,Female,38,Kilifi,0111970471,Airtel Money,Withdraw Cash,N/A,Android,14367.36,87,133197.12,Completed
TXN0004844,2024-06-19 18:12:37,CUST00727,Kemboi Karanja,Male,34,Nairobi,0722093713,M-Pesa,Buy Goods (Till),Supermarket,Android,6827.15,55,104585.62,Completed
TXN0003063,2024-06-19 20:03:17,CUST00499,Nabwire Onyango,Female,38,Uasin Gishu,0701163573,M-Pesa,Deposit Cash,N/A,Android,65475.32,0.0,116185.0,Completed
TXN0005012,2024-06-19 20:04:50,CUST00082,Cherono Cheptoo,Male,27,Trans Nzoia,0759216007,M-Pesa,Airtime Purchase,N/A,Android,705.39,0.0,111229.98,Completed
TXN0005064,2024-06-19 20:07:21,CUST00018,Njoroge Waweru,Female,62,Bomet,0759641207,M-Pesa,Deposit Cash,N/A,Android,38830.91,0.0,15443.73,Completed
TXN0003629,2024-06-19 22:41:34,CUST00591,Simiyu Omollo,Male,47,Machakos,0740478834,Airtel Money,Send Money,N/A,Android,8527.41,87,77529.17,Completed
TXN0004732,2024-06-19 23:39:21,CUST00713,Kipchoge Amollo,Female,65,Trans Nzoia,0723843681,Airtel Money,Send Money,N/A,Android,46977.92,0.0,142470.11,Failed
TXN0005762,2024-06-20 06:07:17,CUST00766,Nafula Sang,Male,72,Nairobi,0111954218,M-Pesa,Airtime Purchase,N/A,iOS,1388.24,0.0,232825.6,Completed
TXN0004348,2024-06-20 06:11:41,CUST00030,Barasa Otieno,Male,63,Mombasa,0759957763,M-Pesa,Pay Bill,Electricity (KPLC),Android,62348.39,105,103267.35,Completed
TXN0003602,2024-06-20 07:47:13,CUST00265,Kariuki Gichuru,Male,66,Bungoma,0710664930,M-Pesa,Reversal,N/A,Android,35726.72,0.0,3647.49,Completed
TXN0003478,2024-06-20 08:36:57,CUST00328,Auma Langat,Male,22,Homa Bay,0759289392,M-Pesa,Deposit Cash,N/A,Android,120429.43,0.0,225789.49,Completed
TXN0002879,2024-06-20 09:53:04,CUST00633,Barasa Omollo,Male,56,Uasin Gishu,0710076935,Airtel Money,Pay Bill,DSTV/GOTV,Android,46243.73,100,79334.48,Completed
TXN0001640,2024-06-20 09:57:45,CUST00439,Maina Sang,Female,36,Kakamega,0710596231,M-Pesa,Withdraw Cash,N/A,Android,23200.06,100,127899.26,Completed
TXN0004876,2024-06-20 10:29:13,CUST00008,Moraa Musyoka,Male,23,Kilifi,0723116535,M-Pesa,Send Money,N/A,Android,14793.12,62,187338.17,Completed
TXN0001957,2024-06-20 11:22:16,CUST00225,Jelagat Chepkwony,Female,65,Uasin Gishu,0723481089,M-Pesa,Send Money,N/A,Feature Phone,44925.07,100,72135.9,Completed
TXN0001550,2024-06-20 11:28:42,CUST00791,Ochieng Gichuru,Female,68,Nairobi,0722662883,M-Pesa,Send Money,N/A,Android,39267.26,100,89525.76,Completed
TXN0003674,2024-06-20 12:03:03,CUST00045,Kemboi Ruto,Female,22,Kisumu,0111044438,M-Pesa,Send Money,N/A,Android,51630.46,100,37009.56,Completed
TXN0005162,2024-06-20 14:06:29,CUST00545,Owino Karanja,Male,34,Nakuru,0710185831,M-Pesa,Withdraw Cash,N/A,Android,16120.07,62,134438.08,Completed
TXN0005986,2024-06-20 14:30:58,CUST00419,Cheruiyot Onyango,Female,43,Nakuru,0759211583,M-Pesa,Pay Bill,Internet (ISP),Android,45985.29,100,112380.85,Completed
TXN0001905,2024-06-20 15:18:17,CUST00499,Nabwire Onyango,Female,38,Uasin Gishu,0701163573,M-Pesa,Send Money,N/A,Android,53159.81,100,106173.7,Completed
TXN0004631,2024-06-20 18:02:52,CUST00490,Nyokabi Njoroge,Male,56,Kericho,0768187275,M-Pesa,Buy Goods (Till),Electronics,Feature Phone,4284.05,33,230396.89,Completed
TXN0004240,2024-06-20 18:32:43,CUST00470,Chelagat Kariuki,Male,30,Nairobi,0759869934,M-Pesa,Buy Goods (Till),Electronics,Android,5328.85,87,236401.05,Completed
TXN0000712,2024-06-20 18:58:44,CUST00144,Rotich Omollo,Male,21,Nairobi,0111717059,M-Pesa,Withdraw Cash,N/A,iOS,13061.89,87,36955.56,Completed
TXN0003567,2024-06-20 19:01:56,CUST00174,Kipchoge Wabwire,Male,72,Kiambu,0740577301,M-Pesa,Withdraw Cash,N/A,Feature Phone,53190.31,0.0,236843.21,Failed
TXN0004021,2024-06-20 20:14:36,CUST00214,Muthoni Kiprono,Male,65,Bungoma,0790718345,M-Pesa,Buy Goods (Till),Electronics,iOS,17057.22,62,236407.19,Completed
TXN0003751,2024-06-20 22:10:41,CUST00510,Nasike Odhiambo,Female,33,Bomet,0710378096,Airtel Money,Airtime Purchase,N/A,Android,625.89,0.0,148735.75,Completed
TXN0005310,2024-06-20 23:04:32,CUST00064,Chelagat Gichuru,Female,72,Nakuru,0759207856,Airtel Money,Buy Goods (Till),Restaurant,Android,9285.65,62,150712.55,Completed
TXN0005553,2024-06-20 23:22:27,CUST00771,Cherono Barasa,Female,30,Nairobi,0759781757,M-Pesa,Pay Bill,Rent,Android,116575.42,0.0,103114.62,Reversed
TXN0003916,2024-06-21 08:29:58,CUST00489,Anyango Kiplagat,Male,51,Kakamega,0723136978,M-Pesa,Buy Goods (Till),Restaurant,Android,5586.33,0.0,49835.27,Failed
TXN0003947,2024-06-21 09:33:01,CUST00139,Jelagat Mutiso,Male,44,Nairobi,0740479870,M-Pesa,Withdraw Cash,N/A,Android,47160.08,100,132666.52,Completed
TXN0000392,2024-06-21 10:52:33,CUST00223,Chebet Wekesa,Male,46,Mombasa,0768137448,M-Pesa,Buy Goods (Till),Clothing,Feature Phone,20829.65,108,107945.95,Completed
TXN0001873,2024-06-21 15:47:54,CUST00400,Nyokabi Onyango,Female,64,Uasin Gishu,0722818944,M-Pesa,Send Money,N/A,Android,43143.36,105,137623.51,Completed
TXN0002478,2024-06-21 15:51:48,CUST00308,Wairimu Njoroge,Male,34,Nyeri,0723788685,M-Pesa,Send Money,N/A,Android,8657.18,87,249272.83,Completed
TXN0000122,2024-06-21 16:46:37,CUST00684,Wambui Otieno,Female,37,Nairobi,0111234300,M-Pesa,Pay Bill,Internet (ISP),Feature Phone,14851.24,62,20992.18,Completed
TXN0005144,2024-06-21 17:07:35,CUST00180,Nyambura Waweru,Male,35,Mombasa,0701739746,M-Pesa,Buy Goods (Till),Clothing,Android,6242.19,55,59667.19,Completed
TXN0000054,2024-06-21 18:03:59,CUST00007,Anyango Karanja,Female,59,Mombasa,0790175745,M-Pesa,Buy Goods (Till),Fuel Station,iOS,18351.64,87,106625.64,Completed
TXN0003333,2024-06-21 18:46:30,CUST00044,Anyango Langat,Female,30,Nairobi,0740178619,Airtel Money,Send Money,N/A,Android,10540.9,0.0,127525.39,Reversed
TXN0000704,2024-06-21 20:24:25,CUST00609,Auma Cheptoo,Male,31,Kiambu,0701153274,M-Pesa,Pay Bill,Loan Repayment,iOS,59060.5,108,209172.51,Completed
TXN0004144,2024-06-21 20:41:03,CUST00430,Ochieng Odhiambo,Female,20,Nairobi,0759694983,M-Pesa,Withdraw Cash,N/A,Android,34917.83,105,102877.35,Completed
TXN0002076,2024-06-21 20:47:09,CUST00398,Kariuki Gichuru,Female,29,Garissa,0740790061,Airtel Money,Withdraw Cash,N/A,Feature Phone,11022.46,62,45997.28,Completed
TXN0003615,2024-06-21 21:00:10,CUST00511,Simiyu Wabwire,Male,68,Kakamega,0790539381,Airtel Money,Send Money,N/A,Feature Phone,19081.52,55,61880.14,Completed
TXN0001642,2024-06-21 22:27:45,CUST00177,Cheruiyot Mwangi,Male,23,Kiambu,0768767310,M-Pesa,Send Money,N/A,Android,11665.92,62,140090.48,Completed
TXN0000312,2024-06-22 05:05:11,CUST00368,Nabwire Wabwire,Female,31,Nyeri,0111718659,M-Pesa,Withdraw Cash,N/A,Android,17768.48,0.0,62175.27,Failed
TXN0005127,2024-06-22 08:24:32,CUST00293,Njoroge Kiplagat,Male,29,Trans Nzoia,0723115345,M-Pesa,Deposit Cash,N/A,Android,123932.37,0.0,248583.06,Completed
TXN0004910,2024-06-22 09:04:33,CUST00163,Cherono Onyango,Male,61,Machakos,0722817754,Airtel Money,Send Money,N/A,Android,27286.89,100,71242.05,Completed
TXN0005329,2024-06-22 09:18:32,CUST00690,Auma Amollo,Male,43,Kisumu,0759891737,M-Pesa,Send Money,N/A,Android,35310.1,108,106950.77,Completed
TXN0003060,2024-06-22 10:53:08,CUST00557,Chebet Mutiso,Male,51,Uasin Gishu,0111414404,M-Pesa,Pay Bill,School Fees,Android,35346.08,100,51103.49,Completed
TXN0005597,2024-06-22 11:18:10,CUST00473,Ochieng Mutiso,Female,22,Migori,0768049457,M-Pesa,Withdraw Cash,N/A,Android,25343.24,108,69178.63,Completed
TXN0001165,2024-06-22 11:23:57,CUST00409,Nasike Karanja,Male,61,Nairobi,0768041558,M-Pesa,Pay Bill,Insurance,Android,36258.41,105,75521.76,Completed
TXN0005468,2024-06-22 11:50:05,CUST00551,Kiprop Mutiso,Male,38,Nakuru,0710430915,Equitel,Withdraw Cash,N/A,iOS,15491.3,87,212668.98,Completed
TXN0004651,2024-06-22 18:23:29,CUST00407,Kibet Njoroge,Male,30,Kiambu,0759341120,M-Pesa,Buy Goods (Till),Pharmacy,Android,16863.72,55,11462.25,Completed
TXN0005908,2024-06-22 18:38:29,CUST00731,Nafula Njuguna,Male,18,Nakuru,0111085866,M-Pesa,Buy Goods (Till),Pharmacy,Android,27485.88,108,110244.54,Completed
TXN0002458,2024-06-22 19:15:35,CUST00622,Njeri Mutiso,Female,19,Machakos,0701362592,M-Pesa,Buy Goods (Till),Electronics,Feature Phone,10024.2,87,98856.0,Completed
TXN0003693,2024-06-22 20:53:50,CUST00013,Jelagat Karanja,Female,51,Mombasa,0740235220,M-Pesa,Send Money,N/A,Android,52758.92,100,176334.78,Completed
TXN0004985,2024-06-22 21:18:31,CUST00631,Achieng Wabwire,Female,25,Nakuru,0710142975,M-Pesa,Buy Goods (Till),Supermarket,Android,4587.37,40,199131.07,Completed
TXN0005482,2024-06-22 21:46:40,CUST00602,Maina Langat,Male,65,Kisumu,0790028744,M-Pesa,Send Money,N/A,Android,31192.91,108,89344.35,Completed
TXN0000043,2024-06-23 08:00:28,CUST00111,Maina Langat,Male,48,Mombasa,0722902196,M-Pesa,Reversal,N/A,Feature Phone,3304.18,0.0,88739.41,Completed
TXN0005346,2024-06-23 08:25:59,CUST00650,Ndungu Mutiso,Male,37,Kisumu,0723285622,T-Kash,Airtime Purchase,N/A,Android,1091.43,0.0,61700.42,Failed
TXN0004841,2024-06-23 09:42:53,CUST00201,Kariuki Mutiso,Female,55,Nairobi,0723746305,M-Pesa,Airtime Purchase,N/A,Android,604.95,0.0,33807.8,Completed
TXN0003368,2024-06-23 09:44:11,CUST00218,Njeri Karanja,Female,47,Kericho,0790350253,M-Pesa,Airtime Purchase,N/A,Android,877.55,0.0,117675.18,Completed
TXN0004417,2024-06-23 10:16:51,CUST00611,Owino Langat,Female,71,Nyeri,0790388416,M-Pesa,Send Money,N/A,Android,7058.15,55,18628.26,Completed
TXN0004774,2024-06-23 11:11:30,CUST00472,Auma Waweru,Female,69,Mombasa,0710894815,M-Pesa,Buy Goods (Till),Supermarket,Android,1665.64,33,158977.65,Completed
TXN0001363,2024-06-23 11:52:13,CUST00542,Kariuki Wanjala,Male,59,Kiambu,0768021322,Airtel Money,Deposit Cash,N/A,Android,12708.13,0.0,23186.54,Completed
TXN0005641,2024-06-23 12:07:52,CUST00771,Cherono Barasa,Female,30,Nairobi,0759781757,M-Pesa,Deposit Cash,N/A,Android,47869.8,0.0,204386.8,Completed
TXN0000184,2024-06-23 13:13:58,CUST00231,Wairimu Amollo,Female,68,Homa Bay,0722795939,Equitel,Deposit Cash,N/A,Android,51773.54,0.0,206534.61,Completed
TXN0001027,2024-06-23 13:55:39,CUST00180,Nyambura Waweru,Male,35,Mombasa,0701739746,M-Pesa,Send Money,N/A,Android,50065.11,108,56596.04,Completed
TXN0003385,2024-06-23 14:33:30,CUST00438,Mwangi Njuguna,Female,52,Migori,0111330963,Airtel Money,Pay Bill,Rent,Android,84119.55,100,241035.12,Completed
TXN0001328,2024-06-23 16:41:19,CUST00409,Nasike Karanja,Male,61,Nairobi,0768041558,M-Pesa,Pay Bill,Insurance,Android,82799.89,100,34591.45,Completed
TXN0001734,2024-06-23 16:49:33,CUST00195,Njoroge Otieno,Male,35,Nairobi,0790147751,M-Pesa,Send Money,N/A,Feature Phone,11705.06,62,68765.42,Completed
TXN0004246,2024-06-23 17:23:37,CUST00067,Wanjiku Makau,Female,27,Nakuru,0710072630,M-Pesa,Withdraw Cash,N/A,Android,26010.4,108,60583.0,Completed
TXN0003599,2024-06-23 18:27:32,CUST00297,Achieng Odhiambo,Male,38,Nakuru,0723352983,Airtel Money,Airtime Purchase,N/A,Android,704.64,0.0,163279.69,Completed
TXN0002273,2024-06-23 18:31:22,CUST00090,Cherono Langat,Male,66,Kiambu,0111311607,Equitel,Pay Bill,Rent,Android,47133.59,105,83666.45,Completed
TXN0000460,2024-06-23 19:18:20,CUST00427,Simiyu Omollo,Female,49,Nairobi,0759830191,M-Pesa,Pay Bill,DSTV/GOTV,iOS,42557.05,100,203591.04,Completed
TXN0001223,2024-06-23 19:35:55,CUST00317,Jelagat Wanjala,Male,48,Kericho,0710241576,M-Pesa,Pay Bill,Loan Repayment,Android,82628.88,108,111956.52,Completed
TXN0002808,2024-06-23 22:24:00,CUST00621,Barasa Ochieng,Male,56,Kiambu,0768696368,M-Pesa,Withdraw Cash,N/A,Feature Phone,27823.95,108,213768.01,Completed
TXN0002096,2024-06-24 06:58:10,CUST00260,Gitau Onyango,Female,42,Nyeri,0740376649,M-Pesa,Withdraw Cash,N/A,Android,46718.75,100,105714.9,Completed
TXN0005488,2024-06-24 07:30:05,CUST00704,Chelagat Kimani,Male,27,Kiambu,0768479814,M-Pesa,Send Money,N/A,Android,15193.08,55,155727.23,Completed
TXN0003858,2024-06-24 07:36:13,CUST00500,Wafula Musyoka,Female,58,Kericho,0723852094,M-Pesa,Pay Bill,Electricity (KPLC),Feature Phone,38254.79,108,75315.29,Completed
TXN0003897,2024-06-24 09:28:38,CUST00758,Njeri Musyoka,Male,21,Nairobi,0740434387,M-Pesa,Buy Goods (Till),Pharmacy,Android,19132.94,0.0,82505.59,Failed
TXN0001712,2024-06-24 12:03:49,CUST00489,Anyango Kiplagat,Male,51,Kakamega,0723136978,M-Pesa,Deposit Cash,N/A,Android,42933.69,0.0,177528.89,Completed
TXN0003239,2024-06-24 12:31:54,CUST00756,Mumbi Kiplagat,Male,25,Nairobi,0710789441,M-Pesa,Deposit Cash,N/A,Android,43631.15,0.0,217337.32,Completed
TXN0003409,2024-06-24 13:53:48,CUST00279,Wanjiku Kimani,Male,28,Kisumu,0701880429,M-Pesa,Buy Goods (Till),Restaurant,Android,15719.7,87,213660.78,Completed
TXN0005417,2024-06-24 14:45:51,CUST00205,Wanjiku Njoroge,Male,48,Nairobi,0740540318,M-Pesa,Pay Bill,Internet (ISP),Android,91166.64,105,5926.77,Completed
TXN0001912,2024-06-24 16:51:32,CUST00744,Wafula Wanjala,Male,19,Kisumu,0759518123,M-Pesa,Pay Bill,DSTV/GOTV,Feature Phone,41537.34,100,103904.03,Completed
TXN0001870,2024-06-24 16:58:53,CUST00208,Owino Waweru,Female,38,Bungoma,0740205667,M-Pesa,Pay Bill,Internet (ISP),Feature Phone,16206.44,87,9947.89,Completed
TXN0004244,2024-06-25 02:21:20,CUST00489,Anyango Kiplagat,Male,51,Kakamega,0723136978,M-Pesa,Send Money,N/A,Android,25367.32,105,8309.21,Completed
TXN0001048,2024-06-25 03:14:45,CUST00630,Wafula Kamau,Male,18,Kericho,0111499934,M-Pesa,Send Money,N/A,Android,4754.49,40,45152.52,Completed
TXN0003578,2024-06-25 06:21:40,CUST00088,Kagwe Otieno,Female,36,Machakos,0111151483,M-Pesa,Withdraw Cash,N/A,Android,25189.13,100,171090.96,Completed
TXN0004041,2024-06-25 06:52:18,CUST00107,Wairimu Omollo,Male,37,Bomet,0701916547,M-Pesa,Deposit Cash,N/A,Android,52557.03,0.0,114078.85,Completed
TXN0003772,2024-06-25 07:20:33,CUST00135,Muthoni Gichuru,Female,39,Uasin Gishu,0111715501,M-Pesa,Withdraw Cash,N/A,Android,29356.04,108,104076.99,Completed
TXN0005271,2024-06-25 11:21:48,CUST00229,Rotich Gichuru,Male,52,Bungoma,0768735495,M-Pesa,Pay Bill,School Fees,Android,16805.98,55,248341.31,Completed
TXN0002708,2024-06-25 11:35:39,CUST00735,Onyango Waweru,Female,70,Kakamega,0768032282,Airtel Money,Send Money,N/A,Feature Phone,37078.23,105,58839.51,Completed
TXN0004807,2024-06-25 13:11:07,CUST00425,Kagwe Gichuru,Female,54,Nairobi,0701556270,M-Pesa,Send Money,N/A,Android,45601.7,105,32572.06,Completed
TXN0000279,2024-06-25 15:04:13,CUST00644,Atieno Amollo,Male,61,Trans Nzoia,0701141622,M-Pesa,Deposit Cash,N/A,Android,126376.03,0.0,248174.7,Completed
TXN0001318,2024-06-25 15:44:59,CUST00651,Omondi Amollo,Female,63,Nairobi,0740708143,Equitel,Send Money,N/A,Android,30808.1,105,44258.28,Completed
TXN0005187,2024-06-25 16:43:41,CUST00296,Nyokabi Ruto,Female,36,Nairobi,0759457613,M-Pesa,Send Money,N/A,Android,14187.12,62,6556.56,Completed
TXN0005145,2024-06-25 18:02:17,CUST00637,Wafula Otieno,Male,65,Nairobi,0740294668,M-Pesa,Buy Goods (Till),Fuel Station,Android,4305.64,45,71539.05,Completed
TXN0002133,2024-06-25 19:19:15,CUST00111,Maina Langat,Male,48,Mombasa,0722902196,M-Pesa,Buy Goods (Till),Pharmacy,Feature Phone,15109.57,62,100658.97,Completed
TXN0002327,2024-06-25 19:58:35,CUST00563,Kiprop Gichuru,Female,57,Kakamega,0768393064,M-Pesa,Pay Bill,Insurance,Android,3958.88,45,127164.69,Completed
TXN0005499,2024-06-25 20:55:05,CUST00034,Onyango Waweru,Male,58,Uasin Gishu,0768426077,M-Pesa,Buy Goods (Till),Fuel Station,Android,2528.57,45,11312.56,Completed
TXN0004951,2024-06-25 20:55:53,CUST00112,Atieno Ochieng,Male,21,Nairobi,0701084565,M-Pesa,Airtime Purchase,N/A,Android,182.22,0.0,99733.91,Completed
TXN0001651,2024-06-25 22:35:58,CUST00501,Cheruiyot Cheptoo,Male,55,Nairobi,0111255430,Airtel Money,Deposit Cash,N/A,Android,66515.98,0.0,73400.0,Completed
TXN0004232,2024-06-25 23:01:33,CUST00477,Omondi Mutiso,Male,47,Garissa,0710303690,M-Pesa,Deposit Cash,N/A,Android,45196.94,0.0,232991.85,Completed
TXN0000626,2024-06-26 06:17:43,CUST00466,Nyambura Omollo,Male,25,Nairobi,0111543276,Equitel,Airtime Purchase,N/A,Android,823.68,0.0,249197.53,Completed
TXN0003138,2024-06-26 09:03:54,CUST00758,Njeri Musyoka,Male,21,Nairobi,0740434387,M-Pesa,Buy Goods (Till),Electronics,Android,21647.43,100,173077.71,Completed
TXN0002251,2024-06-26 09:14:14,CUST00716,Moraa Njoroge,Female,38,Kilifi,0111970471,Airtel Money,Withdraw Cash,N/A,Android,39788.55,0.0,228331.18,Failed
TXN0003569,2024-06-26 09:44:45,CUST00716,Moraa Njoroge,Female,38,Kilifi,0111970471,Airtel Money,Send Money,N/A,Android,50712.15,108,248694.89,Completed
TXN0002408,2024-06-26 10:58:13,CUST00650,Ndungu Mutiso,Male,37,Kisumu,0723285622,T-Kash,Pay Bill,Insurance,Android,115295.46,100,137817.05,Completed
TXN0000777,2024-06-26 13:14:25,CUST00057,Jelagat Ochieng,Female,47,Meru,0768954004,M-Pesa,Buy Goods (Till),Electronics,Android,14852.71,62,160059.87,Completed
TXN0003030,2024-06-26 15:59:25,CUST00106,Nyambura Wekesa,Male,71,Meru,0710703796,M-Pesa,Reversal,N/A,Feature Phone,26021.78,0.0,189562.13,Completed
TXN0005865,2024-06-26 17:13:53,CUST00348,Anyango Omollo,Female,28,Nyeri,0768820657,M-Pesa,Buy Goods (Till),Restaurant,Android,7024.12,87,118899.25,Completed
TXN0004303,2024-06-26 19:02:48,CUST00127,Owino Owuor,Male,36,Kericho,0790192660,M-Pesa,Pay Bill,Rent,Android,95488.51,105,160041.31,Completed
TXN0003346,2024-06-26 19:07:30,CUST00157,Atieno Kiplagat,Male,61,Nyeri,0768582329,M-Pesa,Deposit Cash,N/A,Android,129668.93,0.0,137439.92,Completed
TXN0001381,2024-06-26 19:12:09,CUST00527,Mumbi Kamau,Male,51,Kilifi,0710407680,M-Pesa,Withdraw Cash,N/A,Android,15948.5,87,153768.04,Completed
TXN0000645,2024-06-26 19:30:03,CUST00763,Mwangi Otieno,Male,20,Uasin Gishu,0740012673,M-Pesa,Send Money,N/A,Feature Phone,32210.06,105,139364.44,Completed
TXN0001170,2024-06-26 19:54:59,CUST00219,Chelagat Sang,Female,30,Nyeri,0759720423,Airtel Money,Withdraw Cash,N/A,Feature Phone,6451.66,55,164446.37,Completed
TXN0003184,2024-06-26 21:26:21,CUST00134,Nabwire Chepkwony,Male,30,Nakuru,0790057296,M-Pesa,Send Money,N/A,iOS,27818.87,108,63781.74,Completed
TXN0005551,2024-06-26 22:02:56,CUST00223,Chebet Wekesa,Male,46,Mombasa,0768137448,M-Pesa,Buy Goods (Till),Hardware,Feature Phone,14736.71,55,242484.98,Completed
TXN0003767,2024-06-27 02:16:18,CUST00275,Kipchoge Ochieng,Female,43,Nakuru,0701238767,M-Pesa,Pay Bill,School Fees,Android,57842.88,108,124712.72,Completed
TXN0002159,2024-06-27 04:55:18,CUST00533,Ochieng Kimani,Female,59,Kisumu,0790408396,M-Pesa,Send Money,N/A,Android,45263.91,108,75774.96,Completed
TXN0004551,2024-06-27 06:05:46,CUST00479,Chebet Chepkwony,Female,55,Nakuru,0710053439,M-Pesa,Buy Goods (Till),Clothing,Android,15830.49,62,30374.73,Completed
TXN0001697,2024-06-27 07:48:11,CUST00383,Gitau Barasa,Female,46,Kilifi,0790111096,M-Pesa,Send Money,N/A,Android,29019.68,100,239206.1,Completed
TXN0004912,2024-06-27 07:58:44,CUST00436,Chebet Otieno,Female,22,Nairobi,0790704600,M-Pesa,Withdraw Cash,N/A,Android,23479.32,100,199440.59,Completed
TXN0004062,2024-06-27 11:41:42,CUST00763,Mwangi Otieno,Male,20,Uasin Gishu,0740012673,M-Pesa,Pay Bill,Electricity (KPLC),Feature Phone,38937.28,108,201646.09,Completed
TXN0005203,2024-06-27 12:20:12,CUST00385,Achieng Waweru,Male,66,Bomet,0790926221,T-Kash,Send Money,N/A,Android,49555.06,108,217050.12,Completed
TXN0002347,2024-06-27 12:24:06,CUST00516,Jelagat Musyoka,Female,65,Nairobi,0710687141,Airtel Money,Deposit Cash,N/A,iOS,22391.53,0.0,177028.26,Completed
TXN0001338,2024-06-27 13:12:58,CUST00122,Barasa Sang,Male,34,Meru,0740929418,M-Pesa,Deposit Cash,N/A,Feature Phone,133993.23,0.0,34885.25,Completed
TXN0003556,2024-06-27 14:51:02,CUST00253,Njeri Barasa,Male,63,Kisumu,0710755182,M-Pesa,Pay Bill,Internet (ISP),Android,62290.62,105,234457.74,Completed
TXN0004035,2024-06-27 16:31:17,CUST00038,Gitau Mutiso,Female,52,Mombasa,0722249568,M-Pesa,Send Money,N/A,Android,28604.84,108,245732.63,Completed
TXN0002603,2024-06-27 16:34:51,CUST00696,Omondi Karanja,Female,48,Nairobi,0710481591,M-Pesa,Buy Goods (Till),Supermarket,Android,9816.24,0.0,28412.22,Failed
TXN0000330,2024-06-27 17:44:13,CUST00568,Kirui Ochieng,Female,38,Nairobi,0111298025,M-Pesa,Deposit Cash,N/A,Android,28254.73,0.0,209153.35,Completed
TXN0002635,2024-06-27 20:54:31,CUST00576,Kipchoge Amollo,Female,67,Kajiado,0722131077,M-Pesa,Pay Bill,Insurance,Feature Phone,52339.9,105,148911.61,Completed
TXN0002207,2024-06-27 22:12:47,CUST00673,Ndungu Kiplagat,Male,28,Kakamega,0759913130,M-Pesa,Buy Goods (Till),Hardware,Android,2003.87,40,46162.64,Completed
TXN0003215,2024-06-28 08:11:38,CUST00678,Mwangi Njoroge,Male,36,Nairobi,0768430699,Equitel,Airtime Purchase,N/A,Android,553.39,0.0,143073.96,Completed
TXN0004449,2024-06-28 09:47:52,CUST00301,Wairimu Kamau,Male,59,Nyeri,0723757091,Airtel Money,Send Money,N/A,Android,15738.81,62,62979.83,Completed
TXN0002807,2024-06-28 10:43:22,CUST00626,Njeri Njoroge,Female,21,Kakamega,0710911572,M-Pesa,Buy Goods (Till),Clothing,Android,24123.92,108,185193.03,Completed
TXN0003800,2024-06-28 11:01:20,CUST00271,Njoroge Ochieng,Male,68,Nairobi,0740678934,M-Pesa,Withdraw Cash,N/A,Android,30093.81,105,9171.58,Completed
TXN0000274,2024-06-28 11:32:32,CUST00108,Nyambura Amollo,Female,30,Bungoma,0710804397,M-Pesa,Send Money,N/A,Android,14142.46,62,82156.44,Completed
TXN0002735,2024-06-28 14:15:59,CUST00434,Rotich Kiplagat,Male,35,Kilifi,0111272039,M-Pesa,Buy Goods (Till),Clothing,Feature Phone,7154.82,55,103456.78,Completed
TXN0002979,2024-06-28 14:48:44,CUST00252,Cherono Makau,Female,44,Machakos,0723128778,Airtel Money,Deposit Cash,N/A,Android,21582.67,0.0,54550.01,Completed
TXN0002846,2024-06-28 15:07:44,CUST00272,Simiyu Wabwire,Male,48,Kiambu,0722001549,M-Pesa,Buy Goods (Till),Fuel Station,Android,14729.56,62,44221.01,Completed
TXN0002086,2024-06-28 20:12:12,CUST00673,Ndungu Kiplagat,Male,28,Kakamega,0759913130,M-Pesa,Buy Goods (Till),Restaurant,Android,787.6,15,223244.9,Completed
TXN0003163,2024-06-28 21:00:08,CUST00698,Kirui Onyango,Male,19,Nairobi,0722760201,M-Pesa,Pay Bill,SACCO,Android,22587.78,105,85950.91,Completed
TXN0000924,2024-06-28 23:43:00,CUST00110,Wangari Onyango,Female,23,Nakuru,0722307310,Airtel Money,Send Money,N/A,Android,4742.64,40,176075.94,Completed
TXN0005881,2024-06-29 06:42:39,CUST00297,Achieng Odhiambo,Male,38,Nakuru,0723352983,Airtel Money,Pay Bill,SACCO,Android,120103.14,100,7413.76,Completed
TXN0002771,2024-06-29 07:39:43,CUST00066,Cheruiyot Wabwire,Female,69,Nakuru,0710405588,M-Pesa,Airtime Purchase,N/A,Android,562.91,0.0,65975.8,Completed
TXN0004355,2024-06-29 10:17:28,CUST00506,Wafula Wekesa,Male,35,Nairobi,0790725607,Airtel Money,Pay Bill,Insurance,Android,71513.84,100,78977.11,Completed
TXN0003627,2024-06-29 10:56:21,CUST00495,Kariuki Sang,Female,25,Uasin Gishu,0701665485,M-Pesa,Send Money,N/A,Android,43398.33,100,183522.05,Completed
TXN0004693,2024-06-29 12:10:09,CUST00393,Ndungu Karanja,Male,49,Nairobi,0701446082,M-Pesa,Deposit Cash,N/A,Feature Phone,64389.07,0.0,23692.01,Completed
TXN0003586,2024-06-29 12:46:51,CUST00539,Chelagat Kiplagat,Female,27,Mombasa,0722197440,M-Pesa,Pay Bill,Electricity (KPLC),Android,87309.22,105,234739.75,Completed
TXN0005513,2024-06-29 13:21:17,CUST00270,Nasike Langat,Female,27,Nairobi,0722366261,Airtel Money,Send Money,N/A,Android,28531.33,105,49602.26,Completed
TXN0000451,2024-06-29 13:33:00,CUST00148,Cheruiyot Wekesa,Female,18,Nyeri,0790571888,M-Pesa,Send Money,N/A,Android,4611.91,40,19677.42,Completed
TXN0004813,2024-06-29 18:04:11,CUST00284,Adhiambo Kiplagat,Female,70,Bungoma,0111149857,M-Pesa,Buy Goods (Till),Hardware,Android,8368.4,62,8963.68,Completed
TXN0001432,2024-06-29 19:51:23,CUST00317,Jelagat Wanjala,Male,48,Kericho,0710241576,M-Pesa,Send Money,N/A,Android,30977.7,105,135996.54,Completed
TXN0003838,2024-06-29 20:43:02,CUST00743,Atieno Kamau,Male,29,Kakamega,0722133950,M-Pesa,Airtime Purchase,N/A,Android,1519.67,0.0,114421.31,Completed
TXN0002729,2024-06-30 01:20:05,CUST00076,Nafula Makau,Male,61,Trans Nzoia,0759370546,M-Pesa,Send Money,N/A,Android,32669.27,105,169067.26,Completed
TXN0000578,2024-06-30 02:41:17,CUST00310,Anyango Ruto,Male,50,Nairobi,0740886154,M-Pesa,Buy Goods (Till),Restaurant,iOS,4400.29,40,121693.96,Completed
TXN0005224,2024-06-30 02:57:42,CUST00618,Nyokabi Amollo,Male,30,Meru,0723287811,M-Pesa,Withdraw Cash,N/A,Android,24533.15,108,114095.2,Completed
TXN0001324,2024-06-30 09:35:02,CUST00552,Gitau Onyango,Female,61,Meru,0790733896,M-Pesa,Pay Bill,SACCO,Android,97593.71,100,155292.48,Completed
TXN0004431,2024-06-30 10:12:36,CUST00195,Njoroge Otieno,Male,35,Nairobi,0790147751,M-Pesa,Send Money,N/A,Feature Phone,6485.81,87,19293.52,Completed
TXN0000133,2024-06-30 11:03:23,CUST00268,Nyambura Wabwire,Male,69,Nakuru,0740292051,M-Pesa,Send Money,N/A,Feature Phone,9214.34,55,118802.45,Completed
TXN0000720,2024-06-30 11:40:14,CUST00296,Nyokabi Ruto,Female,36,Nairobi,0759457613,M-Pesa,Buy Goods (Till),Fuel Station,Android,17282.8,55,126785.92,Completed
TXN0000933,2024-06-30 12:05:53,CUST00642,Otieno Kimani,Female,41,Garissa,0111624773,T-Kash,Pay Bill,Water Utility,iOS,81584.61,108,121413.42,Completed
TXN0001826,2024-06-30 13:46:33,CUST00749,Omondi Sang,Female,38,Nairobi,0111672532,M-Pesa,Send Money,N/A,Android,36059.26,105,100203.51,Completed
TXN0000132,2024-06-30 15:10:11,CUST00351,Nyokabi Waweru,Male,37,Bungoma,0701947389,M-Pesa,Pay Bill,SACCO,Feature Phone,52613.33,100,64553.46,Completed
TXN0003891,2024-06-30 16:19:56,CUST00066,Cheruiyot Wabwire,Female,69,Nakuru,0710405588,M-Pesa,Withdraw Cash,N/A,Android,8351.12,87,190527.14,Completed
TXN0002225,2024-06-30 16:38:17,CUST00244,Kipchoge Ruto,Female,42,Nakuru,0701042851,M-Pesa,Send Money,N/A,Android,14317.2,62,110390.85,Completed
TXN0002746,2024-06-30 17:43:21,CUST00705,Auma Wekesa,Female,67,Nakuru,0111449661,T-Kash,Send Money,N/A,iOS,35445.45,105,238429.02,Completed
TXN0002470,2024-06-30 20:51:27,CUST00676,Anyango Ruto,Male,18,Nairobi,0701158490,M-Pesa,Send Money,N/A,Android,26071.9,105,235646.07,Completed
TXN0000239,2024-06-30 21:07:06,CUST00370,Rotich Sang,Male,58,Nakuru,0790535361,M-Pesa,Airtime Purchase,N/A,iOS,630.79,0.0,46035.01,Completed
TXN0002589,2024-06-30 21:27:05,CUST00662,Auma Njuguna,Female,49,Meru,0759996566,M-Pesa,Buy Goods (Till),Restaurant,Android,6586.0,0.0,226009.44,Failed
TXN0005350,2024-06-30 22:45:57,CUST00725,Onyango Otieno,Female,52,Nairobi,0701125970,Airtel Money,Deposit Cash,N/A,Feature Phone,6236.23,0.0,182138.81,Failed
TXN0004129,2024-07-01 00:13:49,CUST00754,Akinyi Ochieng,Female,19,Nairobi,0722198720,M-Pesa,Withdraw Cash,N/A,Feature Phone,43174.89,108,187103.68,Completed
TXN0005882,2024-07-01 02:15:15,CUST00662,Auma Njuguna,Female,49,Meru,0759996566,M-Pesa,Send Money,N/A,Android,17455.58,62,184521.7,Completed
TXN0000504,2024-07-01 06:00:07,CUST00733,Rotich Barasa,Female,62,Machakos,0723981664,M-Pesa,Pay Bill,Rent,Feature Phone,17856.11,55,150902.18,Completed
TXN0004671,2024-07-01 08:43:56,CUST00785,Auma Kiplagat,Female,64,Mombasa,0722938537,M-Pesa,Send Money,N/A,Android,25095.01,105,160813.52,Completed
TXN0000443,2024-07-01 10:24:39,CUST00235,Kibet Kiprono,Female,28,Nyeri,0768796196,Airtel Money,Withdraw Cash,N/A,Feature Phone,29693.93,100,122146.98,Completed
TXN0000039,2024-07-01 11:24:54,CUST00465,Mutua Musyoka,Female,41,Bomet,0722129615,M-Pesa,Send Money,N/A,Android,9430.96,87,177845.47,Completed
TXN0004300,2024-07-01 11:26:01,CUST00634,Waweru Wekesa,Male,71,Mombasa,0790558577,Airtel Money,Send Money,N/A,Feature Phone,25738.49,100,37861.54,Completed
TXN0005905,2024-07-01 12:32:50,CUST00642,Otieno Kimani,Female,41,Garissa,0111624773,T-Kash,Withdraw Cash,N/A,iOS,9045.47,55,113940.31,Completed
TXN0003984,2024-07-01 13:13:50,CUST00080,Wairimu Karanja,Female,59,Nakuru,0768299802,M-Pesa,Buy Goods (Till),Hardware,iOS,5968.71,62,10470.09,Completed
TXN0000895,2024-07-01 13:37:04,CUST00753,Kibet Sang,Female,40,Nakuru,0759740294,M-Pesa,Buy Goods (Till),Hardware,Feature Phone,2784.56,33,144137.29,Completed
TXN0001736,2024-07-01 16:46:53,CUST00132,Wafula Sang,Female,28,Kisumu,0759484034,M-Pesa,Withdraw Cash,N/A,Android,16632.75,55,172957.05,Completed
TXN0005967,2024-07-01 16:47:43,CUST00388,Njoroge Kiplagat,Male,43,Garissa,0790446051,Airtel Money,Pay Bill,Internet (ISP),Android,113811.52,108,171262.48,Completed
TXN0001125,2024-07-01 16:52:00,CUST00084,Onyango Kimani,Female,19,Nairobi,0701841748,M-Pesa,Withdraw Cash,N/A,Android,47727.31,105,172566.85,Completed
TXN0003882,2024-07-01 16:54:39,CUST00431,Onyango Sang,Female,61,Kilifi,0740569300,M-Pesa,Withdraw Cash,N/A,Android,11379.99,55,87074.5,Completed
TXN0002299,2024-07-01 17:05:04,CUST00096,Chebet Omollo,Female,45,Machakos,0759087270,M-Pesa,Buy Goods (Till),Supermarket,Android,10616.8,55,240747.78,Completed
TXN0004840,2024-07-01 17:06:25,CUST00633,Barasa Omollo,Male,56,Uasin Gishu,0710076935,Airtel Money,Deposit Cash,N/A,Android,130486.15,0.0,87522.98,Completed
TXN0002126,2024-07-01 18:43:37,CUST00230,Ndungu Omollo,Female,19,Turkana,0790095799,M-Pesa,Pay Bill,DSTV/GOTV,Android,76199.45,0.0,198339.53,Failed
TXN0005268,2024-07-01 19:40:22,CUST00139,Jelagat Mutiso,Male,44,Nairobi,0740479870,M-Pesa,Pay Bill,SACCO,Android,49195.91,108,106516.74,Completed
TXN0004875,2024-07-01 20:05:33,CUST00767,Ochieng Owuor,Male,28,Kilifi,0723083435,M-Pesa,Buy Goods (Till),Hardware,Android,22824.58,100,145753.29,Completed
TXN0003218,2024-07-01 20:08:24,CUST00397,Nasike Makau,Male,62,Machakos,0790482569,M-Pesa,Pay Bill,DSTV/GOTV,Android,46437.51,105,155112.47,Completed
TXN0004298,2024-07-01 20:17:44,CUST00663,Atieno Cheptoo,Male,71,Nairobi,0710623160,M-Pesa,Deposit Cash,N/A,Android,111566.4,0.0,109650.45,Completed
TXN0004325,2024-07-01 22:27:04,CUST00690,Auma Amollo,Male,43,Kisumu,0759891737,M-Pesa,Airtime Purchase,N/A,Android,265.55,0.0,238454.54,Completed
TXN0005502,2024-07-01 23:38:04,CUST00034,Onyango Waweru,Male,58,Uasin Gishu,0768426077,M-Pesa,Send Money,N/A,Android,39307.17,0.0,172738.27,Reversed
TXN0002339,2024-07-02 03:53:58,CUST00768,Wanjiku Amollo,Female,40,Kiambu,0111878951,M-Pesa,Airtime Purchase,N/A,Feature Phone,1421.98,0.0,108658.38,Completed
TXN0002854,2024-07-02 06:53:35,CUST00207,Akinyi Kimani,Male,28,Mombasa,0740614680,M-Pesa,Send Money,N/A,Feature Phone,44134.98,105,76403.6,Completed
TXN0005292,2024-07-02 07:11:15,CUST00219,Chelagat Sang,Female,30,Nyeri,0759720423,Airtel Money,Buy Goods (Till),Pharmacy,Feature Phone,6728.62,62,220622.35,Completed
TXN0005749,2024-07-02 07:18:10,CUST00682,Cheruiyot Gichuru,Female,69,Nairobi,0759618611,M-Pesa,Deposit Cash,N/A,Android,28122.1,0.0,84876.24,Completed
TXN0003491,2024-07-02 10:41:55,CUST00342,Ndungu Kimani,Female,43,Kiambu,0701797541,Airtel Money,Airtime Purchase,N/A,Android,642.42,0.0,11831.28,Completed
TXN0001406,2024-07-02 14:02:29,CUST00253,Njeri Barasa,Male,63,Kisumu,0710755182,M-Pesa,Buy Goods (Till),Supermarket,Android,14336.1,87,227753.39,Completed
TXN0005496,2024-07-02 14:35:47,CUST00372,Moraa Waweru,Female,67,Meru,0710413559,M-Pesa,Send Money,N/A,Android,57628.57,100,150574.11,Completed
TXN0005453,2024-07-02 16:58:57,CUST00130,Gitau Musyoka,Female,47,Nairobi,0710377891,M-Pesa,Buy Goods (Till),Electronics,Android,15919.46,87,233757.93,Completed
TXN0005133,2024-07-02 17:02:03,CUST00316,Nabwire Kiprono,Male,21,Nairobi,0710549687,Airtel Money,Pay Bill,Electricity (KPLC),iOS,85318.92,105,202204.69,Completed
TXN0003672,2024-07-02 18:07:02,CUST00484,Mumbi Karanja,Male,30,Nairobi,0111017253,Airtel Money,Pay Bill,Insurance,Feature Phone,79623.53,105,203089.04,Completed
TXN0005690,2024-07-02 19:02:03,CUST00091,Kirui Waweru,Male,47,Kiambu,0111339581,M-Pesa,Pay Bill,Water Utility,Android,69663.64,100,58412.32,Completed
TXN0004075,2024-07-02 20:30:17,CUST00190,Jelagat Njuguna,Male,45,Nakuru,0740278018,M-Pesa,Buy Goods (Till),Fuel Station,Android,2972.69,45,217711.93,Completed
TXN0000116,2024-07-02 20:51:32,CUST00736,Nafula Omollo,Female,18,Turkana,0768007857,M-Pesa,Airtime Purchase,N/A,Android,1903.22,0.0,122575.12,Completed
TXN0001680,2024-07-02 21:28:28,CUST00695,Rotich Kimani,Female,56,Uasin Gishu,0701225871,M-Pesa,Deposit Cash,N/A,Feature Phone,16035.79,0.0,27911.51,Completed
TXN0000137,2024-07-02 22:00:41,CUST00450,Wairimu Wekesa,Male,28,Bungoma,0701502454,M-Pesa,Withdraw Cash,N/A,Feature Phone,22453.49,105,182738.71,Completed
TXN0000513,2024-07-02 22:48:45,CUST00716,Moraa Njoroge,Female,38,Kilifi,0111970471,Airtel Money,Buy Goods (Till),Clothing,Android,15074.52,87,26582.03,Completed
TXN0001917,2024-07-03 05:17:24,CUST00568,Kirui Ochieng,Female,38,Nairobi,0111298025,M-Pesa,Send Money,N/A,Android,20898.62,108,4036.35,Completed
TXN0001450,2024-07-03 06:17:27,CUST00681,Kiprop Sang,Female,45,Nairobi,0710712127,M-Pesa,Withdraw Cash,N/A,Android,28371.81,105,199459.08,Completed
TXN0004412,2024-07-03 06:46:14,CUST00572,Nafula Onyango,Female,40,Kericho,0740550753,M-Pesa,Buy Goods (Till),Hardware,Android,6051.26,87,215026.61,Completed
TXN0005851,2024-07-03 07:21:09,CUST00321,Waweru Kiprono,Male,34,Mombasa,0740905520,M-Pesa,Airtime Purchase,N/A,Android,1342.14,0.0,71096.53,Completed
TXN0000999,2024-07-03 07:27:21,CUST00655,Chebet Ruto,Male,48,Nairobi,0722153417,M-Pesa,Buy Goods (Till),Hardware,Android,2863.41,45,3753.5,Completed
TXN0002132,2024-07-03 08:52:02,CUST00729,Wanjiku Kiprono,Female,47,Migori,0701819450,M-Pesa,Airtime Purchase,N/A,Feature Phone,1529.9,0.0,145641.05,Completed
TXN0005251,2024-07-03 09:12:08,CUST00413,Kibet Chepkwony,Male,59,Nairobi,0790544659,M-Pesa,Send Money,N/A,Android,18023.46,55,232832.99,Completed
TXN0001288,2024-07-03 09:32:27,CUST00613,Kariuki Waweru,Male,66,Uasin Gishu,0111017342,M-Pesa,Withdraw Cash,N/A,Android,20636.79,105,230320.48,Completed
TXN0005095,2024-07-03 09:41:52,CUST00321,Waweru Kiprono,Male,34,Mombasa,0740905520,M-Pesa,Buy Goods (Till),Clothing,Android,6574.73,55,33667.15,Completed
TXN0005175,2024-07-03 09:54:02,CUST00656,Kariuki Barasa,Female,62,Machakos,0710636767,Airtel Money,Airtime Purchase,N/A,Android,383.68,0.0,218122.14,Completed
TXN0000931,2024-07-03 11:21:09,CUST00153,Nyambura Mutiso,Male,72,Kisumu,0723674840,M-Pesa,Send Money,N/A,Android,28438.38,100,174869.31,Completed
TXN0001370,2024-07-03 13:21:04,CUST00180,Nyambura Waweru,Male,35,Mombasa,0701739746,M-Pesa,Withdraw Cash,N/A,Android,27067.22,100,119979.76,Completed
TXN0004290,2024-07-03 13:23:40,CUST00402,Nabwire Odhiambo,Male,39,Bungoma,0111018335,M-Pesa,Airtime Purchase,N/A,Android,1054.85,0.0,43404.82,Completed
TXN0002443,2024-07-03 15:02:56,CUST00113,Akinyi Ruto,Male,33,Uasin Gishu,0710609055,Equitel,Buy Goods (Till),Supermarket,Android,5149.5,87,81820.25,Completed
TXN0004408,2024-07-03 15:16:22,CUST00105,Mutua Kiprono,Male,27,Nairobi,0723557568,M-Pesa,Pay Bill,School Fees,Android,66665.82,100,26726.18,Completed
TXN0004585,2024-07-03 19:50:42,CUST00194,Wafula Amollo,Male,42,Bomet,0759644741,M-Pesa,Buy Goods (Till),Supermarket,Feature Phone,6109.09,62,138214.43,Completed
TXN0003013,2024-07-03 20:26:49,CUST00338,Wanjiku Wekesa,Female,44,Kisumu,0759534280,M-Pesa,Send Money,N/A,Android,43813.15,0.0,187893.28,Reversed
TXN0003446,2024-07-04 02:21:38,CUST00744,Wafula Wanjala,Male,19,Kisumu,0759518123,M-Pesa,Deposit Cash,N/A,Feature Phone,111189.36,0.0,235667.39,Completed
TXN0002608,2024-07-04 02:51:06,CUST00780,Simiyu Njoroge,Male,51,Nairobi,0701186167,T-Kash,Pay Bill,Rent,Feature Phone,36253.82,108,120324.87,Completed
TXN0004522,2024-07-04 07:21:21,CUST00524,Njoroge Karanja,Female,34,Machakos,0790541749,M-Pesa,Buy Goods (Till),Hardware,iOS,8512.83,55,203153.12,Completed
TXN0003047,2024-07-04 07:30:16,CUST00792,Nyokabi Wekesa,Male,61,Nyeri,0759485436,M-Pesa,Pay Bill,Water Utility,Android,23306.51,108,67861.57,Completed
TXN0005894,2024-07-04 08:40:46,CUST00565,Maina Musyoka,Male,50,Turkana,0723659228,Airtel Money,Send Money,N/A,Android,12847.49,87,160233.69,Completed
TXN0004218,2024-07-04 10:27:09,CUST00249,Omondi Njuguna,Male,55,Uasin Gishu,0723951253,M-Pesa,Deposit Cash,N/A,Android,36047.69,0.0,62743.59,Completed
TXN0003064,2024-07-04 10:47:42,CUST00104,Auma Odhiambo,Female,62,Kajiado,0759065039,M-Pesa,Pay Bill,Insurance,Feature Phone,88320.55,108,169382.91,Completed
TXN0000085,2024-07-04 17:09:25,CUST00111,Maina Langat,Male,48,Mombasa,0722902196,M-Pesa,Buy Goods (Till),Supermarket,Feature Phone,12041.94,55,111771.32,Completed
TXN0003919,2024-07-04 18:13:48,CUST00334,Nasike Ruto,Male,57,Kiambu,0790499225,M-Pesa,Buy Goods (Till),Hardware,Feature Phone,6660.84,87,102009.6,Completed
TXN0005370,2024-07-04 18:22:53,CUST00229,Rotich Gichuru,Male,52,Bungoma,0768735495,M-Pesa,Withdraw Cash,N/A,Android,13747.86,55,248906.8,Completed
TXN0003397,2024-07-04 18:55:10,CUST00379,Nyokabi Musyoka,Female,43,Kilifi,0722336295,Airtel Money,Send Money,N/A,Android,5264.27,55,191163.87,Completed
TXN0005340,2024-07-04 20:19:28,CUST00130,Gitau Musyoka,Female,47,Nairobi,0710377891,M-Pesa,Buy Goods (Till),Hardware,Android,6053.42,0.0,118467.0,Failed
TXN0000642,2024-07-04 21:43:02,CUST00065,Owino Mutiso,Female,53,Kilifi,0768431652,M-Pesa,Send Money,N/A,Android,17661.05,87,133702.31,Completed
TXN0001201,2024-07-04 22:37:54,CUST00051,Wafula Barasa,Male,32,Nakuru,0790052956,M-Pesa,Airtime Purchase,N/A,Feature Phone,398.9,0.0,197588.95,Completed
TXN0002300,2024-07-04 22:56:33,CUST00197,Kiprop Kiplagat,Female,25,Bungoma,0740276864,M-Pesa,Airtime Purchase,N/A,Feature Phone,639.44,0.0,34021.36,Completed
TXN0005547,2024-07-04 23:41:42,CUST00476,Mumbi Musyoka,Female,54,Mombasa,0790646155,Airtel Money,Buy Goods (Till),Electronics,Android,4501.1,45,76206.46,Completed
TXN0001239,2024-07-04 23:57:10,CUST00779,Kamau Kariuki,Male,71,Trans Nzoia,0723302430,M-Pesa,Pay Bill,DSTV/GOTV,Android,20915.86,105,190420.93,Completed
TXN0004970,2024-07-05 02:29:08,CUST00490,Nyokabi Njoroge,Male,56,Kericho,0768187275,M-Pesa,Pay Bill,Rent,Feature Phone,34705.02,100,190768.51,Completed
TXN0004922,2024-07-05 04:13:39,CUST00187,Owino Kamau,Male,48,Nairobi,0768908733,Airtel Money,Buy Goods (Till),Pharmacy,Android,19196.81,55,30135.58,Completed
TXN0005364,2024-07-05 05:26:15,CUST00677,Anyango Ruto,Female,37,Nakuru,0710529641,M-Pesa,Buy Goods (Till),Electronics,Android,15489.04,87,183072.23,Completed
TXN0004715,2024-07-05 07:04:26,CUST00405,Chelagat Mutiso,Female,27,Kilifi,0723896174,M-Pesa,Buy Goods (Till),Restaurant,Android,9650.76,87,160721.03,Completed
TXN0003259,2024-07-05 07:33:01,CUST00676,Anyango Ruto,Male,18,Nairobi,0701158490,M-Pesa,Send Money,N/A,Android,33406.16,105,155047.77,Completed
TXN0000634,2024-07-05 08:39:41,CUST00182,Kibet Wekesa,Female,43,Bomet,0790769732,Airtel Money,Pay Bill,Rent,Android,26367.93,108,61399.08,Completed
TXN0000870,2024-07-05 10:39:57,CUST00483,Achieng Njoroge,Female,24,Nairobi,0759549030,M-Pesa,Buy Goods (Till),Clothing,Android,15017.25,55,224962.91,Completed
TXN0000472,2024-07-05 11:33:38,CUST00398,Kariuki Gichuru,Female,29,Garissa,0740790061,Airtel Money,Withdraw Cash,N/A,Feature Phone,22516.45,100,230204.74,Completed
TXN0001726,2024-07-05 12:38:41,CUST00003,Maina Mutiso,Male,24,Nairobi,0723332041,Airtel Money,Buy Goods (Till),Supermarket,Android,8742.03,62,142967.74,Completed
TXN0002838,2024-07-05 13:30:10,CUST00162,Kiptoo Waweru,Male,44,Uasin Gishu,0710323043,M-Pesa,Pay Bill,DSTV/GOTV,Feature Phone,40962.1,105,56082.83,Completed
TXN0005359,2024-07-05 13:53:19,CUST00315,Kagwe Ochieng,Female,48,Kakamega,0701218005,M-Pesa,Buy Goods (Till),Supermarket,Android,9789.55,87,114025.96,Completed
TXN0004478,2024-07-05 22:12:44,CUST00497,Kirui Ochieng,Female,45,Kiambu,0111402230,M-Pesa,Send Money,N/A,Feature Phone,16128.58,62,119367.09,Completed
TXN0004880,2024-07-05 23:40:51,CUST00473,Ochieng Mutiso,Female,22,Migori,0768049457,M-Pesa,Buy Goods (Till),Supermarket,Android,21121.21,105,115315.82,Completed
TXN0005835,2024-07-06 02:53:54,CUST00651,Omondi Amollo,Female,63,Nairobi,0740708143,Equitel,Buy Goods (Till),Hardware,Android,8531.55,62,167997.64,Completed
TXN0000784,2024-07-06 03:54:16,CUST00564,Cheruiyot Kamau,Male,54,Machakos,0790515165,M-Pesa,Buy Goods (Till),Pharmacy,Android,8206.2,55,3733.27,Completed
TXN0003363,2024-07-06 04:30:32,CUST00794,Barasa Onyango,Female,63,Nakuru,0710905895,M-Pesa,Buy Goods (Till),Pharmacy,Android,6028.01,55,1628.3,Completed
TXN0002529,2024-07-06 06:20:46,CUST00251,Cherono Karanja,Female,41,Nairobi,0790388692,M-Pesa,Send Money,N/A,Feature Phone,27753.24,108,145726.67,Completed
TXN0001618,2024-07-06 06:56:33,CUST00490,Nyokabi Njoroge,Male,56,Kericho,0768187275,M-Pesa,Send Money,N/A,Feature Phone,40326.86,108,66531.37,Completed
TXN0003405,2024-07-06 07:52:45,CUST00383,Gitau Barasa,Female,46,Kilifi,0790111096,M-Pesa,Deposit Cash,N/A,Android,67561.09,0.0,81414.19,Completed
TXN0005987,2024-07-06 08:58:06,CUST00793,Jelagat Waweru,Male,58,Nakuru,0723515140,M-Pesa,Pay Bill,Loan Repayment,Android,44108.76,100,175306.71,Completed
TXN0004130,2024-07-06 09:13:16,CUST00653,Chebet Kiprono,Female,38,Kilifi,0722874116,M-Pesa,Send Money,N/A,Android,21050.42,108,64251.89,Completed
TXN0004182,2024-07-06 11:22:33,CUST00767,Ochieng Owuor,Male,28,Kilifi,0723083435,M-Pesa,Pay Bill,School Fees,Android,70682.48,105,232752.41,Completed
TXN0004011,2024-07-06 12:59:35,CUST00289,Nafula Makau,Female,71,Kisumu,0768850161,M-Pesa,Send Money,N/A,Android,38301.42,108,209946.85,Completed
TXN0004491,2024-07-06 13:03:44,CUST00271,Njoroge Ochieng,Male,68,Nairobi,0740678934,M-Pesa,Pay Bill,SACCO,Android,67216.07,105,11545.82,Completed
TXN0003244,2024-07-06 13:18:54,CUST00072,Wafula Onyango,Female,72,Mombasa,0740332608,M-Pesa,Send Money,N/A,Android,8087.16,62,109052.66,Completed
TXN0003917,2024-07-06 14:00:30,CUST00229,Rotich Gichuru,Male,52,Bungoma,0768735495,M-Pesa,Send Money,N/A,Android,14125.69,62,90399.31,Completed
TXN0001660,2024-07-06 14:19:27,CUST00455,Gitau Otieno,Male,20,Trans Nzoia,0759054784,M-Pesa,Send Money,N/A,Android,21061.27,100,6762.44,Completed
TXN0003110,2024-07-06 15:49:23,CUST00768,Wanjiku Amollo,Female,40,Kiambu,0111878951,M-Pesa,Send Money,N/A,Feature Phone,46081.83,105,196351.09,Completed
TXN0000324,2024-07-06 16:26:00,CUST00451,Chelagat Ochieng,Male,38,Nairobi,0740783244,Airtel Money,Pay Bill,Electricity (KPLC),Android,27588.34,100,214382.84,Completed
TXN0004917,2024-07-06 18:11:18,CUST00427,Simiyu Omollo,Female,49,Nairobi,0759830191,M-Pesa,Withdraw Cash,N/A,iOS,50247.87,105,55357.12,Completed
TXN0001069,2024-07-06 21:57:59,CUST00034,Onyango Waweru,Male,58,Uasin Gishu,0768426077,M-Pesa,Buy Goods (Till),Electronics,Android,17941.21,55,1150.87,Completed
TXN0000975,2024-07-07 01:26:24,CUST00029,Otieno Ochieng,Female,34,Nairobi,0790053749,M-Pesa,Withdraw Cash,N/A,Feature Phone,20732.76,105,188901.38,Completed
TXN0004443,2024-07-07 02:25:35,CUST00652,Otieno Chepkwony,Male,43,Kiambu,0701973526,M-Pesa,Buy Goods (Till),Fuel Station,Feature Phone,3403.64,45,81457.7,Completed
TXN0000447,2024-07-07 05:42:36,CUST00004,Rotich Wanjala,Female,41,Uasin Gishu,0723022021,M-Pesa,Buy Goods (Till),Pharmacy,Android,18431.89,62,239166.91,Completed
TXN0002119,2024-07-07 07:23:05,CUST00045,Kemboi Ruto,Female,22,Kisumu,0111044438,M-Pesa,Send Money,N/A,Android,17191.78,62,106939.25,Completed
TXN0004751,2024-07-07 07:43:20,CUST00664,Anyango Kiplagat,Male,23,Migori,0768912626,M-Pesa,Buy Goods (Till),Electronics,Feature Phone,15158.7,0.0,80574.62,Failed
TXN0003725,2024-07-07 08:50:44,CUST00223,Chebet Wekesa,Male,46,Mombasa,0768137448,M-Pesa,Pay Bill,Electricity (KPLC),Feature Phone,33600.3,100,19887.37,Completed
TXN0005205,2024-07-07 09:58:00,CUST00612,Simiyu Njuguna,Male,24,Nakuru,0722282629,M-Pesa,Send Money,N/A,Feature Phone,13968.04,62,13687.49,Completed
TXN0001528,2024-07-07 10:03:44,CUST00777,Onyango Ruto,Female,45,Mombasa,0768490701,Airtel Money,Pay Bill,SACCO,Feature Phone,134757.76,100,133868.46,Completed
TXN0005518,2024-07-07 10:33:48,CUST00328,Auma Langat,Male,22,Homa Bay,0759289392,M-Pesa,Withdraw Cash,N/A,Android,36617.02,100,168321.94,Completed
TXN0001047,2024-07-07 11:16:40,CUST00572,Nafula Onyango,Female,40,Kericho,0740550753,M-Pesa,Pay Bill,Water Utility,Android,105783.86,108,165102.96,Completed
TXN0003837,2024-07-07 13:24:04,CUST00749,Omondi Sang,Female,38,Nairobi,0111672532,M-Pesa,Send Money,N/A,Android,50481.59,100,232449.93,Completed
TXN0005955,2024-07-07 13:24:17,CUST00327,Akinyi Wekesa,Male,61,Nairobi,0740690236,M-Pesa,Send Money,N/A,Android,19867.2,55,69087.97,Completed
TXN0004606,2024-07-07 13:28:47,CUST00429,Nasike Makau,Female,66,Homa Bay,0740374180,Airtel Money,Airtime Purchase,N/A,Android,357.49,0.0,89230.82,Completed
TXN0005792,2024-07-07 14:13:32,CUST00468,Wambui Langat,Female,36,Mombasa,0790979677,Airtel Money,Send Money,N/A,Android,11910.77,55,237401.92,Completed
TXN0005989,2024-07-07 16:59:15,CUST00588,Mumbi Waweru,Female,50,Bomet,0111387133,M-Pesa,Deposit Cash,N/A,Android,28546.09,0.0,53883.16,Completed
TXN0005740,2024-07-07 17:17:10,CUST00314,Moraa Karanja,Male,26,Mombasa,0740062137,M-Pesa,Send Money,N/A,Android,24496.68,108,7100.76,Completed
TXN0001764,2024-07-07 19:21:23,CUST00142,Njoroge Ochieng,Female,54,Meru,0768833710,T-Kash,Withdraw Cash,N/A,Android,7403.36,55,32434.97,Completed
TXN0002680,2024-07-07 19:43:51,CUST00388,Njoroge Kiplagat,Male,43,Garissa,0790446051,Airtel Money,Airtime Purchase,N/A,Android,953.93,0.0,75943.45,Completed
TXN0000004,2024-07-07 19:47:03,CUST00715,Wangari Kariuki,Male,23,Trans Nzoia,0722570390,M-Pesa,Pay Bill,Insurance,Android,18812.77,87,237640.86,Completed
TXN0002377,2024-07-07 20:21:56,CUST00364,Nafula Kiplagat,Female,62,Kakamega,0723114319,M-Pesa,Send Money,N/A,Android,47247.33,105,8057.88,Completed
TXN0002967,2024-07-07 20:33:58,CUST00308,Wairimu Njoroge,Male,34,Nyeri,0723788685,M-Pesa,Airtime Purchase,N/A,Android,1012.11,0.0,17301.18,Completed
TXN0000502,2024-07-08 07:20:54,CUST00360,Kibet Waweru,Female,59,Kiambu,0723508182,M-Pesa,Airtime Purchase,N/A,Android,967.45,0.0,94991.82,Reversed
TXN0002623,2024-07-08 07:35:02,CUST00075,Ochieng Owuor,Female,35,Kajiado,0790999288,M-Pesa,Buy Goods (Till),Hardware,Android,4133.6,33,204713.39,Completed
TXN0001264,2024-07-08 09:05:57,CUST00178,Chebet Kiprono,Female,23,Nairobi,0701551055,Airtel Money,Airtime Purchase,N/A,Feature Phone,1052.66,0.0,64578.78,Completed
TXN0005720,2024-07-08 09:28:16,CUST00720,Kariuki Ochieng,Male,47,Kiambu,0790123017,M-Pesa,Pay Bill,Insurance,Android,118605.34,100,153811.65,Completed
TXN0002474,2024-07-08 10:37:02,CUST00794,Barasa Onyango,Female,63,Nakuru,0710905895,M-Pesa,Pay Bill,Insurance,Android,60627.04,108,75352.97,Completed
TXN0005842,2024-07-08 13:37:31,CUST00593,Kagwe Wekesa,Female,39,Kericho,0740108906,M-Pesa,Deposit Cash,N/A,Feature Phone,33952.35,0.0,34785.3,Completed
TXN0000366,2024-07-08 14:30:27,CUST00420,Auma Kamau,Male,22,Kakamega,0710744906,M-Pesa,Pay Bill,Rent,Android,44341.55,100,204181.16,Completed
TXN0002091,2024-07-08 14:42:17,CUST00160,Kemboi Owuor,Male,32,Nakuru,0790098964,M-Pesa,Pay Bill,SACCO,iOS,112511.03,108,230632.24,Completed
TXN0002436,2024-07-08 17:34:00,CUST00701,Owino Kimani,Male,36,Nairobi,0768679492,T-Kash,Withdraw Cash,N/A,Android,17202.35,87,175005.06,Completed
TXN0004405,2024-07-08 17:44:29,CUST00757,Cherono Mutiso,Female,67,Nyeri,0740077382,M-Pesa,Pay Bill,School Fees,Feature Phone,51436.18,108,195925.65,Completed
TXN0003219,2024-07-08 20:48:35,CUST00771,Cherono Barasa,Female,30,Nairobi,0759781757,M-Pesa,Pay Bill,Loan Repayment,Android,39567.66,100,192055.2,Completed
TXN0005074,2024-07-08 21:25:21,CUST00535,Mwangi Makau,Male,60,Mombasa,0710804737,M-Pesa,Buy Goods (Till),Hardware,Android,12861.77,0.0,62206.89,Failed
TXN0003666,2024-07-08 21:28:01,CUST00179,Njoroge Waweru,Male,42,Bungoma,0759995131,M-Pesa,Send Money,N/A,Android,17124.59,55,189122.72,Completed
TXN0002479,2024-07-08 23:06:47,CUST00649,Chebet Onyango,Male,18,Kisumu,0701382261,M-Pesa,Withdraw Cash,N/A,Feature Phone,14316.66,0.0,167360.24,Failed
TXN0003422,2024-07-09 08:54:54,CUST00399,Gitau Otieno,Female,39,Kiambu,0740022735,M-Pesa,Pay Bill,DSTV/GOTV,Android,73746.57,108,71122.7,Completed
TXN0005900,2024-07-09 10:00:02,CUST00414,Waweru Njuguna,Female,68,Kiambu,0740167781,M-Pesa,Deposit Cash,N/A,Android,37469.76,0.0,121873.2,Completed
TXN0000884,2024-07-09 10:11:00,CUST00253,Njeri Barasa,Male,63,Kisumu,0710755182,M-Pesa,Pay Bill,Internet (ISP),Android,62117.46,108,28128.27,Completed
TXN0000542,2024-07-09 14:01:34,CUST00524,Njoroge Karanja,Female,34,Machakos,0790541749,M-Pesa,Pay Bill,Electricity (KPLC),iOS,26285.48,0.0,157028.18,Reversed
TXN0005672,2024-07-09 14:08:18,CUST00105,Mutua Kiprono,Male,27,Nairobi,0723557568,M-Pesa,Pay Bill,SACCO,Android,47686.35,108,90537.04,Completed
TXN0001105,2024-07-09 14:22:07,CUST00296,Nyokabi Ruto,Female,36,Nairobi,0759457613,M-Pesa,Buy Goods (Till),Fuel Station,Android,14832.84,55,694.77,Completed
TXN0004647,2024-07-09 15:39:39,CUST00532,Maina Waweru,Male,69,Nakuru,0710440342,M-Pesa,Deposit Cash,N/A,Android,97231.75,0.0,183798.28,Completed
TXN0000558,2024-07-09 16:03:19,CUST00067,Wanjiku Makau,Female,27,Nakuru,0710072630,M-Pesa,Buy Goods (Till),Pharmacy,Android,17642.04,62,95242.73,Completed
TXN0003794,2024-07-09 17:14:21,CUST00317,Jelagat Wanjala,Male,48,Kericho,0710241576,M-Pesa,Pay Bill,DSTV/GOTV,Android,102300.15,100,129718.18,Completed
TXN0001742,2024-07-10 00:48:42,CUST00635,Rotich Njuguna,Male,67,Bungoma,0710227601,M-Pesa,Buy Goods (Till),Electronics,Android,7987.32,62,11722.75,Completed
TXN0000796,2024-07-10 02:38:58,CUST00688,Achieng Kiprono,Male,30,Nakuru,0790878533,M-Pesa,Send Money,N/A,Android,10050.33,55,186465.75,Completed
TXN0003748,2024-07-10 07:03:13,CUST00502,Waweru Odhiambo,Female,52,Kiambu,0768464710,M-Pesa,Buy Goods (Till),Pharmacy,Feature Phone,5788.15,62,113021.06,Completed
TXN0003055,2024-07-10 07:03:23,CUST00215,Kariuki Kiplagat,Male,50,Nakuru,0701811786,M-Pesa,Buy Goods (Till),Pharmacy,Feature Phone,22387.63,100,48530.63,Completed
TXN0002530,2024-07-10 09:03:37,CUST00580,Wanjiku Waweru,Female,59,Kakamega,0722838415,M-Pesa,Pay Bill,Insurance,Android,113878.57,108,113448.95,Completed
TXN0000938,2024-07-10 09:27:23,CUST00613,Kariuki Waweru,Male,66,Uasin Gishu,0111017342,M-Pesa,Deposit Cash,N/A,Android,113242.97,0.0,151527.28,Completed
TXN0002984,2024-07-10 10:02:40,CUST00667,Ochieng Makau,Male,37,Machakos,0701035220,M-Pesa,Send Money,N/A,Android,22939.97,100,210182.4,Completed
TXN0003545,2024-07-10 11:56:50,CUST00302,Njoroge Sang,Male,46,Nakuru,0722451375,T-Kash,Airtime Purchase,N/A,Android,526.41,0.0,175307.97,Completed
TXN0005903,2024-07-10 12:24:36,CUST00437,Anyango Njuguna,Female,18,Kisumu,0701447802,M-Pesa,Withdraw Cash,N/A,Android,39987.16,108,61759.5,Completed
TXN0005269,2024-07-10 12:40:14,CUST00510,Nasike Odhiambo,Female,33,Bomet,0710378096,Airtel Money,Pay Bill,Rent,Android,28970.99,108,16662.33,Completed
TXN0001777,2024-07-10 14:06:28,CUST00161,Ochieng Mutiso,Female,62,Nakuru,0710215228,M-Pesa,Deposit Cash,N/A,Android,62279.71,0.0,37352.01,Completed
TXN0000591,2024-07-10 15:35:16,CUST00272,Simiyu Wabwire,Male,48,Kiambu,0722001549,M-Pesa,Withdraw Cash,N/A,Android,40237.14,100,231205.45,Completed
TXN0004544,2024-07-10 17:28:45,CUST00286,Chebet Onyango,Male,60,Machakos,0111539972,T-Kash,Withdraw Cash,N/A,iOS,30461.94,100,187179.98,Completed
TXN0004805,2024-07-10 19:45:40,CUST00459,Kamau Ochieng,Female,42,Nakuru,0722315072,Equitel,Withdraw Cash,N/A,Android,3578.29,33,217165.69,Completed
TXN0002219,2024-07-10 21:04:59,CUST00241,Cheruiyot Kamau,Female,45,Migori,0710640394,M-Pesa,Airtime Purchase,N/A,iOS,833.4,0.0,108956.65,Failed
TXN0004967,2024-07-11 07:56:29,CUST00624,Auma Karanja,Female,39,Nairobi,0111675962,M-Pesa,Pay Bill,Electricity (KPLC),Feature Phone,71304.08,108,93019.59,Completed
TXN0001415,2024-07-11 08:30:13,CUST00217,Kibet Omollo,Male,44,Homa Bay,0111203591,Airtel Money,Airtime Purchase,N/A,iOS,801.41,0.0,11225.9,Completed
TXN0005408,2024-07-11 09:58:49,CUST00575,Maina Onyango,Female,52,Nairobi,0723588419,M-Pesa,Pay Bill,Internet (ISP),Android,97988.75,105,248584.18,Completed
TXN0001573,2024-07-11 09:58:53,CUST00098,Onyango Sang,Female,54,Kilifi,0701686939,M-Pesa,Reversal,N/A,Android,27798.85,0.0,99380.17,Completed
TXN0004015,2024-07-11 11:07:01,CUST00021,Onyango Mutiso,Female,66,Migori,0722499022,T-Kash,Buy Goods (Till),Hardware,Feature Phone,2797.63,45,127789.39,Completed
TXN0002941,2024-07-11 12:21:17,CUST00636,Ochieng Waweru,Female,59,Kiambu,0768137119,M-Pesa,Buy Goods (Till),Electronics,Feature Phone,14781.26,62,88363.31,Completed
TXN0003326,2024-07-11 12:56:00,CUST00209,Adhiambo Owuor,Female,56,Kisumu,0768208941,M-Pesa,Buy Goods (Till),Fuel Station,Android,10298.53,87,240915.31,Completed
TXN0004679,2024-07-11 13:03:38,CUST00156,Kiprop Odhiambo,Female,60,Garissa,0710631557,M-Pesa,Send Money,N/A,Android,32374.66,105,65643.96,Completed
TXN0002659,2024-07-11 14:49:35,CUST00738,Waweru Omollo,Male,24,Meru,0710567862,M-Pesa,Send Money,N/A,iOS,27371.98,100,142007.12,Completed
TXN0003225,2024-07-11 16:46:19,CUST00714,Cherono Ochieng,Male,24,Nairobi,0111025057,M-Pesa,Airtime Purchase,N/A,Android,1844.58,0.0,67885.48,Completed
TXN0005428,2024-07-11 17:24:32,CUST00060,Maina Chepkwony,Female,20,Mombasa,0111217880,Airtel Money,Pay Bill,Water Utility,Android,69547.78,108,63937.11,Completed
TXN0004378,2024-07-11 18:28:10,CUST00658,Mumbi Wekesa,Male,42,Mombasa,0768213785,M-Pesa,Pay Bill,School Fees,Feature Phone,67140.21,108,2970.45,Completed
TXN0002801,2024-07-11 19:10:11,CUST00729,Wanjiku Kiprono,Female,47,Migori,0701819450,M-Pesa,Airtime Purchase,N/A,Feature Phone,791.75,0.0,117565.99,Completed
TXN0002145,2024-07-11 20:23:04,CUST00291,Wangari Owuor,Female,68,Bungoma,0790603476,T-Kash,Pay Bill,DSTV/GOTV,Android,29484.17,100,22904.81,Completed
TXN0004305,2024-07-11 20:50:45,CUST00626,Njeri Njoroge,Female,21,Kakamega,0710911572,M-Pesa,Send Money,N/A,Android,7330.09,62,159301.56,Completed
TXN0003573,2024-07-11 21:45:02,CUST00535,Mwangi Makau,Male,60,Mombasa,0710804737,M-Pesa,Buy Goods (Till),Clothing,Android,20314.43,105,54144.02,Completed
TXN0004629,2024-07-11 22:19:49,CUST00277,Nasike Wabwire,Male,49,Nairobi,0768406085,M-Pesa,Buy Goods (Till),Clothing,Feature Phone,12568.89,55,208766.75,Completed
TXN0003032,2024-07-12 00:45:51,CUST00687,Mumbi Wabwire,Male,59,Kajiado,0740790537,Equitel,Buy Goods (Till),Clothing,Android,11388.89,87,46181.17,Completed
TXN0002027,2024-07-12 07:06:14,CUST00523,Onyango Kiprono,Female,23,Kiambu,0759423949,M-Pesa,Pay Bill,School Fees,Android,112478.81,100,189002.18,Completed
TXN0004083,2024-07-12 07:08:31,CUST00123,Kiprop Gichuru,Female,61,Bomet,0111675221,M-Pesa,Send Money,N/A,Feature Phone,2870.33,45,91349.13,Completed
TXN0005813,2024-07-12 07:14:53,CUST00184,Nafula Musyoka,Female,26,Kakamega,0740214345,M-Pesa,Send Money,N/A,Android,32344.65,105,125796.58,Completed
TXN0005126,2024-07-12 07:15:11,CUST00571,Wairimu Waweru,Male,53,Mombasa,0722896610,Airtel Money,Pay Bill,Loan Repayment,Android,8762.09,55,142461.28,Completed
TXN0001302,2024-07-12 08:05:36,CUST00001,Otieno Makau,Male,35,Nairobi,0710768040,M-Pesa,Send Money,N/A,Android,19530.81,87,228891.57,Completed
TXN0000371,2024-07-12 09:23:27,CUST00405,Chelagat Mutiso,Female,27,Kilifi,0723896174,M-Pesa,Deposit Cash,N/A,Android,102935.83,0.0,138687.5,Failed
TXN0004571,2024-07-12 09:51:42,CUST00573,Kagwe Chepkwony,Male,35,Garissa,0740693632,M-Pesa,Withdraw Cash,N/A,Android,22744.83,108,215523.34,Completed
TXN0001175,2024-07-12 10:12:43,CUST00518,Muthoni Wekesa,Male,54,Nairobi,0759494617,M-Pesa,Withdraw Cash,N/A,Feature Phone,14514.05,87,222573.38,Completed
TXN0005991,2024-07-12 10:36:27,CUST00057,Jelagat Ochieng,Female,47,Meru,0768954004,M-Pesa,Withdraw Cash,N/A,Android,13837.98,87,173230.51,Completed
TXN0003641,2024-07-12 11:07:09,CUST00270,Nasike Langat,Female,27,Nairobi,0722366261,Airtel Money,Pay Bill,SACCO,Android,42957.45,105,85784.54,Completed
TXN0004381,2024-07-12 12:34:43,CUST00110,Wangari Onyango,Female,23,Nakuru,0722307310,Airtel Money,Pay Bill,SACCO,Android,36225.99,105,76610.45,Completed
TXN0004353,2024-07-12 13:11:53,CUST00451,Chelagat Ochieng,Male,38,Nairobi,0740783244,Airtel Money,Buy Goods (Till),Fuel Station,Android,3327.73,40,117704.67,Completed
TXN0004444,2024-07-12 13:33:35,CUST00288,Nafula Ruto,Female,61,Nairobi,0710563134,M-Pesa,Send Money,N/A,Android,40223.74,108,98389.62,Completed
TXN0002828,2024-07-12 13:36:07,CUST00130,Gitau Musyoka,Female,47,Nairobi,0710377891,M-Pesa,Airtime Purchase,N/A,Android,367.52,0.0,1654.24,Completed
TXN0004658,2024-07-12 14:39:49,CUST00361,Kemboi Musyoka,Female,51,Machakos,0790027096,Airtel Money,Send Money,N/A,Feature Phone,44067.16,108,134371.17,Completed
TXN0001326,2024-07-12 17:50:10,CUST00430,Ochieng Odhiambo,Female,20,Nairobi,0759694983,M-Pesa,Pay Bill,School Fees,Android,55549.93,105,87485.88,Completed
TXN0002038,2024-07-12 18:03:30,CUST00628,Anyango Onyango,Female,28,Mombasa,0768577870,M-Pesa,Deposit Cash,N/A,Feature Phone,34023.19,0.0,193468.0,Completed
TXN0002061,2024-07-12 18:34:52,CUST00776,Atieno Barasa,Male,23,Kiambu,0701538414,M-Pesa,Buy Goods (Till),Clothing,iOS,14307.75,55,167520.0,Completed
TXN0001564,2024-07-13 02:34:49,CUST00756,Mumbi Kiplagat,Male,25,Nairobi,0710789441,M-Pesa,Buy Goods (Till),Clothing,Android,9505.8,87,220458.97,Completed
TXN0001458,2024-07-13 06:12:03,CUST00527,Mumbi Kamau,Male,51,Kilifi,0710407680,M-Pesa,Pay Bill,Loan Repayment,Android,20738.35,100,226963.65,Completed
TXN0004285,2024-07-13 06:26:17,CUST00785,Auma Kiplagat,Female,64,Mombasa,0722938537,M-Pesa,Send Money,N/A,Android,11758.89,62,170546.79,Completed
TXN0002531,2024-07-13 07:17:33,CUST00505,Barasa Odhiambo,Male,56,Nairobi,0740112845,M-Pesa,Send Money,N/A,Android,23734.68,100,86349.92,Completed
TXN0002378,2024-07-13 07:31:55,CUST00250,Nabwire Wanjala,Female,48,Nairobi,0790466438,M-Pesa,Send Money,N/A,Android,28721.54,105,183308.08,Completed
TXN0003309,2024-07-13 09:14:00,CUST00034,Onyango Waweru,Male,58,Uasin Gishu,0768426077,M-Pesa,Pay Bill,School Fees,Android,25566.84,108,108357.27,Completed
TXN0000746,2024-07-13 10:42:30,CUST00769,Omondi Waweru,Male,72,Nairobi,0710305642,M-Pesa,Pay Bill,Insurance,iOS,52723.41,0.0,23826.95,Reversed
TXN0001855,2024-07-13 12:21:21,CUST00274,Chebet Cheptoo,Male,66,Turkana,0722861346,Airtel Money,Reversal,N/A,Android,19364.44,0.0,50366.65,Completed
TXN0004274,2024-07-13 14:27:07,CUST00579,Barasa Wabwire,Male,54,Kericho,0759728096,M-Pesa,Pay Bill,School Fees,Android,117643.38,100,238102.08,Completed
TXN0000491,2024-07-13 17:14:03,CUST00211,Kamau Gichuru,Male,43,Kisumu,0759744651,M-Pesa,Deposit Cash,N/A,Android,42624.89,0.0,220180.75,Completed
TXN0003691,2024-07-13 17:31:06,CUST00070,Nabwire Odhiambo,Female,68,Nairobi,0710086291,M-Pesa,Withdraw Cash,N/A,Android,25072.3,108,210782.41,Completed
TXN0000149,2024-07-13 17:54:28,CUST00228,Achieng Wanjala,Male,57,Machakos,0790484034,M-Pesa,Deposit Cash,N/A,Feature Phone,24713.37,0.0,90570.11,Completed
TXN0005926,2024-07-13 18:52:41,CUST00012,Auma Odhiambo,Male,48,Migori,0710284257,M-Pesa,Buy Goods (Till),Pharmacy,Android,8493.29,55,210636.61,Completed
TXN0004383,2024-07-13 22:38:06,CUST00624,Auma Karanja,Female,39,Nairobi,0111675962,M-Pesa,Buy Goods (Till),Electronics,Feature Phone,9169.1,55,166213.41,Completed
TXN0004536,2024-07-14 02:56:26,CUST00775,Chebet Karanja,Female,34,Homa Bay,0790148817,M-Pesa,Buy Goods (Till),Pharmacy,Android,10159.33,62,64167.13,Completed
TXN0000965,2024-07-14 03:56:44,CUST00365,Kiptoo Mutiso,Female,72,Nakuru,0768832535,M-Pesa,Pay Bill,Rent,Android,29729.66,108,31264.42,Completed
TXN0003769,2024-07-14 08:34:18,CUST00701,Owino Kimani,Male,36,Nairobi,0768679492,T-Kash,Pay Bill,SACCO,Android,23551.84,108,60669.62,Completed
TXN0003922,2024-07-14 08:41:56,CUST00546,Barasa Mutiso,Female,68,Nakuru,0722758886,M-Pesa,Buy Goods (Till),Clothing,Android,24972.88,105,129371.04,Completed
TXN0001061,2024-07-14 09:13:10,CUST00471,Kemboi Ruto,Male,43,Nairobi,0768332398,M-Pesa,Send Money,N/A,Feature Phone,43182.66,105,247969.87,Completed
TXN0005999,2024-07-14 10:21:19,CUST00321,Waweru Kiprono,Male,34,Mombasa,0740905520,M-Pesa,Pay Bill,Water Utility,Android,113364.89,108,7175.86,Completed
TXN0004055,2024-07-14 11:07:11,CUST00622,Njeri Mutiso,Female,19,Machakos,0701362592,M-Pesa,Buy Goods (Till),Electronics,Feature Phone,12179.3,55,183244.11,Completed
TXN0002433,2024-07-14 13:32:16,CUST00698,Kirui Onyango,Male,19,Nairobi,0722760201,M-Pesa,Airtime Purchase,N/A,Android,602.14,0.0,159784.65,Completed
TXN0003343,2024-07-14 15:45:29,CUST00360,Kibet Waweru,Female,59,Kiambu,0723508182,M-Pesa,Pay Bill,Water Utility,Android,45553.86,100,79132.5,Completed
TXN0000449,2024-07-14 18:49:30,CUST00612,Simiyu Njuguna,Male,24,Nakuru,0722282629,M-Pesa,Pay Bill,Electricity (KPLC),Feature Phone,33972.86,100,130875.55,Completed
TXN0004612,2024-07-14 19:28:19,CUST00397,Nasike Makau,Male,62,Machakos,0790482569,M-Pesa,Send Money,N/A,Android,19125.47,62,213379.84,Completed
TXN0001251,2024-07-14 21:40:19,CUST00213,Atieno Odhiambo,Male,65,Kakamega,0710177195,Airtel Money,Pay Bill,School Fees,Feature Phone,7995.21,87,144861.39,Completed
TXN0000947,2024-07-14 21:52:40,CUST00086,Waweru Kiplagat,Male,32,Nakuru,0701373329,M-Pesa,Send Money,N/A,Android,33746.41,108,128238.81,Completed
TXN0003043,2024-07-14 23:16:42,CUST00771,Cherono Barasa,Female,30,Nairobi,0759781757,M-Pesa,Withdraw Cash,N/A,Android,27742.05,108,58644.59,Completed
TXN0005485,2024-07-15 05:36:24,CUST00414,Waweru Njuguna,Female,68,Kiambu,0740167781,M-Pesa,Buy Goods (Till),Clothing,Android,4602.57,40,76951.06,Completed
TXN0001751,2024-07-15 08:25:55,CUST00520,Barasa Omollo,Female,57,Mombasa,0740364013,M-Pesa,Airtime Purchase,N/A,Android,1102.86,0.0,121845.5,Completed
TXN0000376,2024-07-15 08:28:59,CUST00474,Kirui Barasa,Male,53,Mombasa,0790835400,M-Pesa,Send Money,N/A,iOS,31506.45,100,236705.32,Completed
TXN0003782,2024-07-15 09:09:32,CUST00647,Mutua Omollo,Female,34,Nairobi,0723135195,M-Pesa,Pay Bill,DSTV/GOTV,Android,76662.94,105,94641.35,Completed
TXN0002107,2024-07-15 09:20:01,CUST00106,Nyambura Wekesa,Male,71,Meru,0710703796,M-Pesa,Send Money,N/A,Feature Phone,31592.6,105,79929.7,Completed
TXN0004010,2024-07-15 10:39:41,CUST00499,Nabwire Onyango,Female,38,Uasin Gishu,0701163573,M-Pesa,Send Money,N/A,Android,19910.34,55,140288.45,Completed
TXN0001896,2024-07-15 12:33:33,CUST00443,Onyango Wanjala,Male,28,Kajiado,0723814728,M-Pesa,Send Money,N/A,Feature Phone,9959.14,55,189595.63,Completed
TXN0005561,2024-07-15 13:20:58,CUST00606,Nabwire Kimani,Female,69,Machakos,0768923511,M-Pesa,Airtime Purchase,N/A,Android,753.14,0.0,81731.99,Completed
TXN0004758,2024-07-15 13:41:54,CUST00779,Kamau Kariuki,Male,71,Trans Nzoia,0723302430,M-Pesa,Buy Goods (Till),Electronics,Android,11081.18,87,41356.16,Completed
TXN0002968,2024-07-15 13:55:03,CUST00671,Nyambura Njuguna,Male,21,Nairobi,0790548945,M-Pesa,Send Money,N/A,Android,26610.57,108,28787.88,Completed
TXN0004513,2024-07-15 16:13:38,CUST00082,Cherono Cheptoo,Male,27,Trans Nzoia,0759216007,M-Pesa,Withdraw Cash,N/A,Android,45445.23,0.0,110610.84,Failed
TXN0004649,2024-07-15 16:25:35,CUST00186,Maina Mutiso,Female,68,Mombasa,0722027562,M-Pesa,Deposit Cash,N/A,Android,21075.32,0.0,137480.79,Completed
TXN0003182,2024-07-15 17:44:43,CUST00718,Moraa Owuor,Male,64,Machakos,0759937338,M-Pesa,Buy Goods (Till),Pharmacy,Feature Phone,11490.32,87,132670.76,Completed
TXN0004996,2024-07-15 19:33:58,CUST00663,Atieno Cheptoo,Male,71,Nairobi,0710623160,M-Pesa,Send Money,N/A,Android,34279.67,100,195542.72,Completed
TXN0005806,2024-07-15 20:21:58,CUST00372,Moraa Waweru,Female,67,Meru,0710413559,M-Pesa,Send Money,N/A,Android,19237.42,87,234223.67,Completed
TXN0005285,2024-07-15 21:38:31,CUST00599,Barasa Chepkwony,Female,23,Nairobi,0723252053,M-Pesa,Pay Bill,Rent,Android,11995.59,55,190580.53,Completed
TXN0001663,2024-07-15 22:12:15,CUST00288,Nafula Ruto,Female,61,Nairobi,0710563134,M-Pesa,Withdraw Cash,N/A,Android,29948.64,105,127021.31,Completed
TXN0001422,2024-07-15 23:58:44,CUST00036,Akinyi Amollo,Female,64,Turkana,0768858742,M-Pesa,Send Money,N/A,Android,55160.2,108,225286.47,Completed
TXN0005120,2024-07-16 07:07:14,CUST00336,Akinyi Cheptoo,Female,34,Nairobi,0790246342,M-Pesa,Pay Bill,Electricity (KPLC),Android,23055.33,108,195187.23,Completed
TXN0000421,2024-07-16 09:01:46,CUST00481,Nasike Ruto,Male,37,Meru,0710885737,M-Pesa,Send Money,N/A,Feature Phone,33279.28,100,110629.08,Completed
TXN0005852,2024-07-16 09:41:46,CUST00266,Kibet Sang,Male,71,Kisumu,0722662631,M-Pesa,Send Money,N/A,Android,40464.48,105,33395.7,Completed
TXN0003640,2024-07-16 09:47:41,CUST00245,Wairimu Waweru,Female,66,Machakos,0759035969,M-Pesa,Send Money,N/A,Android,3826.05,33,200242.84,Completed
TXN0000258,2024-07-16 13:45:22,CUST00325,Kiprop Amollo,Male,27,Mombasa,0768023679,M-Pesa,Buy Goods (Till),Supermarket,Android,5437.95,62,119494.74,Completed
TXN0005221,2024-07-16 14:03:04,CUST00594,Nyokabi Wabwire,Male,31,Kiambu,0740331576,M-Pesa,Pay Bill,Internet (ISP),Feature Phone,31717.31,108,86391.46,Completed
TXN0005141,2024-07-16 15:30:26,CUST00492,Chebet Makau,Male,21,Kajiado,0701693616,M-Pesa,Buy Goods (Till),Fuel Station,Android,24305.17,105,34695.59,Completed
TXN0001417,2024-07-16 17:35:55,CUST00004,Rotich Wanjala,Female,41,Uasin Gishu,0723022021,M-Pesa,Pay Bill,Internet (ISP),Android,24288.88,105,234621.12,Completed
TXN0002784,2024-07-16 19:13:54,CUST00021,Onyango Mutiso,Female,66,Migori,0722499022,T-Kash,Send Money,N/A,Feature Phone,57729.73,108,222723.51,Completed
TXN0003944,2024-07-16 19:31:50,CUST00334,Nasike Ruto,Male,57,Kiambu,0790499225,M-Pesa,Send Money,N/A,Feature Phone,13130.1,55,203177.0,Completed
TXN0001847,2024-07-16 20:19:10,CUST00044,Anyango Langat,Female,30,Nairobi,0740178619,Airtel Money,Buy Goods (Till),Hardware,Android,7783.36,87,123035.74,Completed
TXN0005467,2024-07-16 20:43:08,CUST00412,Onyango Musyoka,Female,19,Nairobi,0723341761,M-Pesa,Buy Goods (Till),Hardware,Feature Phone,5436.49,62,84729.56,Completed
TXN0002794,2024-07-16 21:03:23,CUST00527,Mumbi Kamau,Male,51,Kilifi,0710407680,M-Pesa,Send Money,N/A,Android,22516.57,100,32476.18,Completed
TXN0005338,2024-07-17 08:33:56,CUST00744,Wafula Wanjala,Male,19,Kisumu,0759518123,M-Pesa,Send Money,N/A,Feature Phone,43022.14,105,103079.75,Completed
TXN0003872,2024-07-17 08:37:35,CUST00343,Kemboi Kariuki,Male,65,Meru,0723230940,M-Pesa,Buy Goods (Till),Restaurant,Android,5091.29,62,232776.58,Completed
TXN0005535,2024-07-17 08:37:38,CUST00129,Akinyi Kimani,Female,19,Kisumu,0759294862,M-Pesa,Pay Bill,School Fees,Android,78023.11,108,143526.98,Completed
TXN0000028,2024-07-17 08:57:54,CUST00154,Kiptoo Kiplagat,Male,61,Bungoma,0722387503,M-Pesa,Airtime Purchase,N/A,iOS,128.47,0.0,202008.55,Completed
TXN0001955,2024-07-17 09:54:19,CUST00274,Chebet Cheptoo,Male,66,Turkana,0722861346,Airtel Money,Buy Goods (Till),Restaurant,Android,21138.98,100,218084.36,Completed
TXN0004937,2024-07-17 10:01:04,CUST00301,Wairimu Kamau,Male,59,Nyeri,0723757091,Airtel Money,Send Money,N/A,Android,18967.09,87,147467.79,Completed
TXN0003757,2024-07-17 10:32:58,CUST00685,Njoroge Musyoka,Male,35,Homa Bay,0723424316,M-Pesa,Buy Goods (Till),Hardware,Feature Phone,11269.19,87,108907.55,Completed
TXN0002249,2024-07-17 11:09:39,CUST00491,Owino Musyoka,Female,60,Machakos,0768951414,M-Pesa,Reversal,N/A,iOS,21138.34,0.0,116464.16,Completed
TXN0000024,2024-07-17 11:11:46,CUST00736,Nafula Omollo,Female,18,Turkana,0768007857,M-Pesa,Send Money,N/A,Android,13550.23,87,110953.17,Completed
TXN0004459,2024-07-17 11:34:22,CUST00484,Mumbi Karanja,Male,30,Nairobi,0111017253,Airtel Money,Send Money,N/A,Feature Phone,18467.6,0.0,24910.05,Failed
TXN0005880,2024-07-17 12:26:16,CUST00247,Adhiambo Gichuru,Male,30,Nairobi,0768062815,M-Pesa,Withdraw Cash,N/A,Feature Phone,25113.37,108,167539.82,Completed
TXN0000189,2024-07-17 13:59:30,CUST00484,Mumbi Karanja,Male,30,Nairobi,0111017253,Airtel Money,Pay Bill,Electricity (KPLC),Feature Phone,119663.06,108,97334.85,Completed
TXN0001298,2024-07-17 14:14:14,CUST00097,Chelagat Ruto,Male,40,Nyeri,0710211676,M-Pesa,Airtime Purchase,N/A,Feature Phone,327.24,0.0,187295.82,Completed
TXN0003991,2024-07-17 15:03:38,CUST00388,Njoroge Kiplagat,Male,43,Garissa,0790446051,Airtel Money,Send Money,N/A,Android,49097.1,100,158463.71,Completed
TXN0003283,2024-07-17 17:28:07,CUST00525,Kamau Njoroge,Female,27,Nairobi,0710027499,M-Pesa,Pay Bill,Water Utility,Android,60962.41,105,184273.55,Completed
TXN0004882,2024-07-17 18:50:29,CUST00313,Muthoni Njuguna,Female,59,Turkana,0723539538,M-Pesa,Buy Goods (Till),Restaurant,Android,23075.81,100,194609.97,Completed
TXN0004166,2024-07-17 19:35:16,CUST00002,Kiptoo Njoroge,Male,63,Kakamega,0759442871,M-Pesa,Buy Goods (Till),Clothing,Android,10018.28,87,45582.0,Completed
TXN0005899,2024-07-17 19:57:13,CUST00314,Moraa Karanja,Male,26,Mombasa,0740062137,M-Pesa,Pay Bill,DSTV/GOTV,Android,17131.25,87,56211.42,Completed
TXN0000805,2024-07-17 20:02:53,CUST00173,Nabwire Cheptoo,Female,24,Turkana,0722296529,M-Pesa,Deposit Cash,N/A,Android,36290.13,0.0,98897.14,Completed
TXN0002418,2024-07-17 21:44:33,CUST00363,Ochieng Ochieng,Male,24,Nyeri,0759316595,M-Pesa,Buy Goods (Till),Electronics,Feature Phone,4278.91,45,127164.78,Completed
TXN0005590,2024-07-17 22:28:56,CUST00111,Maina Langat,Male,48,Mombasa,0722902196,M-Pesa,Deposit Cash,N/A,Feature Phone,48748.73,0.0,102323.35,Completed
TXN0001836,2024-07-17 22:54:32,CUST00110,Wangari Onyango,Female,23,Nakuru,0722307310,Airtel Money,Send Money,N/A,Android,48771.9,105,17177.77,Completed
TXN0000643,2024-07-18 00:05:53,CUST00776,Atieno Barasa,Male,23,Kiambu,0701538414,M-Pesa,Pay Bill,Rent,iOS,10073.53,62,25892.35,Completed
TXN0004919,2024-07-18 06:03:40,CUST00518,Muthoni Wekesa,Male,54,Nairobi,0759494617,M-Pesa,Send Money,N/A,Feature Phone,7369.47,0.0,232205.51,Failed
TXN0000802,2024-07-18 08:15:02,CUST00618,Nyokabi Amollo,Male,30,Meru,0723287811,M-Pesa,Send Money,N/A,Android,19183.94,62,59493.25,Completed
TXN0005525,2024-07-18 12:44:30,CUST00447,Akinyi Langat,Male,20,Machakos,0701608345,M-Pesa,Buy Goods (Till),Electronics,iOS,10448.61,87,70658.52,Completed
TXN0001129,2024-07-18 14:01:20,CUST00522,Wanjiku Kariuki,Male,50,Machakos,0790961801,M-Pesa,Send Money,N/A,Android,57329.72,100,164339.13,Completed
TXN0001005,2024-07-18 15:21:00,CUST00050,Kagwe Njoroge,Male,38,Nairobi,0759961725,M-Pesa,Buy Goods (Till),Hardware,Android,7721.84,62,245850.27,Completed
TXN0005168,2024-07-18 17:50:54,CUST00717,Nasike Njuguna,Female,72,Nairobi,0710148078,Airtel Money,Buy Goods (Till),Fuel Station,Android,16786.46,62,149232.3,Completed
TXN0003428,2024-07-18 20:22:34,CUST00175,Nafula Karanja,Female,52,Kiambu,0710760730,M-Pesa,Send Money,N/A,Android,30914.6,105,16843.75,Completed
TXN0001022,2024-07-18 20:46:29,CUST00744,Wafula Wanjala,Male,19,Kisumu,0759518123,M-Pesa,Pay Bill,Water Utility,Feature Phone,29552.25,105,240086.25,Completed
TXN0001073,2024-07-18 21:04:32,CUST00785,Auma Kiplagat,Female,64,Mombasa,0722938537,M-Pesa,Send Money,N/A,Android,43894.81,108,198257.88,Completed
TXN0005831,2024-07-18 21:18:22,CUST00313,Muthoni Njuguna,Female,59,Turkana,0723539538,M-Pesa,Withdraw Cash,N/A,Android,17326.47,62,96899.31,Completed
TXN0001017,2024-07-18 21:22:20,CUST00013,Jelagat Karanja,Female,51,Mombasa,0740235220,M-Pesa,Send Money,N/A,Android,51844.06,108,185076.58,Completed
TXN0005188,2024-07-19 07:49:20,CUST00323,Maina Njoroge,Female,44,Uasin Gishu,0759435233,M-Pesa,Send Money,N/A,Feature Phone,20535.25,105,195442.3,Completed
TXN0005689,2024-07-19 08:12:50,CUST00750,Ochieng Njoroge,Male,24,Uasin Gishu,0723566481,M-Pesa,Pay Bill,Internet (ISP),Android,49692.48,100,28249.54,Completed
TXN0002852,2024-07-19 08:57:53,CUST00264,Omondi Mutiso,Female,63,Nairobi,0723461602,M-Pesa,Send Money,N/A,Android,4451.4,40,18632.96,Completed
TXN0003509,2024-07-19 10:51:12,CUST00290,Nafula Kariuki,Female,27,Kajiado,0790253466,M-Pesa,Airtime Purchase,N/A,Android,1286.26,0.0,234766.14,Completed
TXN0001718,2024-07-19 14:55:56,CUST00292,Wafula Wanjala,Female,67,Kericho,0701897675,M-Pesa,Withdraw Cash,N/A,Feature Phone,27417.71,100,4170.67,Completed
TXN0004029,2024-07-19 16:28:45,CUST00347,Wairimu Kamau,Female,62,Homa Bay,0701277575,M-Pesa,Send Money,N/A,Feature Phone,19415.71,87,207491.03,Completed
TXN0004636,2024-07-19 16:35:23,CUST00278,Kemboi Cheptoo,Male,39,Kisumu,0723474661,Airtel Money,Send Money,N/A,Feature Phone,32719.31,105,26053.37,Completed
TXN0005536,2024-07-19 16:43:04,CUST00220,Wanjiku Sang,Female,60,Nakuru,0790152409,M-Pesa,Send Money,N/A,Android,16375.09,55,199551.38,Completed
TXN0005356,2024-07-19 18:23:00,CUST00788,Otieno Cheptoo,Male,64,Nairobi,0723646327,Airtel Money,Send Money,N/A,Feature Phone,48369.07,105,174719.92,Completed
TXN0004098,2024-07-19 19:11:25,CUST00664,Anyango Kiplagat,Male,23,Migori,0768912626,M-Pesa,Withdraw Cash,N/A,Feature Phone,36693.31,100,223560.39,Completed
TXN0000998,2024-07-19 19:26:13,CUST00095,Nabwire Waweru,Female,54,Nakuru,0768249194,M-Pesa,Buy Goods (Till),Electronics,Android,25409.08,105,133352.23,Completed
TXN0000152,2024-07-19 22:02:17,CUST00493,Onyango Njoroge,Female,36,Kakamega,0701558507,Equitel,Send Money,N/A,Feature Phone,56856.75,100,99554.04,Completed
TXN0002462,2024-07-19 22:02:40,CUST00103,Nyokabi Mwangi,Male,55,Kakamega,0111366170,M-Pesa,Buy Goods (Till),Electronics,Android,6474.84,87,189988.49,Completed
TXN0005803,2024-07-20 05:37:07,CUST00276,Nyambura Ochieng,Male,44,Homa Bay,0701861330,M-Pesa,Withdraw Cash,N/A,Feature Phone,9112.58,62,109092.54,Completed
TXN0005014,2024-07-20 08:08:19,CUST00580,Wanjiku Waweru,Female,59,Kakamega,0722838415,M-Pesa,Buy Goods (Till),Hardware,Android,4972.42,33,150999.75,Completed
TXN0002387,2024-07-20 11:50:20,CUST00175,Nafula Karanja,Female,52,Kiambu,0710760730,M-Pesa,Airtime Purchase,N/A,Android,771.66,0.0,90251.48,Completed
TXN0002990,2024-07-20 12:19:45,CUST00545,Owino Karanja,Male,34,Nakuru,0710185831,M-Pesa,Send Money,N/A,Android,14419.96,62,109743.93,Completed
TXN0002594,2024-07-20 12:25:27,CUST00314,Moraa Karanja,Male,26,Mombasa,0740062137,M-Pesa,Send Money,N/A,Android,47960.43,108,224183.93,Completed
TXN0000049,2024-07-20 14:41:19,CUST00043,Onyango Langat,Male,34,Kilifi,0710697713,M-Pesa,Withdraw Cash,N/A,iOS,36777.94,0.0,52670.17,Reversed
TXN0002987,2024-07-20 16:58:28,CUST00217,Kibet Omollo,Male,44,Homa Bay,0111203591,Airtel Money,Pay Bill,Rent,iOS,19686.7,55,229834.48,Completed
TXN0004769,2024-07-20 17:04:56,CUST00628,Anyango Onyango,Female,28,Mombasa,0768577870,M-Pesa,Deposit Cash,N/A,Feature Phone,11950.7,0.0,135263.48,Completed
TXN0002830,2024-07-20 18:32:37,CUST00197,Kiprop Kiplagat,Female,25,Bungoma,0740276864,M-Pesa,Pay Bill,SACCO,Feature Phone,62631.14,105,8841.41,Completed
TXN0002880,2024-07-20 18:50:19,CUST00755,Simiyu Cheptoo,Male,21,Nairobi,0722190368,M-Pesa,Pay Bill,Water Utility,Android,18153.43,55,227761.01,Completed
TXN0000756,2024-07-20 19:46:15,CUST00095,Nabwire Waweru,Female,54,Nakuru,0768249194,M-Pesa,Send Money,N/A,Android,5187.57,87,73487.1,Completed
TXN0005631,2024-07-20 19:56:54,CUST00092,Cherono Kiplagat,Male,60,Mombasa,0701425316,M-Pesa,Send Money,N/A,Android,45021.27,100,53267.62,Completed
TXN0003245,2024-07-20 21:45:50,CUST00547,Onyango Amollo,Female,66,Nairobi,0723768155,M-Pesa,Send Money,N/A,Android,47081.57,105,74757.43,Completed
TXN0005897,2024-07-20 22:02:20,CUST00477,Omondi Mutiso,Male,47,Garissa,0710303690,M-Pesa,Withdraw Cash,N/A,Android,22460.23,100,127854.1,Completed
TXN0002153,2024-07-21 08:27:19,CUST00604,Kiprop Mutiso,Female,72,Nairobi,0768245351,T-Kash,Send Money,N/A,Android,42680.77,100,138261.09,Completed
TXN0003196,2024-07-21 08:32:54,CUST00097,Chelagat Ruto,Male,40,Nyeri,0710211676,M-Pesa,Send Money,N/A,Feature Phone,14206.0,55,249620.32,Completed
TXN0000583,2024-07-21 08:55:13,CUST00150,Simiyu Omollo,Female,21,Kakamega,0701345873,M-Pesa,Withdraw Cash,N/A,Feature Phone,27299.07,108,54673.45,Completed
TXN0004898,2024-07-21 09:02:28,CUST00053,Omondi Kiprono,Male,69,Uasin Gishu,0790025456,M-Pesa,Pay Bill,SACCO,Android,29824.49,108,118390.22,Completed
TXN0001368,2024-07-21 09:36:56,CUST00432,Nafula Kiplagat,Male,40,Nairobi,0790206058,M-Pesa,Send Money,N/A,Android,40255.32,100,206374.57,Completed
TXN0004136,2024-07-21 09:37:01,CUST00259,Wafula Kiprono,Female,51,Kilifi,0722886667,M-Pesa,Buy Goods (Till),Supermarket,iOS,14229.41,55,164592.33,Completed
TXN0000108,2024-07-21 17:15:33,CUST00247,Adhiambo Gichuru,Male,30,Nairobi,0768062815,M-Pesa,Pay Bill,Rent,Feature Phone,40908.22,105,77940.46,Completed
TXN0000772,2024-07-21 19:22:21,CUST00615,Kariuki Kiplagat,Female,22,Nairobi,0740744218,M-Pesa,Withdraw Cash,N/A,Android,33286.07,105,22413.67,Completed
TXN0001122,2024-07-21 19:45:35,CUST00623,Wangari Makau,Female,45,Kilifi,0723032120,Airtel Money,Withdraw Cash,N/A,Android,11278.62,87,196419.09,Completed
TXN0003354,2024-07-21 22:31:09,CUST00474,Kirui Barasa,Male,53,Mombasa,0790835400,M-Pesa,Airtime Purchase,N/A,iOS,1122.91,0.0,20807.27,Failed
TXN0003003,2024-07-21 23:32:17,CUST00659,Kiptoo Amollo,Female,52,Bungoma,0759455771,M-Pesa,Airtime Purchase,N/A,iOS,306.43,0.0,239115.3,Completed
TXN0005314,2024-07-22 03:05:43,CUST00164,Adhiambo Wabwire,Male,30,Bomet,0723779673,M-Pesa,Send Money,N/A,Android,42189.86,108,1132.32,Completed
TXN0001560,2024-07-22 05:39:15,CUST00054,Atieno Cheptoo,Female,55,Trans Nzoia,0790509076,M-Pesa,Buy Goods (Till),Supermarket,Android,14165.81,87,229630.64,Completed
TXN0001214,2024-07-22 08:45:44,CUST00636,Ochieng Waweru,Female,59,Kiambu,0768137119,M-Pesa,Buy Goods (Till),Clothing,Feature Phone,11090.8,55,141598.67,Completed
TXN0001522,2024-07-22 10:56:53,CUST00740,Kipchoge Omollo,Female,59,Turkana,0790187832,M-Pesa,Buy Goods (Till),Clothing,Android,3664.55,45,116664.83,Completed
TXN0004214,2024-07-22 11:46:46,CUST00238,Cheruiyot Odhiambo,Male,58,Nyeri,0111422021,M-Pesa,Buy Goods (Till),Electronics,Android,7971.59,87,131788.3,Completed
TXN0005506,2024-07-22 14:38:08,CUST00169,Cheruiyot Kiprono,Male,18,Nairobi,0701366644,M-Pesa,Send Money,N/A,Android,22822.31,105,71630.88,Completed
TXN0000097,2024-07-22 15:33:41,CUST00339,Barasa Musyoka,Male,71,Machakos,0701723583,M-Pesa,Airtime Purchase,N/A,Android,1026.96,0.0,33834.81,Completed
TXN0001230,2024-07-22 16:52:59,CUST00212,Omondi Chepkwony,Male,38,Nakuru,0723349229,M-Pesa,Buy Goods (Till),Supermarket,Android,5821.08,87,72495.22,Completed
TXN0002195,2024-07-22 16:55:35,CUST00531,Waweru Makau,Female,69,Homa Bay,0710303143,M-Pesa,Buy Goods (Till),Hardware,Android,4580.9,40,118190.57,Completed
TXN0000459,2024-07-22 18:21:57,CUST00347,Wairimu Kamau,Female,62,Homa Bay,0701277575,M-Pesa,Send Money,N/A,Feature Phone,17719.63,62,136277.85,Completed
TXN0004940,2024-07-22 20:20:15,CUST00275,Kipchoge Ochieng,Female,43,Nakuru,0701238767,M-Pesa,Withdraw Cash,N/A,Android,11624.62,55,58866.75,Completed
TXN0000572,2024-07-22 21:49:40,CUST00472,Auma Waweru,Female,69,Mombasa,0710894815,M-Pesa,Pay Bill,Rent,Android,51267.64,108,100974.62,Completed
TXN0003966,2024-07-23 00:28:28,CUST00694,Owino Omollo,Male,64,Bomet,0710206895,M-Pesa,Withdraw Cash,N/A,Android,50438.68,105,27525.42,Completed
TXN0003425,2024-07-23 01:55:00,CUST00484,Mumbi Karanja,Male,30,Nairobi,0111017253,Airtel Money,Pay Bill,Electricity (KPLC),Feature Phone,76943.56,100,231584.45,Completed
TXN0005927,2024-07-23 06:14:13,CUST00274,Chebet Cheptoo,Male,66,Turkana,0722861346,Airtel Money,Buy Goods (Till),Pharmacy,Android,17354.23,87,155548.06,Completed
TXN0002166,2024-07-23 06:20:43,CUST00129,Akinyi Kimani,Female,19,Kisumu,0759294862,M-Pesa,Pay Bill,School Fees,Android,56511.12,100,108110.55,Completed
TXN0005098,2024-07-23 08:10:29,CUST00698,Kirui Onyango,Male,19,Nairobi,0722760201,M-Pesa,Buy Goods (Till),Electronics,Android,6407.04,62,3502.28,Completed
TXN0004190,2024-07-23 09:28:42,CUST00078,Achieng Barasa,Male,49,Nairobi,0740814679,M-Pesa,Buy Goods (Till),Clothing,Feature Phone,10107.31,87,247706.43,Completed
TXN0004137,2024-07-23 09:45:58,CUST00539,Chelagat Kiplagat,Female,27,Mombasa,0722197440,M-Pesa,Deposit Cash,N/A,Android,25366.11,0.0,231392.79,Completed
TXN0003168,2024-07-23 10:16:44,CUST00191,Mwangi Kariuki,Female,60,Kericho,0759933313,M-Pesa,Send Money,N/A,Android,16864.74,55,224759.08,Completed
TXN0005198,2024-07-23 10:38:59,CUST00135,Muthoni Gichuru,Female,39,Uasin Gishu,0111715501,M-Pesa,Withdraw Cash,N/A,Android,6445.3,55,32353.2,Completed
TXN0003317,2024-07-23 11:05:53,CUST00486,Muthoni Langat,Female,55,Nairobi,0723133221,Equitel,Buy Goods (Till),Fuel Station,Android,19465.41,55,77775.02,Completed
TXN0000076,2024-07-23 11:51:06,CUST00567,Wairimu Wekesa,Male,36,Nairobi,0790719609,M-Pesa,Withdraw Cash,N/A,Feature Phone,54204.88,100,188780.45,Completed
TXN0004862,2024-07-23 18:44:14,CUST00016,Wafula Chepkwony,Male,46,Nairobi,0710229485,M-Pesa,Withdraw Cash,N/A,iOS,26320.58,100,140503.1,Completed
TXN0003524,2024-07-23 19:41:25,CUST00414,Waweru Njuguna,Female,68,Kiambu,0740167781,M-Pesa,Deposit Cash,N/A,Android,23400.36,0.0,70627.47,Completed
TXN0002606,2024-07-23 20:32:46,CUST00129,Akinyi Kimani,Female,19,Kisumu,0759294862,M-Pesa,Airtime Purchase,N/A,Android,1171.67,0.0,82489.78,Completed
TXN0004971,2024-07-23 20:50:29,CUST00069,Maina Kimani,Male,63,Garissa,0701120303,M-Pesa,Buy Goods (Till),Pharmacy,Android,4990.53,45,191308.78,Completed
TXN0001023,2024-07-23 22:27:45,CUST00552,Gitau Onyango,Female,61,Meru,0790733896,M-Pesa,Withdraw Cash,N/A,Android,41441.83,105,247043.0,Completed
TXN0002752,2024-07-23 22:34:36,CUST00222,Wangari Barasa,Male,34,Kericho,0768773202,M-Pesa,Reversal,N/A,Android,32924.94,0.0,54604.5,Completed
TXN0005731,2024-07-23 23:10:05,CUST00520,Barasa Omollo,Female,57,Mombasa,0740364013,M-Pesa,Pay Bill,Internet (ISP),Android,72912.17,0.0,167003.23,Failed
TXN0005325,2024-07-23 23:34:42,CUST00245,Wairimu Waweru,Female,66,Machakos,0759035969,M-Pesa,Airtime Purchase,N/A,Android,436.22,0.0,44837.14,Completed
TXN0003279,2024-07-24 00:04:21,CUST00190,Jelagat Njuguna,Male,45,Nakuru,0740278018,M-Pesa,Deposit Cash,N/A,Android,39883.2,0.0,104700.68,Completed
TXN0001714,2024-07-24 00:12:00,CUST00258,Kiptoo Kimani,Female,56,Machakos,0790643232,M-Pesa,Deposit Cash,N/A,iOS,90252.8,0.0,50035.52,Completed
TXN0003359,2024-07-24 04:18:17,CUST00233,Wairimu Barasa,Female,29,Mombasa,0723060436,Airtel Money,Send Money,N/A,Android,14920.86,62,103066.21,Completed
TXN0005577,2024-07-24 07:21:22,CUST00384,Mutua Odhiambo,Male,19,Nakuru,0701184613,M-Pesa,Airtime Purchase,N/A,Android,1186.93,0.0,113357.42,Completed
TXN0003095,2024-07-24 07:30:58,CUST00090,Cherono Langat,Male,66,Kiambu,0111311607,Equitel,Pay Bill,SACCO,Android,46776.74,105,22642.72,Completed
TXN0004791,2024-07-24 07:49:22,CUST00704,Chelagat Kimani,Male,27,Kiambu,0768479814,M-Pesa,Pay Bill,Water Utility,Android,64053.12,105,42027.82,Completed
TXN0004857,2024-07-24 07:57:33,CUST00009,Nafula Makau,Male,25,Meru,0759773210,M-Pesa,Send Money,N/A,Feature Phone,17750.63,55,62721.07,Completed
TXN0001244,2024-07-24 08:26:49,CUST00118,Kiprop Makau,Female,45,Nairobi,0710530636,M-Pesa,Send Money,N/A,Android,46183.67,105,216079.79,Completed
TXN0003429,2024-07-24 08:36:05,CUST00043,Onyango Langat,Male,34,Kilifi,0710697713,M-Pesa,Airtime Purchase,N/A,iOS,502.85,0.0,207500.27,Completed
TXN0004095,2024-07-24 09:33:15,CUST00793,Jelagat Waweru,Male,58,Nakuru,0723515140,M-Pesa,Buy Goods (Till),Electronics,Android,15945.89,55,26802.78,Completed
TXN0003777,2024-07-24 09:59:08,CUST00352,Wairimu Musyoka,Male,29,Nairobi,0790881727,M-Pesa,Send Money,N/A,Feature Phone,47064.7,100,199927.75,Completed
TXN0002079,2024-07-24 10:01:48,CUST00322,Ochieng Kamau,Male,42,Kakamega,0111414525,M-Pesa,Airtime Purchase,N/A,Android,558.65,0.0,102683.17,Completed
TXN0001157,2024-07-24 10:39:21,CUST00036,Akinyi Amollo,Female,64,Turkana,0768858742,M-Pesa,Withdraw Cash,N/A,Android,13811.07,62,212084.87,Completed
TXN0002484,2024-07-24 10:39:24,CUST00662,Auma Njuguna,Female,49,Meru,0759996566,M-Pesa,Send Money,N/A,Android,4967.22,45,149345.61,Completed
TXN0002253,2024-07-24 11:26:31,CUST00546,Barasa Mutiso,Female,68,Nakuru,0722758886,M-Pesa,Deposit Cash,N/A,Android,36090.29,0.0,114694.45,Completed
TXN0001183,2024-07-24 11:26:40,CUST00619,Kibet Chepkwony,Female,58,Nairobi,0740934213,M-Pesa,Buy Goods (Till),Clothing,Android,25029.34,100,190765.96,Completed
TXN0000343,2024-07-24 11:45:53,CUST00063,Moraa Langat,Female,35,Nakuru,0701925395,Airtel Money,Reversal,N/A,Feature Phone,3776.7,0.0,42128.28,Completed
TXN0000444,2024-07-24 12:49:58,CUST00020,Mumbi Wanjala,Male,20,Machakos,0768653263,M-Pesa,Buy Goods (Till),Pharmacy,Android,20454.25,108,80413.73,Completed
TXN0001775,2024-07-24 14:17:45,CUST00017,Kiprop Wabwire,Male,66,Kericho,0710448910,M-Pesa,Pay Bill,Internet (ISP),iOS,20232.81,105,157312.62,Completed
TXN0004554,2024-07-24 15:03:23,CUST00257,Waweru Karanja,Female,42,Kericho,0701246831,M-Pesa,Send Money,N/A,Android,15396.86,62,109200.21,Completed
TXN0003214,2024-07-24 22:53:57,CUST00675,Wambui Owuor,Female,70,Turkana,0701880042,M-Pesa,Pay Bill,Insurance,Android,120908.95,0.0,120301.9,Reversed
TXN0001216,2024-07-24 23:51:10,CUST00136,Omondi Wanjala,Female,50,Nairobi,0111197238,M-Pesa,Buy Goods (Till),Hardware,Feature Phone,8401.76,62,173863.22,Completed
TXN0002222,2024-07-25 01:28:54,CUST00779,Kamau Kariuki,Male,71,Trans Nzoia,0723302430,M-Pesa,Send Money,N/A,Android,39847.22,108,229939.46,Completed
TXN0005861,2024-07-25 03:44:24,CUST00500,Wafula Musyoka,Female,58,Kericho,0723852094,M-Pesa,Pay Bill,DSTV/GOTV,Feature Phone,27762.39,100,77863.77,Completed
TXN0002726,2024-07-25 03:56:04,CUST00002,Kiptoo Njoroge,Male,63,Kakamega,0759442871,M-Pesa,Send Money,N/A,Android,37088.84,108,190945.38,Completed
TXN0000237,2024-07-25 05:32:05,CUST00576,Kipchoge Amollo,Female,67,Kajiado,0722131077,M-Pesa,Send Money,N/A,Feature Phone,13939.92,87,65179.78,Completed
TXN0004730,2024-07-25 05:32:58,CUST00517,Otieno Kamau,Male,53,Kakamega,0740991714,M-Pesa,Send Money,N/A,Android,39574.98,108,100816.97,Completed
TXN0001821,2024-07-25 05:47:13,CUST00760,Cherono Waweru,Male,28,Meru,0723187281,M-Pesa,Pay Bill,DSTV/GOTV,Android,110704.32,100,204155.11,Completed
TXN0005893,2024-07-25 06:47:44,CUST00566,Wairimu Wanjala,Male,38,Nakuru,0722493105,M-Pesa,Pay Bill,Internet (ISP),Android,22946.62,105,158044.8,Completed
TXN0005320,2024-07-25 07:48:59,CUST00618,Nyokabi Amollo,Male,30,Meru,0723287811,M-Pesa,Withdraw Cash,N/A,Android,25467.54,0.0,73553.36,Reversed
TXN0000629,2024-07-25 10:52:53,CUST00040,Kagwe Wekesa,Female,71,Mombasa,0710959560,M-Pesa,Withdraw Cash,N/A,Feature Phone,32865.01,105,66341.48,Completed
TXN0005342,2024-07-25 11:49:33,CUST00353,Wafula Kiplagat,Male,65,Kilifi,0759623991,M-Pesa,Send Money,N/A,Feature Phone,12042.3,55,194888.86,Completed
TXN0000244,2024-07-25 12:23:06,CUST00650,Ndungu Mutiso,Male,37,Kisumu,0723285622,T-Kash,Send Money,N/A,Android,7460.86,87,195147.05,Completed
TXN0000651,2024-07-25 14:55:39,CUST00389,Kipchoge Sang,Male,55,Migori,0759144157,M-Pesa,Reversal,N/A,Android,8730.17,0.0,245327.57,Completed
TXN0003766,2024-07-25 15:40:28,CUST00153,Nyambura Mutiso,Male,72,Kisumu,0723674840,M-Pesa,Send Money,N/A,Android,51455.32,108,172430.12,Completed
TXN0002173,2024-07-25 16:28:25,CUST00304,Wambui Cheptoo,Female,50,Nairobi,0710281178,Airtel Money,Send Money,N/A,iOS,44076.66,105,239898.0,Completed
TXN0001004,2024-07-25 17:18:06,CUST00351,Nyokabi Waweru,Male,37,Bungoma,0701947389,M-Pesa,Send Money,N/A,Feature Phone,17805.16,62,216599.59,Completed
TXN0001141,2024-07-25 19:12:55,CUST00481,Nasike Ruto,Male,37,Meru,0710885737,M-Pesa,Send Money,N/A,Feature Phone,46307.66,100,145510.08,Completed
TXN0004393,2024-07-25 21:30:18,CUST00391,Kirui Chepkwony,Male,42,Nairobi,0710956181,M-Pesa,Send Money,N/A,Android,23826.36,108,6482.44,Completed
TXN0002396,2024-07-25 22:16:44,CUST00229,Rotich Gichuru,Male,52,Bungoma,0768735495,M-Pesa,Send Money,N/A,Android,6587.91,55,112445.06,Completed
TXN0000567,2024-07-26 06:02:48,CUST00184,Nafula Musyoka,Female,26,Kakamega,0740214345,M-Pesa,Pay Bill,Internet (ISP),Android,85017.89,108,44731.0,Completed
TXN0001818,2024-07-26 06:08:28,CUST00104,Auma Odhiambo,Female,62,Kajiado,0759065039,M-Pesa,Send Money,N/A,Feature Phone,10752.16,87,233640.09,Completed
TXN0004046,2024-07-26 09:30:06,CUST00789,Kipchoge Makau,Male,42,Kilifi,0768902074,M-Pesa,Pay Bill,Loan Repayment,Android,19971.5,87,160334.55,Completed
TXN0005895,2024-07-26 11:54:18,CUST00519,Njoroge Makau,Female,49,Nakuru,0768869264,M-Pesa,Pay Bill,Internet (ISP),Android,89231.97,100,238397.53,Completed
TXN0005018,2024-07-26 11:56:58,CUST00387,Ochieng Ochieng,Male,46,Mombasa,0722825903,M-Pesa,Pay Bill,School Fees,iOS,3507.43,40,24851.51,Completed
TXN0002176,2024-07-26 12:48:44,CUST00143,Wambui Kariuki,Female,65,Mombasa,0740825217,M-Pesa,Pay Bill,Insurance,Android,118780.96,105,200358.1,Completed
TXN0000083,2024-07-26 13:49:14,CUST00228,Achieng Wanjala,Male,57,Machakos,0790484034,M-Pesa,Airtime Purchase,N/A,Feature Phone,781.33,0.0,226916.44,Completed
TXN0005189,2024-07-26 17:41:53,CUST00610,Njeri Amollo,Female,43,Machakos,0740598457,M-Pesa,Withdraw Cash,N/A,Feature Phone,30975.56,108,99431.06,Completed
TXN0004424,2024-07-26 18:01:25,CUST00579,Barasa Wabwire,Male,54,Kericho,0759728096,M-Pesa,Pay Bill,Insurance,Android,28873.31,100,182290.0,Completed
TXN0001369,2024-07-26 18:04:32,CUST00616,Wairimu Makau,Male,43,Nairobi,0722613206,M-Pesa,Reversal,N/A,Android,12094.41,0.0,118608.57,Completed
TXN0000688,2024-07-26 18:22:53,CUST00106,Nyambura Wekesa,Male,71,Meru,0710703796,M-Pesa,Pay Bill,Rent,Feature Phone,21545.4,100,116770.72,Completed
TXN0005870,2024-07-26 18:53:14,CUST00158,Akinyi Sang,Female,19,Nairobi,0723105707,M-Pesa,Send Money,N/A,Android,29161.88,108,105174.71,Completed
TXN0000328,2024-07-26 21:54:57,CUST00720,Kariuki Ochieng,Male,47,Kiambu,0790123017,M-Pesa,Send Money,N/A,Android,26153.3,108,177088.48,Completed
TXN0001890,2024-07-27 01:35:26,CUST00233,Wairimu Barasa,Female,29,Mombasa,0723060436,Airtel Money,Airtime Purchase,N/A,Android,1163.73,0.0,49613.03,Completed
TXN0003908,2024-07-27 04:24:05,CUST00420,Auma Kamau,Male,22,Kakamega,0710744906,M-Pesa,Deposit Cash,N/A,Android,16191.49,0.0,229639.24,Completed
TXN0005992,2024-07-27 08:44:22,CUST00193,Kariuki Kimani,Male,52,Meru,0710541340,M-Pesa,Buy Goods (Till),Electronics,Android,3847.76,45,27757.63,Completed
TXN0005135,2024-07-27 09:27:00,CUST00056,Rotich Njuguna,Female,60,Bungoma,0740456980,M-Pesa,Airtime Purchase,N/A,Android,740.95,0.0,33007.79,Completed
TXN0005075,2024-07-27 11:09:31,CUST00719,Wangari Njoroge,Female,57,Machakos,0710590073,Airtel Money,Send Money,N/A,Feature Phone,34883.23,100,23584.57,Completed
TXN0000368,2024-07-27 12:38:26,CUST00229,Rotich Gichuru,Male,52,Bungoma,0768735495,M-Pesa,Send Money,N/A,Android,9177.64,62,16625.08,Completed
TXN0005312,2024-07-27 15:15:01,CUST00587,Mumbi Gichuru,Male,71,Nairobi,0710624742,Airtel Money,Send Money,N/A,Android,10804.87,55,160570.15,Completed
TXN0003842,2024-07-27 16:31:22,CUST00144,Rotich Omollo,Male,21,Nairobi,0111717059,M-Pesa,Buy Goods (Till),Fuel Station,iOS,5344.68,55,205646.31,Completed
TXN0000071,2024-07-27 17:00:15,CUST00348,Anyango Omollo,Female,28,Nyeri,0768820657,M-Pesa,Pay Bill,Loan Repayment,Android,12455.39,87,218905.49,Completed
TXN0001359,2024-07-27 18:33:01,CUST00798,Nafula Odhiambo,Female,65,Nairobi,0701076441,M-Pesa,Pay Bill,Loan Repayment,Feature Phone,66284.27,105,193100.22,Completed
TXN0003410,2024-07-27 20:23:56,CUST00191,Mwangi Kariuki,Female,60,Kericho,0759933313,M-Pesa,Deposit Cash,N/A,Android,30840.79,0.0,25104.99,Completed
TXN0003322,2024-07-27 20:25:17,CUST00398,Kariuki Gichuru,Female,29,Garissa,0740790061,Airtel Money,Buy Goods (Till),Hardware,Feature Phone,14066.01,55,165322.05,Completed
TXN0002170,2024-07-27 20:25:57,CUST00333,Barasa Njoroge,Male,32,Nairobi,0740837109,M-Pesa,Send Money,N/A,Android,26727.86,108,222997.67,Completed
TXN0002045,2024-07-27 20:50:56,CUST00347,Wairimu Kamau,Female,62,Homa Bay,0701277575,M-Pesa,Pay Bill,DSTV/GOTV,Feature Phone,33602.59,100,80539.63,Completed
TXN0005111,2024-07-27 21:56:33,CUST00712,Nabwire Owuor,Female,37,Meru,0768920397,M-Pesa,Pay Bill,DSTV/GOTV,Android,96258.34,105,54165.01,Completed
TXN0000130,2024-07-27 22:02:45,CUST00536,Nyokabi Wabwire,Female,69,Nairobi,0710092640,M-Pesa,Buy Goods (Till),Hardware,Android,13210.46,87,96420.17,Completed
TXN0003510,2024-07-27 22:57:28,CUST00726,Adhiambo Otieno,Female,31,Kericho,0768260042,M-Pesa,Pay Bill,Loan Repayment,Feature Phone,44096.94,108,218631.83,Completed
TXN0005472,2024-07-28 05:21:18,CUST00453,Gitau Wekesa,Female,66,Kiambu,0790676619,Airtel Money,Pay Bill,Rent,Android,26726.5,100,71648.09,Completed
TXN0001677,2024-07-28 07:11:33,CUST00461,Kariuki Owuor,Female,51,Kajiado,0701765267,T-Kash,Send Money,N/A,Feature Phone,19206.55,87,84994.65,Completed
TXN0001482,2024-07-28 08:32:30,CUST00564,Cheruiyot Kamau,Male,54,Machakos,0790515165,M-Pesa,Send Money,N/A,Android,47762.27,100,176584.99,Completed
TXN0002115,2024-07-28 08:56:55,CUST00029,Otieno Ochieng,Female,34,Nairobi,0790053749,M-Pesa,Buy Goods (Till),Restaurant,Feature Phone,25998.45,105,89134.27,Completed
TXN0001311,2024-07-28 10:05:37,CUST00764,Kariuki Njoroge,Female,28,Bungoma,0111672019,M-Pesa,Send Money,N/A,Feature Phone,1261.32,33,186998.94,Completed
TXN0000334,2024-07-28 11:12:41,CUST00783,Nyambura Owuor,Male,65,Meru,0740426946,M-Pesa,Airtime Purchase,N/A,Android,1783.98,0.0,113027.93,Completed
TXN0004561,2024-07-28 12:29:59,CUST00294,Wanjiku Mutiso,Female,47,Meru,0710095768,M-Pesa,Pay Bill,Rent,Feature Phone,65686.3,108,247240.75,Completed
TXN0000335,2024-07-28 13:33:14,CUST00339,Barasa Musyoka,Male,71,Machakos,0701723583,M-Pesa,Send Money,N/A,Android,41028.36,105,36058.27,Completed
TXN0000910,2024-07-28 13:48:11,CUST00465,Mutua Musyoka,Female,41,Bomet,0722129615,M-Pesa,Send Money,N/A,Android,15074.24,62,137423.74,Completed
TXN0001964,2024-07-28 16:15:03,CUST00440,Auma Njoroge,Female,26,Nairobi,0722754053,M-Pesa,Send Money,N/A,Feature Phone,28069.53,100,98324.1,Completed
TXN0005042,2024-07-28 16:32:59,CUST00780,Simiyu Njoroge,Male,51,Nairobi,0701186167,T-Kash,Pay Bill,School Fees,Feature Phone,64651.99,105,132313.42,Completed
TXN0005124,2024-07-28 17:46:49,CUST00179,Njoroge Waweru,Male,42,Bungoma,0759995131,M-Pesa,Buy Goods (Till),Hardware,Android,11512.6,62,86648.68,Completed
TXN0001265,2024-07-28 18:52:39,CUST00175,Nafula Karanja,Female,52,Kiambu,0710760730,M-Pesa,Send Money,N/A,Android,12893.44,55,11666.68,Completed
TXN0003718,2024-07-28 19:19:49,CUST00428,Wangari Odhiambo,Female,46,Nyeri,0710273671,M-Pesa,Withdraw Cash,N/A,Android,13393.02,55,212523.59,Completed
TXN0005745,2024-07-28 21:12:23,CUST00452,Kipchoge Onyango,Female,41,Nairobi,0740692160,M-Pesa,Buy Goods (Till),Hardware,Feature Phone,12149.21,55,204029.37,Completed
TXN0000023,2024-07-28 21:16:42,CUST00266,Kibet Sang,Male,71,Kisumu,0722662631,M-Pesa,Airtime Purchase,N/A,Android,103.09,0.0,212351.83,Completed
TXN0004626,2024-07-28 21:56:26,CUST00295,Njeri Gichuru,Female,63,Kiambu,0740957154,M-Pesa,Reversal,N/A,Feature Phone,4398.77,0.0,80008.28,Completed
TXN0001841,2024-07-28 22:21:34,CUST00525,Kamau Njoroge,Female,27,Nairobi,0710027499,M-Pesa,Pay Bill,Electricity (KPLC),Android,14365.69,62,182830.5,Completed
TXN0005089,2024-07-28 23:18:01,CUST00468,Wambui Langat,Female,36,Mombasa,0790979677,Airtel Money,Buy Goods (Till),Hardware,Android,10365.77,62,151661.91,Completed
TXN0001753,2024-07-29 01:06:01,CUST00043,Onyango Langat,Male,34,Kilifi,0710697713,M-Pesa,Airtime Purchase,N/A,iOS,1019.18,0.0,153783.41,Completed
TXN0002540,2024-07-29 06:13:33,CUST00311,Auma Makau,Male,48,Migori,0722240302,Airtel Money,Withdraw Cash,N/A,Android,61645.77,100,210924.32,Completed
TXN0002444,2024-07-29 06:40:53,CUST00668,Kipchoge Ruto,Female,69,Kilifi,0759584526,M-Pesa,Pay Bill,SACCO,Android,24244.7,108,70191.09,Completed
TXN0000173,2024-07-29 06:45:13,CUST00746,Wafula Odhiambo,Male,72,Turkana,0790917512,M-Pesa,Withdraw Cash,N/A,Android,43174.26,108,148807.69,Completed
TXN0005388,2024-07-29 07:05:59,CUST00658,Mumbi Wekesa,Male,42,Mombasa,0768213785,M-Pesa,Withdraw Cash,N/A,Feature Phone,30808.69,108,165925.38,Completed
TXN0002508,2024-07-29 09:02:05,CUST00274,Chebet Cheptoo,Male,66,Turkana,0722861346,Airtel Money,Airtime Purchase,N/A,Android,1416.62,0.0,110728.97,Completed
TXN0000548,2024-07-29 09:06:54,CUST00325,Kiprop Amollo,Male,27,Mombasa,0768023679,M-Pesa,Withdraw Cash,N/A,Android,11311.41,0.0,95818.0,Failed
TXN0004099,2024-07-29 10:18:48,CUST00616,Wairimu Makau,Male,43,Nairobi,0722613206,M-Pesa,Send Money,N/A,Android,36335.9,100,80907.63,Completed
TXN0004581,2024-07-29 12:53:11,CUST00639,Adhiambo Owuor,Male,68,Nairobi,0759979434,M-Pesa,Pay Bill,Loan Repayment,Feature Phone,119366.08,105,52437.74,Completed
TXN0001867,2024-07-29 13:13:50,CUST00782,Kipchoge Amollo,Female,33,Kajiado,0759264611,M-Pesa,Airtime Purchase,N/A,Android,479.22,0.0,199863.3,Completed
TXN0003936,2024-07-29 14:03:23,CUST00604,Kiprop Mutiso,Female,72,Nairobi,0768245351,T-Kash,Send Money,N/A,Android,33683.03,100,61725.63,Completed
TXN0003181,2024-07-29 18:40:59,CUST00649,Chebet Onyango,Male,18,Kisumu,0701382261,M-Pesa,Buy Goods (Till),Electronics,Feature Phone,6783.76,62,184723.24,Completed
TXN0000357,2024-07-29 19:08:30,CUST00043,Onyango Langat,Male,34,Kilifi,0710697713,M-Pesa,Send Money,N/A,iOS,8105.31,87,225069.09,Completed
TXN0002004,2024-07-29 19:17:42,CUST00373,Chelagat Waweru,Female,38,Meru,0723143136,M-Pesa,Send Money,N/A,Android,35895.71,108,116636.17,Completed
TXN0004201,2024-07-29 20:32:09,CUST00318,Onyango Wanjala,Female,55,Nairobi,0768312854,M-Pesa,Withdraw Cash,N/A,Android,54463.68,108,169412.29,Completed
TXN0002528,2024-07-29 21:52:14,CUST00753,Kibet Sang,Female,40,Nakuru,0759740294,M-Pesa,Send Money,N/A,Feature Phone,5891.97,55,37635.46,Completed
TXN0004195,2024-07-29 22:41:28,CUST00731,Nafula Njuguna,Male,18,Nakuru,0111085866,M-Pesa,Send Money,N/A,Android,52731.94,105,237631.08,Completed
TXN0001569,2024-07-29 22:56:50,CUST00504,Muthoni Kiplagat,Male,27,Nairobi,0790848968,M-Pesa,Send Money,N/A,Android,11013.93,55,154197.02,Completed
TXN0002271,2024-07-29 23:08:27,CUST00271,Njoroge Ochieng,Male,68,Nairobi,0740678934,M-Pesa,Send Money,N/A,Android,37276.61,108,23546.95,Completed
TXN0002033,2024-07-29 23:11:41,CUST00581,Kagwe Omollo,Male,21,Kiambu,0768533388,Equitel,Pay Bill,Insurance,Android,72961.57,108,151934.22,Completed
TXN0002155,2024-07-30 04:09:54,CUST00540,Nabwire Amollo,Female,71,Nakuru,0111067987,M-Pesa,Pay Bill,Insurance,Android,118582.73,105,16117.24,Completed
TXN0004183,2024-07-30 07:36:55,CUST00644,Atieno Amollo,Male,61,Trans Nzoia,0701141622,M-Pesa,Deposit Cash,N/A,Android,83064.73,0.0,145186.24,Completed
TXN0003361,2024-07-30 09:55:28,CUST00036,Akinyi Amollo,Female,64,Turkana,0768858742,M-Pesa,Buy Goods (Till),Clothing,Android,19518.35,62,177523.72,Completed
TXN0002760,2024-07-30 13:37:27,CUST00137,Nasike Amollo,Female,19,Nakuru,0723957760,M-Pesa,Send Money,N/A,iOS,30075.34,108,73731.67,Completed
TXN0003475,2024-07-30 15:41:54,CUST00727,Kemboi Karanja,Male,34,Nairobi,0722093713,M-Pesa,Send Money,N/A,Android,56440.62,100,158325.24,Completed
TXN0001668,2024-07-30 16:22:27,CUST00121,Muthoni Kiplagat,Female,66,Nairobi,0710536217,M-Pesa,Pay Bill,Internet (ISP),Android,14118.48,87,191210.58,Completed
TXN0005028,2024-07-30 17:43:34,CUST00226,Nafula Kimani,Female,59,Nairobi,0790909168,M-Pesa,Buy Goods (Till),Pharmacy,Feature Phone,9370.85,87,176812.17,Completed
TXN0003827,2024-07-30 18:27:41,CUST00147,Nyokabi Barasa,Male,47,Trans Nzoia,0759581528,M-Pesa,Buy Goods (Till),Pharmacy,Feature Phone,15900.67,55,209289.15,Completed
TXN0001015,2024-07-30 18:44:18,CUST00200,Omondi Njuguna,Female,58,Kiambu,0768307747,M-Pesa,Send Money,N/A,Feature Phone,29644.75,100,81249.93,Completed
TXN0002591,2024-07-30 19:37:23,CUST00244,Kipchoge Ruto,Female,42,Nakuru,0701042851,M-Pesa,Pay Bill,DSTV/GOTV,Android,23177.72,100,129282.87,Completed
TXN0001099,2024-07-30 19:54:02,CUST00227,Mwangi Otieno,Female,47,Nairobi,0768830612,M-Pesa,Reversal,N/A,Android,9975.24,0.0,222976.72,Completed
TXN0000089,2024-07-30 21:15:20,CUST00614,Rotich Langat,Male,61,Kilifi,0768331027,M-Pesa,Buy Goods (Till),Clothing,Android,886.71,23,198673.95,Completed
TXN0001587,2024-07-30 21:44:10,CUST00003,Maina Mutiso,Male,24,Nairobi,0723332041,Airtel Money,Buy Goods (Till),Fuel Station,Android,10361.1,55,42411.54,Completed
TXN0000824,2024-07-30 22:13:18,CUST00625,Nyokabi Omollo,Female,31,Kisumu,0740862851,M-Pesa,Buy Goods (Till),Clothing,Android,13176.13,62,112965.91,Completed
TXN0003171,2024-07-31 00:55:14,CUST00452,Kipchoge Onyango,Female,41,Nairobi,0740692160,M-Pesa,Buy Goods (Till),Pharmacy,Feature Phone,9226.56,87,32126.02,Completed
TXN0002148,2024-07-31 07:03:41,CUST00041,Kamau Kariuki,Male,42,Kiambu,0701373782,M-Pesa,Withdraw Cash,N/A,Android,34047.14,108,35312.56,Completed
TXN0005544,2024-07-31 07:06:35,CUST00088,Kagwe Otieno,Female,36,Machakos,0111151483,M-Pesa,Withdraw Cash,N/A,Android,19822.74,55,105520.74,Completed
TXN0003713,2024-07-31 08:58:36,CUST00048,Kiptoo Kamau,Female,51,Migori,0723245247,M-Pesa,Buy Goods (Till),Fuel Station,Android,23081.17,108,96583.79,Completed
TXN0002065,2024-07-31 11:17:24,CUST00062,Cheruiyot Wekesa,Male,37,Uasin Gishu,0759428196,M-Pesa,Send Money,N/A,iOS,13965.17,62,119615.11,Completed
TXN0000378,2024-07-31 11:33:33,CUST00452,Kipchoge Onyango,Female,41,Nairobi,0740692160,M-Pesa,Send Money,N/A,Feature Phone,13960.33,87,40274.5,Completed
TXN0003101,2024-07-31 12:10:19,CUST00703,Akinyi Amollo,Female,36,Kiambu,0723243297,Airtel Money,Buy Goods (Till),Restaurant,Feature Phone,2103.35,33,1277.26,Completed
TXN0004051,2024-07-31 14:28:44,CUST00505,Barasa Odhiambo,Male,56,Nairobi,0740112845,M-Pesa,Deposit Cash,N/A,Android,46138.24,0.0,63862.81,Completed
TXN0001102,2024-07-31 15:03:05,CUST00014,Nyokabi Mwangi,Male,50,Nairobi,0701219547,Airtel Money,Pay Bill,Rent,Android,42716.66,0.0,227208.31,Failed
TXN0001033,2024-07-31 17:18:59,CUST00572,Nafula Onyango,Female,40,Kericho,0740550753,M-Pesa,Airtime Purchase,N/A,Android,954.24,0.0,30425.68,Completed
TXN0002988,2024-07-31 17:54:16,CUST00170,Otieno Owuor,Male,64,Kiambu,0790086891,M-Pesa,Withdraw Cash,N/A,Android,13601.32,87,227218.91,Completed
TXN0000349,2024-07-31 19:32:52,CUST00103,Nyokabi Mwangi,Male,55,Kakamega,0111366170,M-Pesa,Buy Goods (Till),Electronics,Android,12595.53,62,232151.62,Completed
TXN0005010,2024-07-31 20:29:38,CUST00518,Muthoni Wekesa,Male,54,Nairobi,0759494617,M-Pesa,Buy Goods (Till),Pharmacy,Feature Phone,10412.98,87,231028.19,Completed
TXN0001863,2024-08-01 07:48:28,CUST00391,Kirui Chepkwony,Male,42,Nairobi,0710956181,M-Pesa,Deposit Cash,N/A,Android,91644.21,0.0,103579.87,Completed
TXN0003517,2024-08-01 08:27:11,CUST00308,Wairimu Njoroge,Male,34,Nyeri,0723788685,M-Pesa,Deposit Cash,N/A,Android,122773.8,0.0,64690.3,Completed
TXN0001467,2024-08-01 10:47:53,CUST00002,Kiptoo Njoroge,Male,63,Kakamega,0759442871,M-Pesa,Deposit Cash,N/A,Android,82488.08,0.0,5155.3,Completed
TXN0005248,2024-08-01 10:57:45,CUST00357,Kagwe Njoroge,Female,19,Meru,0111720755,M-Pesa,Buy Goods (Till),Supermarket,Android,1141.72,45,128391.0,Completed
TXN0001543,2024-08-01 13:54:40,CUST00251,Cherono Karanja,Female,41,Nairobi,0790388692,M-Pesa,Send Money,N/A,Feature Phone,46532.53,105,58168.14,Completed
TXN0001858,2024-08-01 16:39:35,CUST00226,Nafula Kimani,Female,59,Nairobi,0790909168,M-Pesa,Send Money,N/A,Feature Phone,48745.06,108,90148.63,Completed
TXN0003714,2024-08-01 18:05:43,CUST00050,Kagwe Njoroge,Male,38,Nairobi,0759961725,M-Pesa,Reversal,N/A,Android,26711.25,0.0,125538.37,Completed
TXN0001963,2024-08-01 18:39:31,CUST00763,Mwangi Otieno,Male,20,Uasin Gishu,0740012673,M-Pesa,Pay Bill,Insurance,Feature Phone,113743.47,108,71654.8,Completed
TXN0005318,2024-08-01 19:21:21,CUST00675,Wambui Owuor,Female,70,Turkana,0701880042,M-Pesa,Buy Goods (Till),Fuel Station,Android,6785.2,55,220318.1,Completed
TXN0005635,2024-08-01 19:40:09,CUST00650,Ndungu Mutiso,Male,37,Kisumu,0723285622,T-Kash,Pay Bill,Insurance,Android,107047.51,105,193447.96,Completed
TXN0001124,2024-08-01 19:58:27,CUST00109,Maina Wekesa,Male,35,Mombasa,0759149243,M-Pesa,Withdraw Cash,N/A,Android,24541.27,105,83078.94,Completed
TXN0003035,2024-08-01 19:58:36,CUST00098,Onyango Sang,Female,54,Kilifi,0701686939,M-Pesa,Send Money,N/A,Android,37798.49,108,207078.08,Completed
TXN0001120,2024-08-01 21:10:58,CUST00456,Simiyu Makau,Male,44,Migori,0710329061,M-Pesa,Send Money,N/A,Android,41225.69,100,178423.56,Completed
TXN0003585,2024-08-01 21:48:44,CUST00457,Onyango Kiplagat,Male,67,Nairobi,0768186706,M-Pesa,Withdraw Cash,N/A,Android,4707.54,33,204762.84,Completed
TXN0003262,2024-08-01 22:04:09,CUST00640,Wangari Ruto,Female,60,Nakuru,0722988084,Airtel Money,Buy Goods (Till),Fuel Station,iOS,6335.41,0.0,222189.37,Reversed
TXN0003943,2024-08-01 23:03:10,CUST00249,Omondi Njuguna,Male,55,Uasin Gishu,0723951253,M-Pesa,Buy Goods (Till),Pharmacy,Android,20324.25,105,139810.11,Completed
TXN0004422,2024-08-02 06:51:58,CUST00365,Kiptoo Mutiso,Female,72,Nakuru,0768832535,M-Pesa,Buy Goods (Till),Electronics,Android,23419.89,100,229304.86,Completed
TXN0005019,2024-08-02 10:33:54,CUST00655,Chebet Ruto,Male,48,Nairobi,0722153417,M-Pesa,Buy Goods (Till),Pharmacy,Android,7830.58,55,198667.3,Completed
TXN0005419,2024-08-02 10:42:48,CUST00314,Moraa Karanja,Male,26,Mombasa,0740062137,M-Pesa,Buy Goods (Till),Supermarket,Android,5359.15,87,114688.55,Completed
TXN0004131,2024-08-02 11:31:40,CUST00770,Rotich Ochieng,Female,35,Garissa,0759849526,Airtel Money,Send Money,N/A,Android,52531.92,100,73818.86,Completed
TXN0002413,2024-08-02 12:54:34,CUST00647,Mutua Omollo,Female,34,Nairobi,0723135195,M-Pesa,Airtime Purchase,N/A,Android,574.61,0.0,10979.46,Completed
TXN0004115,2024-08-02 14:27:21,CUST00232,Mumbi Mutiso,Male,69,Kilifi,0111907955,M-Pesa,Send Money,N/A,iOS,66009.43,0.0,223336.39,Reversed
TXN0002445,2024-08-02 21:06:13,CUST00763,Mwangi Otieno,Male,20,Uasin Gishu,0740012673,M-Pesa,Send Money,N/A,Feature Phone,39208.33,105,95392.6,Completed
TXN0004501,2024-08-02 21:06:36,CUST00308,Wairimu Njoroge,Male,34,Nyeri,0723788685,M-Pesa,Buy Goods (Till),Restaurant,Android,6268.71,55,135599.89,Completed
TXN0005374,2024-08-02 23:20:08,CUST00120,Otieno Kiprono,Male,72,Machakos,0701007335,M-Pesa,Send Money,N/A,Android,40666.61,105,78178.5,Completed
TXN0004553,2024-08-02 23:53:52,CUST00114,Nasike Otieno,Female,58,Nakuru,0111207376,M-Pesa,Withdraw Cash,N/A,Feature Phone,26112.4,105,228147.38,Completed
TXN0003233,2024-08-03 03:20:02,CUST00341,Rotich Kiprono,Female,28,Kakamega,0111464903,M-Pesa,Deposit Cash,N/A,Android,29283.48,0.0,87349.41,Completed
TXN0003494,2024-08-03 06:35:46,CUST00800,Kagwe Omollo,Male,70,Nairobi,0722110362,M-Pesa,Send Money,N/A,Android,25421.5,108,235235.91,Completed
TXN0003799,2024-08-03 08:22:15,CUST00524,Njoroge Karanja,Female,34,Machakos,0790541749,M-Pesa,Airtime Purchase,N/A,iOS,894.69,0.0,43163.02,Completed
TXN0004151,2024-08-03 09:14:14,CUST00638,Mwangi Kariuki,Female,22,Kiambu,0740461070,M-Pesa,Deposit Cash,N/A,iOS,71695.56,0.0,177000.01,Completed
TXN0002293,2024-08-03 11:39:29,CUST00239,Nyambura Karanja,Female,44,Kisumu,0768338757,M-Pesa,Pay Bill,SACCO,Android,31165.42,100,180831.97,Completed
TXN0000441,2024-08-03 12:56:07,CUST00335,Wairimu Otieno,Female,50,Kiambu,0710415306,M-Pesa,Pay Bill,Insurance,Android,108559.56,105,196701.53,Completed
TXN0001845,2024-08-03 15:11:58,CUST00590,Ndungu Langat,Female,39,Kericho,0111641470,M-Pesa,Deposit Cash,N/A,Android,21425.57,0.0,247508.16,Completed
TXN0001245,2024-08-03 16:29:27,CUST00724,Chebet Mwangi,Female,29,Nyeri,0768713394,M-Pesa,Pay Bill,Insurance,Android,25601.8,105,240960.59,Completed
TXN0003898,2024-08-03 17:09:32,CUST00101,Jelagat Ochieng,Male,69,Turkana,0111906079,M-Pesa,Pay Bill,School Fees,Android,37883.72,105,125331.31,Completed
TXN0003500,2024-08-03 17:49:37,CUST00661,Kiprop Ochieng,Male,50,Kiambu,0759196209,Airtel Money,Withdraw Cash,N/A,Android,22444.71,105,28367.3,Completed
TXN0005726,2024-08-03 17:56:27,CUST00242,Kemboi Barasa,Female,37,Nairobi,0722354000,Airtel Money,Send Money,N/A,Android,28973.48,108,166010.41,Completed
TXN0004835,2024-08-03 19:35:24,CUST00655,Chebet Ruto,Male,48,Nairobi,0722153417,M-Pesa,Buy Goods (Till),Supermarket,Android,24256.04,100,64272.85,Completed
TXN0005321,2024-08-03 21:17:53,CUST00141,Wafula Omollo,Female,35,Uasin Gishu,0740997764,M-Pesa,Pay Bill,Insurance,Android,43310.05,0.0,45827.08,Reversed
TXN0004202,2024-08-03 22:50:36,CUST00114,Nasike Otieno,Female,58,Nakuru,0111207376,M-Pesa,Pay Bill,Electricity (KPLC),Feature Phone,36003.62,108,226119.96,Completed
TXN0000738,2024-08-03 23:08:14,CUST00544,Simiyu Makau,Female,23,Kakamega,0710114794,M-Pesa,Buy Goods (Till),Hardware,Android,22087.54,100,92092.95,Completed
TXN0004911,2024-08-03 23:46:39,CUST00315,Kagwe Ochieng,Female,48,Kakamega,0701218005,M-Pesa,Buy Goods (Till),Restaurant,Android,8638.12,87,161635.08,Completed
TXN0004454,2024-08-04 06:25:51,CUST00110,Wangari Onyango,Female,23,Nakuru,0722307310,Airtel Money,Withdraw Cash,N/A,Android,19386.38,87,93216.41,Completed
TXN0002671,2024-08-04 06:26:24,CUST00500,Wafula Musyoka,Female,58,Kericho,0723852094,M-Pesa,Pay Bill,SACCO,Feature Phone,33832.38,108,8411.37,Completed
TXN0004324,2024-08-04 09:02:35,CUST00384,Mutua Odhiambo,Male,19,Nakuru,0701184613,M-Pesa,Send Money,N/A,Android,25922.36,100,190700.06,Completed
TXN0003665,2024-08-04 10:03:37,CUST00208,Owino Waweru,Female,38,Bungoma,0740205667,M-Pesa,Send Money,N/A,Feature Phone,50353.36,105,24048.15,Completed
TXN0005183,2024-08-04 10:21:56,CUST00412,Onyango Musyoka,Female,19,Nairobi,0723341761,M-Pesa,Send Money,N/A,Feature Phone,18808.62,87,192534.37,Completed
TXN0001774,2024-08-04 11:41:53,CUST00620,Kirui Njoroge,Male,47,Nairobi,0790630235,Equitel,Send Money,N/A,Android,15448.93,87,22640.74,Completed
TXN0003087,2024-08-04 13:23:58,CUST00764,Kariuki Njoroge,Female,28,Bungoma,0111672019,M-Pesa,Send Money,N/A,Feature Phone,16381.56,62,193387.36,Completed
TXN0000231,2024-08-04 17:34:20,CUST00302,Njoroge Sang,Male,46,Nakuru,0722451375,T-Kash,Deposit Cash,N/A,Android,9033.65,0.0,95601.58,Completed
TXN0005730,2024-08-04 19:30:04,CUST00288,Nafula Ruto,Female,61,Nairobi,0710563134,M-Pesa,Withdraw Cash,N/A,Android,39133.99,100,181815.17,Completed
TXN0003887,2024-08-04 19:39:10,CUST00333,Barasa Njoroge,Male,32,Nairobi,0740837109,M-Pesa,Send Money,N/A,Android,36138.54,105,20215.9,Completed
TXN0003186,2024-08-04 21:15:56,CUST00220,Wanjiku Sang,Female,60,Nakuru,0790152409,M-Pesa,Send Money,N/A,Android,11119.82,87,80373.25,Completed
TXN0005921,2024-08-04 23:17:50,CUST00319,Akinyi Wanjala,Female,20,Garissa,0759514168,Airtel Money,Deposit Cash,N/A,Feature Phone,10721.49,0.0,247956.19,Completed
TXN0001050,2024-08-05 02:53:22,CUST00136,Omondi Wanjala,Female,50,Nairobi,0111197238,M-Pesa,Buy Goods (Till),Fuel Station,Feature Phone,14899.8,87,130494.16,Completed
TXN0002149,2024-08-05 06:42:57,CUST00089,Nabwire Omollo,Female,69,Mombasa,0759986609,Airtel Money,Buy Goods (Till),Hardware,Android,16077.54,55,147307.07,Completed
TXN0001154,2024-08-05 08:50:04,CUST00729,Wanjiku Kiprono,Female,47,Migori,0701819450,M-Pesa,Send Money,N/A,Feature Phone,29229.24,105,55150.78,Completed
TXN0003442,2024-08-05 09:12:54,CUST00655,Chebet Ruto,Male,48,Nairobi,0722153417,M-Pesa,Pay Bill,Insurance,Android,141415.38,100,179830.76,Completed
TXN0003303,2024-08-05 09:42:22,CUST00053,Omondi Kiprono,Male,69,Uasin Gishu,0790025456,M-Pesa,Send Money,N/A,Android,7650.99,62,170123.13,Completed
TXN0000776,2024-08-05 10:10:07,CUST00229,Rotich Gichuru,Male,52,Bungoma,0768735495,M-Pesa,Send Money,N/A,Android,10199.22,0.0,101053.04,Failed
TXN0000331,2024-08-05 11:11:37,CUST00634,Waweru Wekesa,Male,71,Mombasa,0790558577,Airtel Money,Buy Goods (Till),Supermarket,Feature Phone,12324.6,0.0,42835.3,Failed
TXN0004048,2024-08-05 13:59:43,CUST00415,Jelagat Wekesa,Male,37,Migori,0723565836,M-Pesa,Send Money,N/A,Android,25754.03,108,86918.7,Completed
TXN0005530,2024-08-05 14:30:33,CUST00709,Kagwe Kamau,Female,62,Bomet,0111015451,M-Pesa,Buy Goods (Till),Fuel Station,Android,18086.23,55,154697.97,Completed
TXN0000034,2024-08-05 15:50:20,CUST00710,Njeri Kamau,Male,54,Kajiado,0768117762,M-Pesa,Send Money,N/A,Android,36644.69,105,19922.52,Completed
TXN0003112,2024-08-05 18:39:59,CUST00363,Ochieng Ochieng,Male,24,Nyeri,0759316595,M-Pesa,Deposit Cash,N/A,Feature Phone,17963.61,0.0,227805.16,Completed
TXN0000176,2024-08-05 23:56:06,CUST00262,Owino Omollo,Male,65,Garissa,0768732284,Airtel Money,Buy Goods (Till),Electronics,Android,13899.7,0.0,157846.02,Failed
TXN0000778,2024-08-06 03:02:50,CUST00783,Nyambura Owuor,Male,65,Meru,0740426946,M-Pesa,Buy Goods (Till),Clothing,Android,20900.01,108,53976.71,Completed
TXN0001986,2024-08-06 04:33:12,CUST00672,Anyango Kamau,Male,57,Nairobi,0722777279,Airtel Money,Deposit Cash,N/A,Feature Phone,23453.6,0.0,37630.53,Completed
TXN0003906,2024-08-06 05:16:39,CUST00683,Omondi Waweru,Male,19,Machakos,0723835792,M-Pesa,Withdraw Cash,N/A,Android,48549.72,0.0,140680.79,Failed
TXN0002743,2024-08-06 08:33:15,CUST00227,Mwangi Otieno,Female,47,Nairobi,0768830612,M-Pesa,Send Money,N/A,Android,14397.73,87,6130.45,Completed
TXN0002099,2024-08-06 08:56:03,CUST00656,Kariuki Barasa,Female,62,Machakos,0710636767,Airtel Money,Pay Bill,SACCO,Android,63288.07,108,33270.2,Completed
TXN0000763,2024-08-06 09:21:20,CUST00522,Wanjiku Kariuki,Male,50,Machakos,0790961801,M-Pesa,Pay Bill,Water Utility,Android,46198.68,105,106118.39,Completed
TXN0002459,2024-08-06 11:35:36,CUST00023,Barasa Ochieng,Male,24,Kilifi,0710267262,M-Pesa,Deposit Cash,N/A,Feature Phone,93041.08,0.0,195319.15,Completed
TXN0001554,2024-08-06 12:01:18,CUST00309,Kiptoo Kariuki,Male,52,Turkana,0759473277,M-Pesa,Buy Goods (Till),Pharmacy,Android,7279.79,62,12452.63,Completed
TXN0004150,2024-08-06 12:58:31,CUST00411,Nafula Kimani,Female,63,Kilifi,0701228693,M-Pesa,Pay Bill,Rent,Android,52752.4,105,73014.93,Completed
TXN0004639,2024-08-06 15:30:27,CUST00159,Maina Cheptoo,Male,67,Nairobi,0759929557,Airtel Money,Buy Goods (Till),Pharmacy,Android,20472.06,108,105316.96,Completed
TXN0000722,2024-08-06 15:33:15,CUST00350,Kibet Kamau,Male,27,Nairobi,0759092140,M-Pesa,Send Money,N/A,Android,36093.79,100,101295.84,Completed
TXN0000483,2024-08-06 17:30:57,CUST00193,Kariuki Kimani,Male,52,Meru,0710541340,M-Pesa,Send Money,N/A,Android,22057.66,108,11030.78,Completed
TXN0004314,2024-08-06 18:58:06,CUST00199,Maina Gichuru,Male,44,Homa Bay,0790818278,M-Pesa,Send Money,N/A,Android,18120.92,87,223523.53,Completed
TXN0003877,2024-08-06 19:15:26,CUST00585,Njeri Ochieng,Female,61,Nairobi,0722230725,M-Pesa,Deposit Cash,N/A,Android,135656.74,0.0,86886.16,Completed
TXN0005732,2024-08-06 20:16:15,CUST00126,Auma Karanja,Female,71,Bungoma,0710715885,M-Pesa,Airtime Purchase,N/A,Android,1175.4,0.0,67567.19,Completed
TXN0003905,2024-08-06 20:41:56,CUST00397,Nasike Makau,Male,62,Machakos,0790482569,M-Pesa,Send Money,N/A,Android,27563.45,105,177108.64,Completed
TXN0003009,2024-08-06 20:58:02,CUST00772,Kariuki Wabwire,Male,61,Nairobi,0710525140,M-Pesa,Withdraw Cash,N/A,Android,3809.82,45,157091.16,Completed
TXN0003292,2024-08-06 21:30:15,CUST00737,Wangari Chepkwony,Female,43,Nairobi,0768885169,M-Pesa,Deposit Cash,N/A,Feature Phone,18959.08,0.0,49369.49,Completed
TXN0002822,2024-08-06 22:14:12,CUST00370,Rotich Sang,Male,58,Nakuru,0790535361,M-Pesa,Pay Bill,Rent,iOS,88069.12,100,26943.39,Completed
TXN0001083,2024-08-07 06:11:00,CUST00460,Wambui Musyoka,Male,65,Migori,0740773854,M-Pesa,Pay Bill,Insurance,Android,38750.98,0.0,39863.94,Failed
TXN0001045,2024-08-07 06:28:09,CUST00441,Otieno Otieno,Female,39,Nairobi,0722426598,M-Pesa,Buy Goods (Till),Electronics,Feature Phone,5313.45,87,181403.9,Completed
TXN0005054,2024-08-07 07:04:32,CUST00095,Nabwire Waweru,Female,54,Nakuru,0768249194,M-Pesa,Send Money,N/A,Android,21937.65,108,26425.74,Completed
TXN0003761,2024-08-07 07:28:07,CUST00712,Nabwire Owuor,Female,37,Meru,0768920397,M-Pesa,Buy Goods (Till),Supermarket,Android,9297.11,62,32311.58,Completed
TXN0004959,2024-08-07 08:44:16,CUST00598,Rotich Wabwire,Female,68,Uasin Gishu,0722284224,M-Pesa,Buy Goods (Till),Electronics,Android,20096.22,108,105969.08,Completed
TXN0004485,2024-08-07 12:54:34,CUST00347,Wairimu Kamau,Female,62,Homa Bay,0701277575,M-Pesa,Pay Bill,Electricity (KPLC),Feature Phone,126685.51,105,6596.17,Completed
TXN0000047,2024-08-07 15:05:06,CUST00603,Wambui Owuor,Female,66,Migori,0768272255,M-Pesa,Send Money,N/A,Feature Phone,39256.57,105,85279.3,Completed
TXN0000456,2024-08-07 15:55:53,CUST00406,Atieno Wabwire,Male,20,Meru,0723381770,M-Pesa,Send Money,N/A,Android,29862.08,108,70727.23,Completed
TXN0005853,2024-08-07 16:07:43,CUST00604,Kiprop Mutiso,Female,72,Nairobi,0768245351,T-Kash,Buy Goods (Till),Clothing,Android,18390.98,87,114562.14,Completed
TXN0001906,2024-08-07 17:55:55,CUST00004,Rotich Wanjala,Female,41,Uasin Gishu,0723022021,M-Pesa,Buy Goods (Till),Restaurant,Android,23715.55,108,23510.83,Completed
TXN0003910,2024-08-07 18:51:04,CUST00377,Kamau Kiplagat,Female,59,Migori,0723328680,Airtel Money,Pay Bill,Loan Repayment,Android,76880.88,100,236522.42,Completed
TXN0001198,2024-08-07 20:11:15,CUST00623,Wangari Makau,Female,45,Kilifi,0723032120,Airtel Money,Send Money,N/A,Android,66548.09,108,214516.08,Completed
TXN0003520,2024-08-07 22:14:56,CUST00030,Barasa Otieno,Male,63,Mombasa,0759957763,M-Pesa,Buy Goods (Till),Hardware,Android,4279.96,40,193169.45,Completed
TXN0005119,2024-08-07 22:18:58,CUST00693,Wairimu Ochieng,Male,18,Kakamega,0111398218,M-Pesa,Deposit Cash,N/A,iOS,114763.07,0.0,107149.0,Completed
TXN0004644,2024-08-08 00:46:57,CUST00400,Nyokabi Onyango,Female,64,Uasin Gishu,0722818944,M-Pesa,Pay Bill,Rent,Android,11126.37,87,195797.07,Completed
TXN0003639,2024-08-08 01:45:09,CUST00090,Cherono Langat,Male,66,Kiambu,0111311607,Equitel,Send Money,N/A,Android,6402.3,87,47479.62,Completed
TXN0002200,2024-08-08 06:10:13,CUST00009,Nafula Makau,Male,25,Meru,0759773210,M-Pesa,Send Money,N/A,Feature Phone,12179.31,87,189621.81,Completed
TXN0001071,2024-08-08 09:21:43,CUST00320,Ochieng Waweru,Female,41,Garissa,0759494738,Airtel Money,Pay Bill,SACCO,Feature Phone,36606.12,108,35212.31,Completed
TXN0001645,2024-08-08 12:27:56,CUST00301,Wairimu Kamau,Male,59,Nyeri,0723757091,Airtel Money,Withdraw Cash,N/A,Android,18800.84,55,104505.4,Completed
TXN0002678,2024-08-08 12:50:50,CUST00088,Kagwe Otieno,Female,36,Machakos,0111151483,M-Pesa,Send Money,N/A,Android,22328.13,100,218339.38,Completed
TXN0000474,2024-08-08 15:10:38,CUST00012,Auma Odhiambo,Male,48,Migori,0710284257,M-Pesa,Airtime Purchase,N/A,Android,1513.92,0.0,95355.23,Completed
TXN0001876,2024-08-08 15:29:53,CUST00342,Ndungu Kimani,Female,43,Kiambu,0701797541,Airtel Money,Withdraw Cash,N/A,Android,26603.07,100,38671.58,Completed
TXN0005093,2024-08-08 15:45:04,CUST00672,Anyango Kamau,Male,57,Nairobi,0722777279,Airtel Money,Send Money,N/A,Feature Phone,32050.48,105,216092.1,Completed
TXN0000589,2024-08-08 15:53:06,CUST00137,Nasike Amollo,Female,19,Nakuru,0723957760,M-Pesa,Send Money,N/A,iOS,27651.75,100,106727.87,Completed
TXN0000013,2024-08-08 16:58:06,CUST00295,Njeri Gichuru,Female,63,Kiambu,0740957154,M-Pesa,Deposit Cash,N/A,Feature Phone,115581.6,0.0,143150.64,Completed
TXN0003575,2024-08-08 17:21:17,CUST00574,Kemboi Mutiso,Male,39,Nairobi,0111066049,M-Pesa,Pay Bill,Internet (ISP),Android,25927.23,100,166316.42,Completed
TXN0001770,2024-08-08 18:05:34,CUST00024,Kiprop Kimani,Male,45,Kajiado,0722076275,M-Pesa,Pay Bill,School Fees,Android,37599.64,105,189244.03,Completed
TXN0002405,2024-08-08 18:37:28,CUST00512,Wanjiku Wabwire,Female,43,Homa Bay,0790397281,M-Pesa,Buy Goods (Till),Restaurant,Android,13370.72,62,208914.53,Completed
TXN0004116,2024-08-08 18:54:04,CUST00501,Cheruiyot Cheptoo,Male,55,Nairobi,0111255430,Airtel Money,Buy Goods (Till),Restaurant,Android,3580.4,33,167375.32,Completed
TXN0002314,2024-08-08 20:29:32,CUST00434,Rotich Kiplagat,Male,35,Kilifi,0111272039,M-Pesa,Pay Bill,Insurance,Feature Phone,84477.27,108,95930.84,Completed
TXN0004403,2024-08-08 20:51:42,CUST00633,Barasa Omollo,Male,56,Uasin Gishu,0710076935,Airtel Money,Withdraw Cash,N/A,Android,15563.13,87,82321.6,Completed
TXN0002112,2024-08-08 21:08:10,CUST00375,Akinyi Wabwire,Male,27,Garissa,0790061402,M-Pesa,Buy Goods (Till),Hardware,Android,8399.27,62,28205.69,Completed
TXN0004765,2024-08-08 22:53:18,CUST00226,Nafula Kimani,Female,59,Nairobi,0790909168,M-Pesa,Send Money,N/A,Feature Phone,13551.36,55,184690.68,Completed
TXN0004068,2024-08-09 03:50:37,CUST00010,Moraa Wabwire,Male,24,Garissa,0790851319,Airtel Money,Buy Goods (Till),Fuel Station,Feature Phone,17539.12,87,114629.79,Completed
TXN0005365,2024-08-09 04:06:16,CUST00403,Ndungu Ochieng,Male,68,Kilifi,0111720838,M-Pesa,Send Money,N/A,Android,36879.71,100,78005.1,Completed
TXN0001068,2024-08-09 07:14:07,CUST00045,Kemboi Ruto,Female,22,Kisumu,0111044438,M-Pesa,Withdraw Cash,N/A,Android,13314.64,62,13310.03,Completed
TXN0005362,2024-08-09 08:00:16,CUST00508,Ochieng Odhiambo,Male,71,Uasin Gishu,0759282183,M-Pesa,Send Money,N/A,Android,15695.66,55,226450.99,Completed
TXN0003786,2024-08-09 08:02:04,CUST00220,Wanjiku Sang,Female,60,Nakuru,0790152409,M-Pesa,Pay Bill,Internet (ISP),Android,64977.6,105,191168.4,Completed
TXN0000164,2024-08-09 08:06:02,CUST00633,Barasa Omollo,Male,56,Uasin Gishu,0710076935,Airtel Money,Send Money,N/A,Android,43050.28,108,205121.41,Completed
TXN0003671,2024-08-09 09:08:13,CUST00658,Mumbi Wekesa,Male,42,Mombasa,0768213785,M-Pesa,Send Money,N/A,Feature Phone,48089.32,100,159146.92,Completed
TXN0001104,2024-08-09 11:21:27,CUST00491,Owino Musyoka,Female,60,Machakos,0768951414,M-Pesa,Buy Goods (Till),Restaurant,iOS,14719.9,55,165553.09,Completed
TXN0005603,2024-08-09 11:56:26,CUST00238,Cheruiyot Odhiambo,Male,58,Nyeri,0111422021,M-Pesa,Send Money,N/A,Android,22266.03,0.0,220381.28,Failed
TXN0005958,2024-08-09 15:38:31,CUST00769,Omondi Waweru,Male,72,Nairobi,0710305642,M-Pesa,Buy Goods (Till),Pharmacy,iOS,3627.51,33,143805.53,Completed
TXN0005367,2024-08-09 16:04:15,CUST00704,Chelagat Kimani,Male,27,Kiambu,0768479814,M-Pesa,Buy Goods (Till),Pharmacy,Android,8455.23,62,129703.21,Completed
TXN0004233,2024-08-09 16:30:19,CUST00225,Jelagat Chepkwony,Female,65,Uasin Gishu,0723481089,M-Pesa,Pay Bill,School Fees,Feature Phone,90209.89,105,102978.75,Completed
TXN0000731,2024-08-09 22:01:27,CUST00068,Kibet Kimani,Female,63,Turkana,0701800699,M-Pesa,Send Money,N/A,Android,20020.58,108,42717.78,Completed
TXN0005554,2024-08-10 04:21:57,CUST00416,Mumbi Karanja,Male,66,Kakamega,0722764264,M-Pesa,Send Money,N/A,Feature Phone,11702.76,62,245860.36,Completed
TXN0000115,2024-08-10 05:06:45,CUST00491,Owino Musyoka,Female,60,Machakos,0768951414,M-Pesa,Buy Goods (Till),Clothing,iOS,28195.51,108,14306.75,Completed
TXN0000442,2024-08-10 05:59:21,CUST00349,Njoroge Kimani,Female,65,Kisumu,0790481266,M-Pesa,Pay Bill,School Fees,Android,36929.51,105,195398.78,Completed
TXN0000812,2024-08-10 07:23:27,CUST00528,Muthoni Njuguna,Female,24,Kajiado,0710047462,M-Pesa,Send Money,N/A,Android,33585.15,100,84617.82,Completed
TXN0005061,2024-08-10 08:28:19,CUST00552,Gitau Onyango,Female,61,Meru,0790733896,M-Pesa,Pay Bill,Loan Repayment,Android,59307.59,100,170128.69,Completed
TXN0003202,2024-08-10 10:06:04,CUST00594,Nyokabi Wabwire,Male,31,Kiambu,0740331576,M-Pesa,Buy Goods (Till),Hardware,Feature Phone,7912.56,87,177437.53,Completed
TXN0004657,2024-08-10 12:52:17,CUST00270,Nasike Langat,Female,27,Nairobi,0722366261,Airtel Money,Send Money,N/A,Android,65902.85,108,93502.14,Completed
TXN0004175,2024-08-10 13:46:41,CUST00715,Wangari Kariuki,Male,23,Trans Nzoia,0722570390,M-Pesa,Pay Bill,Rent,Android,63387.8,100,26829.18,Completed
TXN0005027,2024-08-10 14:03:00,CUST00402,Nabwire Odhiambo,Male,39,Bungoma,0111018335,M-Pesa,Buy Goods (Till),Pharmacy,Android,8955.22,55,122178.49,Completed
TXN0002775,2024-08-10 14:06:18,CUST00326,Cheruiyot Wanjala,Female,21,Migori,0710642682,M-Pesa,Withdraw Cash,N/A,Android,32076.22,0.0,101986.36,Failed
TXN0004487,2024-08-10 15:25:07,CUST00752,Njoroge Kiprono,Female,71,Bomet,0722890600,Airtel Money,Buy Goods (Till),Clothing,Feature Phone,11010.0,55,118700.67,Completed
TXN0000891,2024-08-10 20:41:28,CUST00242,Kemboi Barasa,Female,37,Nairobi,0722354000,Airtel Money,Airtime Purchase,N/A,Android,904.74,0.0,213796.41,Completed
TXN0004611,2024-08-10 21:53:00,CUST00703,Akinyi Amollo,Female,36,Kiambu,0723243297,Airtel Money,Send Money,N/A,Feature Phone,31765.91,105,136110.74,Completed
TXN0004334,2024-08-10 21:58:01,CUST00370,Rotich Sang,Male,58,Nakuru,0790535361,M-Pesa,Pay Bill,Electricity (KPLC),iOS,47895.55,108,207788.86,Completed
TXN0001070,2024-08-10 22:05:27,CUST00263,Nasike Karanja,Male,30,Kisumu,0768548193,Equitel,Airtime Purchase,N/A,Feature Phone,1241.59,0.0,219314.14,Completed
TXN0003287,2024-08-11 02:01:08,CUST00458,Njoroge Waweru,Male,66,Kiambu,0759526639,M-Pesa,Withdraw Cash,N/A,Feature Phone,22260.58,105,67877.35,Completed
TXN0001454,2024-08-11 07:07:54,CUST00709,Kagwe Kamau,Female,62,Bomet,0111015451,M-Pesa,Buy Goods (Till),Supermarket,Android,11254.52,55,26442.17,Completed
TXN0001911,2024-08-11 08:40:27,CUST00435,Jelagat Mwangi,Male,49,Trans Nzoia,0740614172,M-Pesa,Airtime Purchase,N/A,Feature Phone,887.89,0.0,187275.32,Failed
TXN0000839,2024-08-11 11:31:25,CUST00346,Owino Musyoka,Female,52,Nairobi,0723432308,Airtel Money,Withdraw Cash,N/A,Android,53202.81,105,97269.13,Completed
TXN0004722,2024-08-11 12:03:26,CUST00651,Omondi Amollo,Female,63,Nairobi,0740708143,Equitel,Deposit Cash,N/A,Android,44555.37,0.0,15602.59,Completed
TXN0001731,2024-08-11 12:58:08,CUST00509,Waweru Njoroge,Male,27,Nairobi,0740942543,T-Kash,Reversal,N/A,Android,10266.42,0.0,21540.25,Completed
TXN0000306,2024-08-11 13:13:07,CUST00392,Kagwe Sang,Female,46,Kiambu,0710112624,Airtel Money,Send Money,N/A,Android,8909.92,87,238517.87,Completed
TXN0000967,2024-08-11 14:22:52,CUST00447,Akinyi Langat,Male,20,Machakos,0701608345,M-Pesa,Send Money,N/A,iOS,14436.22,87,111293.58,Completed
TXN0003334,2024-08-11 15:09:30,CUST00103,Nyokabi Mwangi,Male,55,Kakamega,0111366170,M-Pesa,Deposit Cash,N/A,Android,21611.15,0.0,20705.52,Completed
TXN0002434,2024-08-11 16:01:38,CUST00286,Chebet Onyango,Male,60,Machakos,0111539972,T-Kash,Buy Goods (Till),Pharmacy,iOS,11492.71,0.0,183516.51,Failed
TXN0002308,2024-08-11 16:19:08,CUST00067,Wanjiku Makau,Female,27,Nakuru,0710072630,M-Pesa,Airtime Purchase,N/A,Android,595.05,0.0,153172.15,Completed
TXN0003012,2024-08-11 17:26:00,CUST00609,Auma Cheptoo,Male,31,Kiambu,0701153274,M-Pesa,Airtime Purchase,N/A,iOS,412.53,0.0,96799.49,Completed
TXN0002543,2024-08-11 17:55:26,CUST00307,Cherono Amollo,Female,41,Nairobi,0111843351,M-Pesa,Withdraw Cash,N/A,Feature Phone,20613.27,100,12806.25,Completed
TXN0004404,2024-08-11 18:23:08,CUST00338,Wanjiku Wekesa,Female,44,Kisumu,0759534280,M-Pesa,Send Money,N/A,Android,46725.58,100,215878.85,Completed
TXN0005123,2024-08-11 19:39:49,CUST00529,Wambui Wanjala,Male,46,Kiambu,0710206300,T-Kash,Buy Goods (Till),Fuel Station,Android,15870.39,55,210416.84,Completed
TXN0002545,2024-08-11 22:26:35,CUST00473,Ochieng Mutiso,Female,22,Migori,0768049457,M-Pesa,Send Money,N/A,Android,27454.55,100,96850.29,Completed
TXN0003669,2024-08-12 02:58:07,CUST00399,Gitau Otieno,Female,39,Kiambu,0740022735,M-Pesa,Buy Goods (Till),Clothing,Android,3795.92,33,199659.29,Completed
TXN0001378,2024-08-12 06:07:32,CUST00030,Barasa Otieno,Male,63,Mombasa,0759957763,M-Pesa,Pay Bill,Internet (ISP),Android,19500.1,62,119922.64,Completed
TXN0001999,2024-08-12 07:34:43,CUST00512,Wanjiku Wabwire,Female,43,Homa Bay,0790397281,M-Pesa,Buy Goods (Till),Clothing,Android,25262.77,0.0,30528.56,Reversed
TXN0001101,2024-08-12 07:42:23,CUST00398,Kariuki Gichuru,Female,29,Garissa,0740790061,Airtel Money,Send Money,N/A,Feature Phone,6612.37,0.0,142348.62,Failed
TXN0002485,2024-08-12 14:09:16,CUST00321,Waweru Kiprono,Male,34,Mombasa,0740905520,M-Pesa,Buy Goods (Till),Clothing,Android,3652.41,45,199531.63,Completed
TXN0001984,2024-08-12 14:32:14,CUST00258,Kiptoo Kimani,Female,56,Machakos,0790643232,M-Pesa,Airtime Purchase,N/A,iOS,238.26,0.0,243829.9,Completed
TXN0004689,2024-08-12 14:43:41,CUST00019,Mumbi Musyoka,Male,50,Homa Bay,0759190156,M-Pesa,Send Money,N/A,Android,41379.43,105,150819.33,Completed
TXN0002285,2024-08-12 15:02:19,CUST00124,Muthoni Owuor,Male,32,Nairobi,0740724354,Equitel,Withdraw Cash,N/A,Android,13855.17,87,82355.73,Completed
TXN0005109,2024-08-12 15:24:59,CUST00116,Njoroge Njoroge,Male,20,Bungoma,0722333840,M-Pesa,Buy Goods (Till),Hardware,Android,3072.1,0.0,16940.43,Failed
TXN0005542,2024-08-12 15:43:19,CUST00357,Kagwe Njoroge,Female,19,Meru,0111720755,M-Pesa,Send Money,N/A,Android,16792.55,62,154624.84,Completed
TXN0004326,2024-08-12 16:36:24,CUST00201,Kariuki Mutiso,Female,55,Nairobi,0723746305,M-Pesa,Send Money,N/A,Android,33835.96,105,188606.99,Completed
TXN0002081,2024-08-12 16:53:28,CUST00124,Muthoni Owuor,Male,32,Nairobi,0740724354,Equitel,Send Money,N/A,Android,20301.02,100,239643.47,Completed
TXN0004864,2024-08-12 17:18:40,CUST00067,Wanjiku Makau,Female,27,Nakuru,0710072630,M-Pesa,Pay Bill,Electricity (KPLC),Android,67826.18,105,220287.68,Completed
TXN0003156,2024-08-12 17:25:46,CUST00744,Wafula Wanjala,Male,19,Kisumu,0759518123,M-Pesa,Withdraw Cash,N/A,Feature Phone,9573.72,55,230339.2,Completed
TXN0002926,2024-08-12 19:14:51,CUST00351,Nyokabi Waweru,Male,37,Bungoma,0701947389,M-Pesa,Buy Goods (Till),Electronics,Feature Phone,21627.34,108,170983.29,Completed
TXN0005589,2024-08-12 20:11:59,CUST00317,Jelagat Wanjala,Male,48,Kericho,0710241576,M-Pesa,Send Money,N/A,Android,18334.89,87,91191.08,Completed
TXN0002843,2024-08-12 21:17:52,CUST00766,Nafula Sang,Male,72,Nairobi,0111954218,M-Pesa,Withdraw Cash,N/A,iOS,57099.56,0.0,41852.76,Reversed
TXN0004315,2024-08-13 04:08:47,CUST00496,Akinyi Odhiambo,Female,40,Kilifi,0790300837,M-Pesa,Pay Bill,Loan Repayment,Feature Phone,17878.98,55,215063.78,Completed
TXN0000197,2024-08-13 04:14:21,CUST00524,Njoroge Karanja,Female,34,Machakos,0790541749,M-Pesa,Pay Bill,Water Utility,iOS,46549.6,105,189485.11,Completed
TXN0002537,2024-08-13 07:20:06,CUST00655,Chebet Ruto,Male,48,Nairobi,0722153417,M-Pesa,Withdraw Cash,N/A,Android,38426.16,100,44261.77,Completed
TXN0002661,2024-08-13 08:26:39,CUST00791,Ochieng Gichuru,Female,68,Nairobi,0722662883,M-Pesa,Send Money,N/A,Android,25581.38,100,6874.26,Completed
TXN0000987,2024-08-13 09:23:00,CUST00026,Nafula Omollo,Male,60,Nairobi,0759846198,Equitel,Pay Bill,SACCO,Feature Phone,68367.17,105,132588.21,Completed
TXN0001365,2024-08-13 11:24:24,CUST00542,Kariuki Wanjala,Male,59,Kiambu,0768021322,Airtel Money,Withdraw Cash,N/A,Android,45288.6,105,29770.62,Completed
TXN0003874,2024-08-13 11:30:41,CUST00582,Njeri Wabwire,Female,33,Nairobi,0111360485,M-Pesa,Buy Goods (Till),Fuel Station,Android,15881.18,87,219338.86,Completed
TXN0004340,2024-08-13 12:23:26,CUST00003,Maina Mutiso,Male,24,Nairobi,0723332041,Airtel Money,Send Money,N/A,Android,12627.67,62,168332.4,Completed
TXN0000325,2024-08-13 14:20:22,CUST00450,Wairimu Wekesa,Male,28,Bungoma,0701502454,M-Pesa,Buy Goods (Till),Electronics,Feature Phone,11483.67,55,211976.19,Completed
TXN0005212,2024-08-13 14:24:19,CUST00223,Chebet Wekesa,Male,46,Mombasa,0768137448,M-Pesa,Buy Goods (Till),Pharmacy,Feature Phone,27930.01,108,6851.62,Completed
TXN0001868,2024-08-13 14:36:47,CUST00643,Kemboi Cheptoo,Female,62,Homa Bay,0768211558,M-Pesa,Pay Bill,Internet (ISP),Android,13747.52,62,246107.68,Completed
TXN0005653,2024-08-13 15:58:00,CUST00121,Muthoni Kiplagat,Female,66,Nairobi,0710536217,M-Pesa,Pay Bill,Electricity (KPLC),Android,98563.64,108,182424.11,Completed
TXN0005103,2024-08-13 17:23:51,CUST00183,Mumbi Chepkwony,Male,29,Meru,0759079278,M-Pesa,Reversal,N/A,Feature Phone,3249.49,0.0,2037.4,Completed
TXN0002894,2024-08-13 17:35:33,CUST00242,Kemboi Barasa,Female,37,Nairobi,0722354000,Airtel Money,Send Money,N/A,Android,9224.26,55,180510.92,Completed
TXN0002896,2024-08-13 19:17:27,CUST00617,Kirui Langat,Male,37,Mombasa,0722032291,M-Pesa,Buy Goods (Till),Fuel Station,Android,14744.7,55,246967.8,Completed
TXN0005164,2024-08-13 20:10:13,CUST00248,Kiprop Onyango,Male,53,Nakuru,0111859075,Airtel Money,Buy Goods (Till),Hardware,Android,5428.26,87,60442.35,Completed
TXN0005259,2024-08-14 03:36:54,CUST00236,Kemboi Njuguna,Male,70,Nairobi,0790721075,Airtel Money,Withdraw Cash,N/A,Feature Phone,20359.3,100,230688.92,Completed
TXN0004154,2024-08-14 07:04:26,CUST00187,Owino Kamau,Male,48,Nairobi,0768908733,Airtel Money,Buy Goods (Till),Fuel Station,Android,7237.69,55,63339.53,Completed
TXN0003468,2024-08-14 07:08:53,CUST00264,Omondi Mutiso,Female,63,Nairobi,0723461602,M-Pesa,Pay Bill,SACCO,Android,79486.95,100,225056.18,Completed
TXN0000416,2024-08-14 07:40:10,CUST00078,Achieng Barasa,Male,49,Nairobi,0740814679,M-Pesa,Send Money,N/A,Feature Phone,3153.39,45,17595.69,Completed
TXN0005682,2024-08-14 10:11:53,CUST00552,Gitau Onyango,Female,61,Meru,0790733896,M-Pesa,Airtime Purchase,N/A,Android,679.26,0.0,173293.64,Completed
TXN0005041,2024-08-14 10:57:50,CUST00501,Cheruiyot Cheptoo,Male,55,Nairobi,0111255430,Airtel Money,Airtime Purchase,N/A,Android,1722.06,0.0,5182.34,Completed
TXN0002497,2024-08-14 12:30:26,CUST00070,Nabwire Odhiambo,Female,68,Nairobi,0710086291,M-Pesa,Send Money,N/A,Android,24673.32,105,107291.06,Completed
TXN0005405,2024-08-14 13:35:43,CUST00671,Nyambura Njuguna,Male,21,Nairobi,0790548945,M-Pesa,Send Money,N/A,Android,29587.0,100,745.64,Completed
TXN0004346,2024-08-14 14:24:07,CUST00108,Nyambura Amollo,Female,30,Bungoma,0710804397,M-Pesa,Send Money,N/A,Android,23261.29,100,150516.36,Completed
TXN0005651,2024-08-14 15:08:43,CUST00789,Kipchoge Makau,Male,42,Kilifi,0768902074,M-Pesa,Buy Goods (Till),Fuel Station,Android,11322.87,0.0,109241.98,Reversed
TXN0004598,2024-08-14 16:05:57,CUST00287,Auma Kiprono,Female,44,Machakos,0759278796,M-Pesa,Buy Goods (Till),Hardware,Android,8962.8,55,188536.89,Completed
TXN0003128,2024-08-14 16:37:55,CUST00728,Simiyu Waweru,Male,40,Homa Bay,0768858175,M-Pesa,Pay Bill,School Fees,Android,28690.45,100,81136.53,Completed
TXN0002928,2024-08-14 17:14:10,CUST00426,Cherono Kariuki,Male,26,Machakos,0790801151,M-Pesa,Buy Goods (Till),Hardware,Feature Phone,11622.23,0.0,89921.28,Failed
TXN0001732,2024-08-14 17:40:38,CUST00781,Mwangi Mwangi,Male,18,Nairobi,0723521053,Airtel Money,Pay Bill,DSTV/GOTV,Android,124507.82,108,186052.71,Completed
TXN0004787,2024-08-14 18:38:00,CUST00542,Kariuki Wanjala,Male,59,Kiambu,0768021322,Airtel Money,Send Money,N/A,Android,35882.16,100,95283.45,Completed
TXN0002647,2024-08-14 19:09:55,CUST00228,Achieng Wanjala,Male,57,Machakos,0790484034,M-Pesa,Send Money,N/A,Feature Phone,20031.4,108,190058.76,Completed
TXN0004960,2024-08-14 20:04:19,CUST00081,Nyokabi Omollo,Male,26,Bungoma,0740072283,M-Pesa,Reversal,N/A,Feature Phone,9087.58,0.0,59837.43,Completed
TXN0000547,2024-08-14 20:23:35,CUST00274,Chebet Cheptoo,Male,66,Turkana,0722861346,Airtel Money,Airtime Purchase,N/A,Android,521.17,0.0,5738.52,Completed
TXN0005345,2024-08-14 20:38:13,CUST00780,Simiyu Njoroge,Male,51,Nairobi,0701186167,T-Kash,Send Money,N/A,Feature Phone,33168.91,100,194770.32,Completed
TXN0005004,2024-08-14 23:32:03,CUST00777,Onyango Ruto,Female,45,Mombasa,0768490701,Airtel Money,Send Money,N/A,Feature Phone,3483.85,45,4216.24,Completed
TXN0001571,2024-08-15 00:03:59,CUST00384,Mutua Odhiambo,Male,19,Nakuru,0701184613,M-Pesa,Send Money,N/A,Android,8733.46,87,1965.91,Completed
TXN0004413,2024-08-15 02:25:13,CUST00061,Wafula Owuor,Male,41,Machakos,0701672594,M-Pesa,Airtime Purchase,N/A,Android,1093.12,0.0,76101.61,Completed
TXN0004184,2024-08-15 02:27:19,CUST00402,Nabwire Odhiambo,Male,39,Bungoma,0111018335,M-Pesa,Buy Goods (Till),Supermarket,Android,9855.12,62,129207.24,Completed
TXN0001272,2024-08-15 03:58:23,CUST00348,Anyango Omollo,Female,28,Nyeri,0768820657,M-Pesa,Buy Goods (Till),Restaurant,Android,22746.57,108,10025.81,Completed
TXN0002042,2024-08-15 04:12:49,CUST00408,Wairimu Ruto,Male,53,Kiambu,0710985138,M-Pesa,Pay Bill,Insurance,Android,36639.78,105,211461.13,Completed
TXN0000877,2024-08-15 06:14:33,CUST00176,Chelagat Mutiso,Female,19,Kakamega,0701439466,M-Pesa,Airtime Purchase,N/A,Android,1049.25,0.0,164311.78,Completed
TXN0000560,2024-08-15 09:12:18,CUST00376,Kiptoo Musyoka,Female,57,Nyeri,0710663952,M-Pesa,Airtime Purchase,N/A,Android,417.62,0.0,54784.19,Completed
TXN0002706,2024-08-15 10:48:29,CUST00240,Njoroge Kamau,Male,38,Nairobi,0723013758,M-Pesa,Buy Goods (Till),Hardware,Android,21565.05,108,173682.95,Completed
TXN0003293,2024-08-15 15:03:56,CUST00350,Kibet Kamau,Male,27,Nairobi,0759092140,M-Pesa,Withdraw Cash,N/A,Android,32340.02,100,82473.03,Completed
TXN0005697,2024-08-15 15:07:05,CUST00619,Kibet Chepkwony,Female,58,Nairobi,0740934213,M-Pesa,Buy Goods (Till),Hardware,Android,16927.27,62,220176.85,Completed
TXN0000113,2024-08-15 15:40:19,CUST00766,Nafula Sang,Male,72,Nairobi,0111954218,M-Pesa,Reversal,N/A,iOS,6937.69,0.0,48722.15,Completed
TXN0003221,2024-08-15 16:08:22,CUST00478,Moraa Njoroge,Male,67,Machakos,0723513387,M-Pesa,Pay Bill,DSTV/GOTV,Android,26781.75,105,1150.59,Completed
TXN0002539,2024-08-15 19:57:42,CUST00349,Njoroge Kimani,Female,65,Kisumu,0790481266,M-Pesa,Send Money,N/A,Android,496.64,11,214696.31,Completed
TXN0004089,2024-08-15 21:52:36,CUST00602,Maina Langat,Male,65,Kisumu,0790028744,M-Pesa,Deposit Cash,N/A,Android,47203.74,0.0,18889.07,Failed
TXN0004061,2024-08-15 22:56:58,CUST00683,Omondi Waweru,Male,19,Machakos,0723835792,M-Pesa,Buy Goods (Till),Supermarket,Android,3023.84,40,46878.56,Completed
TXN0003871,2024-08-15 23:21:07,CUST00322,Ochieng Kamau,Male,42,Kakamega,0111414525,M-Pesa,Send Money,N/A,Android,20575.09,100,54770.89,Completed
TXN0004339,2024-08-16 04:27:29,CUST00455,Gitau Otieno,Male,20,Trans Nzoia,0759054784,M-Pesa,Withdraw Cash,N/A,Android,8399.72,55,191471.12,Completed
TXN0002624,2024-08-16 06:18:26,CUST00726,Adhiambo Otieno,Female,31,Kericho,0768260042,M-Pesa,Send Money,N/A,Feature Phone,55174.08,105,13534.75,Completed
TXN0005474,2024-08-16 09:40:56,CUST00502,Waweru Odhiambo,Female,52,Kiambu,0768464710,M-Pesa,Withdraw Cash,N/A,Feature Phone,31554.47,105,115912.67,Completed
TXN0000080,2024-08-16 10:22:55,CUST00426,Cherono Kariuki,Male,26,Machakos,0790801151,M-Pesa,Send Money,N/A,Feature Phone,37265.49,100,23889.17,Completed
TXN0003252,2024-08-16 10:53:04,CUST00224,Cheruiyot Langat,Female,56,Nairobi,0111179302,Airtel Money,Pay Bill,Loan Repayment,Android,20776.97,105,149555.42,Completed
TXN0000658,2024-08-16 11:23:35,CUST00431,Onyango Sang,Female,61,Kilifi,0740569300,M-Pesa,Send Money,N/A,Android,17310.8,55,17186.89,Completed
TXN0000855,2024-08-16 11:33:04,CUST00346,Owino Musyoka,Female,52,Nairobi,0723432308,Airtel Money,Buy Goods (Till),Clothing,Android,26412.51,108,84884.05,Completed
TXN0000690,2024-08-16 11:53:36,CUST00227,Mwangi Otieno,Female,47,Nairobi,0768830612,M-Pesa,Withdraw Cash,N/A,Android,12987.53,62,2924.46,Completed
TXN0004941,2024-08-16 12:09:03,CUST00560,Mwangi Wanjala,Female,72,Nakuru,0723325133,M-Pesa,Send Money,N/A,Android,30730.69,108,238150.01,Completed
TXN0000103,2024-08-16 13:11:30,CUST00749,Omondi Sang,Female,38,Nairobi,0111672532,M-Pesa,Send Money,N/A,Android,11508.14,55,199221.12,Completed
TXN0004900,2024-08-16 14:23:22,CUST00708,Njoroge Kiplagat,Male,27,Kajiado,0759992801,T-Kash,Pay Bill,Water Utility,Feature Phone,55298.64,108,7570.52,Completed
TXN0005997,2024-08-16 16:02:00,CUST00712,Nabwire Owuor,Female,37,Meru,0768920397,M-Pesa,Buy Goods (Till),Hardware,Android,16882.67,87,155478.94,Completed
TXN0001622,2024-08-16 17:42:49,CUST00173,Nabwire Cheptoo,Female,24,Turkana,0722296529,M-Pesa,Withdraw Cash,N/A,Android,63192.36,108,102797.29,Completed
TXN0000808,2024-08-16 17:48:48,CUST00077,Chebet Odhiambo,Female,32,Mombasa,0759366647,M-Pesa,Send Money,N/A,Android,10911.5,62,223566.56,Completed
TXN0000430,2024-08-16 18:22:19,CUST00512,Wanjiku Wabwire,Female,43,Homa Bay,0790397281,M-Pesa,Buy Goods (Till),Electronics,Android,10243.3,0.0,47571.26,Reversed
TXN0003321,2024-08-16 19:16:30,CUST00598,Rotich Wabwire,Female,68,Uasin Gishu,0722284224,M-Pesa,Withdraw Cash,N/A,Android,44765.3,105,67067.24,Completed
TXN0003401,2024-08-16 20:03:24,CUST00492,Chebet Makau,Male,21,Kajiado,0701693616,M-Pesa,Buy Goods (Till),Electronics,Android,3935.86,45,213623.41,Completed
TXN0005537,2024-08-16 22:46:06,CUST00354,Barasa Musyoka,Male,58,Kiambu,0111882163,M-Pesa,Pay Bill,Rent,Android,18852.15,87,125295.12,Completed
TXN0001519,2024-08-17 00:20:47,CUST00487,Ochieng Kiprono,Male,49,Kilifi,0790503126,M-Pesa,Withdraw Cash,N/A,iOS,13804.27,62,186884.63,Completed
TXN0004754,2024-08-17 01:17:48,CUST00312,Onyango Karanja,Female,20,Nairobi,0111196275,M-Pesa,Pay Bill,SACCO,Android,49188.24,100,152505.36,Completed
TXN0003923,2024-08-17 01:18:21,CUST00060,Maina Chepkwony,Female,20,Mombasa,0111217880,Airtel Money,Deposit Cash,N/A,Android,36921.19,0.0,34149.61,Reversed
TXN0003698,2024-08-17 06:20:38,CUST00190,Jelagat Njuguna,Male,45,Nakuru,0740278018,M-Pesa,Pay Bill,Internet (ISP),Android,49531.76,105,38813.89,Completed
TXN0002049,2024-08-17 06:22:13,CUST00418,Muthoni Karanja,Male,53,Bomet,0722783882,M-Pesa,Buy Goods (Till),Restaurant,Android,22563.36,105,171124.26,Completed
TXN0000955,2024-08-17 07:12:21,CUST00783,Nyambura Owuor,Male,65,Meru,0740426946,M-Pesa,Pay Bill,DSTV/GOTV,Android,16885.1,62,168585.12,Completed
TXN0000624,2024-08-17 07:44:42,CUST00341,Rotich Kiprono,Female,28,Kakamega,0111464903,M-Pesa,Pay Bill,Internet (ISP),Android,97863.09,105,222396.59,Completed
TXN0004502,2024-08-17 08:20:58,CUST00474,Kirui Barasa,Male,53,Mombasa,0790835400,M-Pesa,Reversal,N/A,iOS,28676.97,0.0,228710.71,Completed
TXN0002964,2024-08-17 09:01:48,CUST00370,Rotich Sang,Male,58,Nakuru,0790535361,M-Pesa,Send Money,N/A,iOS,9282.71,87,143928.67,Completed
TXN0003817,2024-08-17 09:48:48,CUST00162,Kiptoo Waweru,Male,44,Uasin Gishu,0710323043,M-Pesa,Withdraw Cash,N/A,Feature Phone,31354.5,105,190946.23,Completed
TXN0000664,2024-08-17 10:22:36,CUST00628,Anyango Onyango,Female,28,Mombasa,0768577870,M-Pesa,Pay Bill,Internet (ISP),Feature Phone,25767.63,100,101130.15,Completed
TXN0000236,2024-08-17 10:24:43,CUST00333,Barasa Njoroge,Male,32,Nairobi,0740837109,M-Pesa,Airtime Purchase,N/A,Android,1048.62,0.0,218487.65,Completed
TXN0000594,2024-08-17 11:08:38,CUST00760,Cherono Waweru,Male,28,Meru,0723187281,M-Pesa,Buy Goods (Till),Electronics,Android,14000.68,87,208839.66,Completed
TXN0000010,2024-08-17 12:08:01,CUST00624,Auma Karanja,Female,39,Nairobi,0111675962,M-Pesa,Withdraw Cash,N/A,Feature Phone,17457.61,62,202560.92,Completed
TXN0003119,2024-08-17 12:26:26,CUST00503,Adhiambo Odhiambo,Female,70,Kilifi,0701268899,M-Pesa,Airtime Purchase,N/A,Android,995.93,0.0,20932.34,Completed
TXN0003993,2024-08-17 13:48:13,CUST00676,Anyango Ruto,Male,18,Nairobi,0701158490,M-Pesa,Withdraw Cash,N/A,Android,11695.83,55,74048.56,Completed
TXN0003651,2024-08-17 13:50:40,CUST00550,Mutua Kiprono,Female,69,Mombasa,0768895694,M-Pesa,Send Money,N/A,Feature Phone,21351.77,100,121311.6,Completed
TXN0001609,2024-08-17 15:07:34,CUST00108,Nyambura Amollo,Female,30,Bungoma,0710804397,M-Pesa,Send Money,N/A,Android,32718.37,105,121278.62,Completed
TXN0001674,2024-08-17 15:51:35,CUST00316,Nabwire Kiprono,Male,21,Nairobi,0710549687,Airtel Money,Pay Bill,SACCO,iOS,24173.57,100,179490.82,Completed
TXN0001719,2024-08-17 16:35:23,CUST00589,Kamau Omollo,Male,50,Kajiado,0759841297,M-Pesa,Buy Goods (Till),Clothing,Android,4551.59,40,33098.82,Completed
TXN0005454,2024-08-17 18:34:50,CUST00628,Anyango Onyango,Female,28,Mombasa,0768577870,M-Pesa,Pay Bill,Loan Repayment,Feature Phone,124557.36,105,100711.29,Completed
TXN0004819,2024-08-17 18:52:36,CUST00747,Waweru Wanjala,Female,65,Kiambu,0111664536,M-Pesa,Airtime Purchase,N/A,Android,249.94,0.0,31393.84,Completed
TXN0005568,2024-08-17 20:36:20,CUST00691,Wanjiku Wekesa,Male,54,Nairobi,0722874753,M-Pesa,Send Money,N/A,Feature Phone,19936.39,87,236648.01,Completed
TXN0000348,2024-08-17 21:11:22,CUST00124,Muthoni Owuor,Male,32,Nairobi,0740724354,Equitel,Withdraw Cash,N/A,Android,16494.68,62,170758.01,Completed
TXN0002020,2024-08-17 22:17:37,CUST00799,Owino Njoroge,Female,39,Mombasa,0722200478,M-Pesa,Airtime Purchase,N/A,Android,1505.25,0.0,160782.13,Completed
TXN0001344,2024-08-17 23:27:37,CUST00001,Otieno Makau,Male,35,Nairobi,0710768040,M-Pesa,Send Money,N/A,Android,33478.13,108,100824.26,Completed
TXN0003386,2024-08-18 05:41:24,CUST00208,Owino Waweru,Female,38,Bungoma,0740205667,M-Pesa,Pay Bill,Insurance,Feature Phone,122963.98,108,171461.67,Completed
TXN0004645,2024-08-18 06:01:25,CUST00086,Waweru Kiplagat,Male,32,Nakuru,0701373329,M-Pesa,Send Money,N/A,Android,29051.25,105,208632.76,Completed
TXN0003945,2024-08-18 06:22:28,CUST00425,Kagwe Gichuru,Female,54,Nairobi,0701556270,M-Pesa,Send Money,N/A,Android,21613.5,105,123323.24,Completed
TXN0001961,2024-08-18 08:28:37,CUST00297,Achieng Odhiambo,Male,38,Nakuru,0723352983,Airtel Money,Send Money,N/A,Android,50726.13,105,123463.54,Completed
TXN0003462,2024-08-18 08:45:09,CUST00617,Kirui Langat,Male,37,Mombasa,0722032291,M-Pesa,Buy Goods (Till),Hardware,Android,5828.89,62,170423.04,Completed
TXN0005688,2024-08-18 10:13:59,CUST00206,Kirui Mwangi,Male,64,Bungoma,0723381771,Equitel,Send Money,N/A,Android,18318.47,87,180287.13,Completed
TXN0001325,2024-08-18 11:04:58,CUST00622,Njeri Mutiso,Female,19,Machakos,0701362592,M-Pesa,Buy Goods (Till),Pharmacy,Feature Phone,8764.69,87,27667.25,Completed
TXN0000452,2024-08-18 15:02:13,CUST00795,Mumbi Musyoka,Male,34,Kakamega,0722323715,M-Pesa,Airtime Purchase,N/A,iOS,301.86,0.0,138816.09,Completed
TXN0002600,2024-08-18 15:32:35,CUST00172,Wambui Cheptoo,Male,59,Kilifi,0723434670,Airtel Money,Buy Goods (Till),Clothing,Android,14723.27,55,91491.84,Completed
TXN0005209,2024-08-18 16:33:17,CUST00187,Owino Kamau,Male,48,Nairobi,0768908733,Airtel Money,Pay Bill,Internet (ISP),Android,25904.09,105,108044.17,Completed
TXN0001308,2024-08-18 17:03:14,CUST00115,Auma Otieno,Female,40,Uasin Gishu,0710869411,M-Pesa,Send Money,N/A,iOS,46090.01,105,147031.88,Completed
TXN0005578,2024-08-18 17:14:13,CUST00785,Auma Kiplagat,Female,64,Mombasa,0722938537,M-Pesa,Pay Bill,Rent,Android,97587.16,105,35106.69,Completed
TXN0001152,2024-08-18 17:35:10,CUST00696,Omondi Karanja,Female,48,Nairobi,0710481591,M-Pesa,Buy Goods (Till),Supermarket,Android,10715.9,62,237285.89,Completed
TXN0004863,2024-08-18 18:13:38,CUST00297,Achieng Odhiambo,Male,38,Nakuru,0723352983,Airtel Money,Send Money,N/A,Android,36947.13,105,197936.92,Completed
TXN0004289,2024-08-18 18:37:09,CUST00139,Jelagat Mutiso,Male,44,Nairobi,0740479870,M-Pesa,Send Money,N/A,Android,11901.9,55,111060.96,Completed
TXN0004229,2024-08-18 20:18:50,CUST00687,Mumbi Wabwire,Male,59,Kajiado,0740790537,Equitel,Pay Bill,DSTV/GOTV,Android,59379.25,108,175981.49,Completed
TXN0000532,2024-08-18 20:31:29,CUST00546,Barasa Mutiso,Female,68,Nakuru,0722758886,M-Pesa,Buy Goods (Till),Fuel Station,Android,13218.19,62,218687.88,Completed
TXN0001379,2024-08-18 20:41:04,CUST00018,Njoroge Waweru,Female,62,Bomet,0759641207,M-Pesa,Pay Bill,Insurance,Android,29000.45,108,21246.1,Completed
TXN0003949,2024-08-18 22:23:08,CUST00014,Nyokabi Mwangi,Male,50,Nairobi,0701219547,Airtel Money,Send Money,N/A,Android,3095.87,45,120543.62,Completed
TXN0001349,2024-08-19 04:39:14,CUST00126,Auma Karanja,Female,71,Bungoma,0710715885,M-Pesa,Send Money,N/A,Android,14919.86,62,32881.68,Completed
TXN0002601,2024-08-19 05:50:08,CUST00158,Akinyi Sang,Female,19,Nairobi,0723105707,M-Pesa,Airtime Purchase,N/A,Android,376.43,0.0,57732.22,Completed
TXN0005821,2024-08-19 11:06:22,CUST00043,Onyango Langat,Male,34,Kilifi,0710697713,M-Pesa,Send Money,N/A,iOS,35537.84,105,74451.31,Completed
TXN0000928,2024-08-19 12:36:59,CUST00545,Owino Karanja,Male,34,Nakuru,0710185831,M-Pesa,Deposit Cash,N/A,Android,71379.09,0.0,175851.94,Completed
TXN0004597,2024-08-19 12:48:21,CUST00710,Njeri Kamau,Male,54,Kajiado,0768117762,M-Pesa,Send Money,N/A,Android,32252.04,105,173245.93,Completed
TXN0000908,2024-08-19 13:00:44,CUST00760,Cherono Waweru,Male,28,Meru,0723187281,M-Pesa,Withdraw Cash,N/A,Android,1002.48,45,166737.64,Completed
TXN0001072,2024-08-19 14:27:37,CUST00535,Mwangi Makau,Male,60,Mombasa,0710804737,M-Pesa,Buy Goods (Till),Electronics,Android,12368.63,62,86153.44,Completed
TXN0002359,2024-08-19 18:19:32,CUST00024,Kiprop Kimani,Male,45,Kajiado,0722076275,M-Pesa,Airtime Purchase,N/A,Android,673.69,0.0,20129.27,Completed
TXN0003492,2024-08-19 18:32:31,CUST00779,Kamau Kariuki,Male,71,Trans Nzoia,0723302430,M-Pesa,Airtime Purchase,N/A,Android,300.98,0.0,169753.81,Completed
TXN0005520,2024-08-19 19:05:06,CUST00356,Maina Kimani,Female,21,Nairobi,0710771297,M-Pesa,Pay Bill,Loan Repayment,Feature Phone,24154.56,108,19294.56,Completed
TXN0001138,2024-08-19 20:35:51,CUST00406,Atieno Wabwire,Male,20,Meru,0723381770,M-Pesa,Send Money,N/A,Android,33622.34,105,178811.83,Completed
TXN0002197,2024-08-19 21:01:49,CUST00625,Nyokabi Omollo,Female,31,Kisumu,0740862851,M-Pesa,Pay Bill,SACCO,Android,69020.63,108,107655.89,Completed
TXN0005478,2024-08-19 22:02:58,CUST00344,Chebet Kariuki,Male,57,Nairobi,0768322618,M-Pesa,Send Money,N/A,Android,38884.63,105,165468.97,Completed
TXN0003431,2024-08-19 23:04:27,CUST00446,Wanjiku Wekesa,Male,23,Meru,0790487626,M-Pesa,Buy Goods (Till),Supermarket,Android,15659.54,62,245130.98,Completed
TXN0005500,2024-08-20 00:38:24,CUST00469,Kagwe Musyoka,Male,20,Nairobi,0759106233,M-Pesa,Send Money,N/A,Android,10275.21,87,232794.04,Completed
TXN0005647,2024-08-20 05:05:44,CUST00408,Wairimu Ruto,Male,53,Kiambu,0710985138,M-Pesa,Airtime Purchase,N/A,Android,572.63,0.0,238596.6,Completed
TXN0004698,2024-08-20 06:31:52,CUST00339,Barasa Musyoka,Male,71,Machakos,0701723583,M-Pesa,Airtime Purchase,N/A,Android,1382.05,0.0,95769.09,Completed
TXN0004966,2024-08-20 08:50:25,CUST00573,Kagwe Chepkwony,Male,35,Garissa,0740693632,M-Pesa,Airtime Purchase,N/A,Android,141.02,0.0,130798.6,Completed
TXN0005294,2024-08-20 10:01:16,CUST00255,Owino Wekesa,Female,71,Turkana,0723231598,M-Pesa,Send Money,N/A,Android,34581.56,0.0,71113.65,Failed
TXN0004335,2024-08-20 11:51:04,CUST00178,Chebet Kiprono,Female,23,Nairobi,0701551055,Airtel Money,Withdraw Cash,N/A,Feature Phone,14883.88,62,102772.74,Completed
TXN0002022,2024-08-20 13:10:24,CUST00718,Moraa Owuor,Male,64,Machakos,0759937338,M-Pesa,Airtime Purchase,N/A,Feature Phone,527.85,0.0,245136.06,Completed
TXN0003830,2024-08-20 13:23:28,CUST00023,Barasa Ochieng,Male,24,Kilifi,0710267262,M-Pesa,Buy Goods (Till),Fuel Station,Feature Phone,6000.22,55,17236.96,Completed
TXN0002141,2024-08-20 15:35:01,CUST00411,Nafula Kimani,Female,63,Kilifi,0701228693,M-Pesa,Buy Goods (Till),Restaurant,Android,11913.52,62,227433.77,Completed
TXN0001684,2024-08-20 15:48:10,CUST00002,Kiptoo Njoroge,Male,63,Kakamega,0759442871,M-Pesa,Send Money,N/A,Android,22091.5,105,13599.8,Completed
TXN0004755,2024-08-20 15:51:53,CUST00355,Anyango Gichuru,Male,33,Nairobi,0722566172,M-Pesa,Deposit Cash,N/A,Android,114015.6,0.0,90724.2,Completed
TXN0000333,2024-08-20 18:19:36,CUST00363,Ochieng Ochieng,Male,24,Nyeri,0759316595,M-Pesa,Send Money,N/A,Feature Phone,35786.3,108,6894.24,Completed
TXN0005994,2024-08-20 18:59:01,CUST00374,Akinyi Amollo,Female,69,Mombasa,0710492617,M-Pesa,Airtime Purchase,N/A,Feature Phone,336.97,0.0,212119.49,Completed
TXN0003089,2024-08-20 19:27:59,CUST00287,Auma Kiprono,Female,44,Machakos,0759278796,M-Pesa,Send Money,N/A,Android,64128.23,108,167723.83,Completed
TXN0002548,2024-08-20 20:43:21,CUST00358,Kibet Makau,Female,47,Kiambu,0759154854,M-Pesa,Withdraw Cash,N/A,Android,2943.57,45,147533.19,Completed
TXN0005116,2024-08-20 23:11:39,CUST00671,Nyambura Njuguna,Male,21,Nairobi,0790548945,M-Pesa,Send Money,N/A,Android,25091.39,105,20411.16,Completed
TXN0004235,2024-08-21 06:00:38,CUST00057,Jelagat Ochieng,Female,47,Meru,0768954004,M-Pesa,Pay Bill,Insurance,Android,33702.77,105,176064.11,Completed
TXN0002958,2024-08-21 08:06:35,CUST00239,Nyambura Karanja,Female,44,Kisumu,0768338757,M-Pesa,Send Money,N/A,Android,24478.97,100,50532.15,Completed
TXN0002306,2024-08-21 09:00:29,CUST00032,Akinyi Njuguna,Male,37,Nakuru,0722327634,M-Pesa,Send Money,N/A,Android,15227.92,62,1830.72,Completed
TXN0004192,2024-08-21 10:43:31,CUST00424,Wairimu Sang,Female,18,Mombasa,0759953392,M-Pesa,Withdraw Cash,N/A,Android,23179.62,105,83999.15,Completed
TXN0005628,2024-08-21 14:26:44,CUST00073,Ndungu Makau,Male,49,Kajiado,0790728212,M-Pesa,Buy Goods (Till),Supermarket,Feature Phone,7630.29,55,151801.17,Completed
TXN0003231,2024-08-21 15:12:46,CUST00654,Auma Njoroge,Male,65,Kakamega,0111756919,M-Pesa,Send Money,N/A,Feature Phone,4167.01,40,123788.75,Completed
TXN0000718,2024-08-21 15:39:05,CUST00517,Otieno Kamau,Male,53,Kakamega,0740991714,M-Pesa,Pay Bill,SACCO,Android,81227.03,108,203191.47,Completed
TXN0000725,2024-08-21 20:00:07,CUST00566,Wairimu Wanjala,Male,38,Nakuru,0722493105,M-Pesa,Withdraw Cash,N/A,Android,30508.56,100,60097.46,Completed
TXN0003373,2024-08-21 20:31:15,CUST00076,Nafula Makau,Male,61,Trans Nzoia,0759370546,M-Pesa,Buy Goods (Till),Pharmacy,Android,5462.14,62,6982.47,Completed
TXN0002962,2024-08-21 22:13:58,CUST00607,Kiprop Wekesa,Female,24,Kakamega,0710064109,M-Pesa,Deposit Cash,N/A,Android,58378.22,0.0,131410.63,Completed
TXN0001133,2024-08-21 23:10:48,CUST00766,Nafula Sang,Male,72,Nairobi,0111954218,M-Pesa,Send Money,N/A,iOS,20919.15,0.0,89975.39,Failed
TXN0001871,2024-08-21 23:58:10,CUST00767,Ochieng Owuor,Male,28,Kilifi,0723083435,M-Pesa,Send Money,N/A,Android,25024.15,100,80101.4,Completed
TXN0002032,2024-08-22 01:58:13,CUST00558,Muthoni Odhiambo,Male,51,Nakuru,0759532444,T-Kash,Withdraw Cash,N/A,Android,11835.69,55,208528.89,Completed
TXN0005584,2024-08-22 04:25:14,CUST00115,Auma Otieno,Female,40,Uasin Gishu,0710869411,M-Pesa,Send Money,N/A,iOS,13523.49,62,12215.74,Completed
TXN0001055,2024-08-22 05:50:42,CUST00095,Nabwire Waweru,Female,54,Nakuru,0768249194,M-Pesa,Pay Bill,DSTV/GOTV,Android,61718.73,100,40679.7,Completed
TXN0003551,2024-08-22 08:51:15,CUST00261,Kemboi Karanja,Male,53,Nairobi,0723477599,Airtel Money,Send Money,N/A,Android,10759.59,62,182784.74,Completed
TXN0001886,2024-08-22 09:03:57,CUST00451,Chelagat Ochieng,Male,38,Nairobi,0740783244,Airtel Money,Pay Bill,DSTV/GOTV,Android,10557.4,87,119610.29,Completed
TXN0003954,2024-08-22 09:26:06,CUST00531,Waweru Makau,Female,69,Homa Bay,0710303143,M-Pesa,Pay Bill,Insurance,Android,132026.92,105,163673.79,Completed
TXN0004276,2024-08-22 09:55:37,CUST00229,Rotich Gichuru,Male,52,Bungoma,0768735495,M-Pesa,Deposit Cash,N/A,Android,28715.18,0.0,73514.37,Completed
TXN0000240,2024-08-22 10:07:01,CUST00234,Kibet Otieno,Male,19,Nairobi,0710788939,M-Pesa,Buy Goods (Till),Clothing,Android,7426.44,0.0,64756.46,Failed
TXN0005729,2024-08-22 10:07:18,CUST00184,Nafula Musyoka,Female,26,Kakamega,0740214345,M-Pesa,Airtime Purchase,N/A,Android,1565.47,0.0,21902.33,Completed
TXN0003673,2024-08-22 10:38:24,CUST00194,Wafula Amollo,Male,42,Bomet,0759644741,M-Pesa,Send Money,N/A,Feature Phone,48076.33,100,150755.29,Completed
TXN0003340,2024-08-22 11:39:42,CUST00518,Muthoni Wekesa,Male,54,Nairobi,0759494617,M-Pesa,Pay Bill,Loan Repayment,Feature Phone,16209.18,62,37775.32,Completed
TXN0000307,2024-08-22 11:52:39,CUST00098,Onyango Sang,Female,54,Kilifi,0701686939,M-Pesa,Send Money,N/A,Android,38654.64,108,177326.32,Completed
TXN0003068,2024-08-22 15:01:52,CUST00331,Nafula Langat,Male,32,Bungoma,0768950820,M-Pesa,Send Money,N/A,Feature Phone,10348.74,55,161923.24,Completed
TXN0003758,2024-08-22 15:13:32,CUST00646,Kiprop Gichuru,Female,62,Kiambu,0740976637,M-Pesa,Pay Bill,SACCO,Android,23560.8,105,184569.02,Completed
TXN0004395,2024-08-22 15:20:42,CUST00154,Kiptoo Kiplagat,Male,61,Bungoma,0722387503,M-Pesa,Airtime Purchase,N/A,iOS,1223.3,0.0,145641.99,Completed
TXN0002689,2024-08-22 16:11:29,CUST00461,Kariuki Owuor,Female,51,Kajiado,0701765267,T-Kash,Send Money,N/A,Feature Phone,30130.35,108,112444.4,Completed
TXN0004958,2024-08-22 16:48:38,CUST00692,Nyambura Omollo,Male,20,Kisumu,0790018927,M-Pesa,Buy Goods (Till),Hardware,Android,10201.14,62,210294.74,Completed
TXN0004439,2024-08-22 18:15:35,CUST00240,Njoroge Kamau,Male,38,Nairobi,0723013758,M-Pesa,Buy Goods (Till),Fuel Station,Android,25656.32,108,24679.01,Completed
TXN0002005,2024-08-22 18:25:57,CUST00612,Simiyu Njuguna,Male,24,Nakuru,0722282629,M-Pesa,Withdraw Cash,N/A,Feature Phone,15122.88,62,106479.71,Completed
TXN0002240,2024-08-22 19:09:32,CUST00516,Jelagat Musyoka,Female,65,Nairobi,0710687141,Airtel Money,Buy Goods (Till),Supermarket,iOS,16493.94,55,68050.15,Completed
TXN0002978,2024-08-22 19:14:37,CUST00288,Nafula Ruto,Female,61,Nairobi,0710563134,M-Pesa,Buy Goods (Till),Hardware,Android,12457.64,0.0,99303.28,Failed
TXN0001875,2024-08-22 20:53:34,CUST00244,Kipchoge Ruto,Female,42,Nakuru,0701042851,M-Pesa,Pay Bill,DSTV/GOTV,Android,71949.61,108,196587.82,Completed
TXN0002230,2024-08-22 22:36:16,CUST00017,Kiprop Wabwire,Male,66,Kericho,0710448910,M-Pesa,Buy Goods (Till),Supermarket,iOS,14445.66,0.0,234031.91,Failed
TXN0005576,2024-08-23 03:26:07,CUST00243,Wafula Ochieng,Female,19,Nairobi,0790941748,M-Pesa,Buy Goods (Till),Pharmacy,Android,3267.56,40,1015.3,Completed
TXN0001624,2024-08-23 03:31:29,CUST00281,Achieng Chepkwony,Female,53,Nairobi,0723796856,M-Pesa,Send Money,N/A,Android,27673.22,100,197015.25,Completed
TXN0004605,2024-08-23 08:05:47,CUST00512,Wanjiku Wabwire,Female,43,Homa Bay,0790397281,M-Pesa,Pay Bill,DSTV/GOTV,Android,41910.45,105,183422.89,Completed
TXN0000342,2024-08-23 09:48:55,CUST00649,Chebet Onyango,Male,18,Kisumu,0701382261,M-Pesa,Send Money,N/A,Feature Phone,22220.27,105,5100.19,Completed
TXN0003096,2024-08-23 10:28:29,CUST00772,Kariuki Wabwire,Male,61,Nairobi,0710525140,M-Pesa,Pay Bill,Loan Repayment,Android,29193.06,105,88690.05,Completed
TXN0002911,2024-08-23 11:43:32,CUST00324,Auma Omollo,Male,46,Bungoma,0710157866,M-Pesa,Deposit Cash,N/A,Android,64076.42,0.0,230585.62,Completed
TXN0004495,2024-08-23 12:24:42,CUST00483,Achieng Njoroge,Female,24,Nairobi,0759549030,M-Pesa,Withdraw Cash,N/A,Android,17730.98,55,24777.13,Completed
TXN0000453,2024-08-23 13:23:08,CUST00455,Gitau Otieno,Male,20,Trans Nzoia,0759054784,M-Pesa,Withdraw Cash,N/A,Android,8942.66,62,49445.17,Completed
TXN0002354,2024-08-23 14:14:08,CUST00456,Simiyu Makau,Male,44,Migori,0710329061,M-Pesa,Pay Bill,Internet (ISP),Android,73853.65,108,228707.53,Completed
TXN0003946,2024-08-23 15:33:15,CUST00140,Kemboi Musyoka,Female,51,Nakuru,0710455686,Airtel Money,Reversal,N/A,Android,22794.99,0.0,139670.7,Completed
TXN0000435,2024-08-23 16:01:08,CUST00510,Nasike Odhiambo,Female,33,Bomet,0710378096,Airtel Money,Buy Goods (Till),Hardware,Android,6932.81,55,47486.51,Completed
TXN0002415,2024-08-23 17:31:49,CUST00308,Wairimu Njoroge,Male,34,Nyeri,0723788685,M-Pesa,Deposit Cash,N/A,Android,31395.7,0.0,99784.85,Failed
TXN0004304,2024-08-23 18:33:15,CUST00771,Cherono Barasa,Female,30,Nairobi,0759781757,M-Pesa,Send Money,N/A,Android,33841.25,0.0,72382.19,Failed
TXN0000031,2024-08-23 18:36:03,CUST00646,Kiprop Gichuru,Female,62,Kiambu,0740976637,M-Pesa,Pay Bill,Water Utility,Android,44540.06,108,199551.39,Completed
TXN0002634,2024-08-23 18:42:25,CUST00001,Otieno Makau,Male,35,Nairobi,0710768040,M-Pesa,Buy Goods (Till),Fuel Station,Android,23204.1,100,13683.74,Completed
TXN0000179,2024-08-23 18:47:05,CUST00570,Maina Chepkwony,Male,59,Bungoma,0790548571,M-Pesa,Withdraw Cash,N/A,Android,63448.63,108,32924.35,Completed
TXN0005642,2024-08-23 19:58:26,CUST00118,Kiprop Makau,Female,45,Nairobi,0710530636,M-Pesa,Send Money,N/A,Android,12814.04,55,123467.63,Completed
TXN0004318,2024-08-23 21:10:15,CUST00179,Njoroge Waweru,Male,42,Bungoma,0759995131,M-Pesa,Withdraw Cash,N/A,Android,16466.46,0.0,138048.69,Failed
TXN0001559,2024-08-23 21:12:20,CUST00142,Njoroge Ochieng,Female,54,Meru,0768833710,T-Kash,Buy Goods (Till),Electronics,Android,4131.42,45,208973.9,Completed
TXN0002977,2024-08-23 22:38:27,CUST00211,Kamau Gichuru,Male,43,Kisumu,0759744651,M-Pesa,Send Money,N/A,Android,19972.9,55,86342.5,Completed
TXN0003926,2024-08-24 06:39:56,CUST00015,Kemboi Waweru,Male,40,Mombasa,0701806607,Airtel Money,Deposit Cash,N/A,Android,85116.23,0.0,207995.7,Completed
TXN0004703,2024-08-24 09:33:55,CUST00618,Nyokabi Amollo,Male,30,Meru,0723287811,M-Pesa,Send Money,N/A,Android,8453.55,62,62773.96,Completed
TXN0001330,2024-08-24 11:23:02,CUST00446,Wanjiku Wekesa,Male,23,Meru,0790487626,M-Pesa,Pay Bill,Loan Repayment,Android,5569.44,55,144832.89,Completed
TXN0000569,2024-08-24 12:00:12,CUST00059,Mumbi Waweru,Male,58,Kajiado,0723443114,M-Pesa,Buy Goods (Till),Pharmacy,Android,4773.14,33,60481.39,Completed
TXN0000213,2024-08-24 13:34:29,CUST00667,Ochieng Makau,Male,37,Machakos,0701035220,M-Pesa,Deposit Cash,N/A,Android,28598.48,0.0,44357.67,Completed
TXN0000224,2024-08-24 17:12:01,CUST00315,Kagwe Ochieng,Female,48,Kakamega,0701218005,M-Pesa,Buy Goods (Till),Electronics,Android,7207.58,87,75015.35,Completed
TXN0002881,2024-08-24 18:42:16,CUST00073,Ndungu Makau,Male,49,Kajiado,0790728212,M-Pesa,Airtime Purchase,N/A,Feature Phone,407.42,0.0,224266.92,Completed
TXN0000751,2024-08-24 19:12:47,CUST00426,Cherono Kariuki,Male,26,Machakos,0790801151,M-Pesa,Airtime Purchase,N/A,Feature Phone,1368.93,0.0,97940.35,Completed
TXN0004594,2024-08-24 19:13:32,CUST00083,Barasa Otieno,Male,26,Kilifi,0759104354,M-Pesa,Send Money,N/A,Android,43350.65,100,119295.41,Completed
TXN0005065,2024-08-24 20:52:32,CUST00662,Auma Njuguna,Female,49,Meru,0759996566,M-Pesa,Withdraw Cash,N/A,Android,18051.82,0.0,24398.97,Reversed
TXN0000994,2024-08-24 21:12:32,CUST00789,Kipchoge Makau,Male,42,Kilifi,0768902074,M-Pesa,Buy Goods (Till),Supermarket,Android,14875.95,87,83500.52,Completed
TXN0001698,2024-08-24 22:01:49,CUST00188,Nasike Ochieng,Female,46,Nyeri,0701338186,M-Pesa,Pay Bill,Loan Repayment,Android,31579.47,108,14699.69,Completed
TXN0001242,2024-08-25 06:21:31,CUST00044,Anyango Langat,Female,30,Nairobi,0740178619,Airtel Money,Buy Goods (Till),Hardware,Android,11805.38,55,37095.43,Completed
TXN0002440,2024-08-25 10:26:59,CUST00326,Cheruiyot Wanjala,Female,21,Migori,0710642682,M-Pesa,Send Money,N/A,Android,18305.0,62,221680.15,Completed
TXN0002835,2024-08-25 12:32:17,CUST00695,Rotich Kimani,Female,56,Uasin Gishu,0701225871,M-Pesa,Send Money,N/A,Feature Phone,5340.71,55,63212.85,Completed
TXN0003465,2024-08-25 15:50:34,CUST00741,Rotich Kamau,Male,58,Trans Nzoia,0723191121,M-Pesa,Pay Bill,SACCO,Feature Phone,110612.18,108,144467.17,Completed
TXN0004969,2024-08-25 15:51:34,CUST00616,Wairimu Makau,Male,43,Nairobi,0722613206,M-Pesa,Pay Bill,Rent,Android,133140.84,0.0,112962.53,Failed
TXN0003539,2024-08-25 16:38:02,CUST00412,Onyango Musyoka,Female,19,Nairobi,0723341761,M-Pesa,Pay Bill,Insurance,Feature Phone,76825.19,100,67427.88,Completed
TXN0005083,2024-08-25 19:35:49,CUST00479,Chebet Chepkwony,Female,55,Nakuru,0710053439,M-Pesa,Buy Goods (Till),Hardware,Android,15244.86,62,100233.85,Completed
TXN0005349,2024-08-25 19:43:30,CUST00507,Kibet Wanjala,Male,37,Kericho,0768868388,M-Pesa,Deposit Cash,N/A,Android,39271.0,0.0,174575.37,Completed
TXN0005785,2024-08-25 20:18:47,CUST00742,Anyango Ochieng,Male,49,Bungoma,0768090633,Airtel Money,Send Money,N/A,Feature Phone,40912.11,0.0,92038.14,Failed
TXN0001580,2024-08-25 23:13:36,CUST00408,Wairimu Ruto,Male,53,Kiambu,0710985138,M-Pesa,Withdraw Cash,N/A,Android,17019.26,62,153945.56,Completed
TXN0002464,2024-08-25 23:18:35,CUST00799,Owino Njoroge,Female,39,Mombasa,0722200478,M-Pesa,Buy Goods (Till),Pharmacy,Android,21167.69,105,75748.09,Completed
TXN0005611,2024-08-26 03:24:42,CUST00380,Otieno Chepkwony,Female,35,Nairobi,0111860396,M-Pesa,Buy Goods (Till),Electronics,Android,5913.95,87,6978.61,Completed
TXN0005704,2024-08-26 03:25:42,CUST00419,Cheruiyot Onyango,Female,43,Nakuru,0759211583,M-Pesa,Buy Goods (Till),Supermarket,Android,16460.78,62,214167.41,Completed
TXN0002596,2024-08-26 05:08:49,CUST00315,Kagwe Ochieng,Female,48,Kakamega,0701218005,M-Pesa,Send Money,N/A,Android,25225.45,100,208729.46,Completed
TXN0001098,2024-08-26 05:35:26,CUST00519,Njoroge Makau,Female,49,Nakuru,0768869264,M-Pesa,Pay Bill,SACCO,Android,126992.74,108,74972.97,Completed
TXN0001968,2024-08-26 06:39:00,CUST00061,Wafula Owuor,Male,41,Machakos,0701672594,M-Pesa,Buy Goods (Till),Hardware,Android,4758.68,33,68467.42,Completed
TXN0000856,2024-08-26 07:36:44,CUST00433,Cheruiyot Ochieng,Male,23,Kericho,0710376811,M-Pesa,Airtime Purchase,N/A,Android,1170.48,0.0,178169.04,Completed
TXN0002397,2024-08-26 10:04:07,CUST00091,Kirui Waweru,Male,47,Kiambu,0111339581,M-Pesa,Pay Bill,Electricity (KPLC),Android,18397.44,87,101816.77,Completed
TXN0000827,2024-08-26 11:07:13,CUST00673,Ndungu Kiplagat,Male,28,Kakamega,0759913130,M-Pesa,Send Money,N/A,Android,53410.56,105,195061.98,Completed
TXN0001882,2024-08-26 12:36:16,CUST00048,Kiptoo Kamau,Female,51,Migori,0723245247,M-Pesa,Send Money,N/A,Android,16640.04,62,115060.42,Completed
TXN0004120,2024-08-26 12:40:07,CUST00523,Onyango Kiprono,Female,23,Kiambu,0759423949,M-Pesa,Send Money,N/A,Android,11282.89,62,93222.46,Completed
TXN0003461,2024-08-26 12:43:18,CUST00185,Wairimu Otieno,Female,68,Bomet,0759591261,M-Pesa,Pay Bill,Loan Repayment,Android,28865.99,100,19768.31,Completed
TXN0000218,2024-08-26 14:44:48,CUST00115,Auma Otieno,Female,40,Uasin Gishu,0710869411,M-Pesa,Withdraw Cash,N/A,iOS,21853.54,108,201441.47,Completed
TXN0005579,2024-08-26 16:14:30,CUST00437,Anyango Njuguna,Female,18,Kisumu,0701447802,M-Pesa,Buy Goods (Till),Supermarket,Android,4377.06,45,107508.21,Completed
TXN0004927,2024-08-26 17:35:38,CUST00327,Akinyi Wekesa,Male,61,Nairobi,0740690236,M-Pesa,Deposit Cash,N/A,Android,7252.85,0.0,213304.07,Completed
TXN0005737,2024-08-26 17:43:24,CUST00299,Nafula Waweru,Male,71,Nairobi,0759887480,M-Pesa,Send Money,N/A,Android,39403.83,100,216476.69,Completed
TXN0005437,2024-08-26 17:59:06,CUST00525,Kamau Njoroge,Female,27,Nairobi,0710027499,M-Pesa,Pay Bill,Electricity (KPLC),Android,98203.93,108,91803.51,Completed
TXN0002690,2024-08-26 19:00:34,CUST00236,Kemboi Njuguna,Male,70,Nairobi,0790721075,Airtel Money,Send Money,N/A,Feature Phone,8857.96,87,242417.62,Completed
TXN0002761,2024-08-26 19:14:42,CUST00482,Auma Cheptoo,Male,62,Nairobi,0740329471,M-Pesa,Send Money,N/A,Android,33124.19,108,40041.44,Completed
TXN0002439,2024-08-26 19:46:20,CUST00767,Ochieng Owuor,Male,28,Kilifi,0723083435,M-Pesa,Pay Bill,Loan Repayment,Android,86633.5,105,56004.94,Completed
TXN0000273,2024-08-26 20:21:04,CUST00147,Nyokabi Barasa,Male,47,Trans Nzoia,0759581528,M-Pesa,Send Money,N/A,Feature Phone,7781.21,62,70574.94,Completed
TXN0003828,2024-08-26 20:28:02,CUST00207,Akinyi Kimani,Male,28,Mombasa,0740614680,M-Pesa,Pay Bill,Loan Repayment,Feature Phone,63473.66,100,83427.35,Completed
TXN0002422,2024-08-26 23:55:53,CUST00604,Kiprop Mutiso,Female,72,Nairobi,0768245351,T-Kash,Send Money,N/A,Android,37945.71,100,188416.33,Completed
TXN0001431,2024-08-27 06:42:25,CUST00246,Kiprop Onyango,Female,72,Nyeri,0759555919,M-Pesa,Deposit Cash,N/A,iOS,67454.16,0.0,120680.3,Completed
TXN0004727,2024-08-27 08:29:20,CUST00582,Njeri Wabwire,Female,33,Nairobi,0111360485,M-Pesa,Airtime Purchase,N/A,Android,560.22,0.0,115296.46,Completed
TXN0005386,2024-08-27 09:26:46,CUST00727,Kemboi Karanja,Male,34,Nairobi,0722093713,M-Pesa,Withdraw Cash,N/A,Android,15078.82,87,73631.8,Completed
TXN0001226,2024-08-27 09:48:41,CUST00204,Kiprop Kimani,Female,41,Nairobi,0111660677,M-Pesa,Send Money,N/A,Android,37041.29,0.0,141261.58,Failed
TXN0000042,2024-08-27 11:24:15,CUST00571,Wairimu Waweru,Male,53,Mombasa,0722896610,Airtel Money,Send Money,N/A,Android,15758.12,62,147869.5,Completed
TXN0004630,2024-08-27 11:41:49,CUST00558,Muthoni Odhiambo,Male,51,Nakuru,0759532444,T-Kash,Send Money,N/A,Android,13231.55,62,162320.01,Completed
TXN0001797,2024-08-27 13:26:02,CUST00187,Owino Kamau,Male,48,Nairobi,0768908733,Airtel Money,Send Money,N/A,Android,8317.35,55,16314.67,Completed
TXN0002913,2024-08-27 13:52:00,CUST00337,Cherono Kiplagat,Female,29,Uasin Gishu,0740878581,Airtel Money,Send Money,N/A,Feature Phone,13840.19,87,41890.45,Completed
TXN0004281,2024-08-27 13:52:50,CUST00501,Cheruiyot Cheptoo,Male,55,Nairobi,0111255430,Airtel Money,Send Money,N/A,Android,5232.92,87,161890.62,Completed
TXN0005783,2024-08-27 14:00:47,CUST00163,Cherono Onyango,Male,61,Machakos,0722817754,Airtel Money,Withdraw Cash,N/A,Android,20578.4,108,160627.6,Completed
TXN0000554,2024-08-27 14:09:37,CUST00690,Auma Amollo,Male,43,Kisumu,0759891737,M-Pesa,Buy Goods (Till),Electronics,Android,17321.25,55,124758.04,Completed
TXN0000104,2024-08-27 14:29:04,CUST00339,Barasa Musyoka,Male,71,Machakos,0701723583,M-Pesa,Pay Bill,SACCO,Android,97067.48,0.0,184316.38,Failed
TXN0005445,2024-08-27 16:53:30,CUST00687,Mumbi Wabwire,Male,59,Kajiado,0740790537,Equitel,Send Money,N/A,Android,25985.8,100,222780.22,Completed
TXN0002037,2024-08-27 17:12:42,CUST00367,Kiptoo Owuor,Female,53,Uasin Gishu,0710041282,M-Pesa,Send Money,N/A,Android,3890.72,40,180721.49,Completed
TXN0003839,2024-08-27 19:19:50,CUST00427,Simiyu Omollo,Female,49,Nairobi,0759830191,M-Pesa,Buy Goods (Till),Pharmacy,iOS,24080.39,105,74698.8,Completed
TXN0004354,2024-08-28 01:27:19,CUST00346,Owino Musyoka,Female,52,Nairobi,0723432308,Airtel Money,Send Money,N/A,Android,9727.21,87,156011.21,Completed
TXN0000205,2024-08-28 04:27:53,CUST00373,Chelagat Waweru,Female,38,Meru,0723143136,M-Pesa,Withdraw Cash,N/A,Android,37463.0,0.0,101461.16,Reversed
TXN0001341,2024-08-28 08:08:26,CUST00682,Cheruiyot Gichuru,Female,69,Nairobi,0759618611,M-Pesa,Withdraw Cash,N/A,Android,17207.35,87,137766.31,Completed
TXN0003408,2024-08-28 08:34:27,CUST00339,Barasa Musyoka,Male,71,Machakos,0701723583,M-Pesa,Buy Goods (Till),Electronics,Android,2085.93,40,39480.28,Completed
TXN0000438,2024-08-28 08:39:11,CUST00503,Adhiambo Odhiambo,Female,70,Kilifi,0701268899,M-Pesa,Send Money,N/A,Android,16322.03,87,77652.98,Completed
TXN0003811,2024-08-28 09:14:21,CUST00445,Simiyu Ruto,Male,53,Nairobi,0740900867,M-Pesa,Withdraw Cash,N/A,Android,47160.15,108,158168.34,Completed
TXN0005928,2024-08-28 11:32:00,CUST00563,Kiprop Gichuru,Female,57,Kakamega,0768393064,M-Pesa,Buy Goods (Till),Hardware,Android,6950.02,87,181331.2,Completed
TXN0002614,2024-08-28 11:45:53,CUST00267,Njeri Amollo,Male,20,Kiambu,0790455461,Equitel,Pay Bill,SACCO,Android,13356.42,55,31235.24,Completed
TXN0005741,2024-08-28 13:26:34,CUST00122,Barasa Sang,Male,34,Meru,0740929418,M-Pesa,Deposit Cash,N/A,Feature Phone,16882.18,0.0,91451.08,Completed
TXN0000913,2024-08-28 13:27:26,CUST00629,Ndungu Chepkwony,Female,27,Uasin Gishu,0710244360,M-Pesa,Send Money,N/A,Android,13406.94,55,41587.96,Completed
TXN0002763,2024-08-28 15:18:38,CUST00094,Auma Onyango,Male,52,Meru,0759563374,M-Pesa,Pay Bill,Insurance,Android,8156.5,55,128316.89,Completed
TXN0004515,2024-08-28 22:48:55,CUST00019,Mumbi Musyoka,Male,50,Homa Bay,0759190156,M-Pesa,Buy Goods (Till),Hardware,Android,14986.51,87,94288.63,Completed
TXN0005309,2024-08-28 23:17:49,CUST00230,Ndungu Omollo,Female,19,Turkana,0790095799,M-Pesa,Pay Bill,School Fees,Android,83447.45,108,161488.33,Completed
TXN0002295,2024-08-29 11:14:43,CUST00791,Ochieng Gichuru,Female,68,Nairobi,0722662883,M-Pesa,Withdraw Cash,N/A,Android,29101.28,108,84418.73,Completed
TXN0001496,2024-08-29 13:49:33,CUST00225,Jelagat Chepkwony,Female,65,Uasin Gishu,0723481089,M-Pesa,Deposit Cash,N/A,Feature Phone,34360.03,0.0,6288.3,Completed
TXN0005533,2024-08-29 14:24:27,CUST00593,Kagwe Wekesa,Female,39,Kericho,0740108906,M-Pesa,Send Money,N/A,Feature Phone,10292.12,87,175845.89,Completed
TXN0005923,2024-08-29 15:58:32,CUST00057,Jelagat Ochieng,Female,47,Meru,0768954004,M-Pesa,Airtime Purchase,N/A,Android,373.32,0.0,68840.69,Completed
TXN0003822,2024-08-29 17:40:57,CUST00792,Nyokabi Wekesa,Male,61,Nyeri,0759485436,M-Pesa,Send Money,N/A,Android,10782.04,87,226944.72,Completed
TXN0003597,2024-08-29 19:21:26,CUST00714,Cherono Ochieng,Male,24,Nairobi,0111025057,M-Pesa,Deposit Cash,N/A,Android,118157.83,0.0,111629.66,Completed
TXN0002949,2024-08-29 22:25:07,CUST00210,Muthoni Wabwire,Male,38,Nairobi,0768367970,M-Pesa,Send Money,N/A,Android,41639.63,108,96429.32,Completed
TXN0000901,2024-08-29 22:32:19,CUST00761,Owino Kariuki,Female,25,Homa Bay,0723323434,M-Pesa,Airtime Purchase,N/A,Android,1098.84,0.0,49487.83,Completed
TXN0005644,2024-08-29 22:42:54,CUST00186,Maina Mutiso,Female,68,Mombasa,0722027562,M-Pesa,Send Money,N/A,Android,8729.67,62,208921.18,Completed
TXN0002983,2024-08-29 23:15:29,CUST00503,Adhiambo Odhiambo,Female,70,Kilifi,0701268899,M-Pesa,Send Money,N/A,Android,47804.47,108,138014.85,Completed
TXN0004750,2024-08-29 23:29:26,CUST00532,Maina Waweru,Male,69,Nakuru,0710440342,M-Pesa,Withdraw Cash,N/A,Android,17791.97,87,2912.29,Completed
TXN0002137,2024-08-30 05:55:45,CUST00187,Owino Kamau,Male,48,Nairobi,0768908733,Airtel Money,Send Money,N/A,Android,8062.36,62,60969.31,Completed
TXN0003294,2024-08-30 08:42:35,CUST00227,Mwangi Otieno,Female,47,Nairobi,0768830612,M-Pesa,Buy Goods (Till),Restaurant,Android,2026.83,40,111687.87,Completed
TXN0000867,2024-08-30 08:44:02,CUST00130,Gitau Musyoka,Female,47,Nairobi,0710377891,M-Pesa,Send Money,N/A,Android,10268.23,55,156727.99,Completed
TXN0005219,2024-08-30 09:23:29,CUST00240,Njoroge Kamau,Male,38,Nairobi,0723013758,M-Pesa,Send Money,N/A,Android,25400.64,108,91302.76,Completed
TXN0003823,2024-08-30 09:42:53,CUST00780,Simiyu Njoroge,Male,51,Nairobi,0701186167,T-Kash,Deposit Cash,N/A,Feature Phone,45487.23,0.0,52256.39,Completed
TXN0003439,2024-08-30 10:21:02,CUST00634,Waweru Wekesa,Male,71,Mombasa,0790558577,Airtel Money,Airtime Purchase,N/A,Feature Phone,717.08,0.0,100811.39,Completed
TXN0002274,2024-08-30 10:43:52,CUST00745,Cherono Kariuki,Male,48,Nairobi,0723352745,M-Pesa,Pay Bill,Loan Repayment,Android,30437.81,108,153575.1,Completed
TXN0000545,2024-08-30 11:27:25,CUST00434,Rotich Kiplagat,Male,35,Kilifi,0111272039,M-Pesa,Send Money,N/A,Feature Phone,48726.59,100,27858.01,Completed
TXN0002866,2024-08-30 11:33:10,CUST00084,Onyango Kimani,Female,19,Nairobi,0701841748,M-Pesa,Send Money,N/A,Android,33189.92,105,91118.6,Completed
TXN0000770,2024-08-30 12:36:42,CUST00413,Kibet Chepkwony,Male,59,Nairobi,0790544659,M-Pesa,Withdraw Cash,N/A,Android,35041.61,108,105184.48,Completed
TXN0004047,2024-08-30 12:57:14,CUST00522,Wanjiku Kariuki,Male,50,Machakos,0790961801,M-Pesa,Buy Goods (Till),Fuel Station,Android,13613.38,87,145624.99,Completed
TXN0002739,2024-08-30 13:51:29,CUST00390,Kibet Langat,Female,59,Homa Bay,0710711435,M-Pesa,Deposit Cash,N/A,Feature Phone,29550.88,0.0,151253.35,Completed
TXN0002064,2024-08-30 16:56:01,CUST00718,Moraa Owuor,Male,64,Machakos,0759937338,M-Pesa,Pay Bill,Electricity (KPLC),Feature Phone,50001.4,100,199288.39,Completed
TXN0003734,2024-08-30 18:03:37,CUST00546,Barasa Mutiso,Female,68,Nakuru,0722758886,M-Pesa,Airtime Purchase,N/A,Android,1436.42,0.0,13307.19,Completed
TXN0004609,2024-08-30 20:30:09,CUST00102,Muthoni Wabwire,Female,36,Nakuru,0111606335,M-Pesa,Pay Bill,DSTV/GOTV,Android,111437.23,108,126752.15,Completed
TXN0005735,2024-08-30 21:34:28,CUST00193,Kariuki Kimani,Male,52,Meru,0710541340,M-Pesa,Send Money,N/A,Android,33337.81,108,111202.9,Completed
TXN0000188,2024-08-30 22:02:13,CUST00614,Rotich Langat,Male,61,Kilifi,0768331027,M-Pesa,Pay Bill,Electricity (KPLC),Android,43700.25,100,41614.72,Completed
TXN0005433,2024-08-30 23:26:16,CUST00024,Kiprop Kimani,Male,45,Kajiado,0722076275,M-Pesa,Send Money,N/A,Android,22352.44,105,245435.12,Completed
TXN0003732,2024-08-31 06:03:43,CUST00321,Waweru Kiprono,Male,34,Mombasa,0740905520,M-Pesa,Send Money,N/A,Android,24045.35,100,28391.64,Completed
TXN0002966,2024-08-31 07:04:19,CUST00212,Omondi Chepkwony,Male,38,Nakuru,0723349229,M-Pesa,Send Money,N/A,Android,56950.26,105,220250.38,Completed
TXN0001585,2024-08-31 08:21:07,CUST00567,Wairimu Wekesa,Male,36,Nairobi,0790719609,M-Pesa,Pay Bill,School Fees,Feature Phone,39048.46,105,155857.17,Completed
TXN0001904,2024-08-31 13:06:12,CUST00354,Barasa Musyoka,Male,58,Kiambu,0111882163,M-Pesa,Withdraw Cash,N/A,Android,27823.96,108,20582.77,Completed
TXN0005638,2024-08-31 13:10:04,CUST00463,Njoroge Waweru,Male,61,Kisumu,0710447010,Airtel Money,Buy Goods (Till),Supermarket,Feature Phone,12857.35,62,187053.38,Completed
TXN0000698,2024-08-31 13:16:49,CUST00461,Kariuki Owuor,Female,51,Kajiado,0701765267,T-Kash,Send Money,N/A,Feature Phone,9951.85,87,51040.9,Completed
TXN0001872,2024-08-31 13:48:40,CUST00060,Maina Chepkwony,Female,20,Mombasa,0111217880,Airtel Money,Pay Bill,Internet (ISP),Android,34540.93,0.0,190526.4,Reversed
TXN0000354,2024-08-31 13:54:18,CUST00560,Mwangi Wanjala,Female,72,Nakuru,0723325133,M-Pesa,Pay Bill,DSTV/GOTV,Android,32902.33,100,73239.79,Completed
TXN0000682,2024-08-31 16:54:14,CUST00570,Maina Chepkwony,Male,59,Bungoma,0790548571,M-Pesa,Deposit Cash,N/A,Android,59841.86,0.0,230456.87,Completed
TXN0005948,2024-08-31 19:19:45,CUST00080,Wairimu Karanja,Female,59,Nakuru,0768299802,M-Pesa,Send Money,N/A,iOS,42414.92,100,73088.82,Completed
TXN0001725,2024-08-31 20:53:43,CUST00379,Nyokabi Musyoka,Female,43,Kilifi,0722336295,Airtel Money,Buy Goods (Till),Supermarket,Android,4233.9,45,91123.84,Completed
TXN0005317,2024-08-31 20:57:05,CUST00591,Simiyu Omollo,Male,47,Machakos,0740478834,Airtel Money,Send Money,N/A,Android,42470.54,108,229137.78,Completed
TXN0000843,2024-08-31 22:34:29,CUST00500,Wafula Musyoka,Female,58,Kericho,0723852094,M-Pesa,Withdraw Cash,N/A,Feature Phone,15556.11,55,48539.88,Completed
TXN0004839,2024-08-31 22:35:26,CUST00373,Chelagat Waweru,Female,38,Meru,0723143136,M-Pesa,Pay Bill,Internet (ISP),Android,38982.38,0.0,12435.13,Failed
TXN0001611,2024-09-01 00:01:04,CUST00158,Akinyi Sang,Female,19,Nairobi,0723105707,M-Pesa,Airtime Purchase,N/A,Android,701.66,0.0,204659.63,Completed
TXN0005976,2024-09-01 06:20:38,CUST00792,Nyokabi Wekesa,Male,61,Nyeri,0759485436,M-Pesa,Deposit Cash,N/A,Android,55070.67,0.0,68208.9,Completed
TXN0001685,2024-09-01 07:40:23,CUST00160,Kemboi Owuor,Male,32,Nakuru,0790098964,M-Pesa,Buy Goods (Till),Pharmacy,iOS,6847.21,55,7771.96,Completed
TXN0004446,2024-09-01 08:04:15,CUST00264,Omondi Mutiso,Female,63,Nairobi,0723461602,M-Pesa,Deposit Cash,N/A,Android,16359.65,0.0,87278.65,Completed
TXN0001277,2024-09-01 09:18:36,CUST00076,Nafula Makau,Male,61,Trans Nzoia,0759370546,M-Pesa,Buy Goods (Till),Hardware,Android,2602.91,45,9013.42,Completed
TXN0001179,2024-09-01 09:29:56,CUST00480,Wafula Gichuru,Male,53,Machakos,0759877849,M-Pesa,Send Money,N/A,Android,15195.49,55,231250.09,Completed
TXN0000455,2024-09-01 12:40:58,CUST00335,Wairimu Otieno,Female,50,Kiambu,0710415306,M-Pesa,Pay Bill,Insurance,Android,40167.25,105,137531.78,Completed
TXN0005038,2024-09-01 14:06:37,CUST00786,Owino Kimani,Male,64,Uasin Gishu,0701772733,Airtel Money,Buy Goods (Till),Hardware,Android,9782.01,87,82760.56,Completed
TXN0000020,2024-09-01 19:10:39,CUST00452,Kipchoge Onyango,Female,41,Nairobi,0740692160,M-Pesa,Send Money,N/A,Feature Phone,38784.17,105,31805.62,Completed
TXN0004148,2024-09-01 19:25:25,CUST00344,Chebet Kariuki,Male,57,Nairobi,0768322618,M-Pesa,Withdraw Cash,N/A,Android,11349.48,0.0,83047.12,Failed
TXN0003835,2024-09-01 20:19:26,CUST00542,Kariuki Wanjala,Male,59,Kiambu,0768021322,Airtel Money,Pay Bill,Rent,Android,30258.64,100,169245.89,Completed
TXN0003774,2024-09-01 23:11:26,CUST00232,Mumbi Mutiso,Male,69,Kilifi,0111907955,M-Pesa,Deposit Cash,N/A,iOS,97718.3,0.0,234769.16,Completed
TXN0000077,2024-09-02 06:31:26,CUST00105,Mutua Kiprono,Male,27,Nairobi,0723557568,M-Pesa,Buy Goods (Till),Supermarket,Android,17374.25,62,6061.09,Completed
TXN0000734,2024-09-02 07:14:23,CUST00258,Kiptoo Kimani,Female,56,Machakos,0790643232,M-Pesa,Send Money,N/A,iOS,47044.51,105,236363.21,Completed
TXN0002676,2024-09-02 08:07:40,CUST00113,Akinyi Ruto,Male,33,Uasin Gishu,0710609055,Equitel,Airtime Purchase,N/A,Android,142.28,0.0,169759.99,Completed
TXN0002562,2024-09-02 08:20:51,CUST00295,Njeri Gichuru,Female,63,Kiambu,0740957154,M-Pesa,Pay Bill,Insurance,Feature Phone,85137.57,100,240461.64,Completed
TXN0005982,2024-09-02 08:49:49,CUST00651,Omondi Amollo,Female,63,Nairobi,0740708143,Equitel,Pay Bill,School Fees,Android,75659.61,105,58211.07,Completed
TXN0002665,2024-09-02 09:08:30,CUST00535,Mwangi Makau,Male,60,Mombasa,0710804737,M-Pesa,Pay Bill,DSTV/GOTV,Android,40932.97,105,194497.27,Completed
TXN0004456,2024-09-02 10:14:02,CUST00023,Barasa Ochieng,Male,24,Kilifi,0710267262,M-Pesa,Buy Goods (Till),Hardware,Feature Phone,18881.26,62,64180.7,Completed
TXN0002533,2024-09-02 12:10:48,CUST00716,Moraa Njoroge,Female,38,Kilifi,0111970471,Airtel Money,Buy Goods (Till),Pharmacy,Android,7374.84,55,190191.54,Completed
TXN0004608,2024-09-02 12:27:27,CUST00045,Kemboi Ruto,Female,22,Kisumu,0111044438,M-Pesa,Pay Bill,Internet (ISP),Android,10031.97,62,124996.3,Completed
TXN0003552,2024-09-02 12:50:25,CUST00774,Kiprop Langat,Male,35,Nairobi,0740492092,M-Pesa,Buy Goods (Till),Electronics,Android,11949.13,55,35333.86,Completed
TXN0005382,2024-09-02 17:15:03,CUST00483,Achieng Njoroge,Female,24,Nairobi,0759549030,M-Pesa,Pay Bill,School Fees,Android,53783.35,105,58818.2,Completed
TXN0003937,2024-09-02 17:43:03,CUST00727,Kemboi Karanja,Male,34,Nairobi,0722093713,M-Pesa,Buy Goods (Till),Pharmacy,Android,8926.96,62,9068.44,Completed
TXN0001106,2024-09-02 18:53:53,CUST00470,Chelagat Kariuki,Male,30,Nairobi,0759869934,M-Pesa,Buy Goods (Till),Restaurant,Android,19226.22,55,54491.55,Completed
TXN0002003,2024-09-02 19:57:20,CUST00331,Nafula Langat,Male,32,Bungoma,0768950820,M-Pesa,Send Money,N/A,Feature Phone,32152.93,100,504.15,Completed
TXN0003228,2024-09-02 20:06:39,CUST00343,Kemboi Kariuki,Male,65,Meru,0723230940,M-Pesa,Buy Goods (Till),Pharmacy,Android,13784.43,62,204816.2,Completed
TXN0004874,2024-09-02 20:35:39,CUST00592,Njeri Ruto,Male,19,Uasin Gishu,0710215700,M-Pesa,Withdraw Cash,N/A,Android,21910.41,108,21462.4,Completed
TXN0000446,2024-09-02 20:38:18,CUST00283,Kiptoo Owuor,Female,41,Meru,0722848742,M-Pesa,Withdraw Cash,N/A,Android,18560.11,62,61646.4,Completed
TXN0001032,2024-09-02 20:52:46,CUST00709,Kagwe Kamau,Female,62,Bomet,0111015451,M-Pesa,Pay Bill,Rent,Android,48532.79,100,126980.8,Completed
TXN0000537,2024-09-03 00:07:41,CUST00121,Muthoni Kiplagat,Female,66,Nairobi,0710536217,M-Pesa,Withdraw Cash,N/A,Android,47303.82,100,149532.81,Completed
TXN0002471,2024-09-03 08:11:23,CUST00513,Achieng Kariuki,Female,23,Kajiado,0701448788,Airtel Money,Buy Goods (Till),Restaurant,Android,6135.81,87,241600.96,Completed
TXN0003449,2024-09-03 09:47:13,CUST00459,Kamau Ochieng,Female,42,Nakuru,0722315072,Equitel,Buy Goods (Till),Hardware,Android,2018.94,45,49475.76,Completed
TXN0000059,2024-09-03 09:56:31,CUST00534,Njoroge Njuguna,Female,21,Uasin Gishu,0722554478,M-Pesa,Buy Goods (Till),Clothing,Android,18993.48,87,8909.05,Completed
TXN0005621,2024-09-03 12:27:05,CUST00445,Simiyu Ruto,Male,53,Nairobi,0740900867,M-Pesa,Pay Bill,School Fees,Android,59237.57,105,115326.41,Completed
TXN0001323,2024-09-03 12:48:09,CUST00667,Ochieng Makau,Male,37,Machakos,0701035220,M-Pesa,Send Money,N/A,Android,38094.23,108,41762.04,Completed
TXN0000171,2024-09-03 13:17:34,CUST00020,Mumbi Wanjala,Male,20,Machakos,0768653263,M-Pesa,Withdraw Cash,N/A,Android,32241.96,105,149769.86,Completed
TXN0003506,2024-09-03 13:34:48,CUST00431,Onyango Sang,Female,61,Kilifi,0740569300,M-Pesa,Deposit Cash,N/A,Android,5431.42,0.0,184720.39,Failed
TXN0002201,2024-09-03 14:02:04,CUST00047,Wangari Sang,Female,47,Uasin Gishu,0768343432,M-Pesa,Pay Bill,Loan Repayment,Android,47178.8,108,78683.07,Completed
TXN0005099,2024-09-03 16:37:04,CUST00003,Maina Mutiso,Male,24,Nairobi,0723332041,Airtel Money,Pay Bill,Internet (ISP),Android,9905.0,55,41643.59,Completed
TXN0000423,2024-09-03 17:23:47,CUST00780,Simiyu Njoroge,Male,51,Nairobi,0701186167,T-Kash,Send Money,N/A,Feature Phone,11819.44,55,40605.89,Completed
TXN0001014,2024-09-03 17:48:48,CUST00622,Njeri Mutiso,Female,19,Machakos,0701362592,M-Pesa,Withdraw Cash,N/A,Feature Phone,57480.86,105,82237.83,Completed
TXN0000526,2024-09-03 17:50:22,CUST00131,Wangari Kiplagat,Female,25,Kiambu,0740109849,Airtel Money,Buy Goods (Till),Electronics,Feature Phone,23781.75,108,217967.8,Completed
TXN0002593,2024-09-03 17:57:02,CUST00445,Simiyu Ruto,Male,53,Nairobi,0740900867,M-Pesa,Withdraw Cash,N/A,Android,22656.96,105,74266.75,Completed
TXN0005526,2024-09-03 19:22:45,CUST00206,Kirui Mwangi,Male,64,Bungoma,0723381771,Equitel,Withdraw Cash,N/A,Android,41350.06,100,98091.33,Completed
TXN0005029,2024-09-03 19:39:15,CUST00781,Mwangi Mwangi,Male,18,Nairobi,0723521053,Airtel Money,Withdraw Cash,N/A,Android,2947.18,45,96564.07,Completed
TXN0005059,2024-09-03 22:03:12,CUST00241,Cheruiyot Kamau,Female,45,Migori,0710640394,M-Pesa,Buy Goods (Till),Fuel Station,iOS,12669.73,87,83920.82,Completed
TXN0005155,2024-09-03 22:41:46,CUST00588,Mumbi Waweru,Female,50,Bomet,0111387133,M-Pesa,Withdraw Cash,N/A,Android,23064.62,0.0,51373.5,Reversed
TXN0002939,2024-09-03 22:54:18,CUST00212,Omondi Chepkwony,Male,38,Nakuru,0723349229,M-Pesa,Buy Goods (Till),Restaurant,Android,18864.92,62,5293.96,Completed
TXN0000813,2024-09-04 06:00:34,CUST00769,Omondi Waweru,Male,72,Nairobi,0710305642,M-Pesa,Buy Goods (Till),Pharmacy,iOS,15873.33,87,136149.59,Completed
TXN0001951,2024-09-04 06:04:37,CUST00056,Rotich Njuguna,Female,60,Bungoma,0740456980,M-Pesa,Withdraw Cash,N/A,Android,28371.92,105,187588.55,Completed
TXN0000721,2024-09-04 06:10:30,CUST00027,Otieno Wekesa,Female,65,Homa Bay,0768888271,Airtel Money,Send Money,N/A,Feature Phone,6001.39,55,94473.93,Completed
TXN0000383,2024-09-04 06:27:05,CUST00631,Achieng Wabwire,Female,25,Nakuru,0710142975,M-Pesa,Buy Goods (Till),Restaurant,Android,21719.06,108,62510.58,Completed
TXN0000477,2024-09-04 06:33:55,CUST00146,Gitau Karanja,Male,71,Nairobi,0722934999,Airtel Money,Send Money,N/A,Android,52942.95,100,30081.26,Completed
TXN0001952,2024-09-04 09:02:55,CUST00687,Mumbi Wabwire,Male,59,Kajiado,0740790537,Equitel,Buy Goods (Till),Hardware,Android,21476.72,108,143212.1,Completed
TXN0001998,2024-09-04 10:41:18,CUST00620,Kirui Njoroge,Male,47,Nairobi,0790630235,Equitel,Send Money,N/A,Android,26911.59,0.0,9377.31,Failed
TXN0002247,2024-09-04 10:54:01,CUST00079,Gitau Kimani,Male,24,Kajiado,0768926242,M-Pesa,Deposit Cash,N/A,iOS,70864.81,0.0,180916.21,Completed
TXN0002203,2024-09-04 12:11:23,CUST00344,Chebet Kariuki,Male,57,Nairobi,0768322618,M-Pesa,Pay Bill,Insurance,Android,38641.5,100,172281.91,Completed
TXN0005810,2024-09-04 12:44:19,CUST00680,Otieno Kiprono,Male,27,Kiambu,0722726397,M-Pesa,Airtime Purchase,N/A,Android,296.08,0.0,199874.57,Completed
TXN0004678,2024-09-04 12:52:48,CUST00160,Kemboi Owuor,Male,32,Nakuru,0790098964,M-Pesa,Pay Bill,Water Utility,iOS,15775.92,55,98362.44,Completed
TXN0003566,2024-09-04 12:57:57,CUST00135,Muthoni Gichuru,Female,39,Uasin Gishu,0111715501,M-Pesa,Pay Bill,Electricity (KPLC),Android,62904.46,108,72988.4,Completed
TXN0005117,2024-09-04 13:14:08,CUST00028,Wafula Amollo,Male,47,Kiambu,0740263207,M-Pesa,Buy Goods (Till),Electronics,Android,24473.71,100,4637.7,Completed
TXN0003694,2024-09-04 13:15:21,CUST00762,Kagwe Wabwire,Female,45,Nairobi,0740455446,M-Pesa,Buy Goods (Till),Hardware,iOS,5006.45,62,128959.27,Completed
TXN0005820,2024-09-04 13:20:23,CUST00445,Simiyu Ruto,Male,53,Nairobi,0740900867,M-Pesa,Airtime Purchase,N/A,Android,474.25,0.0,17517.55,Completed
TXN0004665,2024-09-04 13:39:21,CUST00056,Rotich Njuguna,Female,60,Bungoma,0740456980,M-Pesa,Send Money,N/A,Android,45578.91,105,32369.68,Completed
TXN0002565,2024-09-04 14:19:07,CUST00136,Omondi Wanjala,Female,50,Nairobi,0111197238,M-Pesa,Buy Goods (Till),Pharmacy,Feature Phone,17661.03,62,137662.14,Completed
TXN0002437,2024-09-04 15:00:27,CUST00282,Mutua Cheptoo,Male,47,Kiambu,0701734060,M-Pesa,Pay Bill,SACCO,Android,48160.97,108,16092.5,Completed
TXN0001619,2024-09-04 15:18:34,CUST00129,Akinyi Kimani,Female,19,Kisumu,0759294862,M-Pesa,Pay Bill,Insurance,Android,84997.21,100,215565.88,Completed
TXN0001666,2024-09-04 15:36:45,CUST00516,Jelagat Musyoka,Female,65,Nairobi,0710687141,Airtel Money,Withdraw Cash,N/A,iOS,62764.22,105,199704.99,Completed
TXN0000063,2024-09-04 15:55:52,CUST00183,Mumbi Chepkwony,Male,29,Meru,0759079278,M-Pesa,Send Money,N/A,Feature Phone,33955.79,108,145974.74,Completed
TXN0001303,2024-09-04 16:46:54,CUST00453,Gitau Wekesa,Female,66,Kiambu,0790676619,Airtel Money,Pay Bill,Insurance,Android,50350.95,108,239940.68,Completed
TXN0003700,2024-09-04 18:13:51,CUST00319,Akinyi Wanjala,Female,20,Garissa,0759514168,Airtel Money,Deposit Cash,N/A,Feature Phone,70750.84,0.0,41548.9,Completed
TXN0003964,2024-09-04 18:17:32,CUST00079,Gitau Kimani,Male,24,Kajiado,0768926242,M-Pesa,Buy Goods (Till),Fuel Station,iOS,20450.38,108,234641.78,Completed
TXN0001843,2024-09-04 18:18:42,CUST00765,Nyambura Mutiso,Male,61,Nairobi,0710349640,Equitel,Send Money,N/A,Feature Phone,14834.19,87,192539.5,Completed
TXN0000835,2024-09-04 21:23:54,CUST00537,Onyango Langat,Female,43,Garissa,0701386696,Airtel Money,Buy Goods (Till),Restaurant,Android,12379.4,87,73540.97,Completed
TXN0005601,2024-09-04 21:43:04,CUST00317,Jelagat Wanjala,Male,48,Kericho,0710241576,M-Pesa,Send Money,N/A,Android,39597.89,108,172943.64,Completed
TXN0000576,2024-09-04 22:49:10,CUST00383,Gitau Barasa,Female,46,Kilifi,0790111096,M-Pesa,Send Money,N/A,Android,23792.73,100,108884.38,Completed
TXN0005931,2024-09-05 00:20:32,CUST00627,Atieno Wekesa,Female,64,Nairobi,0768122462,Airtel Money,Send Money,N/A,Android,19009.9,55,199979.59,Completed
TXN0005026,2024-09-05 00:23:05,CUST00634,Waweru Wekesa,Male,71,Mombasa,0790558577,Airtel Money,Withdraw Cash,N/A,Feature Phone,14249.08,62,20638.56,Completed
TXN0001385,2024-09-05 06:41:12,CUST00647,Mutua Omollo,Female,34,Nairobi,0723135195,M-Pesa,Deposit Cash,N/A,Android,91366.57,0.0,135111.98,Completed
TXN0001922,2024-09-05 07:15:20,CUST00391,Kirui Chepkwony,Male,42,Nairobi,0710956181,M-Pesa,Deposit Cash,N/A,Android,66357.66,0.0,189483.4,Completed
TXN0000316,2024-09-05 08:20:20,CUST00104,Auma Odhiambo,Female,62,Kajiado,0759065039,M-Pesa,Airtime Purchase,N/A,Feature Phone,237.35,0.0,155449.93,Completed
TXN0002021,2024-09-05 09:05:58,CUST00135,Muthoni Gichuru,Female,39,Uasin Gishu,0111715501,M-Pesa,Airtime Purchase,N/A,Android,72.61,0.0,72317.08,Completed
TXN0001270,2024-09-05 11:32:35,CUST00616,Wairimu Makau,Male,43,Nairobi,0722613206,M-Pesa,Airtime Purchase,N/A,Android,337.37,0.0,96579.34,Completed
TXN0004280,2024-09-05 11:45:08,CUST00775,Chebet Karanja,Female,34,Homa Bay,0790148817,M-Pesa,Airtime Purchase,N/A,Android,813.69,0.0,197945.05,Completed
TXN0001608,2024-09-05 11:48:31,CUST00340,Nabwire Njuguna,Male,59,Kakamega,0710923574,M-Pesa,Buy Goods (Till),Fuel Station,Android,7170.39,55,25091.88,Completed
TXN0005646,2024-09-05 12:47:01,CUST00213,Atieno Odhiambo,Male,65,Kakamega,0710177195,Airtel Money,Send Money,N/A,Feature Phone,18556.56,62,140429.32,Completed
TXN0002525,2024-09-05 13:50:44,CUST00559,Nyambura Kiprono,Female,50,Nairobi,0701178124,M-Pesa,Send Money,N/A,iOS,24531.42,108,209799.02,Completed
TXN0000969,2024-09-05 14:08:11,CUST00775,Chebet Karanja,Female,34,Homa Bay,0790148817,M-Pesa,Reversal,N/A,Android,8034.06,0.0,246783.94,Completed
TXN0002744,2024-09-05 16:06:23,CUST00342,Ndungu Kimani,Female,43,Kiambu,0701797541,Airtel Money,Buy Goods (Till),Clothing,Android,7676.71,87,13946.57,Completed
TXN0001807,2024-09-05 16:09:05,CUST00639,Adhiambo Owuor,Male,68,Nairobi,0759979434,M-Pesa,Buy Goods (Till),Clothing,Feature Phone,6944.62,87,206022.9,Completed
TXN0004263,2024-09-05 19:57:24,CUST00043,Onyango Langat,Male,34,Kilifi,0710697713,M-Pesa,Deposit Cash,N/A,iOS,35358.93,0.0,8479.2,Completed
TXN0002125,2024-09-05 20:03:34,CUST00008,Moraa Musyoka,Male,23,Kilifi,0723116535,M-Pesa,Pay Bill,Loan Repayment,Android,58746.77,108,210592.53,Completed
TXN0002796,2024-09-05 21:23:18,CUST00109,Maina Wekesa,Male,35,Mombasa,0759149243,M-Pesa,Withdraw Cash,N/A,Android,37606.72,108,151074.49,Completed
TXN0001767,2024-09-05 23:12:54,CUST00445,Simiyu Ruto,Male,53,Nairobi,0740900867,M-Pesa,Deposit Cash,N/A,Android,40390.39,0.0,132725.46,Completed
TXN0003873,2024-09-06 00:46:53,CUST00153,Nyambura Mutiso,Male,72,Kisumu,0723674840,M-Pesa,Buy Goods (Till),Supermarket,Android,12672.25,55,237198.83,Completed
TXN0000129,2024-09-06 06:15:03,CUST00266,Kibet Sang,Male,71,Kisumu,0722662631,M-Pesa,Pay Bill,Loan Repayment,Android,31441.16,105,87214.8,Completed
TXN0000025,2024-09-06 06:49:14,CUST00080,Wairimu Karanja,Female,59,Nakuru,0768299802,M-Pesa,Send Money,N/A,iOS,17016.17,87,103992.42,Completed
TXN0001694,2024-09-06 07:10:29,CUST00288,Nafula Ruto,Female,61,Nairobi,0710563134,M-Pesa,Send Money,N/A,Android,17026.96,87,162740.18,Completed
TXN0001975,2024-09-06 08:09:49,CUST00587,Mumbi Gichuru,Male,71,Nairobi,0710624742,Airtel Money,Send Money,N/A,Android,44717.09,108,27459.32,Completed
TXN0001011,2024-09-06 09:21:33,CUST00462,Wafula Karanja,Male,47,Nairobi,0768829126,M-Pesa,Buy Goods (Till),Hardware,Feature Phone,16847.03,87,73367.46,Completed
TXN0001662,2024-09-06 11:21:03,CUST00124,Muthoni Owuor,Male,32,Nairobi,0740724354,Equitel,Pay Bill,DSTV/GOTV,Android,21438.73,105,227806.14,Completed
TXN0004132,2024-09-06 11:42:14,CUST00253,Njeri Barasa,Male,63,Kisumu,0710755182,M-Pesa,Withdraw Cash,N/A,Android,44707.17,100,198088.84,Completed
TXN0005067,2024-09-06 11:59:30,CUST00155,Nasike Otieno,Male,36,Nakuru,0710796493,Airtel Money,Buy Goods (Till),Supermarket,Feature Phone,12323.47,62,159658.25,Completed
TXN0003696,2024-09-06 14:10:30,CUST00272,Simiyu Wabwire,Male,48,Kiambu,0722001549,M-Pesa,Buy Goods (Till),Electronics,Android,10067.55,87,49490.03,Completed
TXN0002346,2024-09-06 14:24:06,CUST00616,Wairimu Makau,Male,43,Nairobi,0722613206,M-Pesa,Buy Goods (Till),Electronics,Android,24966.6,100,189773.01,Completed
TXN0001921,2024-09-06 15:45:27,CUST00132,Wafula Sang,Female,28,Kisumu,0759484034,M-Pesa,Buy Goods (Till),Electronics,Android,3013.9,40,183766.03,Completed
TXN0005654,2024-09-06 16:04:04,CUST00424,Wairimu Sang,Female,18,Mombasa,0759953392,M-Pesa,Airtime Purchase,N/A,Android,1322.46,0.0,93514.04,Completed
TXN0005444,2024-09-06 18:13:05,CUST00496,Akinyi Odhiambo,Female,40,Kilifi,0790300837,M-Pesa,Send Money,N/A,Feature Phone,26794.95,108,119886.35,Completed
TXN0001021,2024-09-06 19:53:17,CUST00068,Kibet Kimani,Female,63,Turkana,0701800699,M-Pesa,Buy Goods (Till),Pharmacy,Android,12951.15,87,26788.28,Completed
TXN0000849,2024-09-06 20:06:10,CUST00325,Kiprop Amollo,Male,27,Mombasa,0768023679,M-Pesa,Send Money,N/A,Android,57062.29,100,174281.48,Completed
TXN0004102,2024-09-06 20:53:26,CUST00116,Njoroge Njoroge,Male,20,Bungoma,0722333840,M-Pesa,Pay Bill,Insurance,Android,104817.18,108,55339.03,Completed
TXN0002952,2024-09-07 02:22:55,CUST00010,Moraa Wabwire,Male,24,Garissa,0790851319,Airtel Money,Withdraw Cash,N/A,Feature Phone,11347.92,62,58387.9,Completed
TXN0005841,2024-09-07 06:49:36,CUST00380,Otieno Chepkwony,Female,35,Nairobi,0111860396,M-Pesa,Send Money,N/A,Android,32128.12,100,15530.13,Completed
TXN0005764,2024-09-07 07:39:55,CUST00129,Akinyi Kimani,Female,19,Kisumu,0759294862,M-Pesa,Send Money,N/A,Android,50804.97,100,123252.69,Completed
TXN0001193,2024-09-07 10:01:44,CUST00391,Kirui Chepkwony,Male,42,Nairobi,0710956181,M-Pesa,Send Money,N/A,Android,3235.56,40,24944.17,Completed
TXN0005998,2024-09-07 10:39:01,CUST00524,Njoroge Karanja,Female,34,Machakos,0790541749,M-Pesa,Buy Goods (Till),Clothing,iOS,21232.28,108,243980.23,Completed
TXN0000329,2024-09-07 11:31:06,CUST00322,Ochieng Kamau,Male,42,Kakamega,0111414525,M-Pesa,Send Money,N/A,Android,43106.14,105,179391.13,Completed
TXN0002663,2024-09-07 11:49:07,CUST00504,Muthoni Kiplagat,Male,27,Nairobi,0790848968,M-Pesa,Pay Bill,Water Utility,Android,76050.03,108,141598.39,Completed
TXN0003720,2024-09-07 15:34:36,CUST00594,Nyokabi Wabwire,Male,31,Kiambu,0740331576,M-Pesa,Withdraw Cash,N/A,Feature Phone,14818.22,55,201125.24,Completed
TXN0003062,2024-09-07 18:04:40,CUST00527,Mumbi Kamau,Male,51,Kilifi,0710407680,M-Pesa,Send Money,N/A,Android,15281.92,55,31970.66,Completed
TXN0002592,2024-09-07 18:57:26,CUST00244,Kipchoge Ruto,Female,42,Nakuru,0701042851,M-Pesa,Pay Bill,Loan Repayment,Android,24645.45,100,189931.24,Completed
TXN0005034,2024-09-07 21:32:27,CUST00486,Muthoni Langat,Female,55,Nairobi,0723133221,Equitel,Send Money,N/A,Android,19222.88,55,107514.66,Completed
TXN0003306,2024-09-07 23:17:53,CUST00590,Ndungu Langat,Female,39,Kericho,0111641470,M-Pesa,Airtime Purchase,N/A,Android,1371.81,0.0,136580.41,Reversed
TXN0004903,2024-09-07 23:28:03,CUST00570,Maina Chepkwony,Male,59,Bungoma,0790548571,M-Pesa,Deposit Cash,N/A,Android,124345.87,0.0,196786.8,Completed
TXN0005930,2024-09-08 09:19:52,CUST00614,Rotich Langat,Male,61,Kilifi,0768331027,M-Pesa,Send Money,N/A,Android,51452.58,105,104184.12,Completed
TXN0005230,2024-09-08 09:51:39,CUST00147,Nyokabi Barasa,Male,47,Trans Nzoia,0759581528,M-Pesa,Buy Goods (Till),Pharmacy,Feature Phone,8736.03,87,6542.56,Completed
TXN0005225,2024-09-08 12:09:19,CUST00772,Kariuki Wabwire,Male,61,Nairobi,0710525140,M-Pesa,Buy Goods (Till),Supermarket,Android,15991.97,55,184986.61,Completed
TXN0000670,2024-09-08 15:27:21,CUST00713,Kipchoge Amollo,Female,65,Trans Nzoia,0723843681,Airtel Money,Send Money,N/A,Android,8875.01,55,36746.89,Completed
TXN0003432,2024-09-08 17:35:06,CUST00069,Maina Kimani,Male,63,Garissa,0701120303,M-Pesa,Buy Goods (Till),Hardware,Android,9152.16,87,29143.21,Completed
TXN0004336,2024-09-08 18:49:02,CUST00536,Nyokabi Wabwire,Female,69,Nairobi,0710092640,M-Pesa,Send Money,N/A,Android,44372.77,108,162391.86,Completed
TXN0003365,2024-09-08 19:14:14,CUST00416,Mumbi Karanja,Male,66,Kakamega,0722764264,M-Pesa,Withdraw Cash,N/A,Feature Phone,14656.11,62,8251.21,Completed
TXN0002845,2024-09-08 20:58:57,CUST00278,Kemboi Cheptoo,Male,39,Kisumu,0723474661,Airtel Money,Buy Goods (Till),Electronics,Feature Phone,1351.04,45,205478.9,Completed
TXN0005147,2024-09-08 22:52:50,CUST00764,Kariuki Njoroge,Female,28,Bungoma,0111672019,M-Pesa,Buy Goods (Till),Pharmacy,Feature Phone,16605.22,87,227378.23,Completed
TXN0005460,2024-09-09 00:37:03,CUST00146,Gitau Karanja,Male,71,Nairobi,0722934999,Airtel Money,Send Money,N/A,Android,34638.64,108,55849.94,Completed
TXN0003890,2024-09-09 05:11:58,CUST00423,Onyango Owuor,Female,23,Kisumu,0723266665,M-Pesa,Airtime Purchase,N/A,Android,929.59,0.0,49967.68,Completed
TXN0003532,2024-09-09 06:51:10,CUST00028,Wafula Amollo,Male,47,Kiambu,0740263207,M-Pesa,Pay Bill,Electricity (KPLC),Android,9727.52,55,184251.34,Completed
TXN0003124,2024-09-09 07:19:51,CUST00186,Maina Mutiso,Female,68,Mombasa,0722027562,M-Pesa,Airtime Purchase,N/A,Android,1155.11,0.0,180203.7,Completed
TXN0000006,2024-09-09 09:34:56,CUST00382,Waweru Wabwire,Male,67,Nairobi,0710359138,M-Pesa,Withdraw Cash,N/A,Feature Phone,40302.05,100,174585.48,Completed
TXN0004364,2024-09-09 10:13:30,CUST00546,Barasa Mutiso,Female,68,Nakuru,0722758886,M-Pesa,Send Money,N/A,Android,8163.5,0.0,157866.38,Failed
TXN0001227,2024-09-09 11:07:39,CUST00191,Mwangi Kariuki,Female,60,Kericho,0759933313,M-Pesa,Airtime Purchase,N/A,Android,625.29,0.0,158747.43,Completed
TXN0005484,2024-09-09 11:12:49,CUST00108,Nyambura Amollo,Female,30,Bungoma,0710804397,M-Pesa,Buy Goods (Till),Electronics,Android,6688.94,62,39003.23,Completed
TXN0000407,2024-09-09 11:53:39,CUST00533,Ochieng Kimani,Female,59,Kisumu,0790408396,M-Pesa,Airtime Purchase,N/A,Android,123.31,0.0,41720.48,Completed
TXN0005856,2024-09-09 12:16:11,CUST00485,Moraa Njuguna,Male,22,Nairobi,0722579170,M-Pesa,Buy Goods (Till),Fuel Station,iOS,7236.21,87,184727.31,Completed
TXN0001824,2024-09-09 12:28:49,CUST00514,Owino Waweru,Male,56,Nyeri,0759740066,Airtel Money,Pay Bill,DSTV/GOTV,Android,108294.6,108,160740.01,Completed
TXN0005025,2024-09-09 13:43:57,CUST00186,Maina Mutiso,Female,68,Mombasa,0722027562,M-Pesa,Send Money,N/A,Android,12135.56,55,152606.0,Completed
TXN0002301,2024-09-09 14:41:29,CUST00673,Ndungu Kiplagat,Male,28,Kakamega,0759913130,M-Pesa,Send Money,N/A,Android,15771.26,55,76407.48,Completed
TXN0003372,2024-09-09 14:43:37,CUST00604,Kiprop Mutiso,Female,72,Nairobi,0768245351,T-Kash,Send Money,N/A,Android,19126.39,55,61837.18,Completed
TXN0004550,2024-09-09 15:37:53,CUST00226,Nafula Kimani,Female,59,Nairobi,0790909168,M-Pesa,Buy Goods (Till),Restaurant,Feature Phone,12018.6,55,148992.1,Completed
TXN0001931,2024-09-09 16:19:30,CUST00705,Auma Wekesa,Female,67,Nakuru,0111449661,T-Kash,Send Money,N/A,iOS,3213.22,33,110203.06,Completed
TXN0002825,2024-09-09 18:07:10,CUST00106,Nyambura Wekesa,Male,71,Meru,0710703796,M-Pesa,Airtime Purchase,N/A,Feature Phone,323.17,0.0,244606.13,Completed
TXN0003787,2024-09-09 18:57:38,CUST00122,Barasa Sang,Male,34,Meru,0740929418,M-Pesa,Buy Goods (Till),Supermarket,Feature Phone,19441.13,55,65272.64,Completed
TXN0003549,2024-09-10 01:13:58,CUST00374,Akinyi Amollo,Female,69,Mombasa,0710492617,M-Pesa,Withdraw Cash,N/A,Feature Phone,24254.26,108,87909.06,Completed
TXN0003004,2024-09-10 01:39:36,CUST00386,Simiyu Mutiso,Female,47,Turkana,0768407336,M-Pesa,Withdraw Cash,N/A,Android,23119.94,100,172616.39,Completed
TXN0002360,2024-09-10 02:39:48,CUST00456,Simiyu Makau,Male,44,Migori,0710329061,M-Pesa,Buy Goods (Till),Supermarket,Android,6842.33,62,191632.68,Completed
TXN0004641,2024-09-10 03:25:57,CUST00510,Nasike Odhiambo,Female,33,Bomet,0710378096,Airtel Money,Send Money,N/A,Android,26937.39,105,50192.79,Completed
TXN0004328,2024-09-10 04:49:02,CUST00757,Cherono Mutiso,Female,67,Nyeri,0740077382,M-Pesa,Pay Bill,Electricity (KPLC),Feature Phone,24589.44,108,44317.83,Completed
TXN0002150,2024-09-10 07:18:24,CUST00785,Auma Kiplagat,Female,64,Mombasa,0722938537,M-Pesa,Buy Goods (Till),Restaurant,Android,5409.1,55,100161.1,Completed
TXN0000669,2024-09-10 08:42:37,CUST00405,Chelagat Mutiso,Female,27,Kilifi,0723896174,M-Pesa,Send Money,N/A,Android,12942.71,0.0,143643.68,Failed
TXN0004811,2024-09-10 11:21:37,CUST00077,Chebet Odhiambo,Female,32,Mombasa,0759366647,M-Pesa,Send Money,N/A,Android,22092.13,100,212642.93,Completed
TXN0001437,2024-09-10 12:30:56,CUST00705,Auma Wekesa,Female,67,Nakuru,0111449661,T-Kash,Buy Goods (Till),Supermarket,iOS,2623.1,40,112162.7,Completed
TXN0004317,2024-09-10 14:36:01,CUST00362,Rotich Otieno,Female,41,Uasin Gishu,0768870657,Airtel Money,Send Money,N/A,Android,19899.74,0.0,102599.49,Failed
TXN0000016,2024-09-10 14:41:27,CUST00346,Owino Musyoka,Female,52,Nairobi,0723432308,Airtel Money,Pay Bill,SACCO,Android,11460.92,87,62628.32,Completed
TXN0004599,2024-09-10 15:12:57,CUST00328,Auma Langat,Male,22,Homa Bay,0759289392,M-Pesa,Reversal,N/A,Android,29323.7,0.0,58177.64,Completed
TXN0004685,2024-09-10 16:54:52,CUST00452,Kipchoge Onyango,Female,41,Nairobi,0740692160,M-Pesa,Pay Bill,Loan Repayment,Feature Phone,53932.02,100,175092.21,Completed
TXN0000611,2024-09-10 18:57:46,CUST00681,Kiprop Sang,Female,45,Nairobi,0710712127,M-Pesa,Send Money,N/A,Android,23141.25,108,76599.69,Completed
TXN0002799,2024-09-10 19:43:05,CUST00150,Simiyu Omollo,Female,21,Kakamega,0701345873,M-Pesa,Buy Goods (Till),Electronics,Feature Phone,15741.31,87,99141.01,Completed
TXN0003319,2024-09-10 19:56:31,CUST00343,Kemboi Kariuki,Male,65,Meru,0723230940,M-Pesa,Send Money,N/A,Android,41900.75,105,100843.84,Completed
TXN0001347,2024-09-10 20:15:06,CUST00302,Njoroge Sang,Male,46,Nakuru,0722451375,T-Kash,Buy Goods (Till),Electronics,Android,11864.2,87,228066.55,Completed
TXN0001864,2024-09-10 21:30:58,CUST00431,Onyango Sang,Female,61,Kilifi,0740569300,M-Pesa,Airtime Purchase,N/A,Android,391.87,0.0,36102.93,Completed
TXN0003921,2024-09-10 21:52:49,CUST00744,Wafula Wanjala,Male,19,Kisumu,0759518123,M-Pesa,Pay Bill,Insurance,Feature Phone,61515.78,105,223566.39,Completed
TXN0003476,2024-09-10 22:14:28,CUST00115,Auma Otieno,Female,40,Uasin Gishu,0710869411,M-Pesa,Send Money,N/A,iOS,7685.56,87,204001.92,Completed
TXN0004215,2024-09-11 05:07:20,CUST00462,Wafula Karanja,Male,47,Nairobi,0768829126,M-Pesa,Withdraw Cash,N/A,Feature Phone,24671.02,108,86588.81,Completed
TXN0002363,2024-09-11 06:11:29,CUST00740,Kipchoge Omollo,Female,59,Turkana,0790187832,M-Pesa,Send Money,N/A,Android,13900.55,0.0,200122.55,Reversed
TXN0000352,2024-09-11 07:13:00,CUST00676,Anyango Ruto,Male,18,Nairobi,0701158490,M-Pesa,Withdraw Cash,N/A,Android,44128.23,108,22738.37,Completed
TXN0003844,2024-09-11 07:24:48,CUST00085,Cherono Wanjala,Male,58,Uasin Gishu,0111352547,M-Pesa,Send Money,N/A,Android,33424.46,0.0,77831.51,Reversed
TXN0004262,2024-09-11 07:29:42,CUST00448,Akinyi Ruto,Male,66,Trans Nzoia,0759276217,M-Pesa,Send Money,N/A,iOS,31710.81,105,110112.66,Completed
TXN0003310,2024-09-11 07:57:16,CUST00003,Maina Mutiso,Male,24,Nairobi,0723332041,Airtel Money,Pay Bill,Internet (ISP),Android,104039.08,105,129689.99,Completed
TXN0005767,2024-09-11 09:01:53,CUST00461,Kariuki Owuor,Female,51,Kajiado,0701765267,T-Kash,Pay Bill,School Fees,Feature Phone,40744.68,108,210490.66,Completed
TXN0005859,2024-09-11 12:01:23,CUST00749,Omondi Sang,Female,38,Nairobi,0111672532,M-Pesa,Deposit Cash,N/A,Android,10570.88,0.0,223694.67,Completed
TXN0005604,2024-09-11 14:32:53,CUST00623,Wangari Makau,Female,45,Kilifi,0723032120,Airtel Money,Buy Goods (Till),Clothing,Android,3240.27,33,98807.69,Completed
TXN0004034,2024-09-11 14:37:05,CUST00467,Wairimu Wekesa,Female,52,Kiambu,0722441430,M-Pesa,Airtime Purchase,N/A,iOS,431.02,0.0,167990.56,Completed
TXN0001200,2024-09-11 19:11:57,CUST00415,Jelagat Wekesa,Male,37,Migori,0723565836,M-Pesa,Send Money,N/A,Android,11676.21,62,52765.88,Completed
TXN0003019,2024-09-11 19:25:04,CUST00477,Omondi Mutiso,Male,47,Garissa,0710303690,M-Pesa,Pay Bill,DSTV/GOTV,Android,117857.36,108,70967.46,Completed
TXN0001563,2024-09-11 20:34:40,CUST00336,Akinyi Cheptoo,Female,34,Nairobi,0790246342,M-Pesa,Pay Bill,SACCO,Android,47414.72,105,47963.01,Completed
TXN0003703,2024-09-11 20:53:21,CUST00203,Otieno Ochieng,Female,72,Nairobi,0701092616,M-Pesa,Pay Bill,Loan Repayment,iOS,111179.35,100,164807.71,Completed
TXN0003496,2024-09-11 20:59:22,CUST00449,Kariuki Wekesa,Female,28,Kakamega,0722032268,M-Pesa,Airtime Purchase,N/A,Android,1323.62,0.0,120095.75,Completed
TXN0004952,2024-09-11 22:21:00,CUST00495,Kariuki Sang,Female,25,Uasin Gishu,0701665485,M-Pesa,Airtime Purchase,N/A,Android,1895.46,0.0,201135.62,Completed
TXN0004299,2024-09-11 23:43:26,CUST00074,Rotich Ochieng,Male,58,Kakamega,0790703193,M-Pesa,Send Money,N/A,Android,11858.79,87,165989.76,Completed
TXN0002875,2024-09-12 06:28:21,CUST00543,Auma Karanja,Female,36,Nyeri,0768986777,Airtel Money,Buy Goods (Till),Supermarket,Android,10385.28,62,75294.66,Completed
TXN0002307,2024-09-12 07:07:57,CUST00316,Nabwire Kiprono,Male,21,Nairobi,0710549687,Airtel Money,Buy Goods (Till),Supermarket,iOS,7733.55,87,128688.46,Completed
TXN0001738,2024-09-12 07:30:17,CUST00705,Auma Wekesa,Female,67,Nakuru,0111449661,T-Kash,Pay Bill,Insurance,iOS,85340.67,108,59723.07,Completed
TXN0002427,2024-09-12 08:25:06,CUST00419,Cheruiyot Onyango,Female,43,Nakuru,0759211583,M-Pesa,Buy Goods (Till),Hardware,Android,13406.78,87,55265.67,Completed
TXN0001696,2024-09-12 09:33:02,CUST00754,Akinyi Ochieng,Female,19,Nairobi,0722198720,M-Pesa,Withdraw Cash,N/A,Feature Phone,41926.64,100,74564.15,Completed
TXN0003759,2024-09-12 09:41:15,CUST00026,Nafula Omollo,Male,60,Nairobi,0759846198,Equitel,Buy Goods (Till),Clothing,Feature Phone,6837.63,55,135602.18,Completed
TXN0003197,2024-09-12 11:21:45,CUST00745,Cherono Kariuki,Male,48,Nairobi,0723352745,M-Pesa,Send Money,N/A,Android,47487.49,100,241646.67,Completed
TXN0002465,2024-09-12 12:56:45,CUST00270,Nasike Langat,Female,27,Nairobi,0722366261,Airtel Money,Pay Bill,SACCO,Android,75341.87,105,134260.87,Completed
TXN0004786,2024-09-12 13:13:17,CUST00668,Kipchoge Ruto,Female,69,Kilifi,0759584526,M-Pesa,Send Money,N/A,Android,29129.25,100,237791.85,Completed
TXN0003686,2024-09-12 13:39:27,CUST00339,Barasa Musyoka,Male,71,Machakos,0701723583,M-Pesa,Send Money,N/A,Android,18769.65,62,41424.63,Completed
TXN0003130,2024-09-12 13:59:12,CUST00227,Mwangi Otieno,Female,47,Nairobi,0768830612,M-Pesa,Send Money,N/A,Android,15417.47,87,107618.7,Completed
TXN0005276,2024-09-12 15:41:54,CUST00021,Onyango Mutiso,Female,66,Migori,0722499022,T-Kash,Pay Bill,School Fees,Feature Phone,2405.85,45,141996.56,Completed
TXN0002130,2024-09-12 19:02:00,CUST00692,Nyambura Omollo,Male,20,Kisumu,0790018927,M-Pesa,Send Money,N/A,Android,12886.93,55,87199.69,Completed
TXN0002062,2024-09-12 20:46:21,CUST00439,Maina Sang,Female,36,Kakamega,0710596231,M-Pesa,Airtime Purchase,N/A,Android,1012.07,0.0,86150.21,Completed
TXN0004255,2024-09-12 21:45:50,CUST00004,Rotich Wanjala,Female,41,Uasin Gishu,0723022021,M-Pesa,Buy Goods (Till),Clothing,Android,16043.76,62,120347.71,Completed
TXN0004526,2024-09-12 22:00:02,CUST00456,Simiyu Makau,Male,44,Migori,0710329061,M-Pesa,Send Money,N/A,Android,12758.34,62,202821.22,Completed
TXN0005240,2024-09-12 22:44:57,CUST00391,Kirui Chepkwony,Male,42,Nairobi,0710956181,M-Pesa,Send Money,N/A,Android,10976.68,55,9253.45,Completed
TXN0001630,2024-09-12 23:01:55,CUST00006,Nafula Mutiso,Male,71,Kilifi,0722203229,Airtel Money,Pay Bill,Electricity (KPLC),Android,44702.55,100,115350.9,Completed
TXN0000362,2024-09-13 03:51:48,CUST00391,Kirui Chepkwony,Male,42,Nairobi,0710956181,M-Pesa,Send Money,N/A,Android,34037.2,100,226098.95,Completed
TXN0001507,2024-09-13 06:56:42,CUST00365,Kiptoo Mutiso,Female,72,Nakuru,0768832535,M-Pesa,Send Money,N/A,Android,14370.55,55,242474.14,Completed
TXN0001028,2024-09-13 07:16:27,CUST00167,Kariuki Chepkwony,Male,59,Migori,0111289641,Airtel Money,Pay Bill,Water Utility,Android,29341.68,100,246332.63,Completed
TXN0001747,2024-09-13 08:18:43,CUST00558,Muthoni Odhiambo,Male,51,Nakuru,0759532444,T-Kash,Pay Bill,SACCO,Android,72346.57,108,185935.78,Completed
TXN0005933,2024-09-13 10:15:47,CUST00781,Mwangi Mwangi,Male,18,Nairobi,0723521053,Airtel Money,Buy Goods (Till),Pharmacy,Android,10785.5,62,135499.64,Completed
TXN0003617,2024-09-13 10:36:19,CUST00677,Anyango Ruto,Female,37,Nakuru,0710529641,M-Pesa,Buy Goods (Till),Fuel Station,Android,7021.57,87,109420.72,Completed
TXN0003821,2024-09-13 12:35:06,CUST00763,Mwangi Otieno,Male,20,Uasin Gishu,0740012673,M-Pesa,Pay Bill,Loan Repayment,Feature Phone,33547.03,108,12844.62,Completed
TXN0005452,2024-09-13 13:10:48,CUST00632,Wambui Onyango,Male,45,Nyeri,0740493706,M-Pesa,Send Money,N/A,Android,9900.82,62,5884.3,Completed
TXN0003805,2024-09-13 13:49:55,CUST00330,Simiyu Kiplagat,Female,42,Uasin Gishu,0740794450,M-Pesa,Withdraw Cash,N/A,Android,35192.2,105,243821.49,Completed
TXN0003848,2024-09-13 16:03:29,CUST00431,Onyango Sang,Female,61,Kilifi,0740569300,M-Pesa,Airtime Purchase,N/A,Android,783.4,0.0,247186.43,Completed
TXN0000263,2024-09-13 16:31:15,CUST00144,Rotich Omollo,Male,21,Nairobi,0111717059,M-Pesa,Pay Bill,Electricity (KPLC),iOS,82596.63,100,216586.27,Completed
TXN0000632,2024-09-13 19:39:22,CUST00786,Owino Kimani,Male,64,Uasin Gishu,0701772733,Airtel Money,Pay Bill,Electricity (KPLC),Android,34847.92,108,53353.64,Completed
TXN0002510,2024-09-13 20:41:49,CUST00480,Wafula Gichuru,Male,53,Machakos,0759877849,M-Pesa,Airtime Purchase,N/A,Android,171.09,0.0,247846.14,Completed
TXN0003024,2024-09-13 21:24:09,CUST00368,Nabwire Wabwire,Female,31,Nyeri,0111718659,M-Pesa,Deposit Cash,N/A,Android,69230.42,0.0,138698.76,Completed
TXN0001772,2024-09-13 22:25:49,CUST00547,Onyango Amollo,Female,66,Nairobi,0723768155,M-Pesa,Buy Goods (Till),Pharmacy,Android,4255.27,40,233611.19,Completed
TXN0001212,2024-09-13 22:51:39,CUST00683,Omondi Waweru,Male,19,Machakos,0723835792,M-Pesa,Send Money,N/A,Android,30366.68,100,33988.81,Completed
TXN0000697,2024-09-13 23:07:48,CUST00751,Cherono Waweru,Male,25,Nairobi,0710652007,M-Pesa,Send Money,N/A,Android,43182.4,105,115213.78,Completed
TXN0000900,2024-09-13 23:39:20,CUST00186,Maina Mutiso,Female,68,Mombasa,0722027562,M-Pesa,Send Money,N/A,Android,30092.3,100,180749.84,Completed
TXN0003194,2024-09-14 04:41:12,CUST00307,Cherono Amollo,Female,41,Nairobi,0111843351,M-Pesa,Withdraw Cash,N/A,Feature Phone,18413.6,62,142480.05,Completed
TXN0005953,2024-09-14 06:21:53,CUST00503,Adhiambo Odhiambo,Female,70,Kilifi,0701268899,M-Pesa,Pay Bill,Water Utility,Android,44880.44,105,171856.9,Completed
TXN0004074,2024-09-14 12:45:35,CUST00711,Njoroge Ochieng,Male,27,Nairobi,0722611349,M-Pesa,Airtime Purchase,N/A,Feature Phone,483.58,0.0,87730.28,Completed
TXN0003260,2024-09-14 13:39:39,CUST00630,Wafula Kamau,Male,18,Kericho,0111499934,M-Pesa,Send Money,N/A,Android,9309.09,87,61214.53,Completed
TXN0002188,2024-09-14 14:49:34,CUST00335,Wairimu Otieno,Female,50,Kiambu,0710415306,M-Pesa,Buy Goods (Till),Supermarket,Android,17091.54,62,76268.88,Completed
TXN0002001,2024-09-14 15:53:24,CUST00728,Simiyu Waweru,Male,40,Homa Bay,0768858175,M-Pesa,Send Money,N/A,Android,51758.11,100,102741.16,Completed
TXN0002703,2024-09-14 17:05:44,CUST00366,Jelagat Onyango,Female,18,Nyeri,0790559332,Airtel Money,Buy Goods (Till),Pharmacy,Android,12343.09,55,58323.38,Completed
TXN0005755,2024-09-14 18:45:02,CUST00486,Muthoni Langat,Female,55,Nairobi,0723133221,Equitel,Airtime Purchase,N/A,Android,494.7,0.0,34836.59,Completed
TXN0002568,2024-09-14 19:43:55,CUST00334,Nasike Ruto,Male,57,Kiambu,0790499225,M-Pesa,Pay Bill,School Fees,Feature Phone,123936.88,0.0,193921.46,Failed
TXN0002313,2024-09-14 20:36:10,CUST00037,Rotich Omollo,Female,35,Mombasa,0790238013,M-Pesa,Pay Bill,Loan Repayment,Android,24392.78,105,108195.56,Completed
TXN0005173,2024-09-14 20:38:45,CUST00376,Kiptoo Musyoka,Female,57,Nyeri,0710663952,M-Pesa,Buy Goods (Till),Pharmacy,Android,3175.1,45,201173.11,Completed
TXN0003440,2024-09-14 21:58:47,CUST00305,Wambui Chepkwony,Female,22,Kiambu,0723215936,M-Pesa,Pay Bill,DSTV/GOTV,Android,73155.48,108,31156.06,Completed
TXN0000182,2024-09-14 23:06:53,CUST00770,Rotich Ochieng,Female,35,Garissa,0759849526,Airtel Money,Send Money,N/A,Android,49641.46,105,157568.92,Completed
TXN0005925,2024-09-14 23:50:07,CUST00498,Nyokabi Wekesa,Male,19,Kisumu,0722485926,M-Pesa,Send Money,N/A,iOS,36463.76,100,52791.29,Completed
TXN0000417,2024-09-15 08:40:19,CUST00642,Otieno Kimani,Female,41,Garissa,0111624773,T-Kash,Airtime Purchase,N/A,iOS,1676.73,0.0,82725.16,Completed
TXN0005157,2024-09-15 09:04:04,CUST00733,Rotich Barasa,Female,62,Machakos,0723981664,M-Pesa,Buy Goods (Till),Clothing,Feature Phone,3334.7,45,230629.22,Completed
TXN0004079,2024-09-15 11:11:02,CUST00227,Mwangi Otieno,Female,47,Nairobi,0768830612,M-Pesa,Buy Goods (Till),Electronics,Android,14893.05,55,116590.46,Completed
TXN0002657,2024-09-15 12:15:28,CUST00381,Nabwire Kiprono,Male,45,Bomet,0111416562,M-Pesa,Send Money,N/A,Android,23490.26,100,35894.33,Completed
TXN0001944,2024-09-15 12:45:02,CUST00033,Kemboi Mwangi,Male,36,Kisumu,0111092381,M-Pesa,Reversal,N/A,iOS,7691.92,0.0,32622.93,Failed
TXN0004773,2024-09-15 13:35:27,CUST00361,Kemboi Musyoka,Female,51,Machakos,0790027096,Airtel Money,Pay Bill,DSTV/GOTV,Feature Phone,92402.21,100,234270.01,Completed
TXN0000672,2024-09-15 14:14:13,CUST00207,Akinyi Kimani,Male,28,Mombasa,0740614680,M-Pesa,Deposit Cash,N/A,Feature Phone,22276.75,0.0,47000.17,Completed
TXN0003889,2024-09-15 17:24:05,CUST00440,Auma Njoroge,Female,26,Nairobi,0722754053,M-Pesa,Deposit Cash,N/A,Feature Phone,70922.85,0.0,82378.8,Completed
TXN0005146,2024-09-15 18:54:38,CUST00007,Anyango Karanja,Female,59,Mombasa,0790175745,M-Pesa,Send Money,N/A,iOS,9332.02,62,8806.59,Completed
TXN0003392,2024-09-15 21:47:38,CUST00512,Wanjiku Wabwire,Female,43,Homa Bay,0790397281,M-Pesa,Buy Goods (Till),Hardware,Android,5884.16,0.0,232126.96,Reversed
TXN0001089,2024-09-15 23:35:55,CUST00275,Kipchoge Ochieng,Female,43,Nakuru,0701238767,M-Pesa,Pay Bill,DSTV/GOTV,Android,16797.26,0.0,223242.2,Reversed
TXN0002075,2024-09-16 03:40:36,CUST00216,Achieng Cheptoo,Male,18,Nairobi,0701391908,M-Pesa,Airtime Purchase,N/A,Android,293.55,0.0,194735.81,Completed
TXN0000305,2024-09-16 06:04:57,CUST00726,Adhiambo Otieno,Female,31,Kericho,0768260042,M-Pesa,Buy Goods (Till),Electronics,Feature Phone,12664.52,87,217598.37,Completed
TXN0004453,2024-09-16 06:22:01,CUST00482,Auma Cheptoo,Male,62,Nairobi,0740329471,M-Pesa,Pay Bill,Water Utility,Android,79301.67,0.0,28026.34,Reversed
TXN0002028,2024-09-16 06:48:12,CUST00573,Kagwe Chepkwony,Male,35,Garissa,0740693632,M-Pesa,Pay Bill,School Fees,Android,125295.79,108,193277.23,Completed
TXN0000788,2024-09-16 07:34:02,CUST00031,Akinyi Mutiso,Female,60,Kericho,0790563651,M-Pesa,Deposit Cash,N/A,Android,23657.21,0.0,244.54,Completed
TXN0002214,2024-09-16 08:21:14,CUST00205,Wanjiku Njoroge,Male,48,Nairobi,0740540318,M-Pesa,Send Money,N/A,Android,14124.16,55,211464.02,Completed
TXN0000889,2024-09-16 09:07:59,CUST00583,Wangari Ochieng,Female,48,Nairobi,0111885205,M-Pesa,Buy Goods (Till),Clothing,Android,14452.48,87,219628.82,Completed
TXN0000064,2024-09-16 09:59:08,CUST00358,Kibet Makau,Female,47,Kiambu,0759154854,M-Pesa,Buy Goods (Till),Restaurant,Android,13810.8,55,218759.77,Completed
TXN0005062,2024-09-16 10:52:54,CUST00383,Gitau Barasa,Female,46,Kilifi,0790111096,M-Pesa,Send Money,N/A,Android,30563.58,100,181286.0,Completed
TXN0000291,2024-09-16 11:19:52,CUST00488,Mutua Chepkwony,Female,44,Kiambu,0768108461,Equitel,Buy Goods (Till),Fuel Station,Android,4303.89,40,177085.26,Completed
TXN0002305,2024-09-16 11:38:21,CUST00304,Wambui Cheptoo,Female,50,Nairobi,0710281178,Airtel Money,Withdraw Cash,N/A,iOS,26870.56,100,167350.52,Completed
TXN0003127,2024-09-16 11:50:21,CUST00659,Kiptoo Amollo,Female,52,Bungoma,0759455771,M-Pesa,Send Money,N/A,iOS,7766.05,87,32939.92,Completed
TXN0000145,2024-09-16 14:16:58,CUST00353,Wafula Kiplagat,Male,65,Kilifi,0759623991,M-Pesa,Send Money,N/A,Feature Phone,26705.36,100,228208.26,Completed
TXN0001360,2024-09-16 15:44:31,CUST00253,Njeri Barasa,Male,63,Kisumu,0710755182,M-Pesa,Pay Bill,Insurance,Android,57848.72,100,45236.16,Completed
TXN0005306,2024-09-16 16:30:24,CUST00257,Waweru Karanja,Female,42,Kericho,0701246831,M-Pesa,Deposit Cash,N/A,Android,65342.59,0.0,212452.67,Completed
TXN0003248,2024-09-16 16:33:45,CUST00541,Achieng Musyoka,Female,43,Mombasa,0701200552,M-Pesa,Pay Bill,Electricity (KPLC),Feature Phone,97359.45,0.0,227821.19,Failed
TXN0001237,2024-09-16 19:36:18,CUST00513,Achieng Kariuki,Female,23,Kajiado,0701448788,Airtel Money,Buy Goods (Till),Pharmacy,Android,12638.06,55,247081.79,Completed
TXN0004091,2024-09-16 19:53:07,CUST00274,Chebet Cheptoo,Male,66,Turkana,0722861346,Airtel Money,Withdraw Cash,N/A,Android,14193.29,87,161591.43,Completed
TXN0005373,2024-09-16 20:15:27,CUST00462,Wafula Karanja,Male,47,Nairobi,0768829126,M-Pesa,Deposit Cash,N/A,Feature Phone,46099.41,0.0,106859.53,Completed
TXN0003940,2024-09-16 20:39:39,CUST00578,Mwangi Cheptoo,Female,35,Uasin Gishu,0701117661,M-Pesa,Pay Bill,Internet (ISP),Feature Phone,127611.68,105,71692.53,Completed
TXN0002495,2024-09-16 23:09:09,CUST00400,Nyokabi Onyango,Female,64,Uasin Gishu,0722818944,M-Pesa,Deposit Cash,N/A,Android,53621.9,0.0,85676.28,Failed
TXN0001276,2024-09-17 01:12:50,CUST00242,Kemboi Barasa,Female,37,Nairobi,0722354000,Airtel Money,Pay Bill,Internet (ISP),Android,131722.2,108,153547.69,Completed
TXN0000463,2024-09-17 01:30:59,CUST00331,Nafula Langat,Male,32,Bungoma,0768950820,M-Pesa,Buy Goods (Till),Pharmacy,Feature Phone,13285.81,62,123056.82,Completed
TXN0000154,2024-09-17 06:40:10,CUST00165,Kirui Kiplagat,Female,52,Kakamega,0790254094,Airtel Money,Buy Goods (Till),Pharmacy,Feature Phone,11974.06,55,121534.85,Completed
TXN0002147,2024-09-17 07:05:12,CUST00271,Njoroge Ochieng,Male,68,Nairobi,0740678934,M-Pesa,Deposit Cash,N/A,Android,61750.77,0.0,180151.06,Completed
TXN0005848,2024-09-17 07:18:07,CUST00191,Mwangi Kariuki,Female,60,Kericho,0759933313,M-Pesa,Buy Goods (Till),Restaurant,Android,21050.83,100,198529.31,Completed
TXN0003601,2024-09-17 09:48:12,CUST00589,Kamau Omollo,Male,50,Kajiado,0759841297,M-Pesa,Send Money,N/A,Android,44473.67,105,89093.53,Completed
TXN0001788,2024-09-17 10:00:13,CUST00127,Owino Owuor,Male,36,Kericho,0790192660,M-Pesa,Pay Bill,Insurance,Android,25947.48,105,65960.79,Completed
TXN0000942,2024-09-17 11:21:00,CUST00179,Njoroge Waweru,Male,42,Bungoma,0759995131,M-Pesa,Withdraw Cash,N/A,Android,21605.9,108,241760.22,Completed
TXN0002092,2024-09-17 13:15:47,CUST00410,Nyokabi Amollo,Female,30,Nyeri,0759097508,M-Pesa,Withdraw Cash,N/A,Android,21967.06,105,157535.04,Completed
TXN0002816,2024-09-17 13:54:36,CUST00700,Rotich Chepkwony,Female,25,Nairobi,0722125819,M-Pesa,Withdraw Cash,N/A,Android,16626.81,55,78390.49,Completed
TXN0004887,2024-09-17 14:06:43,CUST00271,Njoroge Ochieng,Male,68,Nairobi,0740678934,M-Pesa,Deposit Cash,N/A,Android,53087.26,0.0,187763.88,Completed
TXN0001117,2024-09-17 14:30:47,CUST00320,Ochieng Waweru,Female,41,Garissa,0759494738,Airtel Money,Send Money,N/A,Feature Phone,5850.68,0.0,60067.35,Failed
TXN0001329,2024-09-17 15:41:15,CUST00520,Barasa Omollo,Female,57,Mombasa,0740364013,M-Pesa,Pay Bill,DSTV/GOTV,Android,104380.38,100,150585.99,Completed
TXN0004541,2024-09-17 15:42:16,CUST00100,Akinyi Wanjala,Male,50,Nakuru,0759970951,M-Pesa,Buy Goods (Till),Electronics,Android,8045.51,55,141880.58,Completed
TXN0002252,2024-09-17 16:53:36,CUST00117,Wambui Mutiso,Male,35,Nairobi,0111444931,M-Pesa,Buy Goods (Till),Fuel Station,Android,6367.95,55,198613.96,Completed
TXN0005300,2024-09-17 17:50:33,CUST00267,Njeri Amollo,Male,20,Kiambu,0790455461,Equitel,Buy Goods (Till),Supermarket,Android,21077.55,108,72232.4,Completed
TXN0004004,2024-09-17 18:35:15,CUST00566,Wairimu Wanjala,Male,38,Nakuru,0722493105,M-Pesa,Pay Bill,DSTV/GOTV,Android,33733.21,100,126911.33,Completed
TXN0000615,2024-09-17 20:08:41,CUST00245,Wairimu Waweru,Female,66,Machakos,0759035969,M-Pesa,Withdraw Cash,N/A,Android,21538.97,108,167067.34,Completed
TXN0000524,2024-09-17 20:17:14,CUST00062,Cheruiyot Wekesa,Male,37,Uasin Gishu,0759428196,M-Pesa,Withdraw Cash,N/A,iOS,5661.86,62,6916.31,Completed
TXN0000635,2024-09-17 21:43:52,CUST00022,Muthoni Barasa,Male,28,Mombasa,0759769608,M-Pesa,Send Money,N/A,Android,53060.06,100,164364.29,Completed
TXN0002974,2024-09-17 21:58:58,CUST00679,Kiptoo Musyoka,Female,69,Meru,0710378598,M-Pesa,Buy Goods (Till),Clothing,Android,13473.33,87,243104.95,Completed
TXN0005078,2024-09-17 23:39:29,CUST00619,Kibet Chepkwony,Female,58,Nairobi,0740934213,M-Pesa,Withdraw Cash,N/A,Android,31219.28,105,26061.99,Completed
TXN0005563,2024-09-18 00:13:16,CUST00331,Nafula Langat,Male,32,Bungoma,0768950820,M-Pesa,Send Money,N/A,Feature Phone,12922.72,87,50439.18,Completed
TXN0004761,2024-09-18 01:21:41,CUST00124,Muthoni Owuor,Male,32,Nairobi,0740724354,Equitel,Buy Goods (Till),Pharmacy,Android,19573.17,62,194669.2,Completed
TXN0003144,2024-09-18 02:15:12,CUST00293,Njoroge Kiplagat,Male,29,Trans Nzoia,0723115345,M-Pesa,Buy Goods (Till),Clothing,Android,10939.01,62,247307.12,Completed
TXN0005024,2024-09-18 08:37:19,CUST00651,Omondi Amollo,Female,63,Nairobi,0740708143,Equitel,Send Money,N/A,Android,23638.21,108,156035.67,Completed
TXN0004363,2024-09-18 10:27:20,CUST00092,Cherono Kiplagat,Male,60,Mombasa,0701425316,M-Pesa,Buy Goods (Till),Restaurant,Android,8358.46,55,28338.8,Completed
TXN0002286,2024-09-18 12:40:13,CUST00038,Gitau Mutiso,Female,52,Mombasa,0722249568,M-Pesa,Withdraw Cash,N/A,Android,5823.04,55,60668.15,Completed
TXN0004085,2024-09-18 14:41:19,CUST00545,Owino Karanja,Male,34,Nakuru,0710185831,M-Pesa,Buy Goods (Till),Fuel Station,Android,17572.46,55,85918.21,Completed
TXN0003745,2024-09-18 15:25:24,CUST00495,Kariuki Sang,Female,25,Uasin Gishu,0701665485,M-Pesa,Pay Bill,Insurance,Android,113703.69,100,70728.31,Completed
TXN0004600,2024-09-18 16:09:50,CUST00111,Maina Langat,Male,48,Mombasa,0722902196,M-Pesa,Pay Bill,Loan Repayment,Feature Phone,64484.31,100,59963.36,Completed
TXN0005186,2024-09-18 16:14:09,CUST00472,Auma Waweru,Female,69,Mombasa,0710894815,M-Pesa,Pay Bill,DSTV/GOTV,Android,78750.85,105,242.29,Completed
TXN0000816,2024-09-18 17:02:42,CUST00386,Simiyu Mutiso,Female,47,Turkana,0768407336,M-Pesa,Pay Bill,DSTV/GOTV,Android,16917.13,87,87325.95,Completed
TXN0005158,2024-09-18 17:09:01,CUST00493,Onyango Njoroge,Female,36,Kakamega,0701558507,Equitel,Withdraw Cash,N/A,Feature Phone,19347.04,0.0,79097.5,Failed
TXN0004708,2024-09-18 17:15:42,CUST00235,Kibet Kiprono,Female,28,Nyeri,0768796196,Airtel Money,Pay Bill,Insurance,Feature Phone,44173.59,105,14698.02,Completed
TXN0000426,2024-09-18 18:27:42,CUST00353,Wafula Kiplagat,Male,65,Kilifi,0759623991,M-Pesa,Airtime Purchase,N/A,Feature Phone,194.9,0.0,107523.69,Completed
TXN0001799,2024-09-18 20:43:07,CUST00507,Kibet Wanjala,Male,37,Kericho,0768868388,M-Pesa,Pay Bill,Internet (ISP),Android,63074.57,108,2273.2,Completed
TXN0000717,2024-09-18 21:09:29,CUST00552,Gitau Onyango,Female,61,Meru,0790733896,M-Pesa,Pay Bill,Electricity (KPLC),Android,13945.39,62,78211.01,Completed
TXN0005363,2024-09-18 21:12:36,CUST00408,Wairimu Ruto,Male,53,Kiambu,0710985138,M-Pesa,Buy Goods (Till),Clothing,Android,19924.91,55,77678.69,Completed
TXN0001229,2024-09-18 22:03:38,CUST00009,Nafula Makau,Male,25,Meru,0759773210,M-Pesa,Send Money,N/A,Feature Phone,17966.77,55,115668.14,Completed
TXN0001808,2024-09-19 07:09:39,CUST00485,Moraa Njuguna,Male,22,Nairobi,0722579170,M-Pesa,Withdraw Cash,N/A,iOS,15947.36,62,67562.16,Completed
TXN0002751,2024-09-19 07:18:02,CUST00150,Simiyu Omollo,Female,21,Kakamega,0701345873,M-Pesa,Send Money,N/A,Feature Phone,22207.7,100,16097.65,Completed
TXN0004162,2024-09-19 08:14:22,CUST00211,Kamau Gichuru,Male,43,Kisumu,0759744651,M-Pesa,Withdraw Cash,N/A,Android,13594.23,62,115823.94,Completed
TXN0004510,2024-09-19 08:48:07,CUST00435,Jelagat Mwangi,Male,49,Trans Nzoia,0740614172,M-Pesa,Buy Goods (Till),Fuel Station,Feature Phone,12657.55,87,158421.9,Completed
TXN0003533,2024-09-19 09:29:39,CUST00598,Rotich Wabwire,Female,68,Uasin Gishu,0722284224,M-Pesa,Send Money,N/A,Android,40014.41,100,44134.05,Completed
TXN0002625,2024-09-19 12:25:19,CUST00274,Chebet Cheptoo,Male,66,Turkana,0722861346,Airtel Money,Pay Bill,SACCO,Android,74060.24,108,204454.92,Completed
TXN0005902,2024-09-19 16:11:59,CUST00119,Jelagat Otieno,Female,64,Garissa,0111646706,M-Pesa,Send Money,N/A,Android,10066.05,0.0,185958.06,Failed
TXN0004783,2024-09-19 18:26:10,CUST00013,Jelagat Karanja,Female,51,Mombasa,0740235220,M-Pesa,Pay Bill,School Fees,Android,101469.95,105,207780.33,Completed
TXN0002209,2024-09-19 21:08:16,CUST00114,Nasike Otieno,Female,58,Nakuru,0111207376,M-Pesa,Pay Bill,Loan Repayment,Feature Phone,54576.73,100,138501.8,Completed
TXN0002823,2024-09-19 22:06:17,CUST00256,Wambui Waweru,Female,50,Nairobi,0722411826,T-Kash,Airtime Purchase,N/A,Feature Phone,832.47,0.0,36868.73,Failed
TXN0002055,2024-09-19 22:14:23,CUST00441,Otieno Otieno,Female,39,Nairobi,0722426598,M-Pesa,Send Money,N/A,Feature Phone,10375.55,62,178885.52,Completed
TXN0005407,2024-09-19 23:34:44,CUST00184,Nafula Musyoka,Female,26,Kakamega,0740214345,M-Pesa,Withdraw Cash,N/A,Android,17762.05,55,231766.62,Completed
TXN0002810,2024-09-19 23:52:22,CUST00566,Wairimu Wanjala,Male,38,Nakuru,0722493105,M-Pesa,Send Money,N/A,Android,23332.29,100,247745.63,Completed
TXN0004559,2024-09-20 06:12:32,CUST00475,Mwangi Kimani,Female,60,Turkana,0768196074,Equitel,Airtime Purchase,N/A,Android,439.72,0.0,223826.8,Completed
TXN0004125,2024-09-20 06:53:42,CUST00138,Kagwe Otieno,Male,55,Mombasa,0759668160,T-Kash,Deposit Cash,N/A,Android,7834.3,0.0,124283.38,Completed
TXN0004596,2024-09-20 07:18:59,CUST00295,Njeri Gichuru,Female,63,Kiambu,0740957154,M-Pesa,Deposit Cash,N/A,Feature Phone,45722.74,0.0,106880.47,Completed
TXN0005462,2024-09-20 09:21:42,CUST00077,Chebet Odhiambo,Female,32,Mombasa,0759366647,M-Pesa,Buy Goods (Till),Hardware,Android,8699.42,87,117917.34,Completed
TXN0001828,2024-09-20 09:56:29,CUST00333,Barasa Njoroge,Male,32,Nairobi,0740837109,M-Pesa,Buy Goods (Till),Electronics,Android,14528.86,62,48199.44,Completed
TXN0004024,2024-09-20 10:58:00,CUST00530,Barasa Wekesa,Female,33,Bomet,0768081727,M-Pesa,Pay Bill,DSTV/GOTV,Android,52349.28,100,197629.26,Completed
TXN0005424,2024-09-20 11:00:06,CUST00682,Cheruiyot Gichuru,Female,69,Nairobi,0759618611,M-Pesa,Send Money,N/A,Android,52356.85,108,145666.24,Completed
TXN0005013,2024-09-20 15:22:06,CUST00544,Simiyu Makau,Female,23,Kakamega,0710114794,M-Pesa,Airtime Purchase,N/A,Android,1147.57,0.0,213843.04,Completed
TXN0001759,2024-09-20 15:46:12,CUST00373,Chelagat Waweru,Female,38,Meru,0723143136,M-Pesa,Withdraw Cash,N/A,Android,15899.47,55,215885.8,Completed
TXN0003521,2024-09-20 19:41:19,CUST00629,Ndungu Chepkwony,Female,27,Uasin Gishu,0710244360,M-Pesa,Deposit Cash,N/A,Android,69092.63,0.0,202821.39,Completed
TXN0005782,2024-09-20 19:46:42,CUST00610,Njeri Amollo,Female,43,Machakos,0740598457,M-Pesa,Send Money,N/A,Feature Phone,8930.96,87,225748.19,Completed
TXN0003636,2024-09-20 20:49:35,CUST00568,Kirui Ochieng,Female,38,Nairobi,0111298025,M-Pesa,Buy Goods (Till),Electronics,Android,2359.37,45,116853.3,Completed
TXN0005667,2024-09-20 21:51:45,CUST00661,Kiprop Ochieng,Male,50,Kiambu,0759196209,Airtel Money,Pay Bill,DSTV/GOTV,Android,75848.42,108,118370.26,Completed
TXN0004993,2024-09-20 22:46:32,CUST00526,Onyango Musyoka,Female,25,Kericho,0710108115,M-Pesa,Pay Bill,Internet (ISP),Feature Phone,74958.55,100,223153.05,Completed
TXN0001332,2024-09-20 23:24:33,CUST00497,Kirui Ochieng,Female,45,Kiambu,0111402230,M-Pesa,Send Money,N/A,Feature Phone,1691.34,40,76748.38,Completed
TXN0005634,2024-09-21 02:57:27,CUST00571,Wairimu Waweru,Male,53,Mombasa,0722896610,Airtel Money,Buy Goods (Till),Fuel Station,Android,7631.75,55,18356.6,Completed
TXN0003137,2024-09-21 03:02:00,CUST00270,Nasike Langat,Female,27,Nairobi,0722366261,Airtel Money,Send Money,N/A,Android,47211.76,105,2888.72,Completed
TXN0002869,2024-09-21 06:19:04,CUST00317,Jelagat Wanjala,Male,48,Kericho,0710241576,M-Pesa,Send Money,N/A,Android,38393.6,105,165776.65,Completed
TXN0005623,2024-09-21 07:21:15,CUST00242,Kemboi Barasa,Female,37,Nairobi,0722354000,Airtel Money,Airtime Purchase,N/A,Android,775.95,0.0,249306.3,Completed
TXN0004005,2024-09-21 08:40:02,CUST00563,Kiprop Gichuru,Female,57,Kakamega,0768393064,M-Pesa,Send Money,N/A,Android,40159.1,108,146627.47,Completed
TXN0004427,2024-09-21 11:58:05,CUST00241,Cheruiyot Kamau,Female,45,Migori,0710640394,M-Pesa,Send Money,N/A,iOS,4958.11,40,102741.36,Completed
TXN0000713,2024-09-21 14:32:21,CUST00074,Rotich Ochieng,Male,58,Kakamega,0790703193,M-Pesa,Buy Goods (Till),Supermarket,Android,13274.93,62,115224.8,Completed
TXN0003305,2024-09-21 15:47:02,CUST00798,Nafula Odhiambo,Female,65,Nairobi,0701076441,M-Pesa,Airtime Purchase,N/A,Feature Phone,962.22,0.0,17141.78,Completed
TXN0000671,2024-09-21 17:59:27,CUST00127,Owino Owuor,Male,36,Kericho,0790192660,M-Pesa,Deposit Cash,N/A,Android,36465.7,0.0,164880.06,Completed
TXN0002248,2024-09-21 18:07:16,CUST00421,Akinyi Wekesa,Female,47,Kisumu,0759832404,M-Pesa,Send Money,N/A,Feature Phone,44277.53,108,169184.2,Completed
TXN0005770,2024-09-21 19:18:39,CUST00580,Wanjiku Waweru,Female,59,Kakamega,0722838415,M-Pesa,Pay Bill,Water Utility,Android,25204.08,108,159795.44,Completed
TXN0005274,2024-09-21 20:29:55,CUST00752,Njoroge Kiprono,Female,71,Bomet,0722890600,Airtel Money,Send Money,N/A,Feature Phone,10167.86,62,14486.44,Completed
TXN0000332,2024-09-21 20:45:57,CUST00460,Wambui Musyoka,Male,65,Migori,0740773854,M-Pesa,Pay Bill,Insurance,Android,13981.53,87,36970.03,Completed
TXN0003880,2024-09-21 22:19:41,CUST00772,Kariuki Wabwire,Male,61,Nairobi,0710525140,M-Pesa,Pay Bill,Internet (ISP),Android,59415.78,100,116672.73,Completed
TXN0000530,2024-09-21 22:24:49,CUST00524,Njoroge Karanja,Female,34,Machakos,0790541749,M-Pesa,Buy Goods (Till),Hardware,iOS,16386.47,87,140046.92,Completed
TXN0003007,2024-09-22 05:43:29,CUST00600,Kariuki Mutiso,Female,35,Nakuru,0710420925,M-Pesa,Send Money,N/A,Android,4656.04,45,21258.43,Completed
TXN0002334,2024-09-22 06:51:57,CUST00703,Akinyi Amollo,Female,36,Kiambu,0723243297,Airtel Money,Send Money,N/A,Feature Phone,23981.14,108,221704.61,Completed
TXN0002865,2024-09-22 07:01:03,CUST00357,Kagwe Njoroge,Female,19,Meru,0111720755,M-Pesa,Pay Bill,DSTV/GOTV,Android,58856.07,108,57410.88,Completed
TXN0003588,2024-09-22 07:53:39,CUST00526,Onyango Musyoka,Female,25,Kericho,0710108115,M-Pesa,Pay Bill,Insurance,Feature Phone,45004.73,105,81135.48,Completed
TXN0003997,2024-09-22 08:46:07,CUST00152,Maina Omollo,Male,61,Kilifi,0723553918,Airtel Money,Airtime Purchase,N/A,Android,612.06,0.0,44424.97,Completed
TXN0001181,2024-09-22 09:36:03,CUST00377,Kamau Kiplagat,Female,59,Migori,0723328680,Airtel Money,Buy Goods (Till),Supermarket,Android,10833.24,55,120961.23,Completed
TXN0005069,2024-09-22 10:32:58,CUST00797,Chebet Otieno,Male,49,Kisumu,0111438900,M-Pesa,Buy Goods (Till),Pharmacy,Feature Phone,6729.83,87,204079.74,Completed
TXN0003178,2024-09-22 10:54:58,CUST00219,Chelagat Sang,Female,30,Nyeri,0759720423,Airtel Money,Send Money,N/A,Feature Phone,40833.57,100,202693.52,Completed
TXN0000191,2024-09-22 12:16:35,CUST00205,Wanjiku Njoroge,Male,48,Nairobi,0740540318,M-Pesa,Buy Goods (Till),Supermarket,Android,6758.92,62,114798.23,Completed
TXN0004622,2024-09-22 13:01:41,CUST00425,Kagwe Gichuru,Female,54,Nairobi,0701556270,M-Pesa,Send Money,N/A,Android,16796.09,87,119133.73,Completed
TXN0004332,2024-09-22 14:44:14,CUST00790,Kipchoge Mutiso,Male,24,Meru,0768165146,M-Pesa,Buy Goods (Till),Fuel Station,Feature Phone,2258.66,45,62205.37,Completed
TXN0000668,2024-09-22 15:58:38,CUST00136,Omondi Wanjala,Female,50,Nairobi,0111197238,M-Pesa,Withdraw Cash,N/A,Feature Phone,13441.08,55,182813.12,Completed
TXN0002267,2024-09-22 17:11:44,CUST00565,Maina Musyoka,Male,50,Turkana,0723659228,Airtel Money,Pay Bill,Electricity (KPLC),Android,122800.5,108,54972.33,Completed
TXN0001475,2024-09-22 18:06:34,CUST00052,Chebet Cheptoo,Female,18,Uasin Gishu,0701439281,M-Pesa,Send Money,N/A,Android,29022.45,108,128762.5,Completed
TXN0002400,2024-09-22 19:24:18,CUST00612,Simiyu Njuguna,Male,24,Nakuru,0722282629,M-Pesa,Pay Bill,SACCO,Feature Phone,21885.04,100,104244.01,Completed
TXN0002766,2024-09-22 20:11:01,CUST00158,Akinyi Sang,Female,19,Nairobi,0723105707,M-Pesa,Withdraw Cash,N/A,Android,25737.9,100,167416.39,Completed
TXN0004973,2024-09-22 23:10:04,CUST00011,Kariuki Kamau,Female,25,Homa Bay,0790225078,Equitel,Airtime Purchase,N/A,Android,296.58,0.0,32456.42,Completed
TXN0002693,2024-09-23 04:48:40,CUST00570,Maina Chepkwony,Male,59,Bungoma,0790548571,M-Pesa,Send Money,N/A,Android,23868.88,0.0,60358.97,Failed
TXN0000382,2024-09-23 06:20:53,CUST00037,Rotich Omollo,Female,35,Mombasa,0790238013,M-Pesa,Pay Bill,Loan Repayment,Android,15840.1,87,96513.69,Completed
TXN0002832,2024-09-23 06:44:20,CUST00146,Gitau Karanja,Male,71,Nairobi,0722934999,Airtel Money,Airtime Purchase,N/A,Android,604.18,0.0,4343.0,Completed
TXN0000605,2024-09-23 06:49:48,CUST00003,Maina Mutiso,Male,24,Nairobi,0723332041,Airtel Money,Buy Goods (Till),Fuel Station,Android,2119.18,0.0,91691.75,Reversed
TXN0003724,2024-09-23 07:29:50,CUST00373,Chelagat Waweru,Female,38,Meru,0723143136,M-Pesa,Send Money,N/A,Android,7343.74,62,159289.93,Completed
TXN0002781,2024-09-23 08:20:06,CUST00119,Jelagat Otieno,Female,64,Garissa,0111646706,M-Pesa,Airtime Purchase,N/A,Android,1130.06,0.0,79835.32,Completed
TXN0001171,2024-09-23 12:23:32,CUST00232,Mumbi Mutiso,Male,69,Kilifi,0111907955,M-Pesa,Send Money,N/A,iOS,50370.5,100,133539.48,Completed
TXN0001092,2024-09-23 13:34:31,CUST00737,Wangari Chepkwony,Female,43,Nairobi,0768885169,M-Pesa,Airtime Purchase,N/A,Feature Phone,1437.6,0.0,199486.91,Completed
TXN0003327,2024-09-23 14:30:50,CUST00514,Owino Waweru,Male,56,Nyeri,0759740066,Airtel Money,Send Money,N/A,Android,52714.59,105,146030.41,Completed
TXN0004913,2024-09-23 15:25:49,CUST00418,Muthoni Karanja,Male,53,Bomet,0722783882,M-Pesa,Send Money,N/A,Android,20688.71,108,219001.26,Completed
TXN0004494,2024-09-23 15:31:05,CUST00198,Kamau Njuguna,Male,40,Kisumu,0759192595,Airtel Money,Airtime Purchase,N/A,Feature Phone,609.32,0.0,213632.47,Completed
TXN0002727,2024-09-23 15:33:41,CUST00682,Cheruiyot Gichuru,Female,69,Nairobi,0759618611,M-Pesa,Airtime Purchase,N/A,Android,1246.58,0.0,191040.51,Completed
TXN0000544,2024-09-23 16:44:02,CUST00285,Kariuki Kamau,Male,51,Nyeri,0759984591,M-Pesa,Send Money,N/A,Feature Phone,26008.58,100,231436.95,Completed
TXN0002873,2024-09-23 16:45:35,CUST00455,Gitau Otieno,Male,20,Trans Nzoia,0759054784,M-Pesa,Withdraw Cash,N/A,Android,40887.7,108,192861.6,Completed
TXN0003507,2024-09-23 17:16:54,CUST00077,Chebet Odhiambo,Female,32,Mombasa,0759366647,M-Pesa,Withdraw Cash,N/A,Android,12217.61,62,46477.85,Completed
TXN0000535,2024-09-23 20:16:03,CUST00686,Nyokabi Ruto,Male,65,Kajiado,0759622501,M-Pesa,Pay Bill,DSTV/GOTV,Android,83456.48,108,73753.82,Completed
TXN0003981,2024-09-23 20:44:12,CUST00550,Mutua Kiprono,Female,69,Mombasa,0768895694,M-Pesa,Buy Goods (Till),Clothing,Feature Phone,6745.61,62,96650.34,Completed
TXN0003788,2024-09-23 22:41:53,CUST00078,Achieng Barasa,Male,49,Nairobi,0740814679,M-Pesa,Withdraw Cash,N/A,Feature Phone,13052.15,87,44355.54,Completed
TXN0005885,2024-09-23 23:58:31,CUST00249,Omondi Njuguna,Male,55,Uasin Gishu,0723951253,M-Pesa,Withdraw Cash,N/A,Android,12204.41,87,88296.81,Completed
TXN0000494,2024-09-24 02:46:09,CUST00383,Gitau Barasa,Female,46,Kilifi,0790111096,M-Pesa,Pay Bill,Rent,Android,42465.51,105,187456.58,Completed
TXN0004181,2024-09-24 03:00:28,CUST00093,Achieng Omollo,Female,43,Trans Nzoia,0722032123,M-Pesa,Send Money,N/A,Feature Phone,32045.7,100,218411.24,Completed
TXN0004121,2024-09-24 07:47:17,CUST00681,Kiprop Sang,Female,45,Nairobi,0710712127,M-Pesa,Airtime Purchase,N/A,Android,592.95,0.0,114621.0,Completed
TXN0001020,2024-09-24 08:40:12,CUST00268,Nyambura Wabwire,Male,69,Nakuru,0740292051,M-Pesa,Send Money,N/A,Feature Phone,6279.12,87,219752.05,Completed
TXN0003656,2024-09-24 10:28:40,CUST00361,Kemboi Musyoka,Female,51,Machakos,0790027096,Airtel Money,Withdraw Cash,N/A,Feature Phone,19330.27,87,67665.48,Completed
TXN0001063,2024-09-24 12:31:20,CUST00006,Nafula Mutiso,Male,71,Kilifi,0722203229,Airtel Money,Send Money,N/A,Android,23714.09,108,45692.05,Completed
TXN0000163,2024-09-24 13:52:13,CUST00745,Cherono Kariuki,Male,48,Nairobi,0723352745,M-Pesa,Send Money,N/A,Android,24074.23,105,242963.19,Completed
TXN0000692,2024-09-24 13:54:52,CUST00257,Waweru Karanja,Female,42,Kericho,0701246831,M-Pesa,Withdraw Cash,N/A,Android,26112.71,100,11042.64,Completed
TXN0005796,2024-09-24 14:19:03,CUST00410,Nyokabi Amollo,Female,30,Nyeri,0759097508,M-Pesa,Pay Bill,Loan Repayment,Android,109013.35,100,404.87,Completed
TXN0005567,2024-09-24 17:05:36,CUST00171,Akinyi Owuor,Male,34,Kajiado,0790709426,M-Pesa,Buy Goods (Till),Hardware,Feature Phone,3831.45,45,240979.91,Completed
TXN0002367,2024-09-24 17:59:55,CUST00316,Nabwire Kiprono,Male,21,Nairobi,0710549687,Airtel Money,Pay Bill,Insurance,iOS,81357.07,100,19666.1,Completed
TXN0004555,2024-09-24 18:10:24,CUST00641,Ndungu Ochieng,Male,51,Kiambu,0740366441,Equitel,Buy Goods (Till),Hardware,iOS,10129.66,62,122026.01,Completed
TXN0000367,2024-09-24 18:35:59,CUST00260,Gitau Onyango,Female,42,Nyeri,0740376649,M-Pesa,Pay Bill,Rent,Android,65514.99,105,32222.06,Completed
TXN0003399,2024-09-24 19:02:02,CUST00742,Anyango Ochieng,Male,49,Bungoma,0768090633,Airtel Money,Withdraw Cash,N/A,Feature Phone,18971.22,62,44484.01,Completed
TXN0000683,2024-09-24 19:53:23,CUST00509,Waweru Njoroge,Male,27,Nairobi,0740942543,T-Kash,Airtime Purchase,N/A,Android,49.86,0.0,81844.17,Failed
TXN0002944,2024-09-24 20:16:20,CUST00294,Wanjiku Mutiso,Female,47,Meru,0710095768,M-Pesa,Deposit Cash,N/A,Feature Phone,58239.42,0.0,235514.94,Completed
TXN0002931,2024-09-24 21:14:58,CUST00512,Wanjiku Wabwire,Female,43,Homa Bay,0790397281,M-Pesa,Withdraw Cash,N/A,Android,12578.96,87,212035.18,Completed
TXN0003123,2024-09-25 03:58:54,CUST00159,Maina Cheptoo,Male,67,Nairobi,0759929557,Airtel Money,Withdraw Cash,N/A,Android,14331.65,62,26554.2,Completed
TXN0003941,2024-09-25 04:40:53,CUST00717,Nasike Njuguna,Female,72,Nairobi,0710148078,Airtel Money,Pay Bill,Water Utility,Android,8535.21,62,59704.57,Completed
TXN0005455,2024-09-25 08:31:57,CUST00447,Akinyi Langat,Male,20,Machakos,0701608345,M-Pesa,Pay Bill,Water Utility,iOS,34807.76,100,213512.04,Completed
TXN0000767,2024-09-25 09:35:28,CUST00240,Njoroge Kamau,Male,38,Nairobi,0723013758,M-Pesa,Pay Bill,Water Utility,Android,64165.22,108,92640.71,Completed
TXN0005197,2024-09-25 11:49:02,CUST00268,Nyambura Wabwire,Male,69,Nakuru,0740292051,M-Pesa,Withdraw Cash,N/A,Feature Phone,10759.72,55,37165.87,Completed
TXN0000822,2024-09-25 12:22:30,CUST00709,Kagwe Kamau,Female,62,Bomet,0111015451,M-Pesa,Withdraw Cash,N/A,Android,32523.94,108,149555.72,Completed
TXN0001558,2024-09-25 14:26:43,CUST00724,Chebet Mwangi,Female,29,Nyeri,0768713394,M-Pesa,Send Money,N/A,Android,17508.37,62,118972.0,Completed
TXN0005850,2024-09-25 16:10:38,CUST00746,Wafula Odhiambo,Male,72,Turkana,0790917512,M-Pesa,Buy Goods (Till),Pharmacy,Android,16069.25,87,181053.26,Completed
TXN0001401,2024-09-25 18:11:47,CUST00544,Simiyu Makau,Female,23,Kakamega,0710114794,M-Pesa,Buy Goods (Till),Pharmacy,Android,8220.56,62,19716.47,Completed
TXN0001416,2024-09-25 18:25:26,CUST00412,Onyango Musyoka,Female,19,Nairobi,0723341761,M-Pesa,Send Money,N/A,Feature Phone,38136.92,108,156674.04,Completed
TXN0002786,2024-09-25 19:10:45,CUST00183,Mumbi Chepkwony,Male,29,Meru,0759079278,M-Pesa,Pay Bill,Insurance,Feature Phone,104751.49,0.0,82119.19,Failed
TXN0005573,2024-09-25 21:00:01,CUST00206,Kirui Mwangi,Male,64,Bungoma,0723381771,Equitel,Send Money,N/A,Android,25168.18,100,103568.5,Completed
TXN0001282,2024-09-25 21:13:34,CUST00392,Kagwe Sang,Female,46,Kiambu,0710112624,Airtel Money,Deposit Cash,N/A,Android,25800.27,0.0,183985.14,Completed
TXN0001638,2024-09-25 23:00:05,CUST00398,Kariuki Gichuru,Female,29,Garissa,0740790061,Airtel Money,Pay Bill,Rent,Feature Phone,49984.08,100,105497.46,Completed
TXN0005657,2024-09-25 23:42:38,CUST00559,Nyambura Kiprono,Female,50,Nairobi,0701178124,M-Pesa,Send Money,N/A,iOS,39504.62,105,209815.48,Completed
TXN0002883,2024-09-26 04:54:20,CUST00513,Achieng Kariuki,Female,23,Kajiado,0701448788,Airtel Money,Pay Bill,Loan Repayment,Android,13333.32,55,162708.6,Completed
TXN0002127,2024-09-26 05:58:08,CUST00774,Kiprop Langat,Male,35,Nairobi,0740492092,M-Pesa,Send Money,N/A,Android,47537.33,100,79759.86,Completed
TXN0003541,2024-09-26 09:25:16,CUST00137,Nasike Amollo,Female,19,Nakuru,0723957760,M-Pesa,Send Money,N/A,iOS,26962.49,105,127794.02,Completed
TXN0002842,2024-09-26 09:46:03,CUST00149,Kipchoge Kiprono,Male,48,Kiambu,0740034235,M-Pesa,Send Money,N/A,Android,12051.34,87,129638.28,Completed
TXN0005469,2024-09-26 09:52:10,CUST00473,Ochieng Mutiso,Female,22,Migori,0768049457,M-Pesa,Pay Bill,Electricity (KPLC),Android,51938.59,100,89244.0,Completed
TXN0004292,2024-09-26 10:36:06,CUST00268,Nyambura Wabwire,Male,69,Nakuru,0740292051,M-Pesa,Deposit Cash,N/A,Feature Phone,104908.92,0.0,42589.24,Completed
TXN0004434,2024-09-26 11:06:32,CUST00489,Anyango Kiplagat,Male,51,Kakamega,0723136978,M-Pesa,Send Money,N/A,Android,8430.66,62,112191.47,Completed
TXN0003441,2024-09-26 11:08:18,CUST00685,Njoroge Musyoka,Male,35,Homa Bay,0723424316,M-Pesa,Buy Goods (Till),Supermarket,Feature Phone,12665.19,62,239147.96,Completed
TXN0003514,2024-09-26 11:50:06,CUST00178,Chebet Kiprono,Female,23,Nairobi,0701551055,Airtel Money,Send Money,N/A,Feature Phone,8820.82,87,122945.32,Completed
TXN0001908,2024-09-26 12:30:02,CUST00716,Moraa Njoroge,Female,38,Kilifi,0111970471,Airtel Money,Deposit Cash,N/A,Android,74967.36,0.0,140613.17,Completed
TXN0004759,2024-09-26 13:42:42,CUST00177,Cheruiyot Mwangi,Male,23,Kiambu,0768767310,M-Pesa,Send Money,N/A,Android,32303.55,105,65979.84,Completed
TXN0000706,2024-09-26 17:22:24,CUST00385,Achieng Waweru,Male,66,Bomet,0790926221,T-Kash,Withdraw Cash,N/A,Android,22823.31,108,28836.88,Completed
TXN0002136,2024-09-26 17:44:44,CUST00691,Wanjiku Wekesa,Male,54,Nairobi,0722874753,M-Pesa,Buy Goods (Till),Restaurant,Feature Phone,15183.37,87,50072.69,Completed
TXN0001966,2024-09-26 18:29:50,CUST00230,Ndungu Omollo,Female,19,Turkana,0790095799,M-Pesa,Pay Bill,Water Utility,Android,52253.66,108,163944.67,Completed
TXN0005940,2024-09-26 19:34:32,CUST00792,Nyokabi Wekesa,Male,61,Nyeri,0759485436,M-Pesa,Buy Goods (Till),Pharmacy,Android,10880.42,62,17464.95,Completed
TXN0000327,2024-09-26 20:05:00,CUST00270,Nasike Langat,Female,27,Nairobi,0722366261,Airtel Money,Buy Goods (Till),Restaurant,Android,7965.97,62,19260.11,Completed
TXN0001538,2024-09-26 20:21:39,CUST00665,Gitau Amollo,Male,27,Kiambu,0768392256,M-Pesa,Pay Bill,DSTV/GOTV,Android,30916.99,100,175704.07,Completed
TXN0002819,2024-09-26 20:34:16,CUST00628,Anyango Onyango,Female,28,Mombasa,0768577870,M-Pesa,Buy Goods (Till),Restaurant,Feature Phone,2141.38,40,92036.11,Completed
TXN0000369,2024-09-26 22:02:55,CUST00336,Akinyi Cheptoo,Female,34,Nairobi,0790246342,M-Pesa,Send Money,N/A,Android,37103.14,0.0,178755.84,Failed
TXN0004982,2024-09-26 23:38:54,CUST00126,Auma Karanja,Female,71,Bungoma,0710715885,M-Pesa,Airtime Purchase,N/A,Android,892.24,0.0,172377.75,Completed
TXN0001103,2024-09-27 02:04:51,CUST00061,Wafula Owuor,Male,41,Machakos,0701672594,M-Pesa,Send Money,N/A,Android,19472.69,62,11022.21,Completed
TXN0005432,2024-09-27 07:09:02,CUST00653,Chebet Kiprono,Female,38,Kilifi,0722874116,M-Pesa,Send Money,N/A,Android,7532.69,55,54812.72,Completed
TXN0005708,2024-09-27 08:14:49,CUST00684,Wambui Otieno,Female,37,Nairobi,0111234300,M-Pesa,Withdraw Cash,N/A,Feature Phone,19584.66,55,29067.85,Completed
TXN0002575,2024-09-27 08:49:52,CUST00279,Wanjiku Kimani,Male,28,Kisumu,0701880429,M-Pesa,Send Money,N/A,Android,15072.91,55,164637.13,Completed
TXN0002965,2024-09-27 08:57:51,CUST00072,Wafula Onyango,Female,72,Mombasa,0740332608,M-Pesa,Pay Bill,Rent,Android,25746.2,0.0,181765.01,Failed
TXN0005957,2024-09-27 09:57:32,CUST00167,Kariuki Chepkwony,Male,59,Migori,0111289641,Airtel Money,Deposit Cash,N/A,Android,111670.65,0.0,127879.8,Completed
TXN0005866,2024-09-27 10:05:49,CUST00071,Kemboi Kamau,Female,69,Mombasa,0790614356,M-Pesa,Send Money,N/A,Android,55704.81,100,87135.04,Completed
TXN0005335,2024-09-27 12:28:39,CUST00271,Njoroge Ochieng,Male,68,Nairobi,0740678934,M-Pesa,Pay Bill,Internet (ISP),Android,44403.8,105,131873.6,Completed
TXN0004452,2024-09-27 13:31:54,CUST00436,Chebet Otieno,Female,22,Nairobi,0790704600,M-Pesa,Send Money,N/A,Android,21862.38,100,132586.07,Completed
TXN0000410,2024-09-27 15:10:10,CUST00390,Kibet Langat,Female,59,Homa Bay,0710711435,M-Pesa,Send Money,N/A,Feature Phone,23028.57,108,167975.98,Completed
TXN0003572,2024-09-27 15:39:18,CUST00502,Waweru Odhiambo,Female,52,Kiambu,0768464710,M-Pesa,Buy Goods (Till),Fuel Station,Feature Phone,4744.88,45,156660.09,Completed
TXN0000041,2024-09-27 15:50:46,CUST00136,Omondi Wanjala,Female,50,Nairobi,0111197238,M-Pesa,Buy Goods (Till),Pharmacy,Feature Phone,11036.93,62,31863.25,Completed
TXN0001990,2024-09-27 17:12:54,CUST00160,Kemboi Owuor,Male,32,Nakuru,0790098964,M-Pesa,Reversal,N/A,iOS,7220.4,0.0,106366.78,Completed
TXN0003056,2024-09-27 17:55:40,CUST00445,Simiyu Ruto,Male,53,Nairobi,0740900867,M-Pesa,Send Money,N/A,Android,64566.41,108,235919.14,Completed
TXN0003407,2024-09-27 18:05:26,CUST00686,Nyokabi Ruto,Male,65,Kajiado,0759622501,M-Pesa,Buy Goods (Till),Fuel Station,Android,6904.46,55,125726.08,Completed
TXN0004155,2024-09-27 19:10:40,CUST00786,Owino Kimani,Male,64,Uasin Gishu,0701772733,Airtel Money,Withdraw Cash,N/A,Android,5651.11,62,24538.74,Completed
TXN0002187,2024-09-27 19:10:41,CUST00588,Mumbi Waweru,Female,50,Bomet,0111387133,M-Pesa,Buy Goods (Till),Hardware,Android,5891.44,62,248535.58,Completed
TXN0004757,2024-09-27 19:51:04,CUST00638,Mwangi Kariuki,Female,22,Kiambu,0740461070,M-Pesa,Deposit Cash,N/A,iOS,132146.15,0.0,187978.68,Completed
TXN0003909,2024-09-27 20:36:28,CUST00352,Wairimu Musyoka,Male,29,Nairobi,0790881727,M-Pesa,Pay Bill,Electricity (KPLC),Feature Phone,7499.91,87,212703.82,Completed
TXN0000557,2024-09-27 21:55:31,CUST00237,Kipchoge Wanjala,Male,38,Homa Bay,0740614303,M-Pesa,Buy Goods (Till),Supermarket,Android,20335.04,108,61018.22,Completed
TXN0000140,2024-09-27 22:23:48,CUST00592,Njeri Ruto,Male,19,Uasin Gishu,0710215700,M-Pesa,Buy Goods (Till),Electronics,Android,1982.09,40,221648.81,Completed
TXN0003860,2024-09-27 22:50:15,CUST00658,Mumbi Wekesa,Male,42,Mombasa,0768213785,M-Pesa,Airtime Purchase,N/A,Feature Phone,1429.22,0.0,226896.67,Completed
TXN0002031,2024-09-28 00:38:43,CUST00566,Wairimu Wanjala,Male,38,Nakuru,0722493105,M-Pesa,Buy Goods (Till),Pharmacy,Android,7621.35,87,143041.27,Completed
TXN0003105,2024-09-28 08:50:44,CUST00046,Kagwe Owuor,Male,59,Kiambu,0759748532,T-Kash,Reversal,N/A,Android,7810.63,0.0,170144.87,Completed
TXN0001813,2024-09-28 10:59:31,CUST00610,Njeri Amollo,Female,43,Machakos,0740598457,M-Pesa,Buy Goods (Till),Supermarket,Feature Phone,12219.77,55,245235.05,Completed
TXN0002861,2024-09-28 14:46:04,CUST00231,Wairimu Amollo,Female,68,Homa Bay,0722795939,Equitel,Buy Goods (Till),Fuel Station,Android,11416.66,87,94826.78,Completed
TXN0005334,2024-09-28 15:21:49,CUST00726,Adhiambo Otieno,Female,31,Kericho,0768260042,M-Pesa,Send Money,N/A,Feature Phone,15066.31,87,39066.1,Completed
TXN0003582,2024-09-28 17:27:20,CUST00771,Cherono Barasa,Female,30,Nairobi,0759781757,M-Pesa,Airtime Purchase,N/A,Android,513.88,0.0,248991.52,Completed
TXN0003635,2024-09-28 18:54:11,CUST00480,Wafula Gichuru,Male,53,Machakos,0759877849,M-Pesa,Buy Goods (Till),Restaurant,Android,15917.07,62,19251.25,Completed
TXN0000399,2024-09-28 19:11:32,CUST00546,Barasa Mutiso,Female,68,Nakuru,0722758886,M-Pesa,Airtime Purchase,N/A,Android,586.82,0.0,157170.62,Completed
TXN0001307,2024-09-28 20:38:20,CUST00116,Njoroge Njoroge,Male,20,Bungoma,0722333840,M-Pesa,Send Money,N/A,Android,23719.61,108,193121.4,Completed
TXN0004525,2024-09-28 22:19:12,CUST00512,Wanjiku Wabwire,Female,43,Homa Bay,0790397281,M-Pesa,Reversal,N/A,Android,1288.28,0.0,176410.81,Failed
TXN0004989,2024-09-29 07:05:58,CUST00378,Kirui Owuor,Male,63,Nairobi,0111450195,M-Pesa,Deposit Cash,N/A,Android,27316.01,0.0,107006.65,Completed
TXN0000260,2024-09-29 07:47:15,CUST00318,Onyango Wanjala,Female,55,Nairobi,0768312854,M-Pesa,Deposit Cash,N/A,Android,46040.98,0.0,75173.61,Completed
TXN0003135,2024-09-29 10:10:02,CUST00014,Nyokabi Mwangi,Male,50,Nairobi,0701219547,Airtel Money,Send Money,N/A,Android,37552.9,100,219110.69,Completed
TXN0002186,2024-09-29 12:46:29,CUST00268,Nyambura Wabwire,Male,69,Nakuru,0740292051,M-Pesa,Withdraw Cash,N/A,Feature Phone,50091.11,105,34723.21,Completed
TXN0002118,2024-09-29 15:11:33,CUST00290,Nafula Kariuki,Female,27,Kajiado,0790253466,M-Pesa,Send Money,N/A,Android,20024.63,105,226355.38,Completed
TXN0005052,2024-09-29 15:55:52,CUST00712,Nabwire Owuor,Female,37,Meru,0768920397,M-Pesa,Send Money,N/A,Android,11080.48,55,75646.26,Completed
TXN0002329,2024-09-29 18:53:39,CUST00445,Simiyu Ruto,Male,53,Nairobi,0740900867,M-Pesa,Buy Goods (Till),Electronics,Android,12280.99,62,4100.28,Completed
TXN0001581,2024-09-29 19:07:51,CUST00564,Cheruiyot Kamau,Male,54,Machakos,0790515165,M-Pesa,Buy Goods (Till),Restaurant,Android,14832.63,55,31805.14,Completed
TXN0004623,2024-09-29 21:42:54,CUST00311,Auma Makau,Male,48,Migori,0722240302,Airtel Money,Send Money,N/A,Android,4235.27,45,2153.55,Completed
TXN0000422,2024-09-29 23:12:19,CUST00203,Otieno Ochieng,Female,72,Nairobi,0701092616,M-Pesa,Send Money,N/A,iOS,47477.8,100,174991.76,Completed
TXN0000079,2024-09-30 04:59:41,CUST00759,Cheruiyot Kiplagat,Female,59,Nairobi,0759119346,M-Pesa,Deposit Cash,N/A,Android,98657.58,0.0,126127.42,Completed
TXN0000397,2024-09-30 06:03:26,CUST00068,Kibet Kimani,Female,63,Turkana,0701800699,M-Pesa,Buy Goods (Till),Electronics,Android,21673.26,105,118771.83,Completed
TXN0005759,2024-09-30 08:29:45,CUST00289,Nafula Makau,Female,71,Kisumu,0768850161,M-Pesa,Deposit Cash,N/A,Android,88429.72,0.0,204212.44,Completed
TXN0003131,2024-09-30 08:45:20,CUST00705,Auma Wekesa,Female,67,Nakuru,0111449661,T-Kash,Buy Goods (Till),Hardware,iOS,12635.03,55,220368.29,Completed
TXN0005298,2024-09-30 12:29:44,CUST00787,Nasike Wanjala,Female,60,Nairobi,0759751393,M-Pesa,Buy Goods (Till),Electronics,Android,12459.46,62,86874.07,Completed
TXN0002487,2024-09-30 13:35:15,CUST00203,Otieno Ochieng,Female,72,Nairobi,0701092616,M-Pesa,Withdraw Cash,N/A,iOS,23800.47,108,198895.91,Completed
TXN0004779,2024-09-30 13:59:36,CUST00553,Wairimu Wanjala,Male,68,Machakos,0701687413,M-Pesa,Airtime Purchase,N/A,Android,767.2,0.0,199523.58,Reversed
TXN0005922,2024-09-30 15:28:47,CUST00258,Kiptoo Kimani,Female,56,Machakos,0790643232,M-Pesa,Send Money,N/A,iOS,22984.23,100,129943.0,Completed
TXN0002518,2024-09-30 20:38:16,CUST00499,Nabwire Onyango,Female,38,Uasin Gishu,0701163573,M-Pesa,Pay Bill,DSTV/GOTV,Android,28646.79,108,249512.25,Completed
TXN0000001,2024-09-30 21:27:17,CUST00491,Owino Musyoka,Female,60,Machakos,0768951414,M-Pesa,Pay Bill,Water Utility,iOS,68985.6,108,51465.24,Completed
TXN0003803,2024-10-01 00:15:50,CUST00140,Kemboi Musyoka,Female,51,Nakuru,0710455686,Airtel Money,Send Money,N/A,Android,3199.02,40,42394.98,Completed
TXN0002341,2024-10-01 01:50:13,CUST00058,Mutua Odhiambo,Male,71,Kericho,0722962074,M-Pesa,Reversal,N/A,Feature Phone,19225.03,0.0,80931.53,Completed
TXN0005215,2024-10-01 06:33:40,CUST00398,Kariuki Gichuru,Female,29,Garissa,0740790061,Airtel Money,Buy Goods (Till),Clothing,Feature Phone,1902.4,45,55129.02,Completed
TXN0005676,2024-10-01 08:15:14,CUST00037,Rotich Omollo,Female,35,Mombasa,0790238013,M-Pesa,Deposit Cash,N/A,Android,57002.94,0.0,82237.51,Completed
TXN0001897,2024-10-01 08:17:50,CUST00678,Mwangi Njoroge,Male,36,Nairobi,0768430699,Equitel,Send Money,N/A,Android,9361.93,62,91512.87,Completed
TXN0003484,2024-10-01 08:19:46,CUST00095,Nabwire Waweru,Female,54,Nakuru,0768249194,M-Pesa,Pay Bill,DSTV/GOTV,Android,110338.57,100,76137.89,Completed
TXN0005456,2024-10-01 09:29:37,CUST00445,Simiyu Ruto,Male,53,Nairobi,0740900867,M-Pesa,Withdraw Cash,N/A,Android,30147.42,100,175145.1,Completed
TXN0004865,2024-10-01 10:35:27,CUST00470,Chelagat Kariuki,Male,30,Nairobi,0759869934,M-Pesa,Send Money,N/A,Android,18136.33,62,87087.43,Completed
TXN0001418,2024-10-01 12:53:46,CUST00466,Nyambura Omollo,Male,25,Nairobi,0111543276,Equitel,Withdraw Cash,N/A,Android,46852.3,105,27971.46,Completed
TXN0005702,2024-10-01 15:40:12,CUST00061,Wafula Owuor,Male,41,Machakos,0701672594,M-Pesa,Deposit Cash,N/A,Android,79376.66,0.0,42641.66,Completed
TXN0000340,2024-10-01 16:10:06,CUST00391,Kirui Chepkwony,Male,42,Nairobi,0710956181,M-Pesa,Pay Bill,Insurance,Android,21663.84,105,88789.24,Completed
TXN0000411,2024-10-01 16:19:56,CUST00385,Achieng Waweru,Male,66,Bomet,0790926221,T-Kash,Buy Goods (Till),Hardware,Android,17736.54,0.0,106128.56,Reversed
TXN0002337,2024-10-01 17:32:03,CUST00285,Kariuki Kamau,Male,51,Nyeri,0759984591,M-Pesa,Buy Goods (Till),Clothing,Feature Phone,21677.18,105,102132.12,Completed
TXN0002972,2024-10-01 18:14:58,CUST00354,Barasa Musyoka,Male,58,Kiambu,0111882163,M-Pesa,Send Money,N/A,Android,35585.45,108,38374.02,Completed
TXN0005875,2024-10-01 18:29:23,CUST00211,Kamau Gichuru,Male,43,Kisumu,0759744651,M-Pesa,Send Money,N/A,Android,50136.75,105,189195.93,Completed
TXN0001194,2024-10-01 20:12:27,CUST00567,Wairimu Wekesa,Male,36,Nairobi,0790719609,M-Pesa,Send Money,N/A,Feature Phone,57545.31,108,240477.18,Completed
TXN0003282,2024-10-02 04:41:58,CUST00269,Rotich Kariuki,Female,67,Kisumu,0722501801,M-Pesa,Withdraw Cash,N/A,Android,22324.07,105,3723.24,Completed
TXN0003622,2024-10-02 06:30:49,CUST00240,Njoroge Kamau,Male,38,Nairobi,0723013758,M-Pesa,Pay Bill,Internet (ISP),Android,30329.82,100,104566.22,Completed
TXN0000199,2024-10-02 09:07:53,CUST00495,Kariuki Sang,Female,25,Uasin Gishu,0701665485,M-Pesa,Send Money,N/A,Android,8457.9,55,114560.51,Completed
TXN0002776,2024-10-02 09:17:04,CUST00723,Simiyu Amollo,Male,53,Nairobi,0723213034,M-Pesa,Buy Goods (Till),Hardware,Android,15659.24,62,209114.32,Completed
TXN0005790,2024-10-02 09:51:01,CUST00544,Simiyu Makau,Female,23,Kakamega,0710114794,M-Pesa,Airtime Purchase,N/A,Android,560.64,0.0,55533.61,Completed
TXN0000985,2024-10-02 11:40:58,CUST00611,Owino Langat,Female,71,Nyeri,0790388416,M-Pesa,Pay Bill,Rent,Android,83885.57,105,62138.22,Completed
TXN0002054,2024-10-02 12:52:19,CUST00502,Waweru Odhiambo,Female,52,Kiambu,0768464710,M-Pesa,Pay Bill,Electricity (KPLC),Feature Phone,16957.08,87,5419.72,Completed
TXN0002947,2024-10-02 15:29:45,CUST00778,Auma Wanjala,Female,52,Turkana,0790081647,M-Pesa,Send Money,N/A,Feature Phone,31831.03,100,152564.6,Completed
TXN0002103,2024-10-02 15:31:40,CUST00401,Rotich Kiplagat,Male,52,Turkana,0701747827,M-Pesa,Send Money,N/A,Android,17775.71,87,172730.78,Completed
TXN0001382,2024-10-02 17:28:53,CUST00597,Nyambura Owuor,Male,42,Kilifi,0759351754,T-Kash,Buy Goods (Till),Fuel Station,Android,4829.15,40,82148.35,Completed
TXN0000062,2024-10-02 17:35:28,CUST00741,Rotich Kamau,Male,58,Trans Nzoia,0723191121,M-Pesa,Withdraw Cash,N/A,Feature Phone,1581.98,45,152804.3,Completed
TXN0001508,2024-10-02 20:04:45,CUST00708,Njoroge Kiplagat,Male,27,Kajiado,0759992801,T-Kash,Send Money,N/A,Feature Phone,15362.8,55,25268.84,Completed
TXN0000916,2024-10-02 20:46:17,CUST00163,Cherono Onyango,Male,61,Machakos,0722817754,Airtel Money,Deposit Cash,N/A,Android,72367.05,0.0,55459.23,Completed
TXN0005311,2024-10-02 22:09:28,CUST00402,Nabwire Odhiambo,Male,39,Bungoma,0111018335,M-Pesa,Withdraw Cash,N/A,Android,8815.59,87,63731.83,Completed
TXN0001617,2024-10-02 23:17:08,CUST00540,Nabwire Amollo,Female,71,Nakuru,0111067987,M-Pesa,Pay Bill,Internet (ISP),Android,92922.6,105,174867.68,Completed
TXN0004837,2024-10-03 00:09:17,CUST00500,Wafula Musyoka,Female,58,Kericho,0723852094,M-Pesa,Buy Goods (Till),Fuel Station,Feature Phone,6797.94,55,180645.57,Completed
TXN0004178,2024-10-03 03:03:37,CUST00411,Nafula Kimani,Female,63,Kilifi,0701228693,M-Pesa,Send Money,N/A,Android,3493.0,33,97517.09,Completed
TXN0004532,2024-10-03 05:03:10,CUST00740,Kipchoge Omollo,Female,59,Turkana,0790187832,M-Pesa,Send Money,N/A,Android,15122.97,55,207512.58,Completed
TXN0002991,2024-10-03 09:37:46,CUST00319,Akinyi Wanjala,Female,20,Garissa,0759514168,Airtel Money,Buy Goods (Till),Fuel Station,Feature Phone,21197.82,108,119902.01,Completed
TXN0000652,2024-10-03 10:27:35,CUST00316,Nabwire Kiprono,Male,21,Nairobi,0710549687,Airtel Money,Withdraw Cash,N/A,iOS,20332.56,105,81938.46,Completed
TXN0002338,2024-10-03 11:41:49,CUST00591,Simiyu Omollo,Male,47,Machakos,0740478834,Airtel Money,Withdraw Cash,N/A,Android,13384.87,55,33928.61,Completed
TXN0003914,2024-10-03 11:54:46,CUST00449,Kariuki Wekesa,Female,28,Kakamega,0722032268,M-Pesa,Send Money,N/A,Android,32872.31,100,231604.08,Completed
TXN0005996,2024-10-03 12:47:01,CUST00012,Auma Odhiambo,Male,48,Migori,0710284257,M-Pesa,Buy Goods (Till),Clothing,Android,11515.26,55,127030.51,Completed
TXN0002491,2024-10-03 14:48:50,CUST00630,Wafula Kamau,Male,18,Kericho,0111499934,M-Pesa,Send Money,N/A,Android,20233.73,100,78412.06,Completed
TXN0000742,2024-10-03 15:50:53,CUST00726,Adhiambo Otieno,Female,31,Kericho,0768260042,M-Pesa,Send Money,N/A,Feature Phone,36374.44,100,22514.41,Completed
TXN0001635,2024-10-03 17:27:34,CUST00203,Otieno Ochieng,Female,72,Nairobi,0701092616,M-Pesa,Withdraw Cash,N/A,iOS,9223.84,87,64743.8,Completed
TXN0003861,2024-10-03 17:47:46,CUST00029,Otieno Ochieng,Female,34,Nairobi,0790053749,M-Pesa,Send Money,N/A,Feature Phone,34141.71,105,120889.45,Completed
TXN0003644,2024-10-03 18:05:31,CUST00464,Gitau Njuguna,Female,39,Kakamega,0111465545,Airtel Money,Airtime Purchase,N/A,Android,1362.04,0.0,125417.77,Completed
TXN0000925,2024-10-03 18:06:41,CUST00087,Kiprop Mwangi,Male,45,Nairobi,0111855531,M-Pesa,Send Money,N/A,Android,5595.01,55,13470.77,Completed
TXN0005591,2024-10-03 18:09:07,CUST00371,Maina Wanjala,Female,54,Kisumu,0740471347,M-Pesa,Buy Goods (Till),Hardware,Android,8444.34,55,35439.8,Completed
TXN0003023,2024-10-03 21:05:57,CUST00555,Kagwe Waweru,Female,50,Nairobi,0722825179,M-Pesa,Send Money,N/A,Android,12765.35,87,202419.46,Completed
TXN0002736,2024-10-03 21:48:01,CUST00445,Simiyu Ruto,Male,53,Nairobi,0740900867,M-Pesa,Send Money,N/A,Android,43916.25,108,166606.29,Completed
TXN0000202,2024-10-03 22:22:35,CUST00578,Mwangi Cheptoo,Female,35,Uasin Gishu,0701117661,M-Pesa,Buy Goods (Till),Clothing,Feature Phone,6729.95,87,76185.34,Completed
TXN0004308,2024-10-03 23:10:41,CUST00662,Auma Njuguna,Female,49,Meru,0759996566,M-Pesa,Buy Goods (Till),Supermarket,Android,16551.31,62,30860.59,Completed
TXN0001632,2024-10-03 23:46:07,CUST00057,Jelagat Ochieng,Female,47,Meru,0768954004,M-Pesa,Buy Goods (Till),Restaurant,Android,9240.88,55,177177.88,Completed
TXN0003041,2024-10-04 03:10:50,CUST00252,Cherono Makau,Female,44,Machakos,0723128778,Airtel Money,Buy Goods (Till),Electronics,Android,16939.08,87,104228.73,Completed
TXN0002921,2024-10-04 05:26:37,CUST00436,Chebet Otieno,Female,22,Nairobi,0790704600,M-Pesa,Send Money,N/A,Android,56166.36,105,124926.44,Completed
TXN0003735,2024-10-04 08:20:11,CUST00737,Wangari Chepkwony,Female,43,Nairobi,0768885169,M-Pesa,Buy Goods (Till),Electronics,Feature Phone,19696.75,55,70758.06,Completed
TXN0000022,2024-10-04 12:05:04,CUST00701,Owino Kimani,Male,36,Nairobi,0768679492,T-Kash,Buy Goods (Till),Fuel Station,Android,9321.68,87,56988.11,Completed
TXN0000084,2024-10-04 12:21:23,CUST00018,Njoroge Waweru,Female,62,Bomet,0759641207,M-Pesa,Reversal,N/A,Android,20755.87,0.0,190675.1,Failed
TXN0004798,2024-10-04 17:14:44,CUST00218,Njeri Karanja,Female,47,Kericho,0790350253,M-Pesa,Deposit Cash,N/A,Android,85375.49,0.0,235685.54,Completed
TXN0003483,2024-10-04 18:44:15,CUST00098,Onyango Sang,Female,54,Kilifi,0701686939,M-Pesa,Buy Goods (Till),Clothing,Android,1608.34,45,237958.76,Completed
TXN0004110,2024-10-04 20:19:38,CUST00266,Kibet Sang,Male,71,Kisumu,0722662631,M-Pesa,Withdraw Cash,N/A,Android,18789.51,0.0,88487.89,Failed
TXN0004706,2024-10-05 06:58:05,CUST00181,Anyango Mutiso,Male,71,Machakos,0111448653,M-Pesa,Pay Bill,Internet (ISP),Android,70478.7,108,236963.73,Completed
TXN0000196,2024-10-05 07:25:32,CUST00062,Cheruiyot Wekesa,Male,37,Uasin Gishu,0759428196,M-Pesa,Send Money,N/A,iOS,19950.41,55,90843.32,Completed
TXN0003543,2024-10-05 08:16:10,CUST00521,Cheruiyot Waweru,Female,65,Machakos,0723003299,T-Kash,Buy Goods (Till),Hardware,iOS,7478.13,55,218214.61,Completed
TXN0000862,2024-10-05 08:28:39,CUST00311,Auma Makau,Male,48,Migori,0722240302,Airtel Money,Send Money,N/A,Android,25285.08,105,146608.38,Completed
TXN0003150,2024-10-05 09:02:46,CUST00162,Kiptoo Waweru,Male,44,Uasin Gishu,0710323043,M-Pesa,Send Money,N/A,Feature Phone,18536.38,55,51570.43,Completed
TXN0005165,2024-10-05 09:05:11,CUST00315,Kagwe Ochieng,Female,48,Kakamega,0701218005,M-Pesa,Send Money,N/A,Android,36881.38,105,81945.55,Completed
TXN0003230,2024-10-05 10:00:09,CUST00282,Mutua Cheptoo,Male,47,Kiambu,0701734060,M-Pesa,Deposit Cash,N/A,Android,107882.57,0.0,161943.62,Completed
TXN0005822,2024-10-05 10:36:41,CUST00329,Nabwire Kamau,Female,34,Nairobi,0759102989,Airtel Money,Pay Bill,SACCO,Feature Phone,96226.31,105,116943.55,Completed
TXN0000538,2024-10-05 11:18:38,CUST00188,Nasike Ochieng,Female,46,Nyeri,0701338186,M-Pesa,Deposit Cash,N/A,Android,89692.65,0.0,97907.56,Completed
TXN0005136,2024-10-05 13:41:31,CUST00618,Nyokabi Amollo,Male,30,Meru,0723287811,M-Pesa,Send Money,N/A,Android,30116.55,108,14196.62,Completed
TXN0004764,2024-10-05 14:21:29,CUST00625,Nyokabi Omollo,Female,31,Kisumu,0740862851,M-Pesa,Buy Goods (Till),Fuel Station,Android,3998.54,40,37413.37,Completed
TXN0004329,2024-10-05 15:05:41,CUST00505,Barasa Odhiambo,Male,56,Nairobi,0740112845,M-Pesa,Send Money,N/A,Android,43031.23,105,155925.33,Completed
TXN0005809,2024-10-05 15:37:50,CUST00037,Rotich Omollo,Female,35,Mombasa,0790238013,M-Pesa,Airtime Purchase,N/A,Android,1002.88,0.0,39170.35,Completed
TXN0004663,2024-10-05 16:09:08,CUST00469,Kagwe Musyoka,Male,20,Nairobi,0759106233,M-Pesa,Withdraw Cash,N/A,Android,15847.47,55,56975.33,Completed
TXN0001136,2024-10-05 18:52:07,CUST00450,Wairimu Wekesa,Male,28,Bungoma,0701502454,M-Pesa,Buy Goods (Till),Restaurant,Feature Phone,19312.37,55,60924.81,Completed
TXN0002542,2024-10-05 21:21:16,CUST00496,Akinyi Odhiambo,Female,40,Kilifi,0790300837,M-Pesa,Send Money,N/A,Feature Phone,28902.03,105,204407.11,Completed
TXN0000418,2024-10-05 22:36:58,CUST00058,Mutua Odhiambo,Male,71,Kericho,0722962074,M-Pesa,Withdraw Cash,N/A,Feature Phone,12300.5,55,46393.7,Completed
TXN0002424,2024-10-05 22:39:03,CUST00534,Njoroge Njuguna,Female,21,Uasin Gishu,0722554478,M-Pesa,Pay Bill,Insurance,Android,136404.21,108,42122.11,Completed
TXN0001741,2024-10-05 23:09:52,CUST00355,Anyango Gichuru,Male,33,Nairobi,0722566172,M-Pesa,Pay Bill,Water Utility,Android,16378.76,62,65143.01,Completed
TXN0000573,2024-10-05 23:33:42,CUST00478,Moraa Njoroge,Male,67,Machakos,0723513387,M-Pesa,Airtime Purchase,N/A,Android,1561.97,0.0,151379.29,Completed
TXN0001909,2024-10-06 05:14:40,CUST00499,Nabwire Onyango,Female,38,Uasin Gishu,0701163573,M-Pesa,Withdraw Cash,N/A,Android,15575.09,55,147872.83,Completed
TXN0003756,2024-10-06 07:42:27,CUST00691,Wanjiku Wekesa,Male,54,Nairobi,0722874753,M-Pesa,Buy Goods (Till),Fuel Station,Feature Phone,15199.12,62,200493.0,Completed
TXN0005070,2024-10-06 11:31:35,CUST00793,Jelagat Waweru,Male,58,Nakuru,0723515140,M-Pesa,Send Money,N/A,Android,11752.78,87,21772.35,Completed
TXN0001541,2024-10-06 12:02:42,CUST00016,Wafula Chepkwony,Male,46,Nairobi,0710229485,M-Pesa,Buy Goods (Till),Restaurant,iOS,5724.31,55,94264.25,Completed
TXN0005619,2024-10-06 12:11:44,CUST00769,Omondi Waweru,Male,72,Nairobi,0710305642,M-Pesa,Withdraw Cash,N/A,iOS,5633.22,62,27757.65,Completed
TXN0005707,2024-10-06 12:53:07,CUST00136,Omondi Wanjala,Female,50,Nairobi,0111197238,M-Pesa,Send Money,N/A,Feature Phone,22453.25,105,108176.92,Completed
TXN0004635,2024-10-06 16:59:39,CUST00179,Njoroge Waweru,Male,42,Bungoma,0759995131,M-Pesa,Pay Bill,Electricity (KPLC),Android,59614.94,0.0,40504.3,Reversed
TXN0003653,2024-10-06 17:39:49,CUST00507,Kibet Wanjala,Male,37,Kericho,0768868388,M-Pesa,Withdraw Cash,N/A,Android,29556.43,108,78202.01,Completed
TXN0004511,2024-10-06 18:44:03,CUST00793,Jelagat Waweru,Male,58,Nakuru,0723515140,M-Pesa,Withdraw Cash,N/A,Android,14003.68,62,238542.31,Completed
TXN0000379,2024-10-06 19:22:59,CUST00326,Cheruiyot Wanjala,Female,21,Migori,0710642682,M-Pesa,Send Money,N/A,Android,33770.35,108,4365.45,Completed
TXN0002935,2024-10-06 20:04:26,CUST00500,Wafula Musyoka,Female,58,Kericho,0723852094,M-Pesa,Buy Goods (Till),Electronics,Feature Phone,13328.13,55,21285.81,Completed
TXN0004213,2024-10-06 21:22:32,CUST00325,Kiprop Amollo,Male,27,Mombasa,0768023679,M-Pesa,Pay Bill,Water Utility,Android,63278.0,105,121172.35,Completed
TXN0004158,2024-10-06 21:22:35,CUST00675,Wambui Owuor,Female,70,Turkana,0701880042,M-Pesa,Send Money,N/A,Android,45667.72,105,219142.51,Completed
TXN0003360,2024-10-06 21:49:20,CUST00644,Atieno Amollo,Male,61,Trans Nzoia,0701141622,M-Pesa,Airtime Purchase,N/A,Android,495.5,0.0,6137.46,Completed
TXN0001209,2024-10-06 23:14:33,CUST00690,Auma Amollo,Male,43,Kisumu,0759891737,M-Pesa,Buy Goods (Till),Supermarket,Android,9100.38,87,22831.0,Completed
TXN0000012,2024-10-07 02:58:31,CUST00747,Waweru Wanjala,Female,65,Kiambu,0111664536,M-Pesa,Airtime Purchase,N/A,Android,1084.78,0.0,138323.54,Completed
TXN0003237,2024-10-07 06:49:53,CUST00470,Chelagat Kariuki,Male,30,Nairobi,0759869934,M-Pesa,Send Money,N/A,Android,58383.3,100,87937.04,Completed
TXN0002598,2024-10-07 11:09:37,CUST00129,Akinyi Kimani,Female,19,Kisumu,0759294862,M-Pesa,Send Money,N/A,Android,28240.25,100,156621.05,Completed
TXN0005599,2024-10-07 11:29:15,CUST00580,Wanjiku Waweru,Female,59,Kakamega,0722838415,M-Pesa,Withdraw Cash,N/A,Android,14647.15,62,63108.32,Completed
TXN0002834,2024-10-07 12:01:22,CUST00107,Wairimu Omollo,Male,37,Bomet,0701916547,M-Pesa,Buy Goods (Till),Pharmacy,Android,12639.23,62,5939.25,Completed
TXN0004681,2024-10-07 13:10:33,CUST00379,Nyokabi Musyoka,Female,43,Kilifi,0722336295,Airtel Money,Deposit Cash,N/A,Android,46945.11,0.0,236750.49,Completed
TXN0005361,2024-10-07 14:08:55,CUST00501,Cheruiyot Cheptoo,Male,55,Nairobi,0111255430,Airtel Money,Send Money,N/A,Android,53223.73,100,185513.15,Completed
TXN0000046,2024-10-07 14:29:50,CUST00008,Moraa Musyoka,Male,23,Kilifi,0723116535,M-Pesa,Pay Bill,Loan Repayment,Android,40258.81,105,44180.57,Completed
TXN0000960,2024-10-07 17:35:34,CUST00500,Wafula Musyoka,Female,58,Kericho,0723852094,M-Pesa,Send Money,N/A,Feature Phone,48967.85,108,56032.67,Completed
TXN0005393,2024-10-07 19:51:40,CUST00502,Waweru Odhiambo,Female,52,Kiambu,0768464710,M-Pesa,Reversal,N/A,Feature Phone,4352.89,0.0,187995.23,Completed
TXN0003900,2024-10-07 20:58:21,CUST00638,Mwangi Kariuki,Female,22,Kiambu,0740461070,M-Pesa,Send Money,N/A,iOS,26321.48,105,39993.39,Completed
TXN0000503,2024-10-08 06:45:58,CUST00778,Auma Wanjala,Female,52,Turkana,0790081647,M-Pesa,Airtime Purchase,N/A,Feature Phone,667.14,0.0,20741.17,Completed
TXN0002008,2024-10-08 07:59:58,CUST00375,Akinyi Wabwire,Male,27,Garissa,0790061402,M-Pesa,Buy Goods (Till),Restaurant,Android,10550.76,55,112063.71,Completed
TXN0005978,2024-10-08 08:20:04,CUST00656,Kariuki Barasa,Female,62,Machakos,0710636767,Airtel Money,Send Money,N/A,Android,40815.85,100,126368.18,Completed
TXN0005206,2024-10-08 08:29:00,CUST00193,Kariuki Kimani,Male,52,Meru,0710541340,M-Pesa,Airtime Purchase,N/A,Android,1029.03,0.0,117470.76,Completed
TXN0005063,2024-10-08 08:48:26,CUST00667,Ochieng Makau,Male,37,Machakos,0701035220,M-Pesa,Send Money,N/A,Android,23487.34,100,66259.61,Completed
TXN0005172,2024-10-08 09:23:54,CUST00287,Auma Kiprono,Female,44,Machakos,0759278796,M-Pesa,Pay Bill,Rent,Android,2685.75,0.0,52014.99,Failed
TXN0000750,2024-10-08 11:25:01,CUST00342,Ndungu Kimani,Female,43,Kiambu,0701797541,Airtel Money,Buy Goods (Till),Fuel Station,Android,14932.64,87,29925.24,Completed
TXN0000374,2024-10-08 12:39:08,CUST00453,Gitau Wekesa,Female,66,Kiambu,0790676619,Airtel Money,Pay Bill,Internet (ISP),Android,11816.81,55,192137.3,Completed
TXN0005917,2024-10-08 13:00:15,CUST00090,Cherono Langat,Male,66,Kiambu,0111311607,Equitel,Send Money,N/A,Android,18727.73,55,152719.29,Completed
TXN0004248,2024-10-08 13:54:45,CUST00230,Ndungu Omollo,Female,19,Turkana,0790095799,M-Pesa,Buy Goods (Till),Electronics,Android,20322.8,100,72196.36,Completed
TXN0000165,2024-10-08 17:12:33,CUST00335,Wairimu Otieno,Female,50,Kiambu,0710415306,M-Pesa,Buy Goods (Till),Clothing,Android,4468.02,33,95478.25,Completed
TXN0000648,2024-10-08 21:54:45,CUST00609,Auma Cheptoo,Male,31,Kiambu,0701153274,M-Pesa,Pay Bill,DSTV/GOTV,iOS,83142.88,108,249033.92,Completed
TXN0001804,2024-10-08 22:35:31,CUST00132,Wafula Sang,Female,28,Kisumu,0759484034,M-Pesa,Buy Goods (Till),Restaurant,Android,9829.08,55,103541.87,Completed
TXN0000804,2024-10-08 22:41:09,CUST00224,Cheruiyot Langat,Female,56,Nairobi,0111179302,Airtel Money,Buy Goods (Till),Electronics,Android,20891.33,105,148138.76,Completed
TXN0000195,2024-10-08 23:06:23,CUST00734,Rotich Kiplagat,Male,50,Uasin Gishu,0722682751,Airtel Money,Pay Bill,Internet (ISP),iOS,76299.25,105,120201.89,Completed
TXN0001461,2024-10-08 23:44:20,CUST00581,Kagwe Omollo,Male,21,Kiambu,0768533388,Equitel,Send Money,N/A,Android,21590.68,105,142820.15,Completed
TXN0000956,2024-10-09 00:43:31,CUST00277,Nasike Wabwire,Male,49,Nairobi,0768406085,M-Pesa,Withdraw Cash,N/A,Feature Phone,29207.48,108,37609.25,Completed
TXN0002017,2024-10-09 01:30:44,CUST00160,Kemboi Owuor,Male,32,Nakuru,0790098964,M-Pesa,Pay Bill,SACCO,iOS,39222.41,105,23067.36,Completed
TXN0005233,2024-10-09 03:10:55,CUST00778,Auma Wanjala,Female,52,Turkana,0790081647,M-Pesa,Send Money,N/A,Feature Phone,35560.65,105,67663.57,Completed
TXN0005237,2024-10-09 04:27:48,CUST00422,Gitau Wabwire,Female,52,Uasin Gishu,0722957146,M-Pesa,Pay Bill,Electricity (KPLC),Feature Phone,68275.69,108,91289.11,Completed
TXN0002705,2024-10-09 07:07:52,CUST00582,Njeri Wabwire,Female,33,Nairobi,0111360485,M-Pesa,Reversal,N/A,Android,13414.56,0.0,204635.88,Completed
TXN0004740,2024-10-09 09:18:10,CUST00229,Rotich Gichuru,Male,52,Bungoma,0768735495,M-Pesa,Send Money,N/A,Android,32025.18,105,26552.02,Completed
TXN0004621,2024-10-09 09:20:33,CUST00687,Mumbi Wabwire,Male,59,Kajiado,0740790537,Equitel,Reversal,N/A,Android,19397.64,0.0,105624.37,Completed
TXN0005394,2024-10-09 11:47:55,CUST00644,Atieno Amollo,Male,61,Trans Nzoia,0701141622,M-Pesa,Airtime Purchase,N/A,Android,716.25,0.0,9530.47,Failed
TXN0000158,2024-10-09 13:59:29,CUST00008,Moraa Musyoka,Male,23,Kilifi,0723116535,M-Pesa,Buy Goods (Till),Electronics,Android,22908.64,108,203208.78,Completed
TXN0000923,2024-10-09 14:55:21,CUST00501,Cheruiyot Cheptoo,Male,55,Nairobi,0111255430,Airtel Money,Send Money,N/A,Android,25121.07,108,24357.08,Completed
TXN0005636,2024-10-09 15:43:30,CUST00318,Onyango Wanjala,Female,55,Nairobi,0768312854,M-Pesa,Buy Goods (Till),Pharmacy,Android,4383.16,40,26212.03,Completed
TXN0003501,2024-10-09 16:39:11,CUST00703,Akinyi Amollo,Female,36,Kiambu,0723243297,Airtel Money,Send Money,N/A,Feature Phone,57394.87,105,194714.9,Completed
TXN0000874,2024-10-09 20:16:48,CUST00661,Kiprop Ochieng,Male,50,Kiambu,0759196209,Airtel Money,Buy Goods (Till),Clothing,Android,2941.83,40,196802.91,Completed
TXN0001321,2024-10-09 20:27:41,CUST00521,Cheruiyot Waweru,Female,65,Machakos,0723003299,T-Kash,Withdraw Cash,N/A,iOS,13182.46,62,184293.28,Completed
TXN0001982,2024-10-09 20:54:15,CUST00103,Nyokabi Mwangi,Male,55,Kakamega,0111366170,M-Pesa,Send Money,N/A,Android,43046.66,108,66325.55,Completed
TXN0003765,2024-10-09 22:22:34,CUST00463,Njoroge Waweru,Male,61,Kisumu,0710447010,Airtel Money,Buy Goods (Till),Pharmacy,Feature Phone,4699.98,40,215509.44,Completed
TXN0000338,2024-10-09 23:40:11,CUST00778,Auma Wanjala,Female,52,Turkana,0790081647,M-Pesa,Reversal,N/A,Feature Phone,25057.35,0.0,232206.54,Completed
TXN0002416,2024-10-09 23:45:44,CUST00350,Kibet Kamau,Male,27,Nairobi,0759092140,M-Pesa,Send Money,N/A,Android,28160.03,100,158641.08,Completed
TXN0000661,2024-10-10 00:25:47,CUST00190,Jelagat Njuguna,Male,45,Nakuru,0740278018,M-Pesa,Pay Bill,Water Utility,Android,59241.59,100,117578.92,Completed
TXN0003528,2024-10-10 01:15:19,CUST00487,Ochieng Kiprono,Male,49,Kilifi,0790503126,M-Pesa,Send Money,N/A,iOS,13958.63,62,67702.96,Completed
TXN0005656,2024-10-10 07:15:15,CUST00170,Otieno Owuor,Male,64,Kiambu,0790086891,M-Pesa,Buy Goods (Till),Electronics,Android,8199.33,62,11596.58,Completed
TXN0005267,2024-10-10 08:16:21,CUST00286,Chebet Onyango,Male,60,Machakos,0111539972,T-Kash,Pay Bill,Electricity (KPLC),iOS,101856.39,100,141381.58,Completed
TXN0002957,2024-10-10 10:47:47,CUST00609,Auma Cheptoo,Male,31,Kiambu,0701153274,M-Pesa,Send Money,N/A,iOS,58195.83,105,185253.62,Completed
TXN0002374,2024-10-10 12:02:47,CUST00540,Nabwire Amollo,Female,71,Nakuru,0111067987,M-Pesa,Pay Bill,DSTV/GOTV,Android,15171.85,87,57889.34,Completed
TXN0005664,2024-10-10 13:16:40,CUST00135,Muthoni Gichuru,Female,39,Uasin Gishu,0111715501,M-Pesa,Pay Bill,SACCO,Android,118427.49,108,149573.43,Completed
TXN0000147,2024-10-10 15:33:41,CUST00326,Cheruiyot Wanjala,Female,21,Migori,0710642682,M-Pesa,Withdraw Cash,N/A,Android,9949.58,62,204947.77,Completed
TXN0000847,2024-10-10 16:08:35,CUST00091,Kirui Waweru,Male,47,Kiambu,0111339581,M-Pesa,Buy Goods (Till),Fuel Station,Android,9570.11,55,26805.56,Completed
TXN0001206,2024-10-10 16:43:51,CUST00294,Wanjiku Mutiso,Female,47,Meru,0710095768,M-Pesa,Pay Bill,Loan Repayment,Feature Phone,28628.73,105,15814.39,Completed
TXN0004785,2024-10-10 16:46:11,CUST00531,Waweru Makau,Female,69,Homa Bay,0710303143,M-Pesa,Send Money,N/A,Android,7442.06,62,11091.16,Completed
TXN0003388,2024-10-10 17:45:02,CUST00747,Waweru Wanjala,Female,65,Kiambu,0111664536,M-Pesa,Deposit Cash,N/A,Android,114428.59,0.0,199270.14,Completed
TXN0000948,2024-10-10 21:00:37,CUST00799,Owino Njoroge,Female,39,Mombasa,0722200478,M-Pesa,Pay Bill,Water Utility,Android,106464.78,105,240629.81,Completed
TXN0005596,2024-10-10 21:33:07,CUST00674,Nyokabi Wabwire,Male,61,Nairobi,0759882420,M-Pesa,Send Money,N/A,Android,14629.06,55,151684.99,Completed
TXN0002090,2024-10-10 22:41:12,CUST00569,Mwangi Kariuki,Female,21,Kiambu,0759444282,T-Kash,Pay Bill,DSTV/GOTV,Android,118123.4,100,111176.84,Completed
TXN0002232,2024-10-10 22:51:06,CUST00522,Wanjiku Kariuki,Male,50,Machakos,0790961801,M-Pesa,Send Money,N/A,Android,21170.08,100,185909.82,Completed
TXN0002246,2024-10-10 23:18:57,CUST00371,Maina Wanjala,Female,54,Kisumu,0740471347,M-Pesa,Withdraw Cash,N/A,Android,11381.26,87,49246.71,Completed
TXN0005776,2024-10-10 23:26:36,CUST00358,Kibet Makau,Female,47,Kiambu,0759154854,M-Pesa,Withdraw Cash,N/A,Android,51985.9,108,245877.58,Completed
TXN0003031,2024-10-11 03:39:04,CUST00372,Moraa Waweru,Female,67,Meru,0710413559,M-Pesa,Withdraw Cash,N/A,Android,11333.36,62,53221.42,Completed
TXN0005952,2024-10-11 07:06:38,CUST00083,Barasa Otieno,Male,26,Kilifi,0759104354,M-Pesa,Withdraw Cash,N/A,Android,48942.17,105,246140.59,Completed
TXN0003658,2024-10-11 09:48:25,CUST00242,Kemboi Barasa,Female,37,Nairobi,0722354000,Airtel Money,Pay Bill,Insurance,Android,133301.91,100,71987.21,Completed
TXN0002389,2024-10-11 09:53:59,CUST00100,Akinyi Wanjala,Male,50,Nakuru,0759970951,M-Pesa,Pay Bill,Water Utility,Android,35250.68,108,191357.34,Completed
TXN0003695,2024-10-11 10:01:18,CUST00144,Rotich Omollo,Male,21,Nairobi,0111717059,M-Pesa,Send Money,N/A,iOS,27389.98,100,81516.92,Completed
TXN0005490,2024-10-11 11:06:10,CUST00587,Mumbi Gichuru,Male,71,Nairobi,0710624742,Airtel Money,Buy Goods (Till),Electronics,Android,15391.75,55,14802.24,Completed
TXN0005559,2024-10-11 12:08:54,CUST00734,Rotich Kiplagat,Male,50,Uasin Gishu,0722682751,Airtel Money,Withdraw Cash,N/A,iOS,44316.98,108,23161.08,Completed
TXN0000631,2024-10-11 13:43:33,CUST00549,Chelagat Sang,Female,18,Nairobi,0701350373,M-Pesa,Withdraw Cash,N/A,Android,26572.6,108,217136.48,Completed
TXN0000300,2024-10-11 16:29:27,CUST00727,Kemboi Karanja,Male,34,Nairobi,0722093713,M-Pesa,Pay Bill,SACCO,Android,87322.92,100,22143.24,Completed
TXN0000728,2024-10-11 18:42:41,CUST00542,Kariuki Wanjala,Male,59,Kiambu,0768021322,Airtel Money,Send Money,N/A,Android,26993.12,100,65401.96,Completed
TXN0004664,2024-10-11 18:42:45,CUST00149,Kipchoge Kiprono,Male,48,Kiambu,0740034235,M-Pesa,Pay Bill,Loan Repayment,Android,35087.04,105,173307.09,Completed
TXN0004833,2024-10-11 19:29:25,CUST00401,Rotich Kiplagat,Male,52,Turkana,0701747827,M-Pesa,Pay Bill,Internet (ISP),Android,69611.57,105,247901.01,Completed
TXN0000044,2024-10-11 20:11:07,CUST00419,Cheruiyot Onyango,Female,43,Nakuru,0759211583,M-Pesa,Pay Bill,Rent,Android,79602.17,105,175028.42,Completed
TXN0001497,2024-10-11 20:41:59,CUST00091,Kirui Waweru,Male,47,Kiambu,0111339581,M-Pesa,Buy Goods (Till),Pharmacy,Android,980.55,23,245758.89,Completed
TXN0003709,2024-10-12 05:11:02,CUST00390,Kibet Langat,Female,59,Homa Bay,0710711435,M-Pesa,Pay Bill,School Fees,Feature Phone,96506.59,100,81848.61,Completed
TXN0005879,2024-10-12 07:40:59,CUST00438,Mwangi Njuguna,Female,52,Migori,0111330963,Airtel Money,Withdraw Cash,N/A,Android,20003.14,100,209129.92,Completed
TXN0005489,2024-10-12 08:28:35,CUST00238,Cheruiyot Odhiambo,Male,58,Nyeri,0111422021,M-Pesa,Buy Goods (Till),Supermarket,Android,8129.85,55,243560.64,Completed
TXN0001711,2024-10-12 08:52:05,CUST00618,Nyokabi Amollo,Male,30,Meru,0723287811,M-Pesa,Withdraw Cash,N/A,Android,36739.79,105,187873.91,Completed
TXN0005802,2024-10-12 10:48:09,CUST00037,Rotich Omollo,Female,35,Mombasa,0790238013,M-Pesa,Send Money,N/A,Android,58187.13,108,227166.16,Completed
TXN0001278,2024-10-12 12:44:04,CUST00231,Wairimu Amollo,Female,68,Homa Bay,0722795939,Equitel,Pay Bill,SACCO,Android,38758.07,100,149544.41,Completed
TXN0001374,2024-10-12 12:45:11,CUST00365,Kiptoo Mutiso,Female,72,Nakuru,0768832535,M-Pesa,Buy Goods (Till),Fuel Station,Android,10037.08,62,124141.01,Completed
TXN0001616,2024-10-12 12:56:30,CUST00059,Mumbi Waweru,Male,58,Kajiado,0723443114,M-Pesa,Deposit Cash,N/A,Android,37177.17,0.0,196096.99,Completed
TXN0002104,2024-10-12 13:28:22,CUST00050,Kagwe Njoroge,Male,38,Nairobi,0759961725,M-Pesa,Send Money,N/A,Android,25477.02,108,189333.03,Completed
TXN0003227,2024-10-12 13:58:34,CUST00784,Onyango Waweru,Male,70,Mombasa,0722213506,M-Pesa,Deposit Cash,N/A,Android,61998.21,0.0,199624.04,Completed
TXN0005673,2024-10-12 14:25:50,CUST00376,Kiptoo Musyoka,Female,57,Nyeri,0710663952,M-Pesa,Withdraw Cash,N/A,Android,12604.6,62,89402.78,Completed
TXN0000823,2024-10-12 14:39:18,CUST00257,Waweru Karanja,Female,42,Kericho,0701246831,M-Pesa,Buy Goods (Till),Restaurant,Android,6740.61,87,84430.24,Completed
TXN0003495,2024-10-12 15:49:20,CUST00509,Waweru Njoroge,Male,27,Nairobi,0740942543,T-Kash,Withdraw Cash,N/A,Android,50250.99,105,105879.83,Completed
TXN0005562,2024-10-12 20:27:24,CUST00754,Akinyi Ochieng,Female,19,Nairobi,0722198720,M-Pesa,Send Money,N/A,Feature Phone,11152.1,62,78518.21,Completed
TXN0001380,2024-10-12 21:09:34,CUST00420,Auma Kamau,Male,22,Kakamega,0710744906,M-Pesa,Pay Bill,SACCO,Android,33552.74,105,97465.61,Completed
TXN0000321,2024-10-12 22:38:56,CUST00150,Simiyu Omollo,Female,21,Kakamega,0701345873,M-Pesa,Withdraw Cash,N/A,Feature Phone,25920.6,105,25906.51,Completed
TXN0004425,2024-10-12 23:00:36,CUST00288,Nafula Ruto,Female,61,Nairobi,0710563134,M-Pesa,Buy Goods (Till),Electronics,Android,12335.33,62,128861.3,Completed
TXN0002787,2024-10-13 00:13:56,CUST00787,Nasike Wanjala,Female,60,Nairobi,0759751393,M-Pesa,Send Money,N/A,Android,36522.52,100,11298.89,Completed
TXN0000365,2024-10-13 01:55:20,CUST00728,Simiyu Waweru,Male,40,Homa Bay,0768858175,M-Pesa,Deposit Cash,N/A,Android,65503.97,0.0,219670.26,Completed
TXN0001710,2024-10-13 07:32:47,CUST00354,Barasa Musyoka,Male,58,Kiambu,0111882163,M-Pesa,Buy Goods (Till),Electronics,Android,26645.01,100,146996.93,Completed
TXN0004869,2024-10-13 09:03:04,CUST00508,Ochieng Odhiambo,Male,71,Uasin Gishu,0759282183,M-Pesa,Buy Goods (Till),Pharmacy,Android,7114.72,87,94283.31,Completed
TXN0000951,2024-10-13 09:29:27,CUST00165,Kirui Kiplagat,Female,52,Kakamega,0790254094,Airtel Money,Withdraw Cash,N/A,Feature Phone,22228.59,105,130486.57,Completed
TXN0004197,2024-10-13 10:10:50,CUST00613,Kariuki Waweru,Male,66,Uasin Gishu,0111017342,M-Pesa,Pay Bill,DSTV/GOTV,Android,34360.71,108,77450.71,Completed
TXN0003433,2024-10-13 12:05:25,CUST00383,Gitau Barasa,Female,46,Kilifi,0790111096,M-Pesa,Withdraw Cash,N/A,Android,26680.87,108,82298.34,Completed
TXN0002276,2024-10-13 12:30:32,CUST00286,Chebet Onyango,Male,60,Machakos,0111539972,T-Kash,Pay Bill,Insurance,iOS,43740.15,0.0,88986.54,Reversed
TXN0001854,2024-10-13 12:55:32,CUST00625,Nyokabi Omollo,Female,31,Kisumu,0740862851,M-Pesa,Buy Goods (Till),Clothing,Android,23734.7,108,224838.51,Completed
TXN0001391,2024-10-13 13:37:09,CUST00282,Mutua Cheptoo,Male,47,Kiambu,0701734060,M-Pesa,Airtime Purchase,N/A,Android,501.86,0.0,205266.54,Completed
TXN0003398,2024-10-13 15:03:57,CUST00571,Wairimu Waweru,Male,53,Mombasa,0722896610,Airtel Money,Send Money,N/A,Android,16825.85,55,128899.9,Completed
TXN0004892,2024-10-13 18:43:06,CUST00313,Muthoni Njuguna,Female,59,Turkana,0723539538,M-Pesa,Buy Goods (Till),Supermarket,Android,13646.29,87,131164.31,Completed
TXN0002122,2024-10-13 20:44:20,CUST00607,Kiprop Wekesa,Female,24,Kakamega,0710064109,M-Pesa,Pay Bill,SACCO,Android,67902.77,108,92743.83,Completed
TXN0004659,2024-10-13 21:53:12,CUST00352,Wairimu Musyoka,Male,29,Nairobi,0790881727,M-Pesa,Buy Goods (Till),Electronics,Feature Phone,13400.12,62,140945.01,Completed
TXN0002453,2024-10-13 22:54:55,CUST00640,Wangari Ruto,Female,60,Nakuru,0722988084,Airtel Money,Pay Bill,DSTV/GOTV,iOS,19054.55,62,102192.01,Completed
TXN0004997,2024-10-13 23:43:13,CUST00291,Wangari Owuor,Female,68,Bungoma,0790603476,T-Kash,Airtime Purchase,N/A,Android,641.68,0.0,18245.98,Completed
TXN0003992,2024-10-14 07:11:04,CUST00320,Ochieng Waweru,Female,41,Garissa,0759494738,Airtel Money,Pay Bill,Rent,Feature Phone,16455.53,62,186864.28,Completed
TXN0005473,2024-10-14 07:41:07,CUST00753,Kibet Sang,Female,40,Nakuru,0759740294,M-Pesa,Buy Goods (Till),Electronics,Feature Phone,4034.34,33,131520.55,Completed
TXN0001472,2024-10-14 09:25:03,CUST00468,Wambui Langat,Female,36,Mombasa,0790979677,Airtel Money,Withdraw Cash,N/A,Android,28303.49,108,181688.92,Completed
TXN0004200,2024-10-14 09:37:19,CUST00744,Wafula Wanjala,Male,19,Kisumu,0759518123,M-Pesa,Pay Bill,Electricity (KPLC),Feature Phone,54853.81,105,79023.0,Completed
TXN0005033,2024-10-14 11:30:02,CUST00503,Adhiambo Odhiambo,Female,70,Kilifi,0701268899,M-Pesa,Send Money,N/A,Android,9809.98,0.0,95496.21,Reversed
TXN0004361,2024-10-14 11:52:45,CUST00612,Simiyu Njuguna,Male,24,Nakuru,0722282629,M-Pesa,Buy Goods (Till),Fuel Station,Feature Phone,21467.12,108,87970.95,Completed
TXN0005716,2024-10-14 12:14:29,CUST00313,Muthoni Njuguna,Female,59,Turkana,0723539538,M-Pesa,Buy Goods (Till),Pharmacy,Android,17668.74,55,199553.23,Completed
TXN0004749,2024-10-14 12:50:09,CUST00420,Auma Kamau,Male,22,Kakamega,0710744906,M-Pesa,Deposit Cash,N/A,Android,49273.36,0.0,7449.78,Completed
TXN0002511,2024-10-14 13:36:42,CUST00681,Kiprop Sang,Female,45,Nairobi,0710712127,M-Pesa,Buy Goods (Till),Electronics,Android,3843.02,40,94304.11,Completed
TXN0005360,2024-10-14 14:28:03,CUST00550,Mutua Kiprono,Female,69,Mombasa,0768895694,M-Pesa,Send Money,N/A,Feature Phone,48525.28,105,39214.94,Completed
TXN0004415,2024-10-14 14:55:24,CUST00532,Maina Waweru,Male,69,Nakuru,0710440342,M-Pesa,Send Money,N/A,Android,30116.43,100,106062.72,Completed
TXN0002844,2024-10-14 15:22:25,CUST00299,Nafula Waweru,Male,71,Nairobi,0759887480,M-Pesa,Send Money,N/A,Android,34874.72,108,81010.99,Completed
TXN0005616,2024-10-14 16:03:40,CUST00043,Onyango Langat,Male,34,Kilifi,0710697713,M-Pesa,Send Money,N/A,iOS,40758.84,105,165370.25,Completed
TXN0005398,2024-10-14 16:18:04,CUST00111,Maina Langat,Male,48,Mombasa,0722902196,M-Pesa,Send Money,N/A,Feature Phone,62297.84,105,154862.46,Completed
TXN0001249,2024-10-14 17:19:53,CUST00304,Wambui Cheptoo,Female,50,Nairobi,0710281178,Airtel Money,Deposit Cash,N/A,iOS,25657.04,0.0,233197.04,Completed
TXN0004179,2024-10-14 18:18:38,CUST00056,Rotich Njuguna,Female,60,Bungoma,0740456980,M-Pesa,Buy Goods (Till),Fuel Station,Android,3246.59,45,115580.14,Completed
TXN0004101,2024-10-14 19:19:13,CUST00222,Wangari Barasa,Male,34,Kericho,0768773202,M-Pesa,Send Money,N/A,Android,44136.86,100,138216.55,Completed
TXN0005208,2024-10-14 20:54:02,CUST00685,Njoroge Musyoka,Male,35,Homa Bay,0723424316,M-Pesa,Pay Bill,Loan Repayment,Feature Phone,49420.5,100,135972.84,Completed
TXN0005771,2024-10-14 21:41:26,CUST00326,Cheruiyot Wanjala,Female,21,Migori,0710642682,M-Pesa,Send Money,N/A,Android,11694.74,62,5728.56,Completed
TXN0000209,2024-10-14 22:08:33,CUST00511,Simiyu Wabwire,Male,68,Kakamega,0790539381,Airtel Money,Buy Goods (Till),Supermarket,Feature Phone,21833.39,108,224533.67,Completed
TXN0005534,2024-10-14 22:36:02,CUST00286,Chebet Onyango,Male,60,Machakos,0111539972,T-Kash,Deposit Cash,N/A,iOS,36686.02,0.0,205806.74,Completed
TXN0001579,2024-10-14 22:39:21,CUST00248,Kiprop Onyango,Male,53,Nakuru,0111859075,Airtel Money,Airtime Purchase,N/A,Android,61.41,0.0,140705.41,Completed
TXN0004212,2024-10-14 23:07:20,CUST00499,Nabwire Onyango,Female,38,Uasin Gishu,0701163573,M-Pesa,Buy Goods (Till),Pharmacy,Android,25763.44,108,133158.3,Completed
TXN0004009,2024-10-15 02:43:16,CUST00245,Wairimu Waweru,Female,66,Machakos,0759035969,M-Pesa,Send Money,N/A,Android,42496.99,100,91343.69,Completed
TXN0000005,2024-10-15 08:05:23,CUST00287,Auma Kiprono,Female,44,Machakos,0759278796,M-Pesa,Send Money,N/A,Android,50863.38,108,57633.98,Completed
TXN0003998,2024-10-15 08:56:06,CUST00281,Achieng Chepkwony,Female,53,Nairobi,0723796856,M-Pesa,Send Money,N/A,Android,12699.62,55,86636.28,Completed
TXN0000468,2024-10-15 11:31:21,CUST00688,Achieng Kiprono,Male,30,Nakuru,0790878533,M-Pesa,Buy Goods (Till),Restaurant,Android,8691.77,62,201158.95,Completed
TXN0003548,2024-10-15 12:17:24,CUST00524,Njoroge Karanja,Female,34,Machakos,0790541749,M-Pesa,Airtime Purchase,N/A,iOS,563.67,0.0,31476.48,Completed
TXN0000081,2024-10-15 17:46:01,CUST00401,Rotich Kiplagat,Male,52,Turkana,0701747827,M-Pesa,Send Money,N/A,Android,29480.56,105,106288.18,Completed
TXN0001786,2024-10-15 18:48:05,CUST00127,Owino Owuor,Male,36,Kericho,0790192660,M-Pesa,Pay Bill,Internet (ISP),Android,78878.6,108,99464.91,Completed
TXN0001891,2024-10-15 19:21:47,CUST00117,Wambui Mutiso,Male,35,Nairobi,0111444931,M-Pesa,Buy Goods (Till),Hardware,Android,16181.34,87,150435.12,Completed
TXN0002258,2024-10-15 20:40:03,CUST00769,Omondi Waweru,Male,72,Nairobi,0710305642,M-Pesa,Send Money,N/A,iOS,21097.5,105,26637.94,Completed
TXN0002161,2024-10-15 20:58:33,CUST00091,Kirui Waweru,Male,47,Kiambu,0111339581,M-Pesa,Send Money,N/A,Android,17930.25,55,168585.8,Completed
TXN0002039,2024-10-15 22:05:06,CUST00185,Wairimu Otieno,Female,68,Bomet,0759591261,M-Pesa,Buy Goods (Till),Supermarket,Android,20284.14,108,46046.43,Completed
TXN0003339,2024-10-15 22:26:29,CUST00132,Wafula Sang,Female,28,Kisumu,0759484034,M-Pesa,Send Money,N/A,Android,26615.92,100,230023.19,Completed
TXN0003039,2024-10-16 08:07:28,CUST00685,Njoroge Musyoka,Male,35,Homa Bay,0723424316,M-Pesa,Pay Bill,Electricity (KPLC),Feature Phone,128181.22,100,170716.4,Completed
TXN0005801,2024-10-16 09:45:29,CUST00224,Cheruiyot Langat,Female,56,Nairobi,0111179302,Airtel Money,Deposit Cash,N/A,Android,117270.07,0.0,23949.6,Completed
TXN0001078,2024-10-16 10:59:49,CUST00156,Kiprop Odhiambo,Female,60,Garissa,0710631557,M-Pesa,Buy Goods (Till),Hardware,Android,2875.4,45,108855.43,Completed
TXN0005763,2024-10-16 11:13:17,CUST00164,Adhiambo Wabwire,Male,30,Bomet,0723779673,M-Pesa,Reversal,N/A,Android,8190.77,0.0,216730.79,Completed
TXN0001950,2024-10-16 11:50:49,CUST00006,Nafula Mutiso,Male,71,Kilifi,0722203229,Airtel Money,Send Money,N/A,Android,28363.44,100,66905.67,Completed
TXN0003961,2024-10-16 12:59:20,CUST00522,Wanjiku Kariuki,Male,50,Machakos,0790961801,M-Pesa,Airtime Purchase,N/A,Android,180.55,0.0,74798.81,Completed
TXN0003662,2024-10-16 13:46:24,CUST00772,Kariuki Wabwire,Male,61,Nairobi,0710525140,M-Pesa,Airtime Purchase,N/A,Android,176.51,0.0,3620.67,Completed
TXN0001491,2024-10-16 13:50:46,CUST00576,Kipchoge Amollo,Female,67,Kajiado,0722131077,M-Pesa,Send Money,N/A,Feature Phone,10272.22,55,180851.57,Completed
TXN0005693,2024-10-16 14:14:03,CUST00101,Jelagat Ochieng,Male,69,Turkana,0111906079,M-Pesa,Send Money,N/A,Android,24519.44,105,59997.32,Completed
TXN0000286,2024-10-16 16:08:09,CUST00524,Njoroge Karanja,Female,34,Machakos,0790541749,M-Pesa,Send Money,N/A,iOS,44190.0,100,49669.28,Completed
TXN0004172,2024-10-16 18:19:14,CUST00389,Kipchoge Sang,Male,55,Migori,0759144157,M-Pesa,Buy Goods (Till),Supermarket,Android,7210.26,87,189817.61,Completed
TXN0003261,2024-10-16 18:30:03,CUST00400,Nyokabi Onyango,Female,64,Uasin Gishu,0722818944,M-Pesa,Withdraw Cash,N/A,Android,14385.55,55,107005.66,Completed
TXN0000758,2024-10-16 20:25:12,CUST00405,Chelagat Mutiso,Female,27,Kilifi,0723896174,M-Pesa,Buy Goods (Till),Clothing,Android,24925.02,108,23996.33,Completed
TXN0005017,2024-10-16 21:17:48,CUST00462,Wafula Karanja,Male,47,Nairobi,0768829126,M-Pesa,Withdraw Cash,N/A,Feature Phone,17665.98,87,79845.44,Completed
TXN0002192,2024-10-17 07:33:43,CUST00679,Kiptoo Musyoka,Female,69,Meru,0710378598,M-Pesa,Deposit Cash,N/A,Android,38916.66,0.0,49656.66,Completed
TXN0003470,2024-10-17 08:41:07,CUST00302,Njoroge Sang,Male,46,Nakuru,0722451375,T-Kash,Send Money,N/A,Android,20581.41,105,27433.47,Completed
TXN0002381,2024-10-17 09:14:40,CUST00517,Otieno Kamau,Male,53,Kakamega,0740991714,M-Pesa,Buy Goods (Till),Fuel Station,Android,5677.58,0.0,134317.64,Reversed
TXN0004780,2024-10-17 09:34:11,CUST00154,Kiptoo Kiplagat,Male,61,Bungoma,0722387503,M-Pesa,Pay Bill,Rent,iOS,84658.45,105,113225.22,Completed
TXN0003167,2024-10-17 10:29:09,CUST00776,Atieno Barasa,Male,23,Kiambu,0701538414,M-Pesa,Reversal,N/A,iOS,24531.07,0.0,77704.1,Completed
TXN0004437,2024-10-17 12:13:09,CUST00452,Kipchoge Onyango,Female,41,Nairobi,0740692160,M-Pesa,Pay Bill,Electricity (KPLC),Feature Phone,20138.3,100,226631.32,Completed
TXN0001317,2024-10-17 12:23:38,CUST00514,Owino Waweru,Male,56,Nyeri,0759740066,Airtel Money,Pay Bill,School Fees,Android,41616.11,105,101877.26,Completed
TXN0002868,2024-10-17 13:24:48,CUST00656,Kariuki Barasa,Female,62,Machakos,0710636767,Airtel Money,Send Money,N/A,Android,29145.63,108,246941.02,Completed
TXN0001279,2024-10-17 15:57:01,CUST00783,Nyambura Owuor,Male,65,Meru,0740426946,M-Pesa,Send Money,N/A,Android,8668.29,62,236336.61,Completed
TXN0003689,2024-10-17 17:07:36,CUST00779,Kamau Kariuki,Male,71,Trans Nzoia,0723302430,M-Pesa,Pay Bill,Internet (ISP),Android,97478.97,100,83546.19,Completed
TXN0000166,2024-10-17 17:22:23,CUST00081,Nyokabi Omollo,Male,26,Bungoma,0740072283,M-Pesa,Buy Goods (Till),Fuel Station,Feature Phone,13340.99,55,45982.59,Completed
TXN0000525,2024-10-17 17:32:13,CUST00744,Wafula Wanjala,Male,19,Kisumu,0759518123,M-Pesa,Airtime Purchase,N/A,Feature Phone,564.38,0.0,216733.86,Completed
TXN0005050,2024-10-17 18:13:15,CUST00702,Akinyi Mutiso,Male,25,Nakuru,0723861556,M-Pesa,Send Money,N/A,Android,4640.96,33,195692.4,Completed
TXN0005836,2024-10-17 18:20:30,CUST00102,Muthoni Wabwire,Female,36,Nakuru,0111606335,M-Pesa,Airtime Purchase,N/A,Android,1354.01,0.0,19746.45,Completed
TXN0004256,2024-10-17 18:57:24,CUST00134,Nabwire Chepkwony,Male,30,Nakuru,0790057296,M-Pesa,Buy Goods (Till),Supermarket,iOS,1288.67,45,206270.1,Completed
TXN0002741,2024-10-17 19:28:39,CUST00265,Kariuki Gichuru,Male,66,Bungoma,0710664930,M-Pesa,Buy Goods (Till),Hardware,Android,10855.02,0.0,200358.7,Failed
TXN0003166,2024-10-17 21:03:00,CUST00428,Wangari Odhiambo,Female,46,Nyeri,0710273671,M-Pesa,Send Money,N/A,Android,34790.84,108,35926.52,Completed
TXN0000093,2024-10-17 21:07:29,CUST00117,Wambui Mutiso,Male,35,Nairobi,0111444931,M-Pesa,Send Money,N/A,Android,21034.75,108,121798.34,Completed
TXN0003477,2024-10-17 22:22:22,CUST00743,Atieno Kamau,Male,29,Kakamega,0722133950,M-Pesa,Pay Bill,SACCO,Android,28693.37,108,170497.6,Completed
TXN0001132,2024-10-18 00:02:19,CUST00285,Kariuki Kamau,Male,51,Nyeri,0759984591,M-Pesa,Send Money,N/A,Feature Phone,62757.65,108,32919.77,Completed
TXN0004503,2024-10-18 00:24:59,CUST00670,Waweru Owuor,Female,63,Garissa,0740389430,M-Pesa,Send Money,N/A,Feature Phone,41852.4,108,203400.34,Completed
TXN0003819,2024-10-18 01:42:07,CUST00793,Jelagat Waweru,Male,58,Nakuru,0723515140,M-Pesa,Buy Goods (Till),Pharmacy,Android,21088.51,105,140032.71,Completed
TXN0002312,2024-10-18 09:26:17,CUST00073,Ndungu Makau,Male,49,Kajiado,0790728212,M-Pesa,Send Money,N/A,Feature Phone,12271.57,87,66791.95,Completed
TXN0001126,2024-10-18 10:21:03,CUST00172,Wambui Cheptoo,Male,59,Kilifi,0723434670,Airtel Money,Withdraw Cash,N/A,Android,8364.77,55,177207.43,Completed
TXN0002903,2024-10-18 10:45:18,CUST00451,Chelagat Ochieng,Male,38,Nairobi,0740783244,Airtel Money,Airtime Purchase,N/A,Android,330.65,0.0,162641.97,Completed
TXN0002205,2024-10-18 12:04:08,CUST00611,Owino Langat,Female,71,Nyeri,0790388416,M-Pesa,Send Money,N/A,Android,33713.92,100,206091.04,Completed
TXN0002517,2024-10-18 12:55:37,CUST00257,Waweru Karanja,Female,42,Kericho,0701246831,M-Pesa,Withdraw Cash,N/A,Android,27667.75,0.0,179829.53,Failed
TXN0003904,2024-10-18 14:39:05,CUST00521,Cheruiyot Waweru,Female,65,Machakos,0723003299,T-Kash,Airtime Purchase,N/A,iOS,320.81,0.0,236670.31,Completed
TXN0004728,2024-10-18 15:26:52,CUST00153,Nyambura Mutiso,Male,72,Kisumu,0723674840,M-Pesa,Send Money,N/A,Android,46100.38,100,128278.88,Completed
TXN0000830,2024-10-18 17:18:41,CUST00158,Akinyi Sang,Female,19,Nairobi,0723105707,M-Pesa,Deposit Cash,N/A,Android,20991.1,0.0,49038.4,Completed
TXN0003345,2024-10-18 17:25:03,CUST00760,Cherono Waweru,Male,28,Meru,0723187281,M-Pesa,Withdraw Cash,N/A,Android,9570.76,55,2709.88,Completed
TXN0004379,2024-10-18 18:00:22,CUST00557,Chebet Mutiso,Male,51,Uasin Gishu,0111414404,M-Pesa,Pay Bill,Loan Repayment,Android,72278.75,108,208902.66,Completed
TXN0004497,2024-10-18 18:07:51,CUST00055,Kipchoge Chepkwony,Male,22,Nairobi,0768452277,M-Pesa,Buy Goods (Till),Electronics,Android,2512.52,33,188553.6,Completed
TXN0001664,2024-10-18 19:50:02,CUST00442,Njeri Otieno,Male,65,Nairobi,0722490711,M-Pesa,Buy Goods (Till),Fuel Station,Android,10502.03,55,96802.71,Completed
TXN0005284,2024-10-18 21:20:24,CUST00217,Kibet Omollo,Male,44,Homa Bay,0111203591,Airtel Money,Buy Goods (Till),Fuel Station,iOS,8455.5,55,149056.44,Completed
TXN0000546,2024-10-18 22:35:57,CUST00737,Wangari Chepkwony,Female,43,Nairobi,0768885169,M-Pesa,Send Money,N/A,Feature Phone,21274.3,108,150915.32,Completed
TXN0003311,2024-10-19 07:35:04,CUST00065,Owino Mutiso,Female,53,Kilifi,0768431652,M-Pesa,Pay Bill,Internet (ISP),Android,64213.07,105,129933.28,Completed
TXN0003142,2024-10-19 08:07:54,CUST00184,Nafula Musyoka,Female,26,Kakamega,0740214345,M-Pesa,Buy Goods (Till),Hardware,Android,5132.04,62,113534.84,Completed
TXN0000976,2024-10-19 10:32:41,CUST00766,Nafula Sang,Male,72,Nairobi,0111954218,M-Pesa,Send Money,N/A,iOS,25098.22,108,134560.04,Completed
TXN0005515,2024-10-19 10:33:16,CUST00330,Simiyu Kiplagat,Female,42,Uasin Gishu,0740794450,M-Pesa,Buy Goods (Till),Restaurant,Android,18502.15,62,204380.41,Completed
TXN0003929,2024-10-19 12:40:55,CUST00727,Kemboi Karanja,Male,34,Nairobi,0722093713,M-Pesa,Send Money,N/A,Android,16361.7,55,211137.34,Completed
TXN0005586,2024-10-19 12:57:44,CUST00604,Kiprop Mutiso,Female,72,Nairobi,0768245351,T-Kash,Pay Bill,Water Utility,Android,60605.54,105,233437.38,Completed
TXN0000051,2024-10-19 14:50:17,CUST00499,Nabwire Onyango,Female,38,Uasin Gishu,0701163573,M-Pesa,Buy Goods (Till),Fuel Station,Android,20640.99,105,247201.39,Completed
TXN0001389,2024-10-19 15:00:46,CUST00085,Cherono Wanjala,Male,58,Uasin Gishu,0111352547,M-Pesa,Send Money,N/A,Android,12924.54,87,125694.37,Completed
TXN0004374,2024-10-19 15:44:07,CUST00347,Wairimu Kamau,Female,62,Homa Bay,0701277575,M-Pesa,Pay Bill,Rent,Feature Phone,29325.75,100,16157.4,Completed
TXN0003972,2024-10-19 16:41:36,CUST00730,Rotich Kiplagat,Male,58,Bomet,0723071676,M-Pesa,Airtime Purchase,N/A,Android,1524.48,0.0,34874.48,Completed
TXN0004992,2024-10-19 16:45:05,CUST00447,Akinyi Langat,Male,20,Machakos,0701608345,M-Pesa,Send Money,N/A,iOS,33206.03,108,235861.7,Completed
TXN0001505,2024-10-19 18:51:27,CUST00279,Wanjiku Kimani,Male,28,Kisumu,0701880429,M-Pesa,Withdraw Cash,N/A,Android,16336.89,62,219676.28,Completed
TXN0003716,2024-10-19 18:57:53,CUST00279,Wanjiku Kimani,Male,28,Kisumu,0701880429,M-Pesa,Airtime Purchase,N/A,Android,842.66,0.0,222373.45,Reversed
TXN0001494,2024-10-19 19:02:17,CUST00510,Nasike Odhiambo,Female,33,Bomet,0710378096,Airtel Money,Withdraw Cash,N/A,Android,21534.3,108,228361.6,Completed
TXN0003885,2024-10-19 19:51:00,CUST00727,Kemboi Karanja,Male,34,Nairobi,0722093713,M-Pesa,Send Money,N/A,Android,45440.91,100,4616.54,Completed
TXN0005671,2024-10-19 20:22:18,CUST00056,Rotich Njuguna,Female,60,Bungoma,0740456980,M-Pesa,Buy Goods (Till),Clothing,Android,647.79,0.0,80556.75,Reversed
TXN0004234,2024-10-19 20:32:17,CUST00511,Simiyu Wabwire,Male,68,Kakamega,0790539381,Airtel Money,Buy Goods (Till),Fuel Station,Feature Phone,7306.46,0.0,197740.81,Failed
TXN0004020,2024-10-19 22:41:53,CUST00517,Otieno Kamau,Male,53,Kakamega,0740991714,M-Pesa,Pay Bill,Internet (ISP),Android,109779.06,108,233357.85,Completed
TXN0001197,2024-10-19 23:20:36,CUST00157,Atieno Kiplagat,Male,61,Nyeri,0768582329,M-Pesa,Send Money,N/A,Android,10908.29,55,158685.11,Completed
TXN0001035,2024-10-20 06:12:07,CUST00567,Wairimu Wekesa,Male,36,Nairobi,0790719609,M-Pesa,Send Money,N/A,Feature Phone,16762.77,55,147408.16,Completed
TXN0004572,2024-10-20 07:01:36,CUST00100,Akinyi Wanjala,Male,50,Nakuru,0759970951,M-Pesa,Withdraw Cash,N/A,Android,26061.84,105,223008.53,Completed
TXN0000819,2024-10-20 07:45:55,CUST00179,Njoroge Waweru,Male,42,Bungoma,0759995131,M-Pesa,Send Money,N/A,Android,27716.86,105,242229.13,Completed
TXN0004695,2024-10-20 08:15:45,CUST00511,Simiyu Wabwire,Male,68,Kakamega,0790539381,Airtel Money,Pay Bill,Insurance,Feature Phone,34971.47,108,167581.3,Completed
TXN0000458,2024-10-20 12:56:13,CUST00070,Nabwire Odhiambo,Female,68,Nairobi,0710086291,M-Pesa,Send Money,N/A,Android,8678.02,87,58753.4,Completed
TXN0000842,2024-10-20 14:19:04,CUST00502,Waweru Odhiambo,Female,52,Kiambu,0768464710,M-Pesa,Buy Goods (Till),Hardware,Feature Phone,24219.23,100,152470.96,Completed
TXN0003690,2024-10-20 17:12:14,CUST00421,Akinyi Wekesa,Female,47,Kisumu,0759832404,M-Pesa,Withdraw Cash,N/A,Feature Phone,17326.32,62,51003.25,Completed
TXN0003274,2024-10-20 18:58:17,CUST00355,Anyango Gichuru,Male,33,Nairobi,0722566172,M-Pesa,Send Money,N/A,Android,15547.16,87,89728.9,Completed
TXN0002791,2024-10-20 19:12:32,CUST00366,Jelagat Onyango,Female,18,Nyeri,0790559332,Airtel Money,Airtime Purchase,N/A,Android,794.51,0.0,9743.97,Completed
TXN0005570,2024-10-20 19:20:56,CUST00311,Auma Makau,Male,48,Migori,0722240302,Airtel Money,Buy Goods (Till),Electronics,Android,4016.96,45,245025.8,Completed
TXN0005390,2024-10-20 20:59:52,CUST00019,Mumbi Musyoka,Male,50,Homa Bay,0759190156,M-Pesa,Send Money,N/A,Android,10544.35,87,47992.41,Completed
TXN0000353,2024-10-20 23:02:17,CUST00329,Nabwire Kamau,Female,34,Nairobi,0759102989,Airtel Money,Airtime Purchase,N/A,Feature Phone,784.11,0.0,130418.2,Completed
TXN0004081,2024-10-21 01:41:24,CUST00464,Gitau Njuguna,Female,39,Kakamega,0111465545,Airtel Money,Send Money,N/A,Android,9232.14,62,214314.42,Completed
TXN0000810,2024-10-21 07:56:21,CUST00349,Njoroge Kimani,Female,65,Kisumu,0790481266,M-Pesa,Withdraw Cash,N/A,Android,24003.42,108,109482.75,Completed
TXN0001945,2024-10-21 08:29:22,CUST00387,Ochieng Ochieng,Male,46,Mombasa,0722825903,M-Pesa,Send Money,N/A,iOS,4507.75,0.0,184790.05,Failed
TXN0003038,2024-10-21 08:53:29,CUST00209,Adhiambo Owuor,Female,56,Kisumu,0768208941,M-Pesa,Pay Bill,Insurance,Android,27513.39,105,76859.72,Completed
TXN0002546,2024-10-21 11:02:45,CUST00216,Achieng Cheptoo,Male,18,Nairobi,0701391908,M-Pesa,Send Money,N/A,Android,17492.35,0.0,170075.06,Failed
TXN0003928,2024-10-21 11:38:51,CUST00462,Wafula Karanja,Male,47,Nairobi,0768829126,M-Pesa,Send Money,N/A,Feature Phone,24668.18,105,110256.98,Completed
TXN0002654,2024-10-21 13:00:10,CUST00738,Waweru Omollo,Male,24,Meru,0710567862,M-Pesa,Send Money,N/A,iOS,17955.79,62,107130.56,Completed
TXN0004834,2024-10-21 15:00:54,CUST00619,Kibet Chepkwony,Female,58,Nairobi,0740934213,M-Pesa,Pay Bill,Internet (ISP),Android,38180.14,108,139524.62,Completed
TXN0002887,2024-10-21 15:33:38,CUST00562,Nabwire Kiplagat,Female,39,Bungoma,0701881167,M-Pesa,Deposit Cash,N/A,Android,76644.26,0.0,16059.43,Completed
TXN0002343,2024-10-21 15:58:40,CUST00074,Rotich Ochieng,Male,58,Kakamega,0790703193,M-Pesa,Pay Bill,School Fees,Android,82356.51,105,143242.56,Completed
TXN0003859,2024-10-21 16:15:09,CUST00045,Kemboi Ruto,Female,22,Kisumu,0111044438,M-Pesa,Withdraw Cash,N/A,Android,30039.98,105,122523.14,Completed
TXN0005200,2024-10-21 17:45:50,CUST00657,Rotich Kimani,Female,46,Nakuru,0723116925,Equitel,Pay Bill,Water Utility,Android,51108.16,100,83912.65,Completed
TXN0004923,2024-10-21 18:36:57,CUST00178,Chebet Kiprono,Female,23,Nairobi,0701551055,Airtel Money,Pay Bill,Internet (ISP),Feature Phone,86569.26,100,228284.66,Completed
TXN0003969,2024-10-21 20:42:26,CUST00221,Ochieng Waweru,Male,62,Turkana,0701900180,M-Pesa,Pay Bill,Internet (ISP),Android,9156.08,62,117395.95,Completed
TXN0004170,2024-10-21 21:19:16,CUST00673,Ndungu Kiplagat,Male,28,Kakamega,0759913130,M-Pesa,Withdraw Cash,N/A,Android,39932.83,100,38409.86,Completed
TXN0002131,2024-10-21 21:23:53,CUST00496,Akinyi Odhiambo,Female,40,Kilifi,0790300837,M-Pesa,Deposit Cash,N/A,Feature Phone,73269.15,0.0,117412.76,Completed
TXN0000771,2024-10-21 23:00:11,CUST00587,Mumbi Gichuru,Male,71,Nairobi,0710624742,Airtel Money,Withdraw Cash,N/A,Android,46710.01,108,160437.33,Completed
TXN0004792,2024-10-22 00:52:38,CUST00560,Mwangi Wanjala,Female,72,Nakuru,0723325133,M-Pesa,Pay Bill,Electricity (KPLC),Android,71200.63,108,222395.84,Completed
TXN0001003,2024-10-22 01:07:25,CUST00114,Nasike Otieno,Female,58,Nakuru,0111207376,M-Pesa,Airtime Purchase,N/A,Feature Phone,183.67,0.0,57201.89,Completed
TXN0001164,2024-10-22 07:36:28,CUST00634,Waweru Wekesa,Male,71,Mombasa,0790558577,Airtel Money,Airtime Purchase,N/A,Feature Phone,468.13,0.0,85422.62,Completed
TXN0002298,2024-10-22 07:45:53,CUST00181,Anyango Mutiso,Male,71,Machakos,0111448653,M-Pesa,Withdraw Cash,N/A,Android,22648.81,100,82155.51,Completed
TXN0000561,2024-10-22 10:20:00,CUST00661,Kiprop Ochieng,Male,50,Kiambu,0759196209,Airtel Money,Buy Goods (Till),Restaurant,Android,11069.73,62,91142.96,Completed
TXN0001894,2024-10-22 15:40:04,CUST00525,Kamau Njoroge,Female,27,Nairobi,0710027499,M-Pesa,Send Money,N/A,Android,20520.07,105,6184.93,Completed
TXN0003256,2024-10-22 16:18:48,CUST00438,Mwangi Njuguna,Female,52,Migori,0111330963,Airtel Money,Send Money,N/A,Android,24188.04,0.0,131927.57,Failed
TXN0004088,2024-10-22 16:25:48,CUST00664,Anyango Kiplagat,Male,23,Migori,0768912626,M-Pesa,Send Money,N/A,Feature Phone,32680.51,100,120642.15,Completed
TXN0001979,2024-10-22 16:56:08,CUST00117,Wambui Mutiso,Male,35,Nairobi,0111444931,M-Pesa,Buy Goods (Till),Electronics,Android,15332.85,87,146275.3,Completed
TXN0000838,2024-10-22 17:40:39,CUST00106,Nyambura Wekesa,Male,71,Meru,0710703796,M-Pesa,Buy Goods (Till),Supermarket,Feature Phone,4734.1,40,46650.45,Completed
TXN0003797,2024-10-22 18:03:57,CUST00745,Cherono Kariuki,Male,48,Nairobi,0723352745,M-Pesa,Reversal,N/A,Android,4428.76,0.0,227443.53,Completed
TXN0003315,2024-10-22 18:51:49,CUST00031,Akinyi Mutiso,Female,60,Kericho,0790563651,M-Pesa,Send Money,N/A,Android,31729.32,108,191245.95,Completed
TXN0005193,2024-10-22 20:14:59,CUST00104,Auma Odhiambo,Female,62,Kajiado,0759065039,M-Pesa,Withdraw Cash,N/A,Feature Phone,14009.92,62,147933.8,Completed
TXN0005692,2024-10-22 22:48:14,CUST00283,Kiptoo Owuor,Female,41,Meru,0722848742,M-Pesa,Send Money,N/A,Android,50136.27,105,219573.38,Completed
TXN0003857,2024-10-22 23:12:59,CUST00339,Barasa Musyoka,Male,71,Machakos,0701723583,M-Pesa,Send Money,N/A,Android,48655.06,108,146980.61,Completed
TXN0000587,2024-10-22 23:22:06,CUST00387,Ochieng Ochieng,Male,46,Mombasa,0722825903,M-Pesa,Buy Goods (Till),Clothing,iOS,15225.32,62,35987.87,Completed
TXN0005722,2024-10-23 03:30:45,CUST00258,Kiptoo Kimani,Female,56,Machakos,0790643232,M-Pesa,Deposit Cash,N/A,iOS,23580.43,0.0,248883.53,Completed
TXN0004251,2024-10-23 07:17:35,CUST00035,Simiyu Owuor,Male,47,Nairobi,0740911455,M-Pesa,Buy Goods (Till),Electronics,Feature Phone,6235.93,62,194590.93,Completed
TXN0005378,2024-10-23 07:20:19,CUST00611,Owino Langat,Female,71,Nyeri,0790388416,M-Pesa,Send Money,N/A,Android,28147.69,105,212268.72,Completed
TXN0003189,2024-10-23 07:20:20,CUST00509,Waweru Njoroge,Male,27,Nairobi,0740942543,T-Kash,Send Money,N/A,Android,22540.08,105,102782.53,Completed
TXN0002392,2024-10-23 08:52:38,CUST00623,Wangari Makau,Female,45,Kilifi,0723032120,Airtel Money,Deposit Cash,N/A,Android,59822.76,0.0,60540.68,Completed
TXN0005426,2024-10-23 09:06:45,CUST00370,Rotich Sang,Male,58,Nakuru,0790535361,M-Pesa,Buy Goods (Till),Supermarket,iOS,6409.56,87,240235.47,Completed
TXN0000719,2024-10-23 09:48:24,CUST00489,Anyango Kiplagat,Male,51,Kakamega,0723136978,M-Pesa,Send Money,N/A,Android,25397.58,100,43931.24,Completed
TXN0004850,2024-10-23 09:58:25,CUST00626,Njeri Njoroge,Female,21,Kakamega,0710911572,M-Pesa,Withdraw Cash,N/A,Android,30163.58,100,190210.1,Completed
TXN0000789,2024-10-23 10:02:33,CUST00527,Mumbi Kamau,Male,51,Kilifi,0710407680,M-Pesa,Buy Goods (Till),Pharmacy,Android,8424.23,55,29195.99,Completed
TXN0002138,2024-10-23 14:48:23,CUST00470,Chelagat Kariuki,Male,30,Nairobi,0759869934,M-Pesa,Send Money,N/A,Android,34263.1,100,105333.36,Completed
TXN0000996,2024-10-23 15:12:54,CUST00463,Njoroge Waweru,Male,61,Kisumu,0710447010,Airtel Money,Buy Goods (Till),Clothing,Feature Phone,20479.34,105,100309.02,Completed
TXN0005142,2024-10-23 15:15:55,CUST00424,Wairimu Sang,Female,18,Mombasa,0759953392,M-Pesa,Pay Bill,Internet (ISP),Android,116342.61,108,239122.36,Completed
TXN0001851,2024-10-23 15:56:16,CUST00046,Kagwe Owuor,Male,59,Kiambu,0759748532,T-Kash,Withdraw Cash,N/A,Android,58727.38,108,150116.15,Completed
TXN0001669,2024-10-23 19:21:22,CUST00412,Onyango Musyoka,Female,19,Nairobi,0723341761,M-Pesa,Pay Bill,Rent,Feature Phone,46802.65,100,209733.97,Completed
TXN0004097,2024-10-23 19:52:37,CUST00569,Mwangi Kariuki,Female,21,Kiambu,0759444282,T-Kash,Pay Bill,SACCO,Android,125053.23,105,138450.83,Completed
TXN0003536,2024-10-23 21:10:01,CUST00435,Jelagat Mwangi,Male,49,Trans Nzoia,0740614172,M-Pesa,Send Money,N/A,Feature Phone,43592.47,108,78167.52,Completed
TXN0005332,2024-10-23 21:28:41,CUST00070,Nabwire Odhiambo,Female,68,Nairobi,0710086291,M-Pesa,Send Money,N/A,Android,59221.3,100,248773.15,Completed
TXN0002503,2024-10-23 21:47:24,CUST00079,Gitau Kimani,Male,24,Kajiado,0768926242,M-Pesa,Send Money,N/A,iOS,8476.58,87,166433.18,Completed
TXN0003781,2024-10-24 05:11:56,CUST00590,Ndungu Langat,Female,39,Kericho,0111641470,M-Pesa,Send Money,N/A,Android,64095.35,108,72204.73,Completed
TXN0005699,2024-10-24 07:02:23,CUST00638,Mwangi Kariuki,Female,22,Kiambu,0740461070,M-Pesa,Pay Bill,DSTV/GOTV,iOS,7129.4,55,33277.79,Completed
TXN0004185,2024-10-24 07:42:36,CUST00038,Gitau Mutiso,Female,52,Mombasa,0722249568,M-Pesa,Buy Goods (Till),Clothing,Android,26693.71,108,96045.16,Completed
TXN0001421,2024-10-24 08:31:48,CUST00123,Kiprop Gichuru,Female,61,Bomet,0111675221,M-Pesa,Withdraw Cash,N/A,Feature Phone,38245.87,105,193914.92,Completed
TXN0005258,2024-10-24 09:19:12,CUST00737,Wangari Chepkwony,Female,43,Nairobi,0768885169,M-Pesa,Withdraw Cash,N/A,Feature Phone,37096.42,108,32082.22,Completed
TXN0005324,2024-10-24 10:41:31,CUST00713,Kipchoge Amollo,Female,65,Trans Nzoia,0723843681,Airtel Money,Buy Goods (Till),Supermarket,Android,9037.69,55,128903.74,Completed
TXN0001285,2024-10-24 11:13:12,CUST00278,Kemboi Cheptoo,Male,39,Kisumu,0723474661,Airtel Money,Buy Goods (Till),Supermarket,Feature Phone,17776.89,87,170779.14,Completed
TXN0000178,2024-10-24 11:45:32,CUST00463,Njoroge Waweru,Male,61,Kisumu,0710447010,Airtel Money,Pay Bill,DSTV/GOTV,Feature Phone,10035.69,87,107882.7,Completed
TXN0005832,2024-10-24 12:58:43,CUST00166,Kibet Waweru,Female,20,Uasin Gishu,0740705572,M-Pesa,Reversal,N/A,Android,22480.18,0.0,240816.64,Completed
TXN0001857,2024-10-24 15:51:37,CUST00714,Cherono Ochieng,Male,24,Nairobi,0111025057,M-Pesa,Buy Goods (Till),Supermarket,Android,23093.26,100,61173.14,Completed
TXN0003341,2024-10-24 17:26:14,CUST00358,Kibet Makau,Female,47,Kiambu,0759154854,M-Pesa,Buy Goods (Till),Hardware,Android,18895.41,62,145094.7,Completed
TXN0001670,2024-10-24 18:30:47,CUST00167,Kariuki Chepkwony,Male,59,Migori,0111289641,Airtel Money,Pay Bill,Electricity (KPLC),Android,123106.53,108,145338.58,Completed
TXN0000073,2024-10-24 19:29:09,CUST00740,Kipchoge Omollo,Female,59,Turkana,0790187832,M-Pesa,Send Money,N/A,Android,19157.67,62,228057.14,Completed
TXN0000869,2024-10-24 20:21:08,CUST00502,Waweru Odhiambo,Female,52,Kiambu,0768464710,M-Pesa,Send Money,N/A,Feature Phone,35705.82,100,133128.28,Completed
TXN0000852,2024-10-24 20:49:37,CUST00007,Anyango Karanja,Female,59,Mombasa,0790175745,M-Pesa,Send Money,N/A,iOS,9775.14,87,139451.2,Completed
TXN0000553,2024-10-24 21:50:14,CUST00757,Cherono Mutiso,Female,67,Nyeri,0740077382,M-Pesa,Deposit Cash,N/A,Feature Phone,96579.72,0.0,5756.65,Completed
TXN0003504,2024-10-24 22:53:27,CUST00678,Mwangi Njoroge,Male,36,Nairobi,0768430699,Equitel,Buy Goods (Till),Fuel Station,Android,4367.76,40,150237.67,Completed
TXN0005869,2024-10-24 23:14:25,CUST00626,Njeri Njoroge,Female,21,Kakamega,0710911572,M-Pesa,Buy Goods (Till),Clothing,Android,6556.64,55,107615.26,Completed
TXN0003525,2024-10-25 04:27:00,CUST00125,Njeri Barasa,Male,43,Trans Nzoia,0701578096,M-Pesa,Send Money,N/A,Android,53535.38,100,127914.4,Completed
TXN0001139,2024-10-25 07:23:40,CUST00451,Chelagat Ochieng,Male,38,Nairobi,0740783244,Airtel Money,Buy Goods (Till),Electronics,Android,7816.42,87,56061.24,Completed
TXN0005040,2024-10-25 08:15:01,CUST00409,Nasike Karanja,Male,61,Nairobi,0768041558,M-Pesa,Pay Bill,Insurance,Android,100285.66,108,230336.91,Completed
TXN0005826,2024-10-25 10:44:52,CUST00264,Omondi Mutiso,Female,63,Nairobi,0723461602,M-Pesa,Withdraw Cash,N/A,Android,25989.87,105,215310.94,Completed
TXN0003134,2024-10-25 12:36:38,CUST00532,Maina Waweru,Male,69,Nakuru,0710440342,M-Pesa,Send Money,N/A,Android,40151.08,108,222489.2,Completed
TXN0005825,2024-10-25 12:42:57,CUST00476,Mumbi Musyoka,Female,54,Mombasa,0790646155,Airtel Money,Withdraw Cash,N/A,Android,10402.43,55,201455.92,Completed
TXN0003146,2024-10-25 13:03:52,CUST00133,Kamau Barasa,Male,49,Machakos,0701201123,M-Pesa,Pay Bill,Rent,Android,47100.19,105,96736.56,Completed
TXN0005008,2024-10-25 15:20:32,CUST00764,Kariuki Njoroge,Female,28,Bungoma,0111672019,M-Pesa,Pay Bill,DSTV/GOTV,Feature Phone,102096.17,105,170339.15,Completed
TXN0000826,2024-10-25 16:35:58,CUST00184,Nafula Musyoka,Female,26,Kakamega,0740214345,M-Pesa,Send Money,N/A,Android,26424.47,105,48997.19,Completed
TXN0005377,2024-10-25 18:04:55,CUST00034,Onyango Waweru,Male,58,Uasin Gishu,0768426077,M-Pesa,Send Money,N/A,Android,17470.38,62,112788.39,Completed
TXN0003570,2024-10-25 22:27:54,CUST00199,Maina Gichuru,Male,44,Homa Bay,0790818278,M-Pesa,Withdraw Cash,N/A,Android,9937.25,55,151977.8,Completed
TXN0004279,2024-10-26 03:30:03,CUST00225,Jelagat Chepkwony,Female,65,Uasin Gishu,0723481089,M-Pesa,Buy Goods (Till),Pharmacy,Feature Phone,4161.65,40,98665.54,Completed
TXN0004270,2024-10-26 07:46:50,CUST00628,Anyango Onyango,Female,28,Mombasa,0768577870,M-Pesa,Pay Bill,Rent,Feature Phone,75576.52,108,151867.14,Completed
TXN0000313,2024-10-26 08:27:34,CUST00333,Barasa Njoroge,Male,32,Nairobi,0740837109,M-Pesa,Buy Goods (Till),Fuel Station,Android,27374.28,100,52345.25,Completed
TXN0001218,2024-10-26 11:34:44,CUST00647,Mutua Omollo,Female,34,Nairobi,0723135195,M-Pesa,Pay Bill,SACCO,Android,106306.32,108,22923.88,Completed
TXN0002804,2024-10-26 11:57:54,CUST00463,Njoroge Waweru,Male,61,Kisumu,0710447010,Airtel Money,Buy Goods (Till),Restaurant,Feature Phone,21508.86,100,96400.34,Completed
TXN0005867,2024-10-26 12:44:49,CUST00686,Nyokabi Ruto,Male,65,Kajiado,0759622501,M-Pesa,Buy Goods (Till),Supermarket,Android,12182.88,62,134629.25,Completed
TXN0004800,2024-10-26 13:35:15,CUST00305,Wambui Chepkwony,Female,22,Kiambu,0723215936,M-Pesa,Pay Bill,Loan Repayment,Android,12594.44,62,82362.53,Completed
TXN0004135,2024-10-26 14:34:18,CUST00631,Achieng Wabwire,Female,25,Nakuru,0710142975,M-Pesa,Send Money,N/A,Android,14629.37,62,119223.29,Completed
TXN0002976,2024-10-26 14:46:19,CUST00032,Akinyi Njuguna,Male,37,Nakuru,0722327634,M-Pesa,Airtime Purchase,N/A,Android,1098.35,0.0,94778.92,Completed
TXN0001546,2024-10-26 14:54:47,CUST00126,Auma Karanja,Female,71,Bungoma,0710715885,M-Pesa,Buy Goods (Till),Fuel Station,Android,6011.59,55,34203.93,Completed
TXN0005973,2024-10-26 17:48:24,CUST00379,Nyokabi Musyoka,Female,43,Kilifi,0722336295,Airtel Money,Airtime Purchase,N/A,Android,907.0,0.0,24511.19,Completed
TXN0003809,2024-10-26 18:27:00,CUST00601,Mutua Ochieng,Female,25,Nairobi,0722536277,Airtel Money,Send Money,N/A,Android,14965.65,55,79114.75,Completed
TXN0003323,2024-10-26 20:35:44,CUST00187,Owino Kamau,Male,48,Nairobi,0768908733,Airtel Money,Deposit Cash,N/A,Android,60067.21,0.0,60748.31,Completed
TXN0002174,2024-10-27 06:48:31,CUST00026,Nafula Omollo,Male,60,Nairobi,0759846198,Equitel,Buy Goods (Till),Clothing,Feature Phone,22394.06,0.0,72727.2,Failed
TXN0002960,2024-10-27 07:25:06,CUST00191,Mwangi Kariuki,Female,60,Kericho,0759933313,M-Pesa,Buy Goods (Till),Restaurant,Android,6715.77,55,37684.33,Completed
TXN0003727,2024-10-27 07:31:20,CUST00116,Njoroge Njoroge,Male,20,Bungoma,0722333840,M-Pesa,Send Money,N/A,Android,17883.58,55,24420.8,Completed
TXN0004236,2024-10-27 08:31:58,CUST00410,Nyokabi Amollo,Female,30,Nyeri,0759097508,M-Pesa,Send Money,N/A,Android,29692.06,0.0,247396.97,Failed
TXN0003818,2024-10-27 08:59:36,CUST00339,Barasa Musyoka,Male,71,Machakos,0701723583,M-Pesa,Send Money,N/A,Android,22026.1,108,231634.05,Completed
TXN0001044,2024-10-27 10:56:03,CUST00606,Nabwire Kimani,Female,69,Machakos,0768923511,M-Pesa,Send Money,N/A,Android,30150.03,108,3761.1,Completed
TXN0000067,2024-10-27 11:14:12,CUST00181,Anyango Mutiso,Male,71,Machakos,0111448653,M-Pesa,Buy Goods (Till),Supermarket,Android,7188.98,62,176204.7,Completed
TXN0000337,2024-10-27 11:43:31,CUST00073,Ndungu Makau,Male,49,Kajiado,0790728212,M-Pesa,Pay Bill,DSTV/GOTV,Feature Phone,55199.6,100,244945.49,Completed
TXN0004282,2024-10-27 14:15:49,CUST00463,Njoroge Waweru,Male,61,Kisumu,0710447010,Airtel Money,Send Money,N/A,Feature Phone,49980.12,100,189611.16,Completed
TXN0001823,2024-10-27 17:28:36,CUST00350,Kibet Kamau,Male,27,Nairobi,0759092140,M-Pesa,Buy Goods (Till),Electronics,Android,9709.3,55,211811.19,Completed
TXN0003206,2024-10-27 18:12:30,CUST00317,Jelagat Wanjala,Male,48,Kericho,0710241576,M-Pesa,Send Money,N/A,Android,14372.82,87,86511.5,Completed
TXN0000336,2024-10-27 19:59:24,CUST00698,Kirui Onyango,Male,19,Nairobi,0722760201,M-Pesa,Pay Bill,Electricity (KPLC),Android,98780.27,105,146861.92,Completed
TXN0001075,2024-10-27 20:34:14,CUST00790,Kipchoge Mutiso,Male,24,Meru,0768165146,M-Pesa,Withdraw Cash,N/A,Feature Phone,7254.68,55,38432.27,Completed
TXN0002946,2024-10-27 22:03:04,CUST00465,Mutua Musyoka,Female,41,Bomet,0722129615,M-Pesa,Deposit Cash,N/A,Android,84247.72,0.0,125155.92,Completed
TXN0003535,2024-10-27 23:06:08,CUST00767,Ochieng Owuor,Male,28,Kilifi,0723083435,M-Pesa,Withdraw Cash,N/A,Android,42359.29,108,34022.29,Completed
TXN0003051,2024-10-28 02:05:25,CUST00627,Atieno Wekesa,Female,64,Nairobi,0768122462,Airtel Money,Airtime Purchase,N/A,Android,1096.94,0.0,115361.62,Reversed
TXN0005838,2024-10-28 06:48:47,CUST00116,Njoroge Njoroge,Male,20,Bungoma,0722333840,M-Pesa,Buy Goods (Till),Clothing,Android,9738.53,62,9763.1,Completed
TXN0000609,2024-10-28 09:32:41,CUST00628,Anyango Onyango,Female,28,Mombasa,0768577870,M-Pesa,Send Money,N/A,Feature Phone,6917.9,62,39348.51,Completed
TXN0001676,2024-10-28 13:20:18,CUST00704,Chelagat Kimani,Male,27,Kiambu,0768479814,M-Pesa,Reversal,N/A,Android,16725.9,0.0,70569.25,Completed
TXN0002792,2024-10-28 14:19:17,CUST00112,Atieno Ochieng,Male,21,Nairobi,0701084565,M-Pesa,Deposit Cash,N/A,Android,69332.48,0.0,45383.52,Failed
TXN0000903,2024-10-28 14:53:27,CUST00550,Mutua Kiprono,Female,69,Mombasa,0768895694,M-Pesa,Send Money,N/A,Feature Phone,11526.38,87,202814.8,Completed
TXN0003459,2024-10-28 18:46:58,CUST00524,Njoroge Karanja,Female,34,Machakos,0790541749,M-Pesa,Pay Bill,School Fees,iOS,108030.15,0.0,156639.58,Failed
TXN0004902,2024-10-28 19:02:27,CUST00617,Kirui Langat,Male,37,Mombasa,0722032291,M-Pesa,Pay Bill,School Fees,Android,36750.03,0.0,248885.08,Failed
TXN0004054,2024-10-28 19:12:01,CUST00793,Jelagat Waweru,Male,58,Nakuru,0723515140,M-Pesa,Deposit Cash,N/A,Android,20464.12,0.0,78087.15,Completed
TXN0005139,2024-10-28 19:37:09,CUST00324,Auma Omollo,Male,46,Bungoma,0710157866,M-Pesa,Withdraw Cash,N/A,Android,27400.54,105,62298.1,Completed
TXN0003924,2024-10-28 21:28:28,CUST00433,Cheruiyot Ochieng,Male,23,Kericho,0710376811,M-Pesa,Deposit Cash,N/A,Android,44710.55,0.0,246109.69,Completed
TXN0005781,2024-10-29 00:57:19,CUST00342,Ndungu Kimani,Female,43,Kiambu,0701797541,Airtel Money,Pay Bill,Rent,Android,56576.65,0.0,130609.62,Failed
TXN0000733,2024-10-29 06:14:01,CUST00134,Nabwire Chepkwony,Male,30,Nakuru,0790057296,M-Pesa,Buy Goods (Till),Electronics,iOS,15511.38,55,77396.26,Completed
TXN0002982,2024-10-29 06:25:57,CUST00221,Ochieng Waweru,Male,62,Turkana,0701900180,M-Pesa,Deposit Cash,N/A,Android,88052.88,0.0,222388.09,Completed
TXN0005595,2024-10-29 07:35:24,CUST00379,Nyokabi Musyoka,Female,43,Kilifi,0722336295,Airtel Money,Withdraw Cash,N/A,Android,21097.12,108,84221.38,Completed
TXN0004103,2024-10-29 08:29:30,CUST00674,Nyokabi Wabwire,Male,61,Nairobi,0759882420,M-Pesa,Buy Goods (Till),Electronics,Android,17701.27,55,240357.62,Completed
TXN0000748,2024-10-29 09:23:08,CUST00214,Muthoni Kiprono,Male,65,Bungoma,0790718345,M-Pesa,Deposit Cash,N/A,iOS,142769.98,0.0,26686.45,Completed
TXN0005945,2024-10-29 10:05:53,CUST00052,Chebet Cheptoo,Female,18,Uasin Gishu,0701439281,M-Pesa,Send Money,N/A,Android,38783.22,100,77953.12,Completed
TXN0001243,2024-10-29 10:48:13,CUST00229,Rotich Gichuru,Male,52,Bungoma,0768735495,M-Pesa,Pay Bill,DSTV/GOTV,Android,91831.08,105,26659.02,Completed
TXN0001146,2024-10-29 10:58:09,CUST00087,Kiprop Mwangi,Male,45,Nairobi,0111855531,M-Pesa,Pay Bill,Insurance,Android,88823.81,105,145303.38,Completed
TXN0002999,2024-10-29 11:23:16,CUST00513,Achieng Kariuki,Female,23,Kajiado,0701448788,Airtel Money,Airtime Purchase,N/A,Android,551.47,0.0,231224.84,Completed
TXN0002509,2024-10-29 11:47:21,CUST00213,Atieno Odhiambo,Male,65,Kakamega,0710177195,Airtel Money,Airtime Purchase,N/A,Feature Phone,87.56,0.0,120420.83,Completed
TXN0002633,2024-10-29 13:46:25,CUST00550,Mutua Kiprono,Female,69,Mombasa,0768895694,M-Pesa,Pay Bill,Rent,Feature Phone,104520.56,100,2314.53,Completed
TXN0002916,2024-10-29 14:35:02,CUST00767,Ochieng Owuor,Male,28,Kilifi,0723083435,M-Pesa,Buy Goods (Till),Pharmacy,Android,8398.15,0.0,175605.86,Failed
TXN0001879,2024-10-29 15:56:09,CUST00038,Gitau Mutiso,Female,52,Mombasa,0722249568,M-Pesa,Deposit Cash,N/A,Android,12696.33,0.0,54861.52,Completed
TXN0003072,2024-10-29 16:19:26,CUST00384,Mutua Odhiambo,Male,19,Nakuru,0701184613,M-Pesa,Withdraw Cash,N/A,Android,42965.76,105,199466.95,Completed
TXN0001525,2024-10-29 16:26:16,CUST00572,Nafula Onyango,Female,40,Kericho,0740550753,M-Pesa,Pay Bill,Loan Repayment,Android,99625.75,100,117918.46,Completed
TXN0001438,2024-10-29 16:50:24,CUST00174,Kipchoge Wabwire,Male,72,Kiambu,0740577301,M-Pesa,Send Money,N/A,Feature Phone,52923.59,100,148639.2,Completed
TXN0002084,2024-10-29 17:00:04,CUST00184,Nafula Musyoka,Female,26,Kakamega,0740214345,M-Pesa,Pay Bill,Insurance,Android,28800.21,108,110212.41,Completed
TXN0004603,2024-10-29 19:27:46,CUST00028,Wafula Amollo,Male,47,Kiambu,0740263207,M-Pesa,Pay Bill,DSTV/GOTV,Android,76029.04,105,1441.94,Completed
TXN0005539,2024-10-29 20:46:44,CUST00640,Wangari Ruto,Female,60,Nakuru,0722988084,Airtel Money,Send Money,N/A,iOS,19769.36,55,248819.35,Completed
TXN0002311,2024-10-29 21:12:32,CUST00058,Mutua Odhiambo,Male,71,Kericho,0722962074,M-Pesa,Buy Goods (Till),Pharmacy,Feature Phone,18425.78,87,225454.47,Completed
TXN0004794,2024-10-29 21:43:28,CUST00611,Owino Langat,Female,71,Nyeri,0790388416,M-Pesa,Withdraw Cash,N/A,Android,51097.17,105,6416.78,Completed
TXN0004895,2024-10-30 06:58:26,CUST00746,Wafula Odhiambo,Male,72,Turkana,0790917512,M-Pesa,Buy Goods (Till),Clothing,Android,4230.45,40,202457.75,Completed
TXN0005391,2024-10-30 07:30:05,CUST00611,Owino Langat,Female,71,Nyeri,0790388416,M-Pesa,Deposit Cash,N/A,Android,110127.98,0.0,222192.73,Completed
TXN0004906,2024-10-30 08:44:29,CUST00524,Njoroge Karanja,Female,34,Machakos,0790541749,M-Pesa,Buy Goods (Till),Supermarket,iOS,19651.07,87,207863.6,Completed
TXN0003467,2024-10-30 08:46:27,CUST00244,Kipchoge Ruto,Female,42,Nakuru,0701042851,M-Pesa,Pay Bill,Insurance,Android,6273.76,62,18239.83,Completed
TXN0003264,2024-10-30 09:39:54,CUST00381,Nabwire Kiprono,Male,45,Bomet,0111416562,M-Pesa,Buy Goods (Till),Hardware,Android,19108.98,62,154828.45,Completed
TXN0003236,2024-10-30 10:36:47,CUST00311,Auma Makau,Male,48,Migori,0722240302,Airtel Money,Airtime Purchase,N/A,Android,732.17,0.0,69174.07,Completed
TXN0004948,2024-10-30 13:25:48,CUST00451,Chelagat Ochieng,Male,38,Nairobi,0740783244,Airtel Money,Pay Bill,Electricity (KPLC),Android,62190.48,105,100268.82,Completed
TXN0001929,2024-10-30 13:40:14,CUST00595,Omondi Karanja,Male,26,Bungoma,0740563469,M-Pesa,Deposit Cash,N/A,Android,22496.15,0.0,65178.59,Completed
TXN0000840,2024-10-30 13:48:34,CUST00176,Chelagat Mutiso,Female,19,Kakamega,0701439466,M-Pesa,Buy Goods (Till),Hardware,Android,12282.75,62,132435.23,Completed
TXN0003626,2024-10-30 14:24:15,CUST00678,Mwangi Njoroge,Male,36,Nairobi,0768430699,Equitel,Pay Bill,SACCO,Android,33467.34,0.0,64641.87,Failed
TXN0004888,2024-10-30 14:25:29,CUST00133,Kamau Barasa,Male,49,Machakos,0701201123,M-Pesa,Send Money,N/A,Android,55286.0,100,138936.65,Completed
TXN0002549,2024-10-30 14:47:24,CUST00666,Muthoni Wabwire,Male,39,Bungoma,0710820393,M-Pesa,Withdraw Cash,N/A,iOS,20368.27,100,232872.0,Completed
TXN0001925,2024-10-30 14:51:39,CUST00761,Owino Kariuki,Female,25,Homa Bay,0723323434,M-Pesa,Withdraw Cash,N/A,Android,17737.65,55,207935.87,Completed
TXN0000992,2024-10-30 18:55:01,CUST00197,Kiprop Kiplagat,Female,25,Bungoma,0740276864,M-Pesa,Withdraw Cash,N/A,Feature Phone,41541.0,100,60629.16,Completed
TXN0005001,2024-10-30 19:10:23,CUST00061,Wafula Owuor,Male,41,Machakos,0701672594,M-Pesa,Buy Goods (Till),Clothing,Android,1784.12,33,23927.84,Completed
TXN0003513,2024-10-30 19:28:54,CUST00284,Adhiambo Kiplagat,Female,70,Bungoma,0111149857,M-Pesa,Send Money,N/A,Android,38132.04,100,246791.68,Completed
TXN0005757,2024-10-30 19:50:03,CUST00054,Atieno Cheptoo,Female,55,Trans Nzoia,0790509076,M-Pesa,Send Money,N/A,Android,10609.55,62,9264.36,Completed
TXN0005797,2024-10-30 21:23:26,CUST00474,Kirui Barasa,Male,53,Mombasa,0790835400,M-Pesa,Send Money,N/A,iOS,24998.49,108,168896.27,Completed
TXN0000011,2024-10-30 22:28:43,CUST00222,Wangari Barasa,Male,34,Kericho,0768773202,M-Pesa,Withdraw Cash,N/A,Android,17644.99,62,216435.57,Completed
TXN0002997,2024-10-30 23:14:16,CUST00385,Achieng Waweru,Male,66,Bomet,0790926221,T-Kash,Send Money,N/A,Android,25126.5,108,187085.59,Completed
TXN0005807,2024-10-30 23:54:28,CUST00647,Mutua Omollo,Female,34,Nairobi,0723135195,M-Pesa,Buy Goods (Till),Restaurant,Android,9180.43,62,4940.16,Completed
TXN0001679,2024-10-31 00:19:04,CUST00525,Kamau Njoroge,Female,27,Nairobi,0710027499,M-Pesa,Withdraw Cash,N/A,Android,15199.44,55,174343.68,Completed
TXN0002742,2024-10-31 03:31:16,CUST00721,Maina Karanja,Female,46,Kakamega,0710994324,M-Pesa,Withdraw Cash,N/A,Android,21524.87,100,18596.38,Completed
TXN0004124,2024-10-31 06:02:49,CUST00348,Anyango Omollo,Female,28,Nyeri,0768820657,M-Pesa,Pay Bill,Internet (ISP),Android,49383.05,100,40249.8,Completed
TXN0004447,2024-10-31 06:04:40,CUST00552,Gitau Onyango,Female,61,Meru,0790733896,M-Pesa,Send Money,N/A,Android,30753.55,100,210725.98,Completed
TXN0005949,2024-10-31 08:16:48,CUST00525,Kamau Njoroge,Female,27,Nairobi,0710027499,M-Pesa,Pay Bill,Rent,Android,50533.88,100,189910.88,Completed
TXN0001500,2024-10-31 09:41:20,CUST00522,Wanjiku Kariuki,Male,50,Machakos,0790961801,M-Pesa,Buy Goods (Till),Hardware,Android,8919.13,62,232970.58,Completed
TXN0002399,2024-10-31 09:53:07,CUST00244,Kipchoge Ruto,Female,42,Nakuru,0701042851,M-Pesa,Withdraw Cash,N/A,Android,16252.76,0.0,75893.96,Reversed
TXN0005384,2024-10-31 11:16:06,CUST00120,Otieno Kiprono,Male,72,Machakos,0701007335,M-Pesa,Send Money,N/A,Android,20175.9,0.0,187897.79,Failed
TXN0002357,2024-10-31 11:29:08,CUST00195,Njoroge Otieno,Male,35,Nairobi,0790147751,M-Pesa,Buy Goods (Till),Fuel Station,Feature Phone,9682.97,55,240575.77,Completed
TXN0004258,2024-10-31 13:09:00,CUST00334,Nasike Ruto,Male,57,Kiambu,0790499225,M-Pesa,Pay Bill,Insurance,Feature Phone,22636.15,105,189017.96,Completed
TXN0004481,2024-10-31 13:38:11,CUST00378,Kirui Owuor,Male,63,Nairobi,0111450195,M-Pesa,Airtime Purchase,N/A,Android,413.56,0.0,159974.88,Completed
TXN0000936,2024-10-31 15:40:32,CUST00714,Cherono Ochieng,Male,24,Nairobi,0111025057,M-Pesa,Send Money,N/A,Android,1501.35,45,16444.71,Completed
TXN0004842,2024-10-31 16:07:04,CUST00705,Auma Wekesa,Female,67,Nakuru,0111449661,T-Kash,Send Money,N/A,iOS,14274.39,55,9505.28,Completed
TXN0001205,2024-10-31 16:29:24,CUST00676,Anyango Ruto,Male,18,Nairobi,0701158490,M-Pesa,Send Money,N/A,Android,39376.12,108,14332.98,Completed
TXN0004590,2024-10-31 16:56:42,CUST00218,Njeri Karanja,Female,47,Kericho,0790350253,M-Pesa,Send Money,N/A,Android,39167.36,108,156241.83,Completed
TXN0002516,2024-10-31 17:15:27,CUST00038,Gitau Mutiso,Female,52,Mombasa,0722249568,M-Pesa,Buy Goods (Till),Hardware,Android,21535.03,108,5108.29,Completed
TXN0005700,2024-10-31 23:11:00,CUST00724,Chebet Mwangi,Female,29,Nyeri,0768713394,M-Pesa,Send Money,N/A,Android,41194.22,100,212962.32,Completed
TXN0001001,2024-11-01 02:15:42,CUST00082,Cherono Cheptoo,Male,27,Trans Nzoia,0759216007,M-Pesa,Send Money,N/A,Android,28961.49,0.0,111022.08,Failed
TXN0004615,2024-11-01 07:43:45,CUST00694,Owino Omollo,Male,64,Bomet,0710206895,M-Pesa,Buy Goods (Till),Clothing,Android,4273.01,45,152786.59,Completed
TXN0001447,2024-11-01 10:53:00,CUST00251,Cherono Karanja,Female,41,Nairobi,0790388692,M-Pesa,Buy Goods (Till),Restaurant,Feature Phone,26422.8,105,73283.94,Completed
TXN0003057,2024-11-01 10:55:37,CUST00410,Nyokabi Amollo,Female,30,Nyeri,0759097508,M-Pesa,Send Money,N/A,Android,55070.33,105,34953.21,Completed
TXN0004241,2024-11-01 10:56:15,CUST00169,Cheruiyot Kiprono,Male,18,Nairobi,0701366644,M-Pesa,Send Money,N/A,Android,31149.74,108,219817.66,Completed
TXN0003207,2024-11-01 11:51:23,CUST00569,Mwangi Kariuki,Female,21,Kiambu,0759444282,T-Kash,Send Money,N/A,Android,26604.33,105,44789.05,Completed
TXN0001269,2024-11-01 12:12:00,CUST00488,Mutua Chepkwony,Female,44,Kiambu,0768108461,Equitel,Pay Bill,Insurance,Android,73149.53,105,26467.71,Completed
TXN0002694,2024-11-01 13:33:29,CUST00084,Onyango Kimani,Female,19,Nairobi,0701841748,M-Pesa,Send Money,N/A,Android,25942.04,105,73830.67,Completed
TXN0005833,2024-11-01 17:27:35,CUST00789,Kipchoge Makau,Male,42,Kilifi,0768902074,M-Pesa,Buy Goods (Till),Electronics,Android,8036.7,55,166134.75,Completed
TXN0005988,2024-11-01 18:22:52,CUST00624,Auma Karanja,Female,39,Nairobi,0111675962,M-Pesa,Send Money,N/A,Feature Phone,31937.53,105,125344.36,Completed
TXN0000200,2024-11-01 18:51:25,CUST00504,Muthoni Kiplagat,Male,27,Nairobi,0790848968,M-Pesa,Withdraw Cash,N/A,Android,38208.01,108,111168.02,Completed
TXN0002475,2024-11-01 19:14:17,CUST00371,Maina Wanjala,Female,54,Kisumu,0740471347,M-Pesa,Airtime Purchase,N/A,Android,246.54,0.0,11077.83,Completed
TXN0002261,2024-11-01 19:38:55,CUST00223,Chebet Wekesa,Male,46,Mombasa,0768137448,M-Pesa,Pay Bill,SACCO,Feature Phone,112809.05,100,75481.48,Completed
TXN0003664,2024-11-01 22:13:14,CUST00579,Barasa Wabwire,Male,54,Kericho,0759728096,M-Pesa,Pay Bill,DSTV/GOTV,Android,48940.6,100,75569.98,Completed
TXN0002724,2024-11-01 22:39:14,CUST00335,Wairimu Otieno,Female,50,Kiambu,0710415306,M-Pesa,Buy Goods (Till),Hardware,Android,8864.34,55,140462.03,Completed
TXN0004387,2024-11-01 23:13:21,CUST00660,Kipchoge Cheptoo,Male,56,Meru,0722581121,M-Pesa,Send Money,N/A,Feature Phone,30230.55,100,81887.58,Completed
TXN0001744,2024-11-02 04:59:58,CUST00320,Ochieng Waweru,Female,41,Garissa,0759494738,Airtel Money,Send Money,N/A,Feature Phone,15105.69,55,151051.75,Completed
TXN0000141,2024-11-02 05:59:58,CUST00537,Onyango Langat,Female,43,Garissa,0701386696,Airtel Money,Send Money,N/A,Android,59285.26,100,165851.6,Completed
TXN0004540,2024-11-02 07:33:24,CUST00511,Simiyu Wabwire,Male,68,Kakamega,0790539381,Airtel Money,Withdraw Cash,N/A,Feature Phone,9009.48,87,139518.78,Completed
TXN0003688,2024-11-02 09:34:12,CUST00654,Auma Njoroge,Male,65,Kakamega,0111756919,M-Pesa,Send Money,N/A,Feature Phone,11703.7,62,88426.76,Completed
TXN0003798,2024-11-02 11:54:03,CUST00054,Atieno Cheptoo,Female,55,Trans Nzoia,0790509076,M-Pesa,Send Money,N/A,Android,61548.31,108,135283.38,Completed
TXN0005914,2024-11-02 11:54:15,CUST00710,Njeri Kamau,Male,54,Kajiado,0768117762,M-Pesa,Buy Goods (Till),Pharmacy,Android,11721.01,55,136378.29,Completed
TXN0004392,2024-11-02 12:15:47,CUST00037,Rotich Omollo,Female,35,Mombasa,0790238013,M-Pesa,Withdraw Cash,N/A,Android,35939.36,108,207301.26,Completed
TXN0003200,2024-11-02 12:39:56,CUST00486,Muthoni Langat,Female,55,Nairobi,0723133221,Equitel,Withdraw Cash,N/A,Android,3782.05,45,234491.77,Completed
TXN0004660,2024-11-02 13:24:13,CUST00192,Akinyi Njuguna,Female,23,Kakamega,0111131654,M-Pesa,Send Money,N/A,Android,36077.73,105,40912.68,Completed
TXN0004634,2024-11-02 14:00:26,CUST00129,Akinyi Kimani,Female,19,Kisumu,0759294862,M-Pesa,Buy Goods (Till),Hardware,Android,7606.37,62,83525.09,Completed
TXN0002342,2024-11-02 15:28:13,CUST00439,Maina Sang,Female,36,Kakamega,0710596231,M-Pesa,Withdraw Cash,N/A,Android,38115.87,105,128540.56,Completed
TXN0004978,2024-11-02 17:59:47,CUST00544,Simiyu Makau,Female,23,Kakamega,0710114794,M-Pesa,Pay Bill,Internet (ISP),Android,105574.14,100,229280.76,Completed
TXN0003544,2024-11-02 18:42:17,CUST00600,Kariuki Mutiso,Female,35,Nakuru,0710420925,M-Pesa,Pay Bill,Loan Repayment,Android,104510.63,105,64811.76,Completed
TXN0004961,2024-11-02 18:54:04,CUST00040,Kagwe Wekesa,Female,71,Mombasa,0710959560,M-Pesa,Withdraw Cash,N/A,Feature Phone,49520.73,100,171749.68,Completed
TXN0005442,2024-11-02 19:50:54,CUST00087,Kiprop Mwangi,Male,45,Nairobi,0111855531,M-Pesa,Buy Goods (Till),Electronics,Android,7479.63,62,179545.74,Completed
TXN0000432,2024-11-02 20:09:54,CUST00146,Gitau Karanja,Male,71,Nairobi,0722934999,Airtel Money,Withdraw Cash,N/A,Android,19448.34,0.0,218340.44,Failed
TXN0001377,2024-11-02 22:05:54,CUST00441,Otieno Otieno,Female,39,Nairobi,0722426598,M-Pesa,Send Money,N/A,Feature Phone,50219.92,108,143778.89,Completed
TXN0004709,2024-11-02 22:12:00,CUST00113,Akinyi Ruto,Male,33,Uasin Gishu,0710609055,Equitel,Deposit Cash,N/A,Android,23039.62,0.0,226970.32,Completed
TXN0005002,2024-11-03 08:36:44,CUST00740,Kipchoge Omollo,Female,59,Turkana,0790187832,M-Pesa,Buy Goods (Till),Restaurant,Android,12342.04,55,82049.01,Completed
TXN0004227,2024-11-03 08:42:03,CUST00057,Jelagat Ochieng,Female,47,Meru,0768954004,M-Pesa,Withdraw Cash,N/A,Android,38604.38,100,92964.82,Completed
TXN0005804,2024-11-03 09:08:49,CUST00067,Wanjiku Makau,Female,27,Nakuru,0710072630,M-Pesa,Send Money,N/A,Android,61043.16,105,19839.17,Completed
TXN0004972,2024-11-03 10:46:38,CUST00422,Gitau Wabwire,Female,52,Uasin Gishu,0722957146,M-Pesa,Send Money,N/A,Feature Phone,49803.44,108,98082.12,Completed
TXN0005406,2024-11-03 10:53:55,CUST00424,Wairimu Sang,Female,18,Mombasa,0759953392,M-Pesa,Send Money,N/A,Android,9263.73,55,201023.58,Completed
TXN0005464,2024-11-03 12:10:33,CUST00619,Kibet Chepkwony,Female,58,Nairobi,0740934213,M-Pesa,Reversal,N/A,Android,23806.63,0.0,224379.63,Completed
TXN0003180,2024-11-03 12:19:45,CUST00638,Mwangi Kariuki,Female,22,Kiambu,0740461070,M-Pesa,Buy Goods (Till),Supermarket,iOS,12855.59,55,186577.92,Completed
TXN0002302,2024-11-03 13:09:38,CUST00176,Chelagat Mutiso,Female,19,Kakamega,0701439466,M-Pesa,Pay Bill,SACCO,Android,78829.65,108,131302.64,Completed
TXN0003657,2024-11-03 13:53:13,CUST00188,Nasike Ochieng,Female,46,Nyeri,0701338186,M-Pesa,Send Money,N/A,Android,8314.24,62,54266.56,Completed
TXN0005279,2024-11-03 14:23:35,CUST00046,Kagwe Owuor,Male,59,Kiambu,0759748532,T-Kash,Buy Goods (Till),Clothing,Android,14916.69,0.0,107052.13,Reversed
TXN0004886,2024-11-03 15:52:06,CUST00107,Wairimu Omollo,Male,37,Bomet,0701916547,M-Pesa,Buy Goods (Till),Supermarket,Android,21346.08,100,222509.34,Completed
TXN0003320,2024-11-03 16:12:01,CUST00148,Cheruiyot Wekesa,Female,18,Nyeri,0790571888,M-Pesa,Send Money,N/A,Android,15214.16,0.0,156651.32,Failed
TXN0000774,2024-11-03 16:45:27,CUST00151,Muthoni Wanjala,Female,32,Nairobi,0710449379,M-Pesa,Buy Goods (Till),Supermarket,Feature Phone,3745.44,40,142370.38,Completed
TXN0005270,2024-11-03 17:31:38,CUST00004,Rotich Wanjala,Female,41,Uasin Gishu,0723022021,M-Pesa,Buy Goods (Till),Fuel Station,Android,20864.82,0.0,125829.25,Failed
TXN0005262,2024-11-03 18:12:20,CUST00640,Wangari Ruto,Female,60,Nakuru,0722988084,Airtel Money,Buy Goods (Till),Hardware,iOS,15045.97,87,175201.36,Completed
TXN0002523,2024-11-03 20:11:40,CUST00586,Onyango Gichuru,Female,45,Garissa,0723397431,M-Pesa,Withdraw Cash,N/A,Android,38191.71,108,113873.9,Completed
TXN0001202,2024-11-03 23:08:07,CUST00251,Cherono Karanja,Female,41,Nairobi,0790388692,M-Pesa,Send Money,N/A,Feature Phone,31702.69,105,99204.94,Completed
TXN0000641,2024-11-04 02:11:00,CUST00194,Wafula Amollo,Male,42,Bomet,0759644741,M-Pesa,Pay Bill,Electricity (KPLC),Feature Phone,30296.55,108,201093.83,Completed
TXN0004881,2024-11-04 03:58:12,CUST00769,Omondi Waweru,Male,72,Nairobi,0710305642,M-Pesa,Send Money,N/A,iOS,17729.05,62,232935.05,Completed
TXN0000577,2024-11-04 06:23:03,CUST00769,Omondi Waweru,Male,72,Nairobi,0710305642,M-Pesa,Send Money,N/A,iOS,46308.37,108,34961.28,Completed
TXN0003886,2024-11-04 06:46:52,CUST00537,Onyango Langat,Female,43,Garissa,0701386696,Airtel Money,Send Money,N/A,Android,21905.91,105,51754.68,Completed
TXN0002057,2024-11-04 07:53:15,CUST00594,Nyokabi Wabwire,Male,31,Kiambu,0740331576,M-Pesa,Reversal,N/A,Feature Phone,24009.56,0.0,117.62,Completed
TXN0003971,2024-11-04 10:20:45,CUST00626,Njeri Njoroge,Female,21,Kakamega,0710911572,M-Pesa,Send Money,N/A,Android,36094.08,0.0,22569.1,Failed
TXN0001414,2024-11-04 10:55:04,CUST00693,Wairimu Ochieng,Male,18,Kakamega,0111398218,M-Pesa,Send Money,N/A,iOS,9244.67,55,147994.42,Completed
TXN0005176,2024-11-04 11:15:56,CUST00134,Nabwire Chepkwony,Male,30,Nakuru,0790057296,M-Pesa,Pay Bill,Internet (ISP),iOS,70408.77,105,182555.4,Completed
TXN0001434,2024-11-04 11:29:55,CUST00417,Nabwire Gichuru,Female,61,Kiambu,0768799565,Airtel Money,Send Money,N/A,Feature Phone,11477.21,62,210495.48,Completed
TXN0003300,2024-11-04 11:42:38,CUST00435,Jelagat Mwangi,Male,49,Trans Nzoia,0740614172,M-Pesa,Reversal,N/A,Feature Phone,32293.72,0.0,50884.33,Completed
TXN0001981,2024-11-04 13:53:27,CUST00682,Cheruiyot Gichuru,Female,69,Nairobi,0759618611,M-Pesa,Buy Goods (Till),Hardware,Android,10107.34,87,68407.99,Completed
TXN0005794,2024-11-04 14:43:04,CUST00715,Wangari Kariuki,Male,23,Trans Nzoia,0722570390,M-Pesa,Send Money,N/A,Android,12870.15,62,200490.11,Completed
TXN0001387,2024-11-04 16:07:11,CUST00769,Omondi Waweru,Male,72,Nairobi,0710305642,M-Pesa,Pay Bill,SACCO,iOS,34272.15,100,197476.89,Completed
TXN0002044,2024-11-04 16:20:09,CUST00378,Kirui Owuor,Male,63,Nairobi,0111450195,M-Pesa,Buy Goods (Till),Hardware,Android,5890.55,87,36099.73,Completed
TXN0003268,2024-11-04 16:32:25,CUST00251,Cherono Karanja,Female,41,Nairobi,0790388692,M-Pesa,Send Money,N/A,Feature Phone,29048.72,105,68794.63,Completed
TXN0002853,2024-11-04 16:59:27,CUST00435,Jelagat Mwangi,Male,49,Trans Nzoia,0740614172,M-Pesa,Send Money,N/A,Feature Phone,19486.5,87,128827.76,Completed
TXN0004022,2024-11-04 17:15:58,CUST00139,Jelagat Mutiso,Male,44,Nairobi,0740479870,M-Pesa,Send Money,N/A,Android,19127.27,62,212800.33,Completed
TXN0004788,2024-11-04 17:52:03,CUST00387,Ochieng Ochieng,Male,46,Mombasa,0722825903,M-Pesa,Send Money,N/A,iOS,34306.07,105,175274.66,Completed
TXN0003318,2024-11-04 18:52:33,CUST00457,Onyango Kiplagat,Male,67,Nairobi,0768186706,M-Pesa,Pay Bill,SACCO,Android,34827.28,108,54306.66,Completed
TXN0001121,2024-11-04 20:22:34,CUST00007,Anyango Karanja,Female,59,Mombasa,0790175745,M-Pesa,Send Money,N/A,iOS,21344.7,0.0,24743.66,Failed
TXN0005330,2024-11-04 21:55:06,CUST00341,Rotich Kiprono,Female,28,Kakamega,0111464903,M-Pesa,Buy Goods (Till),Fuel Station,Android,2178.76,45,79671.06,Completed
TXN0001811,2024-11-04 22:15:26,CUST00196,Wairimu Amollo,Female,66,Nairobi,0701591872,Equitel,Withdraw Cash,N/A,Android,32526.5,105,220759.54,Completed
TXN0000198,2024-11-04 23:05:32,CUST00115,Auma Otieno,Female,40,Uasin Gishu,0710869411,M-Pesa,Withdraw Cash,N/A,iOS,18668.65,55,228243.65,Completed
TXN0002651,2024-11-04 23:34:41,CUST00104,Auma Odhiambo,Female,62,Kajiado,0759065039,M-Pesa,Send Money,N/A,Feature Phone,16179.27,62,167208.82,Completed
TXN0004191,2024-11-05 07:53:25,CUST00273,Barasa Kimani,Male,32,Mombasa,0790208883,M-Pesa,Send Money,N/A,Android,30506.37,108,147608.98,Completed
TXN0003970,2024-11-05 08:09:20,CUST00712,Nabwire Owuor,Female,37,Meru,0768920397,M-Pesa,Send Money,N/A,Android,25602.83,100,229501.67,Completed
TXN0001866,2024-11-05 08:37:36,CUST00176,Chelagat Mutiso,Female,19,Kakamega,0701439466,M-Pesa,Send Money,N/A,Android,33458.33,100,177107.36,Completed
TXN0002850,2024-11-05 09:18:21,CUST00157,Atieno Kiplagat,Male,61,Nyeri,0768582329,M-Pesa,Pay Bill,Internet (ISP),Android,22922.68,108,34082.71,Completed
TXN0004535,2024-11-05 09:41:59,CUST00155,Nasike Otieno,Male,36,Nakuru,0710796493,Airtel Money,Buy Goods (Till),Restaurant,Feature Phone,12528.1,87,215601.82,Completed
TXN0005643,2024-11-05 10:17:55,CUST00437,Anyango Njuguna,Female,18,Kisumu,0701447802,M-Pesa,Withdraw Cash,N/A,Android,53169.15,100,175486.76,Completed
TXN0002877,2024-11-05 12:14:26,CUST00282,Mutua Cheptoo,Male,47,Kiambu,0701734060,M-Pesa,Send Money,N/A,Android,29820.21,100,239000.65,Completed
TXN0004619,2024-11-05 13:28:26,CUST00279,Wanjiku Kimani,Male,28,Kisumu,0701880429,M-Pesa,Deposit Cash,N/A,Android,55656.62,0.0,104119.31,Completed
TXN0004139,2024-11-05 14:35:40,CUST00548,Muthoni Wekesa,Male,64,Kiambu,0701748138,M-Pesa,Buy Goods (Till),Hardware,Android,18677.13,55,189530.08,Completed
TXN0005540,2024-11-05 14:59:56,CUST00131,Wangari Kiplagat,Female,25,Kiambu,0740109849,Airtel Money,Send Money,N/A,Feature Phone,18353.45,62,122131.49,Completed
TXN0005323,2024-11-05 15:35:37,CUST00491,Owino Musyoka,Female,60,Machakos,0768951414,M-Pesa,Send Money,N/A,iOS,48796.92,100,154492.17,Completed
TXN0002809,2024-11-05 16:00:37,CUST00520,Barasa Omollo,Female,57,Mombasa,0740364013,M-Pesa,Withdraw Cash,N/A,Android,51980.97,105,166498.29,Completed
TXN0001080,2024-11-05 19:58:31,CUST00516,Jelagat Musyoka,Female,65,Nairobi,0710687141,Airtel Money,Send Money,N/A,iOS,16152.88,55,95656.27,Completed
TXN0000211,2024-11-05 21:07:58,CUST00567,Wairimu Wekesa,Male,36,Nairobi,0790719609,M-Pesa,Airtime Purchase,N/A,Feature Phone,1279.63,0.0,19861.82,Completed
TXN0002906,2024-11-05 21:23:54,CUST00557,Chebet Mutiso,Male,51,Uasin Gishu,0111414404,M-Pesa,Pay Bill,DSTV/GOTV,Android,51421.28,105,134896.57,Completed
TXN0002210,2024-11-05 23:38:08,CUST00359,Otieno Wanjala,Male,72,Nakuru,0740309816,M-Pesa,Buy Goods (Till),Supermarket,Android,7582.82,62,244199.78,Completed
TXN0003511,2024-11-06 07:45:07,CUST00602,Maina Langat,Male,65,Kisumu,0790028744,M-Pesa,Airtime Purchase,N/A,Android,319.02,0.0,182479.53,Completed
TXN0000946,2024-11-06 08:57:06,CUST00163,Cherono Onyango,Male,61,Machakos,0722817754,Airtel Money,Pay Bill,SACCO,Android,69301.58,108,235928.54,Completed
TXN0003778,2024-11-06 09:12:05,CUST00223,Chebet Wekesa,Male,46,Mombasa,0768137448,M-Pesa,Send Money,N/A,Feature Phone,22554.45,105,90951.57,Completed
TXN0005659,2024-11-06 09:43:58,CUST00734,Rotich Kiplagat,Male,50,Uasin Gishu,0722682751,Airtel Money,Send Money,N/A,iOS,20752.71,105,14.55,Completed
TXN0003000,2024-11-06 09:58:38,CUST00238,Cheruiyot Odhiambo,Male,58,Nyeri,0111422021,M-Pesa,Buy Goods (Till),Fuel Station,Android,3493.77,33,72516.95,Completed
TXN0000405,2024-11-06 10:10:50,CUST00685,Njoroge Musyoka,Male,35,Homa Bay,0723424316,M-Pesa,Send Money,N/A,Feature Phone,30974.02,100,88677.96,Completed
TXN0002254,2024-11-06 12:00:08,CUST00381,Nabwire Kiprono,Male,45,Bomet,0111416562,M-Pesa,Send Money,N/A,Android,9005.66,55,155553.94,Completed
TXN0002406,2024-11-06 13:06:02,CUST00798,Nafula Odhiambo,Female,65,Nairobi,0701076441,M-Pesa,Buy Goods (Till),Electronics,Feature Phone,4456.8,40,124142.34,Completed
TXN0002407,2024-11-06 13:18:21,CUST00726,Adhiambo Otieno,Female,31,Kericho,0768260042,M-Pesa,Send Money,N/A,Feature Phone,1698.97,33,34788.08,Completed
TXN0005793,2024-11-06 13:37:06,CUST00104,Auma Odhiambo,Female,62,Kajiado,0759065039,M-Pesa,Pay Bill,Loan Repayment,Feature Phone,44000.3,108,116315.19,Completed
TXN0005202,2024-11-06 15:06:07,CUST00603,Wambui Owuor,Female,66,Migori,0768272255,M-Pesa,Send Money,N/A,Feature Phone,36877.45,105,183813.18,Completed
TXN0005602,2024-11-06 15:25:12,CUST00021,Onyango Mutiso,Female,66,Migori,0722499022,T-Kash,Send Money,N/A,Feature Phone,14172.91,62,233480.05,Completed
TXN0002496,2024-11-06 15:47:17,CUST00426,Cherono Kariuki,Male,26,Machakos,0790801151,M-Pesa,Send Money,N/A,Feature Phone,36436.95,105,176885.5,Completed
TXN0000821,2024-11-06 16:29:18,CUST00017,Kiprop Wabwire,Male,66,Kericho,0710448910,M-Pesa,Airtime Purchase,N/A,iOS,280.22,0.0,212718.11,Completed
TXN0001934,2024-11-06 18:17:25,CUST00067,Wanjiku Makau,Female,27,Nakuru,0710072630,M-Pesa,Send Money,N/A,Android,21416.86,100,157826.83,Completed
TXN0003159,2024-11-06 19:53:01,CUST00552,Gitau Onyango,Female,61,Meru,0790733896,M-Pesa,Airtime Purchase,N/A,Android,680.67,0.0,173666.7,Completed
TXN0003054,2024-11-06 20:03:27,CUST00494,Kirui Kiplagat,Male,38,Kericho,0701405837,M-Pesa,Withdraw Cash,N/A,Android,27945.13,0.0,15462.19,Reversed
TXN0000848,2024-11-06 20:23:25,CUST00220,Wanjiku Sang,Female,60,Nakuru,0790152409,M-Pesa,Withdraw Cash,N/A,Android,23310.13,108,24344.47,Completed
TXN0000490,2024-11-06 20:45:17,CUST00641,Ndungu Ochieng,Male,51,Kiambu,0740366441,Equitel,Send Money,N/A,iOS,17643.1,87,39856.99,Completed
TXN0002955,2024-11-06 20:59:19,CUST00290,Nafula Kariuki,Female,27,Kajiado,0790253466,M-Pesa,Airtime Purchase,N/A,Android,671.69,0.0,22135.16,Completed
TXN0003402,2024-11-06 22:32:19,CUST00202,Kariuki Kariuki,Male,38,Kajiado,0111518787,M-Pesa,Send Money,N/A,Android,18717.4,87,243388.63,Completed
TXN0005247,2024-11-06 23:12:09,CUST00061,Wafula Owuor,Male,41,Machakos,0701672594,M-Pesa,Buy Goods (Till),Fuel Station,Android,14151.9,55,18759.97,Completed
TXN0001013,2024-11-07 03:41:20,CUST00075,Ochieng Owuor,Female,35,Kajiado,0790999288,M-Pesa,Deposit Cash,N/A,Android,38890.39,0.0,135725.5,Completed
TXN0005620,2024-11-07 07:22:28,CUST00156,Kiprop Odhiambo,Female,60,Garissa,0710631557,M-Pesa,Deposit Cash,N/A,Android,18447.21,0.0,39900.63,Completed
TXN0003863,2024-11-07 10:10:14,CUST00101,Jelagat Ochieng,Male,69,Turkana,0111906079,M-Pesa,Send Money,N/A,Android,15938.07,87,154520.72,Completed
TXN0004524,2024-11-07 10:20:23,CUST00581,Kagwe Omollo,Male,21,Kiambu,0768533388,Equitel,Send Money,N/A,Android,50131.2,105,237893.7,Completed
TXN0003382,2024-11-07 13:39:50,CUST00140,Kemboi Musyoka,Female,51,Nakuru,0710455686,Airtel Money,Buy Goods (Till),Restaurant,Android,8701.2,62,232266.68,Completed
TXN0001456,2024-11-07 14:17:33,CUST00554,Ochieng Chepkwony,Male,36,Nairobi,0759557107,M-Pesa,Deposit Cash,N/A,Android,138745.08,0.0,183126.71,Completed
TXN0003613,2024-11-07 17:43:00,CUST00632,Wambui Onyango,Male,45,Nyeri,0740493706,M-Pesa,Deposit Cash,N/A,Android,62819.78,0.0,216435.72,Completed
TXN0003560,2024-11-07 18:02:56,CUST00744,Wafula Wanjala,Male,19,Kisumu,0759518123,M-Pesa,Send Money,N/A,Feature Phone,35228.7,108,215791.8,Completed
TXN0003069,2024-11-07 18:32:04,CUST00372,Moraa Waweru,Female,67,Meru,0710413559,M-Pesa,Pay Bill,DSTV/GOTV,Android,31322.64,108,53346.17,Completed
TXN0005227,2024-11-07 19:05:35,CUST00677,Anyango Ruto,Female,37,Nakuru,0710529641,M-Pesa,Send Money,N/A,Android,11308.71,87,170792.85,Completed
TXN0004975,2024-11-07 19:12:20,CUST00284,Adhiambo Kiplagat,Female,70,Bungoma,0111149857,M-Pesa,Pay Bill,Insurance,Android,47707.29,105,67256.05,Completed
TXN0003374,2024-11-07 21:54:01,CUST00731,Nafula Njuguna,Male,18,Nakuru,0111085866,M-Pesa,Withdraw Cash,N/A,Android,36038.59,105,176051.84,Completed
TXN0002899,2024-11-07 23:27:40,CUST00686,Nyokabi Ruto,Male,65,Kajiado,0759622501,M-Pesa,Buy Goods (Till),Supermarket,Android,4022.56,0.0,102397.38,Reversed
TXN0000105,2024-11-07 23:48:01,CUST00215,Kariuki Kiplagat,Male,50,Nakuru,0701811786,M-Pesa,Send Money,N/A,Feature Phone,39966.23,0.0,22834.57,Reversed
TXN0000153,2024-11-08 01:37:52,CUST00109,Maina Wekesa,Male,35,Mombasa,0759149243,M-Pesa,Buy Goods (Till),Clothing,Android,3357.9,45,215616.62,Completed
TXN0000929,2024-11-08 02:35:34,CUST00260,Gitau Onyango,Female,42,Nyeri,0740376649,M-Pesa,Buy Goods (Till),Electronics,Android,5348.45,55,249939.68,Completed
TXN0002221,2024-11-08 09:13:46,CUST00129,Akinyi Kimani,Female,19,Kisumu,0759294862,M-Pesa,Airtime Purchase,N/A,Android,999.14,0.0,56891.0,Completed
TXN0003312,2024-11-08 09:24:33,CUST00775,Chebet Karanja,Female,34,Homa Bay,0790148817,M-Pesa,Buy Goods (Till),Pharmacy,Android,9553.84,62,220169.52,Completed
TXN0000782,2024-11-08 11:16:41,CUST00146,Gitau Karanja,Male,71,Nairobi,0722934999,Airtel Money,Airtime Purchase,N/A,Android,788.67,0.0,7484.97,Completed
TXN0003565,2024-11-08 11:56:48,CUST00126,Auma Karanja,Female,71,Bungoma,0710715885,M-Pesa,Airtime Purchase,N/A,Android,517.35,0.0,176837.37,Completed
TXN0000979,2024-11-08 12:57:57,CUST00404,Mwangi Ruto,Male,68,Nairobi,0740940451,Airtel Money,Pay Bill,Internet (ISP),Feature Phone,118228.71,108,134600.94,Completed
TXN0004878,2024-11-08 13:12:46,CUST00198,Kamau Njuguna,Male,40,Kisumu,0759192595,Airtel Money,Send Money,N/A,Feature Phone,11869.35,62,178936.75,Completed
TXN0003502,2024-11-08 13:49:07,CUST00694,Owino Omollo,Male,64,Bomet,0710206895,M-Pesa,Send Money,N/A,Android,30557.78,105,219093.19,Completed
TXN0004040,2024-11-08 16:13:58,CUST00655,Chebet Ruto,Male,48,Nairobi,0722153417,M-Pesa,Send Money,N/A,Android,12813.01,87,227976.89,Completed
TXN0000229,2024-11-08 18:35:58,CUST00781,Mwangi Mwangi,Male,18,Nairobi,0723521053,Airtel Money,Buy Goods (Till),Pharmacy,Android,16521.98,62,88402.99,Completed
TXN0000272,2024-11-08 19:18:52,CUST00490,Nyokabi Njoroge,Male,56,Kericho,0768187275,M-Pesa,Buy Goods (Till),Electronics,Feature Phone,18640.23,55,128683.51,Completed
TXN0003257,2024-11-08 20:05:22,CUST00551,Kiprop Mutiso,Male,38,Nakuru,0710430915,Equitel,Pay Bill,Internet (ISP),iOS,34449.16,108,242246.31,Completed
TXN0001790,2024-11-08 21:46:04,CUST00764,Kariuki Njoroge,Female,28,Bungoma,0111672019,M-Pesa,Pay Bill,Water Utility,Feature Phone,96024.29,100,213884.67,Completed
TXN0000317,2024-11-08 23:30:32,CUST00191,Mwangi Kariuki,Female,60,Kericho,0759933313,M-Pesa,Withdraw Cash,N/A,Android,12395.28,62,87648.48,Completed
TXN0000241,2024-11-09 07:04:06,CUST00766,Nafula Sang,Male,72,Nairobi,0111954218,M-Pesa,Airtime Purchase,N/A,iOS,294.38,0.0,106832.73,Completed
TXN0005778,2024-11-09 07:54:52,CUST00414,Waweru Njuguna,Female,68,Kiambu,0740167781,M-Pesa,Buy Goods (Till),Pharmacy,Android,12198.17,87,81950.71,Completed
TXN0000775,2024-11-09 10:30:24,CUST00200,Omondi Njuguna,Female,58,Kiambu,0768307747,M-Pesa,Airtime Purchase,N/A,Feature Phone,1391.47,0.0,209796.59,Completed
TXN0000155,2024-11-09 10:57:03,CUST00412,Onyango Musyoka,Female,19,Nairobi,0723341761,M-Pesa,Buy Goods (Till),Pharmacy,Feature Phone,2730.94,45,28989.6,Completed
TXN0001408,2024-11-09 12:00:10,CUST00420,Auma Kamau,Male,22,Kakamega,0710744906,M-Pesa,Send Money,N/A,Android,51089.19,108,20551.7,Completed
TXN0003158,2024-11-09 13:56:16,CUST00284,Adhiambo Kiplagat,Female,70,Bungoma,0111149857,M-Pesa,Airtime Purchase,N/A,Android,897.46,0.0,215529.9,Completed
TXN0001420,2024-11-09 15:52:31,CUST00503,Adhiambo Odhiambo,Female,70,Kilifi,0701268899,M-Pesa,Send Money,N/A,Android,14712.32,87,241958.81,Completed
TXN0003147,2024-11-09 18:18:04,CUST00737,Wangari Chepkwony,Female,43,Nairobi,0768885169,M-Pesa,Pay Bill,School Fees,Feature Phone,46120.07,108,31868.68,Completed
TXN0000715,2024-11-09 18:50:46,CUST00794,Barasa Onyango,Female,63,Nakuru,0710905895,M-Pesa,Pay Bill,Electricity (KPLC),Android,9085.76,55,189389.63,Completed
TXN0002697,2024-11-09 20:15:29,CUST00521,Cheruiyot Waweru,Female,65,Machakos,0723003299,T-Kash,Send Money,N/A,iOS,7147.76,87,61614.09,Completed
TXN0003679,2024-11-09 22:29:51,CUST00221,Ochieng Waweru,Male,62,Turkana,0701900180,M-Pesa,Buy Goods (Till),Restaurant,Android,6711.62,87,194534.31,Completed
TXN0001335,2024-11-09 23:05:17,CUST00532,Maina Waweru,Male,69,Nakuru,0710440342,M-Pesa,Airtime Purchase,N/A,Android,509.56,0.0,145381.24,Completed
TXN0003810,2024-11-09 23:39:29,CUST00288,Nafula Ruto,Female,61,Nairobi,0710563134,M-Pesa,Withdraw Cash,N/A,Android,13405.42,55,85250.03,Completed
TXN0003229,2024-11-10 05:48:38,CUST00272,Simiyu Wabwire,Male,48,Kiambu,0722001549,M-Pesa,Airtime Purchase,N/A,Android,1070.44,0.0,210489.82,Completed
TXN0002425,2024-11-10 07:17:58,CUST00584,Mumbi Ochieng,Female,23,Trans Nzoia,0722386708,M-Pesa,Send Money,N/A,Android,7354.84,55,64903.87,Completed
TXN0001305,2024-11-10 08:17:18,CUST00223,Chebet Wekesa,Male,46,Mombasa,0768137448,M-Pesa,Send Money,N/A,Feature Phone,11578.21,87,232540.5,Completed
TXN0005834,2024-11-10 08:51:29,CUST00227,Mwangi Otieno,Female,47,Nairobi,0768830612,M-Pesa,Deposit Cash,N/A,Android,64220.42,0.0,50458.62,Completed
TXN0002963,2024-11-10 09:44:04,CUST00052,Chebet Cheptoo,Female,18,Uasin Gishu,0701439281,M-Pesa,Pay Bill,Water Utility,Android,67597.89,108,103042.14,Completed
TXN0004416,2024-11-10 11:01:37,CUST00568,Kirui Ochieng,Female,38,Nairobi,0111298025,M-Pesa,Send Money,N/A,Android,19018.47,55,154317.74,Completed
TXN0003395,2024-11-10 12:24:15,CUST00064,Chelagat Gichuru,Female,72,Nakuru,0759207856,Airtel Money,Pay Bill,Rent,Android,104579.74,100,37175.96,Completed
TXN0001782,2024-11-10 13:05:04,CUST00452,Kipchoge Onyango,Female,41,Nairobi,0740692160,M-Pesa,Send Money,N/A,Feature Phone,36212.9,0.0,105790.11,Failed
TXN0005036,2024-11-10 13:17:40,CUST00062,Cheruiyot Wekesa,Male,37,Uasin Gishu,0759428196,M-Pesa,Buy Goods (Till),Supermarket,iOS,17835.77,62,117730.98,Completed
TXN0002500,2024-11-10 13:51:31,CUST00600,Kariuki Mutiso,Female,35,Nakuru,0710420925,M-Pesa,Buy Goods (Till),Electronics,Android,13459.96,55,210725.47,Completed
TXN0005558,2024-11-10 14:31:35,CUST00102,Muthoni Wabwire,Female,36,Nakuru,0111606335,M-Pesa,Deposit Cash,N/A,Android,71788.4,0.0,161427.12,Completed
TXN0002702,2024-11-10 15:10:47,CUST00631,Achieng Wabwire,Female,25,Nakuru,0710142975,M-Pesa,Send Money,N/A,Android,51968.45,105,21532.75,Completed
TXN0004738,2024-11-10 15:59:54,CUST00082,Cherono Cheptoo,Male,27,Trans Nzoia,0759216007,M-Pesa,Buy Goods (Till),Electronics,Android,7308.97,87,41917.64,Completed
TXN0000907,2024-11-10 18:04:39,CUST00376,Kiptoo Musyoka,Female,57,Nyeri,0710663952,M-Pesa,Reversal,N/A,Android,10274.73,0.0,197743.9,Completed
TXN0003111,2024-11-10 19:46:32,CUST00012,Auma Odhiambo,Male,48,Migori,0710284257,M-Pesa,Send Money,N/A,Android,47274.85,100,213891.79,Completed
TXN0003583,2024-11-10 20:11:17,CUST00332,Kiptoo Wabwire,Male,29,Mombasa,0111251791,M-Pesa,Pay Bill,DSTV/GOTV,Android,84049.59,100,203214.94,Completed
TXN0003040,2024-11-10 20:40:07,CUST00484,Mumbi Karanja,Male,30,Nairobi,0111017253,Airtel Money,Send Money,N/A,Feature Phone,38191.95,100,111754.49,Completed
TXN0003455,2024-11-10 21:24:58,CUST00353,Wafula Kiplagat,Male,65,Kilifi,0759623991,M-Pesa,Send Money,N/A,Feature Phone,21379.44,100,109217.0,Completed
TXN0004254,2024-11-10 21:59:07,CUST00578,Mwangi Cheptoo,Female,35,Uasin Gishu,0701117661,M-Pesa,Buy Goods (Till),Clothing,Feature Phone,17173.7,62,72652.67,Completed
TXN0005167,2024-11-10 22:42:03,CUST00296,Nyokabi Ruto,Female,36,Nairobi,0759457613,M-Pesa,Buy Goods (Till),Supermarket,Android,18830.32,62,248454.2,Completed
TXN0001914,2024-11-11 01:56:09,CUST00002,Kiptoo Njoroge,Male,63,Kakamega,0759442871,M-Pesa,Send Money,N/A,Android,16533.43,55,69471.21,Completed
TXN0002615,2024-11-11 03:01:37,CUST00505,Barasa Odhiambo,Male,56,Nairobi,0740112845,M-Pesa,Pay Bill,Electricity (KPLC),Android,77386.51,105,237591.15,Completed
TXN0001861,2024-11-11 08:02:58,CUST00605,Nyokabi Omollo,Female,44,Mombasa,0768762550,M-Pesa,Send Money,N/A,iOS,58208.29,100,92882.62,Completed
TXN0003045,2024-11-11 09:04:45,CUST00181,Anyango Mutiso,Male,71,Machakos,0111448653,M-Pesa,Pay Bill,Loan Repayment,Android,38337.2,108,215870.5,Completed
TXN0004014,2024-11-11 09:40:37,CUST00295,Njeri Gichuru,Female,63,Kiambu,0740957154,M-Pesa,Pay Bill,DSTV/GOTV,Feature Phone,68840.69,100,128835.58,Completed
TXN0004889,2024-11-11 10:58:15,CUST00175,Nafula Karanja,Female,52,Kiambu,0710760730,M-Pesa,Buy Goods (Till),Fuel Station,Android,9826.23,55,231876.31,Completed
TXN0002164,2024-11-11 11:07:59,CUST00752,Njoroge Kiprono,Female,71,Bomet,0722890600,Airtel Money,Deposit Cash,N/A,Feature Phone,67963.88,0.0,25961.45,Completed
TXN0002185,2024-11-11 11:59:18,CUST00043,Onyango Langat,Male,34,Kilifi,0710697713,M-Pesa,Send Money,N/A,iOS,55895.97,100,235105.04,Completed
TXN0004058,2024-11-11 12:33:44,CUST00384,Mutua Odhiambo,Male,19,Nakuru,0701184613,M-Pesa,Send Money,N/A,Android,45234.21,105,172413.36,Completed
TXN0003529,2024-11-11 13:12:59,CUST00363,Ochieng Ochieng,Male,24,Nyeri,0759316595,M-Pesa,Deposit Cash,N/A,Feature Phone,89139.03,0.0,7083.61,Completed
TXN0000617,2024-11-11 13:13:27,CUST00161,Ochieng Mutiso,Female,62,Nakuru,0710215228,M-Pesa,Buy Goods (Till),Supermarket,Android,7631.68,62,97389.77,Completed
TXN0003208,2024-11-11 13:54:02,CUST00504,Muthoni Kiplagat,Male,27,Nairobi,0790848968,M-Pesa,Deposit Cash,N/A,Android,25771.9,0.0,3246.52,Completed
TXN0002900,2024-11-11 17:42:09,CUST00412,Onyango Musyoka,Female,19,Nairobi,0723341761,M-Pesa,Send Money,N/A,Feature Phone,9870.13,55,241521.99,Completed
TXN0002411,2024-11-11 17:48:54,CUST00126,Auma Karanja,Female,71,Bungoma,0710715885,M-Pesa,Send Money,N/A,Android,17962.11,55,225241.89,Completed
TXN0005660,2024-11-11 21:59:09,CUST00029,Otieno Ochieng,Female,34,Nairobi,0790053749,M-Pesa,Pay Bill,Insurance,Feature Phone,23136.31,100,191488.33,Completed
TXN0001167,2024-11-11 23:39:11,CUST00796,Wangari Musyoka,Male,22,Bungoma,0722304798,M-Pesa,Withdraw Cash,N/A,Android,62732.02,105,30634.95,Completed
TXN0000939,2024-11-11 23:54:37,CUST00655,Chebet Ruto,Male,48,Nairobi,0722153417,M-Pesa,Send Money,N/A,Android,6927.26,62,171288.93,Completed
TXN0003482,2024-11-12 03:23:36,CUST00343,Kemboi Kariuki,Male,65,Meru,0723230940,M-Pesa,Withdraw Cash,N/A,Android,28278.21,100,6687.76,Completed
TXN0004983,2024-11-12 04:38:14,CUST00149,Kipchoge Kiprono,Male,48,Kiambu,0740034235,M-Pesa,Buy Goods (Till),Hardware,Android,10795.92,55,120093.72,Completed
TXN0003453,2024-11-12 06:31:47,CUST00716,Moraa Njoroge,Female,38,Kilifi,0111970471,Airtel Money,Send Money,N/A,Android,40526.9,100,171980.64,Completed
TXN0000593,2024-11-12 06:34:32,CUST00481,Nasike Ruto,Male,37,Meru,0710885737,M-Pesa,Airtime Purchase,N/A,Feature Phone,415.73,0.0,222292.58,Completed
TXN0003157,2024-11-12 06:37:23,CUST00278,Kemboi Cheptoo,Male,39,Kisumu,0723474661,Airtel Money,Airtime Purchase,N/A,Feature Phone,1387.5,0.0,27250.71,Completed
TXN0002002,2024-11-12 09:24:59,CUST00444,Kibet Ochieng,Female,61,Uasin Gishu,0710392010,M-Pesa,Airtime Purchase,N/A,Feature Phone,340.09,0.0,136966.88,Completed
TXN0004652,2024-11-12 10:50:06,CUST00061,Wafula Owuor,Male,41,Machakos,0701672594,M-Pesa,Pay Bill,Rent,Android,71643.73,100,216132.64,Completed
TXN0000599,2024-11-12 12:55:03,CUST00639,Adhiambo Owuor,Male,68,Nairobi,0759979434,M-Pesa,Buy Goods (Till),Supermarket,Feature Phone,22604.5,100,108905.86,Completed
TXN0001156,2024-11-12 14:33:18,CUST00375,Akinyi Wabwire,Male,27,Garissa,0790061402,M-Pesa,Pay Bill,School Fees,Android,39806.64,105,237308.8,Completed
TXN0003526,2024-11-12 17:51:20,CUST00251,Cherono Karanja,Female,41,Nairobi,0790388692,M-Pesa,Send Money,N/A,Feature Phone,7854.09,62,172334.94,Completed
TXN0004356,2024-11-12 18:36:44,CUST00536,Nyokabi Wabwire,Female,69,Nairobi,0710092640,M-Pesa,Pay Bill,Internet (ISP),Android,108552.44,108,28836.52,Completed
TXN0003243,2024-11-12 19:01:43,CUST00115,Auma Otieno,Female,40,Uasin Gishu,0710869411,M-Pesa,Buy Goods (Till),Supermarket,iOS,4466.3,45,70919.29,Completed
TXN0000618,2024-11-12 19:37:54,CUST00510,Nasike Odhiambo,Female,33,Bomet,0710378096,Airtel Money,Buy Goods (Till),Hardware,Android,24944.98,105,112403.06,Completed
TXN0001262,2024-11-12 21:27:07,CUST00011,Kariuki Kamau,Female,25,Homa Bay,0790225078,Equitel,Buy Goods (Till),Hardware,Android,9074.86,87,86843.37,Completed
TXN0001586,2024-11-12 22:16:21,CUST00601,Mutua Ochieng,Female,25,Nairobi,0722536277,Airtel Money,Buy Goods (Till),Supermarket,Android,9550.81,87,108712.26,Completed
TXN0004159,2024-11-12 22:43:03,CUST00709,Kagwe Kamau,Female,62,Bomet,0111015451,M-Pesa,Pay Bill,Insurance,Android,42387.06,100,154789.18,Completed
TXN0003296,2024-11-13 07:19:33,CUST00503,Adhiambo Odhiambo,Female,70,Kilifi,0701268899,M-Pesa,Send Money,N/A,Android,23588.35,100,235478.45,Completed
TXN0002696,2024-11-13 11:32:50,CUST00410,Nyokabi Amollo,Female,30,Nyeri,0759097508,M-Pesa,Buy Goods (Till),Electronics,Android,6879.74,87,159037.42,Completed
TXN0005044,2024-11-13 14:42:04,CUST00296,Nyokabi Ruto,Female,36,Nairobi,0759457613,M-Pesa,Buy Goods (Till),Fuel Station,Android,5495.24,55,65934.56,Completed
TXN0002723,2024-11-13 16:05:28,CUST00050,Kagwe Njoroge,Male,38,Nairobi,0759961725,M-Pesa,Pay Bill,Water Utility,Android,85714.61,108,13845.69,Completed
TXN0000760,2024-11-13 17:55:06,CUST00533,Ochieng Kimani,Female,59,Kisumu,0790408396,M-Pesa,Deposit Cash,N/A,Android,39553.48,0.0,151856.85,Completed
TXN0001452,2024-11-13 19:29:33,CUST00097,Chelagat Ruto,Male,40,Nyeri,0710211676,M-Pesa,Send Money,N/A,Feature Phone,9804.22,87,116404.67,Completed
TXN0003481,2024-11-13 19:30:16,CUST00017,Kiprop Wabwire,Male,66,Kericho,0710448910,M-Pesa,Reversal,N/A,iOS,14030.76,0.0,60184.45,Completed
TXN0001724,2024-11-13 20:54:23,CUST00583,Wangari Ochieng,Female,48,Nairobi,0111885205,M-Pesa,Airtime Purchase,N/A,Android,1235.6,0.0,243195.29,Completed
TXN0005585,2024-11-13 21:12:05,CUST00129,Akinyi Kimani,Female,19,Kisumu,0759294862,M-Pesa,Deposit Cash,N/A,Android,50032.5,0.0,110001.79,Completed
TXN0004627,2024-11-13 21:25:41,CUST00652,Otieno Chepkwony,Male,43,Kiambu,0701973526,M-Pesa,Send Money,N/A,Feature Phone,30841.8,108,19456.66,Completed
TXN0002831,2024-11-14 07:23:07,CUST00183,Mumbi Chepkwony,Male,29,Meru,0759079278,M-Pesa,Pay Bill,Rent,Feature Phone,92135.69,108,165172.36,Completed
TXN0005710,2024-11-14 09:33:28,CUST00621,Barasa Ochieng,Male,56,Kiambu,0768696368,M-Pesa,Buy Goods (Till),Hardware,Feature Phone,22136.81,100,147475.16,Completed
TXN0004618,2024-11-14 10:15:38,CUST00264,Omondi Mutiso,Female,63,Nairobi,0723461602,M-Pesa,Airtime Purchase,N/A,Android,1782.98,0.0,11131.52,Completed
TXN0003710,2024-11-14 11:18:17,CUST00500,Wafula Musyoka,Female,58,Kericho,0723852094,M-Pesa,Send Money,N/A,Feature Phone,54933.01,105,230452.98,Completed
TXN0002502,2024-11-14 11:22:22,CUST00645,Chebet Waweru,Male,63,Nairobi,0111972248,M-Pesa,Pay Bill,Insurance,Android,40928.62,100,93696.17,Completed
TXN0000949,2024-11-14 14:12:09,CUST00551,Kiprop Mutiso,Male,38,Nakuru,0710430915,Equitel,Buy Goods (Till),Fuel Station,iOS,12250.94,87,7633.95,Completed
TXN0003301,2024-11-14 14:25:22,CUST00674,Nyokabi Wabwire,Male,61,Nairobi,0759882420,M-Pesa,Buy Goods (Till),Hardware,Android,25255.84,108,13492.13,Completed
TXN0004545,2024-11-14 14:55:57,CUST00645,Chebet Waweru,Male,63,Nairobi,0111972248,M-Pesa,Send Money,N/A,Android,26179.08,100,16199.39,Completed
TXN0003935,2024-11-14 15:00:34,CUST00290,Nafula Kariuki,Female,27,Kajiado,0790253466,M-Pesa,Send Money,N/A,Android,11619.16,87,156213.85,Completed
TXN0001838,2024-11-14 16:22:50,CUST00548,Muthoni Wekesa,Male,64,Kiambu,0701748138,M-Pesa,Reversal,N/A,Android,2028.72,0.0,209124.35,Completed
TXN0001459,2024-11-14 19:00:37,CUST00539,Chelagat Kiplagat,Female,27,Mombasa,0722197440,M-Pesa,Send Money,N/A,Android,22414.96,108,57680.32,Completed
TXN0001844,2024-11-14 22:46:58,CUST00068,Kibet Kimani,Female,63,Turkana,0701800699,M-Pesa,Deposit Cash,N/A,Android,49924.02,0.0,211158.43,Completed
TXN0000151,2024-11-14 22:50:16,CUST00096,Chebet Omollo,Female,45,Machakos,0759087270,M-Pesa,Buy Goods (Till),Pharmacy,Android,13742.61,62,96703.88,Completed
TXN0004186,2024-11-15 06:27:22,CUST00616,Wairimu Makau,Male,43,Nairobi,0722613206,M-Pesa,Airtime Purchase,N/A,Android,489.6,0.0,45770.18,Completed
TXN0003149,2024-11-15 07:07:18,CUST00495,Kariuki Sang,Female,25,Uasin Gishu,0701665485,M-Pesa,Pay Bill,Insurance,Android,20577.49,105,186502.88,Completed
TXN0000297,2024-11-15 07:50:08,CUST00537,Onyango Langat,Female,43,Garissa,0701386696,Airtel Money,Send Money,N/A,Android,30672.34,108,109568.0,Completed
TXN0002710,2024-11-15 11:57:48,CUST00735,Onyango Waweru,Female,70,Kakamega,0768032282,Airtel Money,Withdraw Cash,N/A,Feature Phone,52827.35,108,202946.84,Completed
TXN0000249,2024-11-15 12:09:56,CUST00229,Rotich Gichuru,Male,52,Bungoma,0768735495,M-Pesa,Pay Bill,Internet (ISP),Android,83379.66,108,50082.89,Completed
TXN0002732,2024-11-15 14:06:17,CUST00144,Rotich Omollo,Male,21,Nairobi,0111717059,M-Pesa,Send Money,N/A,iOS,12767.37,87,246012.32,Completed
TXN0005943,2024-11-15 15:54:37,CUST00682,Cheruiyot Gichuru,Female,69,Nairobi,0759618611,M-Pesa,Airtime Purchase,N/A,Android,876.57,0.0,76042.42,Completed
TXN0001393,2024-11-15 15:57:57,CUST00380,Otieno Chepkwony,Female,35,Nairobi,0111860396,M-Pesa,Buy Goods (Till),Pharmacy,Android,11671.28,87,51931.46,Completed
TXN0000790,2024-11-15 17:56:35,CUST00397,Nasike Makau,Male,62,Machakos,0790482569,M-Pesa,Buy Goods (Till),Clothing,Android,3201.06,45,83710.25,Completed
TXN0001536,2024-11-15 19:07:25,CUST00146,Gitau Karanja,Male,71,Nairobi,0722934999,Airtel Money,Send Money,N/A,Android,6362.46,62,223662.28,Completed
TXN0004107,2024-11-15 20:21:49,CUST00195,Njoroge Otieno,Male,35,Nairobi,0790147751,M-Pesa,Buy Goods (Till),Pharmacy,Feature Phone,4647.64,40,155473.51,Completed
TXN0003953,2024-11-15 20:30:00,CUST00464,Gitau Njuguna,Female,39,Kakamega,0111465545,Airtel Money,Buy Goods (Till),Pharmacy,Android,4935.63,40,169480.7,Completed
TXN0004477,2024-11-16 02:28:36,CUST00669,Kirui Njuguna,Male,65,Kiambu,0111726719,Airtel Money,Buy Goods (Till),Hardware,Android,17220.61,87,163029.64,Completed
TXN0004441,2024-11-16 03:42:03,CUST00446,Wanjiku Wekesa,Male,23,Meru,0790487626,M-Pesa,Buy Goods (Till),Clothing,Android,14963.22,87,194947.72,Completed
TXN0002715,2024-11-16 07:17:16,CUST00441,Otieno Otieno,Female,39,Nairobi,0722426598,M-Pesa,Send Money,N/A,Feature Phone,18532.93,62,218178.4,Completed
TXN0002923,2024-11-16 08:45:26,CUST00063,Moraa Langat,Female,35,Nakuru,0701925395,Airtel Money,Airtime Purchase,N/A,Feature Phone,1129.39,0.0,159007.09,Completed
TXN0004974,2024-11-16 10:05:39,CUST00630,Wafula Kamau,Male,18,Kericho,0111499934,M-Pesa,Buy Goods (Till),Electronics,Android,6926.79,62,91566.85,Completed
TXN0000424,2024-11-16 10:36:14,CUST00607,Kiprop Wekesa,Female,24,Kakamega,0710064109,M-Pesa,Send Money,N/A,Android,20531.36,100,106630.83,Completed
TXN0004187,2024-11-16 13:03:08,CUST00490,Nyokabi Njoroge,Male,56,Kericho,0768187275,M-Pesa,Send Money,N/A,Feature Phone,32200.81,100,193982.58,Completed
TXN0005288,2024-11-16 16:20:31,CUST00024,Kiprop Kimani,Male,45,Kajiado,0722076275,M-Pesa,Airtime Purchase,N/A,Android,1896.4,0.0,69769.15,Completed
TXN0001532,2024-11-16 16:28:42,CUST00787,Nasike Wanjala,Female,60,Nairobi,0759751393,M-Pesa,Send Money,N/A,Android,47308.57,0.0,40567.32,Failed
TXN0005403,2024-11-16 18:57:03,CUST00431,Onyango Sang,Female,61,Kilifi,0740569300,M-Pesa,Deposit Cash,N/A,Android,6868.48,0.0,85081.92,Completed
TXN0005328,2024-11-16 19:32:19,CUST00316,Nabwire Kiprono,Male,21,Nairobi,0710549687,Airtel Money,Send Money,N/A,iOS,44526.72,100,148708.24,Completed
TXN0005090,2024-11-16 19:53:44,CUST00181,Anyango Mutiso,Male,71,Machakos,0111448653,M-Pesa,Pay Bill,DSTV/GOTV,Android,100866.85,105,31699.44,Completed
TXN0002569,2024-11-16 22:17:33,CUST00484,Mumbi Karanja,Male,30,Nairobi,0111017253,Airtel Money,Pay Bill,DSTV/GOTV,Feature Phone,84677.16,108,124265.76,Completed
TXN0005295,2024-11-16 23:09:31,CUST00140,Kemboi Musyoka,Female,51,Nakuru,0710455686,Airtel Money,Buy Goods (Till),Restaurant,Android,10812.86,87,11191.22,Completed
TXN0001702,2024-11-17 04:50:32,CUST00377,Kamau Kiplagat,Female,59,Migori,0723328680,Airtel Money,Withdraw Cash,N/A,Android,15216.34,55,218425.99,Completed
TXN0002882,2024-11-17 08:53:40,CUST00568,Kirui Ochieng,Female,38,Nairobi,0111298025,M-Pesa,Pay Bill,School Fees,Android,77752.97,100,60690.72,Completed
TXN0004904,2024-11-17 09:11:12,CUST00530,Barasa Wekesa,Female,33,Bomet,0768081727,M-Pesa,Send Money,N/A,Android,21099.27,108,79175.44,Completed
TXN0001293,2024-11-17 11:06:19,CUST00447,Akinyi Langat,Male,20,Machakos,0701608345,M-Pesa,Send Money,N/A,iOS,32840.57,108,102151.39,Completed
TXN0003025,2024-11-17 12:56:53,CUST00142,Njoroge Ochieng,Female,54,Meru,0768833710,T-Kash,Buy Goods (Till),Fuel Station,Android,7303.23,87,118088.28,Completed
TXN0005546,2024-11-17 12:58:10,CUST00205,Wanjiku Njoroge,Male,48,Nairobi,0740540318,M-Pesa,Pay Bill,Electricity (KPLC),Android,45268.87,0.0,237593.01,Failed
TXN0002160,2024-11-17 15:27:54,CUST00263,Nasike Karanja,Male,30,Kisumu,0768548193,Equitel,Withdraw Cash,N/A,Feature Phone,44758.18,108,55071.99,Completed
TXN0001189,2024-11-17 16:22:01,CUST00535,Mwangi Makau,Male,60,Mombasa,0710804737,M-Pesa,Pay Bill,SACCO,Android,24378.08,105,172797.47,Completed
TXN0005678,2024-11-17 17:14:18,CUST00459,Kamau Ochieng,Female,42,Nakuru,0722315072,Equitel,Withdraw Cash,N/A,Android,61200.55,0.0,213714.86,Reversed
TXN0004138,2024-11-17 19:10:25,CUST00317,Jelagat Wanjala,Male,48,Kericho,0710241576,M-Pesa,Buy Goods (Till),Clothing,Android,2187.45,45,57573.23,Completed
TXN0005487,2024-11-17 19:21:44,CUST00585,Njeri Ochieng,Female,61,Nairobi,0722230725,M-Pesa,Buy Goods (Till),Pharmacy,Android,9643.78,87,15425.24,Completed
TXN0005272,2024-11-17 19:22:46,CUST00591,Simiyu Omollo,Male,47,Machakos,0740478834,Airtel Money,Send Money,N/A,Android,27291.07,105,96336.14,Completed
TXN0005800,2024-11-17 20:39:42,CUST00154,Kiptoo Kiplagat,Male,61,Bungoma,0722387503,M-Pesa,Withdraw Cash,N/A,iOS,9908.06,87,98941.42,Completed
TXN0004283,2024-11-17 20:59:59,CUST00508,Ochieng Odhiambo,Male,71,Uasin Gishu,0759282183,M-Pesa,Send Money,N/A,Android,21039.84,100,95663.64,Completed
TXN0000953,2024-11-17 21:04:30,CUST00027,Otieno Wekesa,Female,65,Homa Bay,0768888271,Airtel Money,Send Money,N/A,Feature Phone,5875.54,62,166646.01,Completed
TXN0005476,2024-11-18 03:47:10,CUST00709,Kagwe Kamau,Female,62,Bomet,0111015451,M-Pesa,Reversal,N/A,Android,17946.9,0.0,160146.94,Completed
TXN0003576,2024-11-18 04:26:50,CUST00371,Maina Wanjala,Female,54,Kisumu,0740471347,M-Pesa,Send Money,N/A,Android,30363.92,105,112323.04,Completed
TXN0001502,2024-11-18 06:56:34,CUST00559,Nyambura Kiprono,Female,50,Nairobi,0701178124,M-Pesa,Buy Goods (Till),Fuel Station,iOS,19520.73,62,118326.25,Completed
TXN0001095,2024-11-18 07:01:02,CUST00726,Adhiambo Otieno,Female,31,Kericho,0768260042,M-Pesa,Withdraw Cash,N/A,Feature Phone,33182.15,100,166606.77,Completed
TXN0000937,2024-11-18 09:22:52,CUST00177,Cheruiyot Mwangi,Male,23,Kiambu,0768767310,M-Pesa,Send Money,N/A,Android,29731.39,108,74407.22,Completed
TXN0001613,2024-11-18 10:38:18,CUST00310,Anyango Ruto,Male,50,Nairobi,0740886154,M-Pesa,Withdraw Cash,N/A,iOS,23634.03,105,158511.84,Completed
TXN0000836,2024-11-18 11:02:05,CUST00253,Njeri Barasa,Male,63,Kisumu,0710755182,M-Pesa,Pay Bill,Internet (ISP),Android,21237.4,105,197383.77,Completed
TXN0001583,2024-11-18 12:18:36,CUST00228,Achieng Wanjala,Male,57,Machakos,0790484034,M-Pesa,Buy Goods (Till),Hardware,Feature Phone,2557.47,40,14874.92,Completed
TXN0002953,2024-11-18 12:23:01,CUST00023,Barasa Ochieng,Male,24,Kilifi,0710267262,M-Pesa,Pay Bill,Water Utility,Feature Phone,17497.2,55,90424.35,Completed
TXN0001673,2024-11-18 12:26:03,CUST00475,Mwangi Kimani,Female,60,Turkana,0768196074,Equitel,Send Money,N/A,Android,36941.82,108,105722.16,Completed
TXN0004534,2024-11-18 13:05:09,CUST00725,Onyango Otieno,Female,52,Nairobi,0701125970,Airtel Money,Send Money,N/A,Feature Phone,54692.96,108,101611.13,Completed
TXN0002421,2024-11-18 14:45:30,CUST00745,Cherono Kariuki,Male,48,Nairobi,0723352745,M-Pesa,Deposit Cash,N/A,Android,57913.4,0.0,69860.55,Completed
TXN0002168,2024-11-18 15:38:26,CUST00412,Onyango Musyoka,Female,19,Nairobi,0723341761,M-Pesa,Send Money,N/A,Feature Phone,10821.31,62,110963.31,Completed
TXN0000941,2024-11-18 16:42:09,CUST00222,Wangari Barasa,Male,34,Kericho,0768773202,M-Pesa,Buy Goods (Till),Pharmacy,Android,23978.9,105,62060.45,Completed
TXN0001940,2024-11-18 16:56:40,CUST00708,Njoroge Kiplagat,Male,27,Kajiado,0759992801,T-Kash,Airtime Purchase,N/A,Feature Phone,1448.07,0.0,81610.23,Completed
TXN0003275,2024-11-18 17:44:22,CUST00498,Nyokabi Wekesa,Male,19,Kisumu,0722485926,M-Pesa,Pay Bill,Internet (ISP),iOS,103113.32,0.0,37590.23,Failed
TXN0004498,2024-11-18 19:21:52,CUST00594,Nyokabi Wabwire,Male,31,Kiambu,0740331576,M-Pesa,Send Money,N/A,Feature Phone,12592.21,62,57924.6,Completed
TXN0005575,2024-11-18 19:33:28,CUST00280,Anyango Amollo,Female,33,Nairobi,0701848414,M-Pesa,Send Money,N/A,Android,22261.58,108,198321.19,Completed
TXN0000356,2024-11-18 19:52:43,CUST00314,Moraa Karanja,Male,26,Mombasa,0740062137,M-Pesa,Buy Goods (Till),Fuel Station,Android,17224.37,87,13778.88,Completed
TXN0004947,2024-11-18 21:12:06,CUST00703,Akinyi Amollo,Female,36,Kiambu,0723243297,Airtel Money,Send Money,N/A,Feature Phone,40505.89,108,80885.51,Completed
TXN0000968,2024-11-18 21:19:46,CUST00070,Nabwire Odhiambo,Female,68,Nairobi,0710086291,M-Pesa,Buy Goods (Till),Supermarket,Android,13034.21,55,53612.95,Completed
TXN0003126,2024-11-18 21:47:28,CUST00440,Auma Njoroge,Female,26,Nairobi,0722754053,M-Pesa,Buy Goods (Till),Restaurant,Feature Phone,14212.98,87,107905.41,Completed
TXN0000844,2024-11-19 06:30:12,CUST00639,Adhiambo Owuor,Male,68,Nairobi,0759979434,M-Pesa,Send Money,N/A,Feature Phone,33237.77,108,18627.41,Completed
TXN0003619,2024-11-19 06:59:17,CUST00082,Cherono Cheptoo,Male,27,Trans Nzoia,0759216007,M-Pesa,Airtime Purchase,N/A,Android,1395.64,0.0,199997.68,Completed
TXN0000984,2024-11-19 07:41:10,CUST00360,Kibet Waweru,Female,59,Kiambu,0723508182,M-Pesa,Send Money,N/A,Android,23222.21,108,15466.78,Completed
TXN0004746,2024-11-19 08:20:22,CUST00695,Rotich Kimani,Female,56,Uasin Gishu,0701225871,M-Pesa,Send Money,N/A,Feature Phone,20973.73,100,223134.76,Completed
TXN0005440,2024-11-19 09:07:25,CUST00027,Otieno Wekesa,Female,65,Homa Bay,0768888271,Airtel Money,Withdraw Cash,N/A,Feature Phone,23965.25,100,238356.26,Completed
TXN0002534,2024-11-19 09:35:26,CUST00214,Muthoni Kiprono,Male,65,Bungoma,0790718345,M-Pesa,Send Money,N/A,iOS,19403.82,87,113386.38,Completed
TXN0001687,2024-11-19 11:24:37,CUST00616,Wairimu Makau,Male,43,Nairobi,0722613206,M-Pesa,Airtime Purchase,N/A,Android,766.53,0.0,192598.55,Completed
TXN0000845,2024-11-19 12:21:04,CUST00116,Njoroge Njoroge,Male,20,Bungoma,0722333840,M-Pesa,Airtime Purchase,N/A,Android,835.27,0.0,49786.95,Completed
TXN0000806,2024-11-19 14:48:21,CUST00097,Chelagat Ruto,Male,40,Nyeri,0710211676,M-Pesa,Buy Goods (Till),Supermarket,Feature Phone,6624.18,55,170512.18,Completed
TXN0002691,2024-11-19 16:22:11,CUST00296,Nyokabi Ruto,Female,36,Nairobi,0759457613,M-Pesa,Send Money,N/A,Android,42307.24,105,17702.09,Completed
TXN0003220,2024-11-19 17:07:34,CUST00479,Chebet Chepkwony,Female,55,Nakuru,0710053439,M-Pesa,Send Money,N/A,Android,9227.64,87,154644.12,Completed
TXN0001339,2024-11-19 17:22:40,CUST00297,Achieng Odhiambo,Male,38,Nakuru,0723352983,Airtel Money,Pay Bill,Electricity (KPLC),Android,106662.64,100,67639.89,Completed
TXN0000739,2024-11-19 17:30:11,CUST00715,Wangari Kariuki,Male,23,Trans Nzoia,0722570390,M-Pesa,Buy Goods (Till),Fuel Station,Android,4947.17,33,116420.67,Completed
TXN0000109,2024-11-19 17:45:40,CUST00325,Kiprop Amollo,Male,27,Mombasa,0768023679,M-Pesa,Pay Bill,School Fees,Android,102769.98,0.0,236372.48,Failed
TXN0001462,2024-11-19 17:46:06,CUST00783,Nyambura Owuor,Male,65,Meru,0740426946,M-Pesa,Pay Bill,School Fees,Android,91982.3,108,156331.81,Completed
TXN0002050,2024-11-19 23:25:37,CUST00181,Anyango Mutiso,Male,71,Machakos,0111448653,M-Pesa,Deposit Cash,N/A,Android,41395.64,0.0,214609.47,Completed
TXN0005261,2024-11-20 03:23:04,CUST00792,Nyokabi Wekesa,Male,61,Nyeri,0759485436,M-Pesa,Send Money,N/A,Android,41972.24,108,28565.93,Completed
TXN0001256,2024-11-20 07:06:33,CUST00310,Anyango Ruto,Male,50,Nairobi,0740886154,M-Pesa,Send Money,N/A,iOS,16731.97,87,198484.8,Completed
TXN0002442,2024-11-20 07:25:07,CUST00580,Wanjiku Waweru,Female,59,Kakamega,0722838415,M-Pesa,Airtime Purchase,N/A,Android,518.21,0.0,45921.37,Completed
TXN0000277,2024-11-20 10:17:50,CUST00648,Nabwire Makau,Female,18,Kiambu,0759134779,M-Pesa,Send Money,N/A,Android,12208.93,55,158657.66,Completed
TXN0003347,2024-11-20 11:55:05,CUST00206,Kirui Mwangi,Male,64,Bungoma,0723381771,Equitel,Deposit Cash,N/A,Android,19375.22,0.0,59801.69,Reversed
TXN0002711,2024-11-20 12:17:48,CUST00358,Kibet Makau,Female,47,Kiambu,0759154854,M-Pesa,Deposit Cash,N/A,Android,40840.11,0.0,165313.5,Completed
TXN0002078,2024-11-20 13:23:01,CUST00324,Auma Omollo,Male,46,Bungoma,0710157866,M-Pesa,Airtime Purchase,N/A,Android,376.21,0.0,62226.78,Completed
TXN0000851,2024-11-20 14:56:43,CUST00631,Achieng Wabwire,Female,25,Nakuru,0710142975,M-Pesa,Pay Bill,Internet (ISP),Android,143218.13,100,151267.94,Completed
TXN0003531,2024-11-20 15:46:46,CUST00127,Owino Owuor,Male,36,Kericho,0790192660,M-Pesa,Send Money,N/A,Android,17440.98,55,28385.66,Completed
TXN0000780,2024-11-20 15:49:00,CUST00666,Muthoni Wabwire,Male,39,Bungoma,0710820393,M-Pesa,Send Money,N/A,iOS,55580.62,108,189253.05,Completed
TXN0000466,2024-11-20 16:06:29,CUST00643,Kemboi Cheptoo,Female,62,Homa Bay,0768211558,M-Pesa,Withdraw Cash,N/A,Android,15331.7,87,97104.95,Completed
TXN0002769,2024-11-20 17:28:02,CUST00727,Kemboi Karanja,Male,34,Nairobi,0722093713,M-Pesa,Buy Goods (Till),Hardware,Android,4108.2,40,153054.08,Completed
TXN0006000,2024-11-20 19:17:32,CUST00774,Kiprop Langat,Male,35,Nairobi,0740492092,M-Pesa,Buy Goods (Till),Clothing,Android,5643.5,62,68304.27,Completed
TXN0001093,2024-11-20 19:28:00,CUST00703,Akinyi Amollo,Female,36,Kiambu,0723243297,Airtel Money,Pay Bill,Insurance,Feature Phone,46559.64,105,10956.47,Completed
TXN0000493,2024-11-20 20:27:14,CUST00758,Njeri Musyoka,Male,21,Nairobi,0740434387,M-Pesa,Send Money,N/A,Android,35236.03,100,81371.82,Completed
TXN0005495,2024-11-20 20:48:41,CUST00060,Maina Chepkwony,Female,20,Mombasa,0111217880,Airtel Money,Airtime Purchase,N/A,Android,589.51,0.0,46625.28,Completed
TXN0001301,2024-11-21 03:00:19,CUST00544,Simiyu Makau,Female,23,Kakamega,0710114794,M-Pesa,Buy Goods (Till),Supermarket,Android,11588.06,62,187519.15,Completed
TXN0005441,2024-11-21 04:11:56,CUST00382,Waweru Wabwire,Male,67,Nairobi,0710359138,M-Pesa,Pay Bill,Insurance,Feature Phone,110017.77,108,127233.67,Completed
TXN0002675,2024-11-21 06:58:50,CUST00473,Ochieng Mutiso,Female,22,Migori,0768049457,M-Pesa,Send Money,N/A,Android,7522.58,55,235755.48,Completed
TXN0004714,2024-11-21 07:26:17,CUST00351,Nyokabi Waweru,Male,37,Bungoma,0701947389,M-Pesa,Buy Goods (Till),Pharmacy,Feature Phone,14719.84,87,211498.11,Completed
TXN0004591,2024-11-21 07:48:25,CUST00793,Jelagat Waweru,Male,58,Nakuru,0723515140,M-Pesa,Buy Goods (Till),Electronics,Android,11911.93,55,127732.08,Completed
TXN0000121,2024-11-21 08:05:07,CUST00601,Mutua Ochieng,Female,25,Nairobi,0722536277,Airtel Money,Withdraw Cash,N/A,Android,18660.23,87,100793.27,Completed
TXN0005984,2024-11-21 08:09:05,CUST00612,Simiyu Njuguna,Male,24,Nakuru,0722282629,M-Pesa,Buy Goods (Till),Restaurant,Feature Phone,14047.37,55,148563.81,Completed
TXN0000363,2024-11-21 08:44:37,CUST00339,Barasa Musyoka,Male,71,Machakos,0701723583,M-Pesa,Reversal,N/A,Android,35810.14,0.0,92945.94,Completed
TXN0004589,2024-11-21 09:24:30,CUST00753,Kibet Sang,Female,40,Nakuru,0759740294,M-Pesa,Airtime Purchase,N/A,Feature Phone,206.11,0.0,150926.83,Completed
TXN0004344,2024-11-21 09:36:04,CUST00080,Wairimu Karanja,Female,59,Nakuru,0768299802,M-Pesa,Reversal,N/A,iOS,21317.99,0.0,96582.32,Completed
TXN0004968,2024-11-21 11:05:16,CUST00737,Wangari Chepkwony,Female,43,Nairobi,0768885169,M-Pesa,Buy Goods (Till),Restaurant,Feature Phone,2011.01,45,156021.19,Completed
TXN0003884,2024-11-21 11:37:12,CUST00785,Auma Kiplagat,Female,64,Mombasa,0722938537,M-Pesa,Pay Bill,Water Utility,Android,35112.44,105,219968.13,Completed
TXN0004933,2024-11-21 11:44:01,CUST00346,Owino Musyoka,Female,52,Nairobi,0723432308,Airtel Money,Reversal,N/A,Android,13383.91,0.0,156388.03,Completed
TXN0002375,2024-11-21 12:21:56,CUST00185,Wairimu Otieno,Female,68,Bomet,0759591261,M-Pesa,Pay Bill,Rent,Android,25265.88,100,78886.43,Completed
TXN0001971,2024-11-21 13:47:20,CUST00202,Kariuki Kariuki,Male,38,Kajiado,0111518787,M-Pesa,Pay Bill,Loan Repayment,Android,34156.73,105,160611.07,Completed
TXN0000052,2024-11-21 18:05:21,CUST00109,Maina Wekesa,Male,35,Mombasa,0759149243,M-Pesa,Airtime Purchase,N/A,Android,937.71,0.0,51710.78,Completed
TXN0000608,2024-11-21 20:00:20,CUST00401,Rotich Kiplagat,Male,52,Turkana,0701747827,M-Pesa,Deposit Cash,N/A,Android,51339.61,0.0,72857.11,Completed
TXN0002438,2024-11-21 20:19:50,CUST00396,Maina Waweru,Male,71,Uasin Gishu,0790418342,M-Pesa,Pay Bill,DSTV/GOTV,Android,131848.11,105,190153.24,Completed
TXN0001884,2024-11-22 04:06:10,CUST00457,Onyango Kiplagat,Male,67,Nairobi,0768186706,M-Pesa,Send Money,N/A,Android,23775.47,100,191485.54,Completed
TXN0004096,2024-11-22 06:01:48,CUST00597,Nyambura Owuor,Male,42,Kilifi,0759351754,T-Kash,Withdraw Cash,N/A,Android,7334.63,62,10890.06,Completed
TXN0002897,2024-11-22 08:07:42,CUST00214,Muthoni Kiprono,Male,65,Bungoma,0790718345,M-Pesa,Send Money,N/A,iOS,49171.74,100,27719.98,Completed
TXN0005427,2024-11-22 08:35:52,CUST00709,Kagwe Kamau,Female,62,Bomet,0111015451,M-Pesa,Withdraw Cash,N/A,Android,60327.26,100,15665.65,Completed
TXN0002135,2024-11-22 09:52:54,CUST00273,Barasa Kimani,Male,32,Mombasa,0790208883,M-Pesa,Send Money,N/A,Android,29961.33,100,234042.28,Completed
TXN0000978,2024-11-22 09:53:38,CUST00100,Akinyi Wanjala,Male,50,Nakuru,0759970951,M-Pesa,Send Money,N/A,Android,21835.05,100,196819.22,Completed
TXN0000087,2024-11-22 10:06:19,CUST00502,Waweru Odhiambo,Female,52,Kiambu,0768464710,M-Pesa,Pay Bill,Rent,Feature Phone,16870.7,62,130851.42,Completed
TXN0001631,2024-11-22 10:25:40,CUST00039,Owino Barasa,Male,66,Nakuru,0768577842,M-Pesa,Buy Goods (Till),Supermarket,Android,6562.59,87,104496.33,Completed
TXN0003042,2024-11-22 11:26:58,CUST00446,Wanjiku Wekesa,Male,23,Meru,0790487626,M-Pesa,Withdraw Cash,N/A,Android,54100.78,100,124677.62,Completed
TXN0003375,2024-11-22 14:05:59,CUST00364,Nafula Kiplagat,Female,62,Kakamega,0723114319,M-Pesa,Deposit Cash,N/A,Android,130028.59,0.0,50657.96,Completed
TXN0002094,2024-11-22 14:47:44,CUST00116,Njoroge Njoroge,Male,20,Bungoma,0722333840,M-Pesa,Send Money,N/A,Android,10091.41,55,6766.66,Completed
TXN0000945,2024-11-22 14:56:38,CUST00528,Muthoni Njuguna,Female,24,Kajiado,0710047462,M-Pesa,Buy Goods (Till),Hardware,Android,21439.41,100,102685.48,Completed
TXN0004173,2024-11-22 15:58:08,CUST00057,Jelagat Ochieng,Female,47,Meru,0768954004,M-Pesa,Pay Bill,School Fees,Android,24496.14,105,202923.06,Completed
TXN0003951,2024-11-22 19:36:21,CUST00769,Omondi Waweru,Male,72,Nairobi,0710305642,M-Pesa,Deposit Cash,N/A,iOS,14803.69,0.0,70450.98,Completed
TXN0002265,2024-11-22 21:23:20,CUST00545,Owino Karanja,Male,34,Nakuru,0710185831,M-Pesa,Withdraw Cash,N/A,Android,12578.23,62,119799.45,Completed
TXN0004384,2024-11-22 21:30:58,CUST00791,Ochieng Gichuru,Female,68,Nairobi,0722662883,M-Pesa,Buy Goods (Till),Fuel Station,Android,18810.03,55,166440.25,Completed
TXN0005235,2024-11-22 22:53:23,CUST00061,Wafula Owuor,Male,41,Machakos,0701672594,M-Pesa,Pay Bill,School Fees,Android,107543.0,105,37339.28,Completed
TXN0005232,2024-11-23 03:38:28,CUST00496,Akinyi Odhiambo,Female,40,Kilifi,0790300837,M-Pesa,Send Money,N/A,Feature Phone,12298.44,55,210341.88,Completed
TXN0005399,2024-11-23 04:12:32,CUST00134,Nabwire Chepkwony,Male,30,Nakuru,0790057296,M-Pesa,Pay Bill,Loan Repayment,iOS,82072.64,100,149078.74,Completed
TXN0001473,2024-11-23 06:01:21,CUST00734,Rotich Kiplagat,Male,50,Uasin Gishu,0722682751,Airtel Money,Pay Bill,Internet (ISP),iOS,41866.8,105,75050.39,Completed
TXN0000461,2024-11-23 08:20:01,CUST00268,Nyambura Wabwire,Male,69,Nakuru,0740292051,M-Pesa,Send Money,N/A,Feature Phone,6454.07,55,13120.78,Completed
TXN0002536,2024-11-23 08:20:09,CUST00732,Wairimu Waweru,Female,51,Trans Nzoia,0111114155,M-Pesa,Airtime Purchase,N/A,Feature Phone,1175.46,0.0,158755.6,Completed
TXN0004369,2024-11-23 08:34:44,CUST00287,Auma Kiprono,Female,44,Machakos,0759278796,M-Pesa,Send Money,N/A,Android,38540.02,108,176840.98,Completed
TXN0003888,2024-11-23 09:58:05,CUST00155,Nasike Otieno,Male,36,Nakuru,0710796493,Airtel Money,Send Money,N/A,Feature Phone,13851.16,0.0,826.47,Failed
TXN0004817,2024-11-23 10:06:09,CUST00412,Onyango Musyoka,Female,19,Nairobi,0723341761,M-Pesa,Withdraw Cash,N/A,Feature Phone,20936.72,100,8916.83,Completed
TXN0003394,2024-11-23 10:18:09,CUST00396,Maina Waweru,Male,71,Uasin Gishu,0790418342,M-Pesa,Pay Bill,Water Utility,Android,61506.18,100,193255.32,Completed
TXN0005236,2024-11-23 12:14:14,CUST00729,Wanjiku Kiprono,Female,47,Migori,0701819450,M-Pesa,Send Money,N/A,Feature Phone,40775.41,100,83787.32,Completed
TXN0004109,2024-11-23 13:19:35,CUST00399,Gitau Otieno,Female,39,Kiambu,0740022735,M-Pesa,Send Money,N/A,Android,28117.91,100,19758.74,Completed
TXN0003037,2024-11-23 14:48:22,CUST00682,Cheruiyot Gichuru,Female,69,Nairobi,0759618611,M-Pesa,Buy Goods (Till),Restaurant,Android,15584.98,62,227641.13,Completed
TXN0002588,2024-11-23 16:58:17,CUST00647,Mutua Omollo,Female,34,Nairobi,0723135195,M-Pesa,Airtime Purchase,N/A,Android,1462.14,0.0,19331.33,Completed
TXN0004633,2024-11-23 17:39:46,CUST00396,Maina Waweru,Male,71,Uasin Gishu,0790418342,M-Pesa,Send Money,N/A,Android,29184.0,108,165551.01,Completed
TXN0003456,2024-11-23 18:40:48,CUST00683,Omondi Waweru,Male,19,Machakos,0723835792,M-Pesa,Reversal,N/A,Android,16467.63,0.0,44470.46,Completed
TXN0002218,2024-11-23 19:25:04,CUST00061,Wafula Owuor,Male,41,Machakos,0701672594,M-Pesa,Buy Goods (Till),Electronics,Android,5809.56,55,5044.4,Completed
TXN0005421,2024-11-23 23:17:57,CUST00281,Achieng Chepkwony,Female,53,Nairobi,0723796856,M-Pesa,Send Money,N/A,Android,6498.37,55,60688.55,Completed
TXN0005404,2024-11-24 00:31:38,CUST00427,Simiyu Omollo,Female,49,Nairobi,0759830191,M-Pesa,Send Money,N/A,iOS,19396.27,62,90979.68,Completed
TXN0005431,2024-11-24 06:55:56,CUST00423,Onyango Owuor,Female,23,Kisumu,0723266665,M-Pesa,Reversal,N/A,Android,15643.51,0.0,229217.11,Completed
TXN0001008,2024-11-24 08:43:25,CUST00313,Muthoni Njuguna,Female,59,Turkana,0723539538,M-Pesa,Pay Bill,Loan Repayment,Android,33118.41,100,217467.58,Completed
TXN0000829,2024-11-24 08:44:10,CUST00555,Kagwe Waweru,Female,50,Nairobi,0722825179,M-Pesa,Send Money,N/A,Android,30413.56,108,124306.52,Completed
TXN0004476,2024-11-24 10:38:10,CUST00431,Onyango Sang,Female,61,Kilifi,0740569300,M-Pesa,Withdraw Cash,N/A,Android,22063.82,100,157087.68,Completed
TXN0001384,2024-11-24 10:45:34,CUST00074,Rotich Ochieng,Male,58,Kakamega,0790703193,M-Pesa,Buy Goods (Till),Clothing,Android,12168.48,87,224298.51,Completed
TXN0000118,2024-11-24 11:27:23,CUST00157,Atieno Kiplagat,Male,61,Nyeri,0768582329,M-Pesa,Withdraw Cash,N/A,Android,11491.16,55,104893.15,Completed
TXN0005192,2024-11-24 11:27:34,CUST00588,Mumbi Waweru,Female,50,Bomet,0111387133,M-Pesa,Send Money,N/A,Android,5236.7,87,117333.05,Completed
TXN0002514,2024-11-24 12:30:38,CUST00514,Owino Waweru,Male,56,Nyeri,0759740066,Airtel Money,Buy Goods (Till),Supermarket,Android,11966.03,87,40458.82,Completed
TXN0002213,2024-11-24 14:50:41,CUST00706,Gitau Chepkwony,Female,49,Kisumu,0701583545,M-Pesa,Buy Goods (Till),Hardware,Feature Phone,2072.61,40,46619.24,Completed
TXN0002330,2024-11-24 15:53:42,CUST00658,Mumbi Wekesa,Male,42,Mombasa,0768213785,M-Pesa,Send Money,N/A,Feature Phone,46141.4,108,12872.56,Completed
TXN0001460,2024-11-24 16:44:50,CUST00674,Nyokabi Wabwire,Male,61,Nairobi,0759882420,M-Pesa,Pay Bill,Water Utility,Android,17333.72,62,72893.98,Completed
TXN0003550,2024-11-24 17:25:45,CUST00669,Kirui Njuguna,Male,65,Kiambu,0111726719,Airtel Money,Withdraw Cash,N/A,Android,3947.57,33,5534.83,Completed
TXN0004471,2024-11-24 19:37:59,CUST00360,Kibet Waweru,Female,59,Kiambu,0723508182,M-Pesa,Send Money,N/A,Android,8565.51,55,105863.62,Completed
TXN0004065,2024-11-24 20:01:29,CUST00061,Wafula Owuor,Male,41,Machakos,0701672594,M-Pesa,Send Money,N/A,Android,9435.97,62,170519.34,Completed
TXN0003752,2024-11-24 20:17:22,CUST00249,Omondi Njuguna,Male,55,Uasin Gishu,0723951253,M-Pesa,Airtime Purchase,N/A,Android,291.56,0.0,6449.68,Completed
TXN0000906,2024-11-24 21:25:45,CUST00138,Kagwe Otieno,Male,55,Mombasa,0759668160,T-Kash,Send Money,N/A,Android,15502.37,87,48413.47,Completed
TXN0000055,2024-11-24 21:35:09,CUST00534,Njoroge Njuguna,Female,21,Uasin Gishu,0722554478,M-Pesa,Send Money,N/A,Android,22312.82,108,176580.55,Completed
TXN0001533,2024-11-24 21:49:43,CUST00039,Owino Barasa,Male,66,Nakuru,0768577842,M-Pesa,Withdraw Cash,N/A,Android,19402.6,62,137871.51,Completed
TXN0004114,2024-11-24 22:47:50,CUST00742,Anyango Ochieng,Male,49,Bungoma,0768090633,Airtel Money,Withdraw Cash,N/A,Feature Phone,27394.08,100,192215.83,Completed
TXN0004500,2024-11-24 23:04:44,CUST00592,Njeri Ruto,Male,19,Uasin Gishu,0710215700,M-Pesa,Pay Bill,Water Utility,Android,107982.57,108,43636.08,Completed
TXN0005909,2024-11-25 01:49:32,CUST00303,Wanjiku Chepkwony,Female,53,Nairobi,0722055937,Airtel Money,Buy Goods (Till),Clothing,Android,7128.74,55,28725.09,Completed
TXN0001665,2024-11-25 06:13:46,CUST00211,Kamau Gichuru,Male,43,Kisumu,0759744651,M-Pesa,Pay Bill,DSTV/GOTV,Android,26684.72,108,154479.34,Completed
TXN0004849,2024-11-25 06:17:28,CUST00275,Kipchoge Ochieng,Female,43,Nakuru,0701238767,M-Pesa,Pay Bill,Loan Repayment,Android,57644.08,100,52821.69,Completed
TXN0005896,2024-11-25 08:47:19,CUST00490,Nyokabi Njoroge,Male,56,Kericho,0768187275,M-Pesa,Deposit Cash,N/A,Feature Phone,20917.39,0.0,681.89,Completed
TXN0003314,2024-11-25 10:03:13,CUST00415,Jelagat Wekesa,Male,37,Migori,0723565836,M-Pesa,Buy Goods (Till),Restaurant,Android,10082.46,62,76738.52,Completed
TXN0003807,2024-11-25 13:41:22,CUST00349,Njoroge Kimani,Female,65,Kisumu,0790481266,M-Pesa,Buy Goods (Till),Pharmacy,Android,10027.41,87,160328.1,Completed
TXN0005824,2024-11-25 16:24:19,CUST00172,Wambui Cheptoo,Male,59,Kilifi,0723434670,Airtel Money,Buy Goods (Till),Restaurant,Android,16080.2,55,130281.14,Completed
TXN0005140,2024-11-25 17:00:15,CUST00444,Kibet Ochieng,Female,61,Uasin Gishu,0710392010,M-Pesa,Reversal,N/A,Feature Phone,22497.26,0.0,232690.4,Completed
TXN0005819,2024-11-25 17:14:23,CUST00179,Njoroge Waweru,Male,42,Bungoma,0759995131,M-Pesa,Pay Bill,DSTV/GOTV,Android,10381.28,0.0,177264.66,Failed
TXN0005006,2024-11-25 18:29:10,CUST00574,Kemboi Mutiso,Male,39,Nairobi,0111066049,M-Pesa,Buy Goods (Till),Hardware,Android,1446.45,33,145457.28,Completed
TXN0000359,2024-11-25 19:18:41,CUST00551,Kiprop Mutiso,Male,38,Nakuru,0710430915,Equitel,Send Money,N/A,iOS,43036.6,108,127093.71,Completed
TXN0005303,2024-11-25 20:13:38,CUST00800,Kagwe Omollo,Male,70,Nairobi,0722110362,M-Pesa,Pay Bill,Electricity (KPLC),Android,97758.77,105,4831.85,Completed
TXN0003117,2024-11-25 22:56:28,CUST00612,Simiyu Njuguna,Male,24,Nakuru,0722282629,M-Pesa,Deposit Cash,N/A,Feature Phone,75209.82,0.0,236931.26,Completed
TXN0003329,2024-11-26 00:03:12,CUST00472,Auma Waweru,Female,69,Mombasa,0710894815,M-Pesa,Buy Goods (Till),Supermarket,Android,11699.4,62,84331.04,Completed
TXN0002455,2024-11-26 00:37:50,CUST00088,Kagwe Otieno,Female,36,Machakos,0111151483,M-Pesa,Deposit Cash,N/A,Android,118866.9,0.0,180663.72,Failed
TXN0001878,2024-11-26 00:48:02,CUST00665,Gitau Amollo,Male,27,Kiambu,0768392256,M-Pesa,Deposit Cash,N/A,Android,4972.16,0.0,178817.16,Completed
TXN0002803,2024-11-26 02:33:54,CUST00284,Adhiambo Kiplagat,Female,70,Bungoma,0111149857,M-Pesa,Buy Goods (Till),Clothing,Android,14462.15,62,69275.95,Completed
TXN0000711,2024-11-26 04:51:28,CUST00266,Kibet Sang,Male,71,Kisumu,0722662631,M-Pesa,Send Money,N/A,Android,26661.06,100,106930.18,Completed
TXN0001729,2024-11-26 06:29:27,CUST00231,Wairimu Amollo,Female,68,Homa Bay,0722795939,Equitel,Airtime Purchase,N/A,Android,922.24,0.0,154668.2,Completed
TXN0002235,2024-11-26 06:42:00,CUST00141,Wafula Omollo,Female,35,Uasin Gishu,0740997764,M-Pesa,Pay Bill,Loan Repayment,Android,72094.94,108,73004.38,Completed
TXN0002288,2024-11-26 08:16:22,CUST00241,Cheruiyot Kamau,Female,45,Migori,0710640394,M-Pesa,Pay Bill,Internet (ISP),iOS,110188.03,100,38287.15,Completed
TXN0003414,2024-11-26 10:02:13,CUST00286,Chebet Onyango,Male,60,Machakos,0111539972,T-Kash,Deposit Cash,N/A,iOS,22604.02,0.0,349.21,Completed
TXN0002668,2024-11-26 10:24:33,CUST00676,Anyango Ruto,Male,18,Nairobi,0701158490,M-Pesa,Buy Goods (Till),Supermarket,Android,11746.21,55,230756.93,Completed
TXN0005613,2024-11-26 10:44:56,CUST00392,Kagwe Sang,Female,46,Kiambu,0710112624,Airtel Money,Send Money,N/A,Android,12673.38,0.0,194210.09,Failed
TXN0005684,2024-11-26 11:09:04,CUST00384,Mutua Odhiambo,Male,19,Nakuru,0701184613,M-Pesa,Buy Goods (Till),Fuel Station,Android,14189.91,62,221604.43,Completed
TXN0002183,2024-11-26 11:43:40,CUST00412,Onyango Musyoka,Female,19,Nairobi,0723341761,M-Pesa,Pay Bill,DSTV/GOTV,Feature Phone,62644.34,0.0,40512.74,Reversed
TXN0001296,2024-11-26 11:48:54,CUST00229,Rotich Gichuru,Male,52,Bungoma,0768735495,M-Pesa,Pay Bill,Electricity (KPLC),Android,82313.0,108,133608.17,Completed
TXN0004776,2024-11-26 13:36:33,CUST00293,Njoroge Kiplagat,Male,29,Trans Nzoia,0723115345,M-Pesa,Airtime Purchase,N/A,Android,628.31,0.0,189279.93,Completed
TXN0005352,2024-11-26 14:35:16,CUST00340,Nabwire Njuguna,Male,59,Kakamega,0710923574,M-Pesa,Airtime Purchase,N/A,Android,300.99,0.0,112685.96,Completed
TXN0003288,2024-11-26 16:47:47,CUST00379,Nyokabi Musyoka,Female,43,Kilifi,0722336295,Airtel Money,Send Money,N/A,Android,35133.56,108,111844.34,Completed
TXN0001750,2024-11-26 21:36:48,CUST00136,Omondi Wanjala,Female,50,Nairobi,0111197238,M-Pesa,Send Money,N/A,Feature Phone,53240.28,105,74995.26,Completed
TXN0000628,2024-11-26 22:45:03,CUST00624,Auma Karanja,Female,39,Nairobi,0111675962,M-Pesa,Pay Bill,School Fees,Feature Phone,111660.3,105,222878.3,Completed
TXN0004143,2024-11-26 22:50:15,CUST00655,Chebet Ruto,Male,48,Nairobi,0722153417,M-Pesa,Send Money,N/A,Android,63804.14,105,101825.59,Completed
TXN0001629,2024-11-26 22:52:27,CUST00138,Kagwe Otieno,Male,55,Mombasa,0759668160,T-Kash,Send Money,N/A,Android,43896.53,108,55548.2,Completed
TXN0000308,2024-11-26 23:23:15,CUST00432,Nafula Kiplagat,Male,40,Nairobi,0790206058,M-Pesa,Withdraw Cash,N/A,Android,35770.62,108,197034.09,Completed
TXN0002721,2024-11-26 23:29:43,CUST00742,Anyango Ochieng,Male,49,Bungoma,0768090633,Airtel Money,Pay Bill,DSTV/GOTV,Feature Phone,42479.66,100,151084.19,Completed
TXN0002452,2024-11-27 02:29:28,CUST00508,Ochieng Odhiambo,Male,71,Uasin Gishu,0759282183,M-Pesa,Send Money,N/A,Android,30703.09,105,231294.7,Completed
TXN0001943,2024-11-27 07:25:22,CUST00412,Onyango Musyoka,Female,19,Nairobi,0723341761,M-Pesa,Buy Goods (Till),Hardware,Feature Phone,6060.48,55,32181.25,Completed
TXN0000473,2024-11-27 07:34:00,CUST00575,Maina Onyango,Female,52,Nairobi,0723588419,M-Pesa,Pay Bill,School Fees,Android,87406.46,100,221103.09,Completed
TXN0005645,2024-11-27 09:09:01,CUST00626,Njeri Njoroge,Female,21,Kakamega,0710911572,M-Pesa,Send Money,N/A,Android,50226.87,105,40094.76,Completed
TXN0002388,2024-11-27 14:07:43,CUST00114,Nasike Otieno,Female,58,Nakuru,0111207376,M-Pesa,Buy Goods (Till),Electronics,Feature Phone,7632.98,87,51383.5,Completed
TXN0000225,2024-11-27 17:32:44,CUST00216,Achieng Cheptoo,Male,18,Nairobi,0701391908,M-Pesa,Pay Bill,DSTV/GOTV,Android,22887.68,105,196452.78,Completed
TXN0001135,2024-11-27 18:42:49,CUST00037,Rotich Omollo,Female,35,Mombasa,0790238013,M-Pesa,Pay Bill,SACCO,Android,129811.92,108,37316.92,Completed
TXN0000787,2024-11-27 21:47:36,CUST00602,Maina Langat,Male,65,Kisumu,0790028744,M-Pesa,Withdraw Cash,N/A,Android,16458.83,87,224748.48,Completed
TXN0005873,2024-11-28 03:37:36,CUST00385,Achieng Waweru,Male,66,Bomet,0790926221,T-Kash,Pay Bill,DSTV/GOTV,Android,18764.48,0.0,136630.68,Reversed
TXN0001706,2024-11-28 04:09:18,CUST00291,Wangari Owuor,Female,68,Bungoma,0790603476,T-Kash,Pay Bill,SACCO,Android,20936.78,105,241947.65,Completed
TXN0001545,2024-11-28 06:02:59,CUST00266,Kibet Sang,Male,71,Kisumu,0722662631,M-Pesa,Withdraw Cash,N/A,Android,10734.06,87,196809.5,Completed
TXN0002682,2024-11-28 08:12:09,CUST00288,Nafula Ruto,Female,61,Nairobi,0710563134,M-Pesa,Send Money,N/A,Android,38100.81,100,235967.05,Completed
TXN0001834,2024-11-28 08:58:14,CUST00054,Atieno Cheptoo,Female,55,Trans Nzoia,0790509076,M-Pesa,Buy Goods (Till),Electronics,Android,9434.71,62,202089.16,Completed
TXN0003008,2024-11-28 11:44:00,CUST00370,Rotich Sang,Male,58,Nakuru,0790535361,M-Pesa,Send Money,N/A,iOS,9142.37,87,197680.18,Completed
TXN0000269,2024-11-28 11:48:25,CUST00430,Ochieng Odhiambo,Female,20,Nairobi,0759694983,M-Pesa,Reversal,N/A,Android,5202.79,0.0,245842.2,Completed
TXN0000726,2024-11-28 11:57:19,CUST00629,Ndungu Chepkwony,Female,27,Uasin Gishu,0710244360,M-Pesa,Pay Bill,Electricity (KPLC),Android,64565.0,108,238276.36,Completed
TXN0005375,2024-11-28 12:30:18,CUST00202,Kariuki Kariuki,Male,38,Kajiado,0111518787,M-Pesa,Send Money,N/A,Android,48570.35,105,246929.86,Completed
TXN0005195,2024-11-28 12:49:10,CUST00158,Akinyi Sang,Female,19,Nairobi,0723105707,M-Pesa,Pay Bill,DSTV/GOTV,Android,19207.02,87,102789.4,Completed
TXN0005964,2024-11-28 15:25:17,CUST00349,Njoroge Kimani,Female,65,Kisumu,0790481266,M-Pesa,Deposit Cash,N/A,Android,34995.26,0.0,164671.93,Completed
TXN0004382,2024-11-28 15:38:38,CUST00247,Adhiambo Gichuru,Male,30,Nairobi,0768062815,M-Pesa,Send Money,N/A,Feature Phone,34782.73,108,207445.08,Completed
TXN0001850,2024-11-28 16:12:57,CUST00002,Kiptoo Njoroge,Male,63,Kakamega,0759442871,M-Pesa,Send Money,N/A,Android,30065.36,108,217978.24,Completed
TXN0000314,2024-11-28 16:31:22,CUST00561,Omondi Gichuru,Male,55,Mombasa,0790828413,Airtel Money,Pay Bill,Insurance,Android,79603.15,100,211179.96,Completed
TXN0003143,2024-11-28 16:50:29,CUST00400,Nyokabi Onyango,Female,64,Uasin Gishu,0722818944,M-Pesa,Pay Bill,Insurance,Android,101739.54,100,97686.53,Completed
TXN0001203,2024-11-28 17:41:32,CUST00504,Muthoni Kiplagat,Male,27,Nairobi,0790848968,M-Pesa,Send Money,N/A,Android,43213.13,108,78813.83,Completed
TXN0002423,2024-11-28 18:18:28,CUST00016,Wafula Chepkwony,Male,46,Nairobi,0710229485,M-Pesa,Send Money,N/A,iOS,3510.51,45,182569.07,Completed
TXN0004676,2024-11-28 18:43:33,CUST00625,Nyokabi Omollo,Female,31,Kisumu,0740862851,M-Pesa,Pay Bill,Loan Repayment,Android,29372.0,108,229095.04,Completed
TXN0003918,2024-11-28 20:53:38,CUST00001,Otieno Makau,Male,35,Nairobi,0710768040,M-Pesa,Buy Goods (Till),Clothing,Android,3703.52,40,101407.97,Completed
TXN0000061,2024-11-28 21:16:49,CUST00192,Akinyi Njuguna,Female,23,Kakamega,0111131654,M-Pesa,Withdraw Cash,N/A,Android,15376.7,55,237708.19,Completed
TXN0003663,2024-11-28 21:53:08,CUST00615,Kariuki Kiplagat,Female,22,Nairobi,0740744218,M-Pesa,Send Money,N/A,Android,46477.9,0.0,128872.85,Failed
TXN0002688,2024-11-29 03:45:17,CUST00484,Mumbi Karanja,Male,30,Nairobi,0111017253,Airtel Money,Pay Bill,Loan Repayment,Feature Phone,86731.68,100,55621.03,Completed
TXN0000935,2024-11-29 04:23:48,CUST00557,Chebet Mutiso,Male,51,Uasin Gishu,0111414404,M-Pesa,Withdraw Cash,N/A,Android,26836.23,108,189321.81,Completed
TXN0002547,2024-11-29 07:40:12,CUST00209,Adhiambo Owuor,Female,56,Kisumu,0768208941,M-Pesa,Pay Bill,SACCO,Android,63538.1,0.0,95056.4,Failed
TXN0000709,2024-11-29 07:57:54,CUST00552,Gitau Onyango,Female,61,Meru,0790733896,M-Pesa,Deposit Cash,N/A,Android,88031.53,0.0,12689.54,Completed
TXN0005371,2024-11-29 08:25:43,CUST00775,Chebet Karanja,Female,34,Homa Bay,0790148817,M-Pesa,Send Money,N/A,Android,6946.76,87,247968.15,Completed
TXN0000143,2024-11-29 08:55:23,CUST00675,Wambui Owuor,Female,70,Turkana,0701880042,M-Pesa,Send Money,N/A,Android,47923.9,100,46148.41,Completed
TXN0003188,2024-11-29 09:49:29,CUST00538,Wanjiku Njoroge,Male,25,Kajiado,0740826646,Airtel Money,Send Money,N/A,Android,19865.04,62,117899.66,Completed
TXN0000090,2024-11-29 11:13:30,CUST00512,Wanjiku Wabwire,Female,43,Homa Bay,0790397281,M-Pesa,Buy Goods (Till),Fuel Station,Android,13694.83,62,128607.78,Completed
TXN0002316,2024-11-29 11:18:27,CUST00637,Wafula Otieno,Male,65,Nairobi,0740294668,M-Pesa,Withdraw Cash,N/A,Android,39988.71,105,163426.25,Completed
TXN0002082,2024-11-29 12:06:50,CUST00133,Kamau Barasa,Male,49,Machakos,0701201123,M-Pesa,Airtime Purchase,N/A,Android,597.79,0.0,232202.32,Completed
TXN0000259,2024-11-29 12:24:53,CUST00115,Auma Otieno,Female,40,Uasin Gishu,0710869411,M-Pesa,Airtime Purchase,N/A,iOS,103.18,0.0,105003.49,Completed
TXN0003086,2024-11-29 13:08:01,CUST00562,Nabwire Kiplagat,Female,39,Bungoma,0701881167,M-Pesa,Buy Goods (Till),Clothing,Android,8524.63,62,51968.18,Completed
TXN0000686,2024-11-29 14:14:32,CUST00579,Barasa Wabwire,Male,54,Kericho,0759728096,M-Pesa,Pay Bill,Loan Repayment,Android,18052.43,55,81178.76,Completed
TXN0005351,2024-11-29 15:38:55,CUST00395,Nyambura Odhiambo,Male,36,Machakos,0759145902,M-Pesa,Withdraw Cash,N/A,Android,47089.76,105,15609.2,Completed
TXN0004734,2024-11-29 17:09:52,CUST00017,Kiprop Wabwire,Male,66,Kericho,0710448910,M-Pesa,Send Money,N/A,iOS,65110.77,100,96161.09,Completed
TXN0000344,2024-11-29 17:48:10,CUST00013,Jelagat Karanja,Female,51,Mombasa,0740235220,M-Pesa,Send Money,N/A,Android,19386.07,87,140841.18,Completed
TXN0001768,2024-11-29 19:52:35,CUST00090,Cherono Langat,Male,66,Kiambu,0111311607,Equitel,Pay Bill,Electricity (KPLC),Android,45528.27,108,30170.76,Completed
TXN0003868,2024-11-29 20:05:30,CUST00761,Owino Kariuki,Female,25,Homa Bay,0723323434,M-Pesa,Buy Goods (Till),Fuel Station,Android,14674.48,87,104100.02,Completed
TXN0001557,2024-11-29 20:40:30,CUST00011,Kariuki Kamau,Female,25,Homa Bay,0790225078,Equitel,Buy Goods (Till),Clothing,Android,20931.99,105,236398.85,Completed
TXN0005238,2024-11-29 22:56:23,CUST00080,Wairimu Karanja,Female,59,Nakuru,0768299802,M-Pesa,Withdraw Cash,N/A,iOS,11827.2,0.0,40858.29,Reversed
TXN0004302,2024-11-29 23:01:33,CUST00450,Wairimu Wekesa,Male,28,Bungoma,0701502454,M-Pesa,Send Money,N/A,Feature Phone,47842.35,108,198373.13,Completed
TXN0003840,2024-11-30 07:51:52,CUST00060,Maina Chepkwony,Female,20,Mombasa,0111217880,Airtel Money,Send Money,N/A,Android,49545.09,108,82705.91,Completed
TXN0000814,2024-11-30 08:12:25,CUST00439,Maina Sang,Female,36,Kakamega,0710596231,M-Pesa,Buy Goods (Till),Supermarket,Android,22537.42,108,15272.24,Completed
TXN0005750,2024-11-30 08:33:13,CUST00035,Simiyu Owuor,Male,47,Nairobi,0740911455,M-Pesa,Send Money,N/A,Feature Phone,19434.72,87,87203.26,Completed
TXN0000217,2024-11-30 10:23:53,CUST00103,Nyokabi Mwangi,Male,55,Kakamega,0111366170,M-Pesa,Pay Bill,Loan Repayment,Android,27512.31,100,145428.39,Completed
TXN0002011,2024-11-30 10:27:41,CUST00006,Nafula Mutiso,Male,71,Kilifi,0722203229,Airtel Money,Reversal,N/A,Android,10924.28,0.0,240254.6,Completed
TXN0002278,2024-11-30 14:25:10,CUST00444,Kibet Ochieng,Female,61,Uasin Gishu,0710392010,M-Pesa,Send Money,N/A,Feature Phone,12692.35,87,78345.77,Completed
TXN0004568,2024-11-30 15:51:49,CUST00765,Nyambura Mutiso,Male,61,Nairobi,0710349640,Equitel,Send Money,N/A,Feature Phone,45503.37,105,60867.33,Completed
TXN0000679,2024-11-30 18:26:41,CUST00149,Kipchoge Kiprono,Male,48,Kiambu,0740034235,M-Pesa,Send Money,N/A,Android,35931.06,108,24708.65,Completed
TXN0004576,2024-11-30 20:18:49,CUST00726,Adhiambo Otieno,Female,31,Kericho,0768260042,M-Pesa,Pay Bill,Loan Repayment,Feature Phone,73815.05,105,68979.92,Completed
TXN0004661,2024-11-30 20:34:39,CUST00543,Auma Karanja,Female,36,Nyeri,0768986777,Airtel Money,Withdraw Cash,N/A,Android,44246.11,100,12433.47,Completed
TXN0004488,2024-12-01 07:01:06,CUST00570,Maina Chepkwony,Male,59,Bungoma,0790548571,M-Pesa,Buy Goods (Till),Electronics,Android,23622.17,105,210373.94,Completed
TXN0000888,2024-12-01 09:33:00,CUST00568,Kirui Ochieng,Female,38,Nairobi,0111298025,M-Pesa,Buy Goods (Till),Clothing,Android,17978.35,87,125865.18,Completed
TXN0000415,2024-12-01 10:10:40,CUST00077,Chebet Odhiambo,Female,32,Mombasa,0759366647,M-Pesa,Send Money,N/A,Android,6918.79,55,194719.17,Completed
TXN0000792,2024-12-01 10:47:48,CUST00075,Ochieng Owuor,Female,35,Kajiado,0790999288,M-Pesa,Deposit Cash,N/A,Android,36153.33,0.0,193413.58,Completed
TXN0005218,2024-12-01 11:31:54,CUST00202,Kariuki Kariuki,Male,38,Kajiado,0111518787,M-Pesa,Deposit Cash,N/A,Android,57582.57,0.0,221209.72,Completed
TXN0005916,2024-12-01 12:18:48,CUST00763,Mwangi Otieno,Male,20,Uasin Gishu,0740012673,M-Pesa,Send Money,N/A,Feature Phone,41261.42,108,62226.17,Completed
TXN0004106,2024-12-01 12:35:52,CUST00518,Muthoni Wekesa,Male,54,Nairobi,0759494617,M-Pesa,Send Money,N/A,Feature Phone,34991.34,105,141495.5,Completed
TXN0001510,2024-12-01 13:03:51,CUST00685,Njoroge Musyoka,Male,35,Homa Bay,0723424316,M-Pesa,Buy Goods (Till),Fuel Station,Feature Phone,6985.87,62,125110.7,Completed
TXN0004977,2024-12-01 13:24:25,CUST00669,Kirui Njuguna,Male,65,Kiambu,0111726719,Airtel Money,Buy Goods (Till),Electronics,Android,4824.46,33,175157.75,Completed
TXN0002891,2024-12-01 15:36:12,CUST00049,Mutua Onyango,Female,62,Nairobi,0111454737,M-Pesa,Withdraw Cash,N/A,Android,17771.96,55,105955.82,Completed
TXN0000737,2024-12-01 16:31:39,CUST00747,Waweru Wanjala,Female,65,Kiambu,0111664536,M-Pesa,Send Money,N/A,Android,7894.69,62,198023.44,Completed
TXN0002114,2024-12-01 20:52:11,CUST00680,Otieno Kiprono,Male,27,Kiambu,0722726397,M-Pesa,Send Money,N/A,Android,20596.27,100,179854.29,Completed
TXN0000596,2024-12-01 20:54:59,CUST00522,Wanjiku Kariuki,Male,50,Machakos,0790961801,M-Pesa,Buy Goods (Till),Pharmacy,Android,25438.21,108,75085.62,Completed
TXN0004752,2024-12-01 20:57:18,CUST00035,Simiyu Owuor,Male,47,Nairobi,0740911455,M-Pesa,Send Money,N/A,Feature Phone,12187.31,87,196594.23,Completed
TXN0004032,2024-12-01 23:05:42,CUST00193,Kariuki Kimani,Male,52,Meru,0710541340,M-Pesa,Send Money,N/A,Android,41563.47,100,72569.94,Completed
TXN0003379,2024-12-01 23:25:59,CUST00674,Nyokabi Wabwire,Male,61,Nairobi,0759882420,M-Pesa,Buy Goods (Till),Supermarket,Android,15895.83,62,128133.18,Completed
TXN0003026,2024-12-02 01:13:26,CUST00085,Cherono Wanjala,Male,58,Uasin Gishu,0111352547,M-Pesa,Buy Goods (Till),Clothing,Android,11673.23,55,208947.96,Completed
TXN0001433,2024-12-02 03:30:43,CUST00029,Otieno Ochieng,Female,34,Nairobi,0790053749,M-Pesa,Pay Bill,Loan Repayment,Feature Phone,78883.84,105,245740.89,Completed
TXN0004812,2024-12-02 03:46:32,CUST00574,Kemboi Mutiso,Male,39,Nairobi,0111066049,M-Pesa,Deposit Cash,N/A,Android,17610.65,0.0,1221.3,Completed
TXN0003958,2024-12-02 04:31:39,CUST00754,Akinyi Ochieng,Female,19,Nairobi,0722198720,M-Pesa,Buy Goods (Till),Clothing,Feature Phone,27718.53,108,103426.96,Completed
TXN0002297,2024-12-02 09:58:33,CUST00645,Chebet Waweru,Male,63,Nairobi,0111972248,M-Pesa,Send Money,N/A,Android,36431.99,108,152819.74,Completed
TXN0002604,2024-12-02 10:20:50,CUST00189,Ochieng Wekesa,Male,53,Nairobi,0759447616,M-Pesa,Withdraw Cash,N/A,Feature Phone,19879.55,62,122835.58,Completed
TXN0002016,2024-12-02 10:45:50,CUST00186,Maina Mutiso,Female,68,Mombasa,0722027562,M-Pesa,Send Money,N/A,Android,10684.55,62,117760.61,Completed
TXN0003773,2024-12-02 12:33:35,CUST00415,Jelagat Wekesa,Male,37,Migori,0723565836,M-Pesa,Send Money,N/A,Android,59052.16,105,243327.39,Completed
TXN0004670,2024-12-02 13:35:25,CUST00434,Rotich Kiplagat,Male,35,Kilifi,0111272039,M-Pesa,Buy Goods (Till),Electronics,Feature Phone,7692.7,55,241877.83,Completed
TXN0002980,2024-12-02 13:44:34,CUST00111,Maina Langat,Male,48,Mombasa,0722902196,M-Pesa,Withdraw Cash,N/A,Feature Phone,16752.21,55,144999.44,Completed
TXN0003638,2024-12-02 14:25:19,CUST00313,Muthoni Njuguna,Female,59,Turkana,0723539538,M-Pesa,Buy Goods (Till),Restaurant,Android,24478.37,100,40556.78,Completed
TXN0001713,2024-12-02 16:24:23,CUST00800,Kagwe Omollo,Male,70,Nairobi,0722110362,M-Pesa,Buy Goods (Till),Restaurant,Android,6892.86,55,12213.93,Completed
TXN0003044,2024-12-02 17:32:43,CUST00278,Kemboi Cheptoo,Male,39,Kisumu,0723474661,Airtel Money,Pay Bill,Rent,Feature Phone,70870.79,105,135206.24,Completed
TXN0002100,2024-12-02 17:50:10,CUST00380,Otieno Chepkwony,Female,35,Nairobi,0111860396,M-Pesa,Airtime Purchase,N/A,Android,439.23,0.0,12999.64,Completed
TXN0002936,2024-12-02 18:22:42,CUST00251,Cherono Karanja,Female,41,Nairobi,0790388692,M-Pesa,Pay Bill,Water Utility,Feature Phone,9928.94,87,124699.76,Completed
TXN0000990,2024-12-02 19:02:49,CUST00447,Akinyi Langat,Male,20,Machakos,0701608345,M-Pesa,Send Money,N/A,iOS,3257.76,40,78686.9,Completed
TXN0001634,2024-12-02 20:15:25,CUST00093,Achieng Omollo,Female,43,Trans Nzoia,0722032123,M-Pesa,Buy Goods (Till),Restaurant,Feature Phone,9051.92,87,27831.04,Completed
TXN0000727,2024-12-02 20:43:36,CUST00539,Chelagat Kiplagat,Female,27,Mombasa,0722197440,M-Pesa,Send Money,N/A,Android,6895.1,55,232034.65,Completed
TXN0003616,2024-12-02 23:24:22,CUST00033,Kemboi Mwangi,Male,36,Kisumu,0111092381,M-Pesa,Reversal,N/A,iOS,22862.24,0.0,19836.22,Completed
TXN0000454,2024-12-02 23:54:05,CUST00465,Mutua Musyoka,Female,41,Bomet,0722129615,M-Pesa,Send Money,N/A,Android,28505.21,100,30978.74,Completed
TXN0002872,2024-12-03 06:03:30,CUST00193,Kariuki Kimani,Male,52,Meru,0710541340,M-Pesa,Send Money,N/A,Android,53859.32,0.0,191837.59,Reversed
TXN0005234,2024-12-03 06:47:17,CUST00144,Rotich Omollo,Male,21,Nairobi,0111717059,M-Pesa,Airtime Purchase,N/A,iOS,887.14,0.0,55163.95,Completed
TXN0002085,2024-12-03 08:39:07,CUST00276,Nyambura Ochieng,Male,44,Homa Bay,0701861330,M-Pesa,Deposit Cash,N/A,Feature Phone,15780.42,0.0,75290.44,Completed
TXN0003865,2024-12-03 13:34:07,CUST00500,Wafula Musyoka,Female,58,Kericho,0723852094,M-Pesa,Buy Goods (Till),Clothing,Feature Phone,13591.8,87,218493.41,Completed
TXN0004998,2024-12-03 15:47:52,CUST00784,Onyango Waweru,Male,70,Mombasa,0722213506,M-Pesa,Send Money,N/A,Android,5654.99,87,22052.47,Completed
TXN0002215,2024-12-03 16:12:55,CUST00326,Cheruiyot Wanjala,Female,21,Migori,0710642682,M-Pesa,Deposit Cash,N/A,Android,40703.37,0.0,180478.42,Completed
TXN0003623,2024-12-03 16:30:13,CUST00265,Kariuki Gichuru,Male,66,Bungoma,0710664930,M-Pesa,Pay Bill,DSTV/GOTV,Android,24204.68,108,54700.69,Completed
TXN0004225,2024-12-03 18:27:55,CUST00311,Auma Makau,Male,48,Migori,0722240302,Airtel Money,Airtime Purchase,N/A,Android,450.67,0.0,164426.98,Completed
TXN0000092,2024-12-03 18:38:59,CUST00131,Wangari Kiplagat,Female,25,Kiambu,0740109849,Airtel Money,Withdraw Cash,N/A,Feature Phone,10966.97,55,49341.9,Completed
TXN0004194,2024-12-03 18:50:08,CUST00448,Akinyi Ruto,Male,66,Trans Nzoia,0759276217,M-Pesa,Send Money,N/A,iOS,39998.82,100,136734.49,Completed
TXN0001531,2024-12-03 19:31:34,CUST00361,Kemboi Musyoka,Female,51,Machakos,0790027096,Airtel Money,Buy Goods (Till),Supermarket,Feature Phone,25235.02,108,64223.29,Completed
TXN0005622,2024-12-03 22:00:56,CUST00682,Cheruiyot Gichuru,Female,69,Nairobi,0759618611,M-Pesa,Pay Bill,Electricity (KPLC),Android,71206.62,100,38562.86,Completed
TXN0005980,2024-12-04 02:07:31,CUST00535,Mwangi Makau,Male,60,Mombasa,0710804737,M-Pesa,Pay Bill,Insurance,Android,55154.13,105,52598.4,Completed
TXN0004249,2024-12-04 04:24:27,CUST00588,Mumbi Waweru,Female,50,Bomet,0111387133,M-Pesa,Send Money,N/A,Android,7888.36,62,60333.46,Completed
TXN0004699,2024-12-04 06:14:40,CUST00214,Muthoni Kiprono,Male,65,Bungoma,0790718345,M-Pesa,Send Money,N/A,iOS,27017.1,108,41941.21,Completed
TXN0003779,2024-12-04 08:45:28,CUST00734,Rotich Kiplagat,Male,50,Uasin Gishu,0722682751,Airtel Money,Send Money,N/A,iOS,50402.31,105,50846.44,Completed
TXN0000377,2024-12-04 09:27:08,CUST00066,Cheruiyot Wabwire,Female,69,Nakuru,0710405588,M-Pesa,Send Money,N/A,Android,30601.88,108,109717.9,Completed
TXN0002024,2024-12-04 11:46:47,CUST00105,Mutua Kiprono,Male,27,Nairobi,0723557568,M-Pesa,Pay Bill,Insurance,Android,108533.6,100,153316.11,Completed
TXN0000462,2024-12-04 12:29:27,CUST00715,Wangari Kariuki,Male,23,Trans Nzoia,0722570390,M-Pesa,Send Money,N/A,Android,5591.33,55,237491.51,Completed
TXN0005840,2024-12-04 13:19:47,CUST00450,Wairimu Wekesa,Male,28,Bungoma,0701502454,M-Pesa,Deposit Cash,N/A,Feature Phone,63197.35,0.0,34276.73,Completed
TXN0000564,2024-12-04 14:01:29,CUST00238,Cheruiyot Odhiambo,Male,58,Nyeri,0111422021,M-Pesa,Deposit Cash,N/A,Android,64913.16,0.0,195775.19,Completed
TXN0000892,2024-12-04 15:41:26,CUST00329,Nabwire Kamau,Female,34,Nairobi,0759102989,Airtel Money,Send Money,N/A,Feature Phone,6995.43,55,238523.55,Completed
TXN0002904,2024-12-04 17:32:18,CUST00504,Muthoni Kiplagat,Male,27,Nairobi,0790848968,M-Pesa,Send Money,N/A,Android,20597.66,105,74562.87,Completed
TXN0004552,2024-12-04 19:36:18,CUST00086,Waweru Kiplagat,Male,32,Nakuru,0701373329,M-Pesa,Buy Goods (Till),Pharmacy,Android,2007.39,33,171952.95,Completed
TXN0000752,2024-12-04 19:49:55,CUST00355,Anyango Gichuru,Male,33,Nairobi,0722566172,M-Pesa,Send Money,N/A,Android,6535.14,55,202128.4,Completed
TXN0004221,2024-12-04 20:23:47,CUST00562,Nabwire Kiplagat,Female,39,Bungoma,0701881167,M-Pesa,Withdraw Cash,N/A,Android,43614.42,105,123194.08,Completed
TXN0002632,2024-12-04 21:17:53,CUST00441,Otieno Otieno,Female,39,Nairobi,0722426598,M-Pesa,Send Money,N/A,Feature Phone,20457.15,100,167837.75,Completed
TXN0001762,2024-12-04 22:53:44,CUST00432,Nafula Kiplagat,Male,40,Nairobi,0790206058,M-Pesa,Deposit Cash,N/A,Android,50910.54,0.0,102043.52,Completed
TXN0004271,2024-12-05 00:47:45,CUST00267,Njeri Amollo,Male,20,Kiambu,0790455461,Equitel,Buy Goods (Till),Clothing,Android,12338.32,62,175368.95,Completed
TXN0005977,2024-12-05 04:25:46,CUST00471,Kemboi Ruto,Male,43,Nairobi,0768332398,M-Pesa,Pay Bill,Rent,Feature Phone,29422.62,108,61152.95,Completed
TXN0004682,2024-12-05 05:49:25,CUST00134,Nabwire Chepkwony,Male,30,Nakuru,0790057296,M-Pesa,Buy Goods (Till),Pharmacy,iOS,5546.83,62,178448.61,Completed
TXN0000389,2024-12-05 06:35:57,CUST00137,Nasike Amollo,Female,19,Nakuru,0723957760,M-Pesa,Withdraw Cash,N/A,iOS,12531.39,55,142096.65,Completed
TXN0004720,2024-12-05 07:54:02,CUST00474,Kirui Barasa,Male,53,Mombasa,0790835400,M-Pesa,Send Money,N/A,iOS,43815.83,100,194007.35,Completed
TXN0003547,2024-12-05 08:18:37,CUST00438,Mwangi Njuguna,Female,52,Migori,0111330963,Airtel Money,Send Money,N/A,Android,6242.83,62,142075.01,Completed
TXN0001364,2024-12-05 08:49:33,CUST00483,Achieng Njoroge,Female,24,Nairobi,0759549030,M-Pesa,Send Money,N/A,Android,18625.4,55,74390.78,Completed
TXN0003160,2024-12-05 09:03:59,CUST00202,Kariuki Kariuki,Male,38,Kajiado,0111518787,M-Pesa,Pay Bill,Loan Repayment,Android,66497.76,108,37782.61,Completed
TXN0003020,2024-12-05 09:52:03,CUST00346,Owino Musyoka,Female,52,Nairobi,0723432308,Airtel Money,Buy Goods (Till),Clothing,Android,23946.78,100,214108.73,Completed
TXN0001644,2024-12-05 11:38:08,CUST00202,Kariuki Kariuki,Male,38,Kajiado,0111518787,M-Pesa,Buy Goods (Till),Fuel Station,Android,8389.7,55,41376.95,Completed
TXN0005715,2024-12-05 11:54:21,CUST00583,Wangari Ochieng,Female,48,Nairobi,0111885205,M-Pesa,Send Money,N/A,Android,1190.15,40,81390.62,Completed
TXN0004775,2024-12-05 14:06:24,CUST00766,Nafula Sang,Male,72,Nairobi,0111954218,M-Pesa,Send Money,N/A,iOS,39421.77,100,207357.82,Completed
TXN0002629,2024-12-05 14:48:07,CUST00747,Waweru Wanjala,Female,65,Kiambu,0111664536,M-Pesa,Pay Bill,SACCO,Android,63802.13,100,154117.6,Completed
TXN0005128,2024-12-05 15:13:06,CUST00330,Simiyu Kiplagat,Female,42,Uasin Gishu,0740794450,M-Pesa,Pay Bill,DSTV/GOTV,Android,69104.29,108,189846.37,Completed
TXN0001000,2024-12-05 16:02:17,CUST00603,Wambui Owuor,Female,66,Migori,0768272255,M-Pesa,Buy Goods (Till),Clothing,Feature Phone,8520.19,87,31963.04,Completed
TXN0002521,2024-12-05 16:08:06,CUST00253,Njeri Barasa,Male,63,Kisumu,0710755182,M-Pesa,Send Money,N/A,Android,14079.04,87,34636.8,Completed
TXN0001232,2024-12-05 16:24:45,CUST00289,Nafula Makau,Female,71,Kisumu,0768850161,M-Pesa,Buy Goods (Till),Fuel Station,Android,9216.94,0.0,188429.81,Failed
TXN0002456,2024-12-05 17:16:41,CUST00673,Ndungu Kiplagat,Male,28,Kakamega,0759913130,M-Pesa,Send Money,N/A,Android,13964.93,62,113497.19,Completed
TXN0005381,2024-12-05 17:38:25,CUST00222,Wangari Barasa,Male,34,Kericho,0768773202,M-Pesa,Buy Goods (Till),Hardware,Android,8076.88,55,196400.64,Completed
TXN0005648,2024-12-05 17:48:53,CUST00334,Nasike Ruto,Male,57,Kiambu,0790499225,M-Pesa,Deposit Cash,N/A,Feature Phone,10626.83,0.0,141705.1,Completed
TXN0001930,2024-12-05 18:10:46,CUST00603,Wambui Owuor,Female,66,Migori,0768272255,M-Pesa,Buy Goods (Till),Electronics,Feature Phone,10791.73,55,15881.91,Completed
TXN0003099,2024-12-05 18:20:11,CUST00288,Nafula Ruto,Female,61,Nairobi,0710563134,M-Pesa,Buy Goods (Till),Clothing,Android,12700.24,55,74542.57,Completed
TXN0000637,2024-12-05 21:00:40,CUST00296,Nyokabi Ruto,Female,36,Nairobi,0759457613,M-Pesa,Buy Goods (Till),Electronics,Android,11300.83,55,245703.4,Completed
TXN0005118,2024-12-05 21:53:24,CUST00089,Nabwire Omollo,Female,69,Mombasa,0759986609,Airtel Money,Send Money,N/A,Android,28440.35,100,245176.78,Completed
TXN0005503,2024-12-05 22:22:46,CUST00684,Wambui Otieno,Female,37,Nairobi,0111234300,M-Pesa,Deposit Cash,N/A,Feature Phone,47527.74,0.0,125665.66,Completed
TXN0000620,2024-12-06 00:26:48,CUST00008,Moraa Musyoka,Male,23,Kilifi,0723116535,M-Pesa,Deposit Cash,N/A,Android,23652.19,0.0,23304.08,Completed
TXN0000299,2024-12-06 07:10:13,CUST00042,Owino Omollo,Male,59,Nairobi,0722791011,M-Pesa,Buy Goods (Till),Supermarket,Android,20879.44,105,146244.64,Completed
TXN0005383,2024-12-06 08:14:52,CUST00308,Wairimu Njoroge,Male,34,Nyeri,0723788685,M-Pesa,Reversal,N/A,Android,9416.57,0.0,144887.05,Completed
TXN0000038,2024-12-06 08:41:35,CUST00419,Cheruiyot Onyango,Female,43,Nakuru,0759211583,M-Pesa,Buy Goods (Till),Electronics,Android,26422.52,100,224968.12,Completed
TXN0001337,2024-12-06 09:24:16,CUST00324,Auma Omollo,Male,46,Bungoma,0710157866,M-Pesa,Send Money,N/A,Android,29441.34,108,201550.88,Completed
TXN0004980,2024-12-06 10:04:50,CUST00538,Wanjiku Njoroge,Male,25,Kajiado,0740826646,Airtel Money,Buy Goods (Till),Supermarket,Android,8927.48,55,150277.38,Completed
TXN0004306,2024-12-06 11:00:14,CUST00746,Wafula Odhiambo,Male,72,Turkana,0790917512,M-Pesa,Withdraw Cash,N/A,Android,20182.7,108,203745.85,Completed
TXN0004410,2024-12-06 12:53:52,CUST00591,Simiyu Omollo,Male,47,Machakos,0740478834,Airtel Money,Send Money,N/A,Android,25540.11,105,177866.49,Completed
TXN0001992,2024-12-06 13:20:51,CUST00102,Muthoni Wabwire,Female,36,Nakuru,0111606335,M-Pesa,Deposit Cash,N/A,Android,102881.71,0.0,29001.53,Completed
TXN0003073,2024-12-06 13:46:30,CUST00083,Barasa Otieno,Male,26,Kilifi,0759104354,M-Pesa,Pay Bill,DSTV/GOTV,Android,77830.82,105,108977.97,Completed
TXN0002083,2024-12-06 14:11:49,CUST00113,Akinyi Ruto,Male,33,Uasin Gishu,0710609055,Equitel,Send Money,N/A,Android,33053.68,100,187673.45,Completed
TXN0005174,2024-12-06 17:32:20,CUST00508,Ochieng Odhiambo,Male,71,Uasin Gishu,0759282183,M-Pesa,Send Money,N/A,Android,11249.95,62,180273.38,Completed
TXN0005630,2024-12-06 19:40:09,CUST00386,Simiyu Mutiso,Female,47,Turkana,0768407336,M-Pesa,Pay Bill,School Fees,Android,64205.15,108,195550.77,Completed
TXN0001287,2024-12-06 20:16:25,CUST00639,Adhiambo Owuor,Male,68,Nairobi,0759979434,M-Pesa,Withdraw Cash,N/A,Feature Phone,11660.29,87,52300.77,Completed
TXN0004546,2024-12-06 21:22:22,CUST00686,Nyokabi Ruto,Male,65,Kajiado,0759622501,M-Pesa,Buy Goods (Till),Hardware,Android,8860.24,62,127461.96,Completed
TXN0000514,2024-12-06 21:30:43,CUST00035,Simiyu Owuor,Male,47,Nairobi,0740911455,M-Pesa,Send Money,N/A,Feature Phone,27065.22,100,21810.74,Completed
TXN0000657,2024-12-06 23:13:12,CUST00566,Wairimu Wanjala,Male,38,Nakuru,0722493105,M-Pesa,Pay Bill,Rent,Android,18455.02,55,77973.05,Completed
TXN0002951,2024-12-07 00:03:00,CUST00372,Moraa Waweru,Female,67,Meru,0710413559,M-Pesa,Pay Bill,Water Utility,Android,29635.49,108,248004.11,Completed
TXN0003187,2024-12-07 03:04:53,CUST00450,Wairimu Wekesa,Male,28,Bungoma,0701502454,M-Pesa,Send Money,N/A,Feature Phone,22165.46,105,182958.96,Completed
TXN0003843,2024-12-07 06:48:22,CUST00634,Waweru Wekesa,Male,71,Mombasa,0790558577,Airtel Money,Withdraw Cash,N/A,Feature Phone,10014.9,55,163200.29,Completed
TXN0002731,2024-12-07 06:53:00,CUST00621,Barasa Ochieng,Male,56,Kiambu,0768696368,M-Pesa,Send Money,N/A,Feature Phone,62880.24,108,136737.59,Completed
TXN0001097,2024-12-07 07:13:37,CUST00209,Adhiambo Owuor,Female,56,Kisumu,0768208941,M-Pesa,Pay Bill,Electricity (KPLC),Android,60296.74,100,234421.92,Completed
TXN0005661,2024-12-07 07:27:59,CUST00230,Ndungu Omollo,Female,19,Turkana,0790095799,M-Pesa,Pay Bill,SACCO,Android,24397.25,105,244765.98,Completed
TXN0004432,2024-12-07 09:58:59,CUST00498,Nyokabi Wekesa,Male,19,Kisumu,0722485926,M-Pesa,Pay Bill,Electricity (KPLC),iOS,68461.24,108,145177.46,Completed
TXN0005102,2024-12-07 13:51:49,CUST00656,Kariuki Barasa,Female,62,Machakos,0710636767,Airtel Money,Buy Goods (Till),Restaurant,Android,9551.22,55,59500.69,Completed
TXN0000627,2024-12-07 14:44:15,CUST00046,Kagwe Owuor,Male,59,Kiambu,0759748532,T-Kash,Send Money,N/A,Android,3638.18,33,118629.39,Completed
TXN0000386,2024-12-07 16:22:37,CUST00758,Njeri Musyoka,Male,21,Nairobi,0740434387,M-Pesa,Send Money,N/A,Android,41538.32,105,102592.86,Completed
TXN0001639,2024-12-07 18:11:23,CUST00214,Muthoni Kiprono,Male,65,Bungoma,0790718345,M-Pesa,Withdraw Cash,N/A,iOS,29437.71,100,204697.36,Completed
TXN0004457,2024-12-07 19:25:54,CUST00444,Kibet Ochieng,Female,61,Uasin Gishu,0710392010,M-Pesa,Pay Bill,Loan Repayment,Feature Phone,50407.13,108,165325.99,Completed
TXN0005811,2024-12-07 19:26:58,CUST00713,Kipchoge Amollo,Female,65,Trans Nzoia,0723843681,Airtel Money,Buy Goods (Till),Hardware,Android,7635.18,0.0,493.43,Failed
TXN0001006,2024-12-07 19:36:40,CUST00180,Nyambura Waweru,Male,35,Mombasa,0701739746,M-Pesa,Buy Goods (Till),Electronics,Android,4098.92,33,125865.67,Completed
TXN0004127,2024-12-07 20:12:22,CUST00294,Wanjiku Mutiso,Female,47,Meru,0710095768,M-Pesa,Send Money,N/A,Feature Phone,13128.15,55,69393.24,Completed
TXN0000094,2024-12-07 20:18:09,CUST00561,Omondi Gichuru,Male,55,Mombasa,0790828413,Airtel Money,Buy Goods (Till),Supermarket,Android,1137.24,40,179985.75,Completed
TXN0000729,2024-12-07 22:25:33,CUST00265,Kariuki Gichuru,Male,66,Bungoma,0710664930,M-Pesa,Airtime Purchase,N/A,Android,902.23,0.0,118410.44,Completed
TXN0000235,2024-12-08 02:06:52,CUST00351,Nyokabi Waweru,Male,37,Bungoma,0701947389,M-Pesa,Send Money,N/A,Feature Phone,18760.41,55,117960.22,Completed
TXN0001076,2024-12-08 09:33:39,CUST00575,Maina Onyango,Female,52,Nairobi,0723588419,M-Pesa,Pay Bill,DSTV/GOTV,Android,43207.53,105,53333.94,Completed
TXN0004467,2024-12-08 12:32:59,CUST00348,Anyango Omollo,Female,28,Nyeri,0768820657,M-Pesa,Deposit Cash,N/A,Android,99021.72,0.0,101294.31,Completed
TXN0001316,2024-12-08 12:58:03,CUST00250,Nabwire Wanjala,Female,48,Nairobi,0790466438,M-Pesa,Deposit Cash,N/A,Android,24648.63,0.0,222383.85,Completed
TXN0001267,2024-12-08 14:15:40,CUST00094,Auma Onyango,Male,52,Meru,0759563374,M-Pesa,Buy Goods (Till),Restaurant,Android,4713.29,33,73168.52,Completed
TXN0005397,2024-12-08 16:11:54,CUST00427,Simiyu Omollo,Female,49,Nairobi,0759830191,M-Pesa,Send Money,N/A,iOS,18286.31,55,25589.07,Completed
TXN0001892,2024-12-08 17:18:40,CUST00039,Owino Barasa,Male,66,Nakuru,0768577842,M-Pesa,Pay Bill,Loan Repayment,Android,46352.55,108,13359.2,Completed
TXN0001682,2024-12-08 17:21:00,CUST00661,Kiprop Ochieng,Male,50,Kiambu,0759196209,Airtel Money,Pay Bill,Electricity (KPLC),Android,98960.32,108,212728.52,Completed
TXN0002798,2024-12-08 17:38:03,CUST00226,Nafula Kimani,Female,59,Nairobi,0790909168,M-Pesa,Send Money,N/A,Feature Phone,33313.3,108,169156.53,Completed
TXN0004577,2024-12-09 07:32:29,CUST00700,Rotich Chepkwony,Female,25,Nairobi,0722125819,M-Pesa,Send Money,N/A,Android,18903.4,62,70663.28,Completed
TXN0004426,2024-12-09 09:49:29,CUST00363,Ochieng Ochieng,Male,24,Nyeri,0759316595,M-Pesa,Send Money,N/A,Feature Phone,7189.57,62,25078.71,Completed
TXN0004445,2024-12-09 09:56:12,CUST00324,Auma Omollo,Male,46,Bungoma,0710157866,M-Pesa,Pay Bill,School Fees,Android,62210.67,100,17888.58,Completed
TXN0001443,2024-12-09 13:03:53,CUST00112,Atieno Ochieng,Male,21,Nairobi,0701084565,M-Pesa,Send Money,N/A,Android,42095.78,108,127329.02,Completed
TXN0005086,2024-12-09 13:11:29,CUST00267,Njeri Amollo,Male,20,Kiambu,0790455461,Equitel,Pay Bill,Insurance,Android,9968.01,55,88611.77,Completed
TXN0003685,2024-12-09 14:05:01,CUST00527,Mumbi Kamau,Male,51,Kilifi,0710407680,M-Pesa,Withdraw Cash,N/A,Android,21060.45,0.0,232956.81,Failed
TXN0005327,2024-12-09 14:15:16,CUST00798,Nafula Odhiambo,Female,65,Nairobi,0701076441,M-Pesa,Buy Goods (Till),Fuel Station,Feature Phone,10867.8,87,76891.46,Completed
TXN0004039,2024-12-09 16:16:37,CUST00053,Omondi Kiprono,Male,69,Uasin Gishu,0790025456,M-Pesa,Buy Goods (Till),Fuel Station,Android,16064.8,87,168607.09,Completed
TXN0002700,2024-12-09 16:29:30,CUST00318,Onyango Wanjala,Female,55,Nairobi,0768312854,M-Pesa,Pay Bill,Electricity (KPLC),Android,89572.38,100,27662.02,Completed
TXN0003226,2024-12-09 16:59:30,CUST00053,Omondi Kiprono,Male,69,Uasin Gishu,0790025456,M-Pesa,Send Money,N/A,Android,12312.35,62,164463.23,Completed
TXN0004646,2024-12-09 17:35:39,CUST00331,Nafula Langat,Male,32,Bungoma,0768950820,M-Pesa,Buy Goods (Till),Clothing,Feature Phone,23387.55,100,24021.52,Completed
TXN0001787,2024-12-09 18:25:34,CUST00308,Wairimu Njoroge,Male,34,Nyeri,0723788685,M-Pesa,Deposit Cash,N/A,Android,43362.54,0.0,82524.43,Completed
TXN0003646,2024-12-09 18:54:05,CUST00254,Muthoni Langat,Male,30,Kiambu,0701561035,M-Pesa,Pay Bill,Internet (ISP),Feature Phone,26605.97,108,88850.31,Completed
TXN0000887,2024-12-09 19:37:08,CUST00407,Kibet Njoroge,Male,30,Kiambu,0759341120,M-Pesa,Withdraw Cash,N/A,Android,36249.06,100,43316.58,Completed
TXN0002196,2024-12-09 19:48:57,CUST00483,Achieng Njoroge,Female,24,Nairobi,0759549030,M-Pesa,Send Money,N/A,Android,24733.65,100,39767.03,Completed
TXN0005580,2024-12-09 19:52:54,CUST00775,Chebet Karanja,Female,34,Homa Bay,0790148817,M-Pesa,Airtime Purchase,N/A,Android,903.9,0.0,137988.49,Completed
TXN0000285,2024-12-09 22:36:59,CUST00085,Cherono Wanjala,Male,58,Uasin Gishu,0111352547,M-Pesa,Airtime Purchase,N/A,Android,1690.47,0.0,205006.66,Completed
TXN0004854,2024-12-09 23:18:48,CUST00049,Mutua Onyango,Female,62,Nairobi,0111454737,M-Pesa,Pay Bill,Electricity (KPLC),Android,111314.16,100,162192.8,Completed
TXN0001254,2024-12-10 03:14:45,CUST00583,Wangari Ochieng,Female,48,Nairobi,0111885205,M-Pesa,Deposit Cash,N/A,Android,41305.93,0.0,12530.76,Completed
TXN0002184,2024-12-10 06:10:40,CUST00194,Wafula Amollo,Male,42,Bomet,0759644741,M-Pesa,Buy Goods (Till),Supermarket,Feature Phone,5445.62,55,96110.44,Completed
TXN0000403,2024-12-10 06:41:32,CUST00504,Muthoni Kiplagat,Male,27,Nairobi,0790848968,M-Pesa,Airtime Purchase,N/A,Android,789.39,0.0,246953.82,Completed
TXN0000469,2024-12-10 08:11:49,CUST00211,Kamau Gichuru,Male,43,Kisumu,0759744651,M-Pesa,Send Money,N/A,Android,27696.61,108,168551.58,Completed
TXN0004341,2024-12-10 08:13:50,CUST00431,Onyango Sang,Female,61,Kilifi,0740569300,M-Pesa,Send Money,N/A,Android,9223.66,62,7748.56,Completed
TXN0002386,2024-12-10 08:54:52,CUST00564,Cheruiyot Kamau,Male,54,Machakos,0790515165,M-Pesa,Pay Bill,Electricity (KPLC),Android,38005.13,108,75897.14,Completed
TXN0005662,2024-12-10 10:09:21,CUST00138,Kagwe Otieno,Male,55,Mombasa,0759668160,T-Kash,Deposit Cash,N/A,Android,41007.98,0.0,179734.9,Completed
TXN0004909,2024-12-10 11:10:26,CUST00575,Maina Onyango,Female,52,Nairobi,0723588419,M-Pesa,Deposit Cash,N/A,Android,1817.72,0.0,26298.33,Completed
TXN0001137,2024-12-10 11:14:57,CUST00199,Maina Gichuru,Male,44,Homa Bay,0790818278,M-Pesa,Send Money,N/A,Android,39517.7,100,104482.17,Completed
TXN0002352,2024-12-10 11:16:06,CUST00091,Kirui Waweru,Male,47,Kiambu,0111339581,M-Pesa,Buy Goods (Till),Supermarket,Android,19020.62,55,209549.62,Completed
TXN0005839,2024-12-10 11:16:57,CUST00066,Cheruiyot Wabwire,Female,69,Nakuru,0710405588,M-Pesa,Buy Goods (Till),Pharmacy,Android,21188.06,105,5670.01,Completed
TXN0001574,2024-12-10 11:59:26,CUST00080,Wairimu Karanja,Female,59,Nakuru,0768299802,M-Pesa,Send Money,N/A,iOS,26539.2,105,116138.28,Completed
TXN0003061,2024-12-10 13:39:09,CUST00196,Wairimu Amollo,Female,66,Nairobi,0701591872,Equitel,Send Money,N/A,Android,38497.8,108,156686.21,Completed
TXN0001484,2024-12-10 13:42:00,CUST00002,Kiptoo Njoroge,Male,63,Kakamega,0759442871,M-Pesa,Send Money,N/A,Android,48665.16,108,86662.65,Completed
TXN0002335,2024-12-10 16:57:20,CUST00186,Maina Mutiso,Female,68,Mombasa,0722027562,M-Pesa,Send Money,N/A,Android,34322.27,0.0,91984.34,Failed
TXN0004915,2024-12-10 18:04:26,CUST00792,Nyokabi Wekesa,Male,61,Nyeri,0759485436,M-Pesa,Buy Goods (Till),Pharmacy,Android,3188.24,40,161104.02,Completed
TXN0003417,2024-12-10 18:19:36,CUST00460,Wambui Musyoka,Male,65,Migori,0740773854,M-Pesa,Airtime Purchase,N/A,Android,484.35,0.0,199143.65,Completed
TXN0003975,2024-12-10 19:03:14,CUST00285,Kariuki Kamau,Male,51,Nyeri,0759984591,M-Pesa,Send Money,N/A,Feature Phone,26195.14,108,224385.24,Completed
TXN0005009,2024-12-10 21:48:45,CUST00727,Kemboi Karanja,Male,34,Nairobi,0722093713,M-Pesa,Buy Goods (Till),Clothing,Android,7650.58,0.0,204739.21,Reversed
TXN0003927,2024-12-11 05:48:11,CUST00479,Chebet Chepkwony,Female,55,Nakuru,0710053439,M-Pesa,Withdraw Cash,N/A,Android,3138.45,45,167880.66,Completed
TXN0002179,2024-12-11 06:01:15,CUST00269,Rotich Kariuki,Female,67,Kisumu,0722501801,M-Pesa,Send Money,N/A,Android,34893.55,105,140294.53,Completed
TXN0004932,2024-12-11 07:39:47,CUST00012,Auma Odhiambo,Male,48,Migori,0710284257,M-Pesa,Pay Bill,Electricity (KPLC),Android,70139.87,105,14829.68,Completed
TXN0001031,2024-12-11 08:44:30,CUST00172,Wambui Cheptoo,Male,59,Kilifi,0723434670,Airtel Money,Send Money,N/A,Android,5746.33,55,57504.86,Completed
TXN0003780,2024-12-11 09:53:19,CUST00298,Njoroge Karanja,Male,59,Nairobi,0759009756,M-Pesa,Airtime Purchase,N/A,Android,229.01,0.0,84883.49,Completed
TXN0000487,2024-12-11 10:04:47,CUST00479,Chebet Chepkwony,Female,55,Nakuru,0710053439,M-Pesa,Reversal,N/A,Android,22215.3,0.0,168164.49,Completed
TXN0004171,2024-12-11 10:18:30,CUST00587,Mumbi Gichuru,Male,71,Nairobi,0710624742,Airtel Money,Buy Goods (Till),Fuel Station,Android,4432.38,40,181911.72,Completed
TXN0004866,2024-12-11 11:55:42,CUST00285,Kariuki Kamau,Male,51,Nyeri,0759984591,M-Pesa,Send Money,N/A,Feature Phone,21561.03,0.0,248592.65,Failed
TXN0005701,2024-12-11 12:43:37,CUST00098,Onyango Sang,Female,54,Kilifi,0701686939,M-Pesa,Send Money,N/A,Android,24017.33,105,8729.02,Completed
TXN0005223,2024-12-11 13:14:49,CUST00759,Cheruiyot Kiplagat,Female,59,Nairobi,0759119346,M-Pesa,Pay Bill,Electricity (KPLC),Android,25661.25,108,105342.69,Completed
TXN0004321,2024-12-11 15:28:42,CUST00067,Wanjiku Makau,Female,27,Nakuru,0710072630,M-Pesa,Send Money,N/A,Android,15593.27,62,211087.99,Completed
TXN0003437,2024-12-11 15:40:35,CUST00124,Muthoni Owuor,Male,32,Nairobi,0740724354,Equitel,Deposit Cash,N/A,Android,91495.26,0.0,112556.15,Completed
TXN0004885,2024-12-11 16:06:10,CUST00047,Wangari Sang,Female,47,Uasin Gishu,0768343432,M-Pesa,Send Money,N/A,Android,26569.9,108,183950.04,Completed
TXN0002943,2024-12-11 16:15:18,CUST00138,Kagwe Otieno,Male,55,Mombasa,0759668160,T-Kash,Pay Bill,Loan Repayment,Android,66082.92,108,91137.47,Completed
TXN0000470,2024-12-11 17:19:33,CUST00608,Onyango Otieno,Male,41,Kisumu,0710393914,M-Pesa,Withdraw Cash,N/A,Android,18445.26,87,57452.51,Completed
TXN0005151,2024-12-11 19:15:11,CUST00664,Anyango Kiplagat,Male,23,Migori,0768912626,M-Pesa,Send Money,N/A,Feature Phone,7510.22,62,211786.43,Completed
TXN0001376,2024-12-11 19:54:01,CUST00318,Onyango Wanjala,Female,55,Nairobi,0768312854,M-Pesa,Send Money,N/A,Android,42143.25,108,143897.94,Completed
TXN0003740,2024-12-11 20:24:35,CUST00448,Akinyi Ruto,Male,66,Trans Nzoia,0759276217,M-Pesa,Buy Goods (Till),Fuel Station,iOS,7652.81,87,53776.28,Completed
TXN0001480,2024-12-11 20:43:16,CUST00031,Akinyi Mutiso,Female,60,Kericho,0790563651,M-Pesa,Buy Goods (Till),Electronics,Android,8149.59,62,70845.89,Completed
TXN0004656,2024-12-11 20:53:07,CUST00442,Njeri Otieno,Male,65,Nairobi,0722490711,M-Pesa,Pay Bill,Electricity (KPLC),Android,109585.56,100,71111.98,Completed
TXN0002920,2024-12-11 21:59:42,CUST00773,Njoroge Amollo,Male,55,Nairobi,0701346023,M-Pesa,Withdraw Cash,N/A,Feature Phone,56465.81,105,60679.47,Completed
TXN0002429,2024-12-11 23:57:57,CUST00642,Otieno Kimani,Female,41,Garissa,0111624773,T-Kash,Pay Bill,Insurance,iOS,83731.14,108,37312.43,Completed
TXN0002281,2024-12-12 06:39:32,CUST00624,Auma Karanja,Female,39,Nairobi,0111675962,M-Pesa,Buy Goods (Till),Electronics,Feature Phone,10222.36,55,143489.68,Completed
TXN0003768,2024-12-12 07:42:16,CUST00635,Rotich Njuguna,Male,67,Bungoma,0710227601,M-Pesa,Pay Bill,School Fees,Android,118966.65,105,175146.83,Completed
TXN0004799,2024-12-12 09:10:45,CUST00602,Maina Langat,Male,65,Kisumu,0790028744,M-Pesa,Send Money,N/A,Android,52005.59,105,58233.76,Completed
TXN0005228,2024-12-12 11:31:12,CUST00651,Omondi Amollo,Female,63,Nairobi,0740708143,Equitel,Pay Bill,Water Utility,Android,31411.87,108,166986.29,Completed
TXN0005410,2024-12-12 12:28:05,CUST00700,Rotich Chepkwony,Female,25,Nairobi,0722125819,M-Pesa,Buy Goods (Till),Restaurant,Android,15696.89,55,210848.27,Completed
TXN0003968,2024-12-12 12:32:05,CUST00474,Kirui Barasa,Male,53,Mombasa,0790835400,M-Pesa,Airtime Purchase,N/A,iOS,408.12,0.0,201358.19,Completed
TXN0003371,2024-12-12 14:30:58,CUST00032,Akinyi Njuguna,Male,37,Nakuru,0722327634,M-Pesa,Withdraw Cash,N/A,Android,7176.12,62,180277.22,Completed
TXN0000280,2024-12-12 14:57:11,CUST00451,Chelagat Ochieng,Male,38,Nairobi,0740783244,Airtel Money,Send Money,N/A,Android,15220.11,62,84313.65,Completed
TXN0005728,2024-12-12 15:07:12,CUST00543,Auma Karanja,Female,36,Nyeri,0768986777,Airtel Money,Send Money,N/A,Android,31292.01,108,232212.4,Completed
TXN0001079,2024-12-12 15:40:56,CUST00440,Auma Njoroge,Female,26,Nairobi,0722754053,M-Pesa,Buy Goods (Till),Restaurant,Feature Phone,12264.69,0.0,249113.97,Reversed
TXN0000700,2024-12-12 18:26:05,CUST00163,Cherono Onyango,Male,61,Machakos,0722817754,Airtel Money,Buy Goods (Till),Fuel Station,Android,1033.76,33,171109.91,Completed
TXN0004436,2024-12-12 19:43:15,CUST00337,Cherono Kiplagat,Female,29,Uasin Gishu,0740878581,Airtel Money,Deposit Cash,N/A,Feature Phone,59960.54,0.0,83822.16,Completed
TXN0000346,2024-12-12 20:47:34,CUST00354,Barasa Musyoka,Male,58,Kiambu,0111882163,M-Pesa,Send Money,N/A,Android,33679.57,105,143496.25,Completed
TXN0003956,2024-12-12 20:48:19,CUST00781,Mwangi Mwangi,Male,18,Nairobi,0723521053,Airtel Money,Airtime Purchase,N/A,Android,1217.35,0.0,108195.15,Completed
TXN0000882,2024-12-12 21:53:51,CUST00260,Gitau Onyango,Female,42,Nyeri,0740376649,M-Pesa,Pay Bill,Loan Repayment,Android,120053.44,108,29119.73,Completed
TXN0005479,2024-12-12 23:25:53,CUST00468,Wambui Langat,Female,36,Mombasa,0790979677,Airtel Money,Pay Bill,Loan Repayment,Android,10091.77,87,15257.03,Completed
TXN0003415,2024-12-13 01:25:32,CUST00538,Wanjiku Njoroge,Male,25,Kajiado,0740826646,Airtel Money,Withdraw Cash,N/A,Android,24623.55,108,103914.73,Completed
TXN0005910,2024-12-13 07:21:52,CUST00501,Cheruiyot Cheptoo,Male,55,Nairobi,0111255430,Airtel Money,Send Money,N/A,Android,61009.33,100,189536.05,Completed
TXN0000716,2024-12-13 07:25:37,CUST00653,Chebet Kiprono,Female,38,Kilifi,0722874116,M-Pesa,Pay Bill,School Fees,Android,16744.29,55,109744.76,Completed
TXN0002142,2024-12-13 08:42:00,CUST00209,Adhiambo Owuor,Female,56,Kisumu,0768208941,M-Pesa,Send Money,N/A,Android,15590.66,55,89539.16,Completed
TXN0001637,2024-12-13 11:45:52,CUST00295,Njeri Gichuru,Female,63,Kiambu,0740957154,M-Pesa,Send Money,N/A,Feature Phone,37663.1,105,117467.09,Completed
TXN0001159,2024-12-13 13:12:27,CUST00707,Wangari Ruto,Male,18,Nairobi,0722341193,Airtel Money,Pay Bill,Insurance,Feature Phone,31765.45,105,146706.63,Completed
TXN0005629,2024-12-13 13:50:05,CUST00659,Kiptoo Amollo,Female,52,Bungoma,0759455771,M-Pesa,Send Money,N/A,iOS,11969.89,62,34609.94,Completed
TXN0001555,2024-12-13 15:03:03,CUST00177,Cheruiyot Mwangi,Male,23,Kiambu,0768767310,M-Pesa,Buy Goods (Till),Pharmacy,Android,16760.89,62,245316.29,Completed
TXN0001527,2024-12-13 16:25:17,CUST00566,Wairimu Wanjala,Male,38,Nakuru,0722493105,M-Pesa,Pay Bill,Loan Repayment,Android,19404.72,0.0,38657.18,Failed
TXN0004595,2024-12-13 16:49:48,CUST00305,Wambui Chepkwony,Female,22,Kiambu,0723215936,M-Pesa,Pay Bill,Insurance,Android,21538.17,100,141873.05,Completed
TXN0004319,2024-12-13 17:25:10,CUST00345,Nasike Kiplagat,Female,52,Migori,0759496156,M-Pesa,Send Money,N/A,Android,39859.36,0.0,36604.21,Reversed
TXN0000045,2024-12-13 19:35:21,CUST00188,Nasike Ochieng,Female,46,Nyeri,0701338186,M-Pesa,Withdraw Cash,N/A,Android,28683.55,108,20947.37,Completed
TXN0003938,2024-12-14 01:52:02,CUST00397,Nasike Makau,Male,62,Machakos,0790482569,M-Pesa,Deposit Cash,N/A,Android,94986.88,0.0,234479.57,Completed
TXN0003344,2024-12-14 07:14:48,CUST00199,Maina Gichuru,Male,44,Homa Bay,0790818278,M-Pesa,Send Money,N/A,Android,54483.34,105,119783.72,Completed
TXN0005355,2024-12-14 08:38:12,CUST00277,Nasike Wabwire,Male,49,Nairobi,0768406085,M-Pesa,Deposit Cash,N/A,Feature Phone,24605.13,0.0,38959.35,Completed
TXN0005598,2024-12-14 09:32:11,CUST00595,Omondi Karanja,Male,26,Bungoma,0740563469,M-Pesa,Send Money,N/A,Android,43613.58,100,21287.62,Completed
TXN0001346,2024-12-14 10:32:05,CUST00572,Nafula Onyango,Female,40,Kericho,0740550753,M-Pesa,Send Money,N/A,Android,27457.44,108,166241.61,Completed
TXN0001604,2024-12-14 11:26:01,CUST00684,Wambui Otieno,Female,37,Nairobi,0111234300,M-Pesa,Deposit Cash,N/A,Feature Phone,65885.13,0.0,95773.78,Completed
TXN0001051,2024-12-14 11:39:01,CUST00192,Akinyi Njuguna,Female,23,Kakamega,0111131654,M-Pesa,Buy Goods (Till),Supermarket,Android,6919.62,55,190263.11,Completed
TXN0000261,2024-12-14 11:43:58,CUST00087,Kiprop Mwangi,Male,45,Nairobi,0111855531,M-Pesa,Pay Bill,Loan Repayment,Android,89766.37,105,182407.28,Completed
TXN0004719,2024-12-14 12:00:22,CUST00101,Jelagat Ochieng,Male,69,Turkana,0111906079,M-Pesa,Deposit Cash,N/A,Android,119337.09,0.0,212441.08,Completed
TXN0002110,2024-12-14 12:54:44,CUST00623,Wangari Makau,Female,45,Kilifi,0723032120,Airtel Money,Send Money,N/A,Android,48460.66,108,25676.87,Completed
TXN0003527,2024-12-14 13:38:52,CUST00381,Nabwire Kiprono,Male,45,Bomet,0111416562,M-Pesa,Send Money,N/A,Android,40229.18,105,148669.34,Completed
TXN0002191,2024-12-14 15:20:24,CUST00382,Waweru Wabwire,Male,67,Nairobi,0710359138,M-Pesa,Send Money,N/A,Feature Phone,17193.97,62,163829.1,Completed
TXN0003701,2024-12-14 15:49:19,CUST00379,Nyokabi Musyoka,Female,43,Kilifi,0722336295,Airtel Money,Send Money,N/A,Android,35630.3,105,141941.45,Completed
TXN0004667,2024-12-14 16:56:29,CUST00678,Mwangi Njoroge,Male,36,Nairobi,0768430699,Equitel,Withdraw Cash,N/A,Android,8735.12,62,112670.57,Completed
TXN0002165,2024-12-14 17:25:32,CUST00498,Nyokabi Wekesa,Male,19,Kisumu,0722485926,M-Pesa,Buy Goods (Till),Supermarket,iOS,14612.56,62,99532.12,Completed
TXN0001800,2024-12-14 21:50:30,CUST00329,Nabwire Kamau,Female,34,Nairobi,0759102989,Airtel Money,Deposit Cash,N/A,Feature Phone,36730.47,0.0,85524.13,Completed
TXN0000556,2024-12-14 22:11:06,CUST00414,Waweru Njuguna,Female,68,Kiambu,0740167781,M-Pesa,Send Money,N/A,Android,16563.2,55,178733.45,Completed
TXN0005829,2024-12-15 04:24:41,CUST00308,Wairimu Njoroge,Male,34,Nyeri,0723788685,M-Pesa,Send Money,N/A,Android,20676.13,108,73471.38,Completed
TXN0005566,2024-12-15 07:32:28,CUST00267,Njeri Amollo,Male,20,Kiambu,0790455461,Equitel,Deposit Cash,N/A,Android,27255.83,0.0,158439.8,Completed
TXN0000270,2024-12-15 08:24:15,CUST00550,Mutua Kiprono,Female,69,Mombasa,0768895694,M-Pesa,Buy Goods (Till),Hardware,Feature Phone,19544.68,62,119060.87,Completed
TXN0000431,2024-12-15 09:07:19,CUST00362,Rotich Otieno,Female,41,Uasin Gishu,0768870657,Airtel Money,Buy Goods (Till),Fuel Station,Android,20424.14,105,115905.96,Completed
TXN0002036,2024-12-15 09:31:33,CUST00455,Gitau Otieno,Male,20,Trans Nzoia,0759054784,M-Pesa,Buy Goods (Till),Pharmacy,Android,22503.62,100,74710.23,Completed
TXN0002737,2024-12-15 09:48:17,CUST00586,Onyango Gichuru,Female,45,Garissa,0723397431,M-Pesa,Withdraw Cash,N/A,Android,32317.84,0.0,34978.0,Failed
TXN0002956,2024-12-15 13:01:18,CUST00672,Anyango Kamau,Male,57,Nairobi,0722777279,Airtel Money,Send Money,N/A,Feature Phone,10643.85,55,21585.97,Completed
TXN0000863,2024-12-15 14:03:50,CUST00503,Adhiambo Odhiambo,Female,70,Kilifi,0701268899,M-Pesa,Send Money,N/A,Android,57603.86,100,105768.08,Completed
TXN0003337,2024-12-15 18:41:09,CUST00191,Mwangi Kariuki,Female,60,Kericho,0759933313,M-Pesa,Deposit Cash,N/A,Android,75521.66,0.0,232282.1,Completed
TXN0000702,2024-12-15 21:07:32,CUST00235,Kibet Kiprono,Female,28,Nyeri,0768796196,Airtel Money,Pay Bill,Internet (ISP),Feature Phone,23762.12,108,132716.45,Completed
TXN0001693,2024-12-16 01:14:13,CUST00468,Wambui Langat,Female,36,Mombasa,0790979677,Airtel Money,Send Money,N/A,Android,38217.95,105,48654.58,Completed
TXN0000126,2024-12-16 02:23:42,CUST00472,Auma Waweru,Female,69,Mombasa,0710894815,M-Pesa,Send Money,N/A,Android,36116.98,108,160579.35,Completed
TXN0001366,2024-12-16 07:44:37,CUST00308,Wairimu Njoroge,Male,34,Nyeri,0723788685,M-Pesa,Withdraw Cash,N/A,Android,60875.6,105,72346.24,Completed
TXN0002795,2024-12-16 11:56:44,CUST00529,Wambui Wanjala,Male,46,Kiambu,0710206300,T-Kash,Pay Bill,Electricity (KPLC),Android,77045.08,105,70190.82,Completed
TXN0004460,2024-12-16 12:30:10,CUST00285,Kariuki Kamau,Male,51,Nyeri,0759984591,M-Pesa,Buy Goods (Till),Fuel Station,Feature Phone,8939.34,87,126269.07,Completed
TXN0004565,2024-12-16 12:51:19,CUST00735,Onyango Waweru,Female,70,Kakamega,0768032282,Airtel Money,Send Money,N/A,Feature Phone,32031.16,105,15567.18,Completed
TXN0004741,2024-12-16 13:48:48,CUST00077,Chebet Odhiambo,Female,32,Mombasa,0759366647,M-Pesa,Withdraw Cash,N/A,Android,19269.42,55,6583.31,Completed
TXN0005304,2024-12-16 15:03:25,CUST00185,Wairimu Otieno,Female,68,Bomet,0759591261,M-Pesa,Pay Bill,Rent,Android,34522.23,105,146181.25,Completed
TXN0001112,2024-12-16 15:11:56,CUST00570,Maina Chepkwony,Male,59,Bungoma,0790548571,M-Pesa,Airtime Purchase,N/A,Android,713.06,0.0,37866.7,Completed
TXN0004094,2024-12-16 16:04:54,CUST00789,Kipchoge Makau,Male,42,Kilifi,0768902074,M-Pesa,Buy Goods (Till),Restaurant,Android,4534.52,45,197716.34,Completed
TXN0001601,2024-12-16 16:19:56,CUST00016,Wafula Chepkwony,Male,46,Nairobi,0710229485,M-Pesa,Buy Goods (Till),Hardware,iOS,12416.35,55,141589.3,Completed
TXN0000135,2024-12-16 16:22:56,CUST00645,Chebet Waweru,Male,63,Nairobi,0111972248,M-Pesa,Buy Goods (Till),Restaurant,Android,21304.27,105,84167.96,Completed
TXN0003933,2024-12-16 16:29:12,CUST00677,Anyango Ruto,Female,37,Nakuru,0710529641,M-Pesa,Pay Bill,DSTV/GOTV,Android,30523.74,100,25891.15,Completed
TXN0005305,2024-12-16 18:40:31,CUST00094,Auma Onyango,Male,52,Meru,0759563374,M-Pesa,Withdraw Cash,N/A,Android,28592.74,108,202075.36,Completed
TXN0001263,2024-12-16 21:20:15,CUST00767,Ochieng Owuor,Male,28,Kilifi,0723083435,M-Pesa,Send Money,N/A,Android,15170.3,55,19560.48,Completed
TXN0005486,2024-12-17 06:41:55,CUST00158,Akinyi Sang,Female,19,Nairobi,0723105707,M-Pesa,Send Money,N/A,Android,9677.14,55,104597.18,Completed
TXN0002291,2024-12-17 07:31:01,CUST00331,Nafula Langat,Male,32,Bungoma,0768950820,M-Pesa,Pay Bill,SACCO,Feature Phone,101745.53,105,224507.57,Completed
TXN0001661,2024-12-17 09:00:26,CUST00661,Kiprop Ochieng,Male,50,Kiambu,0759196209,Airtel Money,Buy Goods (Till),Hardware,Android,5448.26,87,197864.62,Completed
TXN0005674,2024-12-17 09:44:10,CUST00280,Anyango Amollo,Female,33,Nairobi,0701848414,M-Pesa,Send Money,N/A,Android,3489.7,33,168976.74,Completed
TXN0001283,2024-12-17 09:45:11,CUST00553,Wairimu Wanjala,Male,68,Machakos,0701687413,M-Pesa,Withdraw Cash,N/A,Android,12402.78,62,110704.65,Completed
TXN0005159,2024-12-17 12:57:46,CUST00058,Mutua Odhiambo,Male,71,Kericho,0722962074,M-Pesa,Pay Bill,Rent,Feature Phone,25504.84,100,181408.5,Completed
TXN0001880,2024-12-17 13:54:20,CUST00151,Muthoni Wanjala,Female,32,Nairobi,0710449379,M-Pesa,Pay Bill,Internet (ISP),Feature Phone,22086.42,100,55975.93,Completed
TXN0004196,2024-12-17 15:24:27,CUST00450,Wairimu Wekesa,Male,28,Bungoma,0701502454,M-Pesa,Pay Bill,Insurance,Feature Phone,52034.9,100,87687.45,Completed
TXN0002595,2024-12-17 18:55:26,CUST00508,Ochieng Odhiambo,Male,71,Uasin Gishu,0759282183,M-Pesa,Send Money,N/A,Android,59692.99,105,27579.41,Completed
TXN0001174,2024-12-17 19:04:26,CUST00215,Kariuki Kiplagat,Male,50,Nakuru,0701811786,M-Pesa,Buy Goods (Till),Fuel Station,Feature Phone,25169.76,100,108236.39,Completed
TXN0005886,2024-12-17 23:24:31,CUST00518,Muthoni Wekesa,Male,54,Nairobi,0759494617,M-Pesa,Withdraw Cash,N/A,Feature Phone,20206.83,100,46709.78,Completed
TXN0003193,2024-12-17 23:25:28,CUST00437,Anyango Njuguna,Female,18,Kisumu,0701447802,M-Pesa,Send Money,N/A,Android,40461.02,100,212621.88,Completed
TXN0000656,2024-12-17 23:30:33,CUST00082,Cherono Cheptoo,Male,27,Trans Nzoia,0759216007,M-Pesa,Withdraw Cash,N/A,Android,26687.22,108,136516.16,Completed
TXN0004729,2024-12-17 23:32:31,CUST00502,Waweru Odhiambo,Female,52,Kiambu,0768464710,M-Pesa,Pay Bill,Loan Repayment,Feature Phone,35244.14,108,134789.64,Completed
TXN0003297,2024-12-18 00:16:45,CUST00377,Kamau Kiplagat,Female,59,Migori,0723328680,Airtel Money,Airtime Purchase,N/A,Android,981.6,0.0,25804.74,Completed
TXN0004228,2024-12-18 04:25:02,CUST00200,Omondi Njuguna,Female,58,Kiambu,0768307747,M-Pesa,Deposit Cash,N/A,Feature Phone,40169.56,0.0,78442.12,Failed
TXN0000621,2024-12-18 08:42:47,CUST00152,Maina Omollo,Male,61,Kilifi,0723553918,Airtel Money,Send Money,N/A,Android,10164.86,62,239265.65,Completed
TXN0002128,2024-12-18 09:34:52,CUST00669,Kirui Njuguna,Male,65,Kiambu,0111726719,Airtel Money,Buy Goods (Till),Supermarket,Android,8411.18,55,2155.03,Completed
TXN0005779,2024-12-18 09:35:51,CUST00710,Njeri Kamau,Male,54,Kajiado,0768117762,M-Pesa,Deposit Cash,N/A,Android,47798.91,0.0,218500.66,Completed
TXN0001144,2024-12-18 09:41:06,CUST00058,Mutua Odhiambo,Male,71,Kericho,0722962074,M-Pesa,Buy Goods (Till),Fuel Station,Feature Phone,11606.91,0.0,104421.01,Failed
TXN0001153,2024-12-18 09:57:09,CUST00704,Chelagat Kimani,Male,27,Kiambu,0768479814,M-Pesa,Pay Bill,Rent,Android,79494.71,100,181088.72,Completed
TXN0002699,2024-12-18 10:04:34,CUST00456,Simiyu Makau,Male,44,Migori,0710329061,M-Pesa,Buy Goods (Till),Hardware,Android,24186.05,105,78299.66,Completed
TXN0004743,2024-12-18 13:10:12,CUST00699,Chebet Chepkwony,Male,65,Kajiado,0723245413,M-Pesa,Withdraw Cash,N/A,Android,6952.23,55,154056.82,Completed
TXN0001919,2024-12-18 14:51:11,CUST00217,Kibet Omollo,Male,44,Homa Bay,0111203591,Airtel Money,Send Money,N/A,iOS,45713.85,105,212866.55,Completed
TXN0001457,2024-12-18 17:58:41,CUST00549,Chelagat Sang,Female,18,Nairobi,0701350373,M-Pesa,Deposit Cash,N/A,Android,30738.03,0.0,197790.93,Completed
TXN0005161,2024-12-18 19:53:02,CUST00430,Ochieng Odhiambo,Female,20,Nairobi,0759694983,M-Pesa,Send Money,N/A,Android,16732.69,62,15529.19,Completed
TXN0001995,2024-12-18 21:07:43,CUST00123,Kiprop Gichuru,Female,61,Bomet,0111675221,M-Pesa,Send Money,N/A,Feature Phone,25932.7,105,79278.45,Completed
TXN0003589,2024-12-18 21:59:39,CUST00602,Maina Langat,Male,65,Kisumu,0790028744,M-Pesa,Buy Goods (Till),Fuel Station,Android,16264.66,62,154653.25,Completed
TXN0005216,2024-12-18 23:21:10,CUST00233,Wairimu Barasa,Female,29,Mombasa,0723060436,Airtel Money,Airtime Purchase,N/A,Android,988.12,0.0,69885.48,Completed
TXN0003994,2024-12-19 00:37:35,CUST00019,Mumbi Musyoka,Male,50,Homa Bay,0759190156,M-Pesa,Pay Bill,Insurance,Android,46748.55,108,156064.89,Completed
TXN0003017,2024-12-19 04:39:31,CUST00321,Waweru Kiprono,Male,34,Mombasa,0740905520,M-Pesa,Pay Bill,School Fees,Android,90717.1,100,105640.65,Completed
TXN0000351,2024-12-19 06:43:15,CUST00503,Adhiambo Odhiambo,Female,70,Kilifi,0701268899,M-Pesa,Send Money,N/A,Android,20195.93,105,202726.84,Completed
TXN0003783,2024-12-19 08:25:00,CUST00113,Akinyi Ruto,Male,33,Uasin Gishu,0710609055,Equitel,Deposit Cash,N/A,Android,15956.24,0.0,30754.1,Completed
TXN0003450,2024-12-19 09:23:44,CUST00677,Anyango Ruto,Female,37,Nakuru,0710529641,M-Pesa,Pay Bill,Loan Repayment,Android,81055.64,105,177082.07,Completed
TXN0000009,2024-12-19 10:19:05,CUST00189,Ochieng Wekesa,Male,53,Nairobi,0759447616,M-Pesa,Pay Bill,SACCO,Feature Phone,55474.17,105,234305.97,Completed
TXN0002532,2024-12-19 10:31:27,CUST00463,Njoroge Waweru,Male,61,Kisumu,0710447010,Airtel Money,Airtime Purchase,N/A,Feature Phone,1399.06,0.0,32392.37,Completed
TXN0001351,2024-12-19 11:19:01,CUST00169,Cheruiyot Kiprono,Male,18,Nairobi,0701366644,M-Pesa,Buy Goods (Till),Restaurant,Android,2301.81,33,29207.29,Completed
TXN0004226,2024-12-19 12:21:41,CUST00481,Nasike Ruto,Male,37,Meru,0710885737,M-Pesa,Send Money,N/A,Feature Phone,9959.83,55,234434.13,Completed
TXN0005798,2024-12-19 13:36:56,CUST00408,Wairimu Ruto,Male,53,Kiambu,0710985138,M-Pesa,Buy Goods (Till),Electronics,Android,19902.78,55,808.23,Completed
TXN0001754,2024-12-19 14:10:54,CUST00710,Njeri Kamau,Male,54,Kajiado,0768117762,M-Pesa,Pay Bill,School Fees,Android,130005.03,100,170187.36,Completed
TXN0002587,2024-12-19 15:04:20,CUST00276,Nyambura Ochieng,Male,44,Homa Bay,0701861330,M-Pesa,Pay Bill,Loan Repayment,Feature Phone,96635.31,108,40381.33,Completed
TXN0002087,2024-12-19 16:24:43,CUST00707,Wangari Ruto,Male,18,Nairobi,0722341193,Airtel Money,Airtime Purchase,N/A,Feature Phone,991.29,0.0,1563.09,Completed
TXN0005457,2024-12-19 16:41:12,CUST00413,Kibet Chepkwony,Male,59,Nairobi,0790544659,M-Pesa,Send Money,N/A,Android,27428.26,100,110723.17,Completed
TXN0002151,2024-12-19 16:51:54,CUST00661,Kiprop Ochieng,Male,50,Kiambu,0759196209,Airtel Money,Pay Bill,School Fees,Android,26204.98,105,211253.94,Completed
TXN0004700,2024-12-19 17:31:54,CUST00510,Nasike Odhiambo,Female,33,Bomet,0710378096,Airtel Money,Send Money,N/A,Android,44395.0,100,44746.49,Completed
TXN0000943,2024-12-19 19:47:44,CUST00597,Nyambura Owuor,Male,42,Kilifi,0759351754,T-Kash,Pay Bill,Loan Repayment,Android,19653.21,55,177871.72,Completed
TXN0004016,2024-12-19 21:58:52,CUST00677,Anyango Ruto,Female,37,Nakuru,0710529641,M-Pesa,Send Money,N/A,Android,28408.54,100,139273.44,Completed
TXN0000921,2024-12-19 23:29:47,CUST00046,Kagwe Owuor,Male,59,Kiambu,0759748532,T-Kash,Pay Bill,Internet (ISP),Android,83577.62,100,6661.35,Completed
TXN0005944,2024-12-20 06:48:01,CUST00657,Rotich Kimani,Female,46,Nakuru,0723116925,Equitel,Pay Bill,Insurance,Android,61052.69,100,44563.07,Completed
TXN0001517,2024-12-20 08:21:45,CUST00716,Moraa Njoroge,Female,38,Kilifi,0111970471,Airtel Money,Send Money,N/A,Android,28918.39,108,155724.41,Completed
TXN0001678,2024-12-20 08:46:10,CUST00377,Kamau Kiplagat,Female,59,Migori,0723328680,Airtel Money,Send Money,N/A,Android,29561.13,105,58000.06,Completed
TXN0000511,2024-12-20 09:14:32,CUST00598,Rotich Wabwire,Female,68,Uasin Gishu,0722284224,M-Pesa,Deposit Cash,N/A,Android,28629.37,0.0,175195.01,Completed
TXN0005768,2024-12-20 09:24:43,CUST00408,Wairimu Ruto,Male,53,Kiambu,0710985138,M-Pesa,Send Money,N/A,Android,31651.34,108,155591.61,Completed
TXN0005932,2024-12-20 09:52:20,CUST00363,Ochieng Ochieng,Male,24,Nyeri,0759316595,M-Pesa,Send Money,N/A,Feature Phone,26183.4,108,195305.29,Completed
TXN0003427,2024-12-20 10:19:55,CUST00137,Nasike Amollo,Female,19,Nakuru,0723957760,M-Pesa,Send Money,N/A,iOS,30877.27,108,44330.29,Completed
TXN0002917,2024-12-20 11:37:06,CUST00148,Cheruiyot Wekesa,Female,18,Nyeri,0790571888,M-Pesa,Pay Bill,Electricity (KPLC),Android,79342.49,100,1573.04,Completed
TXN0000655,2024-12-20 13:31:37,CUST00597,Nyambura Owuor,Male,42,Kilifi,0759351754,T-Kash,Withdraw Cash,N/A,Android,13465.49,87,188710.16,Completed
TXN0004711,2024-12-20 13:49:17,CUST00489,Anyango Kiplagat,Male,51,Kakamega,0723136978,M-Pesa,Buy Goods (Till),Fuel Station,Android,3789.87,40,103562.7,Completed
TXN0003423,2024-12-20 14:25:33,CUST00086,Waweru Kiplagat,Male,32,Nakuru,0701373329,M-Pesa,Withdraw Cash,N/A,Android,14005.13,62,96230.29,Completed
TXN0003113,2024-12-20 17:00:49,CUST00670,Waweru Owuor,Female,63,Garissa,0740389430,M-Pesa,Withdraw Cash,N/A,Feature Phone,29097.3,108,28983.94,Completed
TXN0002412,2024-12-20 18:41:36,CUST00525,Kamau Njoroge,Female,27,Nairobi,0710027499,M-Pesa,Deposit Cash,N/A,Android,88635.31,0.0,232436.92,Completed
TXN0005523,2024-12-20 20:43:03,CUST00089,Nabwire Omollo,Female,69,Mombasa,0759986609,Airtel Money,Buy Goods (Till),Pharmacy,Android,8137.44,87,64588.44,Completed
TXN0003990,2024-12-20 21:07:20,CUST00314,Moraa Karanja,Male,26,Mombasa,0740062137,M-Pesa,Send Money,N/A,Android,37744.62,105,113428.7,Completed
TXN0001449,2024-12-20 21:48:53,CUST00220,Wanjiku Sang,Female,60,Nakuru,0790152409,M-Pesa,Airtime Purchase,N/A,Android,428.37,0.0,238587.46,Completed
TXN0003139,2024-12-21 04:14:51,CUST00269,Rotich Kariuki,Female,67,Kisumu,0722501801,M-Pesa,Buy Goods (Till),Electronics,Android,9172.39,87,159419.54,Completed
TXN0000885,2024-12-21 08:14:19,CUST00725,Onyango Otieno,Female,52,Nairobi,0701125970,Airtel Money,Deposit Cash,N/A,Feature Phone,36614.27,0.0,139578.06,Completed
TXN0001746,2024-12-21 11:34:25,CUST00788,Otieno Cheptoo,Male,64,Nairobi,0723646327,Airtel Money,Send Money,N/A,Feature Phone,54163.98,100,128435.38,Completed
TXN0001723,2024-12-21 11:54:04,CUST00439,Maina Sang,Female,36,Kakamega,0710596231,M-Pesa,Pay Bill,SACCO,Android,88235.83,108,100169.69,Completed
TXN0002793,2024-12-21 12:16:12,CUST00211,Kamau Gichuru,Male,43,Kisumu,0759744651,M-Pesa,Send Money,N/A,Android,35210.11,105,15196.97,Completed
TXN0002493,2024-12-21 18:42:35,CUST00201,Kariuki Mutiso,Female,55,Nairobi,0723746305,M-Pesa,Withdraw Cash,N/A,Android,45371.15,100,166048.27,Completed
TXN0002391,2024-12-21 18:52:55,CUST00194,Wafula Amollo,Male,42,Bomet,0759644741,M-Pesa,Send Money,N/A,Feature Phone,34868.14,0.0,43262.35,Reversed
TXN0003070,2024-12-21 20:26:28,CUST00586,Onyango Gichuru,Female,45,Garissa,0723397431,M-Pesa,Send Money,N/A,Android,29354.29,108,117187.28,Completed
TXN0001043,2024-12-21 20:36:29,CUST00002,Kiptoo Njoroge,Male,63,Kakamega,0759442871,M-Pesa,Withdraw Cash,N/A,Android,26338.97,108,204486.23,Completed
TXN0000740,2024-12-21 22:16:04,CUST00705,Auma Wekesa,Female,67,Nakuru,0111449661,T-Kash,Buy Goods (Till),Clothing,iOS,6704.98,62,59704.28,Completed
TXN0002749,2024-12-22 02:35:56,CUST00674,Nyokabi Wabwire,Male,61,Nairobi,0759882420,M-Pesa,Pay Bill,Loan Repayment,Android,59110.98,100,180370.98,Completed
TXN0001034,2024-12-22 05:34:06,CUST00086,Waweru Kiplagat,Male,32,Nakuru,0701373329,M-Pesa,Withdraw Cash,N/A,Android,11935.1,55,72190.97,Completed
TXN0001266,2024-12-22 05:35:18,CUST00304,Wambui Cheptoo,Female,50,Nairobi,0710281178,Airtel Money,Buy Goods (Till),Hardware,iOS,23609.67,108,199290.82,Completed
TXN0003352,2024-12-22 07:45:58,CUST00116,Njoroge Njoroge,Male,20,Bungoma,0722333840,M-Pesa,Send Money,N/A,Android,48526.69,108,211364.68,Completed
TXN0004655,2024-12-22 08:46:44,CUST00252,Cherono Makau,Female,44,Machakos,0723128778,Airtel Money,Buy Goods (Till),Fuel Station,Android,11987.34,62,84607.89,Completed
TXN0001980,2024-12-22 09:02:31,CUST00773,Njoroge Amollo,Male,55,Nairobi,0701346023,M-Pesa,Send Money,N/A,Feature Phone,13245.84,62,53861.04,Completed
TXN0002220,2024-12-22 09:26:48,CUST00061,Wafula Owuor,Male,41,Machakos,0701672594,M-Pesa,Buy Goods (Till),Fuel Station,Android,2112.79,45,134963.22,Completed
TXN0003562,2024-12-22 13:31:01,CUST00219,Chelagat Sang,Female,30,Nyeri,0759720423,Airtel Money,Pay Bill,DSTV/GOTV,Feature Phone,27019.81,100,115417.43,Completed
TXN0000745,2024-12-22 13:35:43,CUST00232,Mumbi Mutiso,Male,69,Kilifi,0111907955,M-Pesa,Send Money,N/A,iOS,20294.77,100,239052.65,Completed
TXN0004222,2024-12-22 13:43:44,CUST00227,Mwangi Otieno,Female,47,Nairobi,0768830612,M-Pesa,Send Money,N/A,Android,11832.0,87,194742.97,Completed
TXN0005733,2024-12-22 14:34:55,CUST00728,Simiyu Waweru,Male,40,Homa Bay,0768858175,M-Pesa,Pay Bill,Electricity (KPLC),Android,33126.72,100,50118.56,Completed
TXN0002526,2024-12-22 14:57:18,CUST00371,Maina Wanjala,Female,54,Kisumu,0740471347,M-Pesa,Buy Goods (Till),Fuel Station,Android,20642.64,105,77874.6,Completed
TXN0000489,2024-12-22 15:09:50,CUST00661,Kiprop Ochieng,Male,50,Kiambu,0759196209,Airtel Money,Buy Goods (Till),Hardware,Android,16282.65,55,85863.44,Completed
TXN0001077,2024-12-22 16:04:24,CUST00746,Wafula Odhiambo,Male,72,Turkana,0790917512,M-Pesa,Buy Goods (Till),Hardware,Android,6159.37,55,84348.78,Completed
TXN0001795,2024-12-22 16:32:20,CUST00472,Auma Waweru,Female,69,Mombasa,0710894815,M-Pesa,Buy Goods (Till),Clothing,Android,19638.29,55,109824.01,Completed
TXN0001737,2024-12-22 20:56:16,CUST00424,Wairimu Sang,Female,18,Mombasa,0759953392,M-Pesa,Buy Goods (Till),Electronics,Android,16958.99,62,157468.73,Completed
TXN0001518,2024-12-22 21:32:52,CUST00051,Wafula Barasa,Male,32,Nakuru,0790052956,M-Pesa,Send Money,N/A,Feature Phone,41695.09,100,52464.15,Completed
TXN0004003,2024-12-22 22:43:40,CUST00261,Kemboi Karanja,Male,53,Nairobi,0723477599,Airtel Money,Buy Goods (Till),Fuel Station,Android,16469.18,55,42676.15,Completed
TXN0001150,2024-12-23 03:37:15,CUST00121,Muthoni Kiplagat,Female,66,Nairobi,0710536217,M-Pesa,Send Money,N/A,Android,58576.15,105,166366.15,Completed
TXN0001088,2024-12-23 06:14:56,CUST00650,Ndungu Mutiso,Male,37,Kisumu,0723285622,T-Kash,Send Money,N/A,Android,35678.04,100,78781.76,Completed
TXN0005082,2024-12-23 07:17:00,CUST00273,Barasa Kimani,Male,32,Mombasa,0790208883,M-Pesa,Send Money,N/A,Android,40959.72,108,63077.42,Completed
TXN0004465,2024-12-23 14:43:52,CUST00735,Onyango Waweru,Female,70,Kakamega,0768032282,Airtel Money,Deposit Cash,N/A,Feature Phone,109814.28,0.0,132568.15,Completed
TXN0000529,2024-12-23 14:44:48,CUST00288,Nafula Ruto,Female,61,Nairobi,0710563134,M-Pesa,Buy Goods (Till),Fuel Station,Android,17851.24,87,151323.97,Completed
TXN0002284,2024-12-23 15:37:35,CUST00713,Kipchoge Amollo,Female,65,Trans Nzoia,0723843681,Airtel Money,Send Money,N/A,Android,19561.77,87,48617.49,Completed
TXN0003021,2024-12-23 16:21:28,CUST00797,Chebet Otieno,Male,49,Kisumu,0111438900,M-Pesa,Airtime Purchase,N/A,Feature Phone,788.68,0.0,22465.55,Completed
TXN0002849,2024-12-23 18:56:57,CUST00445,Simiyu Ruto,Male,53,Nairobi,0740900867,M-Pesa,Send Money,N/A,Android,50098.9,108,113440.07,Completed
TXN0001881,2024-12-23 19:19:37,CUST00724,Chebet Mwangi,Female,29,Nyeri,0768713394,M-Pesa,Buy Goods (Till),Pharmacy,Android,22671.28,108,225530.04,Completed
TXN0005280,2024-12-23 20:36:40,CUST00734,Rotich Kiplagat,Male,50,Uasin Gishu,0722682751,Airtel Money,Buy Goods (Till),Clothing,iOS,1653.85,33,84939.75,Completed
TXN0002806,2024-12-23 21:19:22,CUST00706,Gitau Chepkwony,Female,49,Kisumu,0701583545,M-Pesa,Buy Goods (Till),Clothing,Feature Phone,23044.92,105,144934.77,Completed
TXN0001221,2024-12-23 22:30:05,CUST00498,Nyokabi Wekesa,Male,19,Kisumu,0722485926,M-Pesa,Withdraw Cash,N/A,iOS,14985.51,87,114023.7,Completed
TXN0001444,2024-12-24 02:07:21,CUST00078,Achieng Barasa,Male,49,Nairobi,0740814679,M-Pesa,Pay Bill,DSTV/GOTV,Feature Phone,51816.77,105,79053.34,Completed
TXN0001483,2024-12-24 05:47:13,CUST00094,Auma Onyango,Male,52,Meru,0759563374,M-Pesa,Pay Bill,DSTV/GOTV,Android,22708.12,108,111684.59,Completed
TXN0004038,2024-12-24 06:26:38,CUST00482,Auma Cheptoo,Male,62,Nairobi,0740329471,M-Pesa,Send Money,N/A,Android,49292.47,108,145139.3,Completed
TXN0002745,2024-12-24 08:24:22,CUST00398,Kariuki Gichuru,Female,29,Garissa,0740790061,Airtel Money,Pay Bill,Loan Repayment,Feature Phone,23815.9,108,13032.62,Completed
TXN0002552,2024-12-24 09:06:09,CUST00148,Cheruiyot Wekesa,Female,18,Nyeri,0790571888,M-Pesa,Buy Goods (Till),Electronics,Android,10396.93,87,201974.27,Completed
TXN0003176,2024-12-24 09:26:03,CUST00226,Nafula Kimani,Female,59,Nairobi,0790909168,M-Pesa,Send Money,N/A,Feature Phone,42550.25,105,20404.88,Completed
TXN0003563,2024-12-24 11:07:44,CUST00278,Kemboi Cheptoo,Male,39,Kisumu,0723474661,Airtel Money,Withdraw Cash,N/A,Feature Phone,38833.27,100,69541.24,Completed
TXN0001358,2024-12-24 12:14:54,CUST00094,Auma Onyango,Male,52,Meru,0759563374,M-Pesa,Airtime Purchase,N/A,Android,206.47,0.0,118075.36,Completed
TXN0004707,2024-12-24 15:13:44,CUST00145,Nasike Kimani,Female,30,Kilifi,0790369055,M-Pesa,Withdraw Cash,N/A,iOS,22031.55,105,112616.72,Completed
TXN0002156,2024-12-24 15:17:37,CUST00615,Kariuki Kiplagat,Female,22,Nairobi,0740744218,M-Pesa,Withdraw Cash,N/A,Android,30507.31,108,57528.78,Completed
TXN0000364,2024-12-24 16:19:11,CUST00412,Onyango Musyoka,Female,19,Nairobi,0723341761,M-Pesa,Send Money,N/A,Feature Phone,10212.81,87,64546.32,Completed
TXN0000825,2024-12-24 17:02:09,CUST00520,Barasa Omollo,Female,57,Mombasa,0740364013,M-Pesa,Buy Goods (Till),Supermarket,Android,17960.15,62,22916.43,Completed
TXN0003911,2024-12-24 17:20:40,CUST00783,Nyambura Owuor,Male,65,Meru,0740426946,M-Pesa,Buy Goods (Till),Electronics,Android,22997.69,105,201766.63,Completed
TXN0000448,2024-12-24 17:35:36,CUST00620,Kirui Njoroge,Male,47,Nairobi,0790630235,Equitel,Deposit Cash,N/A,Android,26393.8,0.0,47048.76,Completed
TXN0005505,2024-12-24 18:42:33,CUST00704,Chelagat Kimani,Male,27,Kiambu,0768479814,M-Pesa,Airtime Purchase,N/A,Android,304.64,0.0,55630.33,Completed
TXN0000897,2024-12-24 20:11:16,CUST00649,Chebet Onyango,Male,18,Kisumu,0701382261,M-Pesa,Send Money,N/A,Feature Phone,10571.08,55,216682.72,Completed
TXN0005420,2024-12-24 22:10:19,CUST00263,Nasike Karanja,Male,30,Kisumu,0768548193,Equitel,Airtime Purchase,N/A,Feature Phone,1031.62,0.0,163457.61,Completed
TXN0002167,2024-12-24 23:16:19,CUST00681,Kiprop Sang,Female,45,Nairobi,0710712127,M-Pesa,Pay Bill,Rent,Android,9154.1,87,40366.26,Completed
TXN0005594,2024-12-25 07:54:59,CUST00653,Chebet Kiprono,Female,38,Kilifi,0722874116,M-Pesa,Buy Goods (Till),Fuel Station,Android,16385.52,0.0,151373.77,Failed
TXN0001163,2024-12-25 08:21:22,CUST00352,Wairimu Musyoka,Male,29,Nairobi,0790881727,M-Pesa,Send Money,N/A,Feature Phone,4042.12,33,143171.63,Completed
TXN0000222,2024-12-25 08:22:39,CUST00522,Wanjiku Kariuki,Male,50,Machakos,0790961801,M-Pesa,Buy Goods (Till),Supermarket,Android,4714.6,45,76160.24,Completed
TXN0004588,2024-12-25 11:52:46,CUST00131,Wangari Kiplagat,Female,25,Kiambu,0740109849,Airtel Money,Send Money,N/A,Feature Phone,35442.17,105,64572.81,Completed
TXN0004956,2024-12-25 12:45:26,CUST00552,Gitau Onyango,Female,61,Meru,0790733896,M-Pesa,Withdraw Cash,N/A,Android,47978.65,105,50844.41,Completed
TXN0005005,2024-12-25 14:23:08,CUST00169,Cheruiyot Kiprono,Male,18,Nairobi,0701366644,M-Pesa,Withdraw Cash,N/A,Android,36573.17,108,88730.17,Completed
TXN0003999,2024-12-25 14:40:08,CUST00261,Kemboi Karanja,Male,53,Nairobi,0723477599,Airtel Money,Deposit Cash,N/A,Android,6965.8,0.0,16917.86,Completed
TXN0000206,2024-12-25 15:42:45,CUST00353,Wafula Kiplagat,Male,65,Kilifi,0759623991,M-Pesa,Pay Bill,Internet (ISP),Feature Phone,61169.98,105,94494.69,Completed
TXN0000875,2024-12-25 15:45:27,CUST00223,Chebet Wekesa,Male,46,Mombasa,0768137448,M-Pesa,Airtime Purchase,N/A,Feature Phone,920.28,0.0,239172.75,Failed
TXN0003106,2024-12-25 16:45:19,CUST00321,Waweru Kiprono,Male,34,Mombasa,0740905520,M-Pesa,Airtime Purchase,N/A,Android,767.87,0.0,125677.11,Completed
TXN0002336,2024-12-25 18:13:24,CUST00656,Kariuki Barasa,Female,62,Machakos,0710636767,Airtel Money,Reversal,N/A,Android,15978.06,0.0,220735.85,Completed
TXN0005858,2024-12-25 18:34:01,CUST00609,Auma Cheptoo,Male,31,Kiambu,0701153274,M-Pesa,Send Money,N/A,iOS,40076.89,105,200301.47,Completed
TXN0004530,2024-12-25 19:57:53,CUST00080,Wairimu Karanja,Female,59,Nakuru,0768299802,M-Pesa,Send Money,N/A,iOS,19242.91,87,148390.38,Completed
TXN0004442,2024-12-25 20:02:44,CUST00270,Nasike Langat,Female,27,Nairobi,0722366261,Airtel Money,Send Money,N/A,Android,11762.28,0.0,65075.0,Failed
TXN0003804,2024-12-25 20:36:09,CUST00434,Rotich Kiplagat,Male,35,Kilifi,0111272039,M-Pesa,Send Money,N/A,Feature Phone,60818.83,100,129704.76,Completed
TXN0002193,2024-12-25 22:40:23,CUST00275,Kipchoge Ochieng,Female,43,Nakuru,0701238767,M-Pesa,Buy Goods (Till),Electronics,Android,17230.02,55,165337.61,Completed
TXN0004220,2024-12-26 07:28:14,CUST00393,Ndungu Karanja,Male,49,Nairobi,0701446082,M-Pesa,Airtime Purchase,N/A,Feature Phone,213.34,0.0,155210.76,Completed
TXN0003458,2024-12-26 08:42:27,CUST00717,Nasike Njuguna,Female,72,Nairobi,0710148078,Airtel Money,Send Money,N/A,Android,26981.39,108,42314.87,Completed
TXN0004934,2024-12-26 10:35:35,CUST00291,Wangari Owuor,Female,68,Bungoma,0790603476,T-Kash,Send Money,N/A,Android,27797.0,100,186592.03,Completed
TXN0005282,2024-12-26 10:46:03,CUST00605,Nyokabi Omollo,Female,44,Mombasa,0768762550,M-Pesa,Withdraw Cash,N/A,iOS,43366.92,105,222784.96,Completed
TXN0002266,2024-12-26 13:00:41,CUST00257,Waweru Karanja,Female,42,Kericho,0701246831,M-Pesa,Buy Goods (Till),Electronics,Android,8185.38,87,225598.51,Completed
TXN0005687,2024-12-26 13:59:04,CUST00800,Kagwe Omollo,Male,70,Nairobi,0722110362,M-Pesa,Buy Goods (Till),Electronics,Android,14959.59,55,140617.29,Completed
TXN0004486,2024-12-26 14:34:55,CUST00350,Kibet Kamau,Male,27,Nairobi,0759092140,M-Pesa,Airtime Purchase,N/A,Android,1137.97,0.0,40137.14,Completed
TXN0002449,2024-12-26 14:39:22,CUST00384,Mutua Odhiambo,Male,19,Nakuru,0701184613,M-Pesa,Withdraw Cash,N/A,Android,25645.74,108,121492.6,Completed
TXN0004112,2024-12-26 17:21:46,CUST00024,Kiprop Kimani,Male,45,Kajiado,0722076275,M-Pesa,Send Money,N/A,Android,27918.29,100,75801.59,Completed
TXN0002886,2024-12-26 19:24:44,CUST00340,Nabwire Njuguna,Male,59,Kakamega,0710923574,M-Pesa,Send Money,N/A,Android,43101.54,108,217434.79,Completed
TXN0003747,2024-12-26 19:43:01,CUST00328,Auma Langat,Male,22,Homa Bay,0759289392,M-Pesa,Send Money,N/A,Android,14470.94,87,72803.35,Completed
TXN0002369,2024-12-26 20:17:47,CUST00700,Rotich Chepkwony,Female,25,Nairobi,0722125819,M-Pesa,Deposit Cash,N/A,Android,52510.25,0.0,111955.5,Completed
TXN0003258,2024-12-27 01:24:00,CUST00011,Kariuki Kamau,Female,25,Homa Bay,0790225078,Equitel,Send Money,N/A,Android,25179.77,105,53266.68,Completed
TXN0005071,2024-12-27 07:22:21,CUST00713,Kipchoge Amollo,Female,65,Trans Nzoia,0723843681,Airtel Money,Withdraw Cash,N/A,Android,19946.12,55,6678.03,Completed
TXN0003183,2024-12-27 07:49:25,CUST00095,Nabwire Waweru,Female,54,Nakuru,0768249194,M-Pesa,Deposit Cash,N/A,Android,49974.82,0.0,237007.53,Completed
TXN0001671,2024-12-27 08:47:00,CUST00522,Wanjiku Kariuki,Male,50,Machakos,0790961801,M-Pesa,Deposit Cash,N/A,Android,16530.17,0.0,204100.27,Reversed
TXN0002101,2024-12-27 09:09:13,CUST00193,Kariuki Kimani,Male,52,Meru,0710541340,M-Pesa,Send Money,N/A,Android,30308.01,100,227024.19,Completed
TXN0003652,2024-12-27 09:20:09,CUST00493,Onyango Njoroge,Female,36,Kakamega,0701558507,Equitel,Pay Bill,Electricity (KPLC),Feature Phone,94435.21,100,32779.04,Completed
TXN0000799,2024-12-27 09:55:25,CUST00204,Kiprop Kimani,Female,41,Nairobi,0111660677,M-Pesa,Send Money,N/A,Android,13455.02,62,89469.73,Completed
TXN0001973,2024-12-27 11:11:51,CUST00211,Kamau Gichuru,Male,43,Kisumu,0759744651,M-Pesa,Airtime Purchase,N/A,Android,345.91,0.0,34673.66,Completed
TXN0005150,2024-12-27 13:59:40,CUST00168,Kipchoge Wabwire,Female,52,Trans Nzoia,0722580800,M-Pesa,Send Money,N/A,Android,25503.6,100,61537.74,Completed
TXN0002029,2024-12-27 15:04:07,CUST00150,Simiyu Omollo,Female,21,Kakamega,0701345873,M-Pesa,Send Money,N/A,Feature Phone,42922.04,108,111158.19,Completed
TXN0005569,2024-12-27 15:19:02,CUST00744,Wafula Wanjala,Male,19,Kisumu,0759518123,M-Pesa,Send Money,N/A,Feature Phone,39222.0,100,232312.27,Completed
TXN0000681,2024-12-27 17:00:45,CUST00248,Kiprop Onyango,Male,53,Nakuru,0111859075,Airtel Money,Deposit Cash,N/A,Android,30482.03,0.0,239419.74,Completed
TXN0000636,2024-12-27 20:27:35,CUST00264,Omondi Mutiso,Female,63,Nairobi,0723461602,M-Pesa,Buy Goods (Till),Restaurant,Android,21523.63,105,24401.08,Completed
TXN0004287,2024-12-27 23:07:08,CUST00264,Omondi Mutiso,Female,63,Nairobi,0723461602,M-Pesa,Send Money,N/A,Android,33110.03,100,208806.03,Completed
TXN0005056,2024-12-27 23:54:08,CUST00440,Auma Njoroge,Female,26,Nairobi,0722754053,M-Pesa,Airtime Purchase,N/A,Feature Phone,1457.05,0.0,83456.45,Completed
TXN0003378,2024-12-28 01:52:15,CUST00187,Owino Kamau,Male,48,Nairobi,0768908733,Airtel Money,Buy Goods (Till),Hardware,Android,12107.73,55,190021.73,Completed
TXN0000058,2024-12-28 02:17:58,CUST00526,Onyango Musyoka,Female,25,Kericho,0710108115,M-Pesa,Pay Bill,Insurance,Feature Phone,15857.66,55,108344.41,Completed
TXN0003284,2024-12-28 06:06:26,CUST00262,Owino Omollo,Male,65,Garissa,0768732284,Airtel Money,Send Money,N/A,Android,35361.57,105,6690.55,Completed
TXN0001819,2024-12-28 06:11:31,CUST00667,Ochieng Makau,Male,37,Machakos,0701035220,M-Pesa,Send Money,N/A,Android,46469.44,108,72079.16,Completed
TXN0005073,2024-12-28 06:32:38,CUST00582,Njeri Wabwire,Female,33,Nairobi,0111360485,M-Pesa,Send Money,N/A,Android,14105.49,55,173095.9,Completed
TXN0002217,2024-12-28 07:20:42,CUST00122,Barasa Sang,Male,34,Meru,0740929418,M-Pesa,Buy Goods (Till),Pharmacy,Feature Phone,17140.21,55,147288.86,Completed
TXN0000394,2024-12-28 08:22:43,CUST00155,Nasike Otieno,Male,36,Nakuru,0710796493,Airtel Money,Buy Goods (Till),Hardware,Feature Phone,9850.69,62,79053.65,Completed
TXN0003419,2024-12-28 08:23:14,CUST00470,Chelagat Kariuki,Male,30,Nairobi,0759869934,M-Pesa,Buy Goods (Till),Supermarket,Android,2698.41,40,71573.09,Completed
TXN0002636,2024-12-28 10:43:17,CUST00080,Wairimu Karanja,Female,59,Nakuru,0768299802,M-Pesa,Buy Goods (Till),Clothing,iOS,14507.64,0.0,5994.67,Failed
TXN0002821,2024-12-28 11:25:49,CUST00117,Wambui Mutiso,Male,35,Nairobi,0111444931,M-Pesa,Buy Goods (Till),Pharmacy,Android,3170.96,0.0,66367.24,Failed
TXN0002841,2024-12-28 13:09:07,CUST00574,Kemboi Mutiso,Male,39,Nairobi,0111066049,M-Pesa,Buy Goods (Till),Electronics,Android,15780.42,55,222666.03,Completed
TXN0004463,2024-12-28 13:12:04,CUST00648,Nabwire Makau,Female,18,Kiambu,0759134779,M-Pesa,Send Money,N/A,Android,54423.06,105,191855.95,Completed
TXN0001315,2024-12-28 13:25:55,CUST00062,Cheruiyot Wekesa,Male,37,Uasin Gishu,0759428196,M-Pesa,Buy Goods (Till),Pharmacy,iOS,11131.28,62,189071.63,Completed
TXN0004086,2024-12-28 14:24:25,CUST00601,Mutua Ochieng,Female,25,Nairobi,0722536277,Airtel Money,Pay Bill,Internet (ISP),Android,96611.84,108,43333.72,Completed
TXN0003587,2024-12-28 14:54:26,CUST00345,Nasike Kiplagat,Female,52,Migori,0759496156,M-Pesa,Send Money,N/A,Android,56272.69,100,236704.22,Completed
TXN0003670,2024-12-28 15:03:50,CUST00131,Wangari Kiplagat,Female,25,Kiambu,0740109849,Airtel Money,Pay Bill,Electricity (KPLC),Feature Phone,24753.35,100,86436.44,Completed
TXN0001176,2024-12-28 15:15:47,CUST00050,Kagwe Njoroge,Male,38,Nairobi,0759961725,M-Pesa,Send Money,N/A,Android,12068.58,0.0,217423.41,Failed
TXN0001503,2024-12-28 15:55:20,CUST00083,Barasa Otieno,Male,26,Kilifi,0759104354,M-Pesa,Pay Bill,School Fees,Android,60211.86,100,103195.24,Completed
TXN0000678,2024-12-28 17:17:22,CUST00018,Njoroge Waweru,Female,62,Bomet,0759641207,M-Pesa,Withdraw Cash,N/A,Android,31587.15,108,127424.43,Completed
TXN0000581,2024-12-28 17:17:53,CUST00444,Kibet Ochieng,Female,61,Uasin Gishu,0710392010,M-Pesa,Send Money,N/A,Feature Phone,15779.58,87,119277.02,Completed
TXN0001400,2024-12-28 19:04:43,CUST00139,Jelagat Mutiso,Male,44,Nairobi,0740479870,M-Pesa,Send Money,N/A,Android,35529.56,100,226444.22,Completed
TXN0000797,2024-12-28 19:23:30,CUST00486,Muthoni Langat,Female,55,Nairobi,0723133221,Equitel,Airtime Purchase,N/A,Android,1489.91,0.0,141355.34,Reversed
TXN0004610,2024-12-28 22:12:48,CUST00672,Anyango Kamau,Male,57,Nairobi,0722777279,Airtel Money,Deposit Cash,N/A,Feature Phone,44208.9,0.0,115098.56,Completed
TXN0000837,2024-12-28 22:30:35,CUST00228,Achieng Wanjala,Male,57,Machakos,0790484034,M-Pesa,Deposit Cash,N/A,Feature Phone,25970.33,0.0,230942.8,Failed
TXN0001794,2024-12-29 00:42:00,CUST00575,Maina Onyango,Female,52,Nairobi,0723588419,M-Pesa,Airtime Purchase,N/A,Android,485.69,0.0,203869.29,Completed
TXN0003967,2024-12-29 07:43:28,CUST00400,Nyokabi Onyango,Female,64,Uasin Gishu,0722818944,M-Pesa,Withdraw Cash,N/A,Android,35586.88,108,94458.4,Completed
TXN0003650,2024-12-29 10:50:15,CUST00721,Maina Karanja,Female,46,Kakamega,0710994324,M-Pesa,Airtime Purchase,N/A,Android,825.02,0.0,221331.33,Completed
TXN0003596,2024-12-29 12:09:35,CUST00696,Omondi Karanja,Female,48,Nairobi,0710481591,M-Pesa,Pay Bill,Rent,Android,101517.44,108,208488.07,Completed
TXN0002018,2024-12-29 12:16:07,CUST00275,Kipchoge Ochieng,Female,43,Nakuru,0701238767,M-Pesa,Buy Goods (Till),Restaurant,Android,17717.48,55,176132.76,Completed
TXN0001180,2024-12-29 12:37:35,CUST00718,Moraa Owuor,Male,64,Machakos,0759937338,M-Pesa,Buy Goods (Till),Pharmacy,Feature Phone,4554.51,33,6146.65,Completed
TXN0003913,2024-12-29 12:39:30,CUST00688,Achieng Kiprono,Male,30,Nakuru,0790878533,M-Pesa,Send Money,N/A,Android,5033.04,87,10397.04,Completed
TXN0001889,2024-12-29 14:06:01,CUST00495,Kariuki Sang,Female,25,Uasin Gishu,0701665485,M-Pesa,Airtime Purchase,N/A,Android,914.04,0.0,188135.69,Completed
TXN0000212,2024-12-29 15:15:36,CUST00058,Mutua Odhiambo,Male,71,Kericho,0722962074,M-Pesa,Buy Goods (Till),Restaurant,Feature Phone,10909.22,87,45671.16,Completed
TXN0002797,2024-12-29 19:12:58,CUST00609,Auma Cheptoo,Male,31,Kiambu,0701153274,M-Pesa,Send Money,N/A,iOS,8799.22,62,173982.92,Completed
TXN0000347,2024-12-29 19:33:46,CUST00791,Ochieng Gichuru,Female,68,Nairobi,0722662883,M-Pesa,Send Money,N/A,Android,10468.17,55,155520.65,Completed
TXN0003280,2024-12-29 20:10:13,CUST00678,Mwangi Njoroge,Male,36,Nairobi,0768430699,Equitel,Withdraw Cash,N/A,Android,17470.48,55,60919.59,Completed
TXN0001690,2024-12-29 22:01:29,CUST00657,Rotich Kimani,Female,46,Nakuru,0723116925,Equitel,Pay Bill,Water Utility,Android,66060.67,108,545.56,Completed
TXN0000818,2024-12-29 22:05:54,CUST00108,Nyambura Amollo,Female,30,Bungoma,0710804397,M-Pesa,Pay Bill,DSTV/GOTV,Android,43355.55,108,162825.42,Completed
TXN0005550,2024-12-29 23:54:40,CUST00551,Kiprop Mutiso,Male,38,Nakuru,0710430915,Equitel,Send Money,N/A,iOS,20001.11,100,193819.92,Completed
TXN0003447,2024-12-30 00:12:39,CUST00645,Chebet Waweru,Male,63,Nairobi,0111972248,M-Pesa,Send Money,N/A,Android,39758.54,100,78283.68,Completed
TXN0001933,2024-12-30 09:45:52,CUST00549,Chelagat Sang,Female,18,Nairobi,0701350373,M-Pesa,Buy Goods (Till),Fuel Station,Android,5954.76,55,81143.12,Completed
TXN0001656,2024-12-30 10:21:30,CUST00711,Njoroge Ochieng,Male,27,Nairobi,0722611349,M-Pesa,Send Money,N/A,Feature Phone,18895.41,87,142813.34,Completed
TXN0002718,2024-12-30 13:03:09,CUST00310,Anyango Ruto,Male,50,Nairobi,0740886154,M-Pesa,Buy Goods (Till),Electronics,iOS,18260.57,62,3893.88,Completed
TXN0005226,2024-12-30 13:27:16,CUST00043,Onyango Langat,Male,34,Kilifi,0710697713,M-Pesa,Pay Bill,DSTV/GOTV,iOS,83858.85,100,114518.61,Completed
TXN0005552,2024-12-30 16:22:22,CUST00756,Mumbi Kiplagat,Male,25,Nairobi,0710789441,M-Pesa,Deposit Cash,N/A,Android,68099.73,0.0,155013.02,Completed
TXN0002410,2024-12-30 18:40:59,CUST00573,Kagwe Chepkwony,Male,35,Garissa,0740693632,M-Pesa,Buy Goods (Till),Restaurant,Android,10325.81,55,139125.28,Completed
TXN0005934,2024-12-30 19:05:35,CUST00621,Barasa Ochieng,Male,56,Kiambu,0768696368,M-Pesa,Pay Bill,Electricity (KPLC),Feature Phone,34472.28,100,235516.5,Completed
TXN0003088,2024-12-30 20:15:47,CUST00585,Njeri Ochieng,Female,61,Nairobi,0722230725,M-Pesa,Pay Bill,Loan Repayment,Android,26170.62,108,90766.82,Completed
TXN0003668,2024-12-30 21:09:11,CUST00366,Jelagat Onyango,Female,18,Nyeri,0790559332,Airtel Money,Buy Goods (Till),Fuel Station,Android,5671.01,55,72025.14,Completed
TXN0000284,2024-12-30 21:13:40,CUST00564,Cheruiyot Kamau,Male,54,Machakos,0790515165,M-Pesa,Withdraw Cash,N/A,Android,9677.95,62,109041.03,Completed
TXN0001535,2024-12-30 21:44:06,CUST00068,Kibet Kimani,Female,63,Turkana,0701800699,M-Pesa,Buy Goods (Till),Restaurant,Android,14612.91,62,174245.36,Completed
TXN0004059,2024-12-30 22:09:32,CUST00421,Akinyi Wekesa,Female,47,Kisumu,0759832404,M-Pesa,Buy Goods (Till),Fuel Station,Feature Phone,18404.61,0.0,111338.86,Reversed
TXN0004018,2024-12-30 22:13:18,CUST00482,Auma Cheptoo,Male,62,Nairobi,0740329471,M-Pesa,Pay Bill,Water Utility,Android,28807.26,105,31218.54,Completed
TXN0002190,2024-12-30 23:03:05,CUST00556,Onyango Mutiso,Male,33,Bungoma,0759822685,M-Pesa,Airtime Purchase,N/A,Android,1155.09,0.0,75982.22,Completed
TXN0001720,2024-12-30 23:46:21,CUST00628,Anyango Onyango,Female,28,Mombasa,0768577870,M-Pesa,Pay Bill,Rent,Feature Phone,67563.4,108,196476.08,Completed
TXN0001217,2024-12-31 08:00:09,CUST00548,Muthoni Wekesa,Male,64,Kiambu,0701748138,M-Pesa,Pay Bill,Rent,Android,68065.82,108,233992.35,Completed
TXN0002892,2024-12-31 08:02:12,CUST00439,Maina Sang,Female,36,Kakamega,0710596231,M-Pesa,Pay Bill,Loan Repayment,Android,52582.11,108,131184.16,Completed
TXN0004691,2024-12-31 08:42:35,CUST00230,Ndungu Omollo,Female,19,Turkana,0790095799,M-Pesa,Send Money,N/A,Android,12457.4,0.0,111492.68,Failed
TXN0001537,2024-12-31 10:54:49,CUST00149,Kipchoge Kiprono,Male,48,Kiambu,0740034235,M-Pesa,Buy Goods (Till),Supermarket,Android,791.23,15,11605.17,Completed
TXN0004134,2024-12-31 12:23:39,CUST00765,Nyambura Mutiso,Male,61,Nairobi,0710349640,Equitel,Airtime Purchase,N/A,Feature Phone,296.64,0.0,147868.21,Completed
TXN0002124,2024-12-31 14:16:06,CUST00110,Wangari Onyango,Female,23,Nakuru,0722307310,Airtel Money,Airtime Purchase,N/A,Android,56.36,0.0,204546.11,Completed
TXN0000002,2024-12-31 14:44:07,CUST00753,Kibet Sang,Female,40,Nakuru,0759740294,M-Pesa,Withdraw Cash,N/A,Feature Phone,49367.02,105,178283.46,Completed
TXN0004930,2024-12-31 14:50:00,CUST00693,Wairimu Ochieng,Male,18,Kakamega,0111398218,M-Pesa,Buy Goods (Till),Fuel Station,iOS,8011.57,55,16489.8,Completed
TXN0001064,2024-12-31 16:19:29,CUST00269,Rotich Kariuki,Female,67,Kisumu,0722501801,M-Pesa,Withdraw Cash,N/A,Android,13792.0,62,18122.0,Completed
TXN0002483,2024-12-31 16:31:39,CUST00695,Rotich Kimani,Female,56,Uasin Gishu,0701225871,M-Pesa,Send Money,N/A,Feature Phone,44709.12,105,187426.17,Completed
TXN0002555,2024-12-31 16:43:40,CUST00669,Kirui Njuguna,Male,65,Kiambu,0111726719,Airtel Money,Airtime Purchase,N/A,Android,447.37,0.0,48148.09,Completed
TXN0002692,2024-12-31 17:15:38,CUST00395,Nyambura Odhiambo,Male,36,Machakos,0759145902,M-Pesa,Send Money,N/A,Android,11135.76,62,87648.22,Completed
TXN0003223,2024-12-31 17:52:33,CUST00036,Akinyi Amollo,Female,64,Turkana,0768858742,M-Pesa,Airtime Purchase,N/A,Android,730.68,0.0,118570.69,Completed
TXN0000086,2024-12-31 20:56:44,CUST00319,Akinyi Wanjala,Female,20,Garissa,0759514168,Airtel Money,Buy Goods (Till),Supermarket,Feature Phone,17941.8,55,51920.45,Completed
TXN0002457,2024-12-31 23:44:23,CUST00328,Auma Langat,Male,22,Homa Bay,0759289392,M-Pesa,Pay Bill,DSTV/GOTV,Android,17408.69,62,64955.4,Completed
